beat_index,peak_time_s,rr_prev_s,rr_next_s,rr_baseline_s,prematurity_index,aa_ratio,morph_index,qrs_width_ms,width_index,pause_index,pvc_score,morphology_score,is_pvc_candidate
0,0.5444444444444444,,0.7277777777777777,0.7027777777777828,,0.03664902028432912,1.061860408578931,63.888888888888886,1.045454545437438,1.0355731225296367,0.0,0.9995084188624761,0
1,1.2722222222222221,0.7277777777777777,0.6944444444444444,0.7027777777777828,1.0355731225296367,0.036353894426507154,1.0533094988537113,63.888888888888886,1.045454545437438,0.9881422924901114,0.0,0.9977294093093517,0
2,1.9666666666666666,0.6944444444444444,0.711111111111111,0.7027777777777828,0.9881422924901114,0.0357092654565515,1.0346321651594292,61.111111111111114,0.9999999999836364,1.011857707509874,0.0,0.9995600413305656,0
3,2.6777777777777776,0.711111111111111,0.713888888888889,0.7027777777777828,1.011857707509874,0.035286636752928854,1.022387016873765,61.111111111111114,0.9999999999836364,1.0158102766798347,0.0,0.9997058803520984,0
4,3.3916666666666666,0.713888888888889,0.7138888888888886,0.7027777777777828,1.0158102766798347,0.0348360816756824,1.0093327361671998,61.111111111111114,0.9999999999836364,1.015810276679834,0.0,0.9992144582095155,0
5,4.105555555555555,0.7138888888888886,0.7277777777777779,0.7138888888888886,1.0,0.03625932878343854,1.0505695753412316,61.111111111111114,0.9999999999836364,1.0194552529182885,0.0,0.9995231483635654,0
6,4.833333333333333,0.7277777777777779,0.7638888888888893,0.7138888888888888,1.019455252918288,0.03608920520473574,1.0456404533240873,63.888888888888886,1.045454545437438,1.0700389105058372,0.0,0.9981818717088148,0
7,5.597222222222222,0.7638888888888893,0.7527777777777773,0.713888888888889,1.070038910505837,0.03793648471161576,1.0991631111391407,66.66666666666667,1.0909090908912398,1.0544747081712054,0.0,0.9981799188827383,0
8,6.35,0.7527777777777773,0.7333333333333334,0.7208333333333334,1.0443159922928702,0.035296570467560656,1.0226748340703993,61.111111111111114,0.9999999999836364,1.0173410404624277,0.0,0.9997840184738205,0
9,7.083333333333333,0.7333333333333334,0.7000000000000002,0.7277777777777777,1.0076335877862597,0.03648503904303581,1.057109253253956,63.888888888888886,1.045454545437438,0.9618320610687026,0.0,0.9992899536113355,0
10,7.783333333333333,0.7000000000000002,0.6916666666666664,0.7208333333333334,0.9710982658959538,0.03487085622190535,1.0103402859891042,61.111111111111114,0.9999999999836364,0.9595375722543348,0.0,0.9997328341286097,0
11,8.475,0.6916666666666664,0.6972222222222229,0.7138888888888888,0.9688715953307391,0.03534501154726672,1.0240783549364314,61.111111111111114,0.9999999999836364,0.9766536964980554,0.0,0.9988770145331924,0
12,9.172222222222222,0.6972222222222229,0.7249999999999996,0.7138888888888888,0.9766536964980554,0.03351449928072862,0.9710415073433722,61.111111111111114,0.9999999999836364,1.01556420233463,0.0,0.9985862812645416,0
13,9.897222222222222,0.7249999999999996,0.7555555555555564,0.7194444444444443,1.0077220077220075,0.036199027703147584,1.0488224255058818,61.111111111111114,0.9999999999836364,1.0501930501930516,0.0,0.9979129413261307,0
14,10.652777777777779,0.7555555555555564,0.7388888888888889,0.7263888888888888,1.0401529636711295,0.03794235088012845,1.0993330761762783,66.66666666666667,1.0909090908912398,1.0172084130019123,0.0,0.9988246254451651,0
15,11.391666666666667,0.7388888888888889,0.7472222222222218,0.7305555555555556,1.0114068441064639,0.03769145644109775,1.0920637175557084,66.66666666666667,1.0909090908912398,1.022813688212927,0.0,0.9988337406490883,0
16,12.13888888888889,0.7472222222222218,0.7361111111111107,0.7361111111111112,1.0150943396226408,0.03648973145999111,1.0572452102794572,63.888888888888886,1.045454545437438,0.9999999999999994,0.0,0.9994161120655489,0
17,12.875,0.7361111111111107,0.7361111111111107,0.734722222222222,1.0018903591682418,0.03628098910844179,1.0511971566893679,63.888888888888886,1.045454545437438,1.0018903591682418,0.0,0.9993555116753321,0
18,13.61111111111111,0.7361111111111107,0.7055555555555557,0.734722222222222,1.0018903591682418,0.03519029585051051,1.0195956573991831,63.888888888888886,1.045454545437438,0.9603024574669191,0.0,0.9994310623857012,0
19,14.316666666666666,0.7055555555555557,0.7027777777777775,0.7305555555555552,0.9657794676806091,0.03584968835765252,1.0387007464742952,61.111111111111114,0.9999999999836364,0.9619771863117872,0.0,0.999532444095564,0
20,15.019444444444444,0.7027777777777775,0.43055555555555536,0.7305555555555552,0.9619771863117872,0.033558129608313406,0.9723056425676206,58.333333333333336,0.9545454545298347,0.5893536121673004,0.0,0.9984867628186129,0
21,15.45,0.43055555555555536,1.0,0.7305555555555552,0.5893536121673004,0.03794457340168114,1.099397471012094,66.66666666666667,1.0909090908912398,1.368821292775666,0.0,0.9850658842268135,0
22,16.45,1.0,0.7555555555555564,0.7361111111111107,1.3584905660377367,0.03557626852507389,1.0307787422056116,61.111111111111114,0.9999999999836364,1.0264150943396244,0.0,0.9994756476521904,0
23,17.205555555555556,0.7555555555555564,0.7611111111111093,0.7374999999999998,1.0244821092278733,0.0369796661850594,1.0714404679780776,66.66666666666667,1.0909090908912398,1.032015065913369,0.0,0.9987966876750036,0
24,17.966666666666665,0.7611111111111093,0.7444444444444471,0.7374999999999998,1.032015065913369,0.037356287406323255,1.082352605895765,66.66666666666667,1.0909090908912398,1.0094161958568777,0.0,0.9987923514662699,0
25,18.711111111111112,0.7444444444444471,0.719444444444445,0.7402777777777789,1.005628517823642,0.035159692396777804,1.0187089598658678,61.111111111111114,0.9999999999836364,0.9718574108818003,0.0,0.9998465354644732,0
26,19.430555555555557,0.719444444444445,0.6972222222222193,0.7361111111111107,0.977358490566039,0.03346928931534055,0.9697316040513778,58.333333333333336,0.9545454545298347,0.9471698113207513,0.0,0.9984921741900931,0
27,20.127777777777776,0.6972222222222193,0.722222222222225,0.7277777777777779,0.9580152671755684,0.03486823747056925,1.0102644108813348,61.111111111111114,0.9999999999836364,0.9923664122137441,0.0,0.9991518717822505,0
28,20.85,0.722222222222225,0.7222222222222214,0.720833333333335,1.0019267822736047,0.03658170638360659,1.0599100708735916,61.111111111111114,0.9999999999836364,1.0019267822735998,0.0,0.9987397834839014,0
29,21.572222222222223,0.7222222222222214,0.43611111111111,0.7222222222222232,0.9999999999999976,0.034844910416482855,1.009588538102446,61.111111111111114,0.9999999999836364,0.6038461538461515,0.0,0.9997515644684419,0
30,22.008333333333333,0.43611111111111,1.0194444444444457,0.7222222222222232,0.6038461538461515,0.0389873126133916,1.1296095606340801,72.22222222222223,1.1818181817988431,1.4115384615384614,1.0,0.9809624348590551,1
31,23.02777777777778,1.0194444444444457,0.7583333333333329,0.7333333333333361,1.3901515151515118,0.03622993206202184,1.0497178413965793,63.888888888888886,1.045454545437438,1.0340909090909045,0.0,0.9993764920330849,0
32,23.78611111111111,0.7583333333333329,0.7388888888888872,0.7333333333333361,1.0340909090909045,0.03646954783896512,1.0566604146177179,63.888888888888886,1.045454545437438,1.0075757575757516,0.0,0.9990080565904398,0
33,24.525,0.7388888888888872,0.7333333333333343,0.7305555555555561,1.0114068441064608,0.03596859997944984,1.0421460648573482,63.888888888888886,1.045454545437438,1.0038022813688219,0.0,0.9993986379927011,0
34,25.258333333333333,0.7333333333333343,0.7111111111111121,0.7277777777777796,1.0076335877862583,0.035588894464778434,1.031144563321411,63.888888888888886,1.045454545437438,0.9770992366412203,0.0,0.9985906549587146,0
35,25.969444444444445,0.7111111111111121,0.6972222222222229,0.7222222222222232,0.9846153846153847,0.034875832723509116,1.0104844740188326,61.111111111111114,0.9999999999836364,0.965384615384615,0.0,0.998617060924547,0
36,26.666666666666668,0.6972222222222229,0.6805555555555536,0.7222222222222232,0.965384615384615,0.03491005448716257,1.011476007643836,63.888888888888886,1.045454545437438,0.9423076923076883,0.0,0.9976346375561648,0
37,27.34722222222222,0.6805555555555536,0.719444444444445,0.7222222222222232,0.9423076923076883,0.03334599243085495,0.9661592280609513,61.111111111111114,0.9999999999836364,0.9961538461538456,0.0,0.9988988291311058,0
38,28.066666666666666,0.719444444444445,0.7666666666666657,0.7208333333333332,0.9980732177263979,0.03652206410666232,1.0581820090571152,66.66666666666667,1.0909090908912398,1.0635838150289005,0.0,0.9976409122478889,0
39,28.833333333333332,0.7666666666666657,0.7333333333333343,0.7263888888888896,1.0554493307839363,0.03624021476067676,1.0500157699772152,63.888888888888886,1.045454545437438,1.009560229445507,0.0,0.9990737524808344,0
40,29.566666666666666,0.7333333333333343,0.7305555555555543,0.7333333333333343,1.0,0.03816069176354964,1.105659235453672,66.66666666666667,1.0909090908912398,0.9962121212121182,0.0,0.9977238076767458,0
41,30.29722222222222,0.7305555555555543,0.7250000000000014,0.7319444444444443,0.9981024667931674,0.03639399247653246,1.0544712906684106,66.66666666666667,1.0909090908912398,0.9905123339658466,0.0,0.9996242228126282,0
42,31.022222222222222,0.7250000000000014,0.7083333333333321,0.7277777777777779,0.996183206106872,0.03534261813000269,1.0240090086070024,61.111111111111114,0.9999999999836364,0.9732824427480898,0.0,0.9999465483620138,0
43,31.730555555555554,0.7083333333333321,0.7000000000000028,0.7222222222222232,0.9807692307692278,0.0342352175611475,0.9919234354761998,61.111111111111114,0.9999999999836364,0.9692307692307719,0.0,0.997646696167549,0
44,32.43055555555556,0.7000000000000028,0.7083333333333286,0.7152777777777786,0.978640776699032,0.03559495391438952,1.0313201284412932,58.333333333333336,0.9545454545298347,0.9902912621359146,0.0,0.9997293684147868,0
45,33.138888888888886,0.7083333333333286,0.7111111111111157,0.7138888888888886,0.9922178988326786,0.03607405542292297,1.0452015069789793,63.888888888888886,1.045454545437438,0.9961089494163493,0.0,0.9990068068683199,0
46,33.85,0.7111111111111157,0.7277777777777743,0.7152777777777803,0.9941747572815562,0.035739700975081626,1.0355139969762412,61.111111111111114,0.9999999999836364,1.0174757281553313,0.0,0.9997971663896521,0
47,34.577777777777776,0.7277777777777743,0.49444444444444713,0.7222222222222232,1.0076923076923014,0.03639793569088375,1.054585540467442,63.888888888888886,1.045454545437438,0.6846153846153874,0.0,0.9975970909859444,0
48,35.07222222222222,0.49444444444444713,1.00277777777778,0.7180555555555586,0.6885880077369447,0.038735499316699444,1.1223135792398524,66.66666666666667,1.0909090908912398,1.3965183752417767,0.0,0.9864788213312083,0
49,36.075,1.00277777777778,0.7361111111111072,0.7180555555555586,1.3965183752417767,0.037092257706104456,1.0747026691941506,63.888888888888886,1.045454545437438,1.0251450676982494,0.0,0.9983862152183014,0
50,36.81111111111111,0.7361111111111072,0.7083333333333357,0.7180555555555586,1.0251450676982494,0.036056992240556904,1.0447071221998414,63.888888888888886,1.045454545437438,0.986460348162475,0.0,0.9998770556800589,0
51,37.519444444444446,0.7083333333333357,0.68888888888889,0.7097222222222257,0.9980430528375719,0.034290288917184754,0.9935190604661458,58.333333333333336,0.9545454545298347,0.9706457925635976,0.0,0.9984546274335291,0
52,38.208333333333336,0.68888888888889,0.6944444444444429,0.7083333333333339,0.9725490196078439,0.03533192760651369,1.0236992638020423,61.111111111111114,0.9999999999836364,0.9803921568627421,0.0,0.9997050784181598,0
53,38.90277777777778,0.6944444444444429,0.68611111111111,0.7083333333333321,0.9803921568627445,0.03569373068781721,1.0341820642905002,63.888888888888886,1.045454545437438,0.9686274509803923,0.0,0.9981646349744926,0
54,39.58888888888889,0.68611111111111,0.7333333333333343,0.7083333333333321,0.9686274509803923,0.03637030466310954,1.053784965330258,63.888888888888886,1.045454545437438,1.0352941176470618,0.0,0.998026135726237,0
55,40.32222222222222,0.7333333333333343,0.75,0.7097222222222257,1.0332681017612486,0.03644974497630923,1.0560866509627096,63.888888888888886,1.045454545437438,1.0567514677103667,0.0,0.9987727564300317,0
56,41.07222222222222,0.75,0.7388888888888872,0.718055555555555,1.0444874274661518,0.03609341504550188,1.0457624282964413,61.111111111111114,0.9999999999836364,1.0290135396518358,0.0,0.9980846157954666,0
57,41.81111111111111,0.7388888888888872,0.7194444444444485,0.720833333333335,1.0250481695568354,0.039381421332285615,1.1410283773452123,66.66666666666667,1.0909090908912398,0.9980732177264003,0.0,0.9930190348286229,0
58,42.53055555555556,0.7194444444444485,0.7305555555555543,0.7263888888888914,0.9904397705544955,0.035917688128083755,1.0406709564131476,63.888888888888886,1.045454545437438,1.0057361376672989,0.0,0.9990815705432337,0
59,43.26111111111111,0.7305555555555543,0.7194444444444414,0.7250000000000014,1.0076628352490384,0.03632249363843152,1.0523996995358302,63.888888888888886,1.045454545437438,0.9923371647509518,0.0,0.9997443745604879,0
60,43.980555555555554,0.7194444444444414,0.6944444444444429,0.719444444444445,0.9999999999999951,0.03494902788057395,1.0126052139126653,61.111111111111114,0.9999999999836364,0.9652509652509623,0.0,0.9996059871548566,0
61,44.675,0.6944444444444429,0.7000000000000028,0.719444444444445,0.9652509652509623,0.0343269503631847,0.9945812808945932,61.111111111111114,0.9999999999836364,0.9729729729729761,0.0,0.9995325124848825,0
62,45.375,0.7000000000000028,0.7055555555555557,0.719444444444445,0.9729729729729761,0.03442341360607765,0.9973761850343624,61.111111111111114,0.9999999999836364,0.9806949806949802,0.0,0.9984122341562199,0
63,46.080555555555556,0.7055555555555557,0.7333333333333343,0.719444444444445,0.9806949806949802,0.03609160678024614,1.0457100360286975,61.111111111111114,0.9999999999836364,1.01930501930502,0.0,0.9992011794936417,0
64,46.81388888888889,0.7333333333333343,0.7611111111111128,0.7250000000000014,1.0114942528735626,0.035211539784327,1.0202111743234334,63.888888888888886,1.045454545437438,1.0498084291187744,0.0,0.9989320592574356,0
65,47.575,0.7611111111111128,0.7527777777777729,0.7250000000000014,1.0498084291187744,0.03655003989938719,1.0589925733358512,63.888888888888886,1.045454545437438,1.038314176245202,0.0,0.9984817957595319,0
66,48.327777777777776,0.7527777777777729,0.7250000000000014,0.7250000000000014,1.038314176245202,0.035280740097422665,1.0222161685133866,61.111111111111114,0.9999999999836364,1.0,0.0,0.9996584901813035,0
67,49.05277777777778,0.7250000000000014,0.7111111111111086,0.722222222222225,1.003846153846152,0.03567787258413948,1.0337225951881919,63.888888888888886,1.045454545437438,0.9846153846153773,0.0,0.9990783813127279,0
68,49.763888888888886,0.7111111111111086,0.7027777777777828,0.7222222222222214,0.9846153846153822,0.03511050968905095,1.017283951237624,58.333333333333336,0.9545454545298347,0.9730769230769312,0.0,0.9975398344029576,0
69,50.46666666666667,0.7027777777777828,0.7166666666666615,0.715277777777775,0.9825242718446711,0.03516171934746358,1.0187676882757044,61.111111111111114,0.9999999999836364,1.001941747572812,0.0,0.9994361038663583,0
70,51.18333333333333,0.7166666666666615,0.7111111111111157,0.713888888888885,1.0038910505836558,0.03557734662197255,1.030809978740843,61.111111111111114,0.9999999999836364,0.9961089494163542,0.0,0.9996951359304974,0
71,51.894444444444446,0.7111111111111157,0.7333333333333343,0.7138888888888886,0.9961089494163493,0.03707329093613613,1.0741531302992022,66.66666666666667,1.0909090908912398,1.0272373540856048,0.0,0.9988646758834686,0
72,52.62777777777778,0.7333333333333343,0.7388888888888872,0.7208333333333314,1.0173410404624317,0.035520494191560906,1.0291627493055875,61.111111111111114,0.9999999999836364,1.0250481695568403,0.0,0.9998661791306263,0
73,53.36666666666667,0.7388888888888872,0.75277777777778,0.7291666666666679,1.0133333333333292,0.03574893961945862,1.0357816753648246,61.111111111111114,0.9999999999836364,1.0323809523809537,0.0,0.9997304168401571,0
74,54.11944444444445,0.75277777777778,0.7305555555555543,0.7291666666666679,1.0323809523809537,0.03659420731685917,1.0602722700807796,66.66666666666667,1.0909090908912398,1.0019047619047585,0.0,0.9989912187763943,0
75,54.85,0.7305555555555543,0.7250000000000014,0.7277777777777779,1.003816793893128,0.03660390008494372,1.0605531061467557,66.66666666666667,1.0909090908912398,0.996183206106872,0.0,0.9977879202672837,0
76,55.575,0.7250000000000014,0.7055555555555557,0.7250000000000014,1.0,0.03685539119022159,1.0678397524399585,63.888888888888886,1.045454545437438,0.9731800766283508,0.0,0.9985374235771656,0
77,56.28055555555556,0.7055555555555557,0.7027777777777757,0.7208333333333314,0.9788053949903689,0.034097445609119204,0.9879316621590277,58.333333333333336,0.9545454545298347,0.9749518304431596,0.0,0.9976960869271704,0
78,56.983333333333334,0.7027777777777757,0.6944444444444429,0.7208333333333314,0.9749518304431596,0.035170237886735047,1.0190145025021453,61.111111111111114,0.9999999999836364,0.9633911368015418,0.0,0.9997810115811557,0
79,57.67777777777778,0.6944444444444429,0.7388888888888872,0.7208333333333314,0.9633911368015418,0.03358121885271459,0.9729746251025809,58.333333333333336,0.9545454545298347,1.0250481695568403,0.0,0.9975817379009273,0
80,58.416666666666664,0.7388888888888872,0.4777777777777814,0.7277777777777779,1.0152671755725167,0.0370341574223183,1.073019284738002,66.66666666666667,1.0909090908912398,0.6564885496183255,0.0,0.9993494053488723,0
81,58.894444444444446,0.4777777777777814,1.0361111111111114,0.7277777777777779,0.6564885496183255,0.03864724201667305,1.1197564322291267,66.66666666666667,1.0909090908912398,1.423664122137405,0.0,0.9826512539161545,0
82,59.93055555555556,1.0361111111111114,0.7277777777777743,0.7277777777777779,1.423664122137405,0.036491917937488634,1.0573085607829864,63.888888888888886,1.045454545437438,0.9999999999999951,0.0,0.9971085529134494,0
83,60.65833333333333,0.7277777777777743,0.7305555555555543,0.7263888888888879,1.001912045889098,0.033703801799866,0.9765263156344739,58.333333333333336,0.9545454545298347,1.0057361376673037,0.0,0.9901608370827475,0
84,61.388888888888886,0.7305555555555543,0.6972222222222229,0.7263888888888879,1.0057361376673037,0.03763788830942055,1.090511646647721,66.66666666666667,1.0909090908912398,0.9598470363288741,0.0,0.9980119033986705,0
85,62.08611111111111,0.6972222222222229,0.7000000000000028,0.7152777777777786,0.9747572815533979,0.03674071028187361,1.0645170137896525,69.44444444444444,1.1363636363450413,0.978640776699032,0.0,0.9970251343061671,0
86,62.78611111111111,0.7000000000000028,0.7111111111111086,0.7041666666666657,0.9940828402366918,0.034610664183455035,1.0028015408299062,61.111111111111114,0.9999999999836364,1.0098619329388538,0.0,0.9985696970556104,0
87,63.49722222222222,0.7111111111111086,0.7083333333333286,0.7069444444444422,1.0058939096267188,0.0386497813192892,1.1198300054076884,66.66666666666667,1.0909090908912398,1.0019646365422363,0.0,0.9964019038913544,0
88,64.20555555555555,0.7083333333333286,0.7250000000000085,0.7097222222222186,0.9980430528375718,0.03696598381649069,1.0710440381317683,63.888888888888886,1.045454545437438,1.02152641878671,0.0,0.9986812810876218,0
89,64.93055555555556,0.7250000000000085,0.7361111111111143,0.7180555555555586,1.0096711798839535,0.036848979600455724,1.0676539844910309,66.66666666666667,1.0909090908912398,1.0251450676982592,0.0,0.9993481243935645,0
90,65.66666666666667,0.7361111111111143,0.7666666666666657,0.7180555555555586,1.0251450676982592,0.03730179815865276,1.0807738467817245,66.66666666666667,1.0909090908912398,1.0676982591876152,0.0,0.9982310320819099,0
91,66.43333333333334,0.7666666666666657,0.7333333333333343,0.7263888888888914,1.0554493307839339,0.03781811130480283,1.095733386875079,69.44444444444444,1.1363636363450413,1.0095602294455044,0.0,0.9981367499834827,0
92,67.16666666666667,0.7333333333333343,0.6916666666666629,0.7263888888888914,1.0095602294455044,0.03668444183179071,1.062886704468105,63.888888888888886,1.045454545437438,0.952198852772458,0.0,0.9995235127803022,0
93,67.85833333333333,0.6916666666666629,0.6861111111111171,0.7180555555555586,0.9632495164409965,0.034040619878884903,0.9862852063286602,58.333333333333336,0.9545454545298347,0.9555125725338535,0.0,0.998239764468992,0
94,68.54444444444445,0.6861111111111171,0.4638888888888886,0.7097222222222186,0.9667318982387609,0.03496857523439687,1.013171574512649,63.888888888888886,1.045454545437438,0.6536203522504921,0.0,0.9985675904834207,0
95,69.00833333333334,0.4638888888888886,0.9666666666666544,0.7097222222222186,0.6536203522504921,0.03750587235579716,1.086686646323949,61.111111111111114,0.9999999999836364,1.3620352250489134,0.0,0.9879273966069402,0
96,69.975,0.9666666666666544,0.75277777777778,0.7180555555555586,1.3462282398452383,0.03660383809903605,1.0605513101811135,66.66666666666667,1.0909090908912398,1.048355899419728,0.0,0.9987340812761518,0
97,70.72777777777777,0.75277777777778,0.75,0.7291666666666714,1.0323809523809486,0.03839405840834031,1.1124207477359547,69.44444444444444,1.1363636363450413,1.0285714285714218,0.0,0.9976556092727138,0
98,71.47777777777777,0.75,0.7361111111111143,0.7347222222222243,1.0207939508506587,0.03630490847988652,1.0518901911371705,63.888888888888886,1.045454545437438,1.0018903591682435,0.0,0.9992350038436797,0
99,72.21388888888889,0.7361111111111143,0.7111111111111086,0.7361111111111143,1.0,0.03709064051014965,1.0746558129250334,63.888888888888886,1.045454545437438,0.9660377358490491,0.0,0.999383221581713,0
100,72.925,0.7111111111111086,0.7305555555555543,0.7347222222222243,0.9678638941398804,0.03657001475557673,1.0595713202925277,63.888888888888886,1.045454545437438,0.9943289224952696,0.0,0.9988826618059699,0
101,73.65555555555555,0.7305555555555543,0.7083333333333428,0.7319444444444443,0.9981024667931674,0.03658063373331663,1.0598789921471667,63.888888888888886,1.045454545437438,0.9677419354838841,0.0,0.9993627793630475,0
102,74.3638888888889,0.7083333333333428,0.6888888888888829,0.7208333333333314,0.982658959537588,0.03497359160578168,1.0133169177203782,61.111111111111114,0.9999999999836364,0.9556840077071233,0.0,0.9982235549323418,0
103,75.05277777777778,0.6888888888888829,0.7027777777777828,0.7208333333333314,0.9556840077071233,0.03564844651892975,1.0328700110431297,61.111111111111114,0.9999999999836364,0.9749518304431695,0.0,0.9971053658389152,0
104,75.75555555555556,0.7027777777777828,0.7138888888888886,0.7208333333333314,0.9749518304431695,0.03622847044767808,1.049675492913804,63.888888888888886,1.045454545437438,0.9903660886319867,0.0,0.9994739868875867,0
105,76.46944444444445,0.7138888888888886,0.7361111111111001,0.7222222222222214,0.9884615384615391,0.035760364969493794,1.0361127108676125,63.888888888888886,1.045454545437438,1.019230769230755,0.0,0.9996067031974787,0
106,77.20555555555555,0.7361111111111001,0.75277777777778,0.7222222222222214,1.019230769230755,0.03578970326564773,1.0369627520119415,63.888888888888886,1.045454545437438,1.0423076923076966,0.0,0.999137122302894,0
107,77.95833333333333,0.75277777777778,0.74722222222222,0.7222222222222214,1.0423076923076966,0.03630564606197626,1.0519115616734929,63.888888888888886,1.045454545437438,1.0346153846153827,0.0,0.9995360011053873,0
108,78.70555555555555,0.74722222222222,0.7083333333333428,0.7222222222222214,1.0346153846153827,0.036188689572891175,1.0485228908625859,63.888888888888886,1.045454545437438,0.9807692307692449,0.0,0.9992814210957213,0
109,79.41388888888889,0.7083333333333428,0.6833333333333371,0.7124999999999986,0.994152046783641,0.03687015214387288,1.068267432966029,63.888888888888886,1.045454545437438,0.9590643274853874,0.0,0.9991061552547921,0
110,80.09722222222223,0.6833333333333371,0.7055555555555486,0.7111111111111157,0.9609374999999991,0.03640360477360617,1.0547497951855545,63.888888888888886,1.045454545437438,0.9921874999999838,0.0,0.9993018794887958,0
111,80.80277777777778,0.7055555555555486,0.7194444444444485,0.7083333333333428,0.9960784313725259,0.03647800708053559,1.056905510766008,63.888888888888886,1.045454545437438,1.015686274509796,0.0,0.9983545315693023,0
112,81.52222222222223,0.7194444444444485,0.7111111111111086,0.7111111111111157,1.0117187499999993,0.036564363641731046,1.0594075862005778,66.66666666666667,1.0909090908912398,0.99999999999999,0.0,0.9992464653454731,0
113,82.23333333333333,0.7111111111111086,0.7361111111111143,0.7124999999999986,0.998050682261207,0.03838682078470675,1.1122110464689348,69.44444444444444,1.1363636363450413,1.0331384015594607,0.0,0.9968547595788477,0
114,82.96944444444445,0.7361111111111143,0.74166666666666,0.7166666666666686,1.027131782945738,0.037538054495613885,1.0876190843501123,66.66666666666667,1.0909090908912398,1.0348837209302206,0.0,0.9986470936908978,0
115,83.71111111111111,0.74166666666666,0.7361111111111143,0.7277777777777743,1.0190839694656446,0.037303895253499295,1.0808346075325792,66.66666666666667,1.0909090908912398,1.0114503816793985,0.0,0.9975935647270204,0
116,84.44722222222222,0.7361111111111143,0.7222222222222285,0.7277777777777814,1.0114503816793885,0.036377258324563476,1.0539864391414353,61.111111111111114,0.9999999999836364,0.9923664122137442,0.0,0.9977813026826552,0
117,85.16944444444445,0.7222222222222285,0.7083333333333286,0.7208333333333385,1.0019267822736047,0.03532937160643867,1.023625206835091,63.888888888888886,1.045454545437438,0.9826589595375586,0.0,0.9981829306175272,0
118,85.87777777777778,0.7083333333333286,0.6916666666666629,0.7152777777777786,0.9902912621359146,0.032834629625940644,0.9513431180327508,55.55555555555556,0.9090909090760331,0.9669902912621295,0.0,0.9955957701058078,0
119,86.56944444444444,0.6916666666666629,0.6944444444444429,0.7152777777777786,0.9669902912621295,0.03429376083916336,0.9936196551467719,61.111111111111114,0.9999999999836364,0.9708737864077637,0.0,0.9956341030348757,0
120,87.26388888888889,0.6944444444444429,0.7027777777777828,0.7152777777777786,0.9708737864077637,0.03671684242290031,1.063825471852524,63.888888888888886,1.045454545437438,0.9825242718446662,0.0,0.9978295167792176,0
121,87.96666666666667,0.7027777777777828,0.73888888888888,0.7152777777777786,0.9825242718446662,0.035362901944986265,1.0245967072657634,61.111111111111114,0.9999999999836364,1.0330097087378505,0.0,0.9996258212523987,0
122,88.70555555555555,0.73888888888888,0.75833333333334,0.7166666666666686,1.0310077519379695,0.038127965410785725,1.104711029524903,69.44444444444444,1.1363636363450413,1.0581395348837275,0.0,0.9970619388749724,0
123,89.46388888888889,0.75833333333334,0.74722222222222,0.7291666666666714,1.0400000000000023,0.03830036464089131,1.1097060857501,66.66666666666667,1.0909090908912398,1.024761904761895,0.0,0.9975420431852993,0
124,90.21111111111111,0.74722222222222,0.7166666666666686,0.7291666666666714,1.024761904761895,0.03571588647893421,1.034824001161537,63.888888888888886,1.045454545437438,0.9828571428571391,0.0,0.9987677963229593,0
125,90.92777777777778,0.7166666666666686,0.6972222222222229,0.7194444444444485,0.996138996138993,0.036662367057863014,1.0622471149707513,63.888888888888886,1.045454545437438,0.9691119691119645,0.0,0.9982513485718181,0
126,91.625,0.6972222222222229,0.6916666666666629,0.7124999999999986,0.9785575048732972,0.03465020407797726,1.0039471607735446,61.111111111111114,0.9999999999836364,0.9707602339181253,0.0,0.9997443483083109,0
127,92.31666666666666,0.6916666666666629,0.7111111111111086,0.7055555555555557,0.9803149606299156,0.03513530369703798,1.0180023272063992,61.111111111111114,0.9999999999836364,1.0078740157480277,0.0,0.9983383654485731,0
128,93.02777777777777,0.7111111111111086,0.7166666666666686,0.7069444444444457,1.0058939096267137,0.03497490519395863,1.0133549773265411,61.111111111111114,0.9999999999836364,1.0137524557956787,0.0,0.9985705128928204,0
129,93.74444444444444,0.7166666666666686,0.7277777777777885,0.7138888888888886,1.0038910505836607,0.034680722680910214,1.0048313998590164,63.888888888888886,1.045454545437438,1.0194552529183034,0.0,0.9985685473691079,0
130,94.47222222222223,0.7277777777777885,0.7305555555555543,0.7166666666666686,1.0155038759690045,0.03649634489076225,1.0574368263239315,63.888888888888886,1.045454545437438,1.019379844961236,0.0,0.999099793871276,0
131,95.20277777777778,0.7305555555555543,0.74722222222222,0.7222222222222285,1.0115384615384508,0.03764954943111215,1.090849513345053,63.888888888888886,1.045454545437438,1.0346153846153725,0.0,0.9982361362025922,0
132,95.95,0.74722222222222,0.7666666666666657,0.7222222222222285,1.0346153846153725,0.03715001186137236,1.0763760250010486,66.66666666666667,1.0909090908912398,1.0615384615384509,0.0,0.9989729756848231,0
133,96.71666666666667,0.7666666666666657,0.7138888888888886,0.7222222222222285,1.0615384615384509,0.03668217692385572,1.0628210815388537,63.888888888888886,1.045454545437438,0.9884615384615294,0.0,0.9988778026352317,0
134,97.43055555555556,0.7138888888888886,0.6833333333333371,0.7166666666666686,0.9961240310077488,0.03769313138731556,1.092112247067859,63.888888888888886,1.045454545437438,0.9534883720930261,0.0,0.9987975484605096,0
135,98.1138888888889,0.6833333333333371,0.6944444444444429,0.7152777777777786,0.9553398058252469,0.03445307227913884,0.9982355087066006,58.333333333333336,0.9545454545298347,0.9708737864077637,0.0,0.9979896904705193,0
136,98.80833333333334,0.6944444444444429,0.7194444444444343,0.7152777777777786,0.9708737864077637,0.034515225581580634,1.0000363244068118,61.111111111111114,0.9999999999836364,1.0058252427184313,0.0,0.9980159655740857,0
137,99.52777777777777,0.7194444444444343,0.7305555555555685,0.7180555555555515,1.0019342359767809,0.03364948019613758,0.9749524137980206,58.333333333333336,0.9545454545298347,1.0174081237911263,0.0,0.9986356435535715,0
138,100.25833333333334,0.7305555555555685,0.7555555555555458,0.7236111111111114,1.009596928982743,0.036907957213495074,1.0693627884861476,66.66666666666667,1.0909090908912398,1.0441458733205236,0.0,0.9990184113841742,0
139,101.01388888888889,0.7555555555555458,0.7416666666666742,0.7291666666666714,1.0361904761904561,0.03814925610303447,1.1053279012173733,69.44444444444444,1.1363636363450413,1.017142857142861,0.0,0.996059650929186,0
140,101.75555555555556,0.7416666666666742,0.44999999999998863,0.7305555555555614,1.0152091254752875,0.037642138983018526,1.0906348047012913,63.888888888888886,1.045454545437438,0.6159695817490289,0.0,0.9985852411339712,0
141,102.20555555555555,0.44999999999998863,0.9916666666666742,0.7250000000000014,0.6206896551723969,0.03820133792116866,1.1068369080135838,69.44444444444444,1.1363636363450413,1.3678160919540308,0.0,0.9817717260511734,0
142,103.19722222222222,0.9916666666666742,0.7249999999999943,0.7250000000000014,1.3678160919540308,0.03584062619789225,1.038438181511003,63.888888888888886,1.045454545437438,0.9999999999999902,0.0,0.9987516694606573,0
143,103.92222222222222,0.7249999999999943,0.7027777777777828,0.7222222222222143,1.003846153846157,0.03886470474877434,1.1260571481491783,66.66666666666667,1.0909090908912398,0.9730769230769407,0.0,0.9973725658085462,0
144,104.625,0.7027777777777828,0.6916666666666629,0.7222222222222143,0.9730769230769407,0.03524581015212584,1.0212041161939311,61.111111111111114,0.9999999999836364,0.957692307692313,0.0,0.9986839307608224,0
145,105.31666666666666,0.6916666666666629,0.6972222222222229,0.7222222222222143,0.957692307692313,0.0332524670440771,0.963449444698505,55.55555555555556,0.9090909090760331,0.9653846153846268,0.0,0.9982033987161107,0
146,106.01388888888889,0.6972222222222229,0.7333333333333343,0.7222222222222143,0.9653846153846268,0.03485492432845229,1.0098786789185672,61.111111111111114,0.9999999999836364,1.0153846153846278,0.0,0.9985339260062762,0
147,106.74722222222222,0.7333333333333343,0.7277777777777743,0.7277777777777814,1.007633587786256,0.03588229704284325,1.0396455431294642,63.888888888888886,1.045454545437438,0.9999999999999902,0.0,0.9989016632480547,0
148,107.475,0.7277777777777743,0.7416666666666742,0.7263888888888843,1.0019120458891029,0.036450085448520554,1.0560965157274051,66.66666666666667,1.0909090908912398,1.0210325047801316,0.0,0.9976364117780858,0
149,108.21666666666667,0.7416666666666742,0.74166666666666,0.7263888888888843,1.0210325047801316,0.03595807993034486,1.041841259338559,63.888888888888886,1.045454545437438,1.021032504780112,0.0,0.9976163587700337,0
150,108.95833333333333,0.74166666666666,0.7000000000000028,0.7263888888888843,1.021032504780112,0.03680460934218842,1.066368410682865,63.888888888888886,1.045454545437438,0.9636711281070846,0.0,0.9995027428045589,0
151,109.65833333333333,0.7000000000000028,0.6749999999999972,0.7263888888888843,0.9636711281070846,0.034516393897820005,1.0000701749367757,61.111111111111114,0.9999999999836364,0.9292543021032524,0.0,0.9983167741467545,0
152,110.33333333333333,0.6749999999999972,0.7083333333333428,0.7138888888888886,0.9455252918287902,0.03475239026526578,1.0069078802073383,61.111111111111114,0.9999999999836364,0.9922178988326985,0.0,0.9986270587926115,0
153,111.04166666666667,0.7083333333333428,0.7111111111111086,0.7055555555555628,1.0039370078740188,0.035932143525653944,1.0410897838265671,63.888888888888886,1.045454545437438,1.0078740157480175,0.0,0.999321862908876,0
154,111.75277777777778,0.7111111111111086,0.7138888888888886,0.7097222222222257,1.0019569471624181,0.03506139038424305,1.0158607796311858,61.111111111111114,0.9999999999836364,1.0058708414872746,0.0,0.998942713868268,0
155,112.46666666666667,0.7138888888888886,0.7111111111111086,0.7124999999999986,1.001949317738793,0.03636636612479768,1.0536708510137338,63.888888888888886,1.045454545437438,0.998050682261207,0.0,0.9984829491773575,0
156,113.17777777777778,0.7111111111111086,0.7361111111111143,0.7124999999999986,0.998050682261207,0.035899796107072474,1.0401525570509287,66.66666666666667,1.0909090908912398,1.0331384015594607,0.0,0.9981539777756089,0
157,113.91388888888889,0.7361111111111143,0.7277777777777743,0.7124999999999986,1.0331384015594607,0.03614902063397921,1.0473735320160422,63.888888888888886,1.045454545437438,1.0214424951267027,0.0,0.9987449652217285,0
158,114.64166666666667,0.7277777777777743,0.7083333333333286,0.7124999999999986,1.0214424951267027,0.03526133955637863,1.021654061633589,61.111111111111114,0.9999999999836364,0.994152046783621,0.0,0.9988892755129385,0
159,115.35,0.7083333333333286,0.7083333333333428,0.7111111111111086,0.9960937499999969,0.03668407717668795,1.062876139033793,63.888888888888886,1.045454545437438,0.9960937500000169,0.0,0.996975192628463,0
160,116.05833333333334,0.7083333333333428,0.6805555555555571,0.7097222222222257,0.9980430528375819,0.03306858655763107,0.9581217331539004,61.111111111111114,0.9999999999836364,0.9589041095890386,0.0,0.9986299861636228,0
161,116.7388888888889,0.6805555555555571,0.6861111111111029,0.7097222222222257,0.9589041095890386,0.033906106951213634,0.9823878592446718,58.333333333333336,0.9545454545298347,0.9667318982387313,0.0,0.9973703805353415,0
162,117.425,0.6861111111111029,0.6944444444444429,0.7097222222222257,0.9667318982387313,0.03435187151126768,0.9953033405916969,61.111111111111114,0.9999999999836364,0.9784735812133002,0.0,0.9968539825746754,0
163,118.11944444444444,0.6944444444444429,0.74722222222222,0.7097222222222257,0.9784735812133002,0.03506610535836251,1.0159973902228494,63.888888888888886,1.045454545437438,1.0528375733855104,0.0,0.9984943574877838,0
164,118.86666666666666,0.74722222222222,0.7361111111111143,0.7097222222222257,1.0528375733855104,0.035338820869866595,1.0238989876523272,63.888888888888886,1.045454545437438,1.037181996086105,0.0,0.999000000551711,0
165,119.60277777777777,0.7361111111111143,0.7333333333333343,0.7097222222222257,1.037181996086105,0.0360306843593695,1.0439448836120218,63.888888888888886,1.045454545437438,1.0332681017612486,0.0,0.9993455442578757,0
166,120.33611111111111,0.7333333333333343,0.7000000000000028,0.7180555555555586,1.0212765957446779,0.034558395138200484,1.0012871093575386,61.111111111111114,0.9999999999836364,0.9748549323017407,0.0,0.9968292089080112,0
167,121.03611111111111,0.7000000000000028,0.6833333333333371,0.7083333333333357,0.9882352941176478,0.0351856389903646,1.0194607305886199,61.111111111111114,0.9999999999836364,0.9647058823529433,0.0,0.9997823673644551,0
168,121.71944444444445,0.6833333333333371,0.6722222222222172,0.7041666666666657,0.9704142011834387,0.035736211945595654,1.0354129066265736,63.888888888888886,1.045454545437438,0.9546351084812564,0.0,0.9988140283424289,0
169,122.39166666666667,0.6722222222222172,0.6972222222222229,0.6972222222222229,0.9641434262948126,0.03447964455508274,0.9990054078081798,61.111111111111114,0.9999999999836364,1.0,0.0,0.9984031961141626,0
170,123.08888888888889,0.6972222222222229,0.7083333333333286,0.6958333333333329,1.0019960079840335,0.03539712526888692,1.0255882860970156,63.888888888888886,1.045454545437438,1.0179640718562812,0.0,0.9972315747406844,0
171,123.79722222222222,0.7083333333333286,0.6888888888888971,0.6986111111111128,1.0139165009940265,0.03479405233470587,1.008114987566135,58.333333333333336,0.9545454545298347,0.9860834990059735,0.0,0.9988586568637695,0
172,124.48611111111111,0.6888888888888971,0.7222222222222143,0.6986111111111128,0.9860834990059735,0.0360522063584516,1.0445684571362648,66.66666666666667,1.0909090908912398,1.0337972166997873,0.0,0.9974160013895228,0
173,125.20833333333333,0.7222222222222143,0.7305555555555543,0.7041666666666657,1.0256410256410158,0.036155907746089136,1.047573077641607,63.888888888888886,1.045454545437438,1.0374753451676524,0.0,0.9992113516546182,0
174,125.93888888888888,0.7305555555555543,0.75,0.7041666666666657,1.0374753451676524,0.03554593399394757,1.0298998363749525,63.888888888888886,1.045454545437438,1.0650887573964511,0.0,0.9984301867085477,0
175,126.68888888888888,0.75,0.4333333333333371,0.7041666666666657,1.0650887573964511,0.035985706462805654,1.0426417042295506,66.66666666666667,1.0909090908912398,0.6153846153846216,0.0,0.9994482409974002,0
176,127.12222222222222,0.4333333333333371,0.9388888888888829,0.6986111111111128,0.6202783300198846,0.03755581878161714,1.0881337827471549,63.888888888888886,1.045454545437438,1.3439363817097296,0.0,0.9848346446156282,0
177,128.0611111111111,0.9388888888888829,0.6777777777777771,0.7027777777777757,1.3359683794466357,0.03349594634030616,0.9705039586519068,58.333333333333336,0.9545454545298347,0.9644268774703576,0.0,0.994115473995819,0
178,128.73888888888888,0.6777777777777771,0.6888888888888971,0.7027777777777757,0.9644268774703576,0.03424280185965939,0.9921431812225837,61.111111111111114,0.9999999999836364,0.9802371541502122,0.0,0.998285996048019,0
179,129.42777777777778,0.6888888888888971,0.6944444444444571,0.7027777777777757,0.9802371541502122,0.03496937853686214,1.013194849216239,61.111111111111114,0.9999999999836364,0.9881422924901394,0.0,0.9984615121787548,0
180,130.12222222222223,0.6944444444444571,0.7277777777777601,0.7013888888888928,0.9900990099010025,0.03720456756903116,1.07795670971173,69.44444444444444,1.1363636363450413,1.0376237623762066,0.0,0.9981460911502787,0
181,130.85,0.7277777777777601,0.7361111111111143,0.7083333333333357,1.0274509803921286,0.03644149435889731,1.0558475994435126,66.66666666666667,1.0909090908912398,1.0392156862745108,0.0,0.999146947042681,0
182,131.5861111111111,0.7361111111111143,0.7305555555555543,0.7249999999999872,1.0153256704981066,0.03641272050160216,1.0550139122227689,63.888888888888886,1.045454545437438,1.0076628352490582,0.0,0.9998026854707134,0
183,132.31666666666666,0.7305555555555543,0.7055555555555486,0.7291666666666572,1.0019047619047732,0.03545854313407949,1.0273677934050272,61.111111111111114,0.9999999999836364,0.9676190476190507,0.0,0.9996152597135416,0
184,133.0222222222222,0.7055555555555486,0.700000000000017,0.7166666666666544,0.9844961240310149,0.03514816590522649,1.0183749939117113,61.111111111111114,0.9999999999836364,0.9767441860465522,0.0,0.999205148753154,0
185,133.72222222222223,0.700000000000017,0.7027777777777828,0.7027777777777828,0.9960474308300566,0.035257171039272395,1.0215332839635922,63.888888888888886,1.045454545437438,1.0,0.0,0.9989865863727138,0
186,134.425,0.7027777777777828,0.6916666666666629,0.7041666666666657,0.9980276134122373,0.035022214650138446,1.014725710788964,58.333333333333336,0.9545454545298347,0.9822485207100551,0.0,0.999040707235205,0
187,135.11666666666667,0.6916666666666629,0.6833333333333371,0.7013888888888999,0.9861386138613651,0.03545978753434039,1.0274038483761894,61.111111111111114,0.9999999999836364,0.9742574257425644,0.0,0.9995079164601457,0
188,135.8,0.6833333333333371,0.7111111111111086,0.7013888888888999,0.9742574257425644,0.03419956466315112,0.9908904364890577,61.111111111111114,0.9999999999836364,1.0138613861385943,0.0,0.9993073300203892,0
189,136.51111111111112,0.7111111111111086,0.73888888888888,0.7041666666666657,1.0098619329388538,0.03676435439077029,1.0652020728427658,66.66666666666667,1.0909090908912398,1.049309664694269,0.0,0.9989287963865692,0
190,137.25,0.73888888888888,0.74444444444444,0.7083333333333286,1.0431372549019553,0.03585354889222981,1.038812600728291,61.111111111111114,0.9999999999836364,1.0509803921568635,0.0,0.9997470506911199,0
191,137.99444444444444,0.74444444444444,0.7333333333333485,0.7083333333333286,1.0509803921568635,0.03633613781927234,1.0527950229395653,63.888888888888886,1.045454545437438,1.0352941176470871,0.0,0.999613632289496,0
192,138.7277777777778,0.7333333333333485,0.7111111111111086,0.7083333333333286,1.0352941176470871,0.0375001994946364,1.0865222821302205,66.66666666666667,1.0909090908912398,1.003921568627454,0.0,0.998259317646164,0
193,139.4388888888889,0.7111111111111086,0.6944444444444287,0.7083333333333286,1.003921568627454,0.03533604881712269,1.023818670824308,61.111111111111114,0.9999999999836364,0.9803921568627294,0.0,0.9985384634105322,0
194,140.13333333333333,0.6944444444444287,0.6750000000000114,0.7069444444444457,0.9823182711198187,0.034125024841761574,0.988730736595799,58.333333333333336,0.9545454545298347,0.9548133595285017,0.0,0.9989258200744288,0
195,140.80833333333334,0.6750000000000114,0.7166666666666686,0.7069444444444457,0.9548133595285017,0.03505560834983792,1.0156932522766149,61.111111111111114,0.9999999999836364,1.0137524557956787,0.0,0.9997574327731409,0
196,141.525,0.7166666666666686,0.7166666666666686,0.7111111111111086,1.0078125000000062,0.03706482744399997,1.0739079109959853,63.888888888888886,1.045454545437438,1.0078125000000062,0.0,0.9986113675010106,0
197,142.24166666666667,0.7166666666666686,0.7361111111111143,0.7138888888888886,1.0038910505836607,0.03610600747688589,1.0461272785497546,66.66666666666667,1.0909090908912398,1.0311284046692655,0.0,0.999618205939224,0
198,142.9777777777778,0.7361111111111143,0.7305555555555543,0.7166666666666686,1.027131782945738,0.03467480693891005,1.0046599984908868,61.111111111111114,0.9999999999836364,1.019379844961236,0.0,0.9987190323913945,0
199,143.70833333333334,0.7305555555555543,0.73888888888888,0.7236111111111114,1.0095969289827234,0.03498751379692134,1.013720296131511,63.888888888888886,1.045454545437438,1.0211132437619834,0.0,0.9992240097289347,0
200,144.44722222222222,0.73888888888888,0.7083333333333428,0.7236111111111114,1.0211132437619834,0.036152773916120005,1.0474822787622475,66.66666666666667,1.0909090908912398,0.9788867562380165,0.0,0.9996590147417939,0
201,145.15555555555557,0.7083333333333428,0.7111111111111086,0.7166666666666686,0.9883720930232665,0.03542565407756417,1.0264148733346354,61.111111111111114,0.9999999999836364,0.9922480620154978,0.0,0.9994717816950034,0
202,145.86666666666667,0.7111111111111086,0.7138888888888744,0.7138888888888886,0.9961089494163393,0.0355052625559959,1.0287214313484114,63.888888888888886,1.045454545437438,0.9999999999999801,0.0,0.9991575653478993,0
203,146.58055555555555,0.7138888888888744,0.6972222222222229,0.7152777777777715,0.9980582524271729,0.035133417404216306,1.0179476741856421,61.111111111111114,0.9999999999836364,0.9747572815534076,0.0,0.9989856746073149,0
204,147.27777777777777,0.6972222222222229,0.6972222222222229,0.7152777777777715,0.9747572815534076,0.035277045979048564,1.02210913596475,58.333333333333336,0.9545454545298347,0.9747572815534076,0.0,0.9997025437345052,0
205,147.975,0.6972222222222229,0.7388888888889085,0.7152777777777715,0.9747572815534076,0.03591972580540653,1.0407299956141338,63.888888888888886,1.045454545437438,1.0330097087379007,0.0,0.9996269019681144,0
206,148.7138888888889,0.7388888888889085,0.7694444444444173,0.7152777777777715,1.0330097087379007,0.037362484790855764,1.082532167510803,69.44444444444444,1.1363636363450413,1.0757281553397773,0.0,0.9981677538106362,0
207,149.48333333333332,0.7694444444444173,0.7333333333333485,0.7222222222222143,1.0653846153845894,0.03590633977046561,1.0403421516712033,63.888888888888886,1.045454545437438,1.0153846153846475,0.0,0.9998144128492109,0
208,150.21666666666667,0.7333333333333485,0.7055555555555486,0.7222222222222143,1.0153846153846475,0.03653795840673132,1.0586425269054616,66.66666666666667,1.0909090908912398,0.976923076923078,0.0,0.9988774852735376,0
209,150.92222222222222,0.7055555555555486,0.7083333333333428,0.7124999999999915,0.9902534113060449,0.035983953175481045,1.042590904879925,63.888888888888886,1.045454545437438,0.9941520467836509,0.0,0.9988976905759543,0
210,151.63055555555556,0.7083333333333428,0.6944444444444287,0.7097222222222257,0.9980430528375819,0.0354213251262243,1.0262894472795099,63.888888888888886,1.045454545437438,0.9784735812132802,0.0,0.9990784962531798,0
211,152.325,0.6944444444444287,0.7027777777777828,0.7097222222222257,0.9784735812132802,0.03404344907159064,0.9863671787169848,58.333333333333336,0.9545454545298347,0.9902152641878692,0.0,0.9978498324505485,0
212,153.02777777777777,0.7027777777777828,0.7166666666666686,0.7069444444444457,0.9941060903732863,0.034364689640881844,0.9956747301743847,61.111111111111114,0.9999999999836364,1.0137524557956787,0.0,0.9990556462759359,0
213,153.74444444444444,0.7166666666666686,0.7194444444444628,0.7069444444444457,1.0137524557956787,0.03638303025152891,1.0541536736453392,63.888888888888886,1.045454545437438,1.0176817288801812,0.0,0.9989435761356363,0
214,154.4638888888889,0.7194444444444628,0.7361111111110858,0.7125000000000057,1.0097465886939747,0.03623155271673756,1.0497647978790514,63.888888888888886,1.045454545437438,1.0331384015594105,0.0,0.9996836533598159,0
215,155.2,0.7361111111110858,0.7416666666666742,0.7180555555555657,1.0251450676982097,0.03619743994937793,1.0487764222879652,63.888888888888886,1.045454545437438,1.0328820116054118,0.0,0.9993464148084905,0
216,155.94166666666666,0.7416666666666742,0.76111111111112,0.7180555555555657,1.0328820116054118,0.03651035480198553,1.057842746316889,66.66666666666667,1.0909090908912398,1.0599613152804617,0.0,0.9994499183352656,0
217,156.70277777777778,0.76111111111112,0.7055555555555486,0.7180555555555657,1.0599613152804617,0.03668079525262644,1.0627810493097611,63.888888888888886,1.045454545437438,0.982591876208874,0.0,0.9987082479200982,0
218,157.40833333333333,0.7055555555555486,0.6972222222222229,0.7125000000000057,0.9902534113060253,0.03466157507241977,1.0042766213897085,61.111111111111114,0.9999999999836364,0.9785575048732874,0.0,0.9991210898169358,0
219,158.10555555555555,0.6972222222222229,0.6861111111111029,0.7125000000000057,0.9785575048732874,0.03521553845878536,1.020327031011039,58.333333333333336,0.9545454545298347,0.9629629629629437,0.0,0.9978599566142086,0
220,158.79166666666666,0.6861111111111029,0.4166666666666856,0.7111111111111086,0.9648437499999919,0.03551428458569715,1.0289828335924676,58.333333333333336,0.9545454545298347,0.5859375000000288,0.0,0.9983103885685234,0
221,159.20833333333334,0.4166666666666856,0.9749999999999943,0.7111111111111086,0.5859375000000288,0.03828312731002285,1.109206655231718,69.44444444444444,1.1363636363450413,1.371093749999997,0.0,0.9858263006680794,0
222,160.18333333333334,0.9749999999999943,0.76111111111112,0.7180555555555657,1.3578336557059691,0.035557729111589845,1.0302415854405944,63.888888888888886,1.045454545437438,1.0599613152804617,0.0,0.9996943705450939,0
223,160.94444444444446,0.76111111111112,0.7472222222222058,0.7277777777777743,1.0458015267175744,0.0366532041420781,1.0619816307252339,63.888888888888886,1.045454545437438,1.0267175572518907,0.0,0.9983741428890593,0
224,161.69166666666666,0.7472222222222058,0.7305555555555543,0.73888888888888,1.0112781954887118,0.0342705039690763,0.9929458158631751,61.111111111111114,0.9999999999836364,0.9887218045112883,0.0,0.999314045918549,0
225,162.42222222222222,0.7305555555555543,0.7138888888889028,0.7361111111111143,0.9924528301886733,0.036745224818513486,1.0646478169512041,66.66666666666667,1.0909090908912398,0.9698113207547316,0.0,0.9994284223132157,0
226,163.13611111111112,0.7138888888889028,0.7083333333333144,0.7222222222222285,0.988461538461549,0.03554265472550314,1.029804823594168,61.111111111111114,0.9999999999836364,0.980769230769196,0.0,0.9991637880998177,0
227,163.84444444444443,0.7083333333333144,0.7083333333333428,0.7111111111111086,0.9960937499999769,0.03522307344034804,1.0205453478593125,63.888888888888886,1.045454545437438,0.9960937500000169,0.0,0.9984565774597106,0
228,164.55277777777778,0.7083333333333428,0.7027777777777828,0.7111111111111228,0.996093749999997,0.034857858361833596,1.0099636889368675,58.333333333333336,0.9545454545298347,0.9882812499999909,0.0,0.9991039507203718,0
229,165.25555555555556,0.7027777777777828,0.6944444444444287,0.7111111111111228,0.9882812499999909,0.03532705162157827,1.0235579881194843,63.888888888888886,1.045454545437438,0.9765624999999617,0.0,0.9978028289776734,0
230,165.95,0.6944444444444287,0.7222222222222285,0.7111111111111228,0.9765624999999617,0.03561055381369484,1.0317721163886278,63.888888888888886,1.045454545437438,1.0156249999999922,0.0,0.9992450978267473,0
231,166.67222222222222,0.7222222222222285,0.74444444444444,0.7180555555555657,1.0058027079303622,0.036628534041477465,1.061266844820993,66.66666666666667,1.0909090908912398,1.0367504835589734,0.0,0.9987384649149704,0
232,167.41666666666666,0.74444444444444,0.7583333333333542,0.7180555555555657,1.0367504835589734,0.03576051099892942,1.0361169418913883,63.888888888888886,1.045454545437438,1.0560928433269001,0.0,0.9981791966326647,0
233,168.175,0.7583333333333542,0.7361111111110858,0.7180555555555657,1.0560928433269001,0.03649045867235323,1.0572662803656414,63.888888888888886,1.045454545437438,1.0251450676982097,0.0,0.9993773229731999,0
234,168.9111111111111,0.7361111111110858,0.7027777777777828,0.7180555555555657,1.0251450676982097,0.03714014643017245,1.076090186233096,66.66666666666667,1.0909090908912398,0.9787234042553125,0.0,0.99918756098002,0
235,169.61388888888888,0.7027777777777828,0.6916666666666629,0.7111111111111228,0.9882812499999909,0.03533683646844473,1.023841492055221,63.888888888888886,1.045454545437438,0.9726562499999787,0.0,0.9984974138680405,0
236,170.30555555555554,0.6916666666666629,0.6888888888888971,0.7083333333333286,0.9764705882352953,0.034275074164515716,0.9930782316701716,58.333333333333336,0.9545454545298347,0.9725490196078612,0.0,0.9984547617801753,0
237,170.99444444444444,0.6888888888888971,0.7222222222222285,0.7055555555555628,0.9763779527559071,0.034188578457117674,0.9905721246450603,61.111111111111114,0.9999999999836364,1.023622047244093,0.0,0.9990611047697979,0
238,171.71666666666667,0.7222222222222285,0.7277777777777885,0.7125000000000057,1.0136452241715408,0.0363573107139926,1.0534084815931397,66.66666666666667,1.0909090908912398,1.0214424951267125,0.0,0.9994375362170294,0
239,172.44444444444446,0.7277777777777885,0.74444444444444,0.7222222222222285,1.0076923076923137,0.03605073135161288,1.0445257206223753,63.888888888888886,1.045454545437438,1.0307692307692156,0.0,0.9990929249223772,0
240,173.1888888888889,0.74444444444444,0.7249999999999943,0.7250000000000085,1.0268199233716293,0.035585018297665624,1.0310322561338736,63.888888888888886,1.045454545437438,0.9999999999999803,0.0,0.99876463968727,0
241,173.9138888888889,0.7249999999999943,0.7416666666666742,0.7263888888888914,0.9980879541108874,0.03407964150474411,0.9874158100735027,61.111111111111114,0.9999999999836364,1.0210325047801216,0.0,0.9970522285457514,0
242,174.65555555555557,0.7416666666666742,0.7027777777777544,0.7263888888888914,1.0210325047801216,0.0361738741634442,1.0480936325466315,61.111111111111114,0.9999999999836364,0.9674952198852417,0.0,0.9985034036448559,0
243,175.35833333333332,0.7027777777777544,0.7027777777777828,0.7236111111111114,0.9712092130517906,0.03549339849112889,1.0283776846215045,63.888888888888886,1.045454545437438,0.97120921305183,0.0,0.9991218204032959,0
244,176.0611111111111,0.7027777777777828,0.7027777777777828,0.7125000000000057,0.9863547758284592,0.03635891231101108,1.0534548859022108,63.888888888888886,1.045454545437438,0.9863547758284592,0.0,0.9993515237237749,0
245,176.76388888888889,0.7027777777777828,0.6972222222222229,0.7125000000000057,0.9863547758284592,0.033053549335431226,0.95768604808551,58.333333333333336,0.9545454545298347,0.9785575048732874,0.0,0.9973083679930408,0
246,177.4611111111111,0.6972222222222229,0.6888888888888971,0.7125000000000057,0.9785575048732874,0.03445719593565649,0.9983549865960695,61.111111111111114,0.9999999999836364,0.9668615984405496,0.0,0.9978108311959784,0
247,178.15,0.6888888888888971,0.7361111111111143,0.7125000000000057,0.9668615984405496,0.03396220676262654,0.9840132824676108,58.333333333333336,0.9545454545298347,1.0331384015594505,0.0,0.9986269017412371,0
248,178.88611111111112,0.7361111111111143,0.7638888888888857,0.7138888888888886,1.0311284046692655,0.036601713474562377,1.0604897517930805,63.888888888888886,1.045454545437438,1.0700389105058326,0.0,0.9988649693656448,0
249,179.65,0.7638888888888857,0.7277777777777601,0.7138888888888886,1.0700389105058326,0.03527000695468577,1.021905188867996,63.888888888888886,1.045454545437438,1.0194552529182637,0.0,0.9996820092368547,0
250,180.37777777777777,0.7277777777777601,0.6972222222222229,0.7138888888888886,1.0194552529182637,0.035614005038277136,1.0318721113875833,63.888888888888886,1.045454545437438,0.9766536964980558,0.0,0.9971638081708458,0
251,181.075,0.6972222222222229,0.6944444444444571,0.7027777777777828,0.9920948616600728,0.035894777598533156,1.040007151921769,61.111111111111114,0.9999999999836364,0.9881422924901294,0.0,0.9993488638029993,0
252,181.76944444444445,0.6944444444444571,0.6888888888888971,0.7027777777777686,0.9881422924901494,0.0353917557582844,1.0254327111136183,61.111111111111114,0.9999999999836364,0.9802371541502221,0.0,0.9983521520812355,0
253,182.45833333333334,0.6888888888888971,0.6888888888888687,0.7000000000000028,0.9841269841269918,0.03329639716194958,0.9647222659786128,55.55555555555556,0.9090909090760331,0.9841269841269512,0.0,0.9961364791076787,0
254,183.1472222222222,0.6888888888888687,0.7083333333333428,0.6972222222222229,0.9880478087649104,0.034396000092715755,0.9965819121104694,61.111111111111114,0.9999999999836364,1.0159362549800923,0.0,0.9992896183830046,0
255,183.85555555555555,0.7083333333333428,0.7111111111111086,0.6972222222222229,1.0159362549800923,0.036362024785054015,1.0535450660198042,63.888888888888886,1.045454545437438,1.0199203187250951,0.0,0.9967654430399895,0
256,184.56666666666666,0.7111111111111086,0.7249999999999943,0.7027777777777828,1.0118577075098705,0.03832377497566515,1.1103843714847543,66.66666666666667,1.0909090908912398,1.0316205533596683,0.0,0.9985997910661122,0
257,185.29166666666666,0.7249999999999943,0.45277777777778283,0.7097222222222257,1.0215264187866797,0.036077627638640294,1.045305007547663,63.888888888888886,1.045454545437438,0.6379647749510803,0.0,0.9990137993974186,0
258,185.74444444444444,0.45277777777778283,1.0,0.7027777777777828,0.6442687747035599,0.03926304351823231,1.1375985253867664,66.66666666666667,1.0909090908912398,1.4229249011857605,0.0,0.9856909246429743,0
259,186.74444444444444,1.0,0.7166666666666686,0.7027777777777828,1.4229249011857605,0.036943347642180276,1.0703881827469466,66.66666666666667,1.0909090908912398,1.0197628458497978,0.0,0.9973672476568252,0
260,187.4611111111111,0.7166666666666686,0.6916666666666629,0.7027777777777828,1.0197628458497978,0.03419781584367753,0.9908397665899349,55.55555555555556,0.9090909090760331,0.9841897233201456,0.0,0.997021387272461,0
261,188.15277777777777,0.6916666666666629,0.6750000000000114,0.7013888888888999,0.9861386138613651,0.03456046551642537,1.0013470960270523,61.111111111111114,0.9999999999836364,0.9623762376237635,0.0,0.9963686435853679,0
262,188.82777777777778,0.6750000000000114,0.6861111111111029,0.7000000000000028,0.9642857142857266,0.036345919431784605,1.0530784331638565,63.888888888888886,1.045454545437438,0.9801587301587145,0.0,0.9984768112087645,0
263,189.51388888888889,0.6861111111111029,0.6944444444444571,0.7000000000000028,0.9801587301587145,0.03612494409246914,1.0466759437583835,61.111111111111114,0.9999999999836364,0.9920634920635061,0.0,0.9991934936558111,0
264,190.20833333333334,0.6944444444444571,0.7361111111111143,0.7013888888888999,0.9900990099009925,0.03605476974373561,1.0446427280805877,63.888888888888886,1.045454545437438,1.0495049504950376,0.0,0.9995093609393901,0
265,190.94444444444446,0.7361111111111143,0.74444444444444,0.7027777777777828,1.0474308300395228,0.03654123945842681,1.0587375913537582,66.66666666666667,1.0909090908912398,1.0592885375493932,0.0,0.9985193550377249,0
266,191.6888888888889,0.74444444444444,0.7222222222222001,0.7055555555555628,1.0551181102362033,0.03572440126120921,1.0350707065336138,63.888888888888886,1.045454545437438,1.0236220472440527,0.0,0.9983097446138169,0
267,192.4111111111111,0.7222222222222001,0.705555555555577,0.7055555555555628,1.0236220472440527,0.03727635470705452,1.08003665398093,66.66666666666667,1.0909090908912398,1.0000000000000202,0.0,0.9987343276796199,0
268,193.11666666666667,0.705555555555577,0.6916666666666629,0.7111111111111228,0.9921875000000139,0.03585384040481939,1.0388210469480008,58.333333333333336,0.9545454545298347,0.9726562499999787,0.0,0.998147693572111,0
269,193.80833333333334,0.6916666666666629,0.7111111111111086,0.700000000000017,0.9880952380952086,0.03574583093270427,1.0356916049792724,61.111111111111114,0.9999999999836364,1.0158730158729876,0.0,0.9993687858628411,0
270,194.51944444444445,0.7111111111111086,0.6805555555555429,0.700000000000017,1.0158730158729876,0.034676024691323776,1.0046952813733636,58.333333333333336,0.9545454545298347,0.9722222222221805,0.0,0.9994396677896414,0
271,195.2,0.6805555555555429,0.6972222222222229,0.700000000000017,0.9722222222221805,0.03433435453297876,0.9947958076323262,58.333333333333336,0.9545454545298347,0.9960317460317226,0.0,0.9978482352072329,0
272,195.8972222222222,0.6972222222222229,0.7138888888889028,0.7013888888888999,0.9940594059405793,0.03514288259582181,1.0182219165022859,61.111111111111114,0.9999999999836364,1.0178217821782216,0.0,0.9979019161872871,0
273,196.61111111111111,0.7138888888889028,0.73888888888888,0.7083333333333428,1.0078431372549082,0.034596955278197276,1.0024043421155822,58.333333333333336,0.9545454545298347,1.0431372549019344,0.0,0.9987285074155943,0
274,197.35,0.73888888888888,0.7333333333333485,0.7125000000000057,1.0370370370370163,0.03659861690881428,1.0604000325988168,66.66666666666667,1.0909090908912398,1.0292397660818844,0.0,0.9992947691465703,0
275,198.08333333333334,0.7333333333333485,0.74444444444444,0.7125000000000057,1.0292397660818844,0.03800249470732366,1.1010756697960677,66.66666666666667,1.0909090908912398,1.0448343079921882,0.0,0.9984583901147681,0
276,198.82777777777778,0.74444444444444,0.7027777777777828,0.7125000000000057,1.0448343079921882,0.03760086708793745,1.0894390021659544,63.888888888888886,1.045454545437438,0.9863547758284592,0.0,0.9980835841121498,0
277,199.53055555555557,0.7027777777777828,0.6861111111111029,0.7083333333333428,0.9921568627450918,0.034160684969844875,0.989763945065841,58.333333333333336,0.9545454545298347,0.9686274509803676,0.0,0.9984919959970641,0
278,200.21666666666667,0.6861111111111029,0.6888888888888971,0.7069444444444457,0.9705304518663914,0.034805483153613245,1.0084461815227868,58.333333333333336,0.9545454545298347,0.974459724950894,0.0,0.997985672631319,0
279,200.90555555555557,0.6888888888888971,0.44444444444442865,0.7069444444444457,0.974459724950894,0.03642380485905955,1.0553350678838815,61.111111111111114,0.9999999999836364,0.628683693516676,0.0,0.9996977900840829,0
280,201.35,0.44444444444442865,0.9972222222222342,0.7000000000000028,0.6349206349206098,0.03870001764802981,1.1212855414124208,63.888888888888886,1.045454545437438,1.424603174603186,0.0,0.9863146901404904,0
281,202.34722222222223,0.9972222222222342,0.75555555555556,0.7083333333333428,1.4078431372549,0.03474166604833743,1.0065971591763017,61.111111111111114,0.9999999999836364,1.0666666666666587,0.0,0.9953458216193983,0
282,203.1027777777778,0.75555555555556,0.7249999999999943,0.7236111111111256,1.0441458733205227,0.035854153122437206,1.0388301075573936,63.888888888888886,1.045454545437438,1.0019193857965172,0.0,0.9986426587884154,0
283,203.82777777777778,0.7249999999999943,0.7361111111111143,0.7291666666666714,0.9942857142857,0.03796803831990071,1.1000773382351356,69.44444444444444,1.1363636363450413,1.0095238095238073,0.0,0.9981506886046607,0
284,204.5638888888889,0.7361111111111143,0.7194444444444343,0.7291666666666714,1.0095238095238073,0.03704454236733729,1.07332017578162,66.66666666666667,1.0909090908912398,0.9866666666666464,0.0,0.9979595090813376,0
285,205.28333333333333,0.7194444444444343,0.7138888888889028,0.7222222222222143,0.9961538461538431,0.03702505525626851,1.072755560641543,63.888888888888886,1.045454545437438,0.9884615384615685,0.0,0.997940501281445,0
286,205.99722222222223,0.7138888888889028,0.3916666666666515,0.7166666666666686,0.9961240310077687,0.037285315207101634,1.080296273478731,63.888888888888886,1.045454545437438,0.5465116279069542,0.0,0.9993168137073197,0
287,206.38888888888889,0.3916666666666515,0.99444444444444,0.7166666666666686,0.5465116279069542,0.03764234805610736,1.0906408623375885,66.66666666666667,1.0909090908912398,1.3875968992247965,0.0,0.9784401950874895,0
288,207.38333333333333,0.99444444444444,0.7166666666666686,0.7222222222222143,1.3769230769230858,0.035914611950950616,1.0405818279539933,61.111111111111114,0.9999999999836364,0.9923076923077058,0.0,0.9963468419941808,0
289,208.1,0.7166666666666686,0.7416666666666742,0.7222222222222143,0.9923076923077058,0.03701380787744891,1.0724296816364247,63.888888888888886,1.045454545437438,1.0269230769230986,0.0,0.9977749544145218,0
290,208.84166666666667,0.7416666666666742,0.7666666666666515,0.7305555555555543,1.0152091254752973,0.038755830188452856,1.1229026413107988,66.66666666666667,1.0909090908912398,1.0494296577946578,0.0,0.9978180318366224,0
291,209.60833333333332,0.7666666666666515,0.7444444444444684,0.7305555555555543,1.0494296577946578,0.0370985473338911,1.0748849034443302,66.66666666666667,1.0909090908912398,1.0190114068441412,0.0,0.9989462350016083,0
292,210.3527777777778,0.7444444444444684,0.7083333333333144,0.7305555555555543,1.0190114068441412,0.03524076085919565,1.0210578191248065,63.888888888888886,1.045454545437438,0.9695817490494054,0.0,0.9982078570058674,0
293,211.0611111111111,0.7083333333333144,0.6944444444444571,0.7277777777777743,0.9732824427480702,0.03464420835325767,1.0037734420042277,61.111111111111114,0.9999999999836364,0.9541984732824647,0.0,0.9992094888537166,0
294,211.75555555555556,0.6944444444444571,0.6999999999999886,0.7180555555555515,0.9671179883946073,0.034596469747976005,1.0023902744729785,58.333333333333336,0.9545454545298347,0.9748549323017306,0.0,0.9986600691764276,0
295,212.45555555555555,0.6999999999999886,0.700000000000017,0.7152777777777857,0.9786407766990024,0.03358758924957341,0.9731591995375546,58.333333333333336,0.9545454545298347,0.9786407766990421,0.0,0.9969886875259875,0
296,213.15555555555557,0.700000000000017,0.7222222222222001,0.7124999999999915,0.9824561403509129,0.035820936673927245,1.0378677017055404,61.111111111111114,0.9999999999836364,1.013645224171521,0.0,0.9995354857042298,0
297,213.87777777777777,0.7222222222222001,0.7250000000000227,0.7194444444444343,1.0038610038609872,0.0370193758689222,1.0725910073595932,63.888888888888886,1.045454545437438,1.0077220077220534,0.0,0.9988694365082078,0
298,214.6027777777778,0.7250000000000227,0.7472222222222058,0.7194444444444343,1.0077220077220534,0.03482555583984647,1.0090277629849793,61.111111111111114,0.9999999999836364,1.0386100386100303,0.0,0.9997436178666828,0
299,215.35,0.7472222222222058,0.7249999999999943,0.7236111111111114,1.0326295585412437,0.03623615202315181,1.0498980571408358,61.111111111111114,0.9999999999836364,1.0019193857965367,0.0,0.9979793400153028,0
300,216.075,0.7249999999999943,0.7444444444444684,0.7236111111110972,1.0019193857965565,0.0379920770638012,1.1007738313534199,66.66666666666667,1.0909090908912398,1.0287907869482296,0.0,0.9989993906554759,0
301,216.81944444444446,0.7444444444444684,0.7138888888888744,0.7236111111110972,1.0287907869482296,0.03598245175723533,1.042547403127914,63.888888888888886,1.045454545437438,0.9865642994241831,0.0,0.9990561080843219,0
302,217.53333333333333,0.7138888888888744,0.6916666666666629,0.7180555555555372,0.9941972920696376,0.03454733094807953,1.000966538020262,66.66666666666667,1.0909090908912398,0.9632495164410251,0.0,0.9981133871641206,0
303,218.225,0.6916666666666629,0.6833333333333371,0.7180555555555372,0.9632495164410251,0.03577292183563005,1.0364765306614971,63.888888888888886,1.045454545437438,0.9516441005803004,0.0,0.9971757518810707,0
304,218.90833333333333,0.6833333333333371,0.7083333333333428,0.7180555555555372,0.9516441005803004,0.03551439899614686,1.0289861484949108,61.111111111111114,0.9999999999836364,0.9864603481625142,0.0,0.9985725698807284,0
305,219.61666666666667,0.7083333333333428,0.7055555555555486,0.7180555555555372,0.9864603481625142,0.036404237244599166,1.0547681202567794,63.888888888888886,1.045454545437438,0.9825918762089129,0.0,0.9988183788495456,0
306,220.32222222222222,0.7055555555555486,0.7416666666666742,0.7180555555555372,0.9825918762089129,0.03595949395481505,1.0418822289631222,63.888888888888886,1.045454545437438,1.0328820116054527,0.0,0.9982601690434766,0
307,221.0638888888889,0.7416666666666742,0.75555555555556,0.7194444444444343,1.030888030888056,0.03721672719753971,1.0783090200326086,63.888888888888886,1.045454545437438,1.0501930501930712,0.0,0.9975797420210825,0
308,221.81944444444446,0.75555555555556,0.7361111111110858,0.7194444444444343,1.0501930501930712,0.03746554220486129,1.0855181296700642,66.66666666666667,1.0909090908912398,1.0231660231660025,0.0,0.9918276791916301,0
309,222.55555555555554,0.7361111111110858,0.6916666666666913,0.7194444444444343,1.0231660231660025,0.037543349781825455,1.0877725087728265,61.111111111111114,0.9999999999836364,0.9613899613900091,0.0,0.9941281164586421,0
310,223.24722222222223,0.6916666666666913,0.7083333333333144,0.7111111111111086,0.9726562500000381,0.03381872922974211,0.9798561969436711,61.111111111111114,0.9999999999836364,0.9960937499999769,0.0,0.9985082392520771,0
311,223.95555555555555,0.7083333333333144,0.7138888888889028,0.7083333333333286,0.9999999999999799,0.036459936559734146,1.0563819395913192,63.888888888888886,1.045454545437438,1.0078431372549284,0.0,0.998673591924897,0
312,224.66944444444445,0.7138888888889028,0.6916666666666629,0.7083333333333286,1.0078431372549284,0.03461699646292069,1.0029850108601683,61.111111111111114,0.9999999999836364,0.9764705882352953,0.0,0.999162161471671,0
313,225.36111111111111,0.6916666666666629,0.6916666666666629,0.7083333333333286,0.9764705882352953,0.03506871866902018,1.0160731076936347,61.111111111111114,0.9999999999836364,0.9764705882352953,0.0,0.9998931795718174,0
314,226.05277777777778,0.6916666666666629,0.7277777777777885,0.7083333333333286,0.9764705882352953,0.03559771478560583,1.0314001212982657,63.888888888888886,1.045454545437438,1.027450980392179,0.0,0.9991692076798118,0
315,226.78055555555557,0.7277777777777885,0.7361111111111143,0.7111111111111086,1.0234375000000187,0.03753192550667813,1.0874415044135954,66.66666666666667,1.0909090908912398,1.0351562500000082,0.0,0.9972110685743616,0
316,227.51666666666668,0.7361111111111143,0.7361111111110858,0.7208333333333456,1.0211946050096208,0.034611972032523156,1.0028394341524305,61.111111111111114,0.9999999999836364,1.0211946050095815,0.0,0.9993779888222267,0
317,228.25277777777777,0.7361111111110858,0.7361111111111143,0.7208333333333456,1.0211946050095815,0.03556754678151598,1.030526040384224,63.888888888888886,1.045454545437438,1.0211946050096208,0.0,0.9990999570648853,0
318,228.98888888888888,0.7361111111111143,0.7027777777777828,0.7208333333333456,1.0211946050096208,0.03691434329623888,1.0695478174003983,66.66666666666667,1.0909090908912398,0.9749518304431503,0.0,0.9993927190667881,0
319,229.69166666666666,0.7027777777777828,0.6805555555555713,0.7111111111111086,0.9882812500000107,0.034578247039254974,1.0018622938399955,58.333333333333336,0.9545454545298347,0.9570312500000256,0.0,0.9983633183050271,0
320,230.37222222222223,0.6805555555555713,0.6861111111111029,0.7111111111111086,0.9570312500000256,0.03386890879544642,0.9813100883090529,58.333333333333336,0.9545454545298347,0.9648437499999919,0.0,0.9976702425022959,0
321,231.05833333333334,0.6861111111111029,0.7305555555555543,0.7083333333333428,0.9686274509803676,0.03630176082190995,1.051798991608257,66.66666666666667,1.0909090908912398,1.0313725490195922,0.0,0.996691598410409,0
322,231.7888888888889,0.7305555555555543,0.7166666666666686,0.7152777777777857,1.0213592233009579,0.03793948623443218,1.0992500765810402,66.66666666666667,1.0909090908912398,1.0019417475728072,0.0,0.9987371781916861,0
323,232.50555555555556,0.7166666666666686,0.74444444444444,0.7222222222222285,0.9923076923076862,0.03585187838162216,1.0387641997325041,66.66666666666667,1.0909090908912398,1.0307692307692156,0.0,0.9983028815552614,0
324,233.25,0.74444444444444,0.7249999999999943,0.7291666666666714,1.0209523809523682,0.036625532357892294,1.0611798747210164,63.888888888888886,1.045454545437438,0.9942857142857,0.0,0.9987690087094072,0
325,233.975,0.7249999999999943,0.7249999999999943,0.7277777777777743,0.9961832061068672,0.035187033385898195,1.0195011314888223,63.888888888888886,1.045454545437438,0.9961832061068672,0.0,0.9989216879179459,0
326,234.7,0.7249999999999943,0.705555555555577,0.7249999999999943,1.0,0.03628071515225806,1.0511892191449823,63.888888888888886,1.045454545437438,0.9731800766283898,0.0,0.9994197411097321,0
327,235.40555555555557,0.705555555555577,0.7138888888888744,0.7208333333333314,0.9788053949903984,0.03623076586382573,1.049741999781095,63.888888888888886,1.045454545437438,0.9903660886319671,0.0,0.9996596436683525,0
328,236.11944444444444,0.7138888888888744,0.7027777777777828,0.7152777777777715,0.9980582524271729,0.03500243194342683,1.0141525311277173,58.333333333333336,0.9545454545298347,0.982524271844676,0.0,0.9992630887996552,0
329,236.82222222222222,0.7027777777777828,0.6916666666666629,0.7152777777777715,0.982524271844676,0.03391242382859818,0.982570883018526,55.55555555555556,0.9090909090760331,0.9669902912621392,0.0,0.9975231639609476,0
330,237.51388888888889,0.6916666666666629,0.7083333333333428,0.7152777777777715,0.9669902912621392,0.035978229007847064,1.0424250541440678,63.888888888888886,1.045454545437438,0.9902912621359443,0.0,0.9975601031898579,0
331,238.22222222222223,0.7083333333333428,0.7527777777777658,0.7152777777777715,0.9902912621359443,0.03536324390721206,1.0246066152018003,66.66666666666667,1.0909090908912398,1.052427184466012,0.0,0.9951232919426471,0
332,238.975,0.7527777777777658,0.76111111111112,0.7152777777777715,1.052427184466012,0.038779130259009496,1.1235777322750113,69.44444444444444,1.1363636363450413,1.0640776699029344,0.0,0.9956410011149581,0
333,239.73611111111111,0.76111111111112,0.7333333333333201,0.7194444444444343,1.057915057915085,0.03867648218942575,1.1206036303682643,69.44444444444444,1.1363636363450413,1.0193050193050153,0.0,0.9964381745276851,0
334,240.46944444444443,0.7333333333333201,0.700000000000017,0.7194444444444343,1.0193050193050153,0.03641046093861738,1.054948444156894,66.66666666666667,1.0909090908912398,0.9729729729730103,0.0,0.9987229379411473,0
335,241.16944444444445,0.700000000000017,0.6944444444444287,0.7111111111111086,0.9843750000000275,0.033872459624266,0.981412969218608,58.333333333333336,0.9545454545298347,0.9765624999999812,0.0,0.9987648887554595,0
336,241.86388888888888,0.6944444444444287,0.6861111111111313,0.7069444444444599,0.982318271119799,0.03475822579337574,1.0070769574763905,61.111111111111114,0.9999999999836364,0.9705304518664121,0.0,0.99871114327628,0
337,242.55,0.6861111111111313,0.7055555555555486,0.7055555555555628,0.9724409448819084,0.03417710621011232,0.9902397303600858,58.333333333333336,0.9545454545298347,0.9999999999999799,0.0,0.9972017683205872,0
338,243.25555555555556,0.7055555555555486,0.7194444444444343,0.7041666666666657,1.0019723865877628,0.034494446698568854,0.9994342817591905,61.111111111111114,0.9999999999836364,1.0216962524654702,0.0,0.9986961713252496,0
339,243.975,0.7194444444444343,0.7277777777777885,0.7069444444444457,1.017681728880141,0.03545520104982882,1.0272709606133075,63.888888888888886,1.045454545437438,1.0294695481336087,0.0,0.9974249360715268,0
340,244.70277777777778,0.7277777777777885,0.75555555555556,0.7138888888888886,1.0194552529183034,0.03591951370780979,1.0407238503464298,63.888888888888886,1.045454545437438,1.0583657587548705,0.0,0.9994005321191795,0
341,245.45833333333334,0.75555555555556,0.7361111111111143,0.7236111111111114,1.044145873320543,0.03616701807341945,1.0478949857479327,63.888888888888886,1.045454545437438,1.0172744721689098,0.0,0.997708433876416,0
342,246.19444444444446,0.7361111111111143,0.7527777777777658,0.7236111111111114,1.0172744721689098,0.0350788408938483,1.0163663867419785,63.888888888888886,1.045454545437438,1.0403071017274301,0.0,0.9989810106853361,0
343,246.94722222222222,0.7527777777777658,0.7111111111111086,0.7236111111111114,1.0403071017274301,0.03654985375013487,1.0589871798895985,66.66666666666667,1.0909090908912398,0.9827255278310901,0.0,0.9960188448385459,0
344,247.65833333333333,0.7111111111111086,0.6972222222222229,0.7152777777777715,0.9941747572815587,0.03529314775043756,1.0225756650401066,63.888888888888886,1.045454545437438,0.9747572815534076,0.0,0.997331412757769,0
345,248.35555555555555,0.6972222222222229,0.6888888888888971,0.7152777777777715,0.9747572815534076,0.03388109651197143,0.9816632124457553,58.333333333333336,0.9545454545298347,0.9631067961165248,0.0,0.9978652280567679,0
346,249.04444444444445,0.6888888888888971,0.7111111111111086,0.7152777777777715,0.9631067961165248,0.03068097069063649,0.8889434920880543,44.44444444444444,0.7272727272608265,0.9941747572815587,0.0,0.9570243829562104,0
347,249.75555555555556,0.7111111111111086,0.7194444444444343,0.7152777777777715,0.9941747572815587,0.03734736999244044,1.082094234766725,63.888888888888886,1.045454545437438,1.0058252427184413,0.0,0.9951896435730894,0
348,250.475,0.7194444444444343,0.7583333333333258,0.7194444444444343,1.0,0.039144921167209364,1.1341760751562713,75.0,1.2272727272526447,1.0540540540540584,0.0,0.9934230375583513,0
349,251.23333333333332,0.7583333333333258,0.75,0.7236111111111114,1.0479846449136168,0.03830921484030725,1.1099625094224084,66.66666666666667,1.0909090908912398,1.0364683301343565,0.0,0.9971552747940636,0
350,251.98333333333332,0.75,0.7388888888889085,0.7277777777777743,1.030534351145043,0.03666129308487703,1.0622159979208314,63.888888888888886,1.045454545437438,1.0152671755725509,0.0,0.9981694952255384,0
351,252.72222222222223,0.7388888888889085,0.7027777777777828,0.7277777777777743,1.0152671755725509,0.0362809071655396,1.051194782494289,63.888888888888886,1.045454545437438,0.9656488549618436,0.0,0.9987329489600509,0
352,253.425,0.7027777777777828,0.7027777777777544,0.7152777777777715,0.982524271844676,0.03758534865820388,1.0889893746995294,66.66666666666667,1.0909090908912398,0.9825242718446362,0.0,0.9991928291782963,0
353,254.12777777777777,0.7027777777777544,0.7194444444444628,0.7111111111111086,0.9882812499999707,0.03750081569030611,1.086540135643917,66.66666666666667,1.0909090908912398,1.0117187500000293,0.0,0.9988555272329722,0
354,254.84722222222223,0.7194444444444628,0.7083333333333144,0.7152777777777715,1.005825242718481,0.03423168673060506,0.9918211339921947,61.111111111111114,0.9999999999836364,0.9902912621359046,0.0,0.9983317800331233,0
355,255.55555555555554,0.7083333333333144,0.705555555555577,0.7152777777777715,0.9902912621359046,0.031925988743036524,0.925016363001194,102.77777777777777,1.681818181790661,0.98640776699033,0.0,0.9876673421906379,0
356,256.2611111111111,0.705555555555577,0.7416666666666742,0.7152777777777715,0.98640776699033,0.04097989109496968,1.1873420780154194,61.111111111111114,0.9999999999836364,1.0368932038835148,0.0,0.9894203209324293,0
357,257.0027777777778,0.7416666666666742,0.75,0.7194444444444485,1.0308880308880355,0.03547297935137745,1.0277860650935857,61.111111111111114,0.9999999999836364,1.0424710424710366,0.0,0.9964135328603327,0
358,257.7527777777778,0.75,0.7472222222222058,0.7291666666666856,1.0285714285714018,0.03764414502940343,1.0906929274346515,66.66666666666667,1.0909090908912398,1.0247619047618557,0.0,0.9791040915044196,0
359,258.5,0.7472222222222058,0.75,0.7291666666666856,1.0247619047618557,0.03627854521091798,1.0511263477563315,61.111111111111114,0.9999999999836364,1.0285714285714018,0.0,0.9931161970321682,0
360,259.25,0.75,0.7027777777777828,0.7291666666666856,1.0285714285714018,0.03518452314052286,1.0194284002081713,61.111111111111114,0.9999999999836364,0.9638095238095057,0.0,0.9887012728037838,0
361,259.9527777777778,0.7027777777777828,0.6805555555555429,0.7138888888888886,0.9844357976653771,0.03682455998894368,1.0669464562008788,66.66666666666667,1.0909090908912398,0.9533073929960917,0.0,0.9993243494780089,0
362,260.6333333333333,0.6805555555555429,0.7083333333333144,0.7138888888888886,0.9533073929960917,0.031808499903221855,0.9216122679808856,58.333333333333336,0.9545454545298347,0.9922178988326588,0.0,0.9900363417230236,0
363,261.34166666666664,0.7083333333333144,0.7527777777777942,0.7138888888888886,0.9922178988326588,0.036318907377253386,1.0522957920171478,63.888888888888886,1.045454545437438,1.0544747081712298,0.0,0.9975013506319199,0
364,262.09444444444443,0.7527777777777942,0.7333333333333485,0.7249999999999943,1.0383141762452415,0.03753608137996923,1.0875619157445575,66.66666666666667,1.0909090908912398,1.011494252873592,0.0,0.9991424280822374,0
365,262.8277777777778,0.7333333333333485,0.73888888888888,0.7375000000000114,0.994350282485881,0.03753247969294232,1.0874575612808284,66.66666666666667,1.0909090908912398,1.0018832391713473,0.0,0.9972114571305961,0
366,263.56666666666666,0.73888888888888,0.7527777777777942,0.7402777777777771,0.998123827392109,0.0341847154252743,0.990460198035843,69.44444444444444,1.1363636363450413,1.0168855534709424,0.0,0.9894145365812919,0
367,264.31944444444446,0.7527777777777942,0.7444444444444116,0.7430555555555429,1.013084112149572,0.03801827281668404,1.1015328211611528,66.66666666666667,1.0909090908912398,1.0018691588784776,0.0,0.9967640194182559,0
368,265.06388888888887,0.7444444444444116,0.7138888888889028,0.7416666666666458,1.003745318352044,0.0334376535856324,0.968814997587877,47.22222222222222,0.772727272714628,0.9625468164794465,0.0,0.9392848512761613,0
369,265.77777777777777,0.7138888888889028,0.7083333333333144,0.7361111111111143,0.9698113207547316,0.03877963879545314,1.1235924664946886,69.44444444444444,1.1363636363450413,0.9622641509433664,0.0,0.995714287318678,0
370,266.4861111111111,0.7083333333333144,0.7027777777777828,0.7236111111111256,0.978886756237958,0.03728556403183933,1.080303482870294,63.888888888888886,1.045454545437438,0.9712092130518108,0.0,0.9981699331573426,0
371,267.18888888888887,0.7027777777777828,0.7138888888889028,0.7236111111111256,0.9712092130518108,0.035910004443321535,1.0404483310720687,63.888888888888886,1.045454545437438,0.9865642994241837,0.0,0.9988955953277578,0
372,267.90277777777777,0.7138888888889028,0.7277777777777601,0.7236111111111256,0.9865642994241837,0.03705847506597625,1.0737238586346567,63.888888888888886,1.045454545437438,1.0057581573895906,0.0,0.999152659413302,0
373,268.63055555555553,0.7277777777777601,0.7722222222222399,0.7305555555555543,0.9961977186311562,0.038920312809591774,1.127668323501801,66.66666666666667,1.0909090908912398,1.0570342205323455,0.0,0.9885241471469102,0
374,269.40277777777777,0.7722222222222399,0.7527777777777942,0.7305555555555543,1.0570342205323455,0.040416594397796116,1.171021247161787,77.77777777777777,1.2727272727064463,1.0304182509505946,0.0,0.9938667266693842,0
375,270.15555555555557,0.7527777777777942,0.73888888888888,0.7333333333333201,1.0265151515151925,0.036180576725958896,1.0482878310740453,63.888888888888886,1.045454545437438,1.0075757575757638,0.0,0.9966356888463188,0
376,270.89444444444445,0.73888888888888,0.7083333333333144,0.7333333333333201,1.0075757575757638,0.035342093369061515,1.0239938043024104,61.111111111111114,0.9999999999836364,0.9659090909090825,0.0,0.999132521365959,0
377,271.60277777777776,0.7083333333333144,0.7000000000000455,0.7208333333333314,0.9826589595375486,0.03503341669914756,1.0150502764184257,61.111111111111114,0.9999999999836364,0.9710982658960194,0.0,0.9989692440684615,0
378,272.3027777777778,0.7000000000000455,0.6888888888888687,0.7138888888889028,0.9805447470817567,0.03521892975157876,1.0204252895599244,66.66666666666667,1.0909090908912398,0.9649805447470347,0.0,0.9993098726948928,0
379,272.9916666666667,0.6888888888888687,0.7333333333333485,0.7111111111111086,0.968749999999975,0.03566687865812848,1.0334040596673142,63.888888888888886,1.045454545437438,1.031250000000025,0.0,0.999746721895302,0
380,273.725,0.7333333333333485,0.7416666666666174,0.7208333333333314,1.0173410404624514,0.036057754516231215,1.0447292082024875,63.888888888888886,1.045454545437438,1.0289017341039806,0.0,0.9995099913166765,0
381,274.46666666666664,0.7416666666666174,0.7472222222222626,0.7305555555555543,1.0152091254752196,0.03607468738572919,1.045219817326116,61.111111111111114,0.9999999999836364,1.0228136882129848,0.0,0.9998464355863836,0
382,275.2138888888889,0.7472222222222626,0.73888888888888,0.7361111111111143,1.0150943396226921,0.037915190977397276,1.0985461513093284,66.66666666666667,1.0909090908912398,1.0037735849056442,0.0,0.9984574332598706,0
383,275.9527777777778,0.73888888888888,0.7583333333333258,0.73888888888888,1.0,0.038325630974601836,1.1104381467773525,66.66666666666667,1.0909090908912398,1.0263157894736863,0.0,0.9975772690947362,0
384,276.7111111111111,0.7583333333333258,0.7361111111110858,0.73888888888888,1.0263157894736863,0.03793993704178494,1.0992631381711202,69.44444444444444,1.1363636363450413,0.9962406015037372,0.0,0.997971985425143,0
385,277.4472222222222,0.7361111111110858,0.705555555555577,0.737499999999983,0.9981167608286141,0.03597849811165584,1.042432851096841,61.111111111111114,0.9999999999836364,0.9566854990584317,0.0,0.9993394956843106,0
386,278.15277777777777,0.705555555555577,0.6888888888888687,0.7347222222222172,0.9603024574669545,0.0358418764403166,1.038474405751685,61.111111111111114,0.9999999999836364,0.9376181474479941,0.0,0.9998989840857488,0
387,278.84166666666664,0.6888888888888687,0.7000000000000455,0.7347222222222172,0.9376181474479941,0.03584951649735654,1.0386957670330252,61.111111111111114,0.9999999999836364,0.9527410207940193,0.0,0.9996713835614535,0
388,279.5416666666667,0.7000000000000455,0.7166666666666401,0.7347222222222172,0.9527410207940193,0.037007019094373275,1.0722329849740169,66.66666666666667,1.0909090908912398,0.975425330812825,0.0,0.9983817017460936,0
389,280.2583333333333,0.7166666666666401,0.7555555555555884,0.7347222222222172,0.975425330812825,0.03767685927175963,1.091640782479212,63.888888888888886,1.045454545437438,1.0283553875236813,0.0,0.9982547287958385,0
390,281.0138888888889,0.7555555555555884,0.7611111111110631,0.737499999999983,1.0244821092279401,0.03741876349220788,1.084162773850302,66.66666666666667,1.0909090908912398,1.0320150659133298,0.0,0.9984376138697738,0
391,281.775,0.7611111111110631,0.7250000000000227,0.737499999999983,1.0320150659133298,0.03845419525651206,1.1141631391471,66.66666666666667,1.0909090908912398,0.9830508474576807,0.0,0.9977998025066119,0
392,282.5,0.7250000000000227,0.7166666666666401,0.7305555555555543,0.9923954372623902,0.03836638003599799,1.1116188008479835,66.66666666666667,1.0909090908912398,0.980988593155859,0.0,0.9983254511906052,0
393,283.21666666666664,0.7166666666666401,0.4361111111111313,0.7208333333333314,0.9942196531791566,0.03635665590313848,1.0533895092518413,61.111111111111114,0.9999999999836364,0.6050096339113976,0.0,0.9998736274247852,0
394,283.65277777777777,0.4361111111111313,0.9805555555555543,0.7166666666666401,0.6085271317829964,0.03794746557491341,1.0994812681839221,66.66666666666667,1.0909090908912398,1.3682170542636147,0.0,0.986613508331804,0
395,284.6333333333333,0.9805555555555543,0.6999999999999886,0.7166666666666401,1.3682170542636147,0.03644954881350931,1.0560809673861975,61.111111111111114,0.9999999999836364,0.9767441860465319,0.0,0.9992286777072472,0
396,285.3333333333333,0.6999999999999886,0.7027777777777828,0.7166666666666401,0.9767441860465319,0.035935120604729316,1.0411760410410527,66.66666666666667,1.0909090908912398,0.9806201550388031,0.0,0.9989836082947944,0
397,286.0361111111111,0.7027777777777828,0.7222222222222285,0.7166666666666401,0.9806201550388031,0.0343960609582349,0.9965836756142282,55.55555555555556,0.9090909090760331,1.0077519379845423,0.0,0.9858705751764067,0
398,286.7583333333333,0.7222222222222285,0.7444444444444684,0.7194444444444343,1.0038610038610267,0.03761623258349994,1.089884198552363,66.66666666666667,1.0909090908912398,1.0347490347490826,0.0,0.9992669069142679,0
399,287.5027777777778,0.7444444444444684,0.7249999999999659,0.7236111111111256,1.0287907869481892,0.03667655394774782,1.062658162703342,63.888888888888886,1.045454545437438,1.0019193857964779,0.0,0.9996686724167219,0
400,288.22777777777776,0.7249999999999659,0.7305555555555543,0.7236111111110972,1.0019193857965172,0.03568244129981575,1.0338549681208664,63.888888888888886,1.045454545437438,1.0095969289827431,0.0,0.9989990302252684,0
401,288.9583333333333,0.7305555555555543,0.7027777777777828,0.7236111111110972,1.0095969289827431,0.036890222393231774,1.068848943822777,66.66666666666667,1.0909090908912398,0.971209213051849,0.0,0.9978251087370198,0
402,289.6611111111111,0.7027777777777828,0.6916666666666629,0.7194444444444343,0.9768339768339975,0.03475940669955287,1.0071111727843582,58.333333333333336,0.9545454545298347,0.9613899613899696,0.0,0.9975163880550117,0
403,290.35277777777776,0.6916666666666629,0.6750000000000114,0.7125000000000057,0.9707602339181156,0.033460315197051595,0.9694715899817242,61.111111111111114,0.9999999999836364,0.94736842105264,0.0,0.9987118822768981,0
404,291.02777777777777,0.6750000000000114,0.7138888888889028,0.7125000000000057,0.94736842105264,0.03537744139127732,1.0250179698877748,61.111111111111114,0.9999999999836364,1.001949317738803,0.0,0.9983760798676005,0
405,291.7416666666667,0.7138888888889028,0.7361111111110858,0.7083333333333428,1.0078431372549082,0.03641817850974978,1.0551720513139833,63.888888888888886,1.045454545437438,1.0392156862744601,0.0,0.9985843063779387,0
406,292.47777777777776,0.7361111111110858,0.73888888888888,0.7180555555555657,1.0251450676982097,0.03487155591233219,1.0103605586609725,61.111111111111114,0.9999999999836364,1.0290135396518107,0.0,0.9990759942897476,0
407,293.21666666666664,0.73888888888888,0.7194444444444912,0.7236111111110972,1.0211132437620036,0.037198301336930306,1.0777751533228486,66.66666666666667,1.0909090908912398,0.9942418426104483,0.0,0.9979089541965196,0
408,293.93611111111113,0.7194444444444912,0.7305555555555543,0.7222222222222285,0.9961538461539021,0.03657088690191864,1.0595965896629986,63.888888888888886,1.045454545437438,1.0115384615384508,0.0,0.9983881041172619,0
409,294.6666666666667,0.7305555555555543,0.7138888888888459,0.7222222222222285,1.0115384615384508,0.03733836984784984,1.0818334666169056,66.66666666666667,1.0909090908912398,0.9884615384614703,0.0,0.9981851532236494,0
410,295.38055555555553,0.7138888888888459,0.6972222222222513,0.716666666666697,0.9961240310076499,0.035223020853643754,1.0205438242240592,58.333333333333336,0.9545454545298347,0.972868217054263,0.0,0.9962659574241807,0
411,296.0777777777778,0.6972222222222513,0.7027777777777828,0.7138888888888744,0.9766536964981151,0.03592714034926745,1.0409448229277292,61.111111111111114,0.9999999999836364,0.9844357976653968,0.0,0.9988559786999839,0
412,296.78055555555557,0.7027777777777828,0.6888888888888687,0.7138888888888744,0.9844357976653968,0.0364661471115166,1.056561882711273,63.888888888888886,1.045454545437438,0.9649805447470731,0.0,0.9989510406020493,0
413,297.46944444444443,0.6888888888888687,0.7083333333333712,0.7138888888888744,0.9649805447470731,0.03596491078066891,1.0420391748478894,63.888888888888886,1.045454545437438,0.9922178988327581,0.0,0.9978467964327254,0
414,298.1777777777778,0.7083333333333712,0.7194444444444343,0.7138888888888744,0.9922178988327581,0.03597370991200798,1.0422941188853116,61.111111111111114,0.9999999999836364,1.0077821011673216,0.0,0.9998374813953249,0
415,298.89722222222224,0.7194444444444343,0.7583333333333258,0.7166666666666401,1.0038759689922712,0.038292435978055706,1.109476362469838,66.66666666666667,1.0909090908912398,1.0581395348837495,0.0,0.9982805769209158,0
416,299.65555555555557,0.7583333333333258,0.41944444444442297,0.7166666666666401,1.0581395348837495,0.03735134853118712,1.0822095080467835,66.66666666666667,1.0909090908912398,0.5852713178294491,0.0,0.9990210801699508,0
417,300.075,0.41944444444442297,1.0194444444444457,0.7111111111111086,0.5898437499999719,0.0388042454158447,1.124305413137737,69.44444444444444,1.1363636363450413,1.4335937500000069,0.0,0.9810845875407652,0
418,301.09444444444443,1.0194444444444457,0.6972222222222513,0.7111111111111086,1.4335937500000069,0.035837153418630856,1.03833756199166,61.111111111111114,0.9999999999836364,0.9804687500000443,0.0,0.9961603407636972,0
419,301.7916666666667,0.6972222222222513,0.6944444444444002,0.705555555555577,0.9881889763779639,0.03574193598253466,1.035578753575704,61.111111111111114,0.9999999999836364,0.9842519685038444,0.0,0.999048254599785,0
420,302.4861111111111,0.6944444444444002,0.6777777777778056,0.700000000000017,0.9920634920634047,0.03536025606165622,1.0245200460417498,61.111111111111114,0.9999999999836364,0.9682539682539844,0.0,0.9994886878216067,0
421,303.1638888888889,0.6777777777778056,0.7138888888889028,0.700000000000017,0.9682539682539844,0.03548149585176352,1.0280328202458233,61.111111111111114,0.9999999999836364,1.0198412698412649,0.0,0.9995822322751654,0
422,303.8777777777778,0.7138888888889028,0.7361111111110858,0.7027777777778113,1.0158102766798134,0.03758727885678997,1.089045299835955,69.44444444444444,1.1363636363450413,1.04743083003944,0.0,0.9987373360283336,0
423,304.6138888888889,0.7361111111110858,0.7361111111111427,0.711111111111137,1.0351562499999267,0.035194023557183346,1.0197036631275755,63.888888888888886,1.045454545437438,1.0351562500000067,0.0,0.9997450838570934,0
424,305.35,0.7361111111111427,0.7222222222221717,0.7166666666666686,1.0271317829457778,0.03631425594061574,1.052161022346084,66.66666666666667,1.0909090908912398,1.0077519379844229,0.0,0.9994017450141173,0
425,306.0722222222222,0.7222222222221717,0.7388888888889369,0.7180555555555372,1.005802707930323,0.03641486263001433,1.0550759777659493,63.888888888888886,1.045454545437438,1.0290135396519307,0.0,0.9988291934323522,0
426,306.81111111111113,0.7388888888889369,0.7305555555555543,0.7180555555555372,1.0290135396519307,0.037377664628823026,1.08297198469612,66.66666666666667,1.0909090908912398,1.0174081237911268,0.0,0.9985724113853078,0
427,307.5416666666667,0.7305555555555543,0.6888888888888687,0.726388888888863,1.0057361376673382,0.03542627272076304,1.026432797762487,61.111111111111114,0.9999999999836364,0.9483747609942699,0.0,0.9992550987411708,0
428,308.23055555555555,0.6888888888888687,0.6750000000000114,0.7180555555555372,0.9593810444874238,0.03590611959588491,1.0403357723827964,61.111111111111114,0.9999999999836364,0.9400386847195756,0.0,0.998554102440385,0
429,308.90555555555557,0.6750000000000114,0.6944444444444571,0.7180555555555372,0.9400386847195756,0.03770264783856321,1.0923879745697582,63.888888888888886,1.045454545437438,0.9671179883946264,0.0,0.9992926007747982,0
430,309.6,0.6944444444444571,0.7055555555555202,0.7180555555555372,0.9671179883946264,0.03609166773074729,1.0457118019947058,61.111111111111114,0.9999999999836364,0.9825918762088733,0.0,0.998775655195769,0
431,310.30555555555554,0.7055555555555202,0.73888888888888,0.7180555555555372,0.9825918762088733,0.03447711737632605,0.9989321859035746,61.111111111111114,0.9999999999836364,1.0290135396518514,0.0,0.9988020409190903,0
432,311.0444444444444,0.73888888888888,0.75,0.726388888888863,1.017208413001936,0.03710787624582858,1.0751551972247553,66.66666666666667,1.0909090908912398,1.0325047801147595,0.0,0.9990716779087789,0
433,311.7944444444444,0.75,0.7250000000000227,0.726388888888863,1.0325047801147595,0.036946281294464915,1.0704731817234383,63.888888888888886,1.045454545437438,0.9980879541109655,0.0,0.9985663323678488,0
434,312.51944444444445,0.7250000000000227,0.7083333333333144,0.7236111111110972,1.0019193857965958,0.037294163355424806,1.0805526377231423,63.888888888888886,1.045454545437438,0.9788867562379965,0.0,0.9984911711984865,0
435,313.22777777777776,0.7083333333333144,0.6972222222222513,0.7166666666666686,0.9883720930232268,0.03635397230237108,1.053311755211345,63.888888888888886,1.045454545437438,0.9728682170543015,0.0,0.9994431004451241,0
436,313.925,0.6972222222222513,0.7111111111111086,0.7069444444444173,0.9862475442044012,0.03560139372331458,1.0315067140057443,61.111111111111114,0.9999999999836364,1.005893909626754,0.0,0.9998022089299013,0
437,314.6361111111111,0.7111111111111086,0.6916666666666629,0.7069444444444173,1.005893909626754,0.035688924053198554,1.0340427979483044,63.888888888888886,1.045454545437438,0.9783889980353957,0.0,0.9997571342309519,0
438,315.3277777777778,0.6916666666666629,0.7083333333333144,0.7069444444444173,0.9783889980353957,0.03495182035492042,1.0126861224315693,63.888888888888886,1.045454545437438,1.0019646365422514,0.0,0.9996854973773752,0
439,316.0361111111111,0.7083333333333144,0.7222222222222285,0.7083333333333144,1.0,0.036234502491527674,1.0498502639853633,63.888888888888886,1.045454545437438,1.019607843137291,0.0,0.9996892167110272,0
440,316.7583333333333,0.7222222222222285,0.7527777777777942,0.7097222222222115,1.017612524461864,0.03706860906901141,1.074017478942102,63.888888888888886,1.045454545437438,1.0606653620352642,0.0,0.9996196937494329,0
441,317.5111111111111,0.7527777777777942,0.7277777777777601,0.7166666666666686,1.0503875968992449,0.035864506092351034,1.0391300721615608,63.888888888888886,1.045454545437438,1.015503875968965,0.0,0.9978285028199587,0
442,318.2388888888889,0.7277777777777601,0.73888888888888,0.7166666666666686,1.015503875968965,0.03832579285812918,1.1104428371539892,69.44444444444444,1.1363636363450413,1.0310077519379695,0.0,0.9967331117483091,0
443,318.97777777777776,0.73888888888888,0.7111111111111086,0.7166666666666686,1.0310077519379695,0.037047500686636925,1.0734058894546143,66.66666666666667,1.0909090908912398,0.9922480620154978,0.0,0.9994351031806012,0
444,319.68888888888887,0.7111111111111086,0.6888888888889255,0.7111111111111086,1.0,0.03475137657132114,1.0068785096687023,58.333333333333336,0.9545454545298347,0.968750000000055,0.0,0.9982601987908815,0
445,320.3777777777778,0.6888888888889255,0.6805555555555429,0.7111111111111086,0.968750000000055,0.035534407232320334,1.0295658625956772,61.111111111111114,0.9999999999836364,0.9570312499999857,0.0,0.9993742753956292,0
446,321.05833333333334,0.6805555555555429,0.7111111111111086,0.7111111111111086,0.9570312499999857,0.03637407784392034,1.053894288616019,63.888888888888886,1.045454545437438,1.0,0.0,0.9979488051288117,0
447,321.76944444444445,0.7111111111111086,0.7416666666666742,0.7111111111111086,1.0,0.03535508742013487,1.0243702909935908,61.111111111111114,0.9999999999836364,1.0429687500000144,0.0,0.9999173187370458,0
448,322.5111111111111,0.7416666666666742,0.75,0.7166666666666686,1.0348837209302404,0.03705416315392093,1.0735989262719006,66.66666666666667,1.0909090908912398,1.046511627906974,0.0,0.9989266457189053,0
449,323.2611111111111,0.75,0.7333333333333485,0.7249999999999943,1.0344827586206977,0.03714518450172636,1.0762361581766071,66.66666666666667,1.0909090908912398,1.011494252873592,0.0,0.9991547500594014,0
450,323.99444444444447,0.7333333333333485,0.7277777777777601,0.7305555555555543,1.0038022813688439,0.03677503569726047,1.065511550596491,66.66666666666667,1.0909090908912398,0.9961977186311562,0.0,0.9989988254694266,0
451,324.72222222222223,0.7277777777777601,0.7138888888889028,0.7277777777777601,1.0,0.037965495175983084,1.1000036537595754,66.66666666666667,1.0909090908912398,0.980916030534394,0.0,0.9984713932923167,0
452,325.43611111111113,0.7138888888889028,0.7083333333333144,0.7208333333333314,0.9903660886320065,0.03553697729397072,1.0296403269795265,63.888888888888886,1.045454545437438,0.9826589595375486,0.0,0.9995158735634718,0
453,326.14444444444445,0.7083333333333144,0.705555555555577,0.7125000000000057,0.9941520467835913,0.03534922899187119,1.0242005502206741,61.111111111111114,0.9999999999836364,0.9902534113060651,0.0,0.9994047278253961,0
454,326.85,0.705555555555577,0.6944444444444002,0.7125000000000057,0.9902534113060651,0.03538335193731353,1.0251892207092224,61.111111111111114,0.9999999999836364,0.9746588693956417,0.0,0.9984980644941612,0
455,327.5444444444444,0.6944444444444002,0.7111111111111086,0.7125000000000057,0.9746588693956417,0.03772700674219317,1.093093743923492,63.888888888888886,1.045454545437438,0.9980506822611971,0.0,0.9969372125764056,0
456,328.25555555555553,0.7111111111111086,0.47500000000002274,0.7125000000000057,0.9980506822611971,0.03564777406452046,1.032850527501462,61.111111111111114,0.9999999999836364,0.6666666666666933,0.0,0.9996469233905632,0
457,328.73055555555555,0.47500000000002274,1.0305555555555657,0.7125000000000057,0.6666666666666933,0.03837503342469463,1.1118695221711108,66.66666666666667,1.0909090908912398,1.4463937621832386,0.0,0.9874825124728817,0
458,329.7611111111111,1.0305555555555657,0.7416666666666742,0.7125000000000057,1.4463937621832386,0.036197084898700674,1.0487661351301014,63.888888888888886,1.045454545437438,1.0409356725146222,0.0,0.9976514958093856,0
459,330.5027777777778,0.7416666666666742,0.7111111111111086,0.7125000000000057,1.0409356725146222,0.0374697644401946,1.0856404637597985,69.44444444444444,1.1363636363450413,0.9980506822611971,0.0,0.9965779471024797,0
460,331.2138888888889,0.7111111111111086,0.6916666666666629,0.7111111111111086,1.0,0.035533032687525286,1.029526036846275,61.111111111111114,0.9999999999836364,0.9726562499999981,0.0,0.9992995336926246,0
461,331.90555555555557,0.6916666666666629,0.6972222222221944,0.7097222222222115,0.9745596868884634,0.03416711316399737,0.989950194106504,58.333333333333336,0.9545454545298347,0.9823874755381362,0.0,0.9979223794258303,0
462,332.60277777777776,0.6972222222221944,0.49722222222226264,0.7069444444444457,0.9862475442042812,0.03424932825260409,0.992332275452799,58.333333333333336,0.9545454545298347,0.7033398821218634,0.0,0.9995938975524014,0
463,333.1,0.49722222222226264,0.908333333333303,0.7013888888888857,0.7089108910891697,0.037398865784456475,1.0835862621749892,66.66666666666667,1.0909090908912398,1.2950495049504576,0.0,0.27212930465808893,0
464,334.0083333333333,0.908333333333303,0.7333333333333485,0.7041666666666515,1.2899408284023515,0.03768138866206464,1.0917720160074915,66.66666666666667,1.0909090908912398,1.0414201183432392,0.0,0.9988642837863551,0
465,334.7416666666667,0.7333333333333485,0.7472222222222058,0.7111111111111086,1.031250000000025,0.0363441011704617,1.053025751272328,63.888888888888886,1.045454545437438,1.0507812499999807,0.0,0.9989182219889011,0
466,335.4888888888889,0.7472222222222058,0.716666666666697,0.7222222222222285,1.0346153846153527,0.03543481500181475,1.0266802998778886,63.888888888888886,1.045454545437438,0.9923076923077256,0.0,0.9993280043454225,0
467,336.2055555555556,0.716666666666697,0.7416666666666174,0.7250000000000227,0.9885057471264476,0.03624884714961967,1.050265882858237,63.888888888888886,1.045454545437438,1.0229885057470265,0.0,0.9993131130354254,0
468,336.9472222222222,0.7416666666666174,0.716666666666697,0.7250000000000227,1.0229885057470265,0.03709919841197702,1.0749037676332491,69.44444444444444,1.1363636363450413,0.9885057471264476,0.0,0.9984669925020109,0
469,337.6638888888889,0.716666666666697,0.7027777777777828,0.716666666666697,1.0,0.033956575527633245,0.9838501243410253,58.333333333333336,0.9545454545298347,0.9806201550387252,0.0,0.9990018877370608,0
470,338.3666666666667,0.7027777777777828,0.6750000000000114,0.716666666666697,0.9806201550387252,0.03444178790508554,0.9979085578099647,58.333333333333336,0.9545454545298347,0.9418604651162551,0.0,0.9990659186887421,0
471,339.0416666666667,0.6750000000000114,0.7083333333333144,0.716666666666697,0.9418604651162551,0.035087010600075,1.0166030939588304,61.111111111111114,0.9999999999836364,0.9883720930231875,0.0,0.9994388257128953,0
472,339.75,0.7083333333333144,0.7166666666666401,0.716666666666697,0.9883720930231875,0.03680111824210245,1.0662672603401024,66.66666666666667,1.0909090908912398,0.9999999999999207,0.0,0.9992753352054613,0
473,340.46666666666664,0.7166666666666401,0.75,0.716666666666697,0.9999999999999207,0.03626508553636272,1.0507363701959027,63.888888888888886,1.045454545437438,1.0465116279069324,0.0,0.9986771510257648,0
474,341.21666666666664,0.75,0.76111111111112,0.716666666666697,1.0465116279069324,0.03814686837826819,1.1052587198210844,69.44444444444444,1.1363636363450413,1.0620155038759365,0.0,0.9980665530767883,0
475,341.97777777777776,0.76111111111112,0.7361111111111427,0.716666666666697,1.0620155038759365,0.036864738864396944,1.0681105898332122,63.888888888888886,1.045454545437438,1.0271317829457371,0.0,0.9990964088771891,0
476,342.7138888888889,0.7361111111111427,0.6972222222221944,0.716666666666697,1.0271317829457371,0.03805259654023028,1.1025273089489844,63.888888888888886,1.045454545437438,0.9728682170541836,0.0,0.9981138612178846,0
477,343.4111111111111,0.6972222222221944,0.6972222222222513,0.7166666666666686,0.9728682170542222,0.034229904895473,0.9917695075048651,55.55555555555556,0.9090909090760331,0.9728682170543015,0.0,0.9934839521326075,0
478,344.10833333333335,0.6972222222222513,0.7249999999999659,0.7124999999999773,0.9785575048733663,0.0355820243105013,1.0309455090282504,61.111111111111114,0.9999999999836364,1.0175438596491073,0.0,0.9986287312035669,0
479,344.8333333333333,0.7249999999999659,0.6972222222222513,0.7124999999999773,1.0175438596491073,0.035771544773933066,1.0364366319879486,63.888888888888886,1.045454545437438,0.9785575048733663,0.0,0.9993436242687044,0
480,345.53055555555557,0.6972222222222513,0.7027777777777828,0.7124999999999773,0.9785575048733663,0.03836899894678507,1.1116946805756496,66.66666666666667,1.0909090908912398,0.9863547758284986,0.0,0.996683260499691,0
481,346.23333333333335,0.7027777777777828,0.7416666666666742,0.7124999999999773,0.9863547758284986,0.03676676643330728,1.0652719588166326,63.888888888888886,1.045454545437438,1.0409356725146637,0.0,0.9993378513839517,0
482,346.975,0.7416666666666742,0.7527777777777374,0.720833333333303,1.0289017341041,0.035220120765045125,1.0204597977141998,61.111111111111114,0.9999999999836364,1.0443159922928587,0.0,0.9998946372812819,0
483,347.72777777777776,0.7527777777777374,0.73888888888888,0.7305555555555543,1.0304182509505169,0.03673748957570435,1.0644236977789578,61.111111111111114,0.9999999999836364,1.0114068441064534,0.0,0.9981795464644119,0
484,348.46666666666664,0.73888888888888,0.7388888888889369,0.7305555555555543,1.0114068441064534,0.035675701843748846,1.0336597006480313,63.888888888888886,1.045454545437438,1.0114068441065314,0.0,0.99967581969611,0
485,349.2055555555556,0.7388888888889369,0.7083333333333144,0.7305555555555543,1.0114068441065314,0.03752284532446529,1.0871784172718466,66.66666666666667,1.0909090908912398,0.9695817490494054,0.0,0.9974479036201742,0
486,349.9138888888889,0.7083333333333144,0.3944444444444457,0.7166666666666401,0.988372093023266,0.035985007113496274,1.042621441441142,63.888888888888886,1.045454545437438,0.550387596899247,0.0,0.998823973063756,0
487,350.30833333333334,0.3944444444444457,0.9861111111110858,0.7166666666666401,0.550387596899247,0.03755962892687012,1.088244177032287,69.44444444444444,1.1363636363450413,1.3759689922480778,0.0,0.9812147880684878,0
488,351.2944444444444,0.9861111111110858,0.7444444444444684,0.731944444444423,1.3472485768501,0.03575238002422663,1.035881356872933,61.111111111111114,0.9999999999836364,1.0170777988615427,0.0,0.9983991545034898,0
489,352.0388888888889,0.7444444444444684,0.73888888888888,0.7388888888889085,1.007518796992487,0.037408628130968825,1.0838691141905648,66.66666666666667,1.0909090908912398,0.9999999999999616,0.0,0.998527922773496,0
490,352.77777777777777,0.73888888888888,0.7472222222222058,0.7388888888889085,0.9999999999999616,0.03708787792806243,1.074575770497675,66.66666666666667,1.0909090908912398,1.0112781954886727,0.0,0.9994602884638133,0
491,353.525,0.7472222222222058,0.7416666666666742,0.7402777777778056,1.0093808630393395,0.03514447940174793,1.0182681819953325,61.111111111111114,0.9999999999836364,1.0018761726078524,0.0,0.9997134070041913,0
492,354.26666666666665,0.7416666666666742,0.7277777777778169,0.7402777777778056,1.0018761726078524,0.03575423050474814,1.0359349722762206,63.888888888888886,1.045454545437438,0.9831144465290966,0.0,0.9997348309876722,0
493,354.99444444444447,0.7277777777778169,0.702777777777726,0.7388888888889085,0.9849624060150645,0.035635224569392505,1.0324869212735015,63.888888888888886,1.045454545437438,0.9511278195487769,0.0,0.9995354720069753,0
494,355.6972222222222,0.702777777777726,0.716666666666697,0.7388888888889085,0.9511278195487769,0.03599087726961682,1.042791522014326,63.888888888888886,1.045454545437438,0.9699248120300905,0.0,0.9981861916464579,0
495,356.4138888888889,0.716666666666697,0.7111111111111086,0.7333333333333485,0.9772727272727484,0.037265658373826296,1.0797267408459024,66.66666666666667,1.0909090908912398,0.9696969696969462,0.0,0.9993404144027367,0
496,357.125,0.7111111111111086,0.705555555555577,0.7333333333333485,0.9696969696969462,0.034447640557892005,0.9980781312460927,58.333333333333336,0.9545454545298347,0.9621212121212215,0.0,0.9993147003383123,0
497,357.8305555555556,0.705555555555577,0.7222222222222285,0.7333333333333485,0.9621212121212215,0.03658194373605546,1.059916947869658,63.888888888888886,1.045454545437438,0.9848484848484731,0.0,0.9991707242528469,0
498,358.5527777777778,0.7222222222222285,0.7555555555555316,0.7250000000000227,0.9961685823754564,0.03709765557017708,1.0748590656845654,66.66666666666667,1.0909090908912398,1.042145593869666,0.0,0.9990077943274837,0
499,359.30833333333334,0.7555555555555316,0.76111111111112,0.7250000000000227,1.042145593869666,0.03878784427636263,1.1238302102390927,69.44444444444444,1.1363636363450413,1.0498084291187533,0.0,0.9978888127391584,0
500,360.06944444444446,0.76111111111112,0.73888888888888,0.7250000000000227,1.0498084291187533,0.036801242089071214,1.0662708486541101,63.888888888888886,1.045454545437438,1.0191570881225611,0.0,0.9987868585035458,0
501,360.80833333333334,0.73888888888888,0.6999999999999886,0.7250000000000227,1.0191570881225611,0.036780175256257555,1.0656604630141824,66.66666666666667,1.0909090908912398,0.9655172413792644,0.0,0.9994182101117514,0
502,361.5083333333333,0.6999999999999886,0.6916666666666629,0.7194444444444628,0.9729729729729324,0.035334615537270374,1.0237771432986666,63.888888888888886,1.045454545437438,0.9613899613899316,0.0,0.9982236851552938,0
503,362.2,0.6916666666666629,0.6999999999999886,0.7138888888889028,0.9688715953307151,0.03545816522273869,1.0273568438874783,63.888888888888886,1.045454545437438,0.980544747081677,0.0,0.9995046928847033,0
504,362.9,0.6999999999999886,0.7111111111111086,0.7138888888889028,0.980544747081677,0.03492621397438659,1.0119442089647173,61.111111111111114,0.9999999999836364,0.9961089494163194,0.0,0.9990758107135287,0
505,363.6111111111111,0.7111111111111086,0.7250000000000227,0.7111111111111086,1.0,0.03408360413609586,0.9875306224563051,61.111111111111114,0.9999999999836364,1.0195312500000355,0.0,0.9992783096965988,0
506,364.3361111111111,0.7250000000000227,0.7305555555555543,0.7166666666666686,1.0116279069767733,0.03600519269796455,1.043206293991213,63.888888888888886,1.045454545437438,1.019379844961236,0.0,0.9985245058780784,0
507,365.06666666666666,0.7305555555555543,0.7416666666666742,0.7236111111111256,1.0095969289827036,0.037714585544313915,1.0927338549509416,69.44444444444444,1.1363636363450413,1.0249520153550762,0.0,0.9984688599650855,0
508,365.80833333333334,0.7416666666666742,0.7277777777777601,0.7277777777777885,1.0190839694656442,0.03650384554293417,1.0576541485202167,63.888888888888886,1.045454545437438,0.9999999999999609,0.0,0.9987425349266781,0
509,366.5361111111111,0.7277777777777601,0.73888888888888,0.7263888888888914,1.0019120458890736,0.03626151412036823,1.0506328927982072,63.888888888888886,1.045454545437438,1.0172084130018963,0.0,0.9982612737493113,0
510,367.275,0.73888888888888,0.6944444444444571,0.7263888888888914,1.0172084130018963,0.03647769357524745,1.0568964273348338,63.888888888888886,1.045454545437438,0.9560229445506833,0.0,0.9994431609078085,0
511,367.96944444444443,0.6944444444444571,0.6916666666666629,0.7180555555555657,0.9671179883945881,0.03531797904356412,1.023295121300065,63.888888888888886,1.045454545437438,0.963249516440987,0.0,0.9993285019071628,0
512,368.6611111111111,0.6916666666666629,0.6833333333333371,0.7180555555555657,0.963249516440987,0.03466427867845189,1.0043549550582112,58.333333333333336,0.9545454545298347,0.9516441005802627,0.0,0.9979179565186667,0
513,369.34444444444443,0.6833333333333371,0.716666666666697,0.7180555555555657,0.9516441005802627,0.03463019981813366,1.0033675618820588,61.111111111111114,0.9999999999836364,0.998065764023239,0.0,0.99913763493759,0
514,370.06111111111113,0.716666666666697,0.7305555555555543,0.7208333333333599,0.9942196531791962,0.03703943471783509,1.0731721879024023,66.66666666666667,1.0909090908912398,1.0134874759151826,0.0,0.9981376608818282,0
515,370.7916666666667,0.7305555555555543,0.7555555555555316,0.7263888888888914,1.0057361376672989,0.03898835351886956,1.129639719593516,69.44444444444444,1.1363636363450413,1.0401529636710916,0.0,0.9971548989847168,0
516,371.5472222222222,0.7555555555555316,0.7472222222222058,0.7291666666666572,1.0361904761904568,0.03873430925579627,1.122279098684927,69.44444444444444,1.1363636363450413,1.0247619047618957,0.0,0.9968051473436185,0
517,372.2944444444444,0.7472222222222058,0.7277777777778169,0.7291666666666572,1.0247619047618957,0.035564486358886184,1.0304373683924795,61.111111111111114,0.9999999999836364,0.9980952380953048,0.0,0.9981571549561429,0
518,373.02222222222224,0.7277777777778169,0.6861111111110745,0.7277777777777885,1.000000000000039,0.03502046430341345,1.014674996639605,63.888888888888886,1.045454545437438,0.9427480916029892,0.0,0.9982858892670885,0
519,373.7083333333333,0.6861111111110745,0.705555555555577,0.722222222222257,0.9499999999999036,0.035343215852288105,1.0240263268770484,63.888888888888886,1.045454545437438,0.9769230769230597,0.0,0.9980395896751655,0
520,374.4138888888889,0.705555555555577,0.7166666666666401,0.711111111111137,0.9921874999999941,0.03712042088649863,1.0755186628007527,66.66666666666667,1.0909090908912398,1.007812499999926,0.0,0.9990527702385517,0
521,375.13055555555553,0.7166666666666401,0.7111111111111086,0.7166666666666686,0.9999999999999604,0.03545711565643851,1.0273264339913424,61.111111111111114,0.9999999999836364,0.9922480620154978,0.0,0.9998510460718826,0
522,375.84166666666664,0.7111111111111086,0.7083333333333712,0.7166666666666686,0.9922480620154978,0.03673401616259177,1.064323059894554,61.111111111111114,0.9999999999836364,0.9883720930233061,0.0,0.9997191664121358,0
523,376.55,0.7083333333333712,0.7472222222222058,0.7166666666666686,0.9883720930233061,0.038278306024623225,1.1090669644011144,69.44444444444444,1.1363636363450413,1.042635658914703,0.0,0.9973696212098847,0
524,377.2972222222222,0.7472222222222058,0.7444444444444684,0.7222222222222285,1.0346153846153527,0.03796787823699694,1.1000727000293586,69.44444444444444,1.1363636363450413,1.030769230769255,0.0,0.9972465182604204,0
525,378.0416666666667,0.7444444444444684,0.7472222222222058,0.7222222222222285,1.030769230769255,0.036930912389848886,1.0700278865638848,66.66666666666667,1.0909090908912398,1.0346153846153527,0.0,0.9992678226519529,0
526,378.7888888888889,0.7472222222222058,0.7277777777777601,0.7222222222222285,1.0346153846153527,0.03635336668116532,1.0532942080797707,63.888888888888886,1.045454545437438,1.0076923076922744,0.0,0.9994897815091095,0
527,379.51666666666665,0.7277777777777601,0.6999999999999886,0.7222222222222001,1.007692307692314,0.03658190480791834,1.0599158199746348,63.888888888888886,1.045454545437438,0.9692307692307831,0.0,0.9993848342381964,0
528,380.21666666666664,0.6999999999999886,0.6861111111111313,0.7138888888888744,0.9805447470817161,0.03712223112219257,1.075571112159526,63.888888888888886,1.045454545437438,0.961089494163472,0.0,0.9991372391777221,0
529,380.90277777777777,0.6861111111111313,0.705555555555577,0.7138888888888744,0.961089494163472,0.03550971716736442,1.0288504982487308,61.111111111111114,0.9999999999836364,0.9883268482490775,0.0,0.9982003797335205,0
530,381.60833333333335,0.705555555555577,0.7527777777777374,0.7138888888888744,0.9883268482490775,0.03648638123178843,1.0571481415267172,63.888888888888886,1.045454545437438,1.0544747081711712,0.0,0.9980739832257093,0
531,382.3611111111111,0.7527777777777374,0.7416666666666742,0.7194444444444343,1.046332046332005,0.03747266677081816,1.0857245552295802,66.66666666666667,1.0909090908912398,1.030888030888056,0.0,0.9985020420005779,0
532,383.10277777777776,0.7416666666666742,0.7416666666666742,0.7347222222222172,1.009451795841227,0.038187327986556274,1.1064309873429559,69.44444444444444,1.1363636363450413,1.009451795841227,0.0,0.9981582408644771,0
533,383.84444444444443,0.7416666666666742,0.7305555555555543,0.7416666666666742,1.0,0.036566588675989296,1.059472053838955,66.66666666666667,1.0909090908912398,0.9850187265917485,0.0,0.9994979311586178,0
534,384.575,0.7305555555555543,0.7361111111111427,0.7361111111111143,0.9924528301886733,0.03761367860809981,1.0898102002478833,63.888888888888886,1.045454545437438,1.0000000000000386,0.0,0.9974997921472318,0
535,385.31111111111113,0.7361111111111427,0.6944444444444002,0.7333333333333485,1.003787878787901,0.03494720627121963,1.0125524350160333,61.111111111111114,0.9999999999836364,0.9469696969696171,0.0,0.9998270970876659,0
536,386.00555555555553,0.6944444444444002,0.7138888888889028,0.7291666666666572,0.9523809523809041,0.035529467670002715,1.029422744836455,61.111111111111114,0.9999999999836364,0.9790476190476508,0.0,0.999926874014511,0
537,386.71944444444443,0.7138888888889028,0.705555555555577,0.7222222222222285,0.988461538461549,0.036205245709575354,1.0490025846150397,61.111111111111114,0.9999999999836364,0.9769230769230981,0.0,0.9993123773391419,0
538,387.425,0.705555555555577,0.7111111111111086,0.7222222222222285,0.9769230769230981,0.034730299934167236,1.0062678399600422,58.333333333333336,0.9545454545298347,0.9846153846153725,0.0,0.9992367452762442,0
539,388.1361111111111,0.7111111111111086,0.7361111111110858,0.7222222222222285,0.9846153846153725,0.035154321323972865,1.0185533396195716,63.888888888888886,1.045454545437438,1.0192307692307254,0.0,0.9984581892559821,0
540,388.8722222222222,0.7361111111110858,0.7750000000000341,0.7333333333333201,1.0037878787878625,0.037946108159225035,1.099441938729375,66.66666666666667,1.0909090908912398,1.0568181818182474,0.0,0.9986409484390923,0
541,389.64722222222224,0.7750000000000341,0.7527777777777374,0.7333333333333201,1.0568181818182474,0.03612507360691545,1.046679696280601,63.888888888888886,1.045454545437438,1.026515151515115,0.0,0.9976899183059728,0
542,390.4,0.7527777777777374,0.7305555555555543,0.7333333333333201,1.026515151515115,0.03778715557919419,1.0948364826962595,63.888888888888886,1.045454545437438,0.9962121212121375,0.0,0.9983372669401567,0
543,391.13055555555553,0.7305555555555543,0.7027777777777828,0.7305555555555543,1.0,0.036132273602803244,1.0468883073298423,61.111111111111114,0.9999999999836364,0.9619771863117956,0.0,0.9993301879617101,0
544,391.8333333333333,0.7027777777777828,0.6916666666666629,0.7222222222222285,0.9730769230769216,0.035717982580317206,1.0348847331280044,61.111111111111114,0.9999999999836364,0.9576923076922941,0.0,0.9998504814418021,0
545,392.525,0.6916666666666629,0.6944444444444571,0.7125000000000057,0.9707602339181156,0.034380826621036864,0.996142279380549,61.111111111111114,0.9999999999836364,0.9746588693957214,0.0,0.9991631014358759,0
546,393.21944444444443,0.6944444444444571,0.7333333333333485,0.7125000000000057,0.9746588693957214,0.03666214258513247,1.062240611148725,63.888888888888886,1.045454545437438,1.0292397660818844,0.0,0.9996315016272328,0
547,393.9527777777778,0.7333333333333485,0.75,0.7208333333333314,1.0173410404624514,0.036674483678463585,1.0625981791902503,63.888888888888886,1.045454545437438,1.0404624277456676,0.0,0.999436477780604,0
548,394.7027777777778,0.75,0.7416666666666742,0.7319444444444514,1.0246679316887948,0.03490566341573442,1.0113487817353501,63.888888888888886,1.045454545437438,1.0132827324478186,0.0,0.9995071379241127,0
549,395.44444444444446,0.7416666666666742,0.7305555555555543,0.7347222222222172,1.009451795841227,0.03804521998743782,1.1023135823799974,66.66666666666667,1.0909090908912398,0.9943289224952793,0.0,0.9989454231322821,0
550,396.175,0.7305555555555543,0.75,0.7319444444444514,0.9981024667931577,0.03583710238730974,1.0383360834217263,63.888888888888886,1.045454545437438,1.0246679316887948,0.0,0.9978542210914025,0
551,396.925,0.75,0.7277777777777601,0.7319444444444514,1.0246679316887948,0.037627528960186875,1.090211497210586,63.888888888888886,1.045454545437438,0.9943074003794731,0.0,0.9978130382948136,0
552,397.65277777777777,0.7277777777777601,0.7027777777777828,0.7305555555555543,0.9961977186311562,0.035234234953455366,1.0208687390107416,61.111111111111114,0.9999999999836364,0.9619771863117956,0.0,0.9998097057559965,0
553,398.35555555555555,0.7027777777777828,0.6888888888888687,0.7291666666666572,0.9638095238095432,0.03682818446140067,1.0670514708444956,63.888888888888886,1.045454545437438,0.9447619047618894,0.0,0.9987626014917711,0
554,399.0444444444444,0.6888888888888687,0.7083333333333712,0.7291666666666572,0.9447619047618894,0.035949867493661636,1.041603314059143,63.888888888888886,1.045454545437438,0.971428571428636,0.0,0.9982816858524761,0
555,399.7527777777778,0.7083333333333712,0.7333333333332916,0.7291666666666572,0.971428571428636,0.03675042160439747,1.0647983874477482,66.66666666666667,1.0909090908912398,1.0057142857142416,0.0,0.9994844372986063,0
556,400.4861111111111,0.7333333333332916,0.7583333333333826,0.731944444444423,1.0018975332068036,0.03663382349423408,1.0614201002265051,63.888888888888886,1.045454545437438,1.036053130929889,0.0,0.999691290003839,0
557,401.24444444444447,0.7583333333333826,0.7611111111110631,0.731944444444423,1.036053130929889,0.03779531666004365,1.095072940003386,66.66666666666667,1.0909090908912398,1.0398481973434184,0.0,0.9980479240038658,0
558,402.00555555555553,0.7611111111110631,0.7333333333333485,0.731944444444423,1.0398481973434184,0.03803421044283398,1.1019945943295502,66.66666666666667,1.0909090908912398,1.0018975332068811,0.0,0.9988060597035293,0
559,402.7388888888889,0.7333333333333485,0.7194444444444343,0.731944444444423,1.0018975332068811,0.03811864515743423,1.104440986616386,66.66666666666667,1.0909090908912398,0.9829222011385349,0.0,0.998207349923032,0
560,403.4583333333333,0.7194444444444343,0.6972222222222513,0.7305555555555259,0.984790874524741,0.03572955011834038,1.035219888353335,63.888888888888886,1.045454545437438,0.954372623574223,0.0,0.9996471420459259,0
561,404.15555555555557,0.6972222222222513,0.7111111111111086,0.7236111111110972,0.9635316698657016,0.03595200948645985,1.0416653756730754,61.111111111111114,0.9999999999836364,0.9827255278311094,0.0,0.9981235842321641,0
562,404.8666666666667,0.7111111111111086,0.7111111111111086,0.7152777777777715,0.9941747572815587,0.03739727563857569,1.0835401896485868,63.888888888888886,1.045454545437438,0.9941747572815587,0.0,0.9981575088243939,0
563,405.5777777777778,0.7111111111111086,0.7194444444444343,0.7152777777777715,0.9941747572815587,0.03603962304920513,1.0442038711856974,61.111111111111114,0.9999999999836364,1.0058252427184413,0.0,0.9987235164975137,0
564,406.2972222222222,0.7194444444444343,0.7333333333333485,0.7194444444444343,1.0,0.03538833990490004,1.0253337409517362,61.111111111111114,0.9999999999836364,1.0193050193050548,0.0,0.9999099843024196,0
565,407.03055555555557,0.7333333333333485,0.75,0.726388888888863,1.0095602294455635,0.03755720960530264,1.0881740801574402,66.66666666666667,1.0909090908912398,1.0325047801147595,0.0,0.9981437791130914,0
566,407.78055555555557,0.75,0.4111111111110972,0.7263888888888914,1.0325047801147191,0.03751213359687053,1.0868680581039312,69.44444444444444,1.1363636363450413,0.565965583173975,0.0,0.997290596451486,0
567,408.19166666666666,0.4111111111110972,1.0500000000000114,0.7194444444444343,0.5714285714285602,0.03747332274274888,1.0857435612116493,69.44444444444444,1.1363636363450413,1.4594594594594958,0.0,0.9785613724731431,0
568,409.2416666666667,1.0500000000000114,0.7111111111111086,0.7194444444444343,1.4594594594594958,0.03626901394103269,1.0508501909025836,63.888888888888886,1.045454545437438,0.9884169884169988,0.0,0.9981529353116301,0
569,409.9527777777778,0.7111111111111086,0.6972222222221944,0.7152777777777715,0.9941747572815587,0.03526736185744794,1.0218285504200402,61.111111111111114,0.9999999999836364,0.9747572815533678,0.0,0.9994015255263334,0
570,410.65,0.6972222222221944,0.6888888888889255,0.7111111111111086,0.9804687499999644,0.035235757481152895,1.0209128523832254,58.333333333333336,0.9545454545298347,0.968750000000055,0.0,0.9995256920532385,0
571,411.3388888888889,0.6888888888889255,0.7222222222222285,0.7111111111111086,0.968750000000055,0.036084316965630324,1.0454988225919848,61.111111111111114,0.9999999999836364,1.0156250000000124,0.0,0.9998770975798503,0
572,412.06111111111113,0.7222222222222285,0.75,0.7152777777777715,1.0097087378640954,0.03748370753779062,1.0860444479098605,66.66666666666667,1.0909090908912398,1.0485436893203977,0.0,0.998669718276326,0
573,412.81111111111113,0.75,0.7555555555555316,0.7208333333333314,1.0404624277456676,0.037226150488642626,1.0785820483335855,63.888888888888886,1.045454545437438,1.0481695568400464,0.0,0.9988533542448415,0
574,413.56666666666666,0.7555555555555316,0.7194444444444343,0.7277777777777885,1.0381679389312495,0.038917716443615205,1.1275930969823658,66.66666666666667,1.0909090908912398,0.9885496183205822,0.0,0.9979406493704075,0
575,414.2861111111111,0.7194444444444343,0.716666666666697,0.7208333333333314,0.9980732177263856,0.03736597816118247,1.0826333836310065,63.888888888888886,1.045454545437438,0.9942196531792354,0.0,0.9987143626674428,0
576,415.0027777777778,0.716666666666697,0.6999999999999886,0.7180555555555657,0.998065764023239,0.03650897518557851,1.0578027736237507,63.888888888888886,1.045454545437438,0.9748549323017113,0.0,0.9993841571106261,0
577,415.7027777777778,0.6999999999999886,0.6999999999999886,0.7180555555555657,0.9748549323017113,0.03492507839777811,1.0119113070253993,61.111111111111114,0.9999999999836364,0.9748549323017113,0.0,0.9990936723981819,0
578,416.40277777777777,0.6999999999999886,0.7111111111111086,0.7138888888889028,0.980544747081677,0.03507128624605487,1.0161475000887918,61.111111111111114,0.9999999999836364,0.9961089494163194,0.0,0.9985593521800326,0
579,417.1138888888889,0.7111111111111086,0.7027777777777828,0.7138888888889028,0.9961089494163194,0.03552883174811682,1.029404319779841,58.333333333333336,0.9545454545298347,0.9844357976653576,0.0,0.9997126439341839,0
580,417.81666666666666,0.7027777777777828,0.7138888888889028,0.7138888888889028,0.9844357976653576,0.03710054051582576,1.0749426534460245,63.888888888888886,1.045454545437438,1.0,0.0,0.9994257523163355,0
581,418.53055555555557,0.7138888888889028,0.7361111111110858,0.7152777777777999,0.998058252427173,0.03658493085424491,1.0600034959551599,63.888888888888886,1.045454545437438,1.029126213592166,0.0,0.9988842510583646,0
582,419.26666666666665,0.7361111111110858,0.7666666666667084,0.7152777777777999,1.029126213592166,0.03828518355273635,1.1092662323421278,66.66666666666667,1.0909090908912398,1.0718446601942,0.0,0.9978762125271702,0
583,420.03333333333336,0.7666666666667084,0.7249999999999659,0.7152777777777999,1.0718446601942,0.0375836148477777,1.088939139669145,66.66666666666667,1.0909090908912398,1.0135922330096296,0.0,0.9981957532745427,0
584,420.7583333333333,0.7249999999999659,0.6944444444444571,0.7152777777777999,1.0135922330096296,0.036218073264241396,1.0493742472770449,63.888888888888886,1.045454545437438,0.9708737864077547,0.0,0.9990450850840191,0
585,421.4527777777778,0.6944444444444571,0.6916666666666629,0.7125000000000057,0.9746588693957214,0.03512972421187686,1.0178406684677237,61.111111111111114,0.9999999999836364,0.9707602339181156,0.0,0.9991998303661744,0
586,422.14444444444445,0.6916666666666629,0.6972222222221944,0.7069444444444457,0.9783889980353564,0.03453456112985799,1.000596548200916,61.111111111111114,0.9999999999836364,0.9862475442042812,0.0,0.9991395172245359,0
587,422.84166666666664,0.6972222222221944,0.6972222222222513,0.7069444444444457,0.9862475442042812,0.03538276523988378,1.025172221870846,61.111111111111114,0.9999999999836364,0.9862475442043616,0.0,0.9986817314932284,0
588,423.5388888888889,0.6972222222222513,0.7222222222222285,0.7069444444444457,0.9862475442043616,0.037414859917304165,1.0840496725556419,63.888888888888886,1.045454545437438,1.0216110019646436,0.0,0.9990316208092455,0
589,424.2611111111111,0.7222222222222285,0.7416666666666742,0.7083333333333428,1.0196078431372502,0.038268092894235925,1.1087710514756994,69.44444444444444,1.1363636363450413,1.0470588235294085,0.0,0.9983368778952798,0
590,425.0027777777778,0.7416666666666742,0.7416666666666742,0.7180555555555657,1.0328820116054118,0.03732589298415574,1.0814719647956506,66.66666666666667,1.0909090908912398,1.0328820116054118,0.0,0.9990404480416901,0
591,425.74444444444447,0.7416666666666742,0.7249999999999659,0.7236111111110972,1.0249520153551166,0.03735346117922079,1.0822707194321577,63.888888888888886,1.045454545437438,1.0019193857965172,0.0,0.9987910454432734,0
592,426.46944444444443,0.7249999999999659,0.7416666666666742,0.7236111111110972,1.0019193857965172,0.036819453488144235,1.0667985016039145,63.888888888888886,1.045454545437438,1.0249520153551166,0.0,0.9976710346461,0
593,427.2111111111111,0.7416666666666742,0.7138888888889028,0.7236111111110972,1.0249520153551166,0.0367241026515843,1.0640358280731526,66.66666666666667,1.0909090908912398,0.9865642994242224,0.0,0.9994772749477763,0
594,427.925,0.7138888888889028,0.6999999999999886,0.7180555555555657,0.9941972920696378,0.03546792718871406,1.0276396848774618,61.111111111111114,0.9999999999836364,0.9748549323017113,0.0,0.9984565683422763,0
595,428.625,0.6999999999999886,0.6944444444444571,0.7180555555555657,0.9748549323017113,0.035702573024175954,1.0344382601403714,63.888888888888886,1.045454545437438,0.9671179883945881,0.0,0.9997331816648672,0
596,429.31944444444446,0.6944444444444571,0.7249999999999659,0.7180555555555657,0.9671179883945881,0.03622859085327105,1.049678981518169,61.111111111111114,0.9999999999836364,1.0096711798838842,0.0,0.9994499159429023,0
597,430.0444444444444,0.7249999999999659,0.7305555555555543,0.7236111111110972,1.0019193857965172,0.03673811099807653,1.064441702729947,66.66666666666667,1.0909090908912398,1.0095969289827431,0.0,0.9982096366256731,0
598,430.775,0.7305555555555543,0.76111111111112,0.7249999999999659,1.0076628352490877,0.03830718151280834,1.1099035962522332,69.44444444444444,1.1363636363450413,1.0498084291188354,0.0,0.9978807642665701,0
599,431.5361111111111,0.76111111111112,0.7638888888889142,0.7277777777777601,1.0458015267175949,0.036992581446418406,1.071814671833929,69.44444444444444,1.1363636363450413,1.0496183206107472,0.0,0.9984848831427571,0
600,432.3,0.7638888888889142,0.7166666666666401,0.7277777777777601,1.0496183206107472,0.03737867569643163,1.0830012791398909,63.888888888888886,1.045454545437438,0.9847328244274683,0.0,0.9978694917410896,0
601,433.01666666666665,0.7166666666666401,0.6944444444444571,0.7249999999999659,0.9885057471264467,0.03501752130902598,1.014589726987143,61.111111111111114,0.9999999999836364,0.9578544061303307,0.0,0.9987291555986595,0
602,433.7111111111111,0.6944444444444571,0.7027777777777828,0.720833333333303,0.9633911368015995,0.03313213036768171,0.9599628371064631,55.55555555555556,0.9090909090760331,0.974951830443208,0.0,0.9981911290004088,0
603,434.4138888888889,0.7027777777777828,0.7166666666666401,0.7152777777777715,0.982524271844676,0.03659711760535001,1.0603565921200047,61.111111111111114,0.9999999999836364,1.0019417475727872,0.0,0.999438070938093,0
604,435.13055555555553,0.7166666666666401,0.4388888888889255,0.7166666666666401,1.0,0.03470288435578851,1.0054735072048198,58.333333333333336,0.9545454545298347,0.6124031007752676,0.0,0.9991617386353348,0
605,435.56944444444446,0.4388888888889255,1.0,0.7166666666666401,0.6124031007752676,0.03811907308899592,1.1044533854084795,66.66666666666667,1.0909090908912398,1.3953488372093539,0.0,0.986112193973492,0
606,436.56944444444446,1.0,0.73888888888888,0.720833333333303,1.387283236994278,0.036133763056962025,1.0469314624371093,63.888888888888886,1.045454545437438,1.025048169556871,0.0,0.9989934564498602,0
607,437.30833333333334,0.73888888888888,0.7416666666666742,0.7236111111110972,1.0211132437620036,0.03550829904607824,1.0288094099239495,63.888888888888886,1.045454545437438,1.0249520153551166,0.0,0.9995195408981659,0
608,438.05,0.7416666666666742,0.73888888888888,0.7277777777777601,1.0190839694656841,0.035471078966485194,1.0277310037723693,61.111111111111114,0.9999999999836364,1.0152671755725315,0.0,0.9998691479832498,0
609,438.7888888888889,0.73888888888888,0.7166666666666401,0.7277777777777601,1.0152671755725315,0.03598356245599169,1.0425795842619825,63.888888888888886,1.045454545437438,0.9847328244274683,0.0,0.9992474523934001,0
610,439.50555555555553,0.7166666666666401,0.6888888888889255,0.7166666666666401,1.0,0.03563079878180216,1.0323586895067993,63.888888888888886,1.045454545437438,0.961240310077606,0.0,0.9977649317777164,0
611,440.19444444444446,0.6888888888889255,0.6916666666666629,0.7166666666666401,0.961240310077606,0.03500426872787655,1.0142057497041246,61.111111111111114,0.9999999999836364,0.9651162790697979,0.0,0.9995637654001892,0
612,440.8861111111111,0.6916666666666629,0.6888888888888687,0.7166666666666401,0.9651162790697979,0.036431335669210675,1.0555532638706218,63.888888888888886,1.045454545437438,0.9612403100775267,0.0,0.9963922399262144,0
613,441.575,0.6888888888888687,0.7333333333333485,0.7166666666666401,0.9612403100775267,0.03761567026252187,1.0898679059917735,66.66666666666667,1.0909090908912398,1.0232558139535475,0.0,0.9971119333762974,0
614,442.30833333333334,0.7333333333333485,0.73888888888888,0.7249999999999943,1.011494252873592,0.037740369228974995,1.0934809055873973,69.44444444444444,1.1363636363450413,1.019157088122601,0.0,0.996535619136762,0
615,443.0472222222222,0.73888888888888,0.7444444444444684,0.7361111111111143,1.0037735849056442,0.0374525121915061,1.0851406010158795,66.66666666666667,1.0909090908912398,1.0113207547170093,0.0,0.9985717846575178,0
616,443.7916666666667,0.7444444444444684,0.7277777777777601,0.7361111111111143,1.0113207547170093,0.03467066178567275,1.0045398977603341,61.111111111111114,0.9999999999836364,0.9886792452829906,0.0,0.99940217686604,0
617,444.51944444444445,0.7277777777777601,0.7083333333333144,0.7305555555555543,0.9961977186311562,0.03685096191104076,1.0677114195087047,63.888888888888886,1.045454545437438,0.9695817490494054,0.0,0.9993604140724851,0
618,445.22777777777776,0.7083333333333144,0.6916666666666629,0.7222222222222001,0.9807692307692345,0.036487881083698374,1.0571915978960704,63.888888888888886,1.045454545437438,0.9576923076923317,0.0,0.998739493389628,0
619,445.9194444444444,0.6916666666666629,0.6944444444444571,0.7124999999999773,0.9707602339181544,0.03405241708683583,0.9866270159584314,58.333333333333336,0.9545454545298347,0.9746588693957603,0.0,0.9979587921769717,0
620,446.6138888888889,0.6944444444444571,0.705555555555577,0.7013888888888857,0.9900990099010125,0.03566055067789078,1.0332207142019085,63.888888888888886,1.045454545437438,1.005940594059441,0.0,0.9990108188991742,0
621,447.31944444444446,0.705555555555577,0.7027777777777828,0.7069444444444457,0.9980353634577889,0.034929194539904854,1.012030567194609,61.111111111111114,0.9999999999836364,0.9941060903732863,0.0,0.998705992374712,0
622,448.02222222222224,0.7027777777777828,0.7194444444444343,0.7069444444444457,0.9941060903732863,0.036506830935836634,1.0577406466176442,63.888888888888886,1.045454545437438,1.017681728880141,0.0,0.9992406256373669,0
623,448.7416666666667,0.7194444444444343,0.7444444444444116,0.7138888888888744,1.0077821011673216,0.037984477667765824,1.1005536481748117,69.44444444444444,1.1363636363450413,1.0428015564202087,0.0,0.9976287890267208,0
624,449.4861111111111,0.7444444444444116,0.7638888888889142,0.7138888888888744,1.0428015564202087,0.038814214848722155,1.1245942652267267,69.44444444444444,1.1363636363450413,1.0700389105058938,0.0,0.9971212803364597,0
625,450.25,0.7638888888889142,0.7222222222222285,0.7138888888888744,1.0700389105058938,0.03745025965666786,1.0850753365819295,63.888888888888886,1.045454545437438,1.0116731517510023,0.0,0.9979591864913364,0
626,450.97222222222223,0.7222222222222285,0.6805555555555429,0.7138888888888744,1.0116731517510023,0.03554092415855414,1.0297546825395563,61.111111111111114,0.9999999999836364,0.9533073929961107,0.0,0.9998705195067015,0
627,451.65277777777777,0.6805555555555429,0.6861111111111313,0.7069444444444457,0.9626719056974263,0.03403661281207194,0.9861691064828741,58.333333333333336,0.9545454545298347,0.9705304518664316,0.0,0.9978711804538357,0
628,452.3388888888889,0.6861111111111313,0.6972222222221944,0.7041666666666799,0.9743589743589847,0.03531820863969978,1.0233017735664705,61.111111111111114,0.9999999999836364,0.9901380670610859,0.0,0.9990685912257292,0
629,453.0361111111111,0.6972222222221944,0.7027777777777828,0.7041666666666799,0.9901380670610859,0.03477053192679227,1.007433512597273,61.111111111111114,0.9999999999836364,0.9980276134122171,0.0,0.9984285166282537,0
630,453.7388888888889,0.7027777777777828,0.7277777777777601,0.7041666666666799,0.9980276134122171,0.036640448377430385,1.0616120480909512,63.888888888888886,1.045454545437438,1.0335305719920658,0.0,0.9982855388852396,0
631,454.46666666666664,0.7277777777777601,0.4194444444444798,0.7111111111111086,1.0234374999999787,0.03720400709578249,1.0779404706868334,66.66666666666667,1.0909090908912398,0.5898437500000518,0.0,0.9992620991812893,0
632,454.8861111111111,0.4194444444444798,1.0611111111110745,0.7111111111111086,0.5898437500000518,0.03836553059893658,1.1115941894510597,69.44444444444444,1.1363636363450413,1.4921874999999538,0.0,0.9826621492862124,0
633,455.9472222222222,1.0611111111110745,0.7361111111111427,0.7125000000000057,1.4892787524365838,0.037139135520471454,1.0760608963645044,63.888888888888886,1.045454545437438,1.0331384015594902,0.0,0.9991122704410562,0
634,456.68333333333334,0.7361111111111427,0.7305555555555543,0.7125000000000057,1.0331384015594902,0.03724177328434841,1.0790346996760385,66.66666666666667,1.0909090908912398,1.0253411306042786,0.0,0.9991109743688322,0
635,457.4138888888889,0.7305555555555543,0.7027777777777828,0.7125000000000057,1.0253411306042786,0.037329983678663255,1.0815904876513072,66.66666666666667,1.0909090908912398,0.9863547758284592,0.0,0.9992062484075277,0
636,458.1166666666667,0.7027777777777828,0.6944444444444571,0.7027777777777828,1.0,0.035331969289821116,1.0237004715247455,61.111111111111114,0.9999999999836364,0.9881422924901294,0.0,0.9995693497833759,0
637,458.81111111111113,0.6944444444444571,0.6916666666666629,0.7027777777777828,0.9881422924901294,0.03486215114156608,1.0100880669640373,58.333333333333336,0.9545454545298347,0.9841897233201456,0.0,0.999545852348819,0
638,459.5027777777778,0.6916666666666629,0.7194444444444343,0.7027777777777828,0.9841897233201456,0.03493944207155166,1.0123274768543211,58.333333333333336,0.9545454545298347,1.0237154150197412,0.0,0.9996723413456188,0
639,460.22222222222223,0.7194444444444343,0.4638888888889028,0.7111111111111086,1.0117187499999893,0.037401867201808825,1.0836732245611964,66.66666666666667,1.0909090908912398,0.6523437500000219,0.0,0.998484634906858,0
640,460.68611111111113,0.4638888888889028,1.0249999999999773,0.7111111111111086,0.6523437500000219,0.03845701193782412,1.1142447490331395,63.888888888888886,1.045454545437438,1.4414062499999731,0.0,0.9875711224274537,0
641,461.7111111111111,1.0249999999999773,0.7666666666666515,0.7111111111111086,1.4414062499999731,0.038795742946517824,1.124059064518229,69.44444444444444,1.1363636363450413,1.0781249999999825,0.0,0.9970818211755665,0
642,462.47777777777776,0.7666666666666515,0.7222222222222285,0.7249999999999943,1.0574712643678035,0.036710518011787985,1.0636422297981483,63.888888888888886,1.045454545437438,0.9961685823754954,0.0,0.9981881661159624,0
643,463.2,0.7222222222222285,0.6861111111111313,0.7208333333333314,1.0019267822736144,0.03555305314972348,1.0301061051811113,61.111111111111114,0.9999999999836364,0.9518304431599535,0.0,0.9998087209110278,0
644,463.8861111111111,0.6861111111111313,0.7083333333333144,0.7111111111111086,0.9648437500000319,0.03521375311878245,1.0202753029743756,61.111111111111114,0.9999999999836364,0.9960937499999769,0.0,0.9991010719097858,0
645,464.59444444444443,0.7083333333333144,0.716666666666697,0.7055555555555486,1.0039370078739989,0.03490633132475506,1.0113681335799574,61.111111111111114,0.9999999999836364,1.015748031496116,0.0,0.9998343654314161,0
646,465.31111111111113,0.716666666666697,0.7111111111111086,0.7125000000000057,1.0058479532164089,0.034901509290188024,1.011228421043147,58.333333333333336,0.9545454545298347,0.9980506822611971,0.0,0.9988491072604909,0
647,466.02222222222224,0.7111111111111086,0.7222222222222285,0.7138888888889028,0.9961089494163194,0.037128982934449106,1.0757667376377995,63.888888888888886,1.045454545437438,1.0116731517509618,0.0,0.9976996695470266,0
648,466.74444444444447,0.7222222222222285,0.7444444444444116,0.7180555555555657,1.0058027079303622,0.036930233440876585,1.0700082148502201,66.66666666666667,1.0909090908912398,1.0367504835589338,0.0,0.9993356597140152,0
649,467.4888888888889,0.7444444444444116,0.73888888888888,0.7194444444444628,1.0347490347489627,0.03745741214935879,1.0852825712843097,69.44444444444444,1.1363636363450413,1.0270270270269886,0.0,0.9982025878593376,0
650,468.22777777777776,0.73888888888888,0.7361111111111427,0.7222222222222285,1.023076923076902,0.03674587836558099,1.064666752675836,63.888888888888886,1.045454545437438,1.019230769230804,0.0,0.9991082971405851,0
651,468.9638888888889,0.7361111111111427,0.7222222222222285,0.7222222222222285,1.019230769230804,0.034667679964000185,1.0044535031349124,58.333333333333336,0.9545454545298347,1.0,0.0,0.9997419099968826,0
652,469.68611111111113,0.7222222222222285,0.6888888888888687,0.7222222222222285,1.0,0.035444062964954386,1.026948248266189,61.111111111111114,0.9999999999836364,0.9538461538461175,0.0,0.9995702678196736,0
653,470.375,0.6888888888888687,0.6972222222221944,0.7194444444444628,0.9575289575289051,0.035660919095077306,1.0332313886379831,61.111111111111114,0.9999999999836364,0.9691119691119058,0.0,0.9993589192135751,0
654,471.0722222222222,0.6972222222221944,0.7111111111111654,0.7194444444444628,0.9691119691119058,0.0361917923669822,1.0486127905154463,61.111111111111114,0.9999999999836364,0.9884169884170387,0.0,0.9997485315415278,0
655,471.78333333333336,0.7111111111111654,0.7555555555555316,0.7194444444444628,0.9884169884170387,0.03608650186818054,1.0455621274633478,61.111111111111114,0.9999999999836364,1.0501930501929901,0.0,0.9998331152356101,0
656,472.5388888888889,0.7555555555555316,0.7416666666666742,0.7222222222222285,1.0461538461538038,0.03769245332932825,1.0920926011693914,66.66666666666667,1.0909090908912398,1.0269230769230784,0.0,0.99833676350364,0
657,473.28055555555557,0.7416666666666742,0.7472222222222058,0.7291666666666856,1.0171428571428411,0.03784366930764818,1.096473898657748,66.66666666666667,1.0909090908912398,1.0247619047618557,0.0,0.9983880825138919,0
658,474.02777777777777,0.7472222222222058,0.73888888888888,0.7375000000000114,1.0131826741995855,0.0363637418607091,1.0535948161807231,63.888888888888886,1.045454545437438,1.0018832391713473,0.0,0.9995122432803837,0
659,474.76666666666665,0.73888888888888,0.7222222222222285,0.7375000000000114,1.0018832391713473,0.03631276144644061,1.0521177212105255,63.888888888888886,1.045454545437438,0.979284369114871,0.0,0.9990501787518704,0
660,475.4888888888889,0.7222222222222285,0.6972222222222513,0.7291666666666856,0.9904761904761734,0.03537757810815799,1.0250219310916935,61.111111111111114,0.9999999999836364,0.9561904761904911,0.0,0.9993423049020093,0
661,476.18611111111113,0.6972222222222513,0.7083333333333144,0.7222222222222285,0.9653846153846471,0.036440748431051134,1.0558259870991344,63.888888888888886,1.045454545437438,0.980769230769196,0.0,0.9991216097938793,0
662,476.89444444444445,0.7083333333333144,0.705555555555577,0.716666666666697,0.9883720930231875,0.03650018109103248,1.057547975521229,63.888888888888886,1.045454545437438,0.9844961240309961,0.0,0.9991500242310478,0
663,477.6,0.705555555555577,0.7249999999999659,0.716666666666697,0.9844961240309961,0.03471740033143197,1.0058940897936064,58.333333333333336,0.9545454545298347,1.0116279069766538,0.0,0.9995634520922403,0
664,478.325,0.7249999999999659,0.7305555555555543,0.7236111111110972,1.0019193857965172,0.03462691371866697,1.0032723511807833,61.111111111111114,0.9999999999836364,1.0095969289827431,0.0,0.998944548854328,0
665,479.05555555555554,0.7305555555555543,0.7527777777777942,0.7277777777777601,1.0038167938931524,0.0380770402426949,1.1032355352449372,66.66666666666667,1.0909090908912398,1.0343511450382157,0.0,0.9970271675748481,0
666,479.80833333333334,0.7527777777777942,0.7472222222222058,0.7277777777777601,1.0343511450382157,0.036269763868466566,1.0508719191301095,66.66666666666667,1.0909090908912398,1.0267175572519107,0.0,0.9979552766961372,0
667,480.55555555555554,0.7472222222222058,0.7277777777778169,0.7277777777777601,1.0267175572519107,0.03501796532856268,1.0146025919085788,61.111111111111114,0.9999999999836364,1.0000000000000782,0.0,0.9992468066739464,0
668,481.28333333333336,0.7277777777778169,0.6861111111110745,0.7263888888888914,1.0019120458891517,0.0356105780306312,1.0317728180446541,61.111111111111114,0.9999999999836364,0.9445506692160075,0.0,0.9995832428049625,0
669,481.96944444444443,0.6861111111110745,0.6916666666666629,0.7236111111110972,0.9481765834932497,0.03595233807336073,1.0416748960754794,61.111111111111114,0.9999999999836364,0.9558541266794757,0.0,0.999631268400875,0
670,482.6611111111111,0.6916666666666629,0.5166666666667084,0.7166666666666401,0.9651162790697979,0.035100713677024845,1.0170001238050816,63.888888888888886,1.045454545437438,0.7209302325582244,0.0,0.9986786388713745,0
671,483.1777777777778,0.5166666666667084,0.9111111111110972,0.7166666666666401,0.7209302325582244,0.027760513339116926,0.8043268225983129,44.44444444444444,0.7272727272608265,1.271317829457392,0.0,0.584214966736949,0
672,484.0888888888889,0.9111111111110972,0.7527777777777374,0.7263888888888914,1.2543021032504544,0.03501829031219836,1.0146120079107934,63.888888888888886,1.045454545437438,1.0363288718928663,0.0,0.9985747552288553,0
673,484.84166666666664,0.7527777777777374,0.7305555555555543,0.7291666666666856,1.03238095238087,0.03625708206356332,1.0505044793887028,63.888888888888886,1.045454545437438,1.001904761904734,0.0,0.998103348903119,0
674,485.5722222222222,0.7305555555555543,0.7361111111111427,0.7305555555555543,1.0,0.037393347232976486,1.0834263689149826,66.66666666666667,1.0909090908912398,1.0076045627376875,0.0,0.9985758272278735,0
675,486.30833333333334,0.7361111111111427,0.7138888888889028,0.7333333333333485,1.003787878787901,0.0357640151779657,1.0362184711806934,63.888888888888886,1.045454545437438,0.9734848484848473,0.0,0.9996048717758035,0
676,487.02222222222224,0.7138888888889028,0.7277777777777601,0.7291666666666856,0.9790476190476126,0.036299778830626586,1.0517415658419575,63.888888888888886,1.045454545437438,0.9980952380951879,0.0,0.9977430618641109,0
677,487.75,0.7277777777777601,0.6916666666666629,0.7277777777777885,0.9999999999999609,0.035074327568760735,1.0162356186836687,63.888888888888886,1.045454545437438,0.9503816793892937,0.0,0.9977993615680565,0
678,488.44166666666666,0.6916666666666629,0.6888888888888687,0.7208333333333314,0.9595375722543326,0.03507725712277282,1.0163204989177403,61.111111111111114,0.9999999999836364,0.9556840077071036,0.0,0.9998199851376715,0
679,489.13055555555553,0.6888888888888687,0.6916666666666629,0.7208333333333314,0.9556840077071036,0.034340519798413925,0.9949744386359163,58.333333333333336,0.9545454545298347,0.9595375722543326,0.0,0.9958197613703547,0
680,489.8222222222222,0.6916666666666629,0.7361111111111427,0.7208333333333314,0.9595375722543326,0.03363250316629464,0.9744605251825644,58.333333333333336,0.9545454545298347,1.0211946050096805,0.0,0.9974899989933377,0
681,490.55833333333334,0.7361111111111427,0.7472222222222058,0.7291666666666572,1.009523809523866,0.03717789725679196,1.077183970128747,63.888888888888886,1.045454545437438,1.0247619047618957,0.0,0.9991483191845385,0
682,491.30555555555554,0.7472222222222058,0.7416666666666742,0.7291666666666572,1.0247619047618957,0.038395778242803734,1.1124705778299615,66.66666666666667,1.0909090908912398,1.0171428571428807,0.0,0.9976327712953005,0
683,492.0472222222222,0.7416666666666742,0.7361111111111427,0.7291666666666572,1.0171428571428807,0.03718877486607779,1.0774991355151884,63.888888888888886,1.045454545437438,1.009523809523866,0.0,0.9970925572522025,0
684,492.78333333333336,0.7361111111111427,0.7111111111111086,0.7319444444444514,1.005692599620527,0.03633949655266824,1.052892338119846,63.888888888888886,1.045454545437438,0.9715370018975206,0.0,0.998544409402135,0
685,493.49444444444447,0.7111111111111086,0.6777777777777487,0.7208333333333314,0.9865125240847775,0.034488137756317004,0.9992514878960728,58.333333333333336,0.9545454545298347,0.9402697495182666,0.0,0.9979998979923563,0
686,494.1722222222222,0.6777777777777487,0.705555555555577,0.7194444444444343,0.9420849420849149,0.035185236293003824,1.0194490629265451,61.111111111111114,0.9999999999836364,0.9806949806950244,0.0,0.9984916452172277,0
687,494.8777777777778,0.705555555555577,0.7111111111111086,0.7083333333333428,0.996078431372566,0.035260291534556315,1.0216236964868042,63.888888888888886,1.045454545437438,1.003921568627434,0.0,0.9995932108781009,0
688,495.5888888888889,0.7111111111111086,0.7138888888889028,0.7111111111111086,1.0,0.034767753151101796,1.0073530009801237,61.111111111111114,0.9999999999836364,1.003906250000023,0.0,0.9977025998010861,0
689,496.3027777777778,0.7138888888889028,0.7083333333333144,0.7125000000000057,1.001949317738803,0.035750777801046116,1.0358349344215851,61.111111111111114,0.9999999999836364,0.9941520467835913,0.0,0.999578060797659,0
690,497.0111111111111,0.7083333333333144,0.7416666666666742,0.7125000000000057,0.9941520467835913,0.03610641097468406,1.0461389694035212,63.888888888888886,1.045454545437438,1.0409356725146222,0.0,0.9982700757780468,0
691,497.7527777777778,0.7416666666666742,0.7277777777777601,0.7125000000000057,1.0409356725146222,0.037987550461535326,1.1006426786051549,66.66666666666667,1.0909090908912398,1.0214424951266727,0.0,0.9986711043574377,0
692,498.48055555555555,0.7277777777777601,0.7222222222222285,0.7125000000000057,1.0214424951266727,0.03769353935483793,1.0921240674264014,66.66666666666667,1.0909090908912398,1.0136452241715408,0.0,0.9993630269928481,0
693,499.2027777777778,0.7222222222222285,0.7166666666666401,0.7125000000000057,1.0136452241715408,0.03647277096982625,1.0567538008808854,63.888888888888886,1.045454545437438,1.005847953216329,0.0,0.9994610121330303,0
694,499.9194444444444,0.7166666666666401,0.6805555555555998,0.7125000000000057,1.005847953216329,0.036431527048328714,1.0555588088458188,61.111111111111114,0.9999999999836364,0.9551656920078517,0.0,0.9995845202866471,0
695,500.6,0.6805555555555998,0.6861111111110745,0.7125000000000057,0.9551656920078517,0.03584919672973776,1.0386865021585023,63.888888888888886,1.045454545437438,0.9629629629629038,0.0,0.9975664285830249,0
696,501.2861111111111,0.6861111111110745,0.716666666666697,0.7125000000000057,0.9629629629629038,0.03471066900789609,1.0056990579508824,61.111111111111114,0.9999999999836364,1.0058479532164089,0.0,0.9994640876546214,0
697,502.0027777777778,0.716666666666697,0.7583333333333258,0.7152777777777715,1.0019417475728667,0.03741283310868589,1.0839909482620371,66.66666666666667,1.0909090908912398,1.0601941747572803,0.0,0.9993480190297532,0
698,502.7611111111111,0.7583333333333258,0.7361111111110858,0.7166666666666686,1.0581395348837075,0.03980408633624915,1.1532745773887272,72.22222222222223,1.1818181817988431,1.0271317829456985,0.0,0.9951476198188528,0
699,503.4972222222222,0.7361111111110858,0.7305555555555543,0.7194444444444628,1.023166023165962,0.03562688747296726,1.0322453641309697,66.66666666666667,1.0909090908912398,1.0154440154439879,0.0,0.9992378860974094,0
700,504.22777777777776,0.7305555555555543,0.7277777777778169,0.7249999999999943,1.0076628352490482,0.03709579162741333,1.074805060229322,66.66666666666667,1.0909090908912398,1.003831417624583,0.0,0.9986613299626919,0
701,504.9555555555556,0.7277777777778169,0.7083333333333144,0.7249999999999943,1.003831417624583,0.035963835563462915,1.042008021748221,63.888888888888886,1.045454545437438,0.977011494252855,0.0,0.9985259075419405,0
702,505.6638888888889,0.7083333333333144,0.6944444444444571,0.7194444444444628,0.9845559845559332,0.03404471078415074,0.9864037352907808,58.333333333333336,0.9545454545298347,0.9652509652509582,0.0,0.9987010395465371,0
703,506.35833333333335,0.6944444444444571,0.7055555555555202,0.7166666666666686,0.9689922480620305,0.03682415988960121,1.066934863813198,63.888888888888886,1.045454545437438,0.9844961240309558,0.0,0.9993870649516319,0
704,507.06388888888887,0.7055555555555202,0.7111111111111086,0.7125000000000057,0.9902534113059853,0.03644250882169855,1.0558769922588254,66.66666666666667,1.0909090908912398,0.9980506822611971,0.0,0.9996086705627785,0
705,507.775,0.7111111111111086,0.7222222222222285,0.7138888888889028,0.9961089494163194,0.035701051458604645,1.0343941746443146,61.111111111111114,0.9999999999836364,1.0116731517509618,0.0,0.9995134728740611,0
706,508.4972222222222,0.7222222222222285,0.7333333333333485,0.7194444444444628,1.003861003860987,0.036594593079633024,1.0602834470839706,61.111111111111114,0.9999999999836364,1.0193050193050144,0.0,0.999673869057031,0
707,509.23055555555555,0.7333333333333485,0.7638888888889142,0.7250000000000227,1.0114942528735524,0.03827392679165318,1.1089400814974308,69.44444444444444,1.1363636363450413,1.0536398467432968,0.0,0.9976786669015,0
708,509.99444444444447,0.7638888888889142,0.7416666666666174,0.7250000000000227,1.0536398467432968,0.037348179906588425,1.082117701035712,66.66666666666667,1.0909090908912398,1.0229885057470265,0.0,0.9983734407667644,0
709,510.7361111111111,0.7416666666666174,0.7194444444444912,0.7250000000000227,1.0229885057470265,0.03592342391849166,1.0408371439046222,63.888888888888886,1.045454545437438,0.9923371647509912,0.0,0.9975915939779918,0
710,511.4555555555556,0.7194444444444912,0.6916666666666629,0.7208333333333599,0.998073217726425,0.03496713743782419,1.0131299161205753,61.111111111111114,0.9999999999836364,0.9595375722542947,0.0,0.9996202157574188,0
711,512.1472222222222,0.6916666666666629,0.6888888888888687,0.7152777777777999,0.9669902912621008,0.03452790214093912,1.000403612164993,61.111111111111114,0.9999999999836364,0.9631067961164468,0.0,0.9984693582535217,0
712,512.8361111111111,0.6888888888888687,0.6944444444444571,0.7152777777777999,0.9631067961164468,0.036666426944036934,1.062364745192732,63.888888888888886,1.045454545437438,0.9708737864077547,0.0,0.9986925014460784,0
713,513.5305555555556,0.6944444444444571,0.7416666666666742,0.7152777777777999,0.9708737864077547,0.036533145610773164,1.0585030820460115,63.888888888888886,1.045454545437438,1.0368932038834737,0.0,0.9995680764233645,0
714,514.2722222222222,0.7416666666666742,0.7527777777777374,0.7208333333333599,1.028901734104019,0.03749192653844383,1.0862825833722554,66.66666666666667,1.0909090908912398,1.0443159922927765,0.0,0.9974165582915854,0
715,515.025,0.7527777777777374,0.7444444444444116,0.7277777777777885,1.034351145038097,0.03650848052081597,1.0577884413190182,63.888888888888886,1.045454545437438,1.0229007633587184,0.0,0.9981203483015456,0
716,515.7694444444444,0.7444444444444116,0.7361111111111995,0.737499999999983,1.0094161958568526,0.03599750766453128,1.042983629574045,63.888888888888886,1.045454545437438,0.9981167608287682,0.0,0.9978723290840785,0
717,516.5055555555556,0.7361111111111995,0.7305555555554974,0.7388888888889085,0.9962406015038526,0.03693016434268312,1.0700062128148211,63.888888888888886,1.045454545437438,0.9887218045111733,0.0,0.998399315883155,0
718,517.2361111111111,0.7305555555554974,0.7194444444444343,0.7333333333333485,0.9962121212120214,0.03644767854378917,1.0560267786151536,66.66666666666667,1.0909090908912398,0.981060606060572,0.0,0.9988563847993437,0
719,517.9555555555555,0.7194444444444343,0.7055555555556339,0.7249999999999943,0.9923371647509517,0.037858116478609094,1.0968924877152548,63.888888888888886,1.045454545437438,0.9731800766284682,0.0,0.998213638123336,0
720,518.6611111111112,0.7055555555556339,0.6888888888888687,0.7249999999999659,0.9731800766285063,0.03552920261548335,1.0294150652068756,61.111111111111114,0.9999999999836364,0.9501915708812428,0.0,0.9996628734039882,0
721,519.35,0.6888888888888687,0.7111111111111086,0.7249999999999659,0.9501915708812428,0.03567603056493205,1.033669224941101,61.111111111111114,0.9999999999836364,0.9808429118774373,0.0,0.9994892259546548,0
722,520.0611111111111,0.7111111111111086,0.7416666666666742,0.7249999999999659,0.9808429118774373,0.035891855824260264,1.0399224970960979,61.111111111111114,0.9999999999836364,1.022988505747185,0.0,0.9995624897531395,0
723,520.8027777777778,0.7416666666666742,0.7555555555554747,0.7333333333333485,1.0113636363636258,0.03648134402513734,1.0570021946427046,63.888888888888886,1.045454545437438,1.0303030303028988,0.0,0.9995035573922573,0
724,521.5583333333333,0.7555555555554747,0.7472222222222626,0.7333333333333485,1.0303030303028988,0.03461324997637572,1.0028764610080163,61.111111111111114,0.9999999999836364,1.018939393939428,0.0,0.9976804238749737,0
725,522.3055555555555,0.7472222222222626,0.7194444444444343,0.7333333333333485,1.018939393939428,0.035817336180122006,1.0377633818139456,61.111111111111114,0.9999999999836364,0.981060606060572,0.0,0.9996411781978015,0
726,523.025,0.7194444444444343,0.7027777777777828,0.7249999999999659,0.9923371647509907,0.03375150263457021,0.9779083888095713,61.111111111111114,0.9999999999836364,0.969348659003884,0.0,0.9994239366028298,0
727,523.7277777777778,0.7027777777777828,0.6861111111111313,0.7194444444444343,0.9768339768339975,0.03450470382828736,0.9997314695112569,61.111111111111114,0.9999999999836364,0.9536679536679952,0.0,0.9985099470835398,0
728,524.4138888888889,0.6861111111111313,0.7138888888888459,0.7152777777777715,0.9592233009709105,0.03523497603532254,1.0208902109488225,61.111111111111114,0.9999999999836364,0.9980582524271332,0.0,0.9995090926533083,0
729,525.1277777777777,0.7138888888888459,0.7027777777777828,0.7124999999999773,1.001949317738763,0.03531596470468984,1.0232367583019968,61.111111111111114,0.9999999999836364,0.9863547758284986,0.0,0.9998443850084302,0
730,525.8305555555555,0.7027777777777828,0.7250000000000227,0.7124999999999773,0.9863547758284986,0.03413550333909683,0.9890343382030286,61.111111111111114,0.9999999999836364,1.0175438596491873,0.0,0.998918362535431,0
731,526.5555555555555,0.7250000000000227,0.7250000000000227,0.7166666666666401,1.0116279069768133,0.03545255017510476,1.027194154769775,63.888888888888886,1.045454545437438,1.0116279069768133,0.0,0.9981844426733025,0
732,527.2805555555556,0.7250000000000227,0.75,0.7222222222222285,1.0038461538461765,0.035493100894289184,1.02836906211811,63.888888888888886,1.045454545437438,1.0384615384615294,0.0,0.9994079730155658,0
733,528.0305555555556,0.75,0.7361111111110858,0.7222222222222285,1.0384615384615294,0.03704923517637641,1.0734561441672688,63.888888888888886,1.045454545437438,1.0192307692307254,0.0,0.9981574485006222,0
734,528.7666666666667,0.7361111111110858,0.7138888888889596,0.7222222222222285,1.0192307692307254,0.03694782893339722,1.070518022663148,66.66666666666667,1.0909090908912398,0.9884615384616278,0.0,0.9993736776669722,0
735,529.4805555555556,0.7138888888889596,0.7027777777776691,0.716666666666697,0.9961240310078086,0.03651627882694386,1.0580143876735713,66.66666666666667,1.0909090908912398,0.9806201550385666,0.0,0.9993532378192422,0
736,530.1833333333333,0.7027777777776691,0.6944444444444571,0.7138888888889028,0.9844357976651983,0.03510911932232512,1.0172436670671845,61.111111111111114,0.9999999999836364,0.9727626459143957,0.0,0.9993788872019751,0
737,530.8777777777777,0.6944444444444571,0.6916666666667197,0.7138888888889028,0.9727626459143957,0.03501621941238368,1.0145520061288553,61.111111111111114,0.9999999999836364,0.9688715953307948,0.0,0.9988805271030116,0
738,531.5694444444445,0.6916666666667197,0.7277777777777601,0.7138888888889028,0.9688715953307948,0.03657899557062669,1.059831528392617,63.888888888888886,1.045454545437438,1.0194552529182432,0.0,0.9992265883258522,0
739,532.2972222222222,0.7277777777777601,0.7583333333333258,0.7194444444444912,1.0115830115829212,0.03690781785181095,1.069358750652293,66.66666666666667,1.0909090908912398,1.0540540540539751,0.0,0.9983946667692193,0
740,533.0555555555555,0.7583333333333258,0.7472222222222626,0.7250000000000227,1.0459770114942095,0.037412851549208564,1.0839914825535621,66.66666666666667,1.0909090908912398,1.030651340996192,0.0,0.9974496194234515,0
741,533.8027777777778,0.7472222222222626,0.7250000000000227,0.7263888888888914,1.0286806883365722,0.03730102321184119,1.080751393648419,66.66666666666667,1.0909090908912398,0.9980879541109265,0.0,0.9975519628489893,0
742,534.5277777777778,0.7250000000000227,0.724999999999909,0.7263888888888914,0.9980879541109265,0.037882583987600554,1.0976014037761213,66.66666666666667,1.0909090908912398,0.99808795411077,0.0,0.9985863276986271,0
743,535.2527777777777,0.724999999999909,0.6972222222223081,0.7249999999999659,0.9999999999999216,0.037099423222669216,1.0749102812472997,63.888888888888886,1.045454545437438,0.961685823754953,0.0,0.9980336833058367,0
744,535.95,0.6972222222223081,0.7027777777777828,0.7194444444444343,0.9691119691121021,0.03531405399280329,1.0231813977687878,61.111111111111114,0.9999999999836364,0.9768339768339975,0.0,0.9994654981275315,0
745,536.6527777777778,0.7027777777777828,0.7166666666665833,0.7138888888888459,0.984435797665436,0.03603550513285288,1.04408455961048,61.111111111111114,0.9999999999836364,1.0038910505836012,0.0,0.9982049288858139,0
746,537.3694444444444,0.7166666666665833,0.716666666666697,0.7208333333332462,0.9942196531791954,0.03673617474190859,1.0643856020825175,63.888888888888886,1.045454545437438,0.994219653179353,0.0,0.9993363834765963,0
747,538.0861111111111,0.716666666666697,0.7333333333333485,0.720833333333303,0.9942196531792746,0.03782043236546213,1.0958006367606392,66.66666666666667,1.0909090908912398,1.0173410404624916,0.0,0.9984484724528258,0
748,538.8194444444445,0.7333333333333485,0.7444444444444116,0.7249999999999659,1.0114942528736317,0.03606291757662073,1.0448788015441974,63.888888888888886,1.045454545437438,1.0268199233716506,0.0,0.9996709261886697,0
749,539.5638888888889,0.7444444444444116,0.7694444444445026,0.7249999999999659,1.0268199233716506,0.03761828228673946,1.0899435861895357,69.44444444444444,1.1363636363450413,1.0613026819924671,0.0,0.9981109814759299,0
750,540.3333333333334,0.7694444444445026,0.7305555555554974,0.7249999999999659,1.0613026819924671,0.036500330081878404,1.0575522923482354,63.888888888888886,1.045454545437438,1.0076628352490093,0.0,0.9989944711064558,0
751,541.0638888888889,0.7305555555554974,0.7027777777777828,0.7249999999999659,1.0076628352490093,0.03663141431076607,1.061350297090655,63.888888888888886,1.045454545437438,0.969348659003884,0.0,0.9991941233360799,0
752,541.7666666666667,0.7027777777777828,0.6972222222221944,0.720833333333303,0.974951830443208,0.035586144159471846,1.0310648765987123,61.111111111111114,0.9999999999836364,0.9672447013487497,0.0,0.999272739303328,0
753,542.4638888888888,0.6972222222221944,0.7055555555556339,0.7166666666666401,0.9728682170542609,0.034400413015409935,0.9967097711325855,58.333333333333336,0.9545454545298347,0.9844961240311535,0.0,0.9981520885365472,0
754,543.1694444444445,0.7055555555556339,0.7111111111111086,0.7166666666666401,0.9844961240311535,0.03526098325978549,1.0216437383768404,61.111111111111114,0.9999999999836364,0.9922480620155371,0.0,0.9992304023463959,0
755,543.8805555555556,0.7111111111111086,0.7527777777777374,0.7166666666666401,0.9922480620155371,0.03699143755227018,1.0717815289040995,66.66666666666667,1.0909090908912398,1.0503875968992074,0.0,0.9992649883693612,0
756,544.6333333333333,0.7527777777777374,0.7527777777777374,0.7236111111110972,1.0403071017274113,0.03798571349312319,1.1005894546986623,72.22222222222223,1.1818181817988431,1.0403071017274113,0.0,0.9967521005248244,0
757,545.3861111111111,0.7527777777777374,0.7444444444445253,0.731944444444423,1.0284629981024418,0.036585958264712254,1.0600332639132162,66.66666666666667,1.0909090908912398,1.0170777988616204,0.0,0.9994976271735758,0
758,546.1305555555556,0.7444444444445253,0.7305555555554974,0.7374999999999545,1.0094161958570458,0.03641337344266119,1.0550328303890484,63.888888888888886,1.045454545437438,0.9905838041431084,0.0,0.9992555332444595,0
759,546.8611111111111,0.7305555555554974,0.7388888888889369,0.7305555555554974,1.0,0.036243440189224346,1.0501092228130295,66.66666666666667,1.0909090908912398,1.01140684410661,0.0,0.9986982669972567,0
760,547.6,0.7388888888889369,0.7111111111111086,0.7305555555554974,1.01140684410661,0.03687015451654894,1.0682675017114076,66.66666666666667,1.0909090908912398,0.9733840304183249,0.0,0.9989294717895494,0
761,548.3111111111111,0.7111111111111086,0.7055555555555202,0.720833333333303,0.9865125240848164,0.035017107706065,1.0145777433486791,61.111111111111114,0.9999999999836364,0.9788053949903582,0.0,0.9995793226470445,0
762,549.0166666666667,0.7055555555555202,0.7083333333333712,0.720833333333303,0.9788053949903582,0.034183121300274635,0.9904140102193519,58.333333333333336,0.9545454545298347,0.9826589595376661,0.0,0.9993002498737336,0
763,549.725,0.7083333333333712,0.7305555555554974,0.720833333333303,0.9826589595376661,0.03599951957060782,1.0430419220847826,61.111111111111114,0.9999999999836364,1.0134874759151835,0.0,0.9998099273543783,0
764,550.4555555555555,0.7305555555554974,0.45833333333337123,0.7305555555554974,1.0,0.03670552547162723,1.0634975770709043,66.66666666666667,1.0909090908912398,0.627376425855615,0.0,0.9980536126516586,0
765,550.9138888888889,0.45833333333337123,1.0416666666666288,0.7305555555554974,0.627376425855615,0.039184763702897266,1.1353304637564616,66.66666666666667,1.0909090908912398,1.4258555133080464,0.0,0.9869263715549922,0
766,551.9555555555555,1.0416666666666288,0.7472222222222626,0.7305555555554974,1.4258555133080464,0.036188662922747035,1.0485221187073488,63.888888888888886,1.045454545437438,1.0228136882130645,0.0,0.9985659907248836,0
767,552.7027777777778,0.7472222222222626,0.7083333333333712,0.7305555555554974,1.0228136882130645,0.03466390528337281,1.0043441363938062,58.333333333333336,0.9545454545298347,0.9695817490495586,0.0,0.9973207309081643,0
768,553.4111111111112,0.7083333333333712,0.6888888888888687,0.720833333333303,0.9826589595376661,0.03700097360135112,1.0720578242291794,63.888888888888886,1.045454545437438,0.9556840077071412,0.0,0.9979247012673781,0
769,554.1,0.6888888888888687,0.7055555555555202,0.7097222222222399,0.9706457925635481,0.0357207796828563,1.0349657757431128,63.888888888888886,1.045454545437438,0.9941291585126455,0.0,0.9982653917749403,0
770,554.8055555555555,0.7055555555555202,0.7111111111111086,0.7083333333333712,0.9960784313724458,0.035149110490594195,1.0184023621140998,69.44444444444444,1.1363636363450413,1.0039215686273937,0.0,0.9951795724335429,0
771,555.5166666666667,0.7111111111111086,0.7111111111111086,0.7083333333333712,1.0039215686273937,0.0350979802055776,1.016920924822809,61.111111111111114,0.9999999999836364,1.0039215686273937,0.0,0.9982869085639265,0
772,556.2277777777778,0.7111111111111086,0.7250000000000227,0.7097222222222399,1.0019569471623981,0.03814945859140033,1.1053337680693993,69.44444444444444,1.1363636363450413,1.0215264187866993,0.0,0.9974899415544948,0
773,556.9527777777778,0.7250000000000227,0.7277777777777601,0.7111111111111086,1.0195312500000355,0.03977851331876644,1.1525336305753577,69.44444444444444,1.1363636363450413,1.0234374999999787,0.0,0.9938649088390388,0
774,557.6805555555555,0.7277777777777601,0.7333333333333485,0.7111111111111086,1.0234374999999787,0.03908617998380528,1.1324741214198286,69.44444444444444,1.1363636363450413,1.031250000000025,0.0,0.9957770034903608,0
775,558.4138888888889,0.7333333333333485,0.7250000000000227,0.7180555555555657,1.0212765957446877,0.03748572803548175,1.0861029893520926,66.66666666666667,1.0909090908912398,1.0096711798839633,0.0,0.9984493912287051,0
776,559.1388888888889,0.7250000000000227,0.7055555555555202,0.7180555555555657,1.0096711798839633,0.03582538810117545,1.0379966763498791,61.111111111111114,0.9999999999836364,0.9825918762088344,0.0,0.9994756932612802,0
777,559.8444444444444,0.7055555555555202,0.683333333333394,0.7111111111111086,0.9921874999999538,0.03698243735706336,1.071520759287737,63.888888888888886,1.045454545437438,0.9609375000000887,0.0,0.9987546062167006,0
778,560.5277777777778,0.683333333333394,0.691666666666606,0.7111111111111086,0.9609375000000887,0.03603862587855406,1.044174979389225,61.111111111111114,0.9999999999836364,0.9726562499999182,0.0,0.9995604061265613,0
779,561.2194444444444,0.691666666666606,0.7083333333333712,0.7111111111111086,0.9726562499999182,0.03631011696896252,1.0520411007193478,63.888888888888886,1.045454545437438,0.9960937500000568,0.0,0.9994640968599153,0
780,561.9277777777778,0.7083333333333712,0.7388888888888232,0.7111111111111086,0.9960937500000568,0.037206375167863244,1.0780090826706656,66.66666666666667,1.0909090908912398,1.0390624999999114,0.0,0.9992985911608472,0
781,562.6666666666666,0.7388888888888232,0.7444444444445253,0.7180555555555657,1.0290135396517315,0.039897112261813396,1.1559698894751549,69.44444444444444,1.1363636363450413,1.0367504835590922,0.0,0.9962313803939451,0
782,563.4111111111112,0.7444444444445253,0.7416666666666742,0.7250000000000227,1.0268199233717268,0.03825235309965888,1.108315010234464,69.44444444444444,1.1363636363450413,1.0229885057471049,0.0,0.9979524248816387,0
783,564.1527777777778,0.7416666666666742,0.7194444444444343,0.7263888888888914,1.0210325047801216,0.03697560095098926,1.0713226828073634,63.888888888888886,1.045454545437438,0.990439770554476,0.0,0.9989439666665951,0
784,564.8722222222223,0.7194444444444343,0.7083333333332575,0.7222222222222285,0.9961538461538234,0.03657804825661062,1.059804081130989,63.888888888888886,1.045454545437438,0.9807692307691173,0.0,0.9988041839934657,0
785,565.5805555555555,0.7083333333332575,0.6888888888888687,0.7138888888889028,0.9922178988325594,0.03687261798192431,1.0683388775989406,63.888888888888886,1.045454545437438,0.9649805447470347,0.0,0.9991342663480389,0
786,566.2694444444444,0.6888888888888687,0.7027777777777828,0.7083333333333144,0.9725490196078406,0.0366713201225133,1.062506519037049,63.888888888888886,1.045454545437438,0.9921568627451317,0.0,0.9996735288249519,0
787,566.9722222222222,0.7027777777777828,0.7138888888889596,0.7083333333333144,0.9921568627451317,0.036163401719701366,1.047790206334817,63.888888888888886,1.045454545437438,1.0078431372550287,0.0,0.9981665615559074,0
788,567.6861111111111,0.7138888888889596,0.7277777777777601,0.7111111111111654,1.0039062500000229,0.033984672327514905,0.9846641946537004,58.333333333333336,0.9545454545298347,1.023437499999897,0.0,0.9979604762804309,0
789,568.4138888888889,0.7277777777777601,0.7222222222221717,0.716666666666697,1.0155038759689246,0.03937307034542464,1.1407864177443434,69.44444444444444,1.1363636363450413,1.007751937984383,0.0,0.9979281739684197,0
790,569.1361111111111,0.7222222222221717,0.7472222222222626,0.720833333333303,1.0019267822735751,0.035131179023597865,1.0178828198528491,61.111111111111114,0.9999999999836364,1.0366088631985582,0.0,0.9998357958242041,0
791,569.8833333333333,0.7472222222222626,0.7583333333333258,0.720833333333303,1.0366088631985582,0.03859952332486242,1.1183738416662745,66.66666666666667,1.0909090908912398,1.052023121387317,0.0,0.9977416472159564,0
792,570.6416666666667,0.7583333333333258,0.7194444444444343,0.720833333333303,1.052023121387317,0.03547436106057095,1.027826098422645,61.111111111111114,0.9999999999836364,0.9980732177264249,0.0,0.9985619162130412,0
793,571.3611111111111,0.7194444444444343,0.6805555555555429,0.7194444444444343,1.0,0.03476124139024161,1.0071643306966094,61.111111111111114,0.9999999999836364,0.9459459459459417,0.0,0.9954141508337013,0
794,572.0416666666666,0.6805555555555429,0.6888888888889824,0.716666666666697,0.9496124031007174,0.036359680785746966,1.053477151515062,63.888888888888886,1.045454545437438,0.9612403100776091,0.0,0.9997241417635776,0
795,572.7305555555556,0.6888888888889824,0.7027777777776691,0.716666666666697,0.9612403100776091,0.036092700476183286,1.045741724526935,63.888888888888886,1.045454545437438,0.9806201550385666,0.0,0.9997627720570039,0
796,573.4333333333333,0.7027777777776691,0.7222222222222854,0.716666666666697,0.9806201550385666,0.035842358528682304,1.0384883736707458,63.888888888888886,1.045454545437438,1.0077519379845417,0.0,0.9997747212539232,0
797,574.1555555555556,0.7222222222222854,0.7527777777777374,0.720833333333303,1.0019267822737328,0.03592078444419079,1.0407606683743678,61.111111111111114,0.9999999999836364,1.0443159922928587,0.0,0.9993808829330301,0
798,574.9083333333333,0.7527777777777374,0.7472222222222626,0.7222222222222285,1.0423076923076273,0.03935731692339713,1.1403299816644463,72.22222222222223,1.1818181817988431,1.0346153846154316,0.0,0.9965104863978017,0
799,575.6555555555556,0.7472222222222626,0.7361111111110858,0.7222222222222285,1.0346153846154316,0.037235661568285706,1.0788576201998312,66.66666666666667,1.0909090908912398,1.0192307692307254,0.0,0.9987632597290619,0
800,576.3916666666667,0.7361111111110858,0.7333333333333485,0.7291666666666856,1.0095238095237486,0.037210156358384094,1.0781186380279504,63.888888888888886,1.045454545437438,1.0057142857142805,0.0,0.9993724123158525,0
801,577.125,0.7333333333333485,0.7333333333333485,0.7277777777778169,1.0076335877862261,0.0368985596938659,1.0690905068820107,66.66666666666667,1.0909090908912398,1.0076335877862261,0.0,0.9993467753645522,0
802,577.8583333333333,0.7333333333333485,0.6972222222221944,0.7277777777778169,1.0076335877862261,0.03689438127712212,1.0689694423821594,63.888888888888886,1.045454545437438,0.9580152671754828,0.0,0.9989789275032274,0
803,578.5555555555555,0.6972222222221944,0.6944444444444571,0.7277777777778169,0.9580152671754828,0.036803959618530065,1.0663495857368237,63.888888888888886,1.045454545437438,0.9541984732824088,0.0,0.9991036342693269,0
804,579.25,0.6944444444444571,0.7138888888888459,0.7277777777778169,0.9541984732824088,0.034413925721916136,0.9971012852287432,58.333333333333336,0.9545454545298347,0.9809160305342394,0.0,0.9984622977910651,0
805,579.9638888888888,0.7138888888888459,0.752777777777851,0.7277777777778169,0.9809160305342394,0.036660095831706735,1.0621813089787884,63.888888888888886,1.045454545437438,1.034351145038213,0.0,0.9978348691055703,0
806,580.7166666666667,0.752777777777851,0.747222222222149,0.7333333333333485,1.0265151515152302,0.037532743208933836,1.0874651963334505,66.66666666666667,1.0909090908912398,1.018939393939273,0.0,0.9985276135911298,0
807,581.4638888888888,0.747222222222149,0.7611111111111768,0.7347222222222172,1.017013232514085,0.038452201694888895,1.1141053781443973,69.44444444444444,1.1363636363450413,1.0359168241966938,0.0,0.9971222752865865,0
808,582.225,0.7611111111111768,0.7416666666666742,0.7347222222222172,1.0359168241966938,0.038725744759869986,1.1220309529207837,69.44444444444444,1.1363636363450413,1.009451795841227,0.0,0.9972275629906481,0
809,582.9666666666667,0.7416666666666742,0.7111111111111086,0.7347222222222172,1.009451795841227,0.03584742067697285,1.0386350432081681,63.888888888888886,1.045454545437438,0.9678638941398898,0.0,0.9991631051363359,0
810,583.6777777777778,0.7111111111111086,0.6888888888888687,0.7333333333333485,0.9696969696969462,0.03558198510562901,1.030944373115165,61.111111111111114,0.9999999999836364,0.9393939393938924,0.0,0.9996999537640067,0
811,584.3666666666667,0.6888888888888687,0.7250000000000227,0.7236111111110972,0.9520153550863627,0.03284224010330822,0.951563622279367,55.55555555555556,0.9090909090760331,1.0019193857965958,0.0,0.9898508337247153,0
812,585.0916666666667,0.7250000000000227,0.7194444444444343,0.7194444444444343,1.0077220077220534,0.03742993335307082,1.0844864068677107,61.111111111111114,0.9999999999836364,1.0,0.0,0.9955359165382983,0
813,585.8111111111111,0.7194444444444343,0.7333333333333485,0.7222222222222285,0.9961538461538234,0.033880335841667934,0.9816411729567595,63.888888888888886,1.045454545437438,1.0153846153846275,0.0,0.9968566628587584,0
814,586.5444444444445,0.7333333333333485,0.7444444444444116,0.7291666666666856,1.0057142857142805,0.03729303467901375,1.0805199357085808,63.888888888888886,1.045454545437438,1.0209523809523093,0.0,0.9955978302149362,0
815,587.2888888888889,0.7444444444444116,0.7416666666666742,0.7375000000000114,1.0094161958568137,0.03585648204704915,1.0388975852913358,63.888888888888886,1.045454545437438,1.005649717514119,0.0,0.9975738913350982,0
816,588.0305555555556,0.7416666666666742,0.7222222222221717,0.7375000000000114,1.005649717514119,0.03769844491601141,1.0922662000441787,69.44444444444444,1.1363636363450413,0.979284369114794,0.0,0.9965881726829091,0
817,588.7527777777777,0.7222222222221717,0.7250000000000227,0.7291666666666856,0.9904761904760955,0.03658187411077449,1.0599149305625453,66.66666666666667,1.0909090908912398,0.9942857142857197,0.0,0.9991695703973595,0
818,589.4777777777778,0.7250000000000227,0.7250000000000227,0.7250000000000227,1.0,0.03570927029526505,1.034632305355219,63.888888888888886,1.045454545437438,1.0,0.0,0.9981524992489889,0
819,590.2027777777778,0.7250000000000227,0.6861111111111313,0.7250000000000227,1.0,0.03510291115028669,1.017063792897395,61.111111111111114,0.9999999999836364,0.9463601532567032,0.0,0.9991545215859174,0
820,590.8888888888889,0.6861111111111313,0.6944444444444571,0.7250000000000227,0.9463601532567032,0.0347915729173163,1.0080431494885573,61.111111111111114,0.9999999999836364,0.9578544061302556,0.0,0.999622370069716,0
821,591.5833333333334,0.6944444444444571,0.7388888888888232,0.7250000000000227,0.9578544061302556,0.03588585690826274,1.039748685863417,61.111111111111114,0.9999999999836364,1.0191570881224827,0.0,0.9997546883909141,0
822,592.3222222222222,0.7388888888888232,0.7694444444445026,0.7250000000000227,1.0191570881224827,0.03726028357760758,1.0795710127182592,66.66666666666667,1.0909090908912398,1.061302681992384,0.0,0.9979807940213126,0
823,593.0916666666667,0.7694444444445026,0.7527777777777374,0.7291666666666856,1.0552380952381475,0.037536949053353294,1.0875870555165614,66.66666666666667,1.0909090908912398,1.03238095238087,0.0,0.9976460934097289,0
824,593.8444444444444,0.7527777777777374,0.7333333333333485,0.731944444444423,1.0284629981024418,0.035716053110274204,1.0348288291002212,63.888888888888886,1.045454545437438,1.0018975332068811,0.0,0.9994324730069739,0
825,594.5777777777778,0.7333333333333485,0.7250000000000227,0.7291666666666856,1.0057142857142805,0.03608523179737856,1.0455253287197455,63.888888888888886,1.045454545437438,0.9942857142857197,0.0,0.9993826797856629,0
826,595.3027777777778,0.7250000000000227,0.7055555555555202,0.7250000000000227,1.0,0.035672922865103644,1.0335791831505174,61.111111111111114,0.9999999999836364,0.9731800766282732,0.0,0.9980378296694724,0
827,596.0083333333333,0.7055555555555202,0.716666666666697,0.7250000000000227,0.9731800766282732,0.035321428024102854,1.023395051280611,61.111111111111114,0.9999999999836364,0.9885057471264476,0.0,0.9993808105600583,0
828,596.725,0.716666666666697,0.7222222222221717,0.7250000000000227,0.9885057471264476,0.03425661309350402,0.9925433447821949,58.333333333333336,0.9545454545298347,0.996168582375378,0.0,0.9993003597230241,0
829,597.4472222222222,0.7222222222221717,0.7111111111111086,0.7236111111110972,0.9980806142034042,0.03665786639999323,1.062116713929539,63.888888888888886,1.045454545437438,0.9827255278311094,0.0,0.9990614369848719,0
830,598.1583333333333,0.7111111111111086,0.7444444444445253,0.7236111111110972,0.9827255278311094,0.03695770069901231,1.0708040449630107,63.888888888888886,1.045454545437438,1.0287907869483082,0.0,0.9992829555718206,0
831,598.9027777777778,0.7444444444445253,0.7527777777777374,0.7291666666666856,1.0209523809524652,0.03673281964971254,1.0642883924015365,63.888888888888886,1.045454545437438,1.03238095238087,0.0,0.9994902396036189,0
832,599.6555555555556,0.7527777777777374,0.7694444444443889,0.7291666666666856,1.03238095238087,0.03644744826197288,1.0560201064819932,63.888888888888886,1.045454545437438,1.0552380952379916,0.0,0.9989534946461951,0
833,600.425,0.7694444444443889,0.7305555555556111,0.7291666666666856,1.0552380952379916,0.037404031998377545,1.0837359468864076,66.66666666666667,1.0909090908912398,1.001904761904812,0.0,0.998832615944778,0
834,601.1555555555556,0.7305555555556111,0.7111111111111086,0.7277777777778169,1.0038167938931521,0.03608485626545519,1.0455144481428982,63.888888888888886,1.045454545437438,0.9770992366411654,0.0,0.9993637225425284,0
835,601.8666666666667,0.7111111111111086,0.6944444444444571,0.7236111111110972,0.9827255278311094,0.03373947229594533,0.9775598245044834,58.333333333333336,0.9545454545298347,0.9596928982725886,0.0,0.9988580638472634,0
836,602.5611111111111,0.6944444444444571,0.7111111111111086,0.7194444444444343,0.9652509652509964,0.034482438922498436,0.9990863711764426,58.333333333333336,0.9545454545298347,0.9884169884169988,0.0,0.9993449576181753,0
837,603.2722222222222,0.7111111111111086,0.716666666666697,0.7194444444444343,0.9884169884169988,0.03676029416703492,1.0650844328403561,63.888888888888886,1.045454545437438,0.9961389961390523,0.0,0.9996288484410034,0
838,603.9888888888889,0.716666666666697,0.7444444444444116,0.7194444444444343,0.9961389961390523,0.03727040244782939,1.079864194571,66.66666666666667,1.0909090908912398,1.0347490347490036,0.0,0.998953989406106,0
839,604.7333333333333,0.7444444444444116,0.7583333333333258,0.7236111111111541,1.0287907869480701,0.038559816414433505,1.1172233826416036,69.44444444444444,1.1363636363450413,1.047984644913555,0.0,0.9972959244885948,0
840,605.4916666666667,0.7583333333333258,0.7472222222222626,0.7375000000000114,1.0282485875705953,0.03533336084656922,1.0237407901746205,61.111111111111114,0.9999999999836364,1.0131826741996626,0.0,0.9996924798284195,0
841,606.2388888888889,0.7472222222222626,0.7222222222221717,0.7375000000000114,1.0131826741996626,0.03584167751827082,1.038468642229409,61.111111111111114,0.9999999999836364,0.979284369114794,0.0,0.9960732906130737,0
842,606.9611111111111,0.7222222222221717,0.7222222222221717,0.7263888888888914,0.994263862332623,0.038232271314269935,1.1077331651353954,61.111111111111114,0.9999999999836364,0.994263862332623,0.0,0.9848012087672088,0
843,607.6833333333333,0.7222222222221717,0.7138888888889596,0.7222222222221717,1.0,0.03593010057403698,1.0410305918093763,61.111111111111114,0.9999999999836364,0.9884615384617056,0.0,0.999030695950327,0
844,608.3972222222222,0.7138888888889596,0.7027777777777828,0.7194444444444343,0.9922779922781045,0.034622132246318195,1.003133813884493,58.333333333333336,0.9545454545298347,0.9768339768339975,0.0,0.9983614149900988,0
845,609.1,0.7027777777777828,0.6999999999999318,0.7194444444444343,0.9768339768339975,0.03737905345742856,1.0830122243014104,63.888888888888886,1.045454545437438,0.9729729729728919,0.0,0.9938147707049607,0
846,609.8,0.6999999999999318,0.7305555555556111,0.7194444444444343,0.9729729729728919,0.0346449847362622,1.0037959367494624,63.888888888888886,1.045454545437438,1.015444015444107,0.0,0.9990090640225253,0
847,610.5305555555556,0.7305555555556111,0.75,0.7222222222221717,1.0115384615386092,0.03817183214755438,1.1059820144152714,66.66666666666667,1.0909090908912398,1.0384615384616112,0.0,0.9975619223796366,0
848,611.2805555555556,0.75,0.7555555555555884,0.7263888888888914,1.0325047801147191,0.03801665231543533,1.1014858691251992,69.44444444444444,1.1363636363450413,1.0401529636711697,0.0,0.998263389010605,0
849,612.0361111111112,0.7555555555555884,0.7611111111110631,0.7263888888888914,1.0401529636711697,0.036941344698192415,1.070330149901735,66.66666666666667,1.0909090908912398,1.0478011472274638,0.0,0.999137401231726,0
850,612.7972222222222,0.7611111111110631,0.7194444444444343,0.7263888888888914,1.0478011472274638,0.0355068857470473,1.028768461318099,61.111111111111114,0.9999999999836364,0.990439770554476,0.0,0.9997889441723848,0
851,613.5166666666667,0.7194444444444343,0.6916666666667197,0.7222222222221717,0.9961538461539019,0.03587287799758405,1.0393726378466008,63.888888888888886,1.045454545437438,0.9576923076924482,0.0,0.9990513309162122,0
852,614.2083333333334,0.6916666666667197,0.7083333333332575,0.720833333333303,0.9595375722544492,0.03469826474159405,1.0053396595500133,61.111111111111114,0.9999999999836364,0.9826589595375085,0.0,0.999085318163422,0
853,614.9166666666666,0.7083333333332575,0.7333333333333485,0.716666666666697,0.9883720930231082,0.03710731120341753,1.0751388258139836,63.888888888888886,1.045454545437438,1.0232558139534662,0.0,0.9992770493441078,0
854,615.65,0.7333333333333485,0.7305555555556111,0.7250000000000227,1.0114942528735524,0.0342983891921336,0.9937537559968872,58.333333333333336,0.9545454545298347,1.0076628352490873,0.0,0.9985789223373973,0
855,616.3805555555556,0.7305555555556111,0.7333333333333485,0.7305555555556111,1.0,0.03722141682633779,1.0784448962746738,66.66666666666667,1.0909090908912398,1.0038022813687657,0.0,0.9988930489669168,0
856,617.1138888888889,0.7333333333333485,0.75,0.7319444444444798,1.0018975332068034,0.03767488310671772,1.0915835255211122,66.66666666666667,1.0909090908912398,1.024667931688755,0.0,0.998665034355552,0
857,617.8638888888889,0.75,0.747222222222149,0.7333333333333485,1.0227272727272516,0.037359440909605995,1.082443974785255,66.66666666666667,1.0909090908912398,1.018939393939273,0.0,0.9991486478986454,0
858,618.6111111111111,0.747222222222149,0.7277777777777601,0.7333333333333485,1.018939393939273,0.03419248709720419,0.9906853726971788,58.333333333333336,0.9545454545298347,0.9924242424241978,0.0,0.9989624930741039,0
859,619.3388888888888,0.7277777777777601,0.7305555555556111,0.7319444444444798,0.9943074003794344,0.036257508366587296,1.0505168309959136,61.111111111111114,0.9999999999836364,0.9981024667931966,0.0,0.9994191961485492,0
860,620.0694444444445,0.7305555555556111,0.6972222222221944,0.7305555555556111,1.0,0.03670740978168219,1.0635521726434278,63.888888888888886,1.045454545437438,0.9543726235740339,0.0,0.9987247770008059,0
861,620.7666666666667,0.6972222222221944,0.7027777777777828,0.7305555555556111,0.9543726235740339,0.03511423557737775,1.0173919042816704,61.111111111111114,0.9999999999836364,0.9619771863117208,0.0,0.9992274889326587,0
862,621.4694444444444,0.7027777777777828,0.7222222222222854,0.7305555555556111,0.9619771863117208,0.03541932337557551,1.0262314490098345,61.111111111111114,0.9999999999836364,0.9885931558935473,0.0,0.9997216196652039,0
863,622.1916666666667,0.7222222222222854,0.7749999999999773,0.7305555555556111,0.9885931558935473,0.036391282712741474,1.054392778586398,66.66666666666667,1.0909090908912398,1.0608365019010288,0.0,0.9980555375914539,0
864,622.9666666666667,0.7749999999999773,0.747222222222149,0.7305555555556111,1.0608365019010288,0.037805149206065404,1.095357825963639,66.66666666666667,1.0909090908912398,1.0228136882127496,0.0,0.9986488147799502,0
865,623.7138888888888,0.747222222222149,0.7472222222222626,0.7319444444444798,1.020872865274993,0.03666641981458764,1.062364538625684,66.66666666666667,1.0909090908912398,1.0208728652751482,0.0,0.998978146748979,0
866,624.4611111111111,0.7472222222222626,0.7250000000000227,0.73888888888888,1.0112781954887886,0.03542648918752929,1.026439069621518,63.888888888888886,1.045454545437438,0.9812030075188395,0.0,0.9989628644267217,0
867,625.1861111111111,0.7250000000000227,0.7138888888888459,0.7291666666666856,0.9942857142857197,0.035642386327938015,1.0326944244426526,58.333333333333336,0.9545454545298347,0.9790476190475347,0.0,0.9991607915802213,0
868,625.9,0.7138888888888459,0.7055555555556339,0.7263888888888914,0.9827915869980254,0.03479411341906366,1.008116757410475,61.111111111111114,0.9999999999836364,0.9713193116635843,0.0,0.9985444987253052,0
869,626.6055555555556,0.7055555555556339,0.7222222222221717,0.7236111111111541,0.975047984644964,0.03911972325866773,1.133445996664356,66.66666666666667,1.0909090908912398,0.9980806142033258,0.0,0.9917560076756083,0
870,627.3277777777778,0.7222222222221717,0.7138888888888459,0.7222222222222285,0.9999999999999213,0.032924096338907076,0.9539353062999327,52.77777777777778,0.8636363636222314,0.9884615384614703,0.0,0.9674839733026841,0
871,628.0416666666666,0.7138888888888459,0.7388888888889369,0.7222222222222285,0.9884615384614703,0.037031123113918187,1.0729313693740303,75.0,1.2272727272526447,1.0230769230769805,0.0,0.9434747036192543,0
872,628.7805555555556,0.7388888888889369,0.7444444444444116,0.7236111111111541,1.0211132437620019,0.03559907369369868,1.0314394939934017,63.888888888888886,1.045454545437438,1.0287907869480701,0.0,0.9932829015847282,0
873,629.525,0.7444444444444116,0.7638888888889142,0.7319444444444798,1.0170777988613862,0.040417667863866864,1.1710523495244596,69.44444444444444,1.1363636363450413,1.0436432637570998,0.0,0.9929049492925002,0
874,630.2888888888889,0.7638888888889142,0.7388888888889369,0.7319444444444798,1.0436432637570998,0.04015766575215732,1.1635191072596087,75.0,1.2272727272526447,1.0094876660341725,0.0,0.9829352936920333,0
875,631.0277777777778,0.7388888888889369,0.4194444444443661,0.7319444444444798,1.0094876660341725,0.03407153823300552,0.9871810277144545,69.44444444444444,1.1363636363450413,0.5730550284628634,0.0,0.9816114460419183,0
876,631.4472222222222,0.4194444444443661,0.2888888888888914,0.7236111111110972,0.5796545105565247,0.037917494225014496,1.0986128850838441,94.44444444444444,1.545454545429256,0.3992322456813931,1.0,0.9124937340103696,1
877,631.7361111111111,0.2888888888888914,0.7027777777777828,0.7180555555555088,0.4023210831721767,0.03675928298671565,1.065055135130932,58.333333333333336,0.9545454545298347,0.9787234042553898,0.0,0.9883495626554251,0
878,632.4388888888889,0.7027777777777828,0.7055555555555202,0.7180555555555088,0.9787234042553898,0.03550476149906269,1.0287069138383746,63.888888888888886,1.045454545437438,0.9825918762089122,0.0,0.9818930127087013,0
879,633.1444444444444,0.7055555555555202,0.7000000000000455,0.7180555555555088,0.9825918762089122,0.031467391425325966,0.9117290682418971,55.55555555555556,0.9090909090760331,0.9748549323018676,0.0,0.9919476395104122,0
880,633.8444444444444,0.7000000000000455,0.75,0.7097222222221831,0.9863013698631322,0.037630264581274823,1.0902907584760613,69.44444444444444,1.1363636363450413,1.0567514677104302,0.0,0.9978592200548657,0
881,634.5944444444444,0.75,0.7611111111111768,0.7222222222222285,1.0384615384615294,0.03791504606249409,1.0985419525777629,69.44444444444444,1.1363636363450413,1.0538461538462356,0.0,0.9973067622532101,0
882,635.3555555555556,0.7611111111111768,0.75,0.7222222222222285,1.0538461538462356,0.03640789543772311,1.0548741119153588,63.888888888888886,1.045454545437438,1.0384615384615294,0.0,0.9992751597980929,0
883,636.1055555555556,0.75,0.7277777777777601,0.7222222222222285,1.0384615384615294,0.038486461607317,1.1150980170833524,69.44444444444444,1.1363636363450413,1.0076923076922744,0.0,0.997211483465894,0
884,636.8333333333334,0.7277777777777601,0.7305555555554974,0.7166666666666401,1.0155038759690052,0.03645048910783407,1.0561082112608806,63.888888888888886,1.045454545437438,1.019379844961197,0.0,0.9996286640995364,0
885,637.5638888888889,0.7305555555554974,0.7138888888889596,0.7166666666666401,1.019379844961197,0.03662308084047301,1.0611088450108555,66.66666666666667,1.0909090908912398,0.9961240310078875,0.0,0.9996059547412494,0
886,638.2777777777778,0.7138888888889596,0.7083333333332575,0.7208333333333599,0.9903660886320462,0.03566894606459984,1.0334639602339144,61.111111111111114,0.9999999999836364,0.982658959537431,0.0,0.9999170956230459,0
887,638.9861111111111,0.7083333333332575,0.7000000000000455,0.7208333333333599,0.982658959537431,0.035064036012988374,1.0159374334789193,61.111111111111114,0.9999999999836364,0.9710982658959811,0.0,0.999935607913802,0
888,639.6861111111111,0.7000000000000455,0.7250000000000227,0.7208333333333599,0.9710982658959811,0.03669485910199182,1.0631885320942245,63.888888888888886,1.045454545437438,1.0057803468208038,0.0,0.9988460400658323,0
889,640.4111111111112,0.7250000000000227,0.747222222222149,0.7263888888888914,0.9980879541109265,0.03773251655021638,1.093253383852563,66.66666666666667,1.0909090908912398,1.0286806883364157,0.0,0.998968191661668,0
890,641.1583333333333,0.747222222222149,0.7583333333333258,0.7291666666666288,1.0247619047618575,0.03777489615870598,1.0944812810251767,66.66666666666667,1.0909090908912398,1.0400000000000436,0.0,0.9986769216299365,0
891,641.9166666666666,0.7583333333333258,0.4777777777777601,0.7291666666666288,1.0400000000000436,0.037722340432498856,1.0929585433238547,66.66666666666667,1.0909090908912398,0.6552380952381051,0.0,0.9985617295131313,0
892,642.3944444444444,0.4777777777777601,1.0,0.7263888888888914,0.6577437858508338,0.040196044424984485,1.1646310822290022,66.66666666666667,1.0909090908912398,1.376673040152959,0.0,0.9849805837721815,0
893,643.3944444444444,1.0,0.7083333333333712,0.7263888888888914,1.376673040152959,0.035826260158812885,1.0380219431502467,63.888888888888886,1.045454545437438,0.9751434034417313,0.0,0.99874782532183,0
894,644.1027777777778,0.7083333333333712,0.6944444444444571,0.7194444444444912,0.9845559845559733,0.03456700419599615,1.001536546247187,61.111111111111114,0.9999999999836364,0.9652509652509201,0.0,0.9981672397289609,0
895,644.7972222222222,0.6944444444444571,0.7305555555556111,0.7111111111111654,0.9765624999999432,0.035750725291918306,1.0358334130340152,63.888888888888886,1.045454545437438,1.0273437499999998,0.0,0.9980280225481504,0
896,645.5277777777778,0.7305555555556111,0.7361111111110858,0.716666666666697,1.0193798449612748,0.037302199176752884,1.0807854657892815,66.66666666666667,1.0909090908912398,1.0271317829456577,0.0,0.9988261849303218,0
897,646.2638888888889,0.7361111111110858,0.7333333333333485,0.7277777777778169,1.0114503816793001,0.03785877857340546,1.0969116710998454,69.44444444444444,1.1363636363450413,1.0076335877862261,0.0,0.9980171303618961,0
898,646.9972222222223,0.7333333333333485,0.75,0.7319444444444798,1.0018975332068034,0.035602935712872236,1.0315513912617533,63.888888888888886,1.045454545437438,1.024667931688755,0.0,0.9989096388079751,0
899,647.7472222222223,0.75,0.7555555555554747,0.7347222222222172,1.0207939508506687,0.037988323363755315,1.100665072498927,66.66666666666667,1.0909090908912398,1.0283553875235265,0.0,0.9988698681718267,0
900,648.5027777777777,0.7555555555554747,0.7305555555556111,0.7347222222222172,1.0283553875235265,0.03647702479216658,1.0568770501654035,63.888888888888886,1.045454545437438,0.9943289224953565,0.0,0.9988355995133578,0
901,649.2333333333333,0.7305555555556111,0.7194444444444343,0.7319444444444798,0.9981024667931966,0.0368379151692065,1.0673334061673585,63.888888888888886,1.045454545437438,0.9829222011384586,0.0,0.9994085000843422,0
902,649.9527777777778,0.7194444444444343,0.7055555555555202,0.7319444444444798,0.9829222011384586,0.036080110723463184,1.0453769518846225,63.888888888888886,1.045454545437438,0.9639468690701138,0.0,0.9980608782719274,0
903,650.6583333333333,0.7055555555555202,0.7055555555556339,0.7305555555556111,0.9657794676804865,0.03612482734111063,1.0466725610309793,61.111111111111114,0.9999999999836364,0.965779467680642,0.0,0.9997973831017536,0
904,651.3638888888889,0.7055555555556339,0.7083333333332575,0.7305555555556111,0.965779467680642,0.03520642945023531,1.0200631086615284,61.111111111111114,0.9999999999836364,0.9695817490492521,0.0,0.9987719186711203,0
905,652.0722222222222,0.7083333333332575,0.7722222222222399,0.7305555555556111,0.9695817490492521,0.037609244511800394,1.0896817277465272,69.44444444444444,1.1363636363450413,1.0570342205322631,0.0,0.9982417757140607,0
906,652.8444444444444,0.7722222222222399,0.7611111111111768,0.7319444444444798,1.0550284629980757,0.038468752786281896,1.1145849257157279,72.22222222222223,1.1818181817988431,1.039848197343493,0.0,0.9962583015063922,0
907,653.6055555555556,0.7611111111111768,0.75,0.7319444444444798,1.039848197343493,0.037194049939174086,1.0776519742876811,63.888888888888886,1.045454545437438,1.024667931688755,0.0,0.9984658751909683,0
908,654.3555555555556,0.75,0.7305555555554974,0.7402777777778056,1.0131332082551214,0.035790593378139966,1.0369885419295808,61.111111111111114,0.9999999999836364,0.986866791744725,0.0,0.9999087499904175,0
909,655.0861111111111,0.7305555555554974,0.7222222222221717,0.7305555555555543,0.9999999999999222,0.03563345491807839,1.0324356477973522,63.888888888888886,1.045454545437438,0.9885931558934686,0.0,0.9978438006291533,0
910,655.8083333333333,0.7222222222221717,0.6972222222223081,0.7263888888888346,0.9942638623327008,0.03668994682006339,1.0630462047508165,61.111111111111114,0.9999999999836364,0.9598470363290619,0.0,0.9996704774144458,0
911,656.5055555555556,0.6972222222223081,0.7111111111111086,0.720833333333303,0.9672447013489074,0.035414432632361985,1.026089745724271,63.888888888888886,1.045454545437438,0.9865125240848164,0.0,0.999468816194159,0
912,657.2166666666667,0.7111111111111086,0.7333333333333485,0.7166666666666401,0.9922480620155371,0.036976056149185095,1.0713358716167358,63.888888888888886,1.045454545437438,1.0232558139535475,0.0,0.9983511484593512,0
913,657.95,0.7333333333333485,0.747222222222149,0.7263888888888346,1.009560229445603,0.03593726866878323,1.0412382785621719,61.111111111111114,0.9999999999836364,1.028680688336496,0.0,0.9994779857944998,0
914,658.6972222222222,0.747222222222149,0.7444444444445253,0.731944444444423,1.0208728652750723,0.03713985935026471,1.0760818684449052,63.888888888888886,1.045454545437438,1.0170777988616204,0.0,0.99853180085099,0
915,659.4416666666667,0.7444444444445253,0.7666666666666515,0.7388888888889369,1.0075187969925252,0.037464347455779576,1.085483513280916,69.44444444444444,1.1363636363450413,1.0375939849623181,0.0,0.9976976904573294,0
916,660.2083333333334,0.7666666666666515,0.75,0.7388888888889369,1.0375939849623181,0.03804015903453325,1.1021669474774176,69.44444444444444,1.1363636363450413,1.0150375939848966,0.0,0.9950396432911767,0
917,660.9583333333334,0.75,0.39444444444438886,0.7388888888889369,1.0150375939848966,0.03425650832919757,0.9925403093649207,58.333333333333336,0.9545454545298347,0.5338345864660555,0.0,0.9975103599169326,0
918,661.3527777777778,0.39444444444438886,0.9944444444444116,0.731944444444423,0.5388994307399778,0.0380424056555255,1.102232040564934,72.22222222222223,1.1818181817988431,1.3586337760910765,1.0,0.97756293856913,1
919,662.3472222222222,0.9944444444444116,0.7027777777777828,0.7388888888889369,1.3458646616540035,0.03577125326513569,1.036428185878113,63.888888888888886,1.045454545437438,0.9511278195488172,0.0,0.9971398196096614,0
920,663.05,0.7027777777777828,0.7027777777777828,0.7388888888889369,0.9511278195488172,0.03552852751372795,1.0293955049616015,63.888888888888886,1.045454545437438,0.9511278195488172,0.0,0.998826885866942,0
921,663.7527777777777,0.7027777777777828,0.7305555555556111,0.7388888888889369,0.9511278195488172,0.03681097000099367,1.0665527029696813,63.888888888888886,1.045454545437438,0.9887218045112892,0.0,0.9972319682896783,0
922,664.4833333333333,0.7305555555556111,0.7749999999999773,0.7388888888889369,0.9887218045112892,0.03595771429046046,1.0418306653714071,63.888888888888886,1.045454545437438,1.0488721804510288,0.0,0.9894510908078773,0
923,665.2583333333333,0.7749999999999773,0.7416666666666742,0.7458333333333371,1.0391061452513608,0.03718043626400286,1.077257534748304,66.66666666666667,1.0909090908912398,0.9944134078212341,0.0,0.99875360639332,0
924,666.0,0.7416666666666742,0.716666666666697,0.7430555555555998,0.9981308411214461,0.03689663664693961,1.0690347889561556,69.44444444444444,1.1363636363450413,0.9644859813083946,0.0,0.9980581122583418,0
925,666.7166666666667,0.716666666666697,0.7222222222221717,0.7361111111111427,0.9735849056603768,0.038048517746462965,1.1024091309026776,66.66666666666667,1.0909090908912398,0.9811320754715874,0.0,0.9986976861555596,0
926,667.4388888888889,0.7222222222221717,0.716666666666697,0.7263888888888914,0.994263862332623,0.03673197718344249,1.0642639829747416,63.888888888888886,1.045454545437438,0.9866156787763289,0.0,0.9993527978123671,0
927,668.1555555555556,0.716666666666697,0.7000000000000455,0.7194444444444343,0.9961389961390523,0.033738534465036434,0.9775326520042535,58.333333333333336,0.9545454545298347,0.9729729729730499,0.0,0.9986867124663652,0
928,668.8555555555556,0.7000000000000455,0.6888888888888687,0.7194444444444343,0.9729729729730499,0.03735297660853934,1.0822566795910433,63.888888888888886,1.045454545437438,0.9575289575289428,0.0,0.9984643848034827,0
929,669.5444444444445,0.6888888888888687,0.7111111111111086,0.716666666666697,0.9612403100774505,0.035302312067617775,1.022841189889334,61.111111111111114,0.9999999999836364,0.9922480620154583,0.0,0.9997494432283822,0
930,670.2555555555556,0.7111111111111086,0.7416666666666742,0.716666666666697,0.9922480620154583,0.03556431544656281,1.030432416417553,61.111111111111114,0.9999999999836364,1.0348837209301993,0.0,0.9987751470033144,0
931,670.9972222222223,0.7416666666666742,0.747222222222149,0.7194444444444343,1.030888030888056,0.03557492442970236,1.0307397986909062,61.111111111111114,0.9999999999836364,1.0386100386099513,0.0,0.9999055661073677,0
932,671.7444444444444,0.747222222222149,0.4250000000000682,0.7194444444444343,1.0386100386099513,0.03877196153479789,1.1233700272842293,69.44444444444444,1.1363636363450413,0.5907335907336938,0.0,0.9972936282712852,0
933,672.1694444444445,0.4250000000000682,1.0305555555555657,0.716666666666697,0.5930232558140236,0.03811609648524433,1.1043671419659178,69.44444444444444,1.1363636363450413,1.4379844961239843,0.0,0.9813639605756233,0
934,673.2,1.0305555555555657,0.7111111111111086,0.716666666666697,1.4379844961239843,0.03483002934366402,1.0091573772708355,58.333333333333336,0.9545454545298347,0.9922480620154583,0.0,0.9977025790229753,0
935,673.9111111111112,0.7111111111111086,0.6861111111110176,0.7138888888889028,0.9961089494163194,0.03564024036460623,1.0326322477873804,61.111111111111114,0.9999999999836364,0.9610894941632745,0.0,0.9993833830833285,0
936,674.5972222222222,0.6861111111110176,0.7027777777777828,0.7111111111111086,0.964843749999872,0.03651956986243213,1.0581097413900173,63.888888888888886,1.045454545437438,0.9882812500000107,0.0,0.9995721271869462,0
937,675.3,0.7027777777777828,0.7138888888889596,0.7069444444444457,0.9941060903732863,0.03716610652944191,1.076842348266437,63.888888888888886,1.045454545437438,1.0098231827112967,0.0,0.9993303790524193,0
938,676.0138888888889,0.7138888888889596,0.7388888888888232,0.7111111111111086,1.003906250000103,0.03688500881419357,1.0686978867651882,63.888888888888886,1.045454545437438,1.0390624999999114,0.0,0.9985096402214115,0
939,676.7527777777777,0.7388888888888232,0.7305555555556111,0.7125000000000341,1.0370370370368953,0.03753084768258879,1.0874102757826798,66.66666666666667,1.0909090908912398,1.0253411306043174,0.0,0.9988611390588185,0
940,677.4833333333333,0.7305555555556111,0.7277777777777601,0.7222222222222854,1.01153846153845,0.03665986754100655,1.0621746945357748,63.888888888888886,1.045454545437438,1.007692307692195,0.0,0.9986770418962116,0
941,678.2111111111111,0.7277777777777601,0.7222222222221717,0.7208333333333599,1.0096339113679538,0.038000104013622894,1.1010064023785437,66.66666666666667,1.0909090908912398,1.001926782273496,0.0,0.9986199518851655,0
942,678.9333333333333,0.7222222222221717,0.7138888888889596,0.7180555555555657,1.005802707930283,0.03791488378588185,1.098537250811974,66.66666666666667,1.0909090908912398,0.994197292069717,0.0,0.9983639305264775,0
943,679.6472222222222,0.7138888888889596,0.6972222222221944,0.7180555555555657,0.994197292069717,0.03602455047963997,1.0437671619707545,63.888888888888886,1.045454545437438,0.9709864603481101,0.0,0.9996269973819265,0
944,680.3444444444444,0.6972222222221944,0.6888888888888687,0.7138888888889596,0.9766536964979188,0.03361930937807457,0.9740782513525582,58.333333333333336,0.9545454545298347,0.9649805447469578,0.0,0.9977014813576126,0
945,681.0333333333333,0.6888888888888687,0.6916666666667197,0.7138888888889596,0.9649805447469578,0.03581501307325351,1.0376960726419835,63.888888888888886,1.045454545437438,0.9688715953307176,0.0,0.9992290250294948,0
946,681.725,0.6916666666667197,0.7277777777777601,0.7138888888889596,0.9688715953307176,0.03607577713869373,1.0452513915815587,63.888888888888886,1.045454545437438,1.0194552529181622,0.0,0.99909823814584,0
947,682.4527777777778,0.7277777777777601,0.7611111111110631,0.7180555555555657,1.0135396518374853,0.037307727235541474,1.0809456345118928,66.66666666666667,1.0909090908912398,1.0599613152803824,0.0,0.9987787581673366,0
948,683.2138888888888,0.7611111111110631,0.7444444444445253,0.7249999999999659,1.049808429118757,0.038014599254755345,1.1014263842103074,66.66666666666667,1.0909090908912398,1.0268199233718074,0.0,0.998232775877822,0
949,683.9583333333334,0.7444444444445253,0.7166666666665833,0.7249999999999659,1.0268199233718074,0.040018081944095577,1.1594748376363133,66.66666666666667,1.0909090908912398,0.9885057471263683,0.0,0.9969679710615749,0
950,684.675,0.7166666666665833,0.7111111111111086,0.7194444444443775,0.9961389961389729,0.035928248503471025,1.0409769303365015,63.888888888888886,1.045454545437438,0.9884169884170769,0.0,0.999634973966572,0
951,685.3861111111111,0.7111111111111086,0.7055555555556339,0.7152777777777715,0.9941747572815587,0.03705676971094559,1.0736744480644536,63.888888888888886,1.045454545437438,0.9864077669904094,0.0,0.9994964719536334,0
952,686.0916666666667,0.7055555555556339,0.6999999999999318,0.7125000000000341,0.9902534113061054,0.03397130766593369,0.9842769699776504,61.111111111111114,0.9999999999836364,0.9824561403507345,0.0,0.9979957122703015,0
953,686.7916666666666,0.6999999999999318,0.7000000000000455,0.7083333333333712,0.9882352941174979,0.034234530599893905,0.9919035316165123,61.111111111111114,0.9999999999836364,0.9882352941176584,0.0,0.9978209371751458,0
954,687.4916666666667,0.7000000000000455,0.7111111111111086,0.7083333333333712,0.9882352941176584,0.03513017231345812,1.0178536516613936,63.888888888888886,1.045454545437438,1.0039215686273937,0.0,0.9988306655155776,0
955,688.2027777777778,0.7111111111111086,0.7333333333333485,0.7111111111111086,1.0,0.03506745362917201,1.0160364547157483,63.888888888888886,1.045454545437438,1.031250000000025,0.0,0.9984008704709819,0
956,688.9361111111111,0.7333333333333485,0.7361111111110858,0.7138888888888459,1.027237354085686,0.03538015472164919,1.0250965853070937,61.111111111111114,0.9999999999836364,1.0311284046692872,0.0,0.999861805278051,0
957,689.6722222222222,0.7361111111110858,0.7583333333333258,0.7138888888888459,1.0311284046692872,0.03629306814896505,1.051547132072223,63.888888888888886,1.045454545437438,1.0622568093385747,0.0,0.9991667698401416,0
958,690.4305555555555,0.7583333333333258,0.7250000000000227,0.7138888888888459,1.0622568093385747,0.03534415982712116,1.0240536773899447,63.888888888888886,1.045454545437438,1.0155642023347233,0.0,0.9991936908636228,0
959,691.1555555555556,0.7250000000000227,0.6972222222221944,0.7138888888888459,1.0155642023347233,0.03479272254304799,1.0080764584839872,58.333333333333336,0.9545454545298347,0.9766536964980743,0.0,0.9989400025978785,0
960,691.8527777777778,0.6972222222221944,0.6777777777778056,0.7111111111111086,0.9804687499999644,0.03408225955227971,0.987491664789516,58.333333333333336,0.9545454545298347,0.9531250000000425,0.0,0.9975887946254787,0
961,692.5305555555556,0.6777777777778056,0.7027777777777828,0.7083333333333712,0.9568627450980273,0.03530230678846785,1.0228410369324403,61.111111111111114,0.9999999999836364,0.9921568627450521,0.0,0.9986758947503771,0
962,693.2333333333333,0.7027777777777828,0.6972222222221944,0.7069444444444457,0.9941060903732863,0.037365577326492816,1.0826217699375427,63.888888888888886,1.045454545437438,0.9862475442042812,0.0,0.9986775796954794,0
963,693.9305555555555,0.6972222222221944,0.7472222222222626,0.7069444444444457,0.9862475442042812,0.03648110581945278,1.0569952929251807,66.66666666666667,1.0909090908912398,1.0569744597250061,0.0,0.9992760531891304,0
964,694.6777777777778,0.7472222222222626,0.7638888888889142,0.7180555555555657,1.0406189555126142,0.03747100945262917,1.085676536467942,69.44444444444444,1.1363636363450413,1.0638297872340627,0.0,0.9972960466842172,0
965,695.4416666666667,0.7638888888889142,0.7388888888888232,0.7291666666666856,1.047619047619055,0.03626129133004736,1.0506264377219374,63.888888888888886,1.045454545437438,1.0133333333332168,0.0,0.9989209697177835,0
966,696.1805555555555,0.7388888888888232,0.716666666666697,0.7305555555555543,1.0114068441063757,0.036257466681161976,1.0505156232118469,63.888888888888886,1.045454545437438,0.9809885931559368,0.0,0.9995779748312508,0
967,696.8972222222222,0.716666666666697,0.7083333333333712,0.7208333333333599,0.9942196531791962,0.03474112483132581,1.006581478077254,58.333333333333336,0.9545454545298347,0.9826589595375886,0.0,0.9990073629647881,0
968,697.6055555555556,0.7083333333333712,0.7222222222221717,0.7125000000000341,0.9941520467836313,0.03707574244910375,1.0742241598803817,63.888888888888886,1.045454545437438,1.0136452241714204,0.0,0.997767467395909,0
969,698.3277777777778,0.7222222222221717,0.6944444444444571,0.7125000000000341,1.0136452241714204,0.03535241169892095,1.0242927652534914,61.111111111111114,0.9999999999836364,0.9746588693956826,0.0,0.9995388705497484,0
970,699.0222222222222,0.6944444444444571,0.6861111111111313,0.7125000000000341,0.9746588693956826,0.03713544203484938,1.0759538821490817,63.888888888888886,1.045454545437438,0.9629629629629453,0.0,0.9993892402961739,0
971,699.7083333333334,0.6861111111111313,0.7277777777777601,0.7125000000000341,0.9629629629629453,0.03668532084532885,1.062912172807163,63.888888888888886,1.045454545437438,1.0214424951266319,0.0,0.9994300195192509,0
972,700.4361111111111,0.7277777777777601,0.7416666666666742,0.7194444444444343,1.0115830115830011,0.03744878691648452,1.0850326657415992,66.66666666666667,1.0909090908912398,1.030888030888056,0.0,0.9993144268864633,0
973,701.1777777777778,0.7416666666666742,0.7555555555554747,0.7249999999999659,1.022988505747185,0.03677980288677588,1.065649674065204,63.888888888888886,1.045454545437438,1.0421455938696693,0.0,0.9994364120635673,0
974,701.9333333333333,0.7555555555554747,0.7555555555555884,0.7249999999999659,1.0421455938696693,0.037778829459144986,1.09459524358076,69.44444444444444,1.1363636363450413,1.042145593869826,0.0,0.9979883278150051,0
975,702.6888888888889,0.7555555555555884,0.7111111111111086,0.7249999999999659,1.042145593869826,0.0384581419201593,1.1142774888852505,69.44444444444444,1.1363636363450413,0.9808429118774373,0.0,0.9973708773524406,0
976,703.4,0.7111111111111086,0.6944444444444571,0.7194444444444343,0.9884169884169988,0.03698772923404982,1.0716740849323352,63.888888888888886,1.045454545437438,0.9652509652509964,0.0,0.9993837685302939,0
977,704.0944444444444,0.6944444444444571,0.7083333333333712,0.7166666666666401,0.968992248062069,0.035538356681267896,1.029680293034488,61.111111111111114,0.9999999999836364,0.9883720930233453,0.0,0.9991499585479666,0
978,704.8027777777778,0.7083333333333712,0.7277777777777601,0.7166666666666401,0.9883720930233453,0.03675903461509959,1.0650479388680125,63.888888888888886,1.045454545437438,1.0155038759690052,0.0,0.9991130032185299,0
979,705.5305555555556,0.7277777777777601,0.7250000000000227,0.7194444444444343,1.0115830115830011,0.038139469680963975,1.105044351642032,66.66666666666667,1.0909090908912398,1.0077220077220534,0.0,0.9986770849552685,0
980,706.2555555555556,0.7250000000000227,0.48055555555549745,0.7263888888888914,0.9980879541109265,0.037903432832684256,1.0982054734889601,69.44444444444444,1.1363636363450413,0.6615678776289808,0.0,0.9979563359835502,0
981,706.7361111111111,0.48055555555549745,1.0194444444445026,0.7263888888888914,0.6615678776289808,0.03998342513069164,1.1584706989784272,66.66666666666667,1.0909090908912398,1.4034416826004574,0.0,0.9879170522076726,0
982,707.7555555555556,1.0194444444445026,0.7527777777777374,0.7263888888888914,1.4034416826004574,0.03772033203165031,1.0929003523727983,66.66666666666667,1.0909090908912398,1.0363288718928663,0.0,0.999194077841508,0
983,708.5083333333333,0.7527777777777374,0.7277777777777601,0.7263888888888914,1.0363288718928663,0.03704883048086048,1.0734444186110992,63.888888888888886,1.045454545437438,1.0019120458890736,0.0,0.9987842786819593,0
984,709.2361111111111,0.7277777777777601,0.7277777777777601,0.7263888888888914,1.0019120458890736,0.038590192311249494,1.1181034869923814,66.66666666666667,1.0909090908912398,1.0019120458890736,0.0,0.9984671804343299,0
985,709.9638888888888,0.7277777777777601,0.7000000000000455,0.7263888888888914,1.0019120458890736,0.03926278195891419,1.1375909470263559,63.888888888888886,1.045454545437438,0.9636711281071338,0.0,0.9943826056671476,0
986,710.6638888888889,0.7000000000000455,0.7083333333333712,0.7263888888888914,0.9636711281071338,0.0342021647747638,0.9909657715337049,61.111111111111114,0.9999999999836364,0.9751434034417313,0.0,0.9967355446558951,0
987,711.3722222222223,0.7083333333333712,0.7194444444444343,0.7263888888888914,0.9751434034417313,0.03600476127859971,1.0431937941443012,61.111111111111114,0.9999999999836364,0.990439770554476,0.0,0.9983672886069273,0
988,712.0916666666667,0.7194444444444343,0.7694444444443889,0.7263888888888914,0.990439770554476,0.0370813701517696,1.0743872156621121,66.66666666666667,1.0909090908912398,1.0592734225620613,0.0,0.9975791214980005,0
989,712.8611111111111,0.7694444444443889,0.7638888888889142,0.7263888888888914,1.0592734225620613,0.037206445552540754,1.0780111219803616,69.44444444444444,1.1363636363450413,1.0516252390057672,0.0,0.9973815150839747,0
990,713.625,0.7638888888889142,0.7583333333333258,0.7277777777777601,1.0496183206107472,0.03592744684746341,1.0409537033370022,66.66666666666667,1.0909090908912398,1.0419847328244425,0.0,0.9992901097969836,0
991,714.3833333333333,0.7583333333333258,0.7361111111110858,0.7402777777777487,1.024390243902469,0.03623929063825286,1.0499889946635232,63.888888888888886,1.045454545437438,0.9943714821763652,0.0,0.9982297475807741,0
992,715.1194444444444,0.7361111111110858,0.7138888888889596,0.731944444444423,1.0056925996204884,0.036548314965062084,1.058942595479608,63.888888888888886,1.045454545437438,0.9753320683113207,0.0,0.9993389327988618,0
993,715.8333333333334,0.7138888888889596,0.7055555555555202,0.7277777777777601,0.9809160305344722,0.03694772541778983,1.0705150234253975,66.66666666666667,1.0909090908912398,0.9694656488549368,0.0,0.9992163359220433,0
994,716.5388888888889,0.7055555555555202,0.7277777777777601,0.7236111111110972,0.9750479846448835,0.036500429977181226,1.0575551866921018,63.888888888888886,1.045454545437438,1.0057581573896301,0.0,0.9987486034048823,0
995,717.2666666666667,0.7277777777777601,0.7388888888889369,0.7236111111110972,1.0057581573896301,0.03643136477907999,1.0555541072933785,66.66666666666667,1.0909090908912398,1.021113243762082,0.0,0.9975728595117048,0
996,718.0055555555556,0.7388888888889369,0.75,0.731944444444423,1.0094876660342509,0.03493925615843492,1.012322090249807,61.111111111111114,0.9999999999836364,1.0246679316888345,0.0,0.9993941632774159,0
997,718.7555555555556,0.75,0.75,0.7375000000000114,1.0169491525423573,0.03863523364880368,1.1194085044997302,69.44444444444444,1.1363636363450413,1.0169491525423573,0.0,0.9977035449323033,0
998,719.5055555555556,0.75,0.7666666666666515,0.7444444444444684,1.0074626865671317,0.03727145361159493,1.0798946507517353,66.66666666666667,1.0909090908912398,1.029850746268603,0.0,0.9990858487055644,0
999,720.2722222222222,0.7666666666666515,0.7583333333333258,0.7444444444444684,1.029850746268603,0.03785448977205547,1.0967874083414286,66.66666666666667,1.0909090908912398,1.0186567164178675,0.0,0.9981065146094632,0
1000,721.0305555555556,0.7583333333333258,0.7194444444444343,0.7444444444444684,1.0186567164178675,0.03687184699867583,1.0683165393050138,63.888888888888886,1.045454545437438,0.9664179104477164,0.0,0.9994747071736124,0
1001,721.75,0.7194444444444343,0.7027777777777828,0.7375000000000114,0.9755178907720993,0.03575203059631513,1.0358712326278101,61.111111111111114,0.9999999999836364,0.9529190207156231,0.0,0.9980149252239812,0
1002,722.4527777777778,0.7027777777777828,0.7083333333333712,0.7333333333333485,0.9583333333333204,0.036829164092597885,1.0670798544568068,63.888888888888886,1.045454545437438,0.9659090909091226,0.0,0.9990705039249376,0
1003,723.1611111111112,0.7083333333333712,0.724999999999909,0.7333333333333485,0.9659090909091226,0.03551957314060701,1.0291360629839714,63.888888888888886,1.045454545437438,0.9886363636362192,0.0,0.9995134798159562,0
1004,723.8861111111111,0.724999999999909,0.7611111111111768,0.7333333333333485,0.9886363636362192,0.03667192349507435,1.062524001016901,63.888888888888886,1.045454545437438,1.037878787878856,0.0,0.9986150729315869,0
1005,724.6472222222222,0.7611111111111768,0.7805555555555657,0.7444444444444684,1.0223880597015478,0.03822742874286968,1.1075928575690337,66.66666666666667,1.0909090908912398,1.048507462686547,0.0,0.9975439534853666,0
1006,725.4277777777778,0.7805555555555657,0.7638888888889142,0.75,1.0407407407407543,0.039499312328063745,1.1444441243412724,69.44444444444444,1.1363636363450413,1.0185185185185521,0.0,0.9957432526947241,0
1007,726.1916666666667,0.7638888888889142,0.7416666666665606,0.7541666666666629,1.0128913443830956,0.03686250273971972,1.0680458008635487,63.888888888888886,1.045454545437438,0.9834254143645051,0.0,0.9986897405994366,0
1008,726.9333333333333,0.7416666666665606,0.7333333333333485,0.7499999999999432,0.9888888888888223,0.03606845940795739,1.0450393693094955,61.111111111111114,0.9999999999836364,0.9777777777778721,0.0,0.9997482798414783,0
1009,727.6666666666666,0.7333333333333485,0.7361111111111995,0.7374999999999545,0.9943502824859576,0.03684954330977184,1.0676703172770123,66.66666666666667,1.0909090908912398,0.9981167608288066,0.0,0.9991940295266701,0
1010,728.4027777777778,0.7361111111111995,0.7222222222221717,0.734722222222274,1.0018903591682917,0.03577760937357482,1.0366123463236525,61.111111111111114,0.9999999999836364,0.9829867674856843,0.0,0.9998218298692811,0
1011,729.125,0.7222222222221717,0.7027777777777828,0.734722222222274,0.9829867674856843,0.03552462549581521,1.0292824487788452,61.111111111111114,0.9999999999836364,0.9565217391303742,0.0,0.9990821484298649,0
1012,729.8277777777778,0.7027777777777828,0.7416666666666742,0.734722222222274,0.9565217391303742,0.03686963634929805,1.0682524884509037,66.66666666666667,1.0909090908912398,1.009451795841149,0.0,0.9995370399503702,0
1013,730.5694444444445,0.7416666666666742,0.7666666666666515,0.73888888888888,1.003759398496263,0.038353884871328146,1.1112567687784045,66.66666666666667,1.0909090908912398,1.0375939849623979,0.0,0.997602415985186,0
1014,731.3361111111111,0.7666666666666515,0.7638888888889142,0.7416666666666174,1.0337078651685876,0.03755909928855702,1.088228831411826,66.66666666666667,1.0909090908912398,1.0299625468165818,0.0,0.9989088409629772,0
1015,732.1,0.7638888888889142,0.7638888888889142,0.7416666666666174,1.0299625468165818,0.03673655341460289,1.0643965736593504,66.66666666666667,1.0909090908912398,1.0299625468165818,0.0,0.9974021462661649,0
1016,732.8638888888889,0.7638888888889142,0.7277777777777601,0.7416666666666174,1.0299625468165818,0.03646111482750145,1.0564160784545986,63.888888888888886,1.045454545437438,0.9812734082397417,0.0,0.998334866299236,0
1017,733.5916666666667,0.7277777777777601,0.6944444444444571,0.73888888888888,0.9849624060150255,0.03780254772422433,1.095282451218305,66.66666666666667,1.0909090908912398,0.9398496240601787,0.0,0.9982333796784468,0
1018,734.2861111111112,0.6944444444444571,0.7166666666665833,0.734722222222274,0.9451795841209335,0.03504269524199019,1.015319110816111,61.111111111111114,0.9999999999836364,0.9754253308126722,0.0,0.9969477526658852,0
1019,735.0027777777777,0.7166666666665833,0.7416666666666742,0.7319444444444798,0.9791271347246965,0.03730240076206746,1.0807913064765042,63.888888888888886,1.045454545437438,1.0132827324477793,0.0,0.9979844033691924,0
1020,735.7444444444444,0.7416666666666742,0.7333333333333485,0.7347222222222172,1.009451795841227,0.036969256325421446,1.0711388550639354,63.888888888888886,1.045454545437438,0.9981096408317855,0.0,0.9991326223744794,0
1021,736.4777777777778,0.7333333333333485,0.7444444444444116,0.7375000000000114,0.994350282485881,0.037076744655254686,1.0742531975742862,66.66666666666667,1.0909090908912398,1.0094161958568137,0.0,0.9989094643162192,0
1022,737.2222222222222,0.7444444444444116,0.7555555555555884,0.7416666666666742,1.0037453183520053,0.03838084791808548,1.1120379899849784,66.66666666666667,1.0909090908912398,1.0187265917603334,0.0,0.9972174245995071,0
1023,737.9777777777778,0.7555555555555884,0.752777777777851,0.7430555555555429,1.0168224299066035,0.03802351642168291,1.1016847481841219,69.44444444444444,1.1363636363450413,1.0130841121496486,0.0,0.996146508293765,0
1024,738.7305555555556,0.752777777777851,0.7361111111110858,0.7430555555555429,1.0130841121496486,0.0354126173658675,1.0260371506042227,61.111111111111114,0.9999999999836364,0.9906542056074594,0.0,0.9997733237321071,0
1025,739.4666666666667,0.7361111111110858,0.7277777777777601,0.73888888888888,0.9962406015037372,0.03511106172064405,1.0172999456759049,61.111111111111114,0.9999999999836364,0.9849624060150255,0.0,0.999900928376297,0
1026,740.1944444444445,0.7277777777777601,0.7083333333333712,0.7347222222222172,0.9905482041587729,0.036733808730152154,1.0643170497940555,63.888888888888886,1.045454545437438,0.9640831758034608,0.0,0.9987923444863673,0
1027,740.9027777777778,0.7083333333333712,0.7055555555555202,0.7347222222222172,0.9640831758034608,0.03611967586005867,1.0465233031863714,63.888888888888886,1.045454545437438,0.9603024574668771,0.0,0.9985487588514339,0
1028,741.6083333333333,0.7055555555555202,0.7361111111110858,0.7347222222222172,0.9603024574668771,0.03622038030335537,1.0494410909055285,61.111111111111114,0.9999999999836364,1.0018903591682145,0.0,0.9998287998556105,0
1029,742.3444444444444,0.7361111111110858,0.7805555555555657,0.7361111111110858,1.0,0.03750334216352862,1.0866133371065347,66.66666666666667,1.0909090908912398,1.0603773584906162,0.0,0.9989454810916587,0
1030,743.125,0.7805555555555657,0.75,0.7361111111110858,1.0603773584906162,0.03859258546238219,1.118172825610981,69.44444444444444,1.1363636363450413,1.018867924528337,0.0,0.9978470762024836,0
1031,743.875,0.75,0.7527777777777374,0.7402777777777487,1.0131332082551991,0.03708094061071299,1.0743747702368776,66.66666666666667,1.0909090908912398,1.0168855534709047,0.0,0.99920900753197,0
1032,744.6277777777777,0.7527777777777374,0.7250000000000227,0.7430555555555429,1.0130841121494956,0.03598627487367162,1.0426581732371718,63.888888888888886,1.045454545437438,0.9757009345794865,0.0,0.9987134365479395,0
1033,745.3527777777778,0.7250000000000227,0.7138888888889596,0.7361111111110858,0.9849056603774232,0.03685169119645046,1.0677325496588999,63.888888888888886,1.045454545437438,0.9698113207548463,0.0,0.9980917664868543,0
1034,746.0666666666667,0.7138888888889596,0.7027777777776691,0.731944444444423,0.9753320683113207,0.03499740765723896,1.0140069585982778,58.333333333333336,0.9545454545298347,0.9601518026564262,0.0,0.9995683386880085,0
1035,746.7694444444444,0.7027777777776691,0.7277777777778738,0.7263888888888914,0.9674952198851243,0.03720519587907376,1.0779749142245212,63.888888888888886,1.045454545437438,1.00191204588923,0.0,0.9984705861920098,0
1036,747.4972222222223,0.7277777777778738,0.7277777777777601,0.7263888888889483,1.0019120458891515,0.036965330219162665,1.0710251009508998,66.66666666666667,1.0909090908912398,1.0019120458889952,0.0,0.9988446696457955,0
1037,748.225,0.7277777777777601,0.4555555555555202,0.7277777777778169,0.9999999999999218,0.036887584063122564,1.0687725014440723,63.888888888888886,1.045454545437438,0.6259541984732002,0.0,0.9987123099221864,0
1038,748.6805555555555,0.4555555555555202,1.033333333333303,0.7277777777778169,0.6259541984732002,0.03874888263454055,1.1227013444581486,66.66666666666667,1.0909090908912398,1.4198473282441568,0.0,0.9863634783238859,0
1039,749.7138888888888,1.033333333333303,0.775000000000091,0.7277777777778169,1.4198473282441568,0.03701720183630315,1.0725280174311527,63.888888888888886,1.045454545437438,1.0648854961832739,0.0,0.9976409177172282,0
1040,750.4888888888889,0.775000000000091,0.7277777777777601,0.7277777777778169,1.0648854961832739,0.03755804442964668,1.0881982681688025,66.66666666666667,1.0909090908912398,0.9999999999999218,0.0,0.9985286826189499,0
1041,751.2166666666667,0.7277777777777601,0.7194444444444343,0.7277777777777601,1.0,0.037190458494590926,1.0775479165861963,63.888888888888886,1.045454545437438,0.9885496183206208,0.0,0.9986960185527982,0
1042,751.9361111111111,0.7194444444444343,0.691666666666606,0.7263888888888914,0.990439770554476,0.03535429155264856,1.0243472317093962,61.111111111111114,0.9999999999836364,0.9521988527723797,0.0,0.999619384592692,0
1043,752.6277777777777,0.691666666666606,0.7000000000000455,0.7236111111110972,0.9558541266793972,0.035803999917498996,1.037376979962875,63.888888888888886,1.045454545437438,0.9673704414588147,0.0,0.9978694776027883,0
1044,753.3277777777778,0.7000000000000455,0.7138888888888459,0.7236111111110972,0.9673704414588147,0.03605266628482187,1.0445817829386919,61.111111111111114,0.9999999999836364,0.9865642994241438,0.0,0.9997977204481966,0
1045,754.0416666666666,0.7138888888888459,0.7555555555555884,0.7236111111110972,0.9865642994241438,0.03764476584022412,1.0907109146666867,66.66666666666667,1.0909090908912398,1.0441458733206028,0.0,0.9976826683310779,0
1046,754.7972222222222,0.7555555555555884,0.7583333333333258,0.7236111111110972,1.0441458733206028,0.03823294654067894,1.1077527289923552,69.44444444444444,1.1363636363450413,1.0479846449136372,0.0,0.9967925605893279,0
1047,755.5555555555555,0.7583333333333258,0.7388888888889369,0.7236111111110972,1.0479846449136372,0.03769143762810686,1.0920631724723737,66.66666666666667,1.0909090908912398,1.021113243762082,0.0,0.9984105266016841,0
1048,756.2944444444445,0.7388888888889369,0.7277777777777601,0.7333333333333485,1.0075757575758022,0.03696494068570078,1.0710138146966484,63.888888888888886,1.045454545437438,0.9924242424241978,0.0,0.9986231333560963,0
1049,757.0222222222222,0.7277777777777601,0.7222222222221717,0.7277777777777601,1.0,0.036411860071905826,1.0549889823277319,66.66666666666667,1.0909090908912398,0.9923664122136951,0.0,0.9997684195347948,0
1050,757.7444444444444,0.7222222222221717,0.7194444444444343,0.7249999999999659,0.9961685823754561,0.037248290681492435,1.0792235332639635,63.888888888888886,1.045454545437438,0.9923371647509907,0.0,0.9987959674515179,0
1051,758.4638888888888,0.7194444444444343,0.7138888888889596,0.720833333333303,0.9980732177264249,0.035395273785274434,1.0255346416303974,61.111111111111114,0.9999999999836364,0.9903660886321244,0.0,0.9995317847671086,0
1052,759.1777777777778,0.7138888888889596,0.7055555555555202,0.720833333333303,0.9903660886321244,0.03716756301709587,1.076884548209664,63.888888888888886,1.045454545437438,0.9788053949903582,0.0,0.9995071754105315,0
1053,759.8833333333333,0.7055555555555202,0.7305555555556111,0.720833333333303,0.9788053949903582,0.037647329423246674,1.090785191340241,66.66666666666667,1.0909090908912398,1.0134874759153414,0.0,0.9980308044567836,0
1054,760.6138888888889,0.7305555555556111,0.7527777777777374,0.7249999999999659,1.0076628352491661,0.039171889847802614,1.1349574595963303,69.44444444444444,1.1363636363450413,1.0383141762452037,0.0,0.996862225535164,0
1055,761.3666666666667,0.7527777777777374,0.7666666666666515,0.7291666666666856,1.03238095238087,0.03804323565803894,1.1022560888696689,66.66666666666667,1.0909090908912398,1.0514285714285234,0.0,0.998673743353504,0
1056,762.1333333333333,0.7666666666666515,0.75,0.7291666666666856,1.0514285714285234,0.03732170292184093,1.0813505628796631,66.66666666666667,1.0909090908912398,1.0285714285714018,0.0,0.9992493443673063,0
1057,762.8833333333333,0.75,0.7083333333333712,0.7291666666666856,1.0285714285714018,0.03803737399529191,1.1020862543815646,66.66666666666667,1.0909090908912398,0.9714285714285982,0.0,0.9985148201617569,0
1058,763.5916666666667,0.7083333333333712,0.6972222222221944,0.7249999999999659,0.9770114942529718,0.036460436423895126,1.0563964225422438,63.888888888888886,1.045454545437438,0.9616858237547962,0.0,0.9985283083095919,0
1059,764.2888888888889,0.6972222222221944,0.7000000000000455,0.720833333333303,0.9672447013487497,0.033541244928740443,0.9718164296879591,61.111111111111114,0.9999999999836364,0.9710982658960576,0.0,0.9943143161558913,0
1060,764.9888888888889,0.7000000000000455,0.7333333333332348,0.716666666666697,0.9767441860465338,0.03473061312030422,1.0062769141442032,63.888888888888886,1.045454545437438,1.0232558139533077,0.0,0.9965094006479296,0
1061,765.7222222222222,0.7333333333332348,0.7277777777778738,0.7222222222222854,1.0153846153843902,0.036371338292857276,1.0538149134843353,66.66666666666667,1.0909090908912398,1.0076923076923525,0.0,0.9971482128739401,0
1062,766.45,0.7277777777778738,0.7333333333332348,0.7291666666667425,0.998095238095266,0.0386612034555129,1.120160947794231,69.44444444444444,1.1363636363450413,1.005714285714046,0.0,0.991708632243333,0
1063,767.1833333333333,0.7333333333332348,0.7388888888889369,0.731944444444423,1.001897533206726,0.03564334954911796,1.0327223325948418,66.66666666666667,1.0909090908912398,1.0094876660342509,0.0,0.9971377197687971,0
1064,767.9222222222222,0.7388888888889369,0.7472222222222626,0.7333333333332348,1.0075757575759583,0.03485734044350929,1.009948682888706,63.888888888888886,1.045454545437438,1.0189393939395859,0.0,0.995323842556789,0
1065,768.6694444444445,0.7472222222222626,0.7166666666665833,0.7333333333332348,1.0189393939395859,0.03352792987218866,0.9714306422567908,52.77777777777778,0.8636363636222314,0.9772727272727448,0.0,0.9588624162258774,0
1066,769.3861111111111,0.7166666666665833,0.7027777777777828,0.7305555555555543,0.9809885931557811,0.0322534636165661,0.9345045457768231,55.55555555555556,0.9090909090760331,0.9619771863117956,0.0,0.9986720030911069,0
1067,770.0888888888888,0.7027777777777828,0.7027777777777828,0.7222222222222285,0.9730769230769216,0.031619830172614036,0.9161457939612414,55.55555555555556,0.9090909090760331,0.9730769230769216,0.0,0.9962732935420067,0
1068,770.7916666666666,0.7027777777777828,0.7111111111111086,0.7222222222222285,0.9730769230769216,0.03200007540779659,0.9271629332369614,58.333333333333336,0.9545454545298347,0.9846153846153725,0.0,0.9963428243945052,0
1069,771.5027777777777,0.7111111111111086,0.7055555555556339,0.7222222222222285,0.9846153846153725,0.031375226742706916,0.9090587096133949,55.55555555555556,0.9090909090760331,0.9769230769231768,0.0,0.9969680549448043,0
1070,772.2083333333334,0.7055555555556339,0.7638888888888005,0.7222222222222285,0.9769230769231768,0.03241497995428651,0.9391842835442553,61.111111111111114,0.9999999999836364,1.057692307692176,0.0,0.9988541587845419,0
1071,772.9722222222222,0.7638888888888005,0.7583333333334394,0.7222222222222285,1.057692307692176,0.034542885677410484,1.0008377417552523,63.888888888888886,1.045454545437438,1.0500000000001377,0.0,0.9991689812623619,0
1072,773.7305555555556,0.7583333333334394,0.747222222222149,0.724999999999909,1.0459770114945304,0.03273594674110212,0.94848390249025,61.111111111111114,0.9999999999836364,1.0306513409961968,0.0,0.9991586980070424,0
1073,774.4777777777778,0.747222222222149,0.7194444444444343,0.7277777777777601,1.0267175572518328,0.03244867123138289,0.9401604469719693,55.55555555555556,0.9090909090760331,0.9885496183206208,0.0,0.9983533443606334,0
1074,775.1972222222222,0.7194444444444343,0.7111111111111086,0.7180555555555088,1.0019342359768404,0.032661636889557866,0.9463308656911746,55.55555555555556,0.9090909090760331,0.9903288201161151,0.0,0.9983248301520158,0
1075,775.9083333333333,0.7111111111111086,0.6888888888888687,0.7138888888888459,0.9961089494163988,0.03215235124727391,0.9315749389023141,55.55555555555556,0.9090909090760331,0.9649805447471115,0.0,0.9985684951649154,0
1076,776.5972222222222,0.6888888888888687,0.7138888888889596,0.7111111111111086,0.968749999999975,0.032634727992647876,0.9455512134100066,58.333333333333336,0.9545454545298347,1.003906250000103,0.0,0.9978213163716643,0
1077,777.3111111111111,0.7138888888889596,0.7416666666666742,0.7125000000000341,1.0019493177388428,0.03270807317395546,0.9476763000722513,61.111111111111114,0.9999999999836364,1.0409356725145806,0.0,0.9987700058016584,0
1078,778.0527777777778,0.7416666666666742,0.7333333333333485,0.716666666666697,1.0348837209301993,0.033854679437517486,0.9808978101169754,61.111111111111114,0.9999999999836364,1.0232558139534662,0.0,0.9981548950857166,0
1079,778.7861111111112,0.7333333333333485,0.724999999999909,0.7263888888888914,1.0095602294455241,0.03327322505968446,0.9640508827386797,61.111111111111114,0.9999999999836364,0.99808795411077,0.0,0.9989524984953113,0
1080,779.5111111111111,0.724999999999909,0.752777777777851,0.7291666666666288,0.9942857142856413,0.03273205206194802,0.9483710589390235,61.111111111111114,0.9999999999836364,1.0323809523811065,0.0,0.9983559241261929,0
1081,780.2638888888889,0.752777777777851,0.7527777777777374,0.7291666666666288,1.0323809523811065,0.03427470651530626,0.9930675794852909,61.111111111111114,0.9999999999836364,1.0323809523809506,0.0,0.9993192524285995,0
1082,781.0166666666667,0.7527777777777374,0.7027777777777828,0.7291666666666288,1.0323809523809506,0.030720833704041793,0.8900984740049882,52.77777777777778,0.8636363636222314,0.9638095238095808,0.0,0.9961283964888881,0
1083,781.7194444444444,0.7027777777777828,0.6749999999999545,0.7222222222221717,0.9730769230769981,0.031386188773893924,0.90937632102087,55.55555555555556,0.9090909090760331,0.9346153846153871,0.0,0.9973349397374925,0
1084,782.3944444444444,0.6749999999999545,0.6972222222223081,0.7194444444444343,0.9382239382238882,0.031505426708119295,0.9128310939062669,55.55555555555556,0.9090909090760331,0.9691119691121021,0.0,0.9977592138496225,0
1085,783.0916666666667,0.6972222222223081,0.6999999999999318,0.7194444444444343,0.9691119691121021,0.03303703818593104,0.9572076577815304,58.333333333333336,0.9545454545298347,0.9729729729728919,0.0,0.9981628484669248,0
1086,783.7916666666666,0.6999999999999318,0.7361111111111995,0.7194444444444343,0.9729729729728919,0.03165272133865669,0.9170987751526001,55.55555555555556,0.9090909090760331,1.0231660231661603,0.0,0.996714805312352,0
1087,784.5277777777778,0.7361111111111995,0.7583333333333258,0.7291666666666288,1.0095238095239834,0.03236392143713504,0.9377049256388251,61.111111111111114,0.9999999999836364,1.0400000000000436,0.0,0.9984931696267414,0
1088,785.2861111111112,0.7583333333333258,0.7333333333332348,0.7291666666666288,1.0400000000000436,0.034417470830239424,0.9972040003939351,61.111111111111114,0.9999999999836364,1.005714285714203,0.0,0.9986239296513213,0
1089,786.0194444444444,0.7333333333332348,0.7277777777778738,0.7291666666665719,1.0057142857142813,0.03311555148839723,0.959482484415062,61.111111111111114,0.9999999999836364,0.9980952380954994,0.0,0.9982108259981558,0
1090,786.7472222222223,0.7277777777778738,0.7166666666665833,0.7305555555555543,0.9961977186313118,0.031819038751998964,0.9219176181971149,55.55555555555556,0.9090909090760331,0.9809885931557811,0.0,0.9978832119811311,0
1091,787.4638888888888,0.7166666666665833,0.7194444444444343,0.7222222222222285,0.9923076923075682,0.03220382273642161,0.9330662621647784,58.333333333333336,0.9545454545298347,0.9961538461538234,0.0,0.9985783927860634,0
1092,788.1833333333333,0.7194444444444343,0.683333333333394,0.7180555555555088,1.0019342359768404,0.03273492409560836,0.9484542725914584,58.333333333333336,0.9545454545298347,0.9516441005804172,0.0,0.9981245617725543,0
1093,788.8666666666667,0.683333333333394,0.6972222222221944,0.7180555555555088,0.9516441005804172,0.03197616019639011,0.9264700193211645,55.55555555555556,0.9090909090760331,0.970986460348187,0.0,0.9974226047203217,0
1094,789.5638888888889,0.6972222222221944,0.7138888888889596,0.7180555555555088,0.970986460348187,0.03118226722754415,0.903467944348176,52.77777777777778,0.8636363636222314,0.9941972920697957,0.0,0.9964062299234555,0
1095,790.2777777777778,0.7138888888889596,0.7388888888888232,0.7180555555555088,0.9941972920697957,0.031168695550769263,0.9030747216608169,55.55555555555556,0.9090909090760331,1.029013539651813,0.0,0.9977299868938825,0
1096,791.0166666666667,0.7388888888888232,0.7333333333333485,0.7236111111111541,1.0211132437618449,0.032787410772149465,0.9499750096634046,58.333333333333336,0.9545454545298347,1.0134357005757766,0.0,0.9981522655402174,0
1097,791.75,0.7333333333333485,0.7416666666666742,0.7236111111111541,1.0134357005757766,0.03462575342601815,1.0032387331245134,63.888888888888886,1.045454545437438,1.024952015355036,0.0,0.9986868371166326,0
1098,792.4916666666667,0.7416666666666742,0.7194444444444343,0.7236111111111541,1.024952015355036,0.03213827666058175,0.9311671450169777,61.111111111111114,0.9999999999836364,0.9942418426102917,0.0,0.999035798540405,0
1099,793.2111111111111,0.7194444444444343,0.6972222222221944,0.7194444444444343,1.0,0.03187575726759657,0.9235609676148949,55.55555555555556,0.9090909090760331,0.9691119691119441,0.0,0.9974446881812453,0
1100,793.9083333333333,0.6972222222221944,0.683333333333394,0.7180555555555088,0.970986460348187,0.033144984796173574,0.9603352784046078,58.333333333333336,0.9545454545298347,0.9516441005804172,0.0,0.9958449303344798,0
1101,794.5916666666667,0.683333333333394,0.7027777777777828,0.716666666666697,0.9534883720930675,0.033535929760047795,0.9716624291947439,55.55555555555556,0.9090909090760331,0.9806201550387252,0.0,0.9972104769789034,0
1102,795.2944444444445,0.7027777777777828,0.7083333333332575,0.7083333333333712,0.9921568627450521,0.03363728441188383,0.9745990559087738,61.111111111111114,0.9999999999836364,0.9999999999998395,0.0,0.9983471326955676,0
1103,796.0027777777777,0.7083333333332575,0.7361111111111995,0.7111111111111086,0.996093749999897,0.03144259722054505,0.9110106865712604,58.333333333333336,0.9545454545298347,1.0351562500001281,0.0,0.9976548061791766,0
1104,796.7388888888889,0.7361111111111995,0.724999999999909,0.716666666666697,1.0271317829458164,0.03309475578950442,0.9588799545479143,61.111111111111114,0.9999999999836364,1.0116279069765746,0.0,0.9991005689369055,0
1105,797.4638888888888,0.724999999999909,0.7333333333333485,0.7222222222221717,1.003846153846098,0.03390546463736798,0.9823692489888644,63.888888888888886,1.045454545437438,1.0153846153847075,0.0,0.9986683396587435,0
1106,798.1972222222222,0.7333333333333485,0.7222222222222854,0.7222222222221717,1.0153846153847075,0.03348946135792336,0.9703160642419281,61.111111111111114,0.9999999999836364,1.0000000000001574,0.0,0.9982545531855403,0
1107,798.9194444444445,0.7222222222222854,0.7166666666665833,0.7208333333333599,1.0019267822736537,0.033276734560030156,0.9641525662063979,58.333333333333336,0.9545454545298347,0.9942196531790385,0.0,0.9979229862143162,0
1108,799.6361111111111,0.7166666666665833,0.7027777777777828,0.7180555555555088,0.9980657640231597,0.03235874113237148,0.9375548326625294,61.111111111111114,0.9999999999836364,0.9787234042553898,0.0,0.994471090397149,0
1109,800.3388888888888,0.7027777777777828,0.683333333333394,0.7124999999999204,0.9863547758285773,0.03306666835502871,0.958066155586389,58.333333333333336,0.9545454545298347,0.9590643274855724,0.0,0.9975395674534193,0
1110,801.0222222222222,0.683333333333394,0.6972222222221944,0.7124999999999204,0.9590643274855724,0.03154798419982678,0.9140641450269248,55.55555555555556,0.9090909090760331,0.9785575048733647,0.0,0.9965010839429784,0
1111,801.7194444444444,0.6972222222221944,0.7083333333333712,0.7124999999999204,0.9785575048733647,0.030750780001521812,0.8909661312419582,50.0,0.8181818181684297,0.99415204678379,0.0,0.99313956287108,0
1112,802.4277777777778,0.7083333333333712,0.7555555555554747,0.7124999999999773,0.9941520467837106,0.03370091100582098,0.9764425584229047,63.888888888888886,1.045454545437438,1.0604288499024546,0.0,0.9983707220978193,0
1113,803.1833333333333,0.7555555555554747,0.7472222222222626,0.7194444444444343,1.0501930501929526,0.03324031767239245,0.9630974315565181,61.111111111111114,0.9999999999836364,1.0386100386101094,0.0,0.9981500574154119,0
1114,803.9305555555555,0.7472222222222626,0.7277777777777601,0.7194444444444343,1.0386100386101094,0.031588224868290334,0.9152300690359348,69.44444444444444,1.1363636363450413,1.0115830115830011,0.0,0.9938080632162495,0
1115,804.6583333333333,0.7277777777777601,0.6944444444444571,0.7194444444444343,1.0115830115830011,0.032786388758909706,0.9499453980833972,58.333333333333336,0.9545454545298347,0.9652509652509964,0.0,0.9976779692233616,0
1116,805.3527777777778,0.6944444444444571,0.7000000000000455,0.7124999999999773,0.9746588693957603,0.030778775717290107,0.8917772727664396,52.77777777777778,0.8636363636222314,0.9824561403509724,0.0,0.9957321262818273,0
1117,806.0527777777778,0.7000000000000455,0.691666666666606,0.705555555555577,0.9921259842520027,0.03234920338409383,0.9372784881053092,58.333333333333336,0.9545454545298347,0.9803149606298055,0.0,0.998294283383039,0
1118,806.7444444444444,0.691666666666606,0.7055555555556339,0.7013888888889142,0.9861386138612642,0.03279631235190024,0.9502329220178911,58.333333333333336,0.9545454545298347,1.0059405940594814,0.0,0.9977008296433505,0
1119,807.45,0.7055555555556339,0.7222222222221717,0.7027777777778397,1.0039525691699835,0.03149221273027175,0.9124482351065695,55.55555555555556,0.9090909090760331,1.0276679841895608,0.0,0.996601685007362,0
1120,808.1722222222222,0.7222222222221717,0.7361111111110858,0.7069444444445026,1.021611001964481,0.03210253280930115,0.93013151076999,55.55555555555556,0.9090909090760331,1.041257367386912,0.0,0.9971539251337815,0
1121,808.9083333333333,0.7361111111110858,0.7305555555556111,0.7152777777777715,1.0291262135922068,0.033219961786880824,0.9625076447426094,61.111111111111114,0.9999999999836364,1.0213592233010576,0.0,0.9991559248719725,0
1122,809.6388888888889,0.7305555555556111,0.7527777777777374,0.7249999999999659,1.0076628352491661,0.03144503076735261,0.9110811956049897,55.55555555555556,0.9090909090760331,1.0383141762452037,0.0,0.9965484841916431,0
1123,810.3916666666667,0.7527777777777374,0.7388888888889369,0.7249999999999659,1.0383141762452037,0.0346284700161216,1.0033174429905567,61.111111111111114,0.9999999999836364,1.0191570881227194,0.0,0.9986533796097519,0
1124,811.1305555555556,0.7388888888889369,0.7083333333332575,0.7249999999999659,1.0191570881227194,0.03127805504627623,0.906243278901368,55.55555555555556,0.9090909090760331,0.977011494252815,0.0,0.9965561339158184,0
1125,811.8388888888888,0.7083333333332575,0.6722222222222172,0.7152777777777146,0.9902912621359038,0.03141523603922729,0.9102179299041551,55.55555555555556,0.9090909090760331,0.9398058252427943,0.0,0.9959606990619878,0
1126,812.5111111111111,0.6722222222222172,0.6972222222223081,0.7152777777777146,0.9398058252427943,0.031003921277758115,0.8983005892145608,55.55555555555556,0.9090909090760331,0.9747572815536042,0.0,0.996939192267413,0
1127,813.2083333333334,0.6972222222223081,0.7083333333332575,0.7152777777777146,0.9747572815536042,0.03253951564564767,0.9427925524443648,58.333333333333336,0.9545454545298347,0.9902912621359038,0.0,0.9983395058572918,0
1128,813.9166666666666,0.7083333333332575,0.7305555555556111,0.7152777777777146,0.9902912621359038,0.030892787344374006,0.8950806198130679,52.77777777777778,0.8636363636222314,1.0213592233011388,0.0,0.9970505707618083,0
1129,814.6472222222222,0.7305555555556111,0.7583333333333258,0.7263888888888914,1.005736137667377,0.03316187354314543,0.9608246091321632,61.111111111111114,0.9999999999836364,1.0439770554493166,0.0,0.9981545582464264,0
1130,815.4055555555556,0.7583333333333258,0.7361111111110858,0.7305555555556111,1.0380228136881235,0.03349632992048563,0.9705150724171026,61.111111111111114,0.9999999999836364,1.0076045627375314,0.0,0.9993401024433648,0
1131,816.1416666666667,0.7361111111110858,0.716666666666697,0.7305555555556111,1.0076045627375314,0.03340987308763332,0.9680100917342697,61.111111111111114,0.9999999999836364,0.9809885931558604,0.0,0.9980508689494334,0
1132,816.8583333333333,0.716666666666697,0.7083333333333712,0.7236111111111541,0.9904030710172576,0.0325012049852328,0.9416825480511924,58.333333333333336,0.9545454545298347,0.9788867562379981,0.0,0.9971661253042113,0
1133,817.5666666666667,0.7083333333333712,0.7194444444444343,0.7125000000000341,0.9941520467836313,0.031684218463185185,0.9180113657010354,55.55555555555556,0.9090909090760331,1.0097465886938946,0.0,0.9981076570902122,0
1134,818.2861111111112,0.7194444444444343,0.6861111111110176,0.7125000000000341,1.0097465886938946,0.0323665778102818,0.937781890792411,55.55555555555556,0.9090909090760331,0.9629629629627857,0.0,0.9951304153128636,0
1135,818.9722222222222,0.6861111111110176,0.6916666666667197,0.7125000000000341,0.9629629629627857,0.03217338342355738,0.9321843204117899,55.55555555555556,0.9090909090760331,0.9707602339181567,0.0,0.9965638391005427,0
1136,819.6638888888889,0.6916666666667197,0.716666666666697,0.7125000000000341,0.9707602339181567,0.02904429860193862,0.8415229258810615,50.0,0.8181818181684297,1.0058479532163687,0.0,0.992865597619134,0
1137,820.3805555555556,0.716666666666697,0.7388888888888232,0.716666666666697,1.0,0.03344831366888477,0.9691238604243192,58.333333333333336,0.9545454545298347,1.0310077519378493,0.0,0.9976632814473105,0
1138,821.1194444444444,0.7388888888888232,0.7277777777777601,0.7180555555555657,1.0290135396517315,0.03168599834760983,0.9180629356690103,58.333333333333336,0.9545454545298347,1.0135396518374853,0.0,0.9980218532476289,0
1139,821.8472222222222,0.7277777777777601,0.7416666666666742,0.7180555555555657,1.0135396518374853,0.03470181526663869,1.005442531658062,61.111111111111114,0.9999999999836364,1.0328820116054118,0.0,0.9981869475770002,0
1140,822.5888888888888,0.7416666666666742,0.7194444444444343,0.7180555555555657,1.0328820116054118,0.03223917204615299,0.9340904650543271,61.111111111111114,0.9999999999836364,1.001934235976761,0.0,0.9985719431551068,0
1141,823.3083333333333,0.7194444444444343,0.41666666666674246,0.7180555555555657,1.001934235976761,0.03215189846941557,0.9315618202192517,58.333333333333336,0.9545454545298347,0.5802707930368479,0.0,0.9978747273007242,0
1142,823.725,0.41666666666674246,0.9499999999999318,0.7180555555555657,0.5802707930368479,0.036490772938515256,1.0572753858422033,63.888888888888886,1.045454545437438,1.3230174081236774,0.0,0.9833503684544151,0
1143,824.675,0.9499999999999318,0.716666666666697,0.7194444444444343,1.320463320463244,0.03140795546300126,0.9100069841384543,52.77777777777778,0.8636363636222314,0.9961389961390523,0.0,0.9929322840235284,0
1144,825.3916666666667,0.716666666666697,0.716666666666697,0.7180555555555657,0.998065764023239,0.03322116530504922,0.9625425152052879,61.111111111111114,0.9999999999836364,0.998065764023239,0.0,0.9986927982282681,0
1145,826.1083333333333,0.716666666666697,0.7305555555554974,0.7180555555555657,0.998065764023239,0.03250310085225877,0.9417374784727751,55.55555555555556,0.9090909090760331,1.0174081237910073,0.0,0.9965622235388967,0
1146,826.8388888888888,0.7305555555554974,0.7250000000000227,0.7236111111110972,1.0095969289826645,0.031925742290818605,0.9250092223504813,58.333333333333336,0.9545454545298347,1.0019193857965958,0.0,0.9981012262241977,0
1147,827.5638888888889,0.7250000000000227,0.7250000000000227,0.7263888888888914,0.9980879541109265,0.03279671055054885,0.9502444593352991,61.111111111111114,0.9999999999836364,0.9980879541109265,0.0,0.998720006272158,0
1148,828.2888888888889,0.7250000000000227,0.7138888888888459,0.7250000000000227,1.0,0.031995160274387924,0.9270205232754111,58.333333333333336,0.9545454545298347,0.9846743295018255,0.0,0.9981532736066415,0
1149,829.0027777777777,0.7138888888888459,0.7111111111111086,0.7222222222222285,0.9884615384614703,0.02998775726507116,0.8688584833867998,52.77777777777778,0.8636363636222314,0.9846153846153725,0.0,0.9959524202319112,0
1150,829.7138888888888,0.7111111111111086,0.7055555555556339,0.7180555555555657,0.9903288201160367,0.031090031243002733,0.900795519833933,55.55555555555556,0.9090909090760331,0.9825918762089927,0.0,0.9965948911757287,0
1151,830.4194444444445,0.7055555555556339,0.6833333333332803,0.716666666666697,0.9844961240310753,0.03215461416676602,0.9316405042188719,55.55555555555556,0.9090909090760331,0.9534883720929089,0.0,0.9968151473663539,0
1152,831.1027777777778,0.6833333333332803,0.6861111111111313,0.716666666666697,0.9534883720929089,0.03150552596149618,0.9128339696511166,55.55555555555556,0.9090909090760331,0.957364341085259,0.0,0.9966260264102327,0
1153,831.7888888888889,0.6861111111111313,0.7222222222221717,0.7152777777777715,0.9592233009709105,0.030608502250373624,0.8868438079221583,52.77777777777778,0.8636363636222314,1.009708737864016,0.0,0.9949814975142278,0
1154,832.5111111111111,0.7222222222221717,0.7583333333333258,0.7152777777777715,1.009708737864016,0.03517488597369658,1.0191491751204524,63.888888888888886,1.045454545437438,1.0601941747572803,0.0,0.9986258888812809,0
1155,833.2694444444444,0.7583333333333258,0.7333333333333485,0.7180555555555088,1.056092843326944,0.033076695106087226,0.9583566683993677,61.111111111111114,0.9999999999836364,1.0212765957447685,0.0,0.9981935149094318,0
1156,834.0027777777777,0.7333333333333485,0.7305555555556111,0.7180555555555088,1.0212765957447685,0.0336210360031136,0.9741282781951636,61.111111111111114,0.9999999999836364,1.0174081237912462,0.0,0.9994207661884629,0
1157,834.7333333333333,0.7305555555556111,0.6972222222221944,0.7180555555555088,1.0174081237912462,0.03273563965754898,0.9484750051209704,58.333333333333336,0.9545454545298347,0.970986460348187,0.0,0.9971949586965241,0
1158,835.4305555555555,0.6972222222221944,0.6972222222221944,0.7124999999999773,0.9785575048732865,0.030908267489409027,0.8955291380273127,52.77777777777778,0.8636363636222314,0.9785575048732865,0.0,0.9955419152633781,0
1159,836.1277777777777,0.6972222222221944,0.6916666666667197,0.7083333333333712,0.9843137254901042,0.030890568041516187,0.895016318234988,55.55555555555556,0.9090909090760331,0.9764705882353167,0.0,0.9976033147844717,0
1160,836.8194444444445,0.6916666666667197,0.7111111111111086,0.7013888888889142,0.9861386138614262,0.033280407332416245,0.9642589802812149,58.333333333333336,0.9545454545298347,1.0138613861385737,0.0,0.9990604719318636,0
1161,837.5305555555556,0.7111111111111086,0.7111111111111086,0.7041666666666515,1.0098619329388743,0.03150990976341795,0.9129609849345721,58.333333333333336,0.9545454545298347,1.0098619329388743,0.0,0.9980494759000629,0
1162,838.2416666666667,0.7111111111111086,0.7361111111110858,0.7111111111111086,1.0,0.033115706325803705,0.959486970638989,58.333333333333336,0.9545454545298347,1.0351562499999682,0.0,0.9989401096838704,0
1163,838.9777777777778,0.7361111111110858,0.7277777777777601,0.7166666666666401,1.0271317829457391,0.032691516681395694,0.9471965960087388,58.333333333333336,0.9545454545298347,1.0155038759690052,0.0,0.9971841062701146,0
1164,839.7055555555555,0.7277777777777601,0.7388888888889369,0.7194444444444343,1.0115830115830011,0.03267093634755546,0.9466003060798202,61.111111111111114,0.9999999999836364,1.0270270270271082,0.0,0.9990507839292084,0
1165,840.4444444444445,0.7388888888889369,0.7250000000000227,0.7194444444444343,1.0270270270271082,0.032878744548184256,0.9526212937928287,61.111111111111114,0.9999999999836364,1.0077220077220534,0.0,0.9990541670187247,0
1166,841.1694444444445,0.7250000000000227,0.6972222222221944,0.7180555555555657,1.0096711798839633,0.03190746718979614,0.9244797237148292,55.55555555555556,0.9090909090760331,0.9709864603481101,0.0,0.997231219328228,0
1167,841.8666666666667,0.6972222222221944,0.6722222222222172,0.7111111111111086,0.9804687499999644,0.03159607724356585,0.9154575819777184,55.55555555555556,0.9090909090760331,0.9453124999999962,0.0,0.997186513784107,0
1168,842.5388888888889,0.6722222222222172,0.6833333333332803,0.7111111111111086,0.9453124999999962,0.03148049472280308,0.9121087202136233,58.333333333333336,0.9545454545298347,0.9609374999999288,0.0,0.9985611033578522,0
1169,843.2222222222222,0.6833333333332803,0.7000000000000455,0.7111111111111086,0.9609374999999288,0.03285600734282764,0.9519625111573692,58.333333333333336,0.9545454545298347,0.9843750000000675,0.0,0.9984298648160266,0
1170,843.9222222222222,0.7000000000000455,0.7305555555556111,0.7111111111111086,0.9843750000000675,0.03271479114910404,0.9478709451618269,58.333333333333336,0.9545454545298347,1.0273437500000817,0.0,0.9982719649088125,0
1171,844.6527777777778,0.7305555555556111,0.747222222222149,0.7180555555555657,1.0174081237911656,0.032767991154424074,0.9494123500601642,61.111111111111114,0.9999999999836364,1.0406189555124559,0.0,0.9989930714125084,0
1172,845.4,0.747222222222149,0.7250000000000227,0.7263888888888914,1.0286806883364157,0.03330911991322648,0.9650908920909707,58.333333333333336,0.9545454545298347,0.9980879541109265,0.0,0.9975738849342738,0
1173,846.125,0.7250000000000227,0.716666666666697,0.7250000000000227,1.0,0.032513498134449384,0.9420387269708081,58.333333333333336,0.9545454545298347,0.9885057471264476,0.0,0.9976428410441056,0
1174,846.8416666666667,0.716666666666697,0.6944444444444571,0.7208333333333599,0.9942196531791962,0.030518453561450522,0.8842347576154912,50.0,0.8181818181684297,0.9633911368015236,0.0,0.9903913670723425,0
1175,847.5361111111112,0.6944444444444571,0.6972222222221944,0.7083333333333712,0.9803921568627105,0.03151066608356148,0.9129828983830188,52.77777777777778,0.8636363636222314,0.9843137254901042,0.0,0.9869658960858325,0
1176,848.2333333333333,0.6972222222221944,0.6833333333332803,0.69861111111112,0.998011928429371,0.03186071012109708,0.9231249950020955,55.55555555555556,0.9090909090760331,0.9781312127235697,0.0,0.9855733392206554,0
1177,848.9166666666666,0.6833333333332803,0.6777777777778056,0.69861111111112,0.9781312127235697,0.032103962713305206,0.9301729404845689,52.77777777777778,0.8636363636222314,0.9701789264413794,0.0,0.9565144334146044,0
1178,849.5944444444444,0.6777777777778056,2.1416666666666515,0.69861111111112,0.9701789264413794,0.032817594947411086,0.9508495591173126,52.77777777777778,0.8636363636222314,3.0656063618289653,0.0,0.9735470266456248,0
1179,851.7361111111111,2.1416666666666515,0.7277777777777601,0.7083333333333712,3.023529411764523,0.034683167592244366,1.0049022381659636,55.55555555555556,0.9090909090760331,1.0274509803920768,0.0,0.9954289916322768,0
1180,852.4638888888888,0.7277777777777601,0.7138888888889596,0.7208333333333599,1.0096339113679538,0.03207708252068902,0.9293941198751047,50.0,0.8181818181684297,0.9903660886320462,0.0,0.9914628494221963,0
1181,853.1777777777778,0.7138888888889596,0.6861111111111313,0.7152777777778283,0.9980582524272129,0.027836377119308815,0.8065248825738847,47.22222222222222,0.772727272714628,0.9592233009708343,0.0,0.9800156968109262,0
1182,853.8638888888889,0.6861111111111313,0.658333333333303,0.705555555555577,0.9724409448818888,0.02950280877921474,0.8548076958531582,50.0,0.8181818181684297,0.9330708661416609,0.0,0.9903806136151156,0
1183,854.5222222222222,0.658333333333303,0.6861111111111313,0.6958333333333258,0.9461077844311044,0.028970363065076193,0.8393807343907528,47.22222222222222,0.772727272714628,0.9860279441118163,0.0,0.9841349378467952,0
1184,855.2083333333334,0.6861111111111313,0.7138888888888459,0.6902777777777942,0.9939637826961827,0.031224127773563502,0.9046808023224028,52.77777777777778,0.8636363636222314,1.034205231388243,0.0,0.9938042775455086,0
1185,855.9222222222222,0.7138888888888459,0.7194444444444343,0.6916666666666629,1.0321285140561685,0.029364991141594982,0.850814598852012,50.0,0.8181818181684297,1.0401606425702723,0.0,0.9897548397542646,0
1186,856.6416666666667,0.7194444444444343,0.7111111111111086,0.6999999999999886,1.0277777777777801,0.02985767060620084,0.8650893820120007,50.0,0.8181818181684297,1.0158730158730287,0.0,0.981402421787365,0
1187,857.3527777777778,0.7111111111111086,0.716666666666697,0.7124999999999773,0.9980506822612368,0.03236509567279099,0.9377389476766238,55.55555555555556,0.9090909090760331,1.0058479532164488,0.0,0.9947621760737797,0
1188,858.0694444444445,0.716666666666697,0.7222222222221717,0.7138888888889028,1.0038910505836804,0.03255247649384242,0.9431680771228645,55.55555555555556,0.9090909090760331,1.0116731517508823,0.0,0.9968259050838351,0
1189,858.7916666666666,0.7222222222221717,0.6944444444444571,0.7138888888889028,1.0116731517508823,0.030144551676436603,0.8734014091300726,52.77777777777778,0.8636363636222314,0.9727626459143957,0.0,0.9921406382155604,0
1190,859.4861111111111,0.6944444444444571,0.6916666666667197,0.7124999999999773,0.9746588693957603,0.030285312289807836,0.8774797752437258,50.0,0.8181818181684297,0.9707602339182341,0.0,0.9915695167385856,0
1191,860.1777777777778,0.6916666666667197,0.6805555555555429,0.7027777777777828,0.9841897233202265,0.030512809050126637,0.8840712148235118,52.77777777777778,0.8636363636222314,0.9683794466402913,0.0,0.9939883897486184,0
1192,860.8583333333333,0.6805555555555429,0.6749999999999545,0.7027777777777828,0.9683794466402913,0.03019791580201795,0.8749475692116695,50.0,0.8181818181684297,0.9604743083003237,0.0,0.9923737624324284,0
1193,861.5333333333333,0.6749999999999545,0.6888888888888687,0.7027777777777828,0.9604743083003237,0.030001495775018462,0.86925653986069,50.0,0.8181818181684297,0.9802371541501618,0.0,0.9896513414676019,0
1194,862.2222222222222,0.6888888888888687,0.7416666666666742,0.7027777777777828,0.9802371541501618,0.03207877084667994,0.9294430370497693,55.55555555555556,0.9090909090760331,1.0553359683794499,0.0,0.9971335060864224,0
1195,862.9638888888888,0.7416666666666742,0.7333333333333485,0.7027777777777828,1.0553359683794499,0.03232749428289452,0.9366494935267218,58.333333333333336,0.9545454545298347,1.0434782608695792,0.0,0.9966470926888022,0
1196,863.6972222222222,0.7333333333333485,0.7222222222222854,0.7027777777777828,1.0434782608695792,0.03142452758375889,0.9104871410098302,55.55555555555556,0.9090909090760331,1.0276679841898058,0.0,0.9957955529232204,0
1197,864.4194444444445,0.7222222222222854,0.6944444444444571,0.705555555555577,1.0236220472441528,0.029521884450854373,0.8553603900404524,50.0,0.8181818181684297,0.9842519685039249,0.0,0.9921736179277005,0
1198,865.1138888888889,0.6944444444444571,0.39444444444438886,0.6944444444444571,1.0,0.029761749612631186,0.862310188881244,52.77777777777778,0.8636363636222314,0.5679999999999096,0.0,0.9932764517367139,0
1199,865.5083333333333,0.39444444444438886,0.9555555555555202,0.6930555555555884,0.5691382765529991,0.03562986688192584,1.0323316888509633,66.66666666666667,1.0909090908912398,1.3787575150299438,0.0,0.9869632638531498,0
1200,866.4638888888888,0.9555555555555202,0.6944444444444571,0.6930555555555884,1.3787575150299438,0.03253212962093336,0.9425785514380605,55.55555555555556,0.9090909090760331,1.0020040080160029,0.0,0.9966120946049767,0
1201,867.1583333333333,0.6944444444444571,0.7000000000000455,0.6944444444444571,1.0,0.0315567599422436,0.9143184113990136,55.55555555555556,0.9090909090760331,1.008000000000047,0.0,0.995014502434624,0
1202,867.8583333333333,0.7000000000000455,0.6972222222221944,0.6972222222222513,1.0039840637450432,0.03526815983219332,1.0218516707594814,58.333333333333336,0.9545454545298347,0.9999999999999185,0.0,0.9923557438784124,0
1203,868.5555555555555,0.6972222222221944,0.7083333333333712,0.69861111111112,0.998011928429371,0.0337704005277088,0.9784559320828632,58.333333333333336,0.9545454545298347,1.0139165009940772,0.0,0.9988019132451811,0
1204,869.2638888888889,0.7083333333333712,0.7222222222221717,0.7041666666667084,1.0059171597633079,0.03323527445798372,0.9629513106050966,58.333333333333336,0.9545454545298347,1.0256410256408932,0.0,0.9987875671534445,0
1205,869.9861111111111,0.7222222222221717,0.7305555555556111,0.7041666666667084,1.0256410256408932,0.03284097349720582,0.9515269239211853,55.55555555555556,0.9090909090760331,1.0374753451676704,0.0,0.9961018441874616,0
1206,870.7166666666667,0.7305555555556111,0.6777777777776919,0.7041666666667084,1.0374753451676704,0.033710420976145676,0.9767180981480108,58.333333333333336,0.9545454545298347,0.9625246548321682,0.0,0.999009469256052,0
1207,871.3944444444444,0.6777777777776919,0.6694444444444798,0.69861111111112,0.9701789264412166,0.03338528045710384,0.9672975504303147,58.333333333333336,0.9545454545298347,0.9582504970179312,0.0,0.9977801165802989,0
1208,872.0638888888889,0.6694444444444798,0.6555555555555657,0.69861111111112,0.9582504970179312,0.03052787261156509,0.8845076630390328,55.55555555555556,0.9090909090760331,0.9383697813121298,0.0,0.9935793729692508,0
1209,872.7194444444444,0.6555555555555657,0.6638888888888914,0.69861111111112,0.9383697813121298,0.03256528366374369,0.9435391491613146,61.111111111111114,0.9999999999836364,0.9502982107355781,0.0,0.9949658534099115,0
1210,873.3833333333333,0.6638888888888914,0.6694444444444798,0.6958333333333258,0.9540918163672795,0.03395574604989246,0.9838260912409341,177.77777777777777,2.909090909043306,0.9620758483034545,0.0,0.8290086373823943,0
1211,874.0527777777778,0.6694444444444798,0.6999999999999318,0.6874999999999432,0.9737373737375057,0.02775027527423457,0.8040301872264887,66.66666666666667,1.0909090908912398,1.0181818181818032,0.0,0.9444674655557338,0
1212,874.7527777777777,0.6999999999999318,0.7250000000000227,0.6874999999999432,1.0181818181818032,0.03595793305228901,1.0418370037270532,80.55555555555556,1.318181818160248,1.0545454545455748,0.0,0.8933171223972802,0
1213,875.4777777777778,0.7250000000000227,0.6805555555555429,0.6888888888888118,1.0524193548388605,0.03562004563065585,1.0320471301422884,58.333333333333336,0.9545454545298347,0.9879032258065438,0.0,0.9914508185440001,0
1214,876.1583333333333,0.6805555555555429,0.6888888888888687,0.6791666666666174,1.0020449897751051,0.03198013054843167,0.9265850554014838,55.55555555555556,0.9090909090760331,1.0143149284254016,0.0,0.9949914564314146,0
1215,876.8472222222222,0.6888888888888687,0.6722222222222172,0.6791666666666174,1.0143149284254016,0.0321272193206254,0.9308467721548179,61.111111111111114,0.9999999999836364,0.9897750511248087,0.0,0.9975315101024793,0
1216,877.5194444444444,0.6722222222222172,0.6611111111111541,0.6749999999999545,0.9958847736626111,0.03363838341528292,0.9746308981842108,58.333333333333336,0.9545454545298347,0.9794238683128869,0.0,0.9964961103839751,0
1217,878.1805555555555,0.6611111111111541,0.6638888888888914,0.6708333333333485,0.9855072463768534,0.033632731666236836,0.9744671456881085,61.111111111111114,0.9999999999836364,0.9896480331262754,0.0,0.9972120480678516,0
1218,878.8444444444444,0.6638888888888914,0.6666666666666288,0.6708333333333485,0.9896480331262754,0.035594057770702146,1.0312941637771729,63.888888888888886,1.045454545437438,0.9937888198756974,0.0,0.9987448127962539,0
1219,879.5111111111111,0.6666666666666288,0.6777777777778056,0.6708333333333485,0.9937888198756974,0.03171931067442587,0.9190281194771768,52.77777777777778,0.8636363636222314,1.0103519668737246,0.0,0.9967604676402755,0
1220,880.1888888888889,0.6777777777778056,0.7000000000000455,0.6750000000000114,1.0041152263374729,0.03349456270394634,0.9704638694855671,58.333333333333336,0.9545454545298347,1.037037037037087,0.0,0.9963206945145113,0
1221,880.8888888888889,0.7000000000000455,0.7083333333332575,0.6791666666666742,1.0306748466258224,0.03524113121669975,1.0210685497792025,66.66666666666667,1.0909090908912398,1.0429447852759504,0.0,0.9962450440958608,0
1222,881.5972222222222,0.7083333333332575,0.716666666666697,0.6791666666666742,1.0429447852759504,0.0363424913478465,1.0529791086366818,66.66666666666667,1.0909090908912398,1.0552147239264131,0.0,0.9941806381976244,0
1223,882.3138888888889,0.716666666666697,0.7138888888889596,0.6791666666666742,1.0552147239264131,0.034333611056105884,0.9947742663018929,61.111111111111114,0.9999999999836364,1.0511247443763705,0.0,0.9967599253382015,0
1224,883.0277777777778,0.7138888888889596,0.6777777777776919,0.6833333333333371,1.0447154471545692,0.03412922641787496,0.9888524721099772,91.66666666666667,1.4999999999754545,0.9918699186990558,0.0,0.994320119832913,0
1225,883.7055555555555,0.6777777777776919,0.6666666666667425,0.6777777777777487,0.9999999999999162,0.03308910686561371,0.9587162839072239,61.111111111111114,0.9999999999836364,0.9836065573772032,0.0,0.998991249965102,0
1226,884.3722222222223,0.6666666666667425,0.6694444444443661,0.6777777777777487,0.9836065573772032,0.03349988448903295,0.9706180616806815,55.55555555555556,0.9090909090760331,0.9877049180327137,0.0,0.9970309855743068,0
1227,885.0416666666666,0.6694444444443661,0.7055555555556339,0.6777777777777487,0.9877049180327137,0.03202885989268427,0.9279969283791626,55.55555555555556,0.9090909090760331,1.0409836065575373,0.0,0.9926371251691957,0
1228,885.7472222222223,0.7055555555556339,0.6999999999999318,0.6888888888889255,1.024193548387156,0.03503686176016204,1.0151500928355641,61.111111111111114,0.9999999999836364,1.0161290322579115,0.0,0.9979103578834825,0
1229,886.4472222222222,0.6999999999999318,0.7083333333333712,0.6999999999999886,0.9999999999999188,0.03398073369081905,0.9845500774866203,61.111111111111114,0.9999999999836364,1.0119047619048325,0.0,0.9986292140609614,0
1230,887.1555555555556,0.7083333333333712,0.7055555555555202,0.7027777777778397,1.007905138339886,0.03406797306246824,0.9870777312712207,58.333333333333336,0.9545454545298347,1.0039525691698217,0.0,0.9992199971271747,0
1231,887.8611111111111,0.7055555555555202,0.7250000000000227,0.705555555555577,0.9999999999999194,0.03511047893226377,1.0172830600974418,61.111111111111114,0.9999999999836364,1.0275590551181113,0.0,0.9993411877926236,0
1232,888.5861111111111,0.7250000000000227,0.6972222222221944,0.705555555555577,1.0275590551181113,0.03606568149708472,1.0449588827493812,63.888888888888886,1.045454545437438,0.9881889763778833,0.0,0.9976658913279137,0
1233,889.2833333333333,0.6972222222221944,0.683333333333394,0.702777777777726,0.9920948616601126,0.03580428103944724,1.0373851251264976,63.888888888888886,1.045454545437438,0.9723320158104346,0.0,0.9994696438571586,0
1234,889.9666666666667,0.683333333333394,0.6805555555555429,0.6986111111110631,0.9781312127238121,0.036369886156267135,1.0537728396078454,61.111111111111114,0.9999999999836364,0.9741550695825538,0.0,0.9973277588363194,0
1235,890.6472222222222,0.6805555555555429,0.6861111111111313,0.6986111111110631,0.9741550695825538,0.0327916071913307,0.9500965957617993,55.55555555555556,0.9090909090760331,0.9821073558649075,0.0,0.9960035867405421,0
1236,891.3333333333334,0.6861111111111313,0.6777777777776919,0.6986111111110631,0.9821073558649075,0.035328317681190685,1.023594670643789,61.111111111111114,0.9999999999836364,0.9701789264412956,0.0,0.9996349141068579,0
1237,892.0111111111111,0.6777777777776919,0.7222222222222854,0.6986111111110631,0.9701789264412956,0.03558751870729881,1.0311047024359605,61.111111111111114,0.9999999999836364,1.0337972166999627,0.0,0.9994931926824595,0
1238,892.7333333333333,0.7222222222222854,0.7444444444444116,0.6986111111110631,1.0337972166999627,0.03811195769209522,1.104247225511119,69.44444444444444,1.1363636363450413,1.065606361829052,0.0,0.9966285622263855,0
1239,893.4777777777778,0.7444444444444116,0.7222222222222854,0.7013888888888573,1.0613861386138623,0.035093223516544106,1.0167831055926795,63.888888888888886,1.045454545437438,1.029702970297166,0.0,0.9991740841005666,0
1240,894.2,0.7222222222222854,0.691666666666606,0.7013888888888573,1.029702970297166,0.03625928203909937,1.0505682209813416,63.888888888888886,1.045454545437438,0.986138613861344,0.0,0.9979791566971203,0
1241,894.8916666666667,0.691666666666606,0.6944444444444571,0.6944444444444002,0.9959999999999761,0.03576591601954618,1.036273545733891,63.888888888888886,1.045454545437438,1.000000000000082,0.0,0.9989997677334866,0
1242,895.5861111111111,0.6944444444444571,0.6861111111111313,0.6930555555555316,1.002004008016085,0.03517456147781945,1.0191397732504435,63.888888888888886,1.045454545437438,0.9899799599199032,0.0,0.9987334206629356,0
1243,896.2722222222222,0.6861111111111313,0.6805555555555429,0.6888888888888687,0.9959677419355424,0.033424871921632064,0.9684446645516207,55.55555555555556,0.9090909090760331,0.9879032258064623,0.0,0.9979768107227458,0
1244,896.9527777777778,0.6805555555555429,0.6944444444444571,0.6888888888888687,0.9879032258064623,0.03345151729465043,0.9692166815512706,58.333333333333336,0.9545454545298347,1.0080645161290802,0.0,0.9984103705596035,0
1245,897.6472222222222,0.6944444444444571,0.6999999999999318,0.6930555555555316,1.002004008016085,0.03592438241718993,1.040864915228698,63.888888888888886,1.045454545437438,1.010020040080097,0.0,0.9987225827136927,0
1246,898.3472222222222,0.6999999999999318,0.7305555555556111,0.6944444444444571,1.0079999999998834,0.03565985394990822,1.0332005273632294,61.111111111111114,0.9999999999836364,1.0520000000000609,0.0,0.9998104167754966,0
1247,899.0777777777778,0.7305555555556111,0.7250000000000227,0.6972222222221944,1.0478087649403605,0.03519572519596179,1.019752966023929,61.111111111111114,0.9999999999836364,1.0398406374502733,0.0,0.9997438277514912,0
1248,899.8027777777778,0.7250000000000227,0.7361111111110858,0.6972222222221944,1.0398406374502733,0.035589303563668274,1.031156416459938,63.888888888888886,1.045454545437438,1.0557768924302848,0.0,0.9991438989989824,0
1249,900.5388888888889,0.7361111111110858,0.7194444444444343,0.6972222222221944,1.0557768924302848,0.037162062509342265,1.0767251777444968,66.66666666666667,1.0909090908912398,1.031872509960186,0.0,0.9984540886687998,0
1250,901.2583333333333,0.7194444444444343,0.6916666666667197,0.6972222222221944,1.031872509960186,0.03519304233866011,1.01967523352444,61.111111111111114,0.9999999999836364,0.9920318725100757,0.0,0.9992034888126471,0
1251,901.95,0.6916666666667197,0.6722222222222172,0.6972222222221944,0.9920318725100757,0.0332799291477126,0.9642451254659743,55.55555555555556,0.9090909090760331,0.964143426294852,0.0,0.9964978183030467,0
1252,902.6222222222223,0.6722222222222172,0.6972222222221944,0.6972222222221944,0.964143426294852,0.03417636895987586,0.9902183694388049,63.888888888888886,1.045454545437438,1.0,0.0,0.987305890120063,0
1253,903.3194444444445,0.6972222222221944,0.691666666666606,0.6986111111110631,0.9980119284294523,0.03879229114832808,1.1239590528997012,69.44444444444444,1.1363636363450413,0.9900596421470985,0.0,0.9913928107176531,0
1254,904.0111111111111,0.691666666666606,0.7305555555556111,0.6986111111110631,0.9900596421470985,0.03574163079176624,1.03556991104754,63.888888888888886,1.045454545437438,1.045725646123412,0.0,0.998654721748123,0
1255,904.7416666666667,0.7305555555556111,0.7611111111110631,0.7097222222221831,1.0293542074365343,0.036696057355167795,1.0632232500102055,66.66666666666667,1.0909090908912398,1.0724070450097762,0.0,0.9988038804022651,0
1256,905.5027777777777,0.7611111111110631,0.7194444444444343,0.7222222222222285,1.0538461538460782,0.03535536208756556,1.0243782491454845,63.888888888888886,1.045454545437438,0.9961538461538234,0.0,0.9989927054688196,0
1257,906.2222222222222,0.7194444444444343,0.7111111111111086,0.7194444444444343,1.0,0.03682408293766385,1.0669326342252032,66.66666666666667,1.0909090908912398,0.9884169884169988,0.0,0.9979040762614916,0
1258,906.9333333333333,0.7111111111111086,0.7055555555556339,0.7152777777777715,0.9941747572815587,0.03438679990608404,0.9963153479878826,58.333333333333336,0.9545454545298347,0.9864077669904094,0.0,0.9994216444486057,0
1259,907.6388888888889,0.7055555555556339,0.7194444444444343,0.7083333333333712,0.9960784313726063,0.035674156280354995,1.0336149198445024,61.111111111111114,0.9999999999836364,1.0156862745097353,0.0,0.9980960290291737,0
1260,908.3583333333333,0.7194444444444343,0.6888888888888687,0.7083333333333712,1.0156862745097353,0.035364744949277896,1.0246501060544606,61.111111111111114,0.9999999999836364,0.9725490196077625,0.0,0.9998663274515074,0
1261,909.0472222222222,0.6888888888888687,0.6972222222221944,0.7083333333333712,0.9725490196077625,0.03375620900949402,0.9780447502500886,58.333333333333336,0.9545454545298347,0.9843137254901042,0.0,0.9994816892528455,0
1262,909.7444444444444,0.6972222222221944,0.7138888888889596,0.7083333333333712,0.9843137254901042,0.034288877066571584,0.9934781538264233,58.333333333333336,0.9545454545298347,1.007843137254948,0.0,0.998245238740412,0
1263,910.4583333333334,0.7138888888889596,0.75,0.7125000000000341,1.0019493177388428,0.035026431875419484,1.0148478997185792,63.888888888888886,1.045454545437438,1.052631578947318,0.0,0.9978768098105395,0
1264,911.2083333333334,0.75,0.7416666666666742,0.716666666666697,1.0465116279069324,0.03539762690905472,1.0256028205055594,61.111111111111114,0.9999999999836364,1.0348837209301993,0.0,0.9994248257252555,0
1265,911.95,0.7416666666666742,0.747222222222149,0.716666666666697,1.0348837209301993,0.03590479222873325,1.0402973135477427,63.888888888888886,1.045454545437438,1.0426356589145824,0.0,0.997861833763295,0
1266,912.6972222222222,0.747222222222149,0.716666666666697,0.716666666666697,1.0426356589145824,0.03636536334532366,1.0536417967084963,66.66666666666667,1.0909090908912398,1.0,0.0,0.9986922598466466,0
1267,913.4138888888889,0.716666666666697,0.6944444444444571,0.7152777777778283,1.0019417475727872,0.03402776529987533,0.9859127606694497,58.333333333333336,0.9545454545298347,0.970873786407716,0.0,0.9995154820029855,0
1268,914.1083333333333,0.6944444444444571,0.6972222222221944,0.7152777777778283,0.970873786407716,0.033733719636618906,0.9773931482567861,55.55555555555556,0.9090909090760331,0.9747572815532903,0.0,0.9977990004143102,0
1269,914.8055555555555,0.6972222222221944,0.7194444444444343,0.7152777777778283,0.9747572815532903,0.03540453776433839,1.0258030540604597,61.111111111111114,0.9999999999836364,1.0058252427183614,0.0,0.9997860206957605,0
1270,915.525,0.7194444444444343,0.7277777777777601,0.7152777777778283,1.0058252427183614,0.03624323171504076,1.0501031825292773,63.888888888888886,1.045454545437438,1.0174757281552431,0.0,0.9994840939313452,0
1271,916.2527777777777,0.7277777777777601,0.7444444444445253,0.7180555555555657,1.0135396518374853,0.036268454241797865,1.0508339743037887,63.888888888888886,1.045454545437438,1.0367504835590922,0.0,0.9981283584741671,0
1272,916.9972222222223,0.7444444444445253,0.7416666666666742,0.7236111111110972,1.0287907869483082,0.03608871050756958,1.0456261200804997,63.888888888888886,1.045454545437438,1.0249520153551166,0.0,0.9984193039950272,0
1273,917.7388888888889,0.7416666666666742,0.7361111111110858,0.7347222222222172,1.009451795841227,0.036399463756455815,1.0546298142930477,61.111111111111114,0.9999999999836364,1.0018903591682145,0.0,0.9995469279202216,0
1274,918.475,0.7361111111110858,0.7222222222221717,0.731944444444423,1.0056925996204884,0.03634161983126622,1.0529538575127815,63.888888888888886,1.045454545437438,0.9867172675521421,0.0,0.9983956352620809,0
1275,919.1972222222222,0.7222222222221717,0.7138888888889596,0.7249999999999659,0.9961685823754561,0.0363740121094542,1.0538923840404932,63.888888888888886,1.045454545437438,0.9846743295020596,0.0,0.9997261964003437,0
1276,919.9111111111112,0.7138888888889596,0.7027777777777828,0.720833333333303,0.9903660886321244,0.03468597435468187,1.0049835606647795,58.333333333333336,0.9545454545298347,0.974951830443208,0.0,0.999656320023271,0
1277,920.6138888888889,0.7027777777777828,0.6999999999999318,0.720833333333303,0.974951830443208,0.03385058448380552,0.9807791638560941,58.333333333333336,0.9545454545298347,0.9710982658959,0.0,0.9988915488064976,0
1278,921.3138888888889,0.6999999999999318,0.7055555555555202,0.720833333333303,0.9710982658959,0.03547623574345428,1.0278804150596796,61.111111111111114,0.9999999999836364,0.9788053949903582,0.0,0.9993710932743709,0
1279,922.0194444444444,0.7055555555555202,0.7388888888889369,0.720833333333303,0.9788053949903582,0.035449538925569,1.0271069075081136,61.111111111111114,0.9999999999836364,1.0250481695569498,0.0,0.9990249898994287,0
1280,922.7583333333333,0.7388888888889369,0.7694444444445026,0.7249999999999659,1.0191570881227194,0.03758806825338123,1.0890681716339028,66.66666666666667,1.0909090908912398,1.0613026819924671,0.0,0.9982572581104355,0
1281,923.5277777777778,0.7694444444445026,0.747222222222149,0.7291666666666288,1.0552380952382299,0.03725166351716282,1.0793212570403492,63.888888888888886,1.045454545437438,1.0247619047618575,0.0,0.9992101667353634,0
1282,924.275,0.747222222222149,0.716666666666697,0.7291666666666288,1.0247619047618575,0.03690810292306027,1.06936701024207,63.888888888888886,1.045454545437438,0.9828571428572355,0.0,0.9983083418029604,0
1283,924.9916666666667,0.716666666666697,0.7000000000000455,0.7194444444444343,0.9961389961390523,0.035457441709654765,1.0273358809833422,58.333333333333336,0.9545454545298347,0.9729729729730499,0.0,0.9996722749294724,0
1284,925.6916666666667,0.7000000000000455,0.6999999999999318,0.7152777777778283,0.9786407766990236,0.034135947159798216,0.9890471973634549,58.333333333333336,0.9545454545298347,0.9786407766988646,0.0,0.9994590432451204,0
1285,926.3916666666667,0.6999999999999318,0.7083333333333712,0.7097222222222399,0.986301369862893,0.03556435562988791,1.0304335806801084,61.111111111111114,0.9999999999836364,0.9980430528376019,0.0,0.9995881157614626,0
1286,927.1,0.7083333333333712,0.7111111111111086,0.7069444444444457,1.0019646365422914,0.03401323021328176,0.985491624364325,58.333333333333336,0.9545454545298347,1.0058939096267137,0.0,0.9988972665884298,0
1287,927.8111111111111,0.7111111111111086,0.7277777777777601,0.7097222222222399,1.0019569471623981,0.036070227618301566,1.0450906010353085,61.111111111111114,0.9999999999836364,1.0254403131114955,0.0,0.9987239208545949,0
1288,928.5388888888889,0.7277777777777601,0.7444444444444116,0.7138888888889028,1.0194552529182432,0.036357661082401245,1.053418633088014,66.66666666666667,1.0909090908912398,1.0428015564201671,0.0,0.999132935123111,0
1289,929.2833333333333,0.7444444444444116,0.7361111111110858,0.7222222222222285,1.0307692307691763,0.03578326916318721,1.036776331785301,63.888888888888886,1.045454545437438,1.0192307692307254,0.0,0.9997216294782039,0
1290,930.0194444444444,0.7361111111110858,0.752777777777851,0.7222222222222285,1.0192307692307254,0.035430207900898986,1.0265468147799834,61.111111111111114,0.9999999999836364,1.0423076923077845,0.0,0.9982299081102655,0
1291,930.7722222222222,0.752777777777851,0.7194444444444343,0.7222222222222285,1.0423076923077845,0.036257070038366625,1.050504130973379,63.888888888888886,1.045454545437438,0.9961538461538234,0.0,0.9986576609916598,0
1292,931.4916666666667,0.7194444444444343,0.6944444444444571,0.7180555555555657,1.001934235976761,0.03555552809615982,1.0301778137183033,61.111111111111114,0.9999999999836364,0.9671179883945881,0.0,0.9991439867307337,0
1293,932.1861111111111,0.6944444444444571,0.6888888888888687,0.7152777777777715,0.9708737864077932,0.033504128186565355,0.9707410176113092,55.55555555555556,0.9090909090760331,0.9631067961164851,0.0,0.998008717835309,0
1294,932.875,0.6888888888888687,0.7138888888888459,0.7152777777777715,0.9631067961164851,0.03456206881610057,1.0013935496685131,58.333333333333336,0.9545454545298347,0.9980582524271332,0.0,0.9992495107703598,0
1295,933.5888888888888,0.7138888888888459,0.716666666666697,0.7166666666666401,0.9961240310077288,0.035269515785012966,1.0218909578292015,61.111111111111114,0.9999999999836364,1.0000000000000793,0.0,0.9984214340470289,0
1296,934.3055555555555,0.716666666666697,0.7527777777777374,0.7180555555555657,0.998065764023239,0.03657217532168211,1.059633920045253,63.888888888888886,1.045454545437438,1.0483558994196582,0.0,0.9994764208416368,0
1297,935.0583333333333,0.7527777777777374,0.7611111111111768,0.7236111111110972,1.0403071017274113,0.037689277976320365,1.0920005992109167,66.66666666666667,1.0909090908912398,1.0518234165068288,0.0,0.998882857445579,0
1298,935.8194444444445,0.7611111111111768,0.7388888888888232,0.7277777777777601,1.045801526717673,0.0346548411563073,1.0040815144302577,61.111111111111114,0.9999999999836364,1.0152671755724536,0.0,0.9994590112193289,0
1299,936.5583333333333,0.7388888888888232,0.7111111111111086,0.7277777777777601,1.0152671755724536,0.03564251399264024,1.0326981233708044,61.111111111111114,0.9999999999836364,0.9770992366412417,0.0,0.9989974761238977,0
1300,937.2694444444444,0.7111111111111086,0.7138888888889596,0.7180555555555657,0.9903288201160367,0.03472019106466338,1.0059749478658373,61.111111111111114,0.9999999999836364,0.994197292069717,0.0,0.9990932635467853,0
1301,937.9833333333333,0.7138888888889596,0.7138888888888459,0.7152777777778283,0.9980582524272129,0.03517996272326032,1.0192962677118556,63.888888888888886,1.045454545437438,0.9980582524270539,0.0,0.9984242337701044,0
1302,938.6972222222222,0.7138888888888459,0.7027777777777828,0.7138888888889028,0.9999999999999204,0.03451452321747204,1.000015974268294,61.111111111111114,0.9999999999836364,0.9844357976653576,0.0,0.9993124843442631,0
1303,939.4,0.7027777777777828,0.7027777777777828,0.7138888888889028,0.9844357976653576,0.03458322836189331,1.0020066215532868,61.111111111111114,0.9999999999836364,0.9844357976653576,0.0,0.998786012981097,0
1304,940.1027777777778,0.7027777777777828,0.7361111111110858,0.7138888888889028,0.9844357976653576,0.03535251227723579,1.0242956793867934,63.888888888888886,1.045454545437438,1.0311284046692053,0.0,0.9991229838052507,0
1305,940.8388888888888,0.7361111111110858,0.7416666666666742,0.7152777777778283,1.029126213592125,0.03703821914355994,1.0731369681288188,66.66666666666667,1.0909090908912398,1.0368932038834324,0.0,0.9989853596029994,0
1306,941.5805555555555,0.7416666666666742,0.752777777777851,0.7250000000000227,1.0229885057471049,0.03695084251303547,1.0706053374366709,63.888888888888886,1.045454545437438,1.0383141762452792,0.0,0.9993501126469411,0
1307,942.3333333333334,0.752777777777851,0.75,0.7250000000000227,1.0383141762452792,0.03586084759612102,1.0390240717208548,66.66666666666667,1.0909090908912398,1.0344827586206573,0.0,0.9996635445592497,0
1308,943.0833333333334,0.75,0.6999999999999318,0.7250000000000227,1.0344827586206573,0.034595953398284064,1.0023753138740157,58.333333333333336,0.9545454545298347,0.9655172413791859,0.0,0.999232796542668,0
1309,943.7833333333333,0.6999999999999318,0.6861111111111313,0.7138888888889028,0.9805447470815974,0.03427702181047652,0.9931346623228783,58.333333333333336,0.9545454545298347,0.9610894941634337,0.0,0.9995556442321871,0
1310,944.4694444444444,0.6861111111111313,0.7111111111111086,0.7138888888889028,0.9610894941634337,0.034820128677064764,1.0088705176004071,61.111111111111114,0.9999999999836364,0.9961089494163194,0.0,0.9984102954763858,0
1311,945.1805555555555,0.7111111111111086,0.7333333333333485,0.7124999999999773,0.9980506822612368,0.03494591008719825,1.0125148796739298,61.111111111111114,0.9999999999836364,1.0292397660819255,0.0,0.9997325820094249,0
1312,945.9138888888889,0.7333333333333485,0.7333333333333485,0.7222222222222285,1.0153846153846275,0.03481613643772464,1.008754847362459,61.111111111111114,0.9999999999836364,1.0153846153846275,0.0,0.9988679403271632,0
1313,946.6472222222222,0.7333333333333485,0.7361111111110858,0.7333333333333485,1.0,0.037232469651309046,1.0787651383206789,66.66666666666667,1.0909090908912398,1.0037878787878236,0.0,0.998909425702208,0
1314,947.3833333333333,0.7361111111110858,0.7555555555555884,0.7347222222222172,1.0018903591682145,0.03697942717254104,1.0714335428835338,69.44444444444444,1.1363636363450413,1.0283553875236813,0.0,0.9979756758585506,0
1315,948.1388888888889,0.7555555555555884,0.7333333333333485,0.7347222222222172,1.0283553875236813,0.035686333835144,1.0339677495573687,66.66666666666667,1.0909090908912398,0.9981096408317855,0.0,0.9993946492267777,0
1316,948.8722222222223,0.7333333333333485,0.7222222222221717,0.7333333333333485,1.0,0.034974755024823084,1.013350626360038,61.111111111111114,0.9999999999836364,0.9848484848483956,0.0,0.9996243193768585,0
1317,949.5944444444444,0.7222222222221717,0.7222222222222854,0.7333333333333485,0.9848484848483956,0.035162757408044594,1.0187977648077409,61.111111111111114,0.9999999999836364,0.9848484848485506,0.0,0.9989791756216728,0
1318,950.3166666666667,0.7222222222222854,0.691666666666606,0.7277777777778169,0.9923664122137739,0.03535794771664052,1.0244531645763655,61.111111111111114,0.9999999999836364,0.9503816793891785,0.0,0.9993785936429982,0
1319,951.0083333333333,0.691666666666606,0.7027777777777828,0.7277777777778169,0.9503816793891785,0.034230472472296845,0.9917859523471391,58.333333333333336,0.9545454545298347,0.9656488549617871,0.0,0.9990693684267093,0
1320,951.7111111111111,0.7027777777777828,0.7277777777777601,0.7277777777778169,0.9656488549617871,0.035391670054142704,1.0254302279412384,61.111111111111114,0.9999999999836364,0.9999999999999218,0.0,0.9994462529604752,0
1321,952.4388888888889,0.7277777777777601,0.7666666666666515,0.7305555555555543,0.9961977186311562,0.03555919417127376,1.030284033747875,61.111111111111114,0.9999999999836364,1.0494296577946578,0.0,0.9994871825185744,0
1322,953.2055555555555,0.7666666666666515,0.7361111111111995,0.7305555555555543,1.0494296577946578,0.03516532747994786,1.0188722294886547,63.888888888888886,1.045454545437438,1.0076045627377654,0.0,0.9991702377788829,0
1323,953.9416666666667,0.7361111111111995,0.747222222222149,0.7305555555555543,1.0076045627377654,0.03515088749723541,1.01845384870183,61.111111111111114,0.9999999999836364,1.0228136882128291,0.0,0.9976747298390951,0
1324,954.6888888888889,0.747222222222149,0.716666666666697,0.7305555555555543,1.0228136882128291,0.03472506554475455,1.006116179947379,61.111111111111114,0.9999999999836364,0.9809885931559368,0.0,0.9991824120559805,0
1325,955.4055555555556,0.716666666666697,0.7083333333333712,0.7250000000000227,0.9885057471264476,0.033659617363654075,0.975246125792431,58.333333333333336,0.9545454545298347,0.9770114942528952,0.0,0.9987315086863189,0
1326,956.1138888888889,0.7083333333333712,0.6999999999999318,0.7222222222222285,0.9807692307692747,0.032859272954269464,0.9520571282432551,55.55555555555556,0.9090909090760331,0.9692307692306663,0.0,0.9984503522053279,0
1327,956.8138888888889,0.6999999999999318,0.7250000000000227,0.7194444444444912,0.9729729729728149,0.03449390862122614,0.9994186916281977,61.111111111111114,0.9999999999836364,1.007722007721974,0.0,0.9993453567942627,0
1328,957.5388888888889,0.7250000000000227,0.7361111111110858,0.7208333333333599,1.0057803468208038,0.03577153954327509,1.0364364804360497,63.888888888888886,1.045454545437438,1.0211946050095613,0.0,0.9990033726421423,0
1329,958.275,0.7361111111110858,0.7388888888889369,0.7263888888888914,1.013384321223671,0.034587077778304665,1.002118153672062,61.111111111111114,0.9999999999836364,1.0172084130019745,0.0,0.9984650685791404,0
1330,959.0138888888889,0.7388888888889369,0.75,0.731944444444423,1.0094876660342509,0.035274502149395426,1.0220354316208446,63.888888888888886,1.045454545437438,1.0246679316888345,0.0,0.9979738798741293,0
1331,959.7638888888889,0.75,0.7666666666666515,0.7361111111111427,1.0188679245282581,0.03599291564318109,1.0428505813880555,63.888888888888886,1.045454545437438,1.0415094339621989,0.0,0.9989327790710762,0
1332,960.5305555555556,0.7666666666666515,0.7444444444444116,0.7361111111111427,1.0415094339621989,0.03707340053765812,1.0741563058688632,69.44444444444444,1.1363636363450413,1.0113207547168932,0.0,0.9984055359112501,0
1333,961.275,0.7444444444444116,0.7222222222222854,0.7375000000000114,1.0094161958568137,0.034901178843791764,1.0112188467641452,58.333333333333336,0.9545454545298347,0.9792843691149481,0.0,0.9990397075387704,0
1334,961.9972222222223,0.7222222222222854,0.691666666666606,0.7305555555555543,0.9885931558936243,0.03405954281212391,0.9868334751081471,58.333333333333336,0.9545454545298347,0.9467680608364205,0.0,0.9981729552875611,0
1335,962.6888888888889,0.691666666666606,0.7111111111111086,0.7305555555555543,0.9467680608364205,0.034462765403764056,0.9985163551029049,58.333333333333336,0.9545454545298347,0.9733840304182492,0.0,0.9992348621565355,0
1336,963.4,0.7111111111111086,0.7277777777777601,0.7305555555555543,0.9733840304182492,0.03612128011052449,1.0465697843758244,61.111111111111114,0.9999999999836364,0.9961977186311562,0.0,0.9997206835893641,0
1337,964.1277777777777,0.7277777777777601,0.7666666666666515,0.731944444444423,0.9943074003795116,0.03672421921564769,1.0640392053739103,63.888888888888886,1.045454545437438,1.047438330170788,0.0,0.9992190970767586,0
1338,964.8944444444444,0.7666666666666515,0.7666666666667652,0.7375000000000114,1.0395480225988334,0.03699914521748259,1.072004849049308,66.66666666666667,1.0909090908912398,1.0395480225989877,0.0,0.9992985908812719,0
1339,965.6611111111112,0.7666666666667652,0.7583333333333258,0.7416666666666742,1.0337078651686615,0.0357220176144907,1.0350016432937568,63.888888888888886,1.045454545437438,1.022471910112339,0.0,0.9993027985960643,0
1340,966.4194444444445,0.7583333333333258,0.724999999999909,0.7472222222222058,1.0148698884758487,0.03412801592039047,0.9888173994301758,61.111111111111114,0.9999999999836364,0.9702602230482268,0.0,0.9978676389172809,0
1341,967.1444444444444,0.724999999999909,0.7333333333333485,0.7361111111110858,0.9849056603772688,0.03486832983813963,1.0102670871183874,58.333333333333336,0.9545454545298347,0.9962264150943944,0.0,0.9971510813988683,0
1342,967.8777777777777,0.7333333333333485,0.7250000000000227,0.7305555555555543,1.0038022813688439,0.03892512684625009,1.1278078043090163,75.0,1.2272727272526447,0.9923954372623902,0.0,0.987770070531532,0
1343,968.6027777777778,0.7250000000000227,0.7194444444444343,0.7263888888888914,0.9980879541109265,0.0349131084301659,1.0115644918963518,61.111111111111114,0.9999999999836364,0.990439770554476,0.0,0.9986740592058179,0
1344,969.3222222222222,0.7194444444444343,0.7083333333333712,0.7263888888888914,0.990439770554476,0.0349590554164564,1.0128957494649549,61.111111111111114,0.9999999999836364,0.9751434034417313,0.0,0.9997133551337336,0
1345,970.0305555555556,0.7083333333333712,0.7361111111110858,0.7263888888888914,0.9751434034417313,0.03608281322366189,1.0454552535129586,63.888888888888886,1.045454545437438,1.013384321223671,0.0,0.9992957409705403,0
1346,970.7666666666667,0.7361111111110858,0.7583333333333258,0.7305555555555543,1.0076045627376098,0.03773556477270491,1.0933417023601795,69.44444444444444,1.1363636363450413,1.0380228136882044,0.0,0.9978048685602199,0
1347,971.525,0.7583333333333258,0.7472222222222626,0.7347222222222172,1.0321361058601102,0.03703863247863829,1.073148944005712,63.888888888888886,1.045454545437438,1.0170132325142398,0.0,0.9985009467533649,0
1348,972.2722222222222,0.7472222222222626,0.7416666666666742,0.7347222222222172,1.0170132325142398,0.03586627691970614,1.0391813797120553,61.111111111111114,0.9999999999836364,1.009451795841227,0.0,0.9992976613943332,0
1349,973.0138888888889,0.7416666666666742,0.7138888888888459,0.7347222222222172,1.009451795841227,0.034330249517211836,0.9946768698357447,61.111111111111114,0.9999999999836364,0.9716446124763187,0.0,0.9993316658044766,0
1350,973.7277777777778,0.7138888888888459,0.6944444444444571,0.7291666666666856,0.9790476190475347,0.0362923006166838,1.0515248937658386,63.888888888888886,1.045454545437438,0.952380952380945,0.0,0.9994609832466765,0
1351,974.4222222222222,0.6944444444444571,0.7111111111111086,0.7291666666666856,0.952380952380945,0.0335260948490854,0.9713774747132368,58.333333333333336,0.9545454545298347,0.9752380952380665,0.0,0.9989174658157081,0
1352,975.1333333333333,0.7111111111111086,0.7416666666666742,0.7222222222222285,0.9846153846153725,0.03497274848291284,1.0132924892694388,61.111111111111114,0.9999999999836364,1.0269230769230784,0.0,0.999954029417115,0
1353,975.875,0.7416666666666742,0.7416666666666742,0.7277777777777601,1.0190839694656841,0.0355631896122551,1.0303997967494498,63.888888888888886,1.045454545437438,1.0190839694656841,0.0,0.99953361995255,0
1354,976.6166666666667,0.7416666666666742,0.7361111111110858,0.73888888888888,1.003759398496263,0.035953661602278926,1.0417132437024266,66.66666666666667,1.0909090908912398,0.9962406015037372,0.0,0.9994745567111689,0
1355,977.3527777777778,0.7361111111110858,0.7555555555555884,0.73888888888888,0.9962406015037372,0.03667162860104126,1.0625154568240132,63.888888888888886,1.045454545437438,1.0225563909775004,0.0,0.9984341595287655,0
1356,978.1083333333333,0.7555555555555884,0.7416666666666742,0.7416666666666742,1.0187265917603334,0.033705145737553246,0.9765652545804706,58.333333333333336,0.9545454545298347,1.0,0.0,0.9929644704243317,0
1357,978.85,0.7416666666666742,0.7305555555554974,0.7416666666666742,1.0,0.035879129229622005,1.039553759627059,63.888888888888886,1.045454545437438,0.9850187265916719,0.0,0.9974725279333159,0
1358,979.5805555555555,0.7305555555554974,0.7250000000000227,0.73888888888888,0.9887218045112114,0.035438322065399416,1.026781912743445,58.333333333333336,0.9545454545298347,0.9812030075188395,0.0,0.9889804842613206,0
1359,980.3055555555555,0.7250000000000227,0.7083333333333712,0.7333333333332916,0.9886363636364508,0.033766961611114026,0.9783562936927489,58.333333333333336,0.9545454545298347,0.9659090909091975,0.0,0.9982354386740131,0
1360,981.0138888888889,0.7083333333333712,0.716666666666697,0.7333333333332916,0.9659090909091975,0.03442030466749874,0.9972861073525026,61.111111111111114,0.9999999999836364,0.9772727272728242,0.0,0.9973280929875346,0
1361,981.7305555555556,0.716666666666697,0.7361111111110858,0.7333333333332916,0.9772727272728242,0.03303842523778844,0.9572478459077228,58.333333333333336,0.9545454545298347,1.0037878787879013,0.0,0.9970835120205594,0
1362,982.4666666666667,0.7361111111110858,0.783333333333303,0.7361111111110858,1.0,0.0341836902817422,0.9904304957594547,58.333333333333336,0.9545454545298347,1.0641509433962217,0.0,0.99784390503509,0
1363,983.25,0.783333333333303,0.7416666666666742,0.7361111111110858,1.0641509433962217,0.033602601499780865,0.9735941610730964,58.333333333333336,0.9545454545298347,1.0075471698113656,0.0,0.99236181280986,0
1364,983.9916666666667,0.7416666666666742,0.7333333333333485,0.7361111111110858,1.0075471698113656,0.03288415218660593,0.952777973483018,58.333333333333336,0.9545454545298347,0.9962264150943944,0.0,0.996578390606244,0
1365,984.725,0.7333333333333485,0.7277777777777601,0.7347222222222172,0.9981096408317855,0.03134686582517097,0.9082369868156569,55.55555555555556,0.9090909090760331,0.9905482041587729,0.0,0.9965405478646779,0
1366,985.4527777777778,0.7277777777777601,0.7111111111111086,0.731944444444423,0.9943074003795116,0.029987205059238946,0.8688424839001543,52.77777777777778,0.8636363636222314,0.9715370018975582,0.0,0.9934425431107288,0
1367,986.1638888888889,0.7111111111111086,0.716666666666697,0.7291666666666288,0.9752380952381424,0.029470894690676593,0.8538830242839968,47.22222222222222,0.772727272714628,0.9828571428572355,0.0,0.9919948285163158,0
1368,986.8805555555556,0.716666666666697,0.7388888888888232,0.7263888888888914,0.9866156787763289,0.0315770655250686,0.914906740754279,55.55555555555556,0.9090909090760331,1.0172084130018182,0.0,0.9953655227103693,0
1369,987.6194444444444,0.7388888888888232,0.7444444444445253,0.7305555555555543,1.0114068441063757,0.03172123120595376,0.9190837645224486,55.55555555555556,0.9090909090760331,1.0190114068442189,0.0,0.9961355111096346,0
1370,988.3638888888889,0.7444444444445253,0.7583333333333258,0.7347222222222172,1.0132325141778107,0.03271311603863866,0.9478224108908045,58.333333333333336,0.9545454545298347,1.0321361058601102,0.0,0.9987384737397464,0
1371,989.1222222222223,0.7583333333333258,0.7638888888888005,0.7374999999999545,1.0282485875706746,0.029603543684528028,0.8577263661718806,47.22222222222222,0.772727272714628,1.0357815442560645,0.0,0.9889045194145673,0
1372,989.8861111111111,0.7638888888888005,0.7916666666667425,0.7402777777777487,1.0318949343338797,0.03499704295063161,1.0139963916716837,63.888888888888886,1.045454545437438,1.0694183864917015,0.0,0.9853024924896259,0
1373,990.6777777777778,0.7916666666667425,0.7333333333333485,0.7402777777777487,1.0694183864917015,0.0317370217439534,0.9195412759921114,58.333333333333336,0.9545454545298347,0.9906191369606597,0.0,0.9975644732647924,0
1374,991.4111111111112,0.7333333333333485,0.7194444444444343,0.7361111111110858,0.9962264150943944,0.031152698728580713,0.9026112333598114,55.55555555555556,0.9090909090760331,0.9773584905660575,0.0,0.9959012903672034,0
1375,992.1305555555556,0.7194444444444343,0.7111111111111086,0.7361111111110858,0.9773584905660575,0.03176719257795836,0.9204154388994722,61.111111111111114,0.9999999999836364,0.9660377358490864,0.0,0.9781892810871029,0
1376,992.8416666666667,0.7111111111111086,0.7277777777777601,0.7361111111110858,0.9660377358490864,0.031200546606099316,0.9039975669200911,52.77777777777778,0.8636363636222314,0.9886792452830288,0.0,0.9572905272067567,0
1377,993.5694444444445,0.7277777777777601,0.7416666666666742,0.7361111111110858,0.9886792452830288,0.031033189255962868,0.8991485929825651,41.666666666666664,0.6818181818070248,1.0075471698113656,0.0,0.9624175837712624,0
1378,994.3111111111111,0.7416666666666742,0.7611111111110631,0.7402777777777487,1.0018761726079295,0.02977749341773088,0.8627663463224539,50.0,0.8181818181684297,1.0281425891181744,0.0,0.9885610460161413,0
1379,995.0722222222222,0.7611111111110631,0.7472222222222626,0.7430555555555998,1.0242990654204351,0.029950285826578465,0.8677727944194222,52.77777777777778,0.8636363636222314,1.0056074766355085,0.0,0.993268317101855,0
1380,995.8194444444445,0.7472222222222626,0.7444444444444116,0.7444444444444684,1.0037313432836041,0.03311697599625359,0.9595237577828805,50.0,0.8181818181684297,0.9999999999999236,0.0,0.9733562532856767,0
1381,996.5638888888889,0.7444444444444116,0.7222222222222854,0.7430555555555429,1.0018691588784776,0.03019645191133457,0.8749051547747457,55.55555555555556,0.9090909090760331,0.9719626168225314,0.0,0.9942920956446979,0
1382,997.2861111111112,0.7222222222222854,0.724999999999909,0.7375000000000114,0.9792843691149481,0.02884303197865372,0.8356914723476094,44.44444444444444,0.7272727272608265,0.9830508474574886,0.0,0.9772241080993589,0
1383,998.0111111111111,0.724999999999909,0.7027777777777828,0.7305555555555543,0.9923954372622347,0.030614603292883014,0.8870205781452507,52.77777777777778,0.8636363636222314,0.9619771863117956,0.0,0.9517485456503294,0
1384,998.7138888888888,0.7027777777777828,0.7138888888889596,0.7263888888888346,0.9674952198853566,0.0389188159050822,1.1276249525297584,75.0,1.2272727272526447,0.9827915869982589,0.0,0.8754086573244932,0
1385,999.4277777777778,0.7138888888889596,0.7250000000000227,0.7263888888888346,0.9827915869982589,0.030025188381176904,0.8699430040624755,52.77777777777778,0.8636363636222314,0.9980879541110046,0.0,0.9942699161236523,0
1386,1000.1527777777778,0.7250000000000227,0.747222222222149,0.7263888888888914,0.9980879541109265,0.03159856640762653,0.915529702453136,55.55555555555556,0.9090909090760331,1.0286806883364157,0.0,0.9953135429384423,0
1387,1000.9,0.747222222222149,0.752777777777851,0.7333333333333485,1.018939393939273,0.031127412661302662,0.9018786005766452,58.333333333333336,0.9545454545298347,1.0265151515152302,0.0,0.997752204468737,0
1388,1001.6527777777778,0.752777777777851,0.7555555555554747,0.7347222222222172,1.0245746691872524,0.03132777081381121,0.9076837322836944,55.55555555555556,0.9090909090760331,1.0283553875235265,0.0,0.9971114149198375,0
1389,1002.4083333333333,0.7555555555554747,0.7361111111110858,0.7347222222222172,1.0283553875235265,0.033159966204182725,0.9607693463252852,58.333333333333336,0.9545454545298347,1.0018903591682145,0.0,0.9960130898722297,0
1390,1003.1444444444444,0.7361111111110858,0.7083333333333712,0.7305555555555543,1.0076045627376098,0.030298050413454517,0.8778488467516421,50.0,0.8181818181684297,0.9695817490494832,0.0,0.9825312351845454,0
1391,1003.8527777777778,0.7083333333333712,0.6861111111111313,0.7249999999999659,0.9770114942529718,0.03328834043174981,0.9644888321035633,52.77777777777778,0.8636363636222314,0.9463601532567774,0.0,0.9858797995757637,0
1392,1004.5388888888889,0.6861111111111313,0.716666666666697,0.7249999999999659,0.9463601532567774,0.029441062474508128,0.8530186724130954,50.0,0.8181818181684297,0.9885057471265251,0.0,0.9938535733015355,0
1393,1005.2555555555556,0.716666666666697,0.7277777777777601,0.7208333333333599,0.9942196531791962,0.032038518893338176,0.9282767860752552,61.111111111111114,0.9999999999836364,1.0096339113679538,0.0,0.9812445964258242,0
1394,1005.9833333333333,0.7277777777777601,0.75,0.7263888888888914,1.0019120458890736,0.029335993146083355,0.8499744175013768,52.77777777777778,0.8636363636222314,1.0325047801147191,0.0,0.9954011701826004,0
1395,1006.7333333333333,0.75,0.7388888888888232,0.731944444444423,1.0246679316888345,0.03124310970781864,0.9052307805839608,52.77777777777778,0.8636363636222314,1.0094876660340955,0.0,0.993121470609916,0
1396,1007.4722222222222,0.7388888888888232,0.7388888888889369,0.7374999999999545,1.0018832391713475,0.028233144604993328,0.8180207337914939,44.44444444444444,0.7272727272608265,1.0018832391715016,0.0,0.9836410025672978,0
1397,1008.2111111111111,0.7388888888889369,0.7333333333333485,0.7374999999999545,1.0018832391715016,0.03052326598435285,0.8843741916661063,55.55555555555556,0.9090909090760331,0.9943502824859576,0.0,0.9954782185267301,0
1398,1008.9444444444445,0.7333333333333485,0.7194444444444343,0.7347222222222172,0.9981096408317855,0.03123789844878369,0.9050797907456205,52.77777777777778,0.8636363636222314,0.9792060491493314,0.0,0.9747862724196495,0
1399,1009.6638888888889,0.7194444444444343,0.7083333333333712,0.7305555555555543,0.9847908745247027,0.030717145762876846,0.8899916204334098,58.333333333333336,0.9545454545298347,0.9695817490494832,0.0,0.9922126063611325,0
1400,1010.3722222222223,0.7083333333333712,0.6944444444444571,0.7236111111110972,0.978886756238075,0.03041951077943924,0.8813680118712028,55.55555555555556,0.9090909090760331,0.9596928982725886,0.0,0.9961140364803254,0
1401,1011.0666666666667,0.6944444444444571,0.7055555555555202,0.7236111111110972,0.9596928982725886,0.031993810548098606,0.9269814166117698,58.333333333333336,0.9545454545298347,0.9750479846448835,0.0,0.9957223456371991,0
1402,1011.7722222222222,0.7055555555555202,0.7194444444444343,0.7236111111110972,0.9750479846448835,0.029932230873921255,0.8672496743126167,52.77777777777778,0.8636363636222314,0.9942418426103699,0.0,0.9940801639373712,0
1403,1012.4916666666667,0.7194444444444343,0.7777777777777146,0.7236111111110972,0.9942418426103699,0.03014822084054448,0.8735077186594544,50.0,0.8181818181684297,1.0748560460651926,0.0,0.9895345619853678,0
1404,1013.2694444444444,0.7777777777777146,0.7472222222222626,0.7263888888888914,1.0707456978966587,0.03549413123429116,1.028398914955839,66.66666666666667,1.0909090908912398,1.0286806883365722,0.0,0.9943528488802316,0
1405,1014.0166666666667,0.7472222222222626,0.7305555555556111,0.7263888888888914,1.0286806883365722,0.03251001319782258,0.9419377552067146,58.333333333333336,0.9545454545298347,1.005736137667377,0.0,0.9983016717414526,0
1406,1014.7472222222223,0.7305555555556111,0.7055555555555202,0.7250000000000227,1.0076628352490873,0.031239768637305442,0.9051339771640409,50.0,0.8181818181684297,0.9731800766282732,0.0,0.985296435781821,0
1407,1015.4527777777778,0.7055555555555202,0.7055555555555202,0.7194444444444343,0.9806949806949453,0.03311736996708968,0.9595351726046063,61.111111111111114,0.9999999999836364,0.9806949806949453,0.0,0.9907333991694858,0
1408,1016.1583333333333,0.7055555555555202,0.6944444444444571,0.7138888888889028,0.9883268482489584,0.03041135594856248,0.8811317356493691,52.77777777777778,0.8636363636222314,0.9727626459143957,0.0,0.9946376628625062,0
1409,1016.8527777777778,0.6944444444444571,0.7055555555555202,0.7069444444444457,0.9823182711198589,0.029455144980002335,0.8534266957360077,52.77777777777778,0.8636363636222314,0.9980353634577085,0.0,0.992779143341568,0
1410,1017.5583333333333,0.7055555555555202,0.719444444444548,0.7055555555555202,1.0,0.033426187138753456,0.9684827713544508,66.66666666666667,1.0909090908912398,1.0196850393702768,0.0,0.9540259865948857,0
1411,1018.2777777777778,0.719444444444548,0.7305555555554974,0.7124999999999773,1.0097465886941348,0.03162069056880693,0.9161707228855576,58.333333333333336,0.9545454545298347,1.0253411306042397,0.0,0.9932779363139568,0
1412,1019.0083333333333,0.7305555555554974,0.7277777777777601,0.7194444444444912,1.0154440154438686,0.032173110370668265,0.9321764090392579,63.888888888888886,1.045454545437438,1.0115830115829212,0.0,0.9977456909448476,0
1413,1019.7361111111111,0.7277777777777601,0.75,0.7236111111111541,1.005758157389551,0.03269824668502782,0.9473915896088707,58.333333333333336,0.9545454545298347,1.0364683301342954,0.0,0.991729081509417,0
1414,1020.4861111111111,0.75,0.7305555555556111,0.7236111111111541,1.0364683301342954,0.030604127434872057,0.8867170530092054,50.0,0.8181818181684297,1.0095969289827424,0.0,0.988136054932334,0
1415,1021.2166666666667,0.7305555555556111,0.6944444444444571,0.7236111111111541,1.0095969289827424,0.031758216818960606,0.9201553772922936,50.0,0.8181818181684297,0.9596928982725133,0.0,0.9860895513807735,0
1416,1021.9111111111112,0.6944444444444571,0.6777777777776919,0.7125000000000341,0.9746588693956826,0.029708392785457054,0.8607642402620438,55.55555555555556,0.9090909090760331,0.9512670565300483,0.0,0.9916356107530462,0
1417,1022.5888888888888,0.6777777777776919,0.6944444444444571,0.7125000000000341,0.9512670565300483,0.029802177460599603,0.8634815361868108,44.44444444444444,0.7272727272608265,0.9746588693956826,0.0,0.9825115275010377,0
1418,1023.2833333333333,0.6944444444444571,0.6916666666667197,0.7125000000000341,0.9746588693956826,0.03358563407105949,0.9731025506383607,61.111111111111114,0.9999999999836364,0.9707602339181567,0.0,0.9895959624974541,0
1419,1023.975,0.6916666666667197,0.7333333333332348,0.7125000000000341,0.9707602339181567,0.03053824287899476,0.884808128817504,47.22222222222222,0.772727272714628,1.0292397660816839,0.0,0.9737279944757482,0
1420,1024.7083333333333,0.7333333333332348,0.7527777777779647,0.7236111111111541,1.0134357005756194,0.03130858338093831,0.9071277999517539,58.333333333333336,0.9545454545298347,1.0403071017276437,0.0,0.9931364331203545,0
1421,1025.4611111111112,0.7527777777779647,0.7222222222221717,0.7291666666666288,1.0323809523812624,0.031907190378325755,0.9244717034420153,58.333333333333336,0.9545454545298347,0.9904761904761726,0.0,0.9972555334261384,0
1422,1026.1833333333334,0.7222222222221717,0.7055555555555202,0.7249999999999659,0.9961685823754561,0.02973009477094078,0.8613930286715004,36.111111111111114,0.5909090908994216,0.9731800766283495,0.0,0.9278781380200053,0
1423,1026.888888888889,0.7055555555555202,0.7027777777777828,0.7138888888888459,0.9883268482490372,0.0331387499347288,0.9601546309420067,63.888888888888886,1.045454545437438,0.984435797665436,0.0,0.996738975012665,0
1424,1027.5916666666667,0.7027777777777828,0.7055555555555202,0.7041666666666515,0.9980276134122574,0.03302937199715246,0.9569855393651168,55.55555555555556,0.9090909090760331,1.0019723865877426,0.0,0.9971483767565905,0
1425,1028.2972222222222,0.7055555555555202,0.6722222222222172,0.7041666666666515,1.0019723865877426,0.033181076214398704,0.9613809829774832,58.333333333333336,0.9545454545298347,0.9546351084812758,0.0,0.9954627538945512,0
1426,1028.9694444444444,0.6722222222222172,0.6777777777776919,0.7041666666666515,0.9546351084812758,0.03394332967178784,0.9834663419154418,211.11111111111111,3.4545454544889256,0.9625246548322459,0.0,0.8921188839405562,0
1427,1029.6472222222221,0.6777777777776919,0.29166666666674246,0.7041666666666515,0.9625246548322459,0.03349457801379486,0.9704643130696488,61.111111111111114,0.9999999999836364,0.4142011834320692,0.0,0.9703248550988373,0
1428,1029.9388888888889,0.29166666666674246,0.4138888888890051,0.7041666666666515,0.4142011834320692,0.033276714554057625,0.9641519865578834,69.44444444444444,1.1363636363450413,0.5877712031559962,0.0,0.9485979994574102,0
1429,1030.3527777777779,0.4138888888890051,0.4444444444443434,0.7041666666666515,0.5877712031559962,0.03441601965119271,0.9971619542610913,41.666666666666664,0.6818181818070248,0.6311637080866551,0.0,0.8871075120060603,0
1430,1030.7972222222222,0.4444444444443434,0.283333333333303,0.6902777777777374,0.643863179074338,0.02751406934551061,0.7971864101749411,36.111111111111114,0.5909090908994216,0.41046277665993985,0.0,0.9225360173548658,0
1431,1031.0805555555555,0.283333333333303,0.5166666666666515,0.6749999999999545,0.41975308641973647,0.030598234628949027,0.8865463161857772,50.0,0.8181818181684297,0.7654320987654613,0.0,0.9926084242480413,0
1432,1031.5972222222222,0.5166666666666515,0.8555555555556111,0.5944444444444343,0.8691588785046622,0.0360493944392913,1.0444869852277314,136.11111111111111,2.227272727236281,1.4392523364487162,0.0,0.9224976460210048,0
1433,1032.4527777777778,0.8555555555556111,0.7805555555555657,0.5944444444444343,1.4392523364487162,0.035474139950564344,1.0278196920314202,152.77777777777777,2.499999999959091,1.313084112149572,0.0,0.21347595651168305,0
1434,1033.2333333333333,0.7805555555555657,0.6749999999999545,0.5944444444444343,1.313084112149572,0.029594041284217644,0.8574510457786536,50.0,0.8181818181684297,1.1355140186915316,0.0,0.9761006267774314,0
1435,1033.9083333333333,0.6749999999999545,0.658333333333303,0.5944444444444343,1.1355140186915316,0.03113347551125753,0.9020542642173177,52.77777777777778,0.8636363636222314,1.1074766355139865,0.0,0.99589731925447,0
1436,1034.5666666666666,0.658333333333303,0.683333333333394,0.5874999999999773,1.1205673758865167,0.031376080324670284,0.9090834411037688,58.333333333333336,0.9545454545298347,1.1631205673760348,0.0,0.9949686743756287,0
1437,1035.25,0.683333333333394,0.6972222222223081,0.5874999999999773,1.1631205673760348,0.03200724939811365,0.9273707908066894,58.333333333333336,0.9545454545298347,1.186761229314613,0.0,0.99712034176794,0
1438,1035.9472222222223,0.6972222222223081,0.7083333333332575,0.6666666666666288,1.0458333333335217,0.030271632991718048,0.8770834343607771,52.77777777777778,0.8636363636222314,1.0624999999999467,0.0,0.9971920950129799,0
1439,1036.6555555555556,0.7083333333332575,0.7055555555555202,0.6791666666666742,1.0429447852759504,0.03268591477428248,0.9470342876215048,61.111111111111114,0.9999999999836364,1.0388548057259077,0.0,0.998129500491328,0
1440,1037.361111111111,0.7055555555555202,0.7111111111112223,0.690277777777851,1.0221327967805245,0.03277486206793165,0.9496114263510953,58.333333333333336,0.9545454545298347,1.0301810865191663,0.0,0.9983259109424099,0
1441,1038.0722222222223,0.7111111111112223,0.7027777777777828,0.7013888888889142,1.0138613861387358,0.03188131727467495,0.9237220620000148,58.333333333333336,0.9545454545298347,1.0019801980197731,0.0,0.9977803488391761,0
1442,1038.775,0.7027777777777828,0.6999999999998181,0.7041666666666515,0.9980276134122574,0.030931651042621206,0.8962066477990686,52.77777777777778,0.8636363636222314,0.9940828402364494,0.0,0.9944812536124068,0
1443,1039.475,0.6999999999998181,0.6861111111111313,0.7013888888888005,0.9980198019800645,0.031855000137024324,0.9229595552175275,55.55555555555556,0.9090909090760331,0.9782178217823304,0.0,0.9971733635955844,0
1444,1040.161111111111,0.6861111111111313,0.6694444444444798,0.6986111111110631,0.9821073558649075,0.03147802616255338,0.9120371967083559,55.55555555555556,0.9090909090760331,0.9582504970180091,0.0,0.9971005272083003,0
1445,1040.8305555555555,0.6694444444444798,0.6777777777779193,0.6986111111110631,0.9582504970180091,0.030484859912494024,0.8832614228433784,52.77777777777778,0.8636363636222314,0.9701789264416211,0.0,0.9922089176392869,0
1446,1041.5083333333334,0.6777777777779193,0.6944444444443434,0.6986111111110631,0.9701789264416211,0.02959575860763039,0.857500803118047,47.22222222222222,0.772727272714628,0.994035785288194,0.0,0.9627421901931517,0
1447,1042.2027777777778,0.6944444444443434,0.7277777777778738,0.6986111111110631,0.994035785288194,0.03212349377025171,0.9307388289025483,55.55555555555556,0.9090909090760331,1.0417495029823163,0.0,0.9967566534273075,0
1448,1042.9305555555557,0.7277777777778738,0.7305555555553838,0.7013888888888005,1.0376237623765052,0.03247968067395132,0.9410589075338086,58.333333333333336,0.9545454545298347,1.041584158415728,0.0,0.9987771587198435,0
1449,1043.661111111111,0.7305555555553838,0.7250000000001364,0.7013888888888005,1.041584158415728,0.03177218830930899,0.9205601840875283,58.333333333333336,0.9545454545298347,1.0336633663369585,0.0,0.9949125933540885,0
1450,1044.3861111111112,0.7250000000001364,0.6833333333331666,0.7013888888888005,1.0336633663369585,0.03396143687536316,0.9839909759285079,58.333333333333336,0.9545454545298347,0.9742574257424593,0.0,0.9919372036725189,0
1451,1045.0694444444443,0.6833333333331666,0.6750000000001819,0.6972222222220807,0.9800796812748601,0.03107081179065527,0.9002386597769927,41.666666666666664,0.6818181818070248,0.968127490040298,0.0,0.9504827375397944,0
1452,1045.7444444444445,0.6750000000001819,0.6694444444442524,0.6902777777777374,0.9778672032196367,0.03180012396642069,0.9213695854861037,55.55555555555556,0.9090909090760331,0.969818913480664,0.0,0.9975318823577471,0
1453,1046.4138888888888,0.6694444444442524,0.683333333333394,0.684722222222149,0.977687626774672,0.031552363536215745,0.9141910309270447,52.77777777777778,0.8636363636222314,0.9979716024342724,0.0,0.9963145882531129,0
1454,1047.0972222222222,0.683333333333394,0.6888888888888687,0.6833333333332803,1.0000000000001663,0.030864830985971186,0.8942706186199748,52.77777777777778,0.8636363636222314,1.0081300813008618,0.0,0.9954120708446093,0
1455,1047.786111111111,0.6888888888888687,0.6916666666668334,0.6861111111111313,1.0040485829958923,0.03146421985404335,0.9116371758542734,58.333333333333336,0.9545454545298347,1.008097165992116,0.0,0.9976149785296773,0
1456,1048.4777777777779,0.6916666666668334,0.7138888888887323,0.690277777777851,1.0020120724347428,0.0326624861891417,0.9463554731048545,61.111111111111114,0.9999999999836364,1.0342052313879933,0.0,0.9987163774384629,0
1457,1049.1916666666666,0.7138888888887323,0.7111111111112223,0.690277777777851,1.0342052313879933,0.03234143455066606,0.9370533956860905,58.333333333333336,0.9545454545298347,1.0301810865191663,0.0,0.9982264764444885,0
1458,1049.9027777777778,0.7111111111112223,0.7277777777776464,0.690277777777851,1.0301810865191663,0.03155011534116652,0.9141258922331584,58.333333333333336,0.9545454545298347,1.0543259557341043,0.0,0.9973756235612055,0
1459,1050.6305555555555,0.7277777777776464,0.6916666666668334,0.690277777777851,1.0543259557341043,0.033226054789120184,0.9626841820087401,58.333333333333336,0.9545454545298347,1.0020120724347428,0.0,0.9986947431805451,0
1460,1051.3222222222223,0.6916666666668334,0.6722222222222172,0.690277777777851,1.0020120724347428,0.03142763798734312,0.9105772611384223,58.333333333333336,0.9545454545298347,0.97384305834999,0.0,0.9976906067575959,0
1461,1051.9944444444445,0.6722222222222172,0.658333333333303,0.690277777777851,0.97384305834999,0.030811065453595958,0.8927128282688959,52.77777777777778,0.8636363636222314,0.953722334003879,0.0,0.9931984076789722,0
1462,1052.6527777777778,0.658333333333303,0.6722222222222172,0.690277777777851,0.953722334003879,0.030929147764876118,0.8961341183969572,55.55555555555556,0.9090909090760331,0.97384305834999,0.0,0.9963896585931847,0
1463,1053.325,0.6722222222222172,0.683333333333394,0.690277777777851,0.97384305834999,0.032134758952599,0.9310652237430435,55.55555555555556,0.9090909090760331,0.9899396378269445,0.0,0.9984383974603284,0
1464,1054.0083333333334,0.683333333333394,0.7138888888887323,0.690277777777851,0.9899396378269445,0.03256366646565289,0.9434922928303096,58.333333333333336,0.9545454545298347,1.0342052313879933,0.0,0.9989010911320146,0
1465,1054.7222222222222,0.7138888888887323,0.7333333333333485,0.6916666666668334,1.0321285140557497,0.03263076974119023,0.9454365279292635,61.111111111111114,0.9999999999836364,1.060240963855188,0.0,0.997800232293541,0
1466,1055.4555555555555,0.7333333333333485,0.7111111111112223,0.7013888888890278,1.04554455445526,0.03186349285756996,0.9232056213780571,58.333333333333336,0.9545454545298347,1.0138613861385715,0.0,0.9973681969159356,0
1467,1056.1666666666667,0.7111111111112223,0.691666666666606,0.7013888888890278,1.0138613861385715,0.03277900822556967,0.9497315561829268,58.333333333333336,0.9545454545298347,0.9861386138611044,0.0,0.9984598515726051,0
1468,1056.8583333333333,0.691666666666606,0.6805555555554292,0.6916666666667197,0.9999999999998357,0.03151053657790451,0.9129791461154614,55.55555555555556,0.9090909090760331,0.9839357429716294,0.0,0.9955010477920672,0
1469,1057.5388888888888,0.6805555555554292,0.6916666666668334,0.6875,0.9898989898988062,0.03127645285549103,0.9061968573886345,55.55555555555556,0.9090909090760331,1.0060606060608486,0.0,0.9978653270591651,0
1470,1058.2305555555556,0.6916666666668334,0.6666666666665151,0.6875,1.0060606060608486,0.031555774910050245,0.9142898712994643,55.55555555555556,0.9090909090760331,0.9696969696967492,0.0,0.9968462266672768,0
1471,1058.8972222222221,0.6666666666665151,0.6611111111112677,0.6875,0.9696969696967492,0.03217785014895883,0.9323137383013541,55.55555555555556,0.9090909090760331,0.9616161616163894,0.0,0.997061844788092,0
1472,1059.5583333333334,0.6611111111112677,0.6888888888888687,0.6875,0.9616161616163894,0.03128936633639575,0.9065710096580072,52.77777777777778,0.8636363636222314,1.0020202020201727,0.0,0.99353769275439,0
1473,1060.2472222222223,0.6888888888888687,0.716666666666697,0.6902777777777374,0.9979879275654215,0.03107805236782707,0.9004484466191605,52.77777777777778,0.8636363636222314,1.03822937625765,0.0,0.9925211371622509,0
1474,1060.963888888889,0.716666666666697,0.7027777777777828,0.6916666666667197,1.0361445783132173,0.032213876902336194,0.9333575692895842,52.77777777777778,0.8636363636222314,1.0160642570280418,0.0,0.9906064754471,0
1475,1061.6666666666667,0.7027777777777828,0.716666666666697,0.6916666666667197,1.0160642570280418,0.03702596586922738,1.0727819445350568,66.66666666666667,1.0909090908912398,1.0361445783132173,0.0,0.9941106757423721,0
1476,1062.3833333333334,0.716666666666697,0.7027777777777828,0.6916666666667197,1.0361445783132173,0.03441223639368811,0.9970523390154878,58.333333333333336,0.9545454545298347,1.0160642570280418,0.0,0.9988327541294397,0
1477,1063.0861111111112,0.7027777777777828,0.6722222222222172,0.6916666666667197,1.0160642570280418,0.032434504001542915,0.9397499688650622,55.55555555555556,0.9090909090760331,0.9718875502007214,0.0,0.9953222069388885,0
1478,1063.7583333333334,0.6722222222222172,0.6472222222221262,0.690277777777851,0.97384305834999,0.03218739255717083,0.9325902178744562,52.77777777777778,0.8636363636222314,0.9376257545269244,0.0,0.9965445828134576,0
1479,1064.4055555555556,0.6472222222221262,0.6694444444444798,0.690277777777851,0.9376257545269244,0.03174730703331698,0.9198392796353527,55.55555555555556,0.9090909090760331,0.9698189134808336,0.0,0.9947591864143275,0
1480,1065.075,0.6694444444444798,0.7000000000000455,0.6805555555555429,0.9836734693878253,0.038176666392218166,1.106122080724658,100.0,1.6363636363368594,1.0285714285715144,0.0,0.9821853322980287,0
1481,1065.775,0.7000000000000455,0.6944444444443434,0.6944444444444571,1.008000000000047,0.032416972421699254,0.9392420128435535,50.0,0.8181818181684297,0.9999999999998362,0.0,0.9498010706955912,0
1482,1066.4694444444444,0.6944444444443434,0.691666666666606,0.6972222222221944,0.9960159362548748,0.03156736713462604,0.9146257417873762,55.55555555555556,0.9090909090760331,0.9920318725099128,0.0,0.9941328670534437,0
1483,1067.161111111111,0.691666666666606,0.7000000000000455,0.6972222222221944,0.9920318725099128,0.03217412760018387,0.9322058820167257,50.0,0.8181818181684297,1.0039840637451252,0.0,0.9926314153179439,0
1484,1067.861111111111,0.7000000000000455,0.7055555555555202,0.6972222222221944,1.0039840637451252,0.031027251804766835,0.8989765626171141,50.0,0.8181818181684297,1.0119521912350493,0.0,0.9749410922009879,0
1485,1068.5666666666666,0.7055555555555202,0.6749999999999545,0.6972222222221944,1.0119521912350493,0.030172061696594237,0.8741984782199955,47.22222222222222,0.772727272714628,0.968127490039814,0.0,0.9540235869011601,0
1486,1069.2416666666666,0.6749999999999545,0.6722222222222172,0.6930555555554747,0.9739478957916312,0.03334461462888665,0.9661193079389496,66.66666666666667,1.0909090908912398,0.9699398797596249,0.0,0.9773575947093411,0
1487,1069.9138888888888,0.6722222222222172,0.6638888888890051,0.6833333333332803,0.983739837398443,0.03170911550418369,0.9187327269249365,58.333333333333336,0.9545454545298347,0.9715447154474,0.0,0.9940787672922851,0
1488,1070.5777777777778,0.6638888888890051,0.6527777777778283,0.6833333333332803,0.9715447154474,0.031008712191124357,0.8984394000527517,55.55555555555556,0.9090909090760331,0.9552845528456766,0.0,0.9892825487570942,0
1489,1071.2305555555556,0.6527777777778283,0.6527777777778283,0.6833333333332803,0.9552845528456766,0.03058761176147598,0.8862385316308914,55.55555555555556,0.9090909090760331,0.9552845528456766,0.0,0.9945920631131017,0
1490,1071.8833333333334,0.6527777777778283,0.7027777777777828,0.6833333333332803,0.9552845528456766,0.03321541870715302,0.9623760145800964,55.55555555555556,0.9090909090760331,1.0284552845529327,0.0,0.9956608008718155,0
1491,1072.5861111111112,0.7027777777777828,0.7333333333331211,0.6833333333332803,1.0284552845529327,0.03305454286679816,0.9577148344381886,58.333333333333336,0.9545454545298347,1.0731707317070898,0.0,0.9983117131419111,0
1492,1073.3194444444443,0.7333333333331211,0.7000000000000455,0.6833333333332803,1.0731707317070898,0.03379458690885807,0.9791567028093371,61.111111111111114,0.9999999999836364,1.0243902439025852,0.0,0.9983034717930612,0
1493,1074.0194444444444,0.7000000000000455,0.6805555555556566,0.6875,1.0181818181818842,0.032892623876683916,0.9530234303115436,58.333333333333336,0.9545454545298347,0.9898989898991369,0.0,0.9975835087160091,0
1494,1074.7,0.6805555555556566,0.6777777777776919,0.6777777777778056,1.0040983606558456,0.03260668548834539,0.9447387162451384,55.55555555555556,0.9090909090760331,0.9999999999998322,0.0,0.9974370776412025,0
1495,1075.3777777777777,0.6777777777776919,0.6722222222222172,0.6763888888888232,1.0020533880903193,0.030414578229378368,0.8812250972835184,52.77777777777778,0.8636363636222314,0.9938398357290418,0.0,0.9941767494463664,0
1496,1076.05,0.6722222222222172,0.658333333333303,0.6749999999999545,0.9958847736626111,0.031926939917376586,0.9250439221109746,52.77777777777778,0.8636363636222314,0.9753086419753294,0.0,0.9948398137342671,0
1497,1076.7083333333333,0.658333333333303,0.6777777777779193,0.6749999999999545,0.9753086419753294,0.03149301773146192,0.9124715590286296,55.55555555555556,0.9090909090760331,1.0041152263377258,0.0,0.9967197744763979,0
1498,1077.3861111111112,0.6777777777779193,0.6777777777776919,0.6777777777778056,1.0000000000001676,0.03210620790318121,0.9302379921072472,58.333333333333336,0.9545454545298347,0.9999999999998322,0.0,0.99030620664294,0
1499,1078.0638888888889,0.6777777777776919,0.7000000000000455,0.6777777777778056,0.9999999999998322,0.0308230103301427,0.8930589164150986,55.55555555555556,0.9090909090760331,1.0327868852459263,0.0,0.908481822164592,0
1500,1078.763888888889,0.7000000000000455,0.6972222222223081,0.6791666666667879,1.03067484662565,0.034041996050786345,0.9863250792214743,58.333333333333336,0.9545454545298347,1.0265848670756077,0.0,0.9937910816443696,0
1501,1079.4611111111112,0.6972222222223081,0.7166666666664696,0.6791666666667879,1.0265848670756077,0.03272089925235732,0.9480479199613127,55.55555555555556,0.9090909090760331,1.0552147239259018,0.0,0.9981621117601651,0
1502,1080.1777777777777,0.7166666666664696,0.7111111111112223,0.6791666666667879,1.0552147239259018,0.03196017849299275,0.9260069690685888,58.333333333333336,0.9545454545298347,1.0470347648261527,0.0,0.9987159233476071,0
1503,1080.888888888889,0.7111111111112223,0.6805555555554292,0.6791666666667879,1.0470347648261527,0.031187638090067037,0.9036235585018076,55.55555555555556,0.9090909090760331,1.0020449897746861,0.0,0.9955159433610166,0
1504,1081.5694444444443,0.6805555555554292,0.650000000000091,0.6791666666666742,1.002044989774854,0.03170205629556875,0.9185281950142347,52.77777777777778,0.8636363636222314,0.9570552147240496,0.0,0.9967608073735513,0
1505,1082.2194444444444,0.650000000000091,0.6638888888890051,0.6791666666666742,0.9570552147240496,0.031627856891137035,0.9163783582847692,55.55555555555556,0.9090909090760331,0.9775051124745978,0.0,0.9944665487927724,0
1506,1082.8833333333334,0.6638888888890051,0.6749999999999545,0.6791666666666742,0.9775051124745978,0.03067279476756831,0.8887066047458462,52.77777777777778,0.8636363636222314,0.9938650306747686,0.0,0.9941611297979478,0
1507,1083.5583333333334,0.6749999999999545,0.6944444444443434,0.6791666666666742,0.9938650306747686,0.031231423785154547,0.9048921953088717,52.77777777777778,0.8636363636222314,1.022494887525402,0.0,0.9948530942590361,0
1508,1084.2527777777777,0.6944444444443434,0.716666666666697,0.6874999999998863,1.0101010101010302,0.03309627871094171,0.9589240793285249,58.333333333333336,0.9545454545298347,1.042424242424459,0.0,0.9981967982693054,0
1509,1084.9694444444444,0.716666666666697,0.7111111111112223,0.6958333333333258,1.0299401197605338,0.03287672295081237,0.9525627204886956,58.333333333333336,0.9545454545298347,1.0219560878245222,0.0,0.9973109396876307,0
1510,1085.6805555555557,0.7111111111112223,0.7166666666664696,0.6958333333333258,1.0219560878245222,0.03169967350467617,0.918459156570884,55.55555555555556,0.9090909090760331,1.0299401197602072,0.0,0.9970927143977695,0
1511,1086.3972222222221,0.7166666666664696,0.6861111111111313,0.7027777777777828,1.0197628458495147,0.031588055487355916,0.915225161431125,55.55555555555556,0.9090909090760331,0.9762845849802589,0.0,0.9967173460378649,0
1512,1087.0833333333333,0.6861111111111313,0.6777777777779193,0.6902777777777374,0.9939637826962645,0.03246059499613704,0.9405059234298777,58.333333333333336,0.9545454545298347,0.9818913480887936,0.0,0.9976686815938097,0
1513,1087.7611111111112,0.6777777777779193,0.6861111111111313,0.6833333333332803,0.991869918699471,0.03042675686581452,0.8815779583357839,55.55555555555556,0.9090909090760331,1.004065040650514,0.0,0.9956655767581926,0
1514,1088.4472222222223,0.6861111111111313,0.6777777777776919,0.6861111111111313,1.0,0.03129695837124369,0.9067909795552386,52.77777777777778,0.8636363636222314,0.9878542510119914,0.0,0.995422914156866,0
1515,1089.125,0.6777777777776919,0.6638888888887777,0.6861111111111313,0.9878542510119914,0.031243091408756574,0.9052302503910833,55.55555555555556,0.9090909090760331,0.9676113360321982,0.0,0.9957272263114447,0
1516,1089.7888888888888,0.6638888888887777,0.683333333333394,0.6861111111111313,0.9676113360321982,0.03120640651455096,0.9041673505796385,55.55555555555556,0.9090909090760331,0.9959514170041076,0.0,0.9962058982089153,0
1517,1090.4722222222222,0.683333333333394,0.7222222222221717,0.6861111111111313,0.9959514170041076,0.0327472982527307,0.9488127986157779,58.333333333333336,0.9545454545298347,1.0526315789472638,0.0,0.9985663748123073,0
1518,1091.1944444444443,0.7222222222221717,0.7250000000001364,0.6861111111111313,1.0526315789472638,0.03231621338202595,0.9363226432613531,55.55555555555556,0.9090909090760331,1.0566801619434876,0.0,0.9975080587405625,0
1519,1091.9194444444445,0.7250000000001364,0.716666666666697,0.6861111111111313,1.0566801619434876,0.03268985665605534,0.9471484988107105,58.333333333333336,0.9545454545298347,1.044534412955479,0.0,0.9987921651045715,0
1520,1092.6361111111112,0.716666666666697,0.6805555555554292,0.6861111111111313,1.044534412955479,0.03251305277803553,0.9420258233149966,55.55555555555556,0.9090909090760331,0.9919028340078838,0.0,0.9966340509992636,0
1521,1093.3166666666666,0.6805555555554292,0.6805555555556566,0.6847222222222626,0.9939148073019881,0.03315328708503129,0.9605758270405659,61.111111111111114,0.9999999999836364,0.9939148073023202,0.0,0.9944059479689222,0
1522,1093.9972222222223,0.6805555555556566,0.6611111111110404,0.6819444444445253,0.9979633401222294,0.03140956677757942,0.9100536700018973,52.77777777777778,0.8636363636222314,0.9694501018327752,0.0,0.9965674702215024,0
1523,1094.6583333333333,0.6611111111110404,0.6861111111111313,0.6819444444445253,0.9694501018327752,0.03196969931559943,0.926282823225254,58.333333333333336,0.9545454545298347,1.0061099796333115,0.0,0.99798480307364,0
1524,1095.3444444444444,0.6861111111111313,0.691666666666606,0.6819444444445253,1.0061099796333115,0.034119049928179934,0.9885576208036768,58.333333333333336,0.9545454545298347,1.0142566191443938,0.0,0.9990686641404356,0
1525,1096.036111111111,0.691666666666606,0.716666666666697,0.6847222222222626,1.0101419878294664,0.03411776931147317,0.9885205165054193,61.111111111111114,0.9999999999836364,1.0466531440162097,0.0,0.9986912665121395,0
1526,1096.7527777777777,0.716666666666697,0.6972222222223081,0.6888888888888687,1.0403225806452359,0.03349122132820231,0.9703670572219583,61.111111111111114,0.9999999999836364,1.0120967741937028,0.0,0.9979693760149639,0
1527,1097.45,0.6972222222223081,0.7083333333332575,0.6944444444444571,1.0040000000001055,0.03447093904283015,0.9987531762689542,61.111111111111114,0.9999999999836364,1.0199999999998723,0.0,0.9987401071737922,0
1528,1098.1583333333333,0.7083333333332575,0.7027777777777828,0.6944444444444571,1.0199999999998723,0.03592146441827821,1.0407803697894857,61.111111111111114,0.9999999999836364,1.011999999999989,0.0,0.9994684781057181,0
1529,1098.861111111111,0.7027777777777828,0.691666666666606,0.6944444444444571,1.011999999999989,0.03389561358682347,0.9820838268827624,58.333333333333336,0.9545454545298347,0.9959999999998945,0.0,0.9990690820787953,0
1530,1099.5527777777777,0.691666666666606,0.683333333333394,0.691666666666606,1.0,0.032700330607901416,0.9474519687179666,58.333333333333336,0.9545454545298347,0.9879518072290899,0.0,0.9978658153493125,0
1531,1100.236111111111,0.683333333333394,0.6666666666667425,0.691666666666606,0.9879518072290899,0.03261376075502193,0.9449437134184782,58.333333333333336,0.9545454545298347,0.963855421686941,0.0,0.9982585493539962,0
1532,1100.9027777777778,0.6666666666667425,0.6722222222222172,0.691666666666606,0.963855421686941,0.03366717457980248,0.9754650868605524,58.333333333333336,0.9545454545298347,0.9718875502008811,0.0,0.9979413762293183,0
1533,1101.575,0.6722222222222172,0.691666666666606,0.691666666666606,0.9718875502008811,0.03176566142479155,0.920371075614596,52.77777777777778,0.8636363636222314,1.0,0.0,0.9972317801228634,0
1534,1102.2666666666667,0.691666666666606,0.7416666666667879,0.691666666666606,1.0,0.03378428551057498,0.9788582324299123,58.333333333333336,0.9545454545298347,1.0722891566267754,0.0,0.9992327892499218,0
1535,1103.0083333333334,0.7416666666667879,0.7194444444444343,0.6944444444444571,1.0680000000001553,0.035225072692218765,1.0206032737299586,63.888888888888886,1.045454545437438,1.0359999999999665,0.0,0.9991826479520312,0
1536,1103.7277777777779,0.7194444444444343,0.7083333333332575,0.6944444444444571,1.0359999999999665,0.033440552047651985,0.9688989769696037,61.111111111111114,0.9999999999836364,1.0199999999998723,0.0,0.9980847207098178,0
1537,1104.4361111111111,0.7083333333332575,0.6972222222223081,0.6972222222221944,1.0159362549800115,0.03245608530382208,0.9403752606266983,55.55555555555556,0.9090909090760331,1.000000000000163,0.0,0.9965943686617176,0
1538,1105.1333333333334,0.6972222222223081,0.6833333333331666,0.6944444444444571,1.0040000000001055,0.03239374537047822,0.9385690375250236,55.55555555555556,0.9090909090760331,0.983999999999742,0.0,0.9959913259019327,0
1539,1105.8166666666666,0.6833333333331666,0.6638888888890051,0.691666666666606,0.9879518072287612,0.034637343919697194,1.0035745534618152,58.333333333333336,0.9545454545298347,0.9598393574299711,0.0,0.9918888440567146,0
1540,1106.4805555555556,0.6638888888890051,0.7305555555556111,0.6875,0.9656565656567347,0.0341989971369114,0.9908739931123969,83.33333333333333,1.3636363636140496,1.0626262626263434,0.0,0.9665693156807965,0
1541,1107.2111111111112,0.7305555555556111,0.6611111111110404,0.6944444444444571,1.0520000000000609,0.04125595709449304,1.1953407517255041,113.88888888888889,1.8636363636058677,0.9519999999998808,0.0,0.5767176823155343,0
1542,1107.8722222222223,0.6611111111110404,0.7027777777777828,0.6944444444444571,0.9519999999998808,0.0287595161832295,0.8332717046167412,44.44444444444444,0.7272727272608265,1.011999999999989,0.0,0.961511590398582,0
1543,1108.575,0.7027777777777828,0.7055555555555202,0.7000000000000455,1.003968253968196,0.0316119661468149,0.9159179434598266,55.55555555555556,0.9090909090760331,1.007936507936392,0.0,0.9967756614177257,0
1544,1109.2805555555556,0.7055555555555202,0.7305555555556111,0.7041666666666515,1.0019723865877426,0.030503431863549486,0.8837995223446165,52.77777777777778,0.8636363636222314,1.037475345167754,0.0,0.9963659064562129,0
1545,1110.0111111111112,0.7305555555556111,0.7388888888888232,0.7041666666666515,1.037475345167754,0.03162383253940718,0.9162617576297183,58.333333333333336,0.9545454545298347,1.0493096646942093,0.0,0.9977313076297151,0
1546,1110.75,0.7388888888888232,0.691666666666606,0.7041666666666515,1.0493096646942093,0.031671560922773616,0.917644628993512,52.77777777777778,0.8636363636222314,0.9822485207099942,0.0,0.9967795335412509,0
1547,1111.4416666666666,0.691666666666606,0.6722222222222172,0.7000000000000455,0.9880952380950873,0.031302223610632916,0.9069435334081312,52.77777777777778,0.8636363636222314,0.9603174603173907,0.0,0.996115991625006,0
1548,1112.1138888888888,0.6722222222222172,0.683333333333394,0.6972222222221944,0.964143426294852,0.029996385135791993,0.8691084653578788,52.77777777777778,0.8636363636222314,0.9800796812750264,0.0,0.9926237616560124,0
1549,1112.7972222222222,0.683333333333394,0.6861111111111313,0.6972222222221944,0.9800796812750264,0.030477797266042526,0.8830567913255791,50.0,0.8181818181684297,0.9840637450199885,0.0,0.9937513135970304,0
1550,1113.4833333333333,0.6861111111111313,0.7000000000000455,0.6972222222221944,0.9840637450199885,0.02940580762716638,0.8519972064554173,47.22222222222222,0.772727272714628,1.0039840637451252,0.0,0.9913988492433369,0
1551,1114.1833333333334,0.7000000000000455,0.7361111111110858,0.6958333333333258,1.0059880239521721,0.031948112464252575,0.9256573706861883,52.77777777777778,0.8636363636222314,1.0578842315369013,0.0,0.9894817904118165,0
1552,1114.9194444444445,0.7361111111110858,0.7333333333333485,0.7013888888889142,1.0495049504949756,0.03110572565860894,0.9012502462751509,52.77777777777778,0.8636363636222314,1.0455445544554296,0.0,0.9923803330895531,0
1553,1115.6527777777778,0.7333333333333485,0.7194444444444343,0.7027777777777828,1.0434782608695792,0.030075129566737892,0.8713899886556048,52.77777777777778,0.8636363636222314,1.0237154150197412,0.0,0.9936598446252823,0
1554,1116.3722222222223,0.7194444444444343,0.6972222222220807,0.7097222222222399,1.0136986301369468,0.030894149118673046,0.8951200755530127,52.77777777777778,0.8636363636222314,0.9823874755379366,0.0,0.9946175820240681,0
1555,1117.0694444444443,0.6972222222220807,0.7055555555557476,0.6986111111110631,0.9980119284292895,0.02996063155251106,0.8680725491381187,50.0,0.8181818181684297,1.0099403578532269,0.0,0.9926847669826971,0
1556,1117.775,0.7055555555557476,0.691666666666606,0.6986111111110631,1.0099403578532269,0.031626947177274045,0.9163520004414558,52.77777777777778,0.8636363636222314,0.9900596421470985,0.0,0.9947931027106243,0
1557,1118.4666666666667,0.691666666666606,0.691666666666606,0.6986111111110631,0.9900596421470985,0.029095729599171314,0.8430130759399563,50.0,0.8181818181684297,0.9900596421470985,0.0,0.9904406769295075,0
1558,1119.1583333333333,0.691666666666606,0.683333333333394,0.6986111111110631,0.9900596421470985,0.03158584503966357,0.9151611164206028,50.0,0.8181818181684297,0.9781312127238121,0.0,0.994225831729352,0
1559,1119.8416666666667,0.683333333333394,0.7111111111109949,0.6986111111110631,0.9781312127238121,0.029898678307043465,0.8662775298433426,52.77777777777778,0.8636363636222314,1.0178926441350924,0.0,0.9948557945271393,0
1560,1120.5527777777777,0.7111111111109949,0.7333333333333485,0.7027777777778965,1.0118577075095452,0.031960099824918126,0.9260046897576218,55.55555555555556,0.9090909090760331,1.0434782608694104,0.0,0.9969441739092987,0
1561,1121.286111111111,0.7333333333333485,0.7472222222222626,0.7083333333333712,1.0352941176470247,0.031215008984601285,0.9044165965974463,52.77777777777778,0.8636363636222314,1.0549019607843144,0.0,0.9961729245277229,0
1562,1122.0333333333333,0.7472222222222626,0.7444444444445253,0.7083333333333712,1.0549019607843144,0.03257520395022225,0.9438265772936799,55.55555555555556,0.9090909090760331,1.0509803921569207,0.0,0.9953049974518589,0
1563,1122.7777777777778,0.7444444444445253,0.6888888888888687,0.7083333333333712,1.0509803921569207,0.03086190779065645,0.8941859226213593,52.77777777777778,0.8636363636222314,0.9725490196077625,0.0,0.9948024784093552,0
1564,1123.4666666666667,0.6888888888888687,0.6777777777776919,0.7013888888889142,0.982178217821718,0.03192266423021452,0.9249200393200666,55.55555555555556,0.9090909090760331,0.9663366336632091,0.0,0.9960568564833563,0
1565,1124.1444444444444,0.6777777777776919,0.683333333333394,0.6986111111111768,0.9701789264411377,0.031817630495347034,0.9218768156880109,52.77777777777778,0.8636363636222314,0.9781312127236529,0.0,0.9946121582670281,0
1566,1124.8277777777778,0.683333333333394,0.7138888888889596,0.691666666666606,0.9879518072290899,0.0307241634479365,0.8901949492500306,52.77777777777778,0.8636363636222314,1.0321285140564176,0.0,0.9946779575525801,0
1567,1125.5416666666667,0.7138888888889596,0.6999999999998181,0.7013888888888005,1.017821782178447,0.03176114911773391,0.9202403370524547,55.55555555555556,0.9090909090760331,0.9980198019800645,0.0,0.9956904793123076,0
1568,1126.2416666666666,0.6999999999998181,0.7250000000001364,0.7055555555554065,0.9921259842519203,0.033141009875008384,0.9602201099395358,58.333333333333336,0.9545454545298347,1.0275590551185207,0.0,0.9926354662580914,0
1569,1126.9666666666667,0.7250000000001364,0.7194444444444343,0.7124999999999773,1.0175438596493467,0.03057341145790861,0.8858270952533018,52.77777777777778,0.8636363636222314,1.0097465886939752,0.0,0.9919771268025224,0
1570,1127.6861111111111,0.7194444444444343,0.7277777777776464,0.716666666666697,1.0038759689921914,0.032366419026697575,0.9377772902328241,55.55555555555556,0.9090909090760331,1.015503875968766,0.0,0.9827636903867634,0
1571,1128.4138888888888,0.7277777777776464,0.7000000000000455,0.716666666666697,1.015503875968766,0.031622949777849046,0.916236180696378,55.55555555555556,0.9090909090760331,0.9767441860465338,0.0,0.9968386627052206,0
1572,1129.1138888888888,0.7000000000000455,0.6944444444445708,0.7069444444445026,0.9901768172887845,0.031802731170318746,0.9214451260210199,52.77777777777778,0.8636363636222314,0.9823182711199407,0.0,0.9930978375345527,0
1573,1129.8083333333334,0.6944444444445708,0.6888888888888687,0.6999999999999318,0.9920634920637692,0.03052013913169203,0.8842835949456967,52.77777777777778,0.8636363636222314,0.9841269841270511,0.0,0.995791869398602,0
1574,1130.4972222222223,0.6888888888888687,0.683333333333394,0.6999999999999318,0.9841269841270511,0.029869905491559635,0.8654438728078041,50.0,0.8181818181684297,0.9761904761906579,0.0,0.9916081654891122,0
1575,1131.1805555555557,0.683333333333394,0.686111111110904,0.6999999999999318,0.9761904761906579,0.03159459287941871,0.9154145743472952,52.77777777777778,0.8636363636222314,0.9801587301585297,0.0,0.9947179246774032,0
1576,1131.8666666666666,0.686111111110904,0.716666666666697,0.6999999999999318,0.9801587301585297,0.034089016192272836,0.9876874301455353,58.333333333333336,0.9545454545298347,1.023809523809667,0.0,0.9868406381339969,0
1577,1132.5833333333333,0.716666666666697,0.7555555555557021,0.6999999999999318,1.023809523809667,0.03174487204824126,0.9197687289295678,58.333333333333336,0.9545454545298347,1.079365079365394,0.0,0.9962758276222526,0
1578,1133.338888888889,0.7555555555557021,0.7333333333333485,0.7083333333333712,1.0666666666668165,0.032600669467285605,0.9445644094142599,55.55555555555556,0.9090909090760331,1.0352941176470247,0.0,0.9955333389753771,0
1579,1134.0722222222223,0.7333333333333485,0.691666666666606,0.7083333333333712,1.0352941176470247,0.03209077002423715,0.929790698501144,136.11111111111111,2.227272727236281,0.9764705882351563,0.0,0.950958112916384,0
1580,1134.763888888889,0.691666666666606,0.6888888888888687,0.6972222222223081,0.992031872509751,0.03244827534968707,0.9401489767854264,55.55555555555556,0.9090909090760331,0.9880478087647895,0.0,0.9892473941446478,0
1581,1135.4527777777778,0.6888888888888687,0.6805555555556566,0.6930555555555884,0.9939879759518275,0.03321673542355799,0.9624141648228292,58.333333333333336,0.9545454545298347,0.9819639278558107,0.0,0.9971687443242285,0
1582,1136.1333333333334,0.6805555555556566,0.6722222222222172,0.6902777777777374,0.9859154929579506,0.02938235284927504,0.8513176330359479,52.77777777777778,0.8636363636222314,0.9738430583501503,0.0,0.9839649047162564,0
1583,1136.8055555555557,0.6722222222222172,0.686111111110904,0.6888888888888687,0.9758064516129246,0.030328521244466423,0.878731701704299,52.77777777777778,0.8636363636222314,0.9959677419352124,0.0,0.9900596254053907,0
1584,1137.4916666666666,0.686111111110904,0.683333333333394,0.6874999999998863,0.9979797979796616,0.03266163780011735,0.9463308920735187,55.55555555555556,0.9090909090760331,0.9939393939396465,0.0,0.9972400797742667,0
1585,1138.175,0.683333333333394,0.716666666666697,0.6874999999998863,0.9939393939396465,0.03107590947821709,0.9003863590212073,55.55555555555556,0.9090909090760331,1.042424242424459,0.0,0.988648688380035,0
1586,1138.8916666666667,0.716666666666697,0.7083333333332575,0.6902777777777374,1.03822937625765,0.03254362684869094,0.942911669509689,52.77777777777778,0.8636363636222314,1.0261569416498497,0.0,0.984517656278832,0
1587,1139.6,0.7083333333332575,0.7250000000001364,0.6902777777777374,1.0261569416498497,0.03522423398189865,1.0205789731272061,66.66666666666667,1.0909090908912398,1.0503018108654503,0.0,0.9812723560959007,0
1588,1140.325,0.7250000000001364,0.7305555555556111,0.6902777777777374,1.0503018108654503,0.031581793351114,0.9150437237147323,58.333333333333336,0.9545454545298347,1.0583501006037643,0.0,0.9972073963893593,0
1589,1141.0555555555557,0.7305555555556111,0.6833333333331666,0.6902777777777374,1.0583501006037643,0.030951333020400776,0.8967769089630645,55.55555555555556,0.9090909090760331,0.9899396378267782,0.0,0.9958193603000323,0
1590,1141.7388888888888,0.6833333333331666,0.6555555555555657,0.6874999999998863,0.9939393939393157,0.033881243775774915,0.9816674792338256,55.55555555555556,0.9090909090760331,0.9535353535355259,0.0,0.8202890363674238,0
1591,1142.3944444444444,0.6555555555555657,0.6777777777779193,0.684722222222149,0.9574036511157359,0.04031399290524073,1.1680484947673044,97.22222222222223,1.5909090908830579,0.9898580121706979,0.0,0.8424853709466422,0
1592,1143.0722222222223,0.6777777777779193,0.16944444444425244,0.684722222222149,0.9898580121706979,0.03439225873819449,0.9964735109524092,69.44444444444444,1.1363636363450413,0.2474645030423424,0.0,0.9306656498473862,0
1593,1143.2416666666666,0.16944444444425244,0.5111111111111768,0.684722222222149,0.2474645030423424,0.04703561796234449,1.3627993359651658,144.44444444444446,2.3636363635976863,0.7464503042598107,1.0,0.21866947458573788,1
1594,1143.7527777777777,0.5111111111111768,0.7138888888889596,0.6833333333332803,0.7479674796749509,0.03280139869630075,0.9503802926079205,80.55555555555556,1.318181818160248,1.0447154471546563,1.0,0.9454539524303884,1
1595,1144.4666666666667,0.7138888888889596,0.7388888888888232,0.6958333333332121,1.0259481037926956,0.02982641530766103,0.8641837980749608,69.44444444444444,1.1363636363450413,1.0618762475050807,0.0,0.9612894881593839,0
1596,1145.2055555555555,0.7388888888888232,0.8222222222223081,0.6958333333332121,1.0618762475050807,0.034777483380351026,1.0076349224373957,108.33333333333333,1.7727272726982644,1.1816367265472356,0.0,0.9523158897012309,0
1597,1146.0277777777778,0.8222222222223081,0.5972222222221717,0.6986111111110631,1.176938369781516,0.042639966838109486,1.2354407364026438,41.666666666666664,0.6818181818070248,0.8548707753478989,0.0,0.2689825365416143,0
1598,1146.625,0.5972222222221717,0.691666666666606,0.6805555555555429,0.8775510204081053,0.031113536468859296,0.9014765549213147,52.77777777777778,0.8636363636222314,1.0163265306121747,0.0,0.9933237116282286,0
1599,1147.3166666666666,0.691666666666606,0.6888888888888687,0.6805555555555429,1.0163265306121747,0.032113462972997886,0.9304481988560236,47.22222222222222,0.772727272714628,1.0122448979591727,0.0,0.9856391508726057,0
1600,1148.0055555555555,0.6888888888888687,0.6722222222222172,0.683333333333394,1.008130081300694,0.030281643570391738,0.8773734785987427,52.77777777777778,0.8636363636222314,0.9837398373982793,0.0,0.9887621370149826,0
1601,1148.6777777777777,0.6722222222222172,0.6750000000001819,0.683333333333394,0.9837398373982793,0.02885433306516773,0.8360189074672949,50.0,0.8181818181684297,0.987804878048959,0.0,0.9788168748169637,0
1602,1149.3527777777779,0.6750000000001819,0.6888888888888687,0.6819444444445253,0.9898167006111473,0.031921459277999116,0.9248851273076352,58.333333333333336,0.9545454545298347,1.0101832993888527,0.0,0.9934696435011381,0
1603,1150.0416666666667,0.6888888888888687,0.716666666666697,0.6888888888888687,1.0,0.030757748413284196,0.8911680324252298,52.77777777777778,0.8636363636222314,1.0403225806452359,0.0,0.9930297331632885,0
1604,1150.7583333333334,0.716666666666697,0.7166666666664696,0.6902777777777374,1.03822937625765,0.029744430087454043,0.8618083768835886,50.0,0.8181818181684297,1.0382293762573207,0.0,0.9917817596024322,0
1605,1151.475,0.7166666666664696,0.7388888888890506,0.6902777777777374,1.0382293762573207,0.03024466697000586,0.8763021269585354,52.77777777777778,0.8636363636222314,1.0704225352115646,0.0,0.9939922771724339,0
1606,1152.213888888889,0.7388888888890506,0.724999999999909,0.6902777777777374,1.0704225352115646,0.03149906337566019,0.9126467241536097,55.55555555555556,0.9090909090760331,1.050301810865121,0.0,0.9954990150529768,0
1607,1152.9388888888889,0.724999999999909,0.6888888888888687,0.6902777777777374,1.050301810865121,0.029035696393196034,0.841273687434325,47.22222222222222,0.772727272714628,0.9979879275654215,0.0,0.9902390048031311,0
1608,1153.6277777777777,0.6888888888888687,0.6722222222222172,0.6902777777777374,0.9979879275654215,0.028768998366422317,0.8335464392437852,47.22222222222222,0.772727272714628,0.9738430583501503,0.0,0.9904262662365652,0
1609,1154.3,0.6722222222222172,0.6972222222223081,0.6888888888888687,0.9758064516129246,0.029039625299332295,0.8413875226703763,47.22222222222222,0.772727272714628,1.0120967741937028,0.0,0.9881131321086833,0
1610,1154.9972222222223,0.6972222222223081,0.7138888888889596,0.6930555555555884,1.0060120240481725,0.029447913852634754,0.8532171826903259,50.0,0.8181818181684297,1.0300601202405342,0.0,0.9932145179811487,0
1611,1155.7111111111112,0.7138888888889596,0.7055555555555202,0.7055555555556339,1.0118110236220352,0.029543078959211076,0.8559744749226315,50.0,0.8181818181684297,0.9999999999998389,0.0,0.9929017368793474,0
1612,1156.4166666666667,0.7055555555555202,0.716666666666697,0.7097222222222399,0.9941291585126455,0.030173400753706676,0.8742372757573238,50.0,0.8181818181684297,1.0097847358121506,0.0,0.9930199236588158,0
1613,1157.1333333333334,0.716666666666697,0.7388888888888232,0.7152777777777146,1.0019417475729464,0.030484436637805642,0.8832491589784767,52.77777777777778,0.8636363636222314,1.0330097087378634,0.0,0.9949470448167048,0
1614,1157.8722222222223,0.7388888888888232,0.7222222222221717,0.7152777777777146,1.0330097087378634,0.030577117800986892,0.8859344819977469,52.77777777777778,0.8636363636222314,1.009708737864096,0.0,0.995097238291871,0
1615,1158.5944444444444,0.7222222222221717,0.716666666666697,0.7152777777778283,1.0097087378639358,0.029826337118222936,0.8641815326319002,50.0,0.8181818181684297,1.0019417475727872,0.0,0.9920125811037542,0
1616,1159.3111111111111,0.716666666666697,0.7000000000000455,0.7152777777778283,1.0019417475727872,0.029334702537365136,0.8499370236968437,50.0,0.8181818181684297,0.9786407766990236,0.0,0.9917534063044817,0
1617,1160.0111111111112,0.7000000000000455,0.6833333333331666,0.7097222222222399,0.9863013698630532,0.029550228995370815,0.8561816384500336,50.0,0.8181818181684297,0.9628180039136354,0.0,0.9929069273423243,0
1618,1160.6944444444443,0.6833333333331666,0.6861111111111313,0.7097222222222399,0.9628180039136354,0.02931693832117225,0.8494223273224707,47.22222222222222,0.772727272714628,0.9667318982387519,0.0,0.9870430714581495,0
1619,1161.3805555555555,0.6861111111111313,0.7027777777777828,0.7097222222222399,0.9667318982387519,0.031099327397388136,0.9010648645044677,58.333333333333336,0.9545454545298347,0.9902152641878493,0.0,0.9926944420887492,0
1620,1162.0833333333333,0.7027777777777828,0.7388888888890506,0.7097222222222399,0.9902152641878493,0.030727276771681616,0.8902851539867024,52.77777777777778,0.8636363636222314,1.0410958904111607,0.0,0.9952320445914877,0
1621,1162.8222222222223,0.7388888888890506,0.7305555555553838,0.7111111111111086,1.0390625000002311,0.03190055290696791,0.9242793908510295,55.55555555555556,0.9090909090760331,1.027343749999762,0.0,0.9982367964032147,0
1622,1163.5527777777777,0.7305555555553838,0.7333333333333485,0.716666666666697,1.0193798449609575,0.03207431563832952,0.9293139528526317,52.77777777777778,0.8636363636222314,1.0232558139534662,0.0,0.9905913477738827,0
1623,1164.286111111111,0.7333333333333485,0.7027777777777828,0.7194444444444343,1.0193050193050548,0.030044238721010943,0.870494964291775,50.0,0.8181818181684297,0.9768339768339975,0.0,0.9928746689178081,0
1624,1164.9888888888888,0.7027777777777828,0.6861111111111313,0.7097222222222399,0.9902152641878493,0.030816335884198746,0.8928655325308338,52.77777777777778,0.8636363636222314,0.9667318982387519,0.0,0.9929062150599526,0
1625,1165.675,0.6861111111111313,0.6638888888890051,0.7027777777777828,0.9762845849802589,0.0327118853430646,0.9477867529961331,47.22222222222222,0.772727272714628,0.9446640316207119,0.0,0.9728077798590125,0
1626,1166.338888888889,0.6638888888890051,0.6944444444443434,0.7013888888889142,0.9465346534654782,0.030523842986949858,0.8843909096085958,58.333333333333336,0.9545454545298347,0.9900990099008103,0.0,0.9833336257887699,0
1627,1167.0333333333333,0.6944444444443434,0.6972222222223081,0.6986111111110631,0.994035785288194,0.03072186334017946,0.8901283064491121,55.55555555555556,0.9090909090760331,0.998011928429615,0.0,0.9953756886180701,0
1628,1167.7305555555556,0.6972222222223081,0.6944444444443434,0.7000000000000455,0.996031746031804,0.030115925166793758,0.8725719911268159,52.77777777777778,0.8636363636222314,0.9920634920632833,0.0,0.9931092860638945,0
1629,1168.425,0.6944444444443434,0.7138888888889596,0.7000000000000455,0.9920634920632833,0.03056868091664819,0.8856900336228238,52.77777777777778,0.8636363636222314,1.0198412698413046,0.0,0.9955938837911273,0
1630,1169.138888888889,0.7138888888889596,0.724999999999909,0.7000000000000455,1.0198412698413046,0.030631781306166755,0.8875182900093752,52.77777777777778,0.8636363636222314,1.0357142857140884,0.0,0.9957540304023227,0
1631,1169.8638888888888,0.724999999999909,0.7388888888890506,0.7000000000000455,1.0357142857140884,0.031073417783444697,0.9003141652215221,55.55555555555556,0.9090909090760331,1.055555555555718,0.0,0.9969514097998564,0
1632,1170.6027777777779,0.7388888888890506,0.6999999999998181,0.7000000000000455,1.055555555555718,0.030934329655708297,0.8962842573276457,55.55555555555556,0.9090909090760331,0.9999999999996751,0.0,0.9960918688293063,0
1633,1171.3027777777777,0.6999999999998181,0.6777777777779193,0.6986111111110631,1.001988071570385,0.03159165123521903,0.9153293438148681,50.0,0.8181818181684297,0.9701789264416211,0.0,0.9914352344001067,0
1634,1171.9805555555556,0.6777777777779193,0.6749999999999545,0.6958333333333258,0.9740518962077988,0.0281203499013539,0.8147526456089753,47.22222222222222,0.772727272714628,0.9700598802394662,0.0,0.9861557508296,0
1635,1172.6555555555556,0.6749999999999545,0.6861111111111313,0.6958333333333258,0.9700598802394662,0.02891548892838833,0.8377908235895436,47.22222222222222,0.772727272714628,0.9860279441118163,0.0,0.987712889946365,0
1636,1173.3416666666667,0.6861111111111313,0.6972222222220807,0.6958333333333258,0.9860279441118163,0.03144805619125285,0.9111688535514753,52.77777777777778,0.8636363636222314,1.0019960079838395,0.0,0.9934527355592186,0
1637,1174.0388888888888,0.6972222222220807,0.7222222222223991,0.6972222222221944,0.9999999999998369,0.029114073798460174,0.8435445766131203,52.77777777777778,0.8636363636222314,1.0358565737054741,0.0,0.9916216741245445,0
1638,1174.7611111111112,0.7222222222223991,0.7277777777776464,0.6986111111109494,1.0337972167002936,0.031451107262420716,0.9112572545960811,58.333333333333336,0.9545454545298347,1.0417495029821604,0.0,0.9963554116574118,0
1639,1175.4888888888888,0.7277777777776464,0.7222222222223991,0.7069444444443889,1.0294695481334903,0.031357224657671545,0.908537121281084,55.55555555555556,0.9090909090760331,1.0216110019649671,0.0,0.9931785138479933,0
1640,1176.2111111111112,0.7222222222223991,0.6999999999998181,0.7111111111111086,1.0156250000002522,0.03192923411143301,0.9251103935696716,55.55555555555556,0.9090909090760331,0.9843749999997476,0.0,0.9959812493201461,0
1641,1176.911111111111,0.6999999999998181,0.6972222222223081,0.6999999999998181,1.0,0.030821685030306238,0.893020517477967,52.77777777777778,0.8636363636222314,0.9960317460321275,0.0,0.9898573441060843,0
1642,1177.6083333333333,0.6972222222223081,0.6944444444443434,0.6986111111110631,0.998011928429615,0.03015748123665068,0.8737760272777106,50.0,0.8181818181684297,0.994035785288194,0.0,0.9908491247594291,0
1643,1178.3027777777777,0.6944444444443434,0.683333333333394,0.6972222222221944,0.9960159362548748,0.031037526109707596,0.8992742480001781,47.22222222222222,0.772727272714628,0.9800796812750264,0.0,0.9865214215390895,0
1644,1178.986111111111,0.683333333333394,0.6611111111110404,0.6972222222221944,0.9800796812750264,0.02871950083493244,0.8321123089831747,50.0,0.8181818181684297,0.9482071713146774,0.0,0.990116649164932,0
1645,1179.6472222222221,0.6611111111110404,0.6972222222223081,0.6972222222221944,0.9482071713146774,0.0296775963156972,0.8598719503260979,50.0,0.8181818181684297,1.000000000000163,0.0,0.9951173091895378,0
1646,1180.3444444444444,0.6972222222223081,0.7194444444444343,0.6972222222223081,1.0,0.03177097555858633,0.9205250461229149,55.55555555555556,0.9090909090760331,1.0318725099600177,0.0,0.9974736238090036,0
1647,1181.0638888888889,0.7194444444444343,0.724999999999909,0.6986111111110631,1.0298210735587043,0.029777753809385937,0.8627738908512594,44.44444444444444,0.7272727272608265,1.0377733598408954,0.0,0.9849464658227765,0
1648,1181.7888888888888,0.724999999999909,0.7194444444446617,0.6986111111110631,1.0377733598408954,0.030061906591962655,0.8710068691809632,47.22222222222222,0.772727272714628,1.0298210735590299,0.0,0.9901129012004048,0
1649,1182.5083333333334,0.7194444444446617,0.6888888888888687,0.6986111111110631,1.0298210735590299,0.032658145079335094,0.9462296947730691,58.333333333333336,0.9545454545298347,0.986083499006003,0.0,0.997414908186419,0
1650,1183.1972222222223,0.6888888888888687,0.6777777777776919,0.6972222222223081,0.9880478087647895,0.02948732281776492,0.8543590091154292,52.77777777777778,0.8636363636222314,0.9721115537846176,0.0,0.9923815843637932,0
1651,1183.875,0.6777777777776919,0.658333333333303,0.6958333333333258,0.974051896207472,0.030094764963583247,0.8719589001941687,50.0,0.8181818181684297,0.9461077844311044,0.0,0.9921978820586452,0
1652,1184.5333333333333,0.658333333333303,0.6861111111111313,0.691666666666606,0.9518072289157022,0.030789764463326572,0.892095658203909,52.77777777777778,0.8636363636222314,0.9919678714860599,0.0,0.9906745783789637,0
1653,1185.2194444444444,0.6861111111111313,0.6888888888888687,0.6875,0.9979797979798274,0.03097526366037555,0.897470269902703,52.77777777777778,0.8636363636222314,1.0020202020201727,0.0,0.9940413051303918,0
1654,1185.9083333333333,0.6888888888888687,0.4138888888890051,0.6888888888888687,1.0,0.030732369721131112,0.8904327159499243,50.0,0.8181818181684297,0.6008064516130895,0.0,0.991383916782147,0
1655,1186.3222222222223,0.4138888888890051,0.9805555555553838,0.6888888888888687,0.6008064516130895,0.03610831649233352,1.046194179440082,58.333333333333336,0.9545454545298347,1.423387096773986,0.0,0.9608997936267045,0
1656,1187.3027777777777,0.9805555555553838,0.7222222222223991,0.6888888888888687,1.423387096773986,0.03146538887384677,0.9116710467691428,58.333333333333336,0.9545454545298347,1.048387096774481,0.0,0.9897991474983177,0
1657,1188.025,0.7222222222223991,0.691666666666606,0.6888888888888687,1.048387096774481,0.03204451645667122,0.9284505581161417,55.55555555555556,0.9090909090760331,1.0040322580644576,0.0,0.9965534703946488,0
1658,1188.7166666666667,0.691666666666606,0.6805555555554292,0.6888888888888687,1.0040322580644576,0.030875036785269937,0.8945663191360915,52.77777777777778,0.8636363636222314,0.9879032258062972,0.0,0.9960873791378606,0
1659,1189.3972222222221,0.6805555555554292,0.6805555555556566,0.6875,0.9898989898988062,0.030337196587681865,0.8789830591326789,52.77777777777778,0.8636363636222314,0.9898989898991369,0.0,0.9939329749494312,0
1660,1190.0777777777778,0.6805555555556566,0.6611111111110404,0.683333333333394,0.995934959349653,0.033116805294177966,0.9595188118996245,50.0,0.8181818181684297,0.9674796747965586,0.0,0.981641400722878,0
1661,1190.7388888888888,0.6611111111110404,0.658333333333303,0.683333333333394,0.9674796747965586,0.030372745852296115,0.8800130554696918,50.0,0.8181818181684297,0.9634146341462116,0.0,0.9741497920565021,0
1662,1191.3972222222221,0.658333333333303,0.6694444444444798,0.683333333333394,0.9634146341462116,0.029449669470964605,0.8532680495779693,47.22222222222222,0.772727272714628,0.9796747967479323,0.0,0.9443348344249457,0
1663,1192.0666666666666,0.6694444444444798,0.7194444444444343,0.6805555555555429,0.9836734693878253,0.03156821811371691,0.9146503978627124,50.0,0.8181818181684297,1.0571428571428618,0.0,0.977708738334451,0
1664,1192.786111111111,0.7194444444444343,0.7027777777777828,0.6805555555555429,1.0571428571428618,0.03218157587045017,0.9324216865115477,55.55555555555556,0.9090909090760331,1.0326530612245164,0.0,0.9905912595637401,0
1665,1193.4888888888888,0.7027777777777828,0.6333333333334394,0.6861111111111313,1.0242914979756856,0.03299320181921077,0.9559375528260616,80.55555555555556,1.318181818160248,0.9230769230770506,0.0,0.9789878652454149,0
1666,1194.1222222222223,0.6333333333334394,0.7555555555554747,0.6805555555555429,0.9306122448981323,0.03328290505420075,0.9643313487061833,202.77777777777777,3.3181818181275204,1.110204081632555,0.0,0.3410213402111237,0
1667,1194.8777777777777,0.7555555555554747,0.3861111111111768,0.6805555555555429,1.110204081632555,0.03346531472478006,0.9696164451651714,211.11111111111111,3.4545454544889256,0.5673469387756173,0.0,0.8862811189638455,0
1668,1195.263888888889,0.3861111111111768,0.16111111111104037,0.6749999999999545,0.5720164609054856,0.027816035154061294,0.8059354990825539,169.44444444444446,2.7727272726819012,0.23868312757192775,1.0,0.36769694063597747,1
1669,1195.425,0.16111111111104037,0.46111111111122227,0.6652777777777601,0.2421711899790233,0.03547425902615848,1.0278231421007007,161.11111111111111,2.636363636320496,0.6931106471818139,1.0,0.36133591159015827,1
1670,1195.8861111111112,0.46111111111122227,0.21666666666669698,0.6597222222221717,0.6989473684212747,0.03722938862559559,1.0786758693798573,86.11111111111111,1.4090909090678514,0.32842105263165006,1.0,0.8157194781448875,1
1671,1196.1027777777779,0.21666666666669698,0.7472222222220353,0.6458333333333712,0.3354838709677692,0.03769019071663482,1.0920270447419491,158.33333333333334,2.5909090908666945,1.1569892473114707,1.0,0.8010010437004506,1
1672,1196.85,0.7472222222220353,0.6777777777779193,0.6513888888889596,1.147121535180825,0.030276102853028713,0.8772129431094643,55.55555555555556,0.9090909090760331,1.0405117270789954,0.0,0.9043643815160889,0
1673,1197.5277777777778,0.6777777777779193,0.6611111111110404,0.6555555555556793,1.0338983050847663,0.031698324154274565,0.9184200607981281,125.0,2.0454545454210744,1.008474576270888,0.0,0.9305182899587179,0
1674,1198.1888888888889,0.6611111111110404,0.683333333333394,0.6472222222222399,1.021459227467674,0.027909139537159514,0.8086330843797913,100.0,1.6363636363368594,1.0557939914163739,0.0,0.9443464112069372,0
1675,1198.8722222222223,0.683333333333394,0.691666666666606,0.6472222222222399,1.0557939914163739,0.034406244379725205,0.9968787277607941,44.44444444444444,0.7272727272608265,1.0686695278968728,0.0,0.8344392399348564,0
1676,1199.5638888888889,0.691666666666606,0.7055555555555202,0.6694444444444798,1.0331950207467429,0.03322965661561379,0.9627885405133456,47.22222222222222,0.772727272714628,1.0539419087135844,0.0,0.9355902905154221,0
1677,1200.2694444444444,0.7055555555555202,0.6777777777779193,0.6694444444444798,1.0539419087135844,0.036096201613447565,1.0458431656846274,77.77777777777777,1.2727272727064463,1.0124481327802408,0.0,0.8994773130550087,0
1678,1200.9472222222223,0.6777777777779193,0.6555555555555657,0.6777777777779193,1.0,0.035892942338545376,1.0399539775147766,44.44444444444444,0.7272727272608265,0.9672131147539114,0.0,0.8819230145410464,0
1679,1201.6027777777779,0.6555555555555657,0.6277777777777374,0.6777777777779193,0.9672131147539114,0.030857697052628065,0.8940639216519323,52.77777777777778,0.8636363636222314,0.9262295081964683,0.0,0.9891550232472894,0
1680,1202.2305555555556,0.6277777777777374,0.2916666666665151,0.6777777777779193,0.9262295081964683,0.028482232472392843,0.825237749215014,33.333333333333336,0.5454545454456199,0.4303278688521455,0.0,0.8294849939595168,0
1681,1202.5222222222221,0.2916666666665151,0.341666666666697,0.6777777777779193,0.4303278688521455,0.02708053530318857,0.7846252930770906,44.44444444444444,0.7272727272608265,0.5040983606556773,0.0,0.5888524010491257,0
1682,1202.8638888888888,0.341666666666697,0.6416666666666515,0.6694444444444798,0.5103734439834208,0.04759014467049874,1.3788660671443451,122.22222222222223,1.9999999999672728,0.9585062240663168,1.0,0.8952814960351401,1
1683,1203.5055555555555,0.6416666666666515,0.716666666666697,0.658333333333303,0.9746835443038193,0.034587146370510684,1.0021201410470955,211.11111111111111,3.4545454544889256,1.088607594936805,0.0,0.8108063524244553,0
1684,1204.2222222222222,0.716666666666697,0.37777777777773736,0.6666666666667425,1.0749999999999234,0.03686114948268834,1.0680065919009871,41.666666666666664,0.6818181818070248,0.5666666666665416,0.0,0.5130622130603718,0
1685,1204.6,0.37777777777773736,0.8777777777779647,0.6486111111111086,0.5824411134903039,0.033969933083738184,0.9842371431446157,141.66666666666666,2.3181818181438842,1.3533190578161394,1.0,0.22799837467305423,1
1686,1205.4777777777779,0.8777777777779647,0.7638888888886868,0.6486111111111086,1.3533190578161394,0.02120414116901775,0.6143639811000935,130.55555555555554,2.1363636363286775,1.177730192719179,0.0,0.25640531903024405,0
1687,1206.2416666666666,0.7638888888886868,0.3972222222223536,0.6486111111111086,1.177730192719179,0.035204004284475,1.0199928424583629,69.44444444444444,1.1363636363450413,0.6124197002143377,0.0,0.9699357722107286,0
1688,1206.638888888889,0.3972222222223536,0.8027777777776919,0.6347222222221944,0.6258205689280243,0.0379970874175797,1.1009190002083875,58.333333333333336,0.9545454545298347,1.2647702407001389,0.0,0.9818038857485011,0
1689,1207.4416666666666,0.8027777777776919,0.022222222222353594,0.6347222222221944,1.2647702407001389,0.042146413762263885,1.2211406414285664,127.77777777777777,2.090909090874876,0.035010940919245705,0.0,0.2526450537921885,0
1690,1207.463888888889,0.022222222222353594,0.49166666666656056,0.5194444444445026,0.04278074866334973,0.03298803607493457,0.9557878817220271,125.0,2.0454545454210744,0.9465240641708128,1.0,0.2728464736847915,1
1691,1207.9555555555555,0.49166666666656056,0.09444444444443434,0.566666666666606,0.867647058823435,0.044480311115998775,1.288762454464532,69.44444444444444,1.1363636363450413,0.16666666666666666,0.0,0.940614167676072,0
1692,1208.05,0.09444444444443434,0.17222222222221717,0.566666666666606,0.16666666666666666,0.04449819006560772,1.2892804750989018,91.66666666666667,1.4999999999754545,0.3039215686274746,1.0,0.2395387193697131,1
1693,1208.2222222222222,0.17222222222221717,0.5222222222223536,0.4444444444444571,0.38749999999997764,0.032304621734438314,0.9359867894909653,100.0,1.6363636363368594,1.1750000000002623,1.0,0.8399286143509044,1
1694,1208.7444444444445,0.5222222222223536,0.7388888888888232,0.4444444444444571,1.1750000000002623,0.04229823461644455,1.2255394644530395,177.77777777777777,2.909090909043306,1.662499999999805,0.0,0.2926317639690349,0
1695,1209.4833333333333,0.7388888888888232,0.783333333333303,0.5069444444444571,1.4575342465751766,0.0323170500886621,0.9363468858098204,75.0,1.2272727272526447,1.5452054794519565,0.0,0.9654612257681034,0
1696,1210.2666666666667,0.783333333333303,0.09444444444443434,0.5069444444444571,1.5452054794519565,0.03440774452707992,0.9969221926902969,52.77777777777778,0.8636363636222314,0.18630136986298912,0.0,0.6942188695277827,0
1697,1210.361111111111,0.09444444444443434,0.39444444444438886,0.4444444444444571,0.2124999999999712,0.026530426548397906,0.7686865666775029,63.888888888888886,1.045454545437438,0.8874999999998497,0.0,0.6772994436658962,0
1698,1210.7555555555555,0.39444444444438886,0.25277777777796473,0.4430555555554747,0.890282131661479,0.04234630558816731,1.2269322618942342,200.0,3.272727272673719,0.5705329153610277,0.0,0.3410952907093385,0
1699,1211.0083333333334,0.25277777777796473,0.4888888888888232,0.3236111111111768,0.7811158798287453,0.031545481998791064,0.9139916468211469,202.77777777777777,3.3181818181275204,1.5107296137333959,1.0,0.3019062577830155,1
1700,1211.4972222222223,0.4888888888888232,0.6888888888888687,0.44166666666660603,1.106918238993714,0.03665247911700321,1.061960624013014,58.333333333333336,0.9545454545298347,1.5597484276731244,0.0,0.9857430142075398,0
1701,1212.1861111111111,0.6888888888888687,0.6722222222222172,0.44166666666660603,1.5597484276731244,0.041202731937098586,1.1937986180766622,80.55555555555556,1.318181818160248,1.5220125786165497,0.0,0.9488188063173449,0
1702,1212.8583333333333,0.6722222222222172,0.650000000000091,0.5055555555555884,1.3296703296702332,0.031867432136542743,0.9233197571543232,194.44444444444446,3.1818181817661157,1.2857142857143822,0.0,0.9002729713039823,0
1703,1213.5083333333334,0.650000000000091,0.6388888888886868,0.5861111111112223,1.1090047393364377,0.028346956548544442,0.8213182952526942,152.77777777777777,2.499999999959091,1.0900473933643773,0.0,0.8242325587751425,0
1704,1214.1472222222221,0.6388888888886868,0.5777777777777828,0.6444444444443889,0.9913793103445995,0.035584098051335306,1.0310055931252387,80.55555555555556,1.318181818160248,0.8965517241380162,0.0,0.9629299925657038,0
1705,1214.725,0.5777777777777828,0.33611111111122227,0.6083333333332348,0.949771689497879,0.04369052910602523,1.2658794894823169,105.55555555555556,1.7272727272444628,0.5525114155253864,0.0,0.20053826624478793,0
1706,1215.0611111111111,0.33611111111122227,0.2555555555554747,0.533333333333303,0.6302083333335776,0.03901194421600246,1.1303232311062894,130.55555555555554,2.1363636363286775,0.47916666666654234,1.0,0.9401290329347037,1
1707,1215.3166666666666,0.2555555555554747,0.8833333333334394,0.533333333333303,0.47916666666654234,0.0356058010338822,1.0316344104233774,75.0,1.2272727272526447,1.656250000000293,1.0,0.9110048185062662,1
1708,1216.2,0.8833333333334394,0.28055555555556566,0.6083333333332348,1.4520547945209576,0.02931838864430633,0.8494643486562957,122.22222222222223,1.9999999999672728,0.46118721461196344,0.0,0.2557234344970959,0
1709,1216.4805555555556,0.28055555555556566,0.2861111111110404,0.6083333333332348,0.46118721461196344,0.03583303771891426,1.0382183146407418,169.44444444444446,2.7727272726819012,0.47031963470315624,1.0,0.9223126396659007,1
1710,1216.7666666666667,0.2861111111110404,0.7722222222221262,0.6083333333332348,0.47031963470315624,0.033426678197159033,0.9684969991694138,16.666666666666668,0.27272727272280994,1.2694063926941117,0.0,0.5309239636437895,0
1711,1217.5388888888888,0.7722222222221262,0.6805555555556566,0.6083333333332348,1.2694063926941117,0.03071576458055215,0.8899516023697278,41.666666666666664,0.6818181818070248,1.118721461187562,0.0,0.2860751770684269,0
1712,1218.2194444444444,0.6805555555556566,0.6055555555556111,0.6083333333332348,1.118721461187562,0.03563529281506486,1.032488898608147,66.66666666666667,1.0909090908912398,0.9954337899545905,0.0,0.36754380038275336,0
1713,1218.825,0.6055555555556111,0.716666666666697,0.591666666666697,1.0234741784037973,0.04129506124875888,1.1964737466296984,47.22222222222222,0.772727272714628,1.211267605633792,0.0,0.7105210128253261,0
1714,1219.5416666666667,0.716666666666697,0.5888888888887323,0.591666666666697,1.211267605633792,0.04196430778891801,1.215864344224398,125.0,2.0454545454210744,0.9953051643189331,0.0,0.22868837065045666,0
1715,1220.1305555555555,0.5888888888887323,0.3805555555557021,0.5972222222221717,0.9860465116277282,0.034108226156369666,0.988244015292052,169.44444444444446,2.7727272726819012,0.6372093023258807,0.0,0.7669433543892082,0
1716,1220.5111111111112,0.3805555555557021,0.25,0.5972222222221717,0.6372093023258807,0.041221225303247545,1.1943344406766276,77.77777777777777,1.2727272727064463,0.41860465116282614,1.0,0.9481822241586872,1
1717,1220.7611111111112,0.25,0.4111111111110404,0.5972222222221717,0.41860465116282614,0.03409800360695701,0.9879478294619307,152.77777777777777,2.499999999959091,0.6883720930231956,1.0,0.9490962809830321,1
1718,1221.1722222222222,0.4111111111110404,0.8527777777778738,0.4999999999998863,0.8222222222222677,0.025045857811746654,0.7256730085241335,197.22222222222223,3.2272727272199173,1.7055555555561352,0.0,0.31358746645750546,0
1719,1222.025,0.8527777777778738,0.5805555555555202,0.5972222222221717,1.4279069767444676,0.029310417831458484,0.8492334041311309,55.55555555555556,0.9090909090760331,0.972093023255837,0.0,0.9139283318598213,0
1720,1222.6055555555556,0.5805555555555202,0.09999999999990905,0.5972222222221717,0.972093023255837,0.041156257667148984,1.1924520831108096,177.77777777777777,2.909090909043306,0.16744186046497817,0.0,0.23516646114662948,0
1721,1222.7055555555555,0.09999999999990905,0.7055555555555202,0.5847222222221262,0.17102137767208156,0.03462107539837872,1.00310319301179,225.0,3.681818181757934,1.206650831354057,1.0,0.7711252824022223,1
1722,1223.411111111111,0.7055555555555202,0.650000000000091,0.5847222222221262,1.206650831354057,0.02645562474147427,0.7665192760747488,83.33333333333333,1.3636363636140496,1.1116389548696968,0.0,0.8026937482590292,0
1723,1224.0611111111111,0.650000000000091,0.5555555555554292,0.5847222222221262,1.1116389548696968,0.03508799520611271,1.0166316217110425,38.888888888888886,0.6363636363532231,0.9501187648455457,0.0,0.8998459448625816,0
1724,1224.6166666666666,0.5555555555554292,0.5611111111111313,0.5680555555554747,0.9779951100243667,0.02727517390539904,0.790264707829927,36.111111111111114,0.5909090908994216,0.9877750611248706,0.0,0.24533480951296582,0
1725,1225.1777777777777,0.5611111111111313,0.7805555555555657,0.5583333333332803,1.0049751243782412,0.036104040787982065,1.0460702961511323,58.333333333333336,0.9545454545298347,1.3980099502489072,0.0,0.7921423997718811,0
1726,1225.9583333333333,0.7805555555555657,0.24166666666678793,0.5708333333333258,1.3673965936740018,0.0365105577759089,1.057848627237348,75.0,1.2272727272526447,0.4233576642337947,0.0,0.3216306182206581,0
1727,1226.2,0.24166666666678793,0.4194444444444798,0.5708333333333258,0.4233576642337947,0.038784127249640234,1.123722513949164,122.22222222222223,1.9999999999672728,0.7347931873480036,1.0,0.20305499090798068,1
1728,1226.6194444444445,0.4194444444444798,0.31666666666660603,0.5708333333333258,0.7347931873480036,0.030568966828951504,0.8856983175811087,63.888888888888886,1.045454545437438,0.5547445255473464,0.0,0.8080089421342618,0
1729,1226.9361111111111,0.31666666666660603,0.40555555555556566,0.5583333333332803,0.567164179104423,0.031022187612601042,0.8988298338609134,141.66666666666666,2.3181818181438842,0.7263681592040672,1.0,0.8797129675951723,1
1730,1227.3416666666667,0.40555555555556566,0.14999999999986358,0.4874999999999545,0.8319088319089303,0.02836805324946155,0.8219295462842827,186.11111111111111,3.0454545454047106,0.3076923076920566,0.0,0.3192006694964508,0
1731,1227.4916666666666,0.14999999999986358,0.41111111111126775,0.4874999999999545,0.3076923076920566,0.04224813614121831,1.224087922584793,138.88888888888889,2.2727272726900827,0.8433048433052432,1.0,0.34100910394171313,1
1732,1227.9027777777778,0.41111111111126775,0.6555555555555657,0.4152777777778738,0.9899665551840948,0.037221417526466974,1.0784449165600583,44.44444444444444,0.7272727272608265,1.578595317725412,0.0,0.826934342129254,0
1733,1228.5583333333334,0.6555555555555657,0.44166666666660603,0.4152777777778738,1.578595317725412,0.030612586179023595,0.8869621347453919,55.55555555555556,0.9090909090760331,1.0635451505012803,0.0,0.895094780820694,0
1734,1229.0,0.44166666666660603,0.2222222222221717,0.4152777777778738,1.0635451505012803,0.045510873507335146,1.3186217356524235,150.0,2.4545454545052894,0.5351170568559419,0.0,0.1811797847327395,0
1735,1229.2222222222222,0.2222222222221717,0.525000000000091,0.4083333333334167,0.5442176870745951,0.03036132943353321,0.8796822787395626,122.22222222222223,1.9999999999672728,1.2857142857142458,1.0,0.9007787582883764,1
1736,1229.7472222222223,0.525000000000091,0.28055555555556566,0.4083333333334167,1.2857142857142458,0.02536900046014074,0.7350356703904248,147.22222222222223,2.409090909051488,0.6870748299318572,0.0,0.23728527904903013,0
1737,1230.0277777777778,0.28055555555556566,0.3027777777776919,0.4083333333334167,0.6870748299318572,0.04470811028593717,1.2953626559921063,105.55555555555556,1.7272727272444628,0.741496598639094,1.0,0.9263416260674255,1
1738,1230.3305555555555,0.3027777777776919,0.2666666666666515,0.36111111111108585,0.8384615384613593,0.04443932895000844,1.2875750464742137,77.77777777777777,1.2727272727064463,0.7384615384615482,0.0,0.9381310332414243,0
1739,1230.5972222222222,0.2666666666666515,0.8138888888888687,0.35416666666662877,0.752941176470626,0.03293656372220889,0.9542965334384502,141.66666666666666,2.3181818181438842,2.2980392156864635,1.0,0.8917925561682779,1
1740,1231.411111111111,0.8138888888888687,0.4777777777778738,0.3569444444444798,2.2801556420230638,0.05449531634405584,1.5789349464133022,88.88888888888889,1.454545454521653,1.3385214007783464,0.0,0.6717887880345881,0
1741,1231.888888888889,0.4777777777778738,0.7000000000000455,0.4263888888889369,1.1205211726385356,0.03292428838093319,0.9539408704820782,100.0,1.6363636363368594,1.6416938110748405,0.0,0.9627013355373047,0
1742,1232.588888888889,0.7000000000000455,0.5805555555555202,0.4597222222222399,1.5226586102719437,0.035926582364414705,1.0409286560010522,61.111111111111114,0.9999999999836364,1.262839879153953,0.0,0.2964662483859163,0
1743,1233.1694444444445,0.5805555555555202,0.4249999999999545,0.4597222222222399,1.262839879153953,0.03568846259102798,1.0340294276479476,225.0,3.681818181757934,0.9244712990935211,0.0,0.7486791702019232,0
1744,1233.5944444444444,0.4249999999999545,0.2861111111110404,0.45138888888891415,0.9415384615383081,0.03381715765176854,0.9798106623996047,211.11111111111111,3.4545454544889256,0.6338461538459617,0.0,0.2371523979247001,0
1745,1233.8805555555555,0.2861111111110404,0.5666666666668334,0.45138888888891415,0.6338461538459617,0.04098429561995579,1.187469693724245,116.66666666666667,1.9090909090596695,1.2553846153849144,1.0,0.881964874551173,1
1746,1234.4472222222223,0.5666666666668334,0.7277777777776464,0.45138888888891415,1.2553846153849144,0.030072556279565604,0.8713154308162149,33.333333333333336,0.5454545454456199,1.612307692307311,0.0,0.8127580724254326,0
1747,1235.175,0.7277777777776464,0.6749999999999545,0.5222222222223536,1.3936170212759935,0.031481315945885234,0.9121325141451059,55.55555555555556,0.9090909090760331,1.2925531914889494,0.0,0.9538138654142375,0
1748,1235.85,0.6749999999999545,0.6666666666667425,0.5736111111111768,1.1767554479416746,0.03151090415647409,0.9129897962536385,41.666666666666664,0.6818181818070248,1.162227602905568,0.0,0.9701871418508184,0
1749,1236.5166666666667,0.6666666666667425,0.658333333333303,0.6236111111111313,1.0690423162584388,0.029202465246986893,0.8461056104120948,50.0,0.8181818181684297,1.0556792873050396,0.0,0.9663233182733976,0
1750,1237.175,0.658333333333303,0.6694444444444798,0.6194444444444116,1.0627802690583035,0.04028731579028146,1.167275558083852,102.77777777777777,1.681818181790661,1.080717488789352,0.0,0.9228701357038311,0
1751,1237.8444444444444,0.6694444444444798,0.6361111111111768,0.6625000000000227,1.0104821802935198,0.03141186792274253,0.9101203428603842,50.0,0.8181818181684297,0.9601677148847622,0.0,0.9840841018007067,0
1752,1238.4805555555556,0.6361111111111768,0.6416666666666515,0.6472222222222399,0.9828326180258257,0.02876138062813824,0.8333257246210198,47.22222222222222,0.772727272714628,0.9914163090128251,0.0,0.9667455552382663,0
1753,1239.1222222222223,0.6416666666666515,0.6388888888889142,0.6499999999999773,0.9871794871794984,0.032459308125914486,0.9404686379436706,50.0,0.8181818181684297,0.9829059829060561,0.0,0.860106664189444,0
1754,1239.7611111111112,0.6388888888889142,0.6666666666665151,0.6499999999999773,0.9829059829060561,0.026775689357547528,0.775792755730098,47.22222222222222,0.772727272714628,1.0256410256408284,0.0,0.953841337873079,0
1755,1240.4277777777777,0.6666666666665151,0.6666666666667425,0.662499999999909,1.00628930817601,0.03238116376739624,0.9382045010084794,55.55555555555556,0.9090909090760331,1.006289308176353,0.0,0.9948377074661945,0
1756,1241.0944444444444,0.6666666666667425,0.691666666666606,0.6666666666666288,1.0000000000001705,0.03220417284182778,0.9330764060394782,52.77777777777778,0.8636363636222314,1.0374999999999681,0.0,0.9937162819880889,0
1757,1241.786111111111,0.691666666666606,0.6944444444445708,0.6666666666666288,1.0374999999999681,0.030267165272653808,0.8769539876810524,47.22222222222222,0.772727272714628,1.0416666666669154,0.0,0.9716561995645152,0
1758,1242.4805555555556,0.6944444444445708,0.5138888888889142,0.6666666666666288,1.0416666666669154,0.03379778888868448,0.9792494762472178,44.44444444444444,0.7272727272608265,0.7708333333334151,0.0,0.8988497402514647,0
1759,1242.9944444444445,0.5138888888889142,0.7777777777776009,0.662499999999909,0.7756813417192222,0.037424712081706106,1.0843351269343966,216.66666666666666,3.5454545453965287,1.1740041928720117,1.0,0.3693092246365559,1
1760,1243.7722222222221,0.7777777777776009,0.4777777777778738,0.6666666666666288,1.1666666666664678,0.031188899840991796,0.9036601161871727,52.77777777777778,0.8636363636222314,0.7166666666668514,0.0,0.9900009401535548,0
1761,1244.25,0.4777777777778738,0.3194444444443434,0.6541666666665833,0.7303609341828301,0.03725936069065185,1.079544273200742,72.22222222222223,1.1818181817988431,0.4883227176219884,1.0,0.954492046253169,1
1762,1244.5694444444443,0.3194444444443434,0.48055555555561114,0.6541666666665833,0.4883227176219884,0.033987921081193695,0.9847583233065803,183.33333333333334,2.999999999950909,0.7346072186838304,1.0,0.21803294430571674,1
1763,1245.05,0.48055555555561114,0.7027777777777828,0.6527777777777146,0.7361702127661138,0.032884114238265226,0.9527768739763939,66.66666666666667,1.0909090908912398,1.0765957446809629,0.0,0.9708650530057218,0
1764,1245.7527777777777,0.7027777777777828,0.775000000000091,0.6666666666666288,1.0541666666667342,0.04406868269610385,1.276836025906789,91.66666666666667,1.4999999999754545,1.1625000000002026,0.0,0.405857438623968,0
1765,1246.5277777777778,0.775000000000091,0.5027777777777374,0.6791666666666742,1.1411042944786487,0.041283689423368596,1.1961442619378422,113.88888888888889,1.8636363636058677,0.7402862985684394,0.0,0.9055996598467252,0
1766,1247.0305555555556,0.5027777777777374,0.6722222222222172,0.6027777777777601,0.8341013824884367,0.03361403904282684,0.9739255498534161,88.88888888888889,1.454545454521653,1.1152073732719137,0.0,0.9415772047432116,0
1767,1247.7027777777778,0.6722222222222172,0.6666666666667425,0.5930555555555657,1.133489461358286,0.030283690731356092,0.877432792576611,38.888888888888886,0.6363636363532231,1.1241217798595935,0.0,0.970058781681594,0
1768,1248.3694444444445,0.6666666666667425,0.6611111111110404,0.5902777777778283,1.129411764705914,0.029276855360560048,0.8482609727050071,50.0,0.8181818181684297,1.1199999999997843,0.0,0.9829554800250813,0
1769,1249.0305555555556,0.6611111111110404,0.6527777777778283,0.6638888888888914,0.9958158995814796,0.02971472081726581,0.8609475872216573,52.77777777777778,0.8636363636222314,0.9832635983264322,0.0,0.9933994899995316,0
1770,1249.6833333333334,0.6527777777778283,0.6277777777777374,0.6569444444444343,0.9936575052855044,0.030221536183572515,0.8756319407941493,50.0,0.8181818181684297,0.955602536997839,0.0,0.9914804454903718,0
1771,1250.3111111111111,0.6277777777777374,0.16111111111104037,0.6569444444444343,0.955602536997839,0.03235416936611337,0.937422371342988,116.66666666666667,1.9090909090596695,0.24524312896395528,0.0,0.8813839942338542,0
1772,1250.4722222222222,0.16111111111104037,0.4638888888889596,0.6569444444444343,0.24524312896395528,0.0358274714118171,1.0380570377203053,172.22222222222223,2.818181818135703,0.70613107822422,1.0,0.2724662560791393,1
1773,1250.9361111111111,0.4638888888889596,0.6305555555554747,0.6569444444444343,0.70613107822422,0.02920968629958166,0.8463148315535921,58.333333333333336,0.9545454545298347,0.9598308668075027,0.0,0.9538066772097906,0
1774,1251.5666666666666,0.6305555555554747,0.658333333333303,0.6416666666666515,0.9826839826838799,0.03210680728472065,0.9302553584521435,72.22222222222223,1.1818181817988431,1.025974025974003,0.0,0.9704672660313545,0
1775,1252.225,0.658333333333303,0.683333333333394,0.6416666666666515,1.025974025974003,0.02977998277646751,0.8628384724383683,36.111111111111114,0.5909090908994216,1.0649350649351845,0.0,0.9790427213067143,0
1776,1252.9083333333333,0.683333333333394,0.6777777777779193,0.6555555555555657,1.0423728813560087,0.029257305728583226,0.8476945460983086,47.22222222222222,0.772727272714628,1.0338983050849457,0.0,0.985988659904794,0
1777,1253.5861111111112,0.6777777777779193,0.6722222222222172,0.6555555555555657,1.0338983050849457,0.028329507707543184,0.8208127364876554,44.44444444444444,0.7272727272608265,1.0254237288135357,0.0,0.9894706184160413,0
1778,1254.2583333333334,0.6722222222222172,0.6472222222221262,0.6555555555555657,1.0254237288135357,0.02774926916143788,0.8040010363423155,41.666666666666664,0.6818181818070248,0.9872881355930587,0.0,0.9759170316692666,0
1779,1254.9055555555556,0.6472222222221262,0.6444444444443889,0.6499999999999773,0.9957264957263828,0.02695978479161113,0.7811266951182644,44.44444444444444,0.7272727272608265,0.9914529914529406,0.0,0.9807837442524059,0
1780,1255.55,0.6444444444443889,0.6277777777777374,0.6458333333332575,0.9978494623656224,0.0291846417695265,0.8455891970151864,44.44444444444444,0.7272727272608265,0.9720430107527397,0.0,0.9817699477174443,0
1781,1256.1777777777777,0.6277777777777374,0.6388888888889142,0.6458333333332575,0.9720430107527397,0.027878720131823295,0.807751719423008,47.22222222222222,0.772727272714628,0.9892473118281122,0.0,0.9871509882560148,0
1782,1256.8166666666666,0.6388888888889142,0.6472222222223536,0.6458333333332575,0.9892473118281122,0.029351247688118053,0.8504163991454148,47.22222222222222,0.772727272714628,1.0021505376347297,0.0,0.9853686939449432,0
1783,1257.463888888889,0.6472222222223536,0.6444444444443889,0.6472222222222399,1.0000000000001756,0.02776222107877645,0.8043763022602122,44.44444444444444,0.7272727272608265,0.9957081545063247,0.0,0.9848044340671731,0
1784,1258.1083333333333,0.6444444444443889,0.6749999999999545,0.6472222222222399,0.9957081545063247,0.028348566005404405,0.821364927291031,50.0,0.8181818181684297,1.0429184549355235,0.0,0.992188439972159,0
1785,1258.7833333333333,0.6749999999999545,0.6749999999999545,0.6472222222222399,1.0429184549355235,0.029111895936363465,0.8434814757302618,50.0,0.8181818181684297,1.0429184549355235,0.0,0.9890229405846767,0
1786,1259.4583333333333,0.6749999999999545,0.6916666666668334,0.6472222222222399,1.0429184549355235,0.02991124773713259,0.8666417136623504,47.22222222222222,0.772727272714628,1.068669527897224,0.0,0.9879703425012696,0
1787,1260.15,0.6916666666668334,0.6777777777776919,0.6472222222222399,1.068669527897224,0.03342606524791499,0.9684792397169192,211.11111111111111,3.4545454544889256,1.0472103004290232,0.0,0.9447195503755137,0
1788,1260.8277777777778,0.6777777777776919,0.6555555555555657,0.6472222222222399,1.0472103004290232,0.0327656552782662,0.9493446709137056,175.0,2.8636363635895044,1.0128755364806747,0.0,0.7974825743916245,0
1789,1261.4833333333333,0.6555555555555657,0.6222222222222626,0.6513888888889596,1.0063965884860469,0.030112778134737735,0.8724808097331826,50.0,0.8181818181684297,0.9552238805969733,0.0,0.976471416907681,0
1790,1262.1055555555556,0.6222222222222626,0.5388888888887777,0.6513888888889596,0.9552238805969733,0.03275436826466669,0.9490176435394558,52.77777777777778,0.8636363636222314,0.82729211087394,0.0,0.9930199625179037,0
1791,1262.6444444444444,0.5388888888887777,0.7305555555556111,0.6513888888889596,0.82729211087394,0.02660099408949417,0.7707311746217139,58.333333333333336,0.9545454545298347,1.1215351812366372,0.0,0.2615261441742329,0
1792,1263.375,0.7305555555556111,0.6666666666667425,0.6652777777777601,1.0981210855951022,0.033367851745298015,0.966792574884023,50.0,0.8181818181684297,1.0020876826723744,0.0,0.9518265698535453,0
1793,1264.0416666666667,0.6666666666667425,0.6805555555554292,0.6708333333333485,0.9937888198758669,0.029969372139452475,0.8683257969234299,52.77777777777778,0.8636363636222314,1.014492753622977,0.0,0.9861149956397044,0
1794,1264.7222222222222,0.6805555555554292,0.6777777777779193,0.6749999999999545,1.0082304526747778,0.03062683097055668,0.8873748601072186,52.77777777777778,0.8636363636222314,1.0041152263377258,0.0,0.994767915435741,0
1795,1265.4,0.6777777777779193,0.6833333333331666,0.6763888888888232,1.0020533880906555,0.029514623177109144,0.8551500035404561,50.0,0.8181818181684297,1.010266940451597,0.0,0.9928508664183415,0
1796,1266.0833333333333,0.6833333333331666,0.6555555555555657,0.6777777777778056,1.008196721311188,0.030036106115413942,0.8702593320201605,50.0,0.8181818181684297,0.9672131147540736,0.0,0.9933432994886691,0
1797,1266.7388888888888,0.6555555555555657,0.6555555555555657,0.6722222222222172,0.9752066115702703,0.0288658777326537,0.8363534000468633,50.0,0.8181818181684297,0.9752066115702703,0.0,0.9907111886350024,0
1798,1267.3944444444444,0.6555555555555657,0.6555555555555657,0.6611111111111541,0.991596638655413,0.028957458836145998,0.8390068501859935,50.0,0.8181818181684297,0.991596638655413,0.0,0.9902849619184159,0
1799,1268.05,0.6555555555555657,0.4833333333333485,0.6611111111111541,0.991596638655413,0.029428568732860955,0.8526566815738527,50.0,0.8181818181684297,0.7310924369747653,0.0,0.9916157794657572,0
1800,1268.5333333333333,0.4833333333333485,0.775000000000091,0.6611111111111541,0.7310924369747653,0.03566972373145726,1.033486492177212,69.44444444444444,1.1363636363450413,1.1722689075630865,0.0,0.9548128728255154,0
1801,1269.3083333333334,0.775000000000091,0.4333333333331666,0.6722222222223309,1.15289256198342,0.02951388964352088,0.855128750304498,44.44444444444444,0.7272727272608265,0.6446280991732015,0.0,0.9694484448626353,0
1802,1269.7416666666666,0.4333333333331666,0.21666666666669698,0.6611111111111541,0.6554621848736548,0.04114285098851189,1.1920636410421042,177.77777777777777,2.909090909043306,0.3277310924369994,1.0,0.38662867893589625,1
1803,1269.9583333333333,0.21666666666669698,0.6722222222222172,0.6555555555555657,0.3305084745763123,0.029021812559256843,0.840871420376026,166.66666666666666,2.727272727228099,1.0254237288135357,1.0,0.7582466943161964,1
1804,1270.6305555555555,0.6722222222222172,0.6694444444444798,0.6555555555555657,1.0254237288135357,0.03618542394432448,1.048428273280528,125.0,2.0454545454210744,1.0211864406780042,0.0,0.93593263833065,0
1805,1271.3,0.6694444444444798,0.6805555555556566,0.6555555555555657,1.0211864406780042,0.03569723701164647,1.034283655722551,61.111111111111114,0.9999999999836364,1.0381355932204772,0.0,0.983388915189491,0
1806,1271.9805555555556,0.6805555555556566,0.6833333333331666,0.6555555555555657,1.0381355932204772,0.03147422733446074,0.911927130324063,52.77777777777778,0.8636363636222314,1.0423728813556619,0.0,0.9772081387246968,0
1807,1272.6638888888888,0.6833333333331666,0.6472222222223536,0.6625000000000227,1.031446540880216,0.03366647332136383,0.9754447687574651,63.888888888888886,1.045454545437438,0.9769392033544625,0.0,0.97651776160837,0
1808,1273.3111111111111,0.6472222222223536,0.6194444444445253,0.6625000000000227,0.9769392033544625,0.032620398989586595,0.9451360481224453,36.111111111111114,0.5909090908994216,0.9350104821803834,0.0,0.8785217393797338,0
1809,1273.9305555555557,0.6194444444445253,0.625,0.6583333333334167,0.9409282700421977,0.02967766801287161,0.8598740276637817,41.666666666666664,0.6818181818070248,0.9493670886074748,0.0,0.9543838489740943,0
1810,1274.5555555555557,0.625,0.6527777777776009,0.6583333333334167,0.9493670886074748,0.03043963333721246,0.8819510383000938,41.666666666666664,0.6818181818070248,0.9915611814342049,0.0,0.9813646395748257,0
1811,1275.2083333333333,0.6527777777776009,0.6416666666666515,0.6499999999999773,1.0042735042732673,0.030825174436663036,0.8931216187470045,50.0,0.8181818181684297,0.9871794871794984,0.0,0.9867094813092827,0
1812,1275.85,0.6416666666666515,0.6555555555555657,0.6499999999999773,0.9871794871794984,0.03232797416153356,0.9366633974216627,50.0,0.8181818181684297,1.0085470085470594,0.0,0.993814260643747,0
1813,1276.5055555555555,0.6555555555555657,0.658333333333303,0.6541666666665833,1.002123142250674,0.031015179843667376,0.8986267923518799,52.77777777777778,0.8636363636222314,1.0063694267516743,0.0,0.9842390475907583,0
1814,1277.1638888888888,0.658333333333303,0.6694444444444798,0.6541666666665833,1.0063694267516743,0.03380680136134957,0.979510601587874,52.77777777777778,0.8636363636222314,1.0233545647560232,0.0,0.9849667694888662,0
1815,1277.8333333333333,0.6694444444444798,0.6527777777778283,0.6541666666665833,1.0233545647560232,0.03327026818485981,0.9639652109175759,58.333333333333336,0.9545454545298347,0.9978768577496736,0.0,0.9955847642446591,0
1816,1278.486111111111,0.6527777777778283,0.6555555555555657,0.6527777777777146,1.000000000000174,0.032021566158024886,0.9277856013639957,55.55555555555556,0.9090909090760331,1.0042553191490489,0.0,0.9943053521368086,0
1817,1279.1416666666667,0.6555555555555657,0.6416666666666515,0.6527777777777146,1.0042553191490489,0.02906617844180511,0.8421568674031001,47.22222222222222,0.772727272714628,0.9829787234043272,0.0,0.9746973312412506,0
1818,1279.7833333333333,0.6416666666666515,0.6194444444445253,0.6527777777777146,0.9829787234043272,0.03215672124591413,0.9317015542526179,52.77777777777778,0.8636363636222314,0.9489361702129816,0.0,0.9668664703608174,0
1819,1280.4027777777778,0.6194444444445253,0.6138888888888232,0.6527777777777146,0.9489361702129816,0.030841551455772807,0.8935961227874478,50.0,0.8181818181684297,0.940425531914884,0.0,0.9912975937617184,0
1820,1281.0166666666667,0.6138888888888232,0.6166666666667879,0.6527777777777146,0.940425531914884,0.030536864115388355,0.8847681808332177,50.0,0.8181818181684297,0.9446808510641069,0.0,0.9912675583442847,0
1821,1281.6333333333334,0.6166666666667879,0.6611111111110404,0.6472222222222399,0.9527896995709768,0.029863361700444093,0.8652542744869296,50.0,0.8181818181684297,1.021459227467674,0.0,0.9899338196864752,0
1822,1282.2944444444445,0.6611111111110404,0.683333333333394,0.654166666666697,1.010615711252499,0.03171822310750934,0.9189966085597938,55.55555555555556,0.9090909090760331,1.0445859872611907,0.0,0.9958202345381035,0
1823,1282.9777777777779,0.683333333333394,0.658333333333303,0.654166666666697,1.0445859872611907,0.03123026145260185,0.9048585181488894,55.55555555555556,0.9090909090760331,1.0063694267514993,0.0,0.9928498348498157,0
1824,1283.6361111111112,0.658333333333303,0.6472222222221262,0.654166666666697,1.0063694267514993,0.031643237929695485,0.9168240050104206,52.77777777777778,0.8636363636222314,0.9893842887471535,0.0,0.991029125388686,0
1825,1284.2833333333333,0.6472222222221262,0.6527777777778283,0.6499999999999773,0.9957264957263828,0.03243660331572355,0.9398107939184005,58.333333333333336,0.9545454545298347,1.004273504273617,0.0,0.9975775656031627,0
1826,1284.9361111111111,0.6527777777778283,0.6361111111111768,0.6499999999999773,1.004273504273617,0.03130478685761648,0.9070178003453682,50.0,0.8181818181684297,0.9786324786326139,0.0,0.9840719513188774,0
1827,1285.5722222222223,0.6361111111111768,0.6166666666665606,0.6444444444443889,0.9870689655174284,0.031235051329815265,0.904997298965823,47.22222222222222,0.772727272714628,0.9568965517240559,0.0,0.9261427076597125,0
1828,1286.1888888888889,0.6166666666665606,0.5416666666667425,0.6416666666666515,0.9610389610388184,0.03277059700113367,0.9494878512722097,58.333333333333336,0.9545454545298347,0.8441558441559822,0.0,0.9869211304497868,0
1829,1286.7305555555556,0.5416666666667425,0.4944444444442979,0.6416666666666515,0.8441558441559822,0.02607932369713522,0.7556164148907242,38.888888888888886,0.6363636363532231,0.7705627705625604,0.0,0.25314479965353515,0
1830,1287.225,0.4944444444442979,0.23611111111131322,0.6416666666666515,0.7705627705625604,0.03368410613262339,0.975955657835078,205.55555555555554,3.363636363581322,0.3679653679656916,1.0,0.7066672565848089,1
1831,1287.4611111111112,0.23611111111131322,0.4166666666665151,0.6416666666666515,0.3679653679656916,0.03474833441485321,1.0067903669165925,219.44444444444446,3.5909090908503307,0.6493506493504284,1.0,0.8414538208307514,1
1832,1287.8777777777777,0.4166666666665151,0.8722222222222626,0.6263888888888687,0.6651884700662983,0.03857656153244308,1.117708551896154,100.0,1.6363636363368594,1.3924611973393555,1.0,0.9725251445087304,1
1833,1288.75,0.8722222222222626,0.7361111111110858,0.6263888888888687,1.3924611973393555,0.03247368705316105,0.9408852497232629,41.666666666666664,0.6818181818070248,1.1751662971175143,0.0,0.856278335888207,0
1834,1289.486111111111,0.7361111111110858,0.6222222222222626,0.6263888888888687,1.1751662971175143,0.03330703361114544,0.9650304440472575,47.22222222222222,0.772727272714628,0.9933481152994313,0.0,0.4409504877239022,0
1835,1290.1083333333333,0.6222222222222626,0.650000000000091,0.6194444444444116,1.004484304932854,0.034697935699968686,1.0053301259725251,61.111111111111114,0.9999999999836364,1.0493273542602921,0.0,0.9990046753833164,0
1836,1290.7583333333334,0.650000000000091,0.6444444444443889,0.6194444444444116,1.0493273542602921,0.03403094079128634,0.9860047666379851,55.55555555555556,0.9090909090760331,1.0403587443945843,0.0,0.9692922482357735,0
1837,1291.4027777777778,0.6444444444443889,0.6194444444442979,0.6194444444444116,1.0403587443945843,0.0323616731227332,0.9376397834868432,58.333333333333336,0.9545454545298347,0.9999999999998165,0.0,0.9949385050838789,0
1838,1292.0222222222221,0.6194444444442979,0.6138888888890506,0.6208333333332803,0.9977628635345248,0.03155274208318186,0.9142019988610572,55.55555555555556,0.9090909090760331,0.988814317673723,0.0,0.9906118384496515,0
1839,1292.6361111111112,0.6138888888890506,0.6222222222222626,0.6208333333332803,0.988814317673723,0.030800940417049585,0.8924194677544648,52.77777777777778,0.8636363636222314,1.0022371364654752,0.0,0.9832405902584651,0
1840,1293.2583333333334,0.6222222222222626,0.6472222222221262,0.6222222222222626,1.0,0.0314822828804841,0.9121605298890537,61.111111111111114,0.9999999999836364,1.0401785714283496,0.0,0.9936455908810525,0
1841,1293.9055555555556,0.6472222222221262,0.6638888888887777,0.6333333333333258,1.0219298245612642,0.03245199147230688,0.9402566468800917,58.333333333333336,0.9545454545298347,1.0482456140349248,0.0,0.9981644671150469,0
1842,1294.5694444444443,0.6638888888887777,0.6666666666667425,0.6458333333332575,1.0279569892472604,0.03385342059122282,0.9808613365897046,52.77777777777778,0.8636363636222314,1.0322580645163675,0.0,0.9188654472166979,0
1843,1295.236111111111,0.6666666666667425,0.6722222222222172,0.6458333333332575,1.0322580645163675,0.03262615899887462,0.9453029373262644,55.55555555555556,0.9090909090760331,1.0408602150538777,0.0,0.9905784806669283,0
1844,1295.9083333333333,0.6722222222222172,0.6555555555555657,0.6458333333332575,1.0408602150538777,0.03205162787467749,0.9286566027299167,55.55555555555556,0.9090909090760331,1.015053763440995,0.0,0.9890661932776434,0
1845,1296.5638888888889,0.6555555555555657,0.650000000000091,0.6486111111111086,1.0107066381156513,0.03611054820402676,1.0462588405489472,72.22222222222223,1.1818181817988431,1.0021413276232705,0.0,0.8536298855011085,0
1846,1297.213888888889,0.650000000000091,0.6472222222221262,0.6486111111111086,1.0021413276232705,0.035858190946582005,1.0389470985591422,194.44444444444446,3.1818181817661157,0.9978586723767295,0.0,0.8848711180095452,0
1847,1297.861111111111,0.6472222222221262,0.625,0.6486111111111086,0.9978586723767295,0.029203216763587645,0.8461273846837816,41.666666666666664,0.6818181818070248,0.963597430406856,0.0,0.93794940407956,0
1848,1298.486111111111,0.625,0.6222222222222626,0.6486111111111086,0.963597430406856,0.03577724579848955,1.0366018121815228,63.888888888888886,1.045454545437438,0.9593147751606657,0.0,0.9858232524373125,0
1849,1299.1083333333333,0.6222222222222626,0.6277777777777374,0.6486111111111086,0.9593147751606657,0.03179036980069377,0.9210869704987511,55.55555555555556,0.9090909090760331,0.9678800856530464,0.0,0.9776418278470318,0
1850,1299.736111111111,0.6277777777777374,0.6472222222223536,0.6486111111111086,0.9678800856530464,0.03289996134135209,0.9532360243500754,47.22222222222222,0.772727272714628,0.99785867237708,0.0,0.858571510568131,0
1851,1300.3833333333334,0.6472222222223536,0.6638888888887777,0.6486111111112223,0.9978586723769052,0.033862894728144244,0.9811358380859047,55.55555555555556,0.9090909090760331,1.0235546038540428,0.0,0.9833785422882191,0
1852,1301.0472222222222,0.6638888888887777,0.5972222222221717,0.6486111111112223,1.0235546038540428,0.03387096585907648,0.9813696892045132,127.77777777777777,2.090909090874876,0.9207708779440897,0.0,0.9792660673062095,0
1853,1301.6444444444444,0.5972222222221717,0.40555555555556566,0.6472222222222399,0.9227467811157766,0.02789055702065573,0.8080946787576478,113.88888888888889,1.8636363636058677,0.6266094420600843,0.0,0.3235336137031567,0
1854,1302.05,0.40555555555556566,0.35555555555561114,0.6374999999999318,0.6361655773421319,0.035364591385606756,1.0246456567354525,202.77777777777777,3.3181818181275204,0.5577342047931751,1.0,0.7518993576250266,1
1855,1302.4055555555556,0.35555555555561114,0.5694444444443434,0.6263888888888687,0.5676274944568698,0.03555466185333801,1.030152715395086,47.22222222222222,0.772727272714628,0.909090909090777,0.0,0.9025014231525406,0
1856,1302.975,0.5694444444443434,0.75,0.6236111111111313,0.9131403118038173,0.044043663857490215,1.2761111357463881,111.11111111111111,1.8181818181520661,1.202672605790607,0.0,0.25897364087787855,0
1857,1303.725,0.75,0.6694444444444798,0.6236111111111313,1.202672605790607,0.0329008896221373,0.9532629201471857,183.33333333333334,2.999999999950909,1.0734966592427837,0.0,0.44515913261654594,0
1858,1304.3944444444444,0.6694444444444798,0.1361111111111768,0.625,1.0711111111111677,0.029438977338968542,0.8529582581684899,100.0,1.6363636363368594,0.21777777777788287,0.0,0.2742568433043242,0
1859,1304.5305555555556,0.1361111111111768,0.41388888888877773,0.6124999999999545,0.22222222222234597,0.041372115361970385,1.1987062950444358,147.22222222222223,2.409090909051488,0.6757369614511158,1.0,0.8783236263573022,1
1860,1304.9444444444443,0.41388888888877773,0.5277777777778283,0.5833333333332575,0.7095238095237112,0.03756173748361803,1.088305269877675,116.66666666666667,1.9090909090596695,0.9047619047621089,1.0,0.7904287710998645,1
1861,1305.4722222222222,0.5277777777778283,0.5027777777777374,0.5486111111110858,0.9620253164558326,0.03683618090765819,1.0672831580662636,222.22222222222223,3.6363636363041323,0.9164556962025001,0.0,0.7294895742625607,0
1862,1305.975,0.5027777777777374,0.5305555555555657,0.5152777777777828,0.9757412398920953,0.03265539028596259,0.9461498780141658,180.55555555555554,2.954545454497107,1.029649595687341,0.0,0.38056785558485867,0
1863,1306.5055555555555,0.5305555555555657,0.45555555555574756,0.5152777777777828,1.029649595687341,0.027011273747053328,0.7826185244451873,177.77777777777777,2.909090909043306,0.8840970350407952,0.0,0.6446612646926184,0
1864,1306.9611111111112,0.45555555555574756,0.4499999999998181,0.5152777777777828,0.8840970350407952,0.031005146742969024,0.8983360955658755,105.55555555555556,1.7272727272444628,0.87331536388104,0.0,0.24868571785441962,0
1865,1307.411111111111,0.4499999999998181,0.8194444444445708,0.5152777777777828,0.87331536388104,0.04338509071497332,1.2570297867562454,150.0,2.4545454545052894,1.5902964959571029,0.0,0.9147933723758082,0
1866,1308.2305555555556,0.8194444444445708,0.6694444444444798,0.5152777777777828,1.5902964959571029,0.03319841085552606,0.9618832329412546,63.888888888888886,1.045454545437438,1.2991913746631287,0.0,0.9782704980463548,0
1867,1308.9,0.6694444444444798,0.6472222222221262,0.5152777777777828,1.2991913746631287,0.03359781622206206,0.9734555135208772,61.111111111111114,0.9999999999836364,1.2560646900267556,0.0,0.9466287258743562,0
1868,1309.5472222222222,0.6472222222221262,0.6305555555554747,0.5152777777777828,1.2560646900267556,0.03245720632200855,0.9404077407535958,58.333333333333336,0.9545454545298347,1.2237196765496963,0.0,0.9639818062602383,0
1869,1310.1777777777777,0.6305555555554747,0.37777777777796473,0.529166666666697,1.1916010498685454,0.032765636329389516,0.9493441218932466,163.88888888888889,2.6818181817742976,0.713910761155168,0.0,0.8873751361757913,0
1870,1310.5555555555557,0.37777777777796473,0.2555555555554747,0.529166666666697,0.713910761155168,0.036807680848739685,1.0664574038176386,147.22222222222223,2.409090909051488,0.48293963254575134,1.0,0.20566970656415295,1
1871,1310.8111111111111,0.2555555555554747,0.6222222222222626,0.5166666666666515,0.49462365591383656,0.027093643693475295,0.7850050926067285,77.77777777777777,1.2727272727064463,1.2043010752689307,1.0,0.7504996830281097,1
1872,1311.4333333333334,0.6222222222222626,0.6194444444442979,0.5763888888889142,1.0795180722891795,0.0304190743877962,0.8813553679586293,63.888888888888886,1.045454545437438,1.0746987951804217,0.0,0.9757126592535812,0
1873,1312.0527777777777,0.6194444444442979,0.7194444444444343,0.6208333333332803,0.9977628635345248,0.038602096922573936,1.1184484085031576,208.33333333333334,3.409090909035124,1.158836689038114,0.0,0.45246711005352036,0
1874,1312.7722222222221,0.7194444444444343,0.28611111111126775,0.6263888888888687,1.1485587583148769,0.034403859087695554,0.9968096168500649,66.66666666666667,1.0909090908912398,0.4567627494459411,0.0,0.8154170537882144,0
1875,1313.0583333333334,0.28611111111126775,0.3583333333333485,0.6263888888888687,0.4567627494459411,0.0333422460143411,0.9660506802378651,108.33333333333333,1.7727272726982644,0.5720620842572489,1.0,0.7846328085204362,1
1876,1313.4166666666667,0.3583333333333485,0.691666666666606,0.6208333333332803,0.577181208053765,0.03160231588627698,0.9156383389978742,119.44444444444444,1.954545454513471,1.1140939597315411,1.0,0.26724858614361546,1
1877,1314.1083333333333,0.691666666666606,0.6666666666667425,0.6208333333332803,1.1140939597315411,0.03473816237437587,1.006495644520917,180.55555555555554,2.954545454497107,1.0738255033559185,0.0,0.8576940625999292,0
1878,1314.775,0.6666666666667425,0.6555555555555657,0.6208333333332803,1.0738255033559185,0.029100497854754867,0.8431512302966861,144.44444444444446,2.3636363635976863,1.0559284116332162,0.0,0.9248817774761442,0
1879,1315.4305555555557,0.6555555555555657,0.5972222222221717,0.6208333333332803,1.0559284116332162,0.03325770033099993,0.9636010727678771,127.77777777777777,2.090909090874876,0.9619686800894863,0.0,0.951636307363608,0
1880,1316.0277777777778,0.5972222222221717,0.375,0.6208333333332803,0.9619686800894863,0.028641150018156585,0.8298421901732135,36.111111111111114,0.5909090908994216,0.6040268456376355,0.0,0.8165166803657118,0
1881,1316.4027777777778,0.375,0.9361111111111313,0.6208333333332803,0.6040268456376355,0.04747379596246554,1.3754950060439042,119.44444444444444,1.954545454513471,1.5078299776287967,1.0,0.8999259481589741,1
1882,1317.338888888889,0.9361111111111313,0.6416666666666515,0.6374999999999318,1.4684095860568338,0.043184942373292484,1.2512307340605726,88.88888888888889,1.454545454521653,1.0065359477125022,0.0,0.8864788535263665,0
1883,1317.9805555555556,0.6416666666666515,0.658333333333303,0.6486111111111086,0.9892933618843488,0.03189966645956818,0.9242537071249503,177.77777777777777,2.909090909043306,1.0149892933618416,0.0,0.8863728203557732,0
1884,1318.638888888889,0.658333333333303,0.6777777777776919,0.6486111111111086,1.0149892933618416,0.03758654002739622,1.0890238931605287,86.11111111111111,1.4090909090678514,1.0449678800855247,0.0,0.9863128566324502,0
1885,1319.3166666666666,0.6777777777776919,0.6416666666666515,0.6569444444444343,1.0317124735728238,0.03866945110778302,1.1203999134020812,225.0,3.681818181757934,0.9767441860465036,0.0,0.8032639496012003,0
1886,1319.9583333333333,0.6416666666666515,0.5694444444445708,0.6569444444444343,0.9767441860465036,0.03525591326915331,1.0214968416171888,127.77777777777777,2.090909090874876,0.8668076109938632,0.0,0.3147888916280902,0
1887,1320.5277777777778,0.5694444444445708,0.49166666666656056,0.6486111111111086,0.8779443254819969,0.04028244877150485,1.1671345421847474,158.33333333333334,2.5909090908666945,0.7580299785865632,0.0,0.8375565935397516,0
1888,1321.0194444444444,0.49166666666656056,0.31944444444457076,0.6416666666666515,0.7662337662336189,0.04449341776480673,1.2891422035369586,130.55555555555554,2.1363636363286775,0.49783549783570646,1.0,0.2286502314657492,1
1889,1321.338888888889,0.31944444444457076,0.47499999999990905,0.6194444444444116,0.5156950672648053,0.036553082622444194,1.0590807325041847,55.55555555555556,0.9090909090760331,0.7668161434976517,0.0,0.9222545079706508,0
1890,1321.8138888888889,0.47499999999990905,0.15000000000009095,0.6055555555556111,0.7844036697245484,0.03836704831915359,1.1116381635326924,163.88888888888889,2.6818181817742976,0.2477064220184761,1.0,0.3374654977841919,1
1891,1321.963888888889,0.15000000000009095,0.7555555555554747,0.6055555555556111,0.2477064220184761,0.029823892559418766,0.8641107045390766,183.33333333333334,2.999999999950909,1.2477064220181007,1.0,0.791692090323016,1
1892,1322.7194444444444,0.7555555555554747,0.027777777777828305,0.6055555555556111,1.2477064220181007,0.037318080676313536,1.0812456127585999,158.33333333333334,2.5909090908666945,0.045871559633106754,0.0,0.337521258681573,0
1893,1322.7472222222223,0.027777777777828305,0.47499999999990905,0.5305555555555657,0.052356020942502614,0.03535282376335976,1.0243047043151625,152.77777777777777,2.499999999959091,0.8952879581149947,1.0,0.20148571191397457,1
1894,1323.2222222222222,0.47499999999990905,0.1694444444444798,0.4833333333332348,0.9827586206896674,0.03416654398467411,0.9899337028337751,194.44444444444446,3.1818181817661157,0.3505747126438228,0.0,0.9118938045095578,0
1895,1323.3916666666667,0.1694444444444798,0.47499999999990905,0.47499999999990905,0.35672514619897316,0.035798520407027995,1.0372182178682157,105.55555555555556,1.7272727272444628,1.0,1.0,0.38111866829217217,1
1896,1323.8666666666666,0.47499999999990905,0.525000000000091,0.47499999999990905,1.0,0.029469288529146938,0.8538364877238134,163.88888888888889,2.6818181817742976,1.10526315789514,0.0,0.877915524601607,0
1897,1324.3916666666667,0.525000000000091,0.2222222222221717,0.47499999999990905,1.10526315789514,0.04260974976928619,1.234565233898134,86.11111111111111,1.4090909090678514,0.46783625730992473,0.0,0.9275072475709822,0
1898,1324.6138888888888,0.2222222222221717,0.5944444444444343,0.3972222222222399,0.5594405594404074,0.03667775274218647,1.0626928963017455,119.44444444444444,1.954545454513471,1.4965034965034045,1.0,0.18618773871965216,1
1899,1325.2083333333333,0.5944444444444343,0.6694444444444798,0.47499999999990905,1.2514619883043119,0.028229606763851063,0.8179182291839582,63.888888888888886,1.045454545437438,1.409356725146543,0.0,0.9730220420274078,0
1900,1325.8777777777777,0.6694444444444798,0.30277777777791925,0.47499999999990905,1.409356725146543,0.029526386834230495,0.8554908410760943,194.44444444444446,3.1818181817661157,0.6374269005852152,0.0,0.8957383336061846,0
1901,1326.1805555555557,0.30277777777791925,0.08055555555552019,0.47499999999990905,0.6374269005852152,0.020400441325795025,0.5910777639712764,97.22222222222223,1.5909090908830579,0.16959064327481183,1.0,0.34109109367409207,1
1902,1326.2611111111112,0.08055555555552019,0.5499999999999545,0.38888888888891415,0.20714285714275274,0.037532503982203806,1.0874582650323865,175.0,2.8636363635895044,1.4142857142855054,1.0,0.43949656961803535,1
1903,1326.8111111111111,0.5499999999999545,0.19166666666660603,0.47499999999990905,1.1578947368422312,0.042931006624323365,1.243873257215047,166.66666666666666,2.727272727228099,0.4035087719297742,0.0,0.9063723004938528,0
1904,1327.0027777777777,0.19166666666660603,0.5527777777779193,0.38888888888891415,0.4928571428569549,0.04511103618920712,1.3070369398052595,161.11111111111111,2.636363636320496,1.4214285714288428,1.0,0.1930894774921978,1
1905,1327.5555555555557,0.5527777777779193,0.24444444444429791,0.5,1.1055555555558385,0.02895045528536527,0.8388039308927674,47.22222222222222,0.772727272714628,0.48888888888859583,0.0,0.789232760994795,0
1906,1327.8,0.24444444444429791,0.7250000000001364,0.4138888888890051,0.5906040268451177,0.04030617708210565,1.1678220408789546,213.88888888888889,3.499999999942727,1.751677852348831,1.0,0.2970370550785829,1
1907,1328.525,0.7250000000001364,0.5777777777777828,0.4263888888889369,1.7003257328991512,0.03871880008369302,1.1218297394469852,219.44444444444446,3.5909090908503307,1.3550488599347128,0.0,0.3434655140528883,0
1908,1329.1027777777779,0.5777777777777828,0.3138888888888687,0.5513888888889369,1.0478589420654092,0.02868598197412284,0.8311411411058821,36.111111111111114,0.5909090908994216,0.5692695214104931,0.0,0.8590202334152868,0
1909,1329.4166666666667,0.3138888888888687,0.3249999999998181,0.4319444444444116,0.7266881028938992,0.04264261750909332,1.2355175363430533,172.22222222222223,2.818181818135703,0.7524115755623371,1.0,0.5126572381888165,1
1910,1329.7416666666666,0.3249999999998181,0.1638888888890051,0.3194444444443434,1.0173913043475784,0.03523866914383765,1.0209972142380335,100.0,1.6363636363368594,0.5130434782613956,0.0,0.8718653172093723,0
1911,1329.9055555555556,0.1638888888890051,0.5055555555554747,0.3194444444443434,0.5130434782613956,0.04303155530879658,1.2467865320133493,163.88888888888889,2.6818181817742976,1.5826086956524215,1.0,0.1736421040610654,1
1912,1330.411111111111,0.5055555555554747,0.6722222222222172,0.4152777777776464,1.2173913043480165,0.03501338221659564,1.0144698018610379,50.0,0.8181818181684297,1.6187290969904664,0.0,0.8720828613351574,0
1913,1331.0833333333333,0.6722222222222172,0.12222222222226264,0.4152777777776464,1.6187290969904664,0.03173385368956401,0.919449485502155,94.44444444444444,1.545454545429256,0.29431438127109344,0.0,0.8252229292172044,0
1914,1331.2055555555555,0.12222222222226264,0.5638888888888687,0.4152777777776464,0.29431438127109344,0.036102103058273396,1.0460141528096678,91.66666666666667,1.4999999999754545,1.357859531772956,1.0,0.7832071782502694,1
1915,1331.7694444444444,0.5638888888888687,0.6916666666668334,0.4152777777776464,1.357859531772956,0.035262727215051,1.0216942673415006,58.333333333333336,0.9545454545298347,1.6655518394658113,0.0,0.9170311731919327,0
1916,1332.4611111111112,0.6916666666668334,0.6444444444443889,0.5347222222221717,1.2935064935069276,0.04218803023760348,1.2223464277542273,86.11111111111111,1.4090909090678514,1.2051948051948151,0.0,0.8941963461052731,0
1917,1333.1055555555556,0.6444444444443889,0.6333333333332121,0.5347222222221717,1.2051948051948151,0.03615310116967559,1.0474917605326073,44.44444444444444,0.7272727272608265,1.1844155844154696,0.0,0.8845951126241902,0
1918,1333.7388888888888,0.6333333333332121,0.6472222222223536,0.5347222222221717,1.1844155844154696,0.03101976857484312,0.8987597452091005,52.77777777777778,0.8636363636222314,1.2103896103899705,0.0,0.9907417039088766,0
1919,1334.3861111111112,0.6472222222223536,0.658333333333303,0.5986111111110404,1.0812064965200687,0.03301612753338715,0.9566017972733466,55.55555555555556,0.9090909090760331,1.0997679814385943,0.0,0.9929405558965105,0
1920,1335.0444444444445,0.658333333333303,0.6444444444443889,0.6388888888888005,1.0304347826087907,0.030411662869671105,0.8811406283120181,52.77777777777778,0.8636363636222314,1.0086956521739656,0.0,0.9936994497088812,0
1921,1335.6888888888889,0.6444444444443889,0.6749999999999545,0.6444444444443889,1.0,0.032971556029047645,0.9553103926070896,61.111111111111114,0.9999999999836364,1.047413793103468,0.0,0.9970437322916843,0
1922,1336.3638888888888,0.6749999999999545,0.6722222222222172,0.6458333333333712,1.045161290322449,0.03310212267530685,0.959093401027723,55.55555555555556,0.9090909090760331,1.0408602150536945,0.0,0.9938471253049488,0
1923,1337.036111111111,0.6722222222222172,0.6805555555556566,0.6458333333333712,1.0408602150536945,0.0321062461919882,0.9302391014784643,55.55555555555556,0.9090909090760331,1.0537634408603096,0.0,0.9975508592024505,0
1924,1337.7166666666667,0.6805555555556566,0.6749999999999545,0.6527777777778283,1.0425531914894357,0.03285156298318399,0.9518337412882032,58.333333333333336,0.9545454545298347,1.0340425531913398,0.0,0.9962402442346554,0
1925,1338.3916666666667,0.6749999999999545,0.6805555555556566,0.6652777777777601,1.0146137787055953,0.03324364304951962,0.9631937802798274,55.55555555555556,0.9090909090760331,1.022964509394751,0.0,0.9833956938558117,0
1926,1339.0722222222223,0.6805555555556566,0.3472222222221717,0.6652777777777601,1.022964509394751,0.03035341301885701,0.8794529103346957,38.888888888888886,0.6363636363532231,0.521920668058393,0.0,0.8942936431905985,0
1927,1339.4194444444445,0.3472222222221717,0.30833333333339397,0.6652777777777601,0.521920668058393,0.049827354807227005,1.4436864866653272,69.44444444444444,1.1363636363450413,0.4634655532360116,0.0,0.963512212935423,0
1928,1339.7277777777779,0.30833333333339397,0.6305555555554747,0.6652777777777601,0.4634655532360116,0.03150215816668021,0.9127363919273043,58.333333333333336,0.9545454545298347,0.9478079331940582,0.0,0.9757550413481884,0
1929,1340.3583333333333,0.6305555555554747,0.6472222222221262,0.6652777777777601,0.9478079331940582,0.03158263379254536,0.9150680744743097,55.55555555555556,0.9090909090760331,0.9728601252608419,0.0,0.9880889257054133,0
1930,1341.0055555555555,0.6472222222221262,0.6416666666666515,0.6597222222221717,0.981052631578877,0.03420433925767878,0.9910287745089177,58.333333333333336,0.9545454545298347,0.9726315789474199,0.0,0.9954909182344875,0
1931,1341.6472222222221,0.6416666666666515,0.6777777777779193,0.6597222222221717,0.9726315789474199,0.030482697985964997,0.8831987836740467,50.0,0.8181818181684297,1.0273684210529248,0.0,0.9926528110518347,0
1932,1342.325,0.6777777777779193,0.6888888888888687,0.6597222222221717,1.0273684210529248,0.03538653551436491,1.0252814609492693,86.11111111111111,1.4090909090678514,1.0442105263158388,0.0,0.9932125758088403,0
1933,1343.013888888889,0.6888888888888687,0.7000000000000455,0.6611111111110404,1.04201680672277,0.03140014740991177,0.9097807553776446,183.33333333333334,2.999999999950909,1.0588235294119468,0.0,0.9479333215016603,0
1934,1343.713888888889,0.7000000000000455,0.6722222222222172,0.6611111111110404,1.0588235294119468,0.03329309524879199,0.9646265970950407,41.666666666666664,0.6818181818070248,1.0168067226891768,0.0,0.9379880027770855,0
1935,1344.3861111111112,0.6722222222222172,0.658333333333303,0.6597222222221717,1.018947368421123,0.032550134601672664,0.9431002236698409,50.0,0.8181818181684297,0.9978947368421357,0.0,0.9817327829635281,0
1936,1345.0444444444445,0.658333333333303,0.6499999999998636,0.6527777777777146,1.0085106382979234,0.03406618509815895,0.987025927198499,58.333333333333336,0.9545454545298347,0.9957446808509511,0.0,0.9924970793416967,0
1937,1345.6944444444443,0.6499999999998636,0.650000000000091,0.6541666666665833,0.9936305732483257,0.031202189167505036,0.904045158122035,66.66666666666667,1.0909090908912398,0.9936305732486733,0.0,0.9548632516358403,0
1938,1346.3444444444444,0.650000000000091,0.6416666666666515,0.654166666666697,0.9936305732485006,0.03239416808697308,0.9385812852169528,44.44444444444444,0.7272727272608265,0.9808917197451543,0.0,0.9800252747734894,0
1939,1346.986111111111,0.6416666666666515,0.7083333333332575,0.654166666666697,0.9808917197451543,0.033892870456790555,0.9820043480548173,216.66666666666666,3.5454545453965287,1.0828025477705345,0.0,0.9399030142597435,0
1940,1347.6944444444443,0.7083333333332575,0.42777777777791925,0.6652777777777601,1.0647181628391629,0.032578009676319054,0.9439078697657951,88.88888888888889,1.454545454521653,0.6430062630482465,0.0,0.35275387959096416,0
1941,1348.1222222222223,0.42777777777791925,0.8388888888889596,0.6652777777777601,0.6430062630482465,0.029581843067854916,0.8570976174220326,55.55555555555556,0.9090909090760331,1.2609603340293674,0.0,0.8395851226998742,0
1942,1348.9611111111112,0.8388888888889596,0.686111111110904,0.6652777777777601,1.2609603340293674,0.03908315482618378,1.132386471188443,108.33333333333333,1.7727272726982644,1.0313152400832233,0.0,0.9384060446118759,0
1943,1349.6472222222221,0.686111111110904,0.6916666666668334,0.6652777777777601,1.0313152400832233,0.03445569018134214,0.9983113592117887,55.55555555555556,0.9090909090760331,1.039665970772721,0.0,0.9957059420408418,0
1944,1350.338888888889,0.6916666666668334,0.6694444444444798,0.6652777777777601,1.039665970772721,0.0397167234764441,1.1507433456862832,66.66666666666667,1.0909090908912398,1.0062630480167813,0.0,0.9846598743831948,0
1945,1351.0083333333334,0.6694444444444798,0.6277777777777374,0.6638888888888914,1.0083682008368695,0.03756396626449412,1.0883698460697082,63.888888888888886,1.045454545437438,0.945606694560605,0.0,0.9903338912053601,0
1946,1351.6361111111112,0.6277777777777374,0.6305555555554747,0.6597222222222854,0.9515789473682686,0.033730154339647773,0.9772898481502866,58.333333333333336,0.9545454545298347,0.9557894736839965,0.0,0.9910377168656792,0
1947,1352.2666666666667,0.6305555555554747,0.6361111111111768,0.6597222222222854,0.9557894736839965,0.032378893886012707,0.9381387339796572,55.55555555555556,0.9090909090760331,0.9642105263157967,0.0,0.9922615902361639,0
1948,1352.9027777777778,0.6361111111111768,0.6333333333332121,0.6555555555555657,0.9703389830509327,0.03220999754473705,0.933245169661619,47.22222222222222,0.772727272714628,0.9661016949150544,0.0,0.9952894703566157,0
1949,1353.536111111111,0.6333333333332121,0.6555555555555657,0.6527777777778283,0.970212765957186,0.032412298645857006,0.9391065959214379,52.77777777777778,0.8636363636222314,1.004255319148874,0.0,0.9615502773202804,0
1950,1354.1916666666666,0.6555555555555657,0.683333333333394,0.6458333333333712,1.0150537634408163,0.0349588667737434,1.0128902837737372,63.888888888888886,1.045454545437438,1.058064516129064,0.0,0.9982774162005831,0
1951,1354.875,0.683333333333394,0.6694444444444798,0.6625000000000227,1.0314465408805593,0.03449828520322287,0.9995454977231815,61.111111111111114,0.9999999999836364,1.0104821802935198,0.0,0.997053653602811,0
1952,1355.5444444444445,0.6694444444444798,0.40555555555556566,0.6625000000000227,1.0104821802935198,0.03687163535557771,1.06831040720585,61.111111111111114,0.9999999999836364,0.6121593291404555,0.0,0.9996908045864681,0
1953,1355.95,0.40555555555556566,0.908333333333303,0.6458333333333712,0.6279569892472906,0.03858362865558273,1.1179133131205012,69.44444444444444,1.1363636363450413,1.4064516129030964,0.0,0.983611103999603,0
1954,1356.8583333333333,0.908333333333303,0.6777777777776919,0.6458333333333712,1.4064516129030964,0.034462911509431204,0.9985205883353955,58.333333333333336,0.9545454545298347,1.0494623655912032,0.0,0.9978564402218819,0
1955,1357.536111111111,0.6777777777776919,0.6277777777777374,0.6458333333333712,1.0494623655912032,0.034345451933566494,0.9951173412021416,58.333333333333336,0.9545454545298347,0.9720430107525685,0.0,0.9990193139175005,0
1956,1358.1638888888888,0.6277777777777374,0.6277777777779647,0.6458333333333712,0.9720430107525685,0.03239479900871895,0.9385995654006426,55.55555555555556,0.9090909090760331,0.9720430107529207,0.0,0.9964816356668981,0
1957,1358.7916666666667,0.6277777777779647,0.6194444444442979,0.6458333333333712,0.9720430107529207,0.03154249939676699,0.9139052295859972,52.77777777777778,0.8636363636222314,0.9591397849459534,0.0,0.9916225246468943,0
1958,1359.411111111111,0.6194444444442979,0.6472222222223536,0.6444444444443889,0.9612068965515796,0.0334827443311153,0.9701214466293557,55.55555555555556,0.9090909090760331,1.0043103448278767,0.0,0.996962526774102,0
1959,1360.0583333333334,0.6472222222223536,0.658333333333303,0.6513888888889596,0.993603411513953,0.035215029257375595,1.020312277524784,61.111111111111114,0.9999999999836364,1.0106609808100782,0.0,0.9991973860772883,0
1960,1360.7166666666667,0.658333333333303,0.6805555555554292,0.6527777777778283,1.0085106382977478,0.03522748471605357,1.0206731591619524,61.111111111111114,0.9999999999836364,1.0425531914890875,0.0,0.9996857623365571,0
1961,1361.3972222222221,0.6805555555554292,0.4194444444444798,0.6527777777778283,1.0425531914890875,0.033978253181068445,0.9844782077592218,58.333333333333336,0.9545454545298347,0.6425531914893662,0.0,0.9982496541420899,0
1962,1361.8166666666666,0.4194444444444798,0.9388888888888687,0.6375000000001592,0.6579520697166669,0.039411805549970584,1.141908722782962,72.22222222222223,1.1818181817988431,1.472766884531191,1.0,0.9825445928999228,1
1963,1362.7555555555555,0.9388888888888687,0.6527777777778283,0.6527777777778283,1.4382978723402833,0.03297651977792371,0.9554542111421753,55.55555555555556,0.9090909090760331,1.0,0.0,0.9945678793750087,0
1964,1363.4083333333333,0.6527777777778283,0.6222222222222626,0.650000000000091,1.0042735042734414,0.032830101825677735,0.9512119305739911,52.77777777777778,0.8636363636222314,0.9572649572648855,0.0,0.99641125039703,0
1965,1364.0305555555556,0.6222222222222626,0.6444444444443889,0.6375000000001592,0.9760348583876193,0.03392190608578318,0.9828456197894028,58.333333333333336,0.9545454545298347,1.0108932461870244,0.0,0.9972680756999559,0
1966,1364.675,0.6444444444443889,0.6416666666666515,0.6458333333333712,0.9978494623654468,0.03544645099052911,1.0270174383780335,61.111111111111114,0.9999999999836364,0.9935483870966925,0.0,0.9989490669717498,0
1967,1365.3166666666666,0.6416666666666515,0.6361111111111768,0.6458333333333712,0.9935483870966925,0.03330266176745777,0.9649037752389669,55.55555555555556,0.9090909090760331,0.9849462365591837,0.0,0.9958105383773019,0
1968,1365.9527777777778,0.6361111111111768,0.6472222222221262,0.6458333333333712,0.9849462365591837,0.03385823989084249,0.9810009698847696,61.111111111111114,0.9999999999836364,1.0021505376342013,0.0,0.9988769086183533,0
1969,1366.6,0.6472222222221262,0.6750000000001819,0.6458333333332575,1.0021505376343776,0.03556811949325264,1.0305426340042982,63.888888888888886,1.045454545437438,1.045161290322985,0.0,0.997606272680666,0
1970,1367.275,0.6750000000001819,0.6722222222222172,0.6458333333332575,1.045161290322985,0.03511876055160988,1.0175230098596548,61.111111111111114,0.9999999999836364,1.0408602150538777,0.0,0.9996800721230445,0
1971,1367.9472222222223,0.6722222222222172,0.6666666666665151,0.6458333333332575,1.0408602150538777,0.033027217763029096,0.9569231230738036,55.55555555555556,0.9090909090760331,1.0322580645160155,0.0,0.9976563646155963,0
1972,1368.6138888888888,0.6666666666665151,0.6555555555555657,0.6499999999999773,1.0256410256408284,0.03313896848960922,0.9601609633015845,61.111111111111114,0.9999999999836364,1.0085470085470594,0.0,0.9959471111323612,0
1973,1369.2694444444444,0.6555555555555657,0.6416666666666515,0.6499999999999773,1.0085470085470594,0.03305556970853874,0.9577445859180846,55.55555555555556,0.9090909090760331,0.9871794871794984,0.0,0.9928068729751898,0
1974,1369.911111111111,0.6416666666666515,0.625,0.6458333333332575,0.9935483870968673,0.031430080461992124,0.9106480288454064,55.55555555555556,0.9090909090760331,0.9677419354839846,0.0,0.9908511563283755,0
1975,1370.536111111111,0.625,0.6194444444445253,0.6458333333332575,0.9677419354839846,0.03382301971555433,0.9799805085073149,58.333333333333336,0.9545454545298347,0.9591397849464743,0.0,0.9967626017177688,0
1976,1371.1555555555556,0.6194444444445253,0.650000000000091,0.6444444444443889,0.9612068965519325,0.032707534013330576,0.9476606785544868,55.55555555555556,0.9090909090760331,1.0086206896554006,0.0,0.9942194986949227,0
1977,1371.8055555555557,0.650000000000091,0.6749999999999545,0.6486111111111086,1.0021413276232705,0.03409485404206396,0.9878565746824514,58.333333333333336,0.9545454545298347,1.0406852248393343,0.0,0.9978337316957995,0
1978,1372.4805555555556,0.6749999999999545,0.6666666666665151,0.6527777777778283,1.0340425531913398,0.034555290184734695,1.0011971471394432,58.333333333333336,0.9545454545298347,1.0212765957443697,0.0,0.998717619285802,0
1979,1373.1472222222221,0.6666666666665151,0.6750000000001819,0.6611111111110404,1.0084033613444163,0.03530617838950541,1.0229532118235478,61.111111111111114,0.9999999999836364,1.0210084033617288,0.0,0.9989869659655887,0
1980,1373.8222222222223,0.6750000000001819,0.6666666666665151,0.6611111111110404,1.0210084033617288,0.033650371080234005,0.9749782260719446,55.55555555555556,0.9090909090760331,1.0084033613444163,0.0,0.9972758461915607,0
1981,1374.4888888888888,0.6666666666665151,0.6555555555555657,0.6611111111110404,1.0084033613444163,0.033492462380985966,0.9704030152040735,58.333333333333336,0.9545454545298347,0.9915966386555836,0.0,0.9981467420973156,0
1982,1375.1444444444444,0.6555555555555657,0.625,0.6555555555555657,1.0,0.03420952232000419,0.9911789473821855,58.333333333333336,0.9545454545298347,0.9533898305084599,0.0,0.9985199408260124,0
1983,1375.7694444444444,0.625,0.6444444444443889,0.6527777777778283,0.9574468085105642,0.03293305227011668,0.9541947934212708,55.55555555555556,0.9090909090760331,0.9872340425530299,0.0,0.9973874606841215,0
1984,1376.4138888888888,0.6444444444443889,0.650000000000091,0.6527777777778283,0.9872340425530299,0.031849769656145166,0.9228080084498289,50.0,0.8181818181684297,0.9957446808511261,0.0,0.9413390255746852,0
1985,1377.0638888888889,0.650000000000091,0.6361111111111768,0.6527777777778283,0.9957446808511261,0.031129656599207148,0.9019436159249845,47.22222222222222,0.772727272714628,0.9744680851064081,0.0,0.9447357653102665,0
1986,1377.7,0.6361111111111768,0.658333333333303,0.6527777777778283,0.9744680851064081,0.030467571980204274,0.8827605262108829,58.333333333333336,0.9545454545298347,1.0085106382977478,0.0,0.9951437259105052,0
1987,1378.3583333333333,0.658333333333303,0.6694444444444798,0.6569444444444343,1.0021141649048317,0.035681488517722286,1.0338273624284031,61.111111111111114,0.9999999999836364,1.0190274841438327,0.0,0.9977538572726125,0
1988,1379.0277777777778,0.6694444444444798,0.6944444444443434,0.6569444444444343,1.0190274841438327,0.03430670224565245,0.9939946165256975,58.333333333333336,0.9545454545298347,1.0570824524311522,0.0,0.9987747678346965,0
1989,1379.7222222222222,0.6944444444443434,0.683333333333394,0.6569444444444343,1.0570824524311522,0.0344154201772411,0.9971445852386659,61.111111111111114,0.9999999999836364,1.0401691331924974,0.0,0.9994251537367015,0
1990,1380.4055555555556,0.683333333333394,0.6666666666667425,0.6569444444444343,1.0401691331924974,0.03358423765808375,0.9730620912852469,55.55555555555556,0.9090909090760331,1.014799154334169,0.0,0.9973452300365961,0
1991,1381.0722222222223,0.6666666666667425,0.6277777777777374,0.6569444444444343,1.014799154334169,0.033490152627473915,0.9703360929292352,55.55555555555556,0.9090909090760331,0.955602536997839,0.0,0.9975103434136635,0
1992,1381.7,0.6277777777777374,0.625,0.654166666666697,0.9596602972398088,0.03373636125142604,0.9774696858055841,58.333333333333336,0.9545454545298347,0.9554140127388092,0.0,0.9975067193739071,0
1993,1382.325,0.625,0.6305555555554747,0.654166666666697,0.9554140127388092,0.03308879700246754,0.9587073060026458,55.55555555555556,0.9090909090760331,0.9639065817408083,0.0,0.996355221625498,0
1994,1382.9555555555555,0.6305555555554747,0.6527777777778283,0.654166666666697,0.9639065817408083,0.0322864077741554,0.9354590623332458,52.77777777777778,0.8636363636222314,0.9978768577495002,0.0,0.9931157645222362,0
1995,1383.6083333333333,0.6527777777778283,0.6638888888887777,0.6555555555555657,0.9957627118644685,0.033486855358488804,0.9702405586048641,55.55555555555556,0.9090909090760331,1.0127118644065944,0.0,0.9981718172801798,0
1996,1384.2722222222221,0.6638888888887777,0.6694444444444798,0.6611111111110404,1.0042016806722083,0.03450713655642958,0.9998019548251621,61.111111111111114,0.9999999999836364,1.0126050420169685,0.0,0.9986031041535067,0
1997,1384.9416666666666,0.6694444444444798,0.6749999999999545,0.6652777777777601,1.0062630480167813,0.0329678529876074,0.9552031015235567,55.55555555555556,0.9090909090760331,1.0146137787055953,0.0,0.9983303808648772,0
1998,1385.6166666666666,0.6749999999999545,0.6638888888890051,0.6652777777777601,1.0146137787055953,0.03259477496038634,0.9443936233071317,52.77777777777778,0.8636363636222314,0.9979123173279674,0.0,0.996829617174581,0
1999,1386.2805555555556,0.6638888888890051,0.6722222222222172,0.6638888888888914,1.0000000000001712,0.03444808488004512,0.9980910049354679,61.111111111111114,0.9999999999836364,1.0125523012552187,0.0,0.9982240840399603,0
2000,1386.9527777777778,0.6722222222222172,0.6611111111110404,0.6638888888888914,1.0125523012552187,0.033882563092459586,0.9817057048164731,58.333333333333336,0.9545454545298347,0.9958158995814796,0.0,0.998982960144482,0
2001,1387.6138888888888,0.6611111111110404,0.6388888888889142,0.662499999999909,0.9979035639413301,0.033856430557904126,0.9809485466822315,58.333333333333336,0.9545454545298347,0.964360587002267,0.0,0.9939783513239322,0
2002,1388.2527777777777,0.6388888888889142,0.6166666666667879,0.662499999999909,0.964360587002267,0.03516596365726688,1.01889066194613,61.111111111111114,0.9999999999836364,0.930817610063204,0.0,0.995259102321558,0
2003,1388.8694444444445,0.6166666666667879,0.6333333333332121,0.662499999999909,0.930817610063204,0.033135915179997366,0.9600724974008099,55.55555555555556,0.9090909090760331,0.9559748427672438,0.0,0.9939241143665014,0
2004,1389.5027777777777,0.6333333333332121,0.658333333333303,0.662499999999909,0.9559748427672438,0.03254827984425023,0.9430464843485952,55.55555555555556,0.9090909090760331,0.9937106918239901,0.0,0.9944924441734821,0
2005,1390.161111111111,0.658333333333303,0.6638888888890051,0.662499999999909,0.9937106918239901,0.03397123870975665,0.9842749720570032,58.333333333333336,0.9545454545298347,1.0020964360590132,0.0,0.9974201470367754,0
2006,1390.825,0.6638888888890051,0.6805555555554292,0.6625000000000227,1.0020964360588411,0.03555574738729377,1.0301841674099241,61.111111111111114,0.9999999999836364,1.0272536687628768,0.0,0.9993395572202388,0
2007,1391.5055555555555,0.6805555555554292,0.6805555555556566,0.6625000000000227,1.0272536687628768,0.0345593063759532,1.0013135113536875,61.111111111111114,0.9999999999836364,1.02725366876322,0.0,0.9980390272335249,0
2008,1392.1861111111111,0.6805555555556566,0.658333333333303,0.6625000000000227,1.02725366876322,0.0339903209204142,0.9848278557043207,58.333333333333336,0.9545454545298347,0.9937106918238195,0.0,0.998053804456055,0
2009,1392.8444444444444,0.658333333333303,0.6388888888889142,0.6597222222221717,0.9978947368421357,0.03456019502954614,1.001339259001509,58.333333333333336,0.9545454545298347,0.9684210526316914,0.0,0.9991232434125508,0
2010,1393.4833333333333,0.6388888888889142,0.6277777777777374,0.658333333333303,0.9704641350211801,0.032998954376453726,0.9561042261160156,55.55555555555556,0.9090909090760331,0.9535864978902778,0.0,0.9950984343905451,0
2011,1394.111111111111,0.6277777777777374,0.6527777777778283,0.6486111111111086,0.9678800856530464,0.03264803483862518,0.9459367629498507,52.77777777777778,0.8636363636222314,1.0064239828694608,0.0,0.9970519120428449,0
2012,1394.763888888889,0.6527777777778283,0.6333333333332121,0.6555555555555657,0.9957627118644685,0.0339442596572012,0.9834932871020617,58.333333333333336,0.9545454545298347,0.9661016949150544,0.0,0.9984289048740412,0
2013,1395.3972222222221,0.6333333333332121,0.650000000000091,0.6555555555555657,0.9661016949150544,0.03354699923461475,0.9719831536423617,58.333333333333336,0.9545454545298347,0.991525423728937,0.0,0.997551723753572,0
2014,1396.0472222222222,0.650000000000091,0.6555555555555657,0.6555555555555657,0.991525423728937,0.03356797162962865,0.9725908030628799,55.55555555555556,0.9090909090760331,1.0,0.0,0.996998253902107,0
2015,1396.7027777777778,0.6555555555555657,0.6777777777776919,0.654166666666697,1.0021231422504997,0.03424348114462235,0.9921628626711657,58.333333333333336,0.9545454545298347,1.036093418258844,0.0,0.9993695311544144,0
2016,1397.3805555555555,0.6777777777776919,0.6694444444444798,0.654166666666697,1.036093418258844,0.034174632561629024,0.9901680594294914,61.111111111111114,0.9999999999836364,1.0233545647558453,0.0,0.9970550594401922,0
2017,1398.05,0.6694444444444798,0.6694444444444798,0.654166666666697,1.0233545647558453,0.03388449965422248,0.9817618143181414,55.55555555555556,0.9090909090760331,1.0233545647558453,0.0,0.9774645901384074,0
2018,1398.7194444444444,0.6694444444444798,0.658333333333303,0.654166666666697,1.0233545647558453,0.03154712024128602,0.9140391128879488,61.111111111111114,0.9999999999836364,1.0063694267514993,0.0,0.9790824141387111,0
2019,1399.3777777777777,0.658333333333303,0.6333333333334394,0.654166666666697,1.0063694267514993,0.0342814176503927,0.993262026392456,66.66666666666667,1.0909090908912398,0.9681528662421556,0.0,0.9840309250044088,0
2020,1400.0111111111112,0.6333333333334394,0.6305555555554747,0.654166666666697,0.9681528662421556,0.03247188478139654,0.9408330311095758,55.55555555555556,0.9090909090760331,0.9639065817408083,0.0,0.9941889216844907,0
2021,1400.6416666666667,0.6305555555554747,0.6194444444445253,0.654166666666697,0.9639065817408083,0.03075730738757735,0.8911552542463417,50.0,0.8181818181684297,0.9469214437368101,0.0,0.9903827712309285,0
2022,1401.2611111111112,0.6194444444445253,0.6527777777776009,0.6527777777778283,0.9489361702128164,0.03396812447911397,0.9841847410440869,55.55555555555556,0.9090909090760331,0.9999999999996517,0.0,0.9953429649993402,0
2023,1401.9138888888888,0.6527777777776009,0.6777777777779193,0.6541666666665833,0.997876857749326,0.03450720533170298,0.9998039475043482,61.111111111111114,0.9999999999836364,1.0360934182593717,0.0,0.9983249333975115,0
2024,1402.5916666666667,0.6777777777779193,0.6749999999999545,0.6569444444444343,1.03171247357317,0.032294676414542034,0.9356986360460279,58.333333333333336,0.9545454545298347,1.02748414376316,0.0,0.998140075248745,0
2025,1403.2666666666667,0.6749999999999545,0.6527777777778283,0.6638888888888914,1.0167364016735678,0.033407073546017366,0.9679289784499011,58.333333333333336,0.9545454545298347,0.9832635983264322,0.0,0.9992246942842763,0
2026,1403.9194444444445,0.6527777777778283,0.6638888888887777,0.6555555555555657,0.9957627118644685,0.033685904355551265,0.9760077591386898,58.333333333333336,0.9545454545298347,1.0127118644065944,0.0,0.9987364777518091,0
2027,1404.5833333333333,0.6638888888887777,0.658333333333303,0.6555555555555657,1.0127118644065944,0.03386843384085852,0.9812963270824538,58.333333333333336,0.9545454545298347,1.0042372881355315,0.0,0.9982793487910506,0
2028,1405.2416666666666,0.658333333333303,0.6222222222222626,0.6555555555555657,1.0042372881355315,0.03215700103619143,0.9317096608327083,52.77777777777778,0.8636363636222314,0.9491525423729283,0.0,0.9921692193460165,0
2029,1405.8638888888888,0.6222222222222626,0.6361111111111768,0.6527777777777146,0.9531914893618563,0.034409122339480736,0.9969621131145682,58.333333333333336,0.9545454545298347,0.9744680851065779,0.0,0.9977834496237188,0
2030,1406.5,0.6361111111111768,0.6472222222221262,0.6527777777777146,0.9744680851065779,0.03361929434559693,0.9740778158049576,58.333333333333336,0.9545454545298347,0.9914893617020766,0.0,0.9982861900949875,0
2031,1407.1472222222221,0.6472222222221262,0.6361111111111768,0.6527777777777146,0.9914893617020766,0.03232918597300792,0.9366985081727088,55.55555555555556,0.9090909090760331,0.9744680851065779,0.0,0.9946034628829282,0
2032,1407.7833333333333,0.6361111111111768,0.6361111111111768,0.6527777777777146,0.9744680851065779,0.033208261937256386,0.9621686559509274,55.55555555555556,0.9090909090760331,0.9744680851065779,0.0,0.9970063944863379,0
2033,1408.4194444444445,0.6361111111111768,0.6749999999999545,0.6499999999999773,0.9786324786326139,0.03309589418264767,0.9589129380928724,55.55555555555556,0.9090909090760331,1.0384615384615048,0.0,0.9979104950522186,0
2034,1409.0944444444444,0.6749999999999545,0.6972222222223081,0.6499999999999773,1.0384615384615048,0.03409485082579329,0.987856481494954,58.333333333333336,0.9545454545298347,1.0726495726497423,0.0,0.9996298183649381,0
2035,1409.7916666666667,0.6972222222223081,0.6555555555555657,0.6499999999999773,1.0726495726497423,0.0350419645979053,1.0152979412999688,61.111111111111114,0.9999999999836364,1.0085470085470594,0.0,0.9998116047956134,0
2036,1410.4472222222223,0.6555555555555657,0.6527777777776009,0.6513888888888459,1.0063965884862225,0.03336884916712024,0.9668214739578715,55.55555555555556,0.9090909090760331,1.0021321961618415,0.0,0.9975157587265964,0
2037,1411.1,0.6527777777776009,0.6277777777779647,0.6499999999998636,1.004273504273443,0.03236966441309046,0.9378713213227252,55.55555555555556,0.9090909090760331,0.9658119658124561,0.0,0.9953660312751096,0
2038,1411.7277777777779,0.6277777777779647,0.625,0.6416666666666515,0.9783549783552928,0.03243773359692393,0.939843542429764,52.77777777777778,0.8636363636222314,0.974025974025997,0.0,0.9939185409236898,0
2039,1412.3527777777779,0.625,0.6222222222220353,0.6416666666666515,0.974025974025997,0.03311145636006551,0.9593638330947875,55.55555555555556,0.9090909090760331,0.9696969696967013,0.0,0.9966555144814543,0
2040,1412.975,0.6222222222220353,0.6416666666666515,0.6416666666666515,0.9696969696967013,0.032513664226748604,0.942043539291447,55.55555555555556,0.9090909090760331,1.0,0.0,0.993731171833641,0
2041,1413.6166666666666,0.6416666666666515,0.6638888888890051,0.6388888888889142,1.004347826086893,0.03348273834701788,0.9701212732474732,58.333333333333336,0.9545454545298347,1.0391304347827495,0.0,0.9974293079405125,0
2042,1414.2805555555556,0.6638888888890051,0.6555555555555657,0.6472222222221262,1.0257510729617052,0.03409406613470341,0.9878337460331368,58.333333333333336,0.9545454545298347,1.0128755364808526,0.0,0.998694605607203,0
2043,1414.9361111111111,0.6555555555555657,0.6666666666667425,0.6541666666665833,1.002123142250674,0.03463077822340841,1.0033843204654154,58.333333333333336,0.9545454545298347,1.0191082802550229,0.0,0.9983163665545121,0
2044,1415.6027777777779,0.6666666666667425,0.6611111111110404,0.6541666666665833,1.0191082802550229,0.03322353880841426,0.9626112845539203,55.55555555555556,0.9090909090760331,1.0106157112526746,0.0,0.9980277970998065,0
2045,1416.263888888889,0.6611111111110404,0.6694444444444798,0.6541666666665833,1.0106157112526746,0.03315920963630411,0.9607474256990182,55.55555555555556,0.9090909090760331,1.0233545647560232,0.0,0.9980500694432319,0
2046,1416.9333333333334,0.6694444444444798,0.6472222222221262,0.6541666666665833,1.0233545647560232,0.0342614564020619,0.9926836737067949,58.333333333333336,0.9545454545298347,0.9893842887473254,0.0,0.9987552431305018,0
2047,1417.5805555555555,0.6472222222221262,0.6305555555557021,0.6513888888888459,0.9936034115137774,0.0325276607332587,0.9424490708992822,55.55555555555556,0.9090909090760331,0.9680170575695851,0.0,0.9934734931453324,0
2048,1418.2111111111112,0.6305555555557021,0.6111111111110858,0.6513888888888459,0.9680170575695851,0.033759406564744715,0.9781373954913152,55.55555555555556,0.9090909090760331,0.9381663113006627,0.0,0.9968523008310185,0
2049,1418.8222222222223,0.6111111111110858,0.6305555555554747,0.6513888888888459,0.9381663113006627,0.0334815002849459,0.9700854019175604,55.55555555555556,0.9090909090760331,0.9680170575692361,0.0,0.9965360069868727,0
2050,1419.4527777777778,0.6305555555554747,0.6472222222221262,0.6513888888888459,0.9680170575692361,0.03387435502829737,0.98146788622549,55.55555555555556,0.9090909090760331,0.9936034115137774,0.0,0.9973327236983003,0
2051,1420.1,0.6472222222221262,0.6583333333335304,0.6513888888888459,0.9936034115137774,0.03418929154362413,0.9905927854519037,55.55555555555556,0.9090909090760331,1.0106609808106037,0.0,0.9970189413785033,0
2052,1420.7583333333334,0.6583333333335304,0.6805555555554292,0.6513888888888459,1.0106609808106037,0.03523768712183413,1.0209687613550422,63.888888888888886,1.045454545437438,1.04477611940286,0.0,0.9977921482245233,0
2053,1421.4388888888889,0.6805555555554292,0.6749999999999545,0.6527777777778283,1.0425531914890875,0.03498045387197459,1.0135157434659738,58.333333333333336,0.9545454545298347,1.0340425531913398,0.0,0.9991605084124846,0
2054,1422.1138888888888,0.6749999999999545,0.6527777777778283,0.6527777777778283,1.0340425531913398,0.03275107786491221,0.9489223082426163,55.55555555555556,0.9090909090760331,1.0,0.0,0.9959884153660837,0
2055,1422.7666666666667,0.6527777777778283,0.6305555555554747,0.6499999999999773,1.004273504273617,0.034328109880035526,0.9946148764730676,58.333333333333336,0.9545454545298347,0.9700854700853796,0.0,0.9981712211548761,0
2056,1423.3972222222221,0.6305555555554747,0.6305555555557021,0.6472222222221262,0.9742489270386462,0.031414382480072896,0.9101931990746432,52.77777777777778,0.8636363636222314,0.9742489270389976,0.0,0.9947286303312914,0
2057,1424.0277777777778,0.6305555555557021,0.6416666666666515,0.6388888888889142,0.9869565217393208,0.03447976604970287,0.9990089279657711,58.333333333333336,0.9545454545298347,1.004347826086893,0.0,0.9979670765481901,0
2058,1424.6694444444445,0.6416666666666515,0.6277777777777374,0.6444444444443889,0.9956896551724761,0.03344608158339144,0.9690591884850548,58.333333333333336,0.9545454545298347,0.9741379310345041,0.0,0.9979303891712642,0
2059,1425.2972222222222,0.6277777777777374,0.6444444444443889,0.6444444444443889,0.9741379310345041,0.032956795117434864,0.9548827132990333,55.55555555555556,0.9090909090760331,1.0,0.0,0.9954343312683462,0
2060,1425.9416666666666,0.6444444444443889,0.6472222222223536,0.6458333333332575,0.9978494623656224,0.03213576701288629,0.931094431053368,52.77777777777778,0.8636363636222314,1.0021505376347297,0.0,0.9956952581421599,0
2061,1426.588888888889,0.6472222222223536,0.6638888888887777,0.6458333333333712,1.0021505376345532,0.03325037299120777,0.9633887720852085,58.333333333333336,0.9545454545298347,1.0279569892470795,0.0,0.9986691470750686,0
2062,1427.2527777777777,0.6638888888887777,0.6638888888890051,0.6458333333333712,1.0279569892470795,0.035053829167836836,1.015641702660501,61.111111111111114,0.9999999999836364,1.0279569892474314,0.0,0.9992919100092764,0
2063,1427.9166666666667,0.6638888888890051,0.6777777777776919,0.6458333333333712,1.0279569892474314,0.033787918661848014,0.9789634985315783,58.333333333333336,0.9545454545298347,1.0494623655912032,0.0,0.9983723604310781,0
2064,1428.5944444444444,0.6777777777776919,0.658333333333303,0.6458333333333712,1.0494623655912032,0.0343467537199912,0.9951550588670094,55.55555555555556,0.9090909090760331,1.0193548387095706,0.0,0.9969072056731307,0
2065,1429.2527777777777,0.658333333333303,0.625,0.6458333333333712,1.0193548387095706,0.034656794270068514,1.0041381035057744,58.333333333333336,0.9545454545298347,0.9677419354838142,0.0,0.9978501968810812,0
2066,1429.8777777777777,0.625,0.6749999999999545,0.6458333333333712,0.9677419354838142,0.03460269161627102,1.002570545475003,72.22222222222223,1.1818181817988431,1.045161290322449,0.0,0.9481988649750808,0
2067,1430.5527777777777,0.6749999999999545,0.5694444444445708,0.6527777777778283,1.0340425531913398,0.03369702841142392,0.97633006501269,119.44444444444444,1.954545454513471,0.8723404255320408,0.0,0.302435683421427,0
2068,1431.1222222222223,0.5694444444445708,0.6416666666666515,0.6527777777778283,0.8723404255320408,0.030479722791943425,0.8831125810766829,44.44444444444444,0.7272727272608265,0.982978723404156,0.0,0.8566018989106148,0
2069,1431.763888888889,0.6416666666666515,0.6694444444444798,0.6527777777778283,0.982978723404156,0.03654978810056606,1.0589852777738686,94.44444444444444,1.545454545429256,1.0255319148935917,0.0,0.9895398291479836,0
2070,1432.4333333333334,0.6694444444444798,0.6694444444444798,0.6611111111110404,1.0126050420169685,0.03508834530571747,1.0166417654176538,52.77777777777778,0.8636363636222314,1.0126050420169685,0.0,0.9910786943313843,0
2071,1433.1027777777779,0.6694444444444798,0.6472222222221262,0.6638888888888914,1.0083682008368695,0.031445711582753895,0.911100921396145,50.0,0.8181818181684297,0.9748953974893915,0.0,0.9603787796885854,0
2072,1433.75,0.6472222222221262,0.6555555555555657,0.6611111111111541,0.9789915966384467,0.03040458303603056,0.8809354988164984,52.77777777777778,0.8636363636222314,0.991596638655413,0.0,0.9920326999420398,0
2073,1434.4055555555556,0.6555555555555657,0.6555555555555657,0.6569444444444343,0.9978858350951681,0.029430655441335257,0.8527171413923121,52.77777777777778,0.8636363636222314,0.9978858350951681,0.0,0.9924640343651598,0
2074,1435.0611111111111,0.6555555555555657,0.6222222222222626,0.6555555555555657,1.0,0.03233967842545306,0.9370025141121295,50.0,0.8181818181684297,0.9491525423729283,0.0,0.9949007615126237,0
2075,1435.6833333333334,0.6222222222222626,0.6388888888889142,0.6513888888888459,0.9552238805971399,0.034218662831285586,0.9914437824846953,58.333333333333336,0.9545454545298347,0.9808102345416813,0.0,0.998282508962368,0
2076,1436.3222222222223,0.6388888888889142,0.6444444444443889,0.6513888888888459,0.9808102345416813,0.03277977222830517,0.9497536922250523,52.77777777777778,0.8636363636222314,0.9893390191897453,0.0,0.9944923133153232,0
2077,1436.9666666666667,0.6444444444443889,0.6277777777777374,0.6458333333332575,0.9978494623656224,0.030917715125552667,0.8958028716959827,50.0,0.8181818181684297,0.9720430107527397,0.0,0.99250807796217,0
2078,1437.5944444444444,0.6277777777777374,0.6472222222221262,0.6458333333332575,0.9720430107527397,0.030574513220165574,0.8858590174632616,50.0,0.8181818181684297,1.0021505376343776,0.0,0.9940823748095804,0
2079,1438.2416666666666,0.6472222222221262,0.6694444444444798,0.6472222222221262,1.0,0.032526203170948266,0.9424068398192021,55.55555555555556,0.9090909090760331,1.034334763948706,0.0,0.9954634609964927,0
2080,1438.911111111111,0.6694444444444798,0.7027777777777828,0.6472222222221262,1.034334763948706,0.03212326499982985,0.9307322005601876,52.77777777777778,0.8636363636222314,1.0858369098714136,0.0,0.9949931822594125,0
2081,1439.6138888888888,0.7027777777777828,0.6777777777779193,0.6472222222221262,1.0858369098714136,0.03244618151892736,0.9400883106074835,58.333333333333336,0.9545454545298347,1.0472103004295585,0.0,0.9975136963453306,0
2082,1440.2916666666667,0.6777777777779193,0.6666666666665151,0.6513888888888459,1.040511727079177,0.03113843793292467,0.9021980442981529,52.77777777777778,0.8636363636222314,1.0234541577823508,0.0,0.9963259302573444,0
2083,1440.9583333333333,0.6666666666665151,0.6277777777779647,0.6513888888888459,1.0234541577823508,0.030915033073009055,0.8957251625133716,50.0,0.8181818181684297,0.9637526652455531,0.0,0.9940508478525742,0
2084,1441.5861111111112,0.6277777777779647,0.6305555555554747,0.6458333333332575,0.9720430107530917,0.03214428000733788,0.9313410846254543,52.77777777777778,0.8636363636222314,0.9763440860214948,0.0,0.9955162879319075,0
2085,1442.2166666666667,0.6305555555554747,0.6361111111111768,0.6458333333332575,0.9763440860214948,0.03269639528417031,0.9473379475399764,55.55555555555556,0.9090909090760331,0.9849462365593571,0.0,0.997909091144561,0
2086,1442.8527777777779,0.6361111111111768,0.6416666666666515,0.6458333333332575,0.9849462365593571,0.03198760679532107,0.9268016704846435,52.77777777777778,0.8636363636222314,0.9935483870968673,0.0,0.994709155037447,0
2087,1443.4944444444445,0.6416666666666515,0.6666666666665151,0.6444444444443889,0.9956896551724761,0.03229303144716128,0.9356509751339086,52.77777777777778,0.8636363636222314,1.0344827586205436,0.0,0.9961016191558936,0
2088,1444.161111111111,0.6666666666665151,0.6638888888890051,0.6569444444443207,1.0147991543339985,0.033284506241071106,0.9643777411317155,58.333333333333336,0.9545454545298347,1.0105708245246803,0.0,0.9977868079720844,0
2089,1444.825,0.6638888888890051,0.6694444444444798,0.6652777777777601,0.9979123173279674,0.03319735895600248,0.9618527554428324,55.55555555555556,0.9090909090760331,1.0062630480167813,0.0,0.9982858261884897,0
2090,1445.4944444444445,0.6694444444444798,0.6611111111110404,0.6652777777777601,1.0062630480167813,0.03297192358648844,0.955321042133086,55.55555555555556,0.9090909090760331,0.9937369519832187,0.0,0.997677705306099,0
2091,1446.1555555555556,0.6611111111110404,0.6777777777776919,0.6625000000000227,0.9979035639411588,0.033178512756859846,0.9613067099396648,58.333333333333336,0.9545454545298347,1.0230607966455376,0.0,0.9983557795232434,0
2092,1446.8333333333333,0.6777777777776919,0.658333333333303,0.6625000000000227,1.0230607966455376,0.032638577515864076,0.9456627486233213,55.55555555555556,0.9090909090760331,0.9937106918238195,0.0,0.9969805482426284,0
2093,1447.4916666666666,0.658333333333303,0.6277777777779647,0.6597222222221717,0.9978947368421357,0.03231972815122989,0.9364244793877761,55.55555555555556,0.9090909090760331,0.9515789473687774,0.0,0.9956228794621282,0
2094,1448.1194444444445,0.6277777777779647,0.6111111111110858,0.6597222222221717,0.9515789473687774,0.031754070778160906,0.9200352508457093,52.77777777777778,0.8636363636222314,0.9263157894737168,0.0,0.9954101220858765,0
2095,1448.7305555555556,0.6111111111110858,0.6361111111109494,0.6597222222221717,0.9263157894737168,0.0318503213009748,0.922823991682113,52.77777777777778,0.8636363636222314,0.9642105263156182,0.0,0.9946097944967418,0
2096,1449.3666666666666,0.6361111111109494,0.6583333333335304,0.6597222222221717,0.9642105263156182,0.03149096844015694,0.912412183326755,55.55555555555556,0.9090909090760331,0.9978947368424804,0.0,0.994942208330039,0
2097,1450.025,0.6583333333335304,0.658333333333303,0.6597222222222854,0.9978947368423084,0.031220285831086044,0.9045694867516945,52.77777777777778,0.8636363636222314,0.9978947368419637,0.0,0.9933978842800362,0
2098,1450.6833333333334,0.658333333333303,0.6777777777776919,0.6583333333334167,0.9999999999998274,0.033573886759633985,0.97276218669921,58.333333333333336,0.9545454545298347,1.0295358649786421,0.0,0.9983975457473995,0
2099,1451.361111111111,0.6777777777776919,0.6944444444445708,0.6583333333334167,1.0295358649786421,0.03298391872883874,0.9556685866692901,58.333333333333336,0.9545454545298347,1.0548523206751639,0.0,0.9979251766785708,0
2100,1452.0555555555557,0.6944444444445708,0.6638888888887777,0.6583333333334167,1.0548523206751639,0.0317979858361244,0.9213076357834267,52.77777777777778,0.8636363636222314,1.0084388185651043,0.0,0.9970213398480583,0
2101,1452.7194444444444,0.6638888888887777,0.6388888888889142,0.6583333333334167,1.0084388185651043,0.03322316558470879,0.9626004708548551,55.55555555555556,0.9090909090760331,0.9704641350210125,0.0,0.9982062373486562,0
2102,1453.3583333333333,0.6388888888889142,0.6416666666666515,0.658333333333303,0.9704641350211801,0.03247273108834632,0.9408575518153548,55.55555555555556,0.9090909090760331,0.9746835443038193,0.0,0.995194645611492,0
2103,1454.0,0.6416666666666515,0.6611111111110404,0.6499999999999773,0.9871794871794984,0.032263145278575364,0.9347850600578904,58.333333333333336,0.9545454545298347,1.0170940170939438,0.0,0.9980799945415921,0
2104,1454.661111111111,0.6611111111110404,0.6361111111111768,0.6583333333334167,1.004219409282466,0.03174689993788085,0.9198274845444395,55.55555555555556,0.9090909090760331,0.966244725738374,0.0,0.9960040629863609,0
2105,1455.2972222222222,0.6361111111111768,0.650000000000091,0.6583333333334167,0.966244725738374,0.03243397207619033,0.9397345569804376,55.55555555555556,0.9090909090760331,0.9873417721519119,0.0,0.9957569578167649,0
2106,1455.9472222222223,0.650000000000091,0.6777777777776919,0.6583333333334167,0.9873417721519119,0.032296753711789965,0.9357588231857471,55.55555555555556,0.9090909090760331,1.0295358649786421,0.0,0.9964113522115965,0
2107,1456.625,0.6777777777776919,0.6861111111111313,0.6597222222221717,1.02736842105258,0.03258925092363137,0.944233571118011,55.55555555555556,0.9090909090760331,1.0400000000001104,0.0,0.9973244049194024,0
2108,1457.3111111111111,0.6861111111111313,0.6694444444444798,0.662499999999909,1.0356394129980762,0.03326660986237237,0.9638592155108479,55.55555555555556,0.9090909090760331,1.0104821802936932,0.0,0.9973611675993292,0
2109,1457.9805555555556,0.6694444444444798,0.691666666666606,0.662499999999909,1.0104821802936932,0.033694628177355065,0.9762605211747029,58.333333333333336,0.9545454545298347,1.0440251572327561,0.0,0.9986833657016753,0
2110,1458.6722222222222,0.691666666666606,0.6805555555556566,0.662499999999909,1.0440251572327561,0.03307034027436231,0.9581725449450565,55.55555555555556,0.9090909090760331,1.0272536687633962,0.0,0.9981030331603709,0
2111,1459.3527777777779,0.6805555555556566,0.6388888888886868,0.6652777777777601,1.022964509394751,0.0313225484732433,0.9075324213715291,55.55555555555556,0.9090909090760331,0.9603340292272792,0.0,0.9962967240740419,0
2112,1459.9916666666666,0.6388888888886868,0.6333333333334394,0.6652777777777601,0.9603340292272792,0.03130579335061361,0.9070469622453828,52.77777777777778,0.8636363636222314,0.9519832985388069,0.0,0.9937370984691929,0
2113,1460.625,0.6333333333334394,0.38888888888891415,0.6652777777777601,0.9519832985388069,0.030804419130725996,0.8925202592162038,52.77777777777778,0.8636363636222314,0.5845511482255232,0.0,0.9941222263575664,0
2114,1461.013888888889,0.38888888888891415,0.941666666666606,0.6597222222222854,0.5894736842105082,0.03735993968006907,1.0824584260476242,66.66666666666667,1.0909090908912398,1.427368421052403,0.0,0.9826929780184182,0
2115,1461.9555555555555,0.941666666666606,0.6888888888888687,0.6736111111110858,1.3979381443298593,0.033196730033479595,0.9618345331841763,55.55555555555556,0.9090909090760331,1.0226804123711424,0.0,0.9977384197374307,0
2116,1462.6444444444444,0.6888888888888687,0.6916666666668334,0.6791666666666742,1.0143149284253168,0.032834138602011,0.9513288912166857,55.55555555555556,0.9090909090760331,1.0184049079756943,0.0,0.9969399162623276,0
2117,1463.3361111111112,0.6916666666668334,0.686111111110904,0.683333333333394,1.0121951219513736,0.032507041028156915,0.9418516402363534,52.77777777777778,0.8636363636222314,1.0040650406500142,0.0,0.9971804891579856,0
2118,1464.0222222222221,0.686111111110904,0.6750000000001819,0.6833333333332803,1.0040650406501812,0.033007914236042026,0.9563638270573076,58.333333333333336,0.9545454545298347,0.9878048780491234,0.0,0.9984607761778166,0
2119,1464.6972222222223,0.6750000000001819,0.6611111111110404,0.6833333333332803,0.9878048780491234,0.03318648264894185,0.9615376277867687,58.333333333333336,0.9545454545298347,0.9674796747967196,0.0,0.9985950765923745,0
2120,1465.3583333333333,0.6611111111110404,0.6638888888887777,0.6777777777779193,0.9754098360652658,0.032732691439801814,0.9483895841280681,55.55555555555556,0.9090909090760331,0.979508196720943,0.0,0.996482968484557,0
2121,1466.0222222222221,0.6638888888887777,0.6694444444444798,0.6694444444444798,0.9917012448130595,0.03182261637217685,0.9220212753534143,52.77777777777778,0.8636363636222314,1.0,0.0,0.9863481423172553,0
2122,1466.6916666666666,0.6694444444444798,0.6472222222223536,0.6722222222223309,0.995867768594933,0.0333654874575036,0.9667240725452456,55.55555555555556,0.9090909090760331,0.9628099173554118,0.0,0.9948257995437098,0
2123,1467.338888888889,0.6472222222223536,0.6638888888887777,0.6722222222223309,0.9628099173554118,0.03253065251980104,0.9425357542445828,55.55555555555556,0.9090909090760331,0.987603305784799,0.0,0.9969323063883616,0
2124,1468.0027777777777,0.6638888888887777,0.6861111111111313,0.6722222222223309,0.987603305784799,0.032718886732627496,0.9479896096707235,55.55555555555556,0.9090909090760331,1.0206611570246584,0.0,0.9966523663394435,0
2125,1468.6888888888889,0.6861111111111313,0.716666666666697,0.6722222222223309,1.0206611570246584,0.033922661418408384,0.9828675046257174,55.55555555555556,0.9090909090760331,1.0661157024792116,0.0,0.9974636448030074,0
2126,1469.4055555555556,0.716666666666697,0.6944444444443434,0.6722222222223309,1.0661157024792116,0.03526330595026297,1.0217110354843835,61.111111111111114,0.9999999999836364,1.0330578512393522,0.0,0.9979274515930124,0
2127,1470.1,0.6944444444443434,0.6916666666668334,0.6722222222223309,1.0330578512393522,0.03342758656394024,0.9685233179826849,55.55555555555556,0.9090909090760331,1.0289256198347925,0.0,0.9972720685551193,0
2128,1470.7916666666667,0.6916666666668334,0.658333333333303,0.6722222222223309,1.0289256198347925,0.03096044741988808,0.8970409875083696,52.77777777777778,0.8636363636222314,0.9793388429750033,0.0,0.9958855509704758,0
2129,1471.45,0.658333333333303,0.6555555555555657,0.6666666666666288,0.9875000000000107,0.03200940809061958,0.9274333362741687,52.77777777777778,0.8636363636222314,0.9833333333334043,0.0,0.9949869518790866,0
2130,1472.1055555555556,0.6555555555555657,0.6499999999998636,0.6666666666666288,0.9833333333334043,0.03259097090265745,0.9442834054005433,52.77777777777778,0.8636363636222314,0.9749999999998508,0.0,0.9977124517986131,0
2131,1472.7555555555555,0.6499999999998636,0.6722222222222172,0.6666666666666288,0.9749999999998508,0.032594761682286304,0.9443932385904702,55.55555555555556,0.9090909090760331,1.008333333333383,0.0,0.9966650704474604,0
2132,1473.4277777777777,0.6722222222222172,0.6861111111111313,0.6680555555554974,1.0062370062370862,0.032380319485527165,0.9381800389769299,55.55555555555556,0.9090909090760331,1.0270270270271467,0.0,0.9953841775055089,0
2133,1474.1138888888888,0.6861111111111313,0.6861111111111313,0.6791666666666742,1.0102249488752741,0.03166461983446559,0.9174435194738152,52.77777777777778,0.8636363636222314,1.0102249488752741,0.0,0.9972035297878953,0
2134,1474.8,0.6861111111111313,0.6972222222223081,0.6861111111111313,1.0,0.033351876592074066,0.9663297144146875,58.333333333333336,0.9545454545298347,1.0161943319839009,0.0,0.9984635492613598,0
2135,1475.4972222222223,0.6972222222223081,0.6944444444443434,0.6861111111111313,1.0161943319839009,0.03285560329396041,0.9519508043370527,58.333333333333336,0.9545454545298347,1.012145748987677,0.0,0.9980940678497976,0
2136,1476.1916666666666,0.6944444444443434,0.7000000000000455,0.6861111111111313,1.012145748987677,0.034315289430168344,0.9942434196638946,58.333333333333336,0.9545454545298347,1.0202429149797934,0.0,0.9989219047822359,0
2137,1476.8916666666667,0.7000000000000455,0.6694444444444798,0.6861111111111313,1.0202429149797934,0.03409171647781302,0.9877656676068571,61.111111111111114,0.9999999999836364,0.9757085020243144,0.0,0.9987144001366424,0
2138,1477.5611111111111,0.6694444444444798,0.6666666666667425,0.6791666666666742,0.9856850715746832,0.03161873498897233,0.9161140623585894,180.55555555555554,2.954545454497107,0.9815950920246406,0.0,0.9486349189384546,0
2139,1478.2277777777779,0.6666666666667425,0.6444444444443889,0.6791666666666742,0.9815950920246406,0.030840365854273608,0.8935617714382826,50.0,0.8181818181684297,0.9488752556236295,0.0,0.9879475137249003,0
2140,1478.8722222222223,0.6444444444443889,0.6638888888887777,0.6791666666666742,0.9488752556236295,0.03289067878531045,0.9529670736748714,55.55555555555556,0.9090909090760331,0.9775051124742631,0.0,0.995849072004348,0
2141,1479.536111111111,0.6638888888887777,0.6666666666667425,0.6791666666666742,0.9775051124742631,0.03351423256496581,0.9710337795813018,55.55555555555556,0.9090909090760331,0.9815950920246406,0.0,0.9975390156343864,0
2142,1480.2027777777778,0.6666666666667425,0.7055555555555202,0.6777777777778056,0.9836065573771207,0.03330587349368574,0.9649968310668776,58.333333333333336,0.9545454545298347,1.0409836065572822,0.0,0.9979148433388599,0
2143,1480.9083333333333,0.7055555555555202,0.716666666666697,0.6777777777778056,1.0409836065572822,0.03279381670340006,0.9501606136637929,52.77777777777778,0.8636363636222314,1.0573770491803292,0.0,0.9976238728548253,0
2144,1481.625,0.716666666666697,0.6972222222223081,0.6819444444444116,1.0509164969451052,0.03374995504821828,0.9778635493933134,58.333333333333336,0.9545454545298347,1.0224032586559797,0.0,0.998510186578409,0
2145,1482.3222222222223,0.6972222222223081,0.6805555555554292,0.6819444444444116,1.0224032586559797,0.03412185000735581,0.9886387496631848,55.55555555555556,0.9090909090760331,0.9979633401220624,0.0,0.9977909252276256,0
2146,1483.0027777777777,0.6805555555554292,0.658333333333303,0.6749999999999545,1.0082304526747778,0.03181064835415666,0.921674516711404,52.77777777777778,0.8636363636222314,0.9753086419753294,0.0,0.9940733370588967,0
2147,1483.661111111111,0.658333333333303,0.6750000000001819,0.6680555555556111,0.985446985446858,0.031427309761462484,0.910567751196137,52.77777777777778,0.8636363636222314,1.0103950103951986,0.0,0.9945709489467371,0
2148,1484.3361111111112,0.6750000000001819,0.6611111111110404,0.6708333333334622,1.0062111801243014,0.033297236285174454,0.9647465785447742,55.55555555555556,0.9090909090760331,0.9855072463765169,0.0,0.9971780380149327,0
2149,1484.9972222222223,0.6611111111110404,0.6666666666665151,0.6708333333334622,0.9855072463765169,0.03140248485580758,0.9098484800053346,52.77777777777778,0.8636363636222314,0.9937888198753596,0.0,0.9947649256600921,0
2150,1485.6638888888888,0.6666666666665151,0.6666666666667425,0.6708333333334622,0.9937888198753596,0.03256149949584047,0.9434295075380277,52.77777777777778,0.8636363636222314,0.9937888198756986,0.0,0.9942882380667705,0
2151,1486.3305555555555,0.6666666666667425,0.6972222222223081,0.6708333333334622,0.9937888198756986,0.032823182697261824,0.951011457315232,55.55555555555556,0.9090909090760331,1.0393374741200112,0.0,0.9981693961949942,0
2152,1487.0277777777778,0.6972222222223081,0.6972222222220807,0.6777777777778056,1.0286885245902484,0.034250029657327104,0.9923525977942962,58.333333333333336,0.9545454545298347,1.0286885245899131,0.0,0.999001319290352,0
2153,1487.725,0.6972222222220807,0.7000000000000455,0.6777777777778056,1.0286885245899131,0.033158491981516956,0.960726632531845,58.333333333333336,0.9545454545298347,1.0327868852459263,0.0,0.9949526045309329,0
2154,1488.425,0.7000000000000455,0.7000000000000455,0.6777777777778056,1.0327868852459263,0.033847686316660776,0.9806951930180042,58.333333333333336,0.9545454545298347,1.0327868852459263,0.0,0.9980914177126796,0
2155,1489.125,0.7000000000000455,0.6611111111110404,0.6777777777778056,1.0327868852459263,0.03178342814105794,0.9208858444255319,52.77777777777778,0.8636363636222314,0.9754098360654294,0.0,0.9967073425652873,0
2156,1489.786111111111,0.6611111111110404,0.6444444444446162,0.6708333333334622,0.9855072463765169,0.031206655035365443,0.9041745511653994,50.0,0.8181818181684297,0.9606625258799888,0.0,0.9931840512242753,0
2157,1490.4305555555557,0.6444444444446162,0.6555555555555657,0.6708333333334622,0.9606625258799888,0.03041446218956329,0.8812217351722124,52.77777777777778,0.8636363636222314,0.9772256728776741,0.0,0.992409306631215,0
2158,1491.0861111111112,0.6555555555555657,0.6944444444443434,0.6666666666666288,0.9833333333334043,0.031558475254067325,0.9143681104550825,52.77777777777778,0.8636363636222314,1.0416666666665744,0.0,0.9955010619943361,0
2159,1491.7805555555556,0.6944444444443434,0.683333333333394,0.6805555555555429,1.0204081632651765,0.03330297628532006,0.964912888008235,58.333333333333336,0.9545454545298347,1.004081632653169,0.0,0.9977661234790802,0
2160,1492.463888888889,0.683333333333394,0.6972222222220807,0.6888888888888687,0.9919354838710849,0.03243463752264735,0.9397538374752846,52.77777777777778,0.8636363636222314,1.0120967741933726,0.0,0.9974041860944999,0
2161,1493.161111111111,0.6972222222220807,0.6972222222223081,0.6958333333332121,1.0019960079840033,0.0336726307426899,0.9756231724876159,58.333333333333336,0.9545454545298347,1.00199600798433,0.0,0.9974656147797794,0
2162,1493.8583333333333,0.6972222222223081,0.6972222222223081,0.6958333333332121,1.00199600798433,0.03368897623502042,0.9760967630783017,58.333333333333336,0.9545454545298347,1.00199600798433,0.0,0.9974929680357136,0
2163,1494.5555555555557,0.6972222222223081,0.6666666666665151,0.6958333333332121,1.00199600798433,0.03451341854657857,0.9999839677841593,58.333333333333336,0.9545454545298347,0.9580838323352785,0.0,0.9982295345897434,0
2164,1495.2222222222222,0.6666666666665151,0.6666666666667425,0.6888888888888687,0.9677419354836794,0.03193867833358067,0.9253840283219957,52.77777777777778,0.8636363636222314,0.9677419354840093,0.0,0.995783233106878,0
2165,1495.888888888889,0.6666666666667425,0.6722222222222172,0.6750000000000682,0.9876543209876668,0.03194138422613922,0.9254624282397972,55.55555555555556,0.9090909090760331,0.9958847736624433,0.0,0.9948418695969236,0
2166,1496.5611111111111,0.6722222222222172,0.6472222222221262,0.6777777777778056,0.9918032786884765,0.03216084989359334,0.9318211767548709,52.77777777777778,0.8636363636222314,0.9549180327867044,0.0,0.9946787088194321,0
2167,1497.2083333333333,0.6472222222221262,0.6555555555555657,0.6777777777778056,0.9549180327867044,0.033072480571275535,0.9582345574228016,55.55555555555556,0.9090909090760331,0.9672131147540736,0.0,0.9969301636327998,0
2168,1497.8638888888888,0.6555555555555657,0.6861111111111313,0.6777777777778056,0.9672131147540736,0.0326607693919078,0.9463057310108477,55.55555555555556,0.9090909090760331,1.0122950819672014,0.0,0.9957050673134322,0
2169,1498.55,0.6861111111111313,0.7222222222221717,0.6777777777778056,1.0122950819672014,0.03429571662694299,0.993676321698692,61.111111111111114,0.9999999999836364,1.065573770491685,0.0,0.9979200974147631,0
2170,1499.2722222222221,0.7222222222221717,0.6916666666668334,0.6791666666666742,1.0633946830264986,0.03340186034585405,0.9677779323697475,58.333333333333336,0.9545454545298347,1.0184049079756943,0.0,0.9989282403125019,0
2171,1499.963888888889,0.6916666666668334,0.6861111111111313,0.6791666666666742,1.0184049079756943,0.03440064583467547,0.9967165167852253,86.11111111111111,1.4090909090678514,1.0102249488752741,0.0,0.9873634593727558,0
2172,1500.65,0.6861111111111313,0.6694444444442524,0.6791666666666742,1.0102249488752741,0.03299598259221788,0.9560181223130106,52.77777777777778,0.8636363636222314,0.9856850715743484,0.0,0.9878366787569868,0
2173,1501.3194444444443,0.6694444444442524,0.650000000000091,0.6708333333332348,0.9979296066251192,0.035269357447903306,1.0218863702056673,58.333333333333336,0.9545454545298347,0.9689440993791599,0.0,0.9900278276909655,0
2174,1501.9694444444444,0.650000000000091,0.6388888888889142,0.6708333333332348,0.9689440993791599,0.033394909903419416,0.967576551825706,44.44444444444444,0.7272727272608265,0.95238095238113,0.0,0.9651190523907711,0
2175,1502.6083333333333,0.6388888888889142,0.658333333333303,0.6708333333332348,0.95238095238113,0.03408868364185786,0.9876777949051719,61.111111111111114,0.9999999999836364,0.9813664596274282,0.0,0.9875138444818674,0
2176,1503.2666666666667,0.658333333333303,0.683333333333394,0.6638888888887777,0.9916317991633002,0.03135991363311196,0.9086150310461382,83.33333333333333,1.3636363636140496,1.029288702929134,0.0,0.9878164863112959,0
2177,1503.95,0.683333333333394,0.6722222222222172,0.6763888888888232,1.010266940451933,0.032118472863112466,0.9305933542768978,55.55555555555556,0.9090909090760331,0.9938398357290418,0.0,0.9916037212050557,0
2178,1504.6222222222223,0.6722222222222172,0.6888888888888687,0.6777777777778056,0.9918032786884765,0.03462984511101729,1.0033572846784502,61.111111111111114,0.9999999999836364,1.0163934426228793,0.0,0.9966669942459516,0
2179,1505.3111111111111,0.6888888888888687,0.691666666666606,0.6777777777778056,1.0163934426228793,0.03281957473705189,0.9509069210937194,61.111111111111114,0.9999999999836364,1.0204918032785573,0.0,0.9968768610088112,0
2180,1506.0027777777777,0.691666666666606,0.7055555555555202,0.6777777777778056,1.0204918032785573,0.03725083218071603,1.0792971700865315,63.888888888888886,1.045454545437438,1.0409836065572822,0.0,0.9961459637107455,0
2181,1506.7083333333333,0.7055555555555202,0.6611111111112677,0.6777777777778056,1.0409836065572822,0.03275583763556385,0.9490602167588517,52.77777777777778,0.8636363636222314,0.9754098360657649,0.0,0.9925442616468453,0
2182,1507.3694444444445,0.6611111111112677,0.6638888888887777,0.6708333333332348,0.9855072463771898,0.03472655501572785,1.0061593355418261,58.333333333333336,0.9545454545298347,0.9896480331262737,0.0,0.9974356593622278,0
2183,1508.0333333333333,0.6638888888887777,0.6472222222223536,0.6680555555554974,0.9937629937629138,0.032107496293214716,0.9302753216281123,52.77777777777778,0.8636363636222314,0.9688149688152498,0.0,0.9957126825541436,0
2184,1508.6805555555557,0.6472222222223536,0.6416666666666515,0.6680555555554974,0.9688149688152498,0.0328863392375313,0.9528413406009157,52.77777777777778,0.8636363636222314,0.9604989604990214,0.0,0.9957819738354095,0
2185,1509.3222222222223,0.6416666666666515,0.658333333333303,0.6680555555554974,0.9604989604990214,0.03345784184871354,0.96939992774747,55.55555555555556,0.9090909090760331,0.9854469854470258,0.0,0.997905139234907,0
2186,1509.9805555555556,0.658333333333303,0.7000000000000455,0.6680555555554974,0.9854469854470258,0.03288773138134335,0.9528816762602483,55.55555555555556,0.9090909090760331,1.047817047817207,0.0,0.9977039737167078,0
2187,1510.6805555555557,0.7000000000000455,0.7138888888887323,0.6680555555554974,1.047817047817207,0.0329707718079185,0.9552876707618083,58.333333333333336,0.9545454545298347,1.0686070686069271,0.0,0.9979425428756545,0
2188,1511.3944444444444,0.7138888888887323,0.683333333333394,0.6763888888888232,1.055441478439296,0.033945803701303956,0.9835380238859948,58.333333333333336,0.9545454545298347,1.010266940451933,0.0,0.9971459327698815,0
2189,1512.0777777777778,0.683333333333394,0.683333333333394,0.6736111111110858,1.0144329896908497,0.034401852497767345,0.996751478368204,58.333333333333336,0.9545454545298347,1.0144329896908497,0.0,0.998169940875598,0
2190,1512.7611111111112,0.683333333333394,0.6638888888887777,0.6736111111110858,1.0144329896908497,0.03214272091712551,0.9312959118989509,52.77777777777778,0.8636363636222314,0.9855670103091503,0.0,0.9960617120456692,0
2191,1513.425,0.6638888888887777,0.6666666666667425,0.6638888888887777,1.0,0.03262893492025004,0.9453833662431365,55.55555555555556,0.9090909090760331,1.0041841004186924,0.0,0.9962488544505379,0
2192,1514.0916666666667,0.6666666666667425,0.658333333333303,0.6652777777777601,1.0020876826723744,0.03397597440487995,0.9844121830143362,55.55555555555556,0.9090909090760331,0.9895615866388117,0.0,0.9978648545705202,0
2193,1514.75,0.658333333333303,0.6638888888887777,0.6652777777777601,0.9895615866388117,0.031682245950779724,0.9179542145735963,52.77777777777778,0.8636363636222314,0.9979123173276256,0.0,0.9936081078742384,0
2194,1515.4138888888888,0.6638888888887777,0.6611111111112677,0.6652777777777601,0.9979123173276256,0.0319186951134132,0.9248050390293181,52.77777777777778,0.8636363636222314,0.9937369519835604,0.0,0.9965153821339927,0
2195,1516.075,0.6611111111112677,0.683333333333394,0.6652777777777601,0.9937369519835604,0.033665781081163734,0.9754247119467782,58.333333333333336,0.9545454545298347,1.027139874739158,0.0,0.9975360103998722,0
2196,1516.7583333333334,0.683333333333394,0.6999999999998181,0.6750000000000682,1.0123456790123333,0.03356306469700766,0.9724486307090934,58.333333333333336,0.9545454545298347,1.0370370370366628,0.0,0.9977509741053449,0
2197,1517.4583333333333,0.6999999999998181,0.7083333333334849,0.6750000000000682,1.0370370370366628,0.032239957725135354,0.9341132291391173,55.55555555555556,0.9090909090760331,1.0493827160495013,0.0,0.9968521060326839,0
2198,1518.1666666666667,0.7083333333334849,0.6972222222220807,0.6750000000000682,1.0493827160495013,0.03399005879272957,0.9848202608761879,58.333333333333336,0.9545454545298347,1.0329218106992746,0.0,0.9989886521577362,0
2199,1518.8638888888888,0.6972222222220807,0.6527777777778283,0.6750000000000682,1.0329218106992746,0.033296059543034655,0.9647124838846806,55.55555555555556,0.9090909090760331,0.9670781893003887,0.0,0.9969879433882702,0
2200,1519.5166666666667,0.6527777777778283,0.6555555555555657,0.6652777777777601,0.9812108559499977,0.03370705756367495,0.9766206473972766,55.55555555555556,0.9090909090760331,0.9853862212944047,0.0,0.9977002498065197,0
2201,1520.1722222222222,0.6555555555555657,0.6472222222221262,0.6652777777777601,0.9853862212944047,0.03214429001885407,0.9313413746968556,52.77777777777778,0.8636363636222314,0.9728601252608419,0.0,0.9944054862458389,0
2202,1520.8194444444443,0.6472222222221262,0.6666666666667425,0.6625000000000227,0.9769392033541192,0.03316459893819012,0.9609035741105784,52.77777777777778,0.8636363636222314,1.0062893081761806,0.0,0.9946611228878206,0
2203,1521.486111111111,0.6666666666667425,0.6777777777776919,0.6652777777777601,1.0020876826723744,0.03310638826667708,0.959216991305446,58.333333333333336,0.9545454545298347,1.0187891440500023,0.0,0.9986702027871971,0
2204,1522.1638888888888,0.6777777777776919,0.6972222222223081,0.6722222222222172,1.0082644628097972,0.033379284992252005,0.9671238391903472,58.333333333333336,0.9545454545298347,1.0371900826447638,0.0,0.9971751614336057,0
2205,1522.861111111111,0.6972222222223081,0.6777777777776919,0.6805555555555429,1.0244897959185126,0.034053445958884085,0.9866568262640019,58.333333333333336,0.9545454545298347,0.995918367346831,0.0,0.9975831791652501,0
2206,1523.5388888888888,0.6777777777776919,0.6916666666668334,0.6777777777776919,1.0,0.034931383324105766,1.0120939845320396,58.333333333333336,0.9545454545298347,1.020491803279064,0.0,0.9993610418007668,0
2207,1524.2305555555556,0.6916666666668334,0.6777777777776919,0.6777777777776919,1.020491803279064,0.03444420956346106,0.997978722390958,58.333333333333336,0.9545454545298347,1.0,0.0,0.9973140867045609,0
2208,1524.9083333333333,0.6777777777776919,0.6722222222222172,0.6777777777776919,1.0,0.0327259685623805,0.9481947970011533,55.55555555555556,0.9090909090760331,0.9918032786886428,0.0,0.995909265914336,0
2209,1525.5805555555555,0.6722222222222172,0.6611111111110404,0.6749999999999545,0.9958847736626111,0.03208654462947545,0.9296682728708473,52.77777777777778,0.8636363636222314,0.9794238683127184,0.0,0.99401895715138,0
2210,1526.2416666666666,0.6611111111110404,0.6472222222223536,0.6749999999999545,0.9794238683127184,0.032898277520706266,0.9531872377122587,55.55555555555556,0.9090909090760331,0.9588477366257736,0.0,0.9982232646094797,0
2211,1526.888888888889,0.6472222222223536,0.658333333333303,0.6749999999999545,0.9588477366257736,0.03294575444091993,0.9545628232396489,55.55555555555556,0.9090909090760331,0.9753086419753294,0.0,0.996058632898535,0
2212,1527.5472222222222,0.658333333333303,0.6722222222222172,0.6749999999999545,0.9753086419753294,0.033060551084550714,0.9578889151778117,55.55555555555556,0.9090909090760331,0.9958847736626111,0.0,0.997290488444633,0
2213,1528.2194444444444,0.6722222222222172,0.7027777777777828,0.6749999999999545,0.9958847736626111,0.034319565805015106,0.9943673223796232,55.55555555555556,0.9090909090760331,1.0411522633745631,0.0,0.997641554713478,0
2214,1528.9222222222222,0.7027777777777828,0.716666666666697,0.6749999999999545,1.0411522633745631,0.034907994105830835,1.0114163106220393,61.111111111111114,0.9999999999836364,1.0617283950618448,0.0,0.998681717748105,0
2215,1529.638888888889,0.716666666666697,0.7000000000000455,0.6749999999999545,1.0617283950618448,0.03342183237370071,0.9683565973786582,58.333333333333336,0.9545454545298347,1.0370370370371742,0.0,0.9973295702563257,0
2216,1530.338888888889,0.7000000000000455,0.6666666666665151,0.6749999999999545,1.0370370370371742,0.034912335243224124,1.0115420897531149,58.333333333333336,0.9545454545298347,0.9876543209874963,0.0,0.9975132843902852,0
2217,1531.0055555555555,0.6666666666665151,0.6638888888890051,0.6722222222222172,0.9917355371898646,0.034112822473285495,0.9883771879367866,58.333333333333336,0.9545454545298347,0.9876033057853043,0.0,0.9986807908670546,0
2218,1531.6694444444445,0.6638888888890051,0.658333333333303,0.6694444444443661,0.9917012448135676,0.033168969660297955,0.961030210422469,55.55555555555556,0.9090909090760331,0.9834024896266258,0.0,0.9984893567230599,0
2219,1532.3277777777778,0.658333333333303,0.6638888888887777,0.6652777777777601,0.9895615866388117,0.03138152320764637,0.9092411419616906,52.77777777777778,0.8636363636222314,0.9979123173276256,0.0,0.9931580298331419,0
2220,1532.9916666666666,0.6638888888887777,0.6722222222222172,0.6652777777777601,0.9979123173276256,0.032989955206126485,0.9558434861942818,55.55555555555556,0.9090909090760331,1.0104384133611883,0.0,0.995594661863981,0
2221,1533.6638888888888,0.6722222222222172,0.6861111111111313,0.6694444444443661,1.004149377593471,0.03419494569447465,0.9907566075373434,61.111111111111114,0.9999999999836364,1.024896265560316,0.0,0.9993006198496301,0
2222,1534.35,0.6861111111111313,0.6916666666668334,0.6722222222222172,1.0206611570248312,0.032735265894761514,0.9484641758026658,55.55555555555556,0.9090909090760331,1.0289256198349666,0.0,0.9971951785196698,0
2223,1535.0416666666667,0.6916666666668334,0.691666666666606,0.6791666666666742,1.0184049079756943,0.033283443628445646,0.9643469532343071,55.55555555555556,0.9090909090760331,1.0184049079753594,0.0,0.9978079089771801,0
2224,1535.7333333333333,0.691666666666606,0.7083333333332575,0.6791666666666742,1.0184049079753594,0.03329019925276305,0.9645426891623683,58.333333333333336,0.9545454545298347,1.0429447852759504,0.0,0.9973636515021123,0
2225,1536.4416666666666,0.7083333333332575,0.6944444444445708,0.6791666666666742,1.0429447852759504,0.03464025795144035,1.0036589839571846,61.111111111111114,0.9999999999836364,1.022494887525737,0.0,0.9992563266752741,0
2226,1537.1361111111112,0.6944444444445708,0.6638888888887777,0.6791666666666742,1.022494887525737,0.03143097214655323,0.9106738643118126,55.55555555555556,0.9090909090760331,0.9775051124742631,0.0,0.9954400405368429,0
2227,1537.8,0.6638888888887777,0.6388888888889142,0.6791666666666742,0.9775051124742631,0.03300822848940633,0.9563729321630711,52.77777777777778,0.8636363636222314,0.9406952965235441,0.0,0.9957715211116491,0
2228,1538.4388888888889,0.6388888888889142,0.658333333333303,0.6791666666666742,0.9406952965235441,0.03255694041103756,0.9432974136480954,52.77777777777778,0.8636363636222314,0.9693251533741777,0.0,0.9967078131906133,0
2229,1539.0972222222222,0.658333333333303,0.6666666666667425,0.6791666666666742,0.9693251533741777,0.035825269247798636,1.037993232719073,61.111111111111114,0.9999999999836364,0.9815950920246406,0.0,0.9947630156918685,0
2230,1539.763888888889,0.6666666666667425,0.691666666666606,0.6791666666666742,0.9815950920246406,0.03365867033524583,0.9752186868059394,55.55555555555556,0.9090909090760331,1.0184049079753594,0.0,0.9966383452238381,0
2231,1540.4555555555555,0.691666666666606,0.7138888888889596,0.6888888888888687,1.0040322580644576,0.03365541432969488,0.9751243480389586,58.333333333333336,0.9545454545298347,1.0362903225807782,0.0,0.9978378077448784,0
2232,1541.1694444444445,0.7138888888889596,0.7000000000000455,0.691666666666606,1.0321285140564176,0.03554343834782128,1.029827528089635,61.111111111111114,0.9999999999836364,1.0120481927712388,0.0,0.9979521295656202,0
2233,1541.8694444444445,0.7000000000000455,0.6861111111111313,0.691666666666606,1.0120481927712388,0.03360954175118662,0.9737952463445766,58.333333333333336,0.9545454545298347,0.9919678714860599,0.0,0.9991192284352135,0
2234,1542.5555555555557,0.6861111111111313,0.6694444444442524,0.6888888888888687,0.9959677419355424,0.033312728764969345,0.9651954541435562,55.55555555555556,0.9090909090760331,0.9717741935481369,0.0,0.9966680392314277,0
2235,1543.225,0.6694444444442524,0.6805555555556566,0.6777777777776919,0.9877049180326287,0.032810948567051364,0.9506569883989253,55.55555555555556,0.9090909090760331,1.004098360656014,0.0,0.9971059850539483,0
2236,1543.9055555555556,0.6805555555556566,0.6611111111110404,0.6749999999999545,1.0082304526751147,0.03331332700070246,0.9652127872901197,55.55555555555556,0.9090909090760331,0.9794238683127184,0.0,0.9976655510501755,0
2237,1544.5666666666666,0.6611111111110404,0.658333333333303,0.6749999999999545,0.9794238683127184,0.03171861052878894,0.9190078336161542,52.77777777777778,0.8636363636222314,0.9753086419753294,0.0,0.9947997638833298,0
2238,1545.225,0.658333333333303,0.6555555555555657,0.6749999999999545,0.9753086419753294,0.03214756213378512,0.9314361802133646,55.55555555555556,0.9090909090760331,0.9711934156379405,0.0,0.9957525893578626,0
2239,1545.8805555555555,0.6555555555555657,0.6777777777779193,0.6749999999999545,0.9711934156379405,0.03372678224887467,0.9771921459563858,55.55555555555556,0.9090909090760331,1.0041152263377258,0.0,0.9973267287562808,0
2240,1546.5583333333334,0.6777777777779193,0.6944444444443434,0.6791666666667879,0.997955010224979,0.03370129508852711,0.9764536867481939,58.333333333333336,0.9545454545298347,1.022494887525231,0.0,0.9987249585330791,0
2241,1547.2527777777777,0.6944444444443434,0.7083333333334849,0.6791666666667879,1.022494887525231,0.034067668730626485,0.9870689136294032,58.333333333333336,0.9545454545298347,1.0429447852761107,0.0,0.9991165587134103,0
2242,1547.9611111111112,0.7083333333334849,0.6999999999998181,0.6791666666667879,1.0429447852761107,0.03453085502469404,1.0004891683497468,58.333333333333336,0.9545454545298347,1.030674846625315,0.0,0.998690541330459,0
2243,1548.661111111111,0.6999999999998181,0.6638888888890051,0.6791666666667879,1.030674846625315,0.03462534470202347,1.003226890848114,61.111111111111114,0.9999999999836364,0.9775051124744342,0.0,0.9977596282818921,0
2244,1549.325,0.6638888888890051,0.6499999999998636,0.6736111111110858,0.9855670103094878,0.03223245996890084,0.9338959908490664,55.55555555555556,0.9090909090760331,0.9649484536080811,0.0,0.9962815128216878,0
2245,1549.975,0.6499999999998636,0.6444444444446162,0.6708333333334622,0.9689440993784926,0.03141982915450691,0.9103510097854078,52.77777777777778,0.8636363636222314,0.9606625258799888,0.0,0.9929708495559675,0
2246,1550.6194444444445,0.6444444444446162,0.6777777777776919,0.6625000000000227,0.9727463312371232,0.032471694832233416,0.9408275275655684,52.77777777777778,0.8636363636222314,1.0230607966455376,0.0,0.997707431220554,0
2247,1551.2972222222222,0.6777777777776919,0.6749999999999545,0.6708333333333485,1.0103519668735552,0.03405449104295787,0.9866871062931263,58.333333333333336,0.9545454545298347,1.0062111801241331,0.0,0.9986327268814218,0
2248,1551.9722222222222,0.6749999999999545,0.6888888888888687,0.6763888888888232,0.9979466119096806,0.033649764145700804,0.9749606408883188,55.55555555555556,0.9090909090760331,1.0184804928132107,0.0,0.9964137946760787,0
2249,1552.661111111111,0.6888888888888687,0.6861111111111313,0.6777777777778056,1.0163934426228793,0.03363657509696752,0.9745785043791286,55.55555555555556,0.9090909090760331,1.0122950819672014,0.0,0.9983061498625783,0
2250,1553.3472222222222,0.6861111111111313,0.691666666666606,0.6819444444444116,1.0061099796334794,0.035452639098193614,1.0271967312072003,61.111111111111114,0.9999999999836364,1.0142566191445628,0.0,0.999029105367582,0
2251,1554.0388888888888,0.691666666666606,0.6805555555556566,0.6819444444444116,1.0142566191445628,0.034913254353216565,1.0115687198377536,61.111111111111114,0.9999999999836364,0.9979633401223958,0.0,0.9980100107160468,0
2252,1554.7194444444444,0.6805555555556566,0.6777777777776919,0.6791666666666742,1.0020449897751886,0.033058697876064115,0.9578352207350819,55.55555555555556,0.9090909090760331,0.9979550102248113,0.0,0.9960789532453831,0
2253,1555.3972222222221,0.6777777777776919,0.6611111111112677,0.6777777777776919,1.0,0.03320206385468506,0.961989074111071,55.55555555555556,0.9090909090760331,0.9754098360659285,0.0,0.9970712047227932,0
2254,1556.0583333333334,0.6611111111112677,0.6416666666666515,0.6777777777776919,0.9754098360659285,0.033024010778136666,0.9568302046202743,55.55555555555556,0.9090909090760331,0.9467213114755074,0.0,0.9976556908087698,0
2255,1556.7,0.6416666666666515,0.6555555555555657,0.6777777777776919,0.9467213114755074,0.03209661682968862,0.9299601025173335,55.55555555555556,0.9090909090760331,0.9672131147542359,0.0,0.995128657271392,0
2256,1557.3555555555556,0.6555555555555657,0.6611111111110404,0.6777777777776919,0.9672131147542359,0.03309853474790789,0.9589894452323359,55.55555555555556,0.9090909090760331,0.9754098360655931,0.0,0.9955930131001481,0
2257,1558.0166666666667,0.6611111111110404,0.6944444444445708,0.6763888888888232,0.9774127310061504,0.03476410539340997,1.0072473116753895,58.333333333333336,0.9545454545298347,1.0266940451748245,0.0,0.998221770139317,0
2258,1558.7111111111112,0.6944444444445708,0.7111111111109949,0.6791666666666742,1.022494887525737,0.03520027611612889,1.0198848233535533,58.333333333333336,0.9545454545298347,1.047034764825993,0.0,0.9993586075804128,0
2259,1559.4222222222222,0.7111111111109949,0.7000000000000455,0.6791666666666742,1.047034764825993,0.03362457666475081,0.9742308645230807,55.55555555555556,0.9090909090760331,1.0306748466258224,0.0,0.9982773145369243,0
2260,1560.1222222222223,0.7000000000000455,0.6749999999999545,0.6791666666666742,1.0306748466258224,0.03382473472245317,0.9800301987285593,58.333333333333336,0.9545454545298347,0.9938650306747686,0.0,0.9985362199742045,0
2261,1560.7972222222222,0.6749999999999545,0.658333333333303,0.6763888888888232,0.9979466119096806,0.03484624056053831,1.009627077394881,63.888888888888886,1.045454545437438,0.9733059548255117,0.0,0.9938733788429741,0
2262,1561.4555555555555,0.658333333333303,0.6555555555555657,0.6680555555556111,0.985446985446858,0.03219123940694796,0.932701675628153,55.55555555555556,0.9090909090760331,0.9812889812889147,0.0,0.9929832220379093,0
2263,1562.111111111111,0.6555555555555657,0.658333333333303,0.6611111111111541,0.991596638655413,0.03388112950630952,0.98166416841623,77.77777777777777,1.2727272727064463,0.9957983193276205,0.0,0.9932235616948468,0
2264,1562.7694444444444,0.658333333333303,0.6666666666667425,0.6597222222221717,0.9978947368421357,0.03339063217907687,0.9674526100099923,63.888888888888886,1.045454545437438,1.010526315789666,0.0,0.9879532057501286,0
2265,1563.4361111111111,0.6666666666667425,0.6638888888887777,0.6638888888888914,1.0041841004185204,0.03312111395405323,0.9596436500344527,94.44444444444444,1.545454545429256,0.9999999999998288,0.0,0.9904942827686392,0
2266,1564.1,0.6638888888887777,0.6888888888888687,0.6652777777777601,0.9979123173276256,0.030780640246989087,0.8918312952274114,50.0,0.8181818181684297,1.035490605427972,0.0,0.9822457162630023,0
2267,1564.7888888888888,0.6888888888888687,0.6861111111111313,0.6708333333333485,1.0269151138715822,0.03090680437576348,0.895486746104107,52.77777777777778,0.8636363636222314,1.0227743271221603,0.0,0.9932607249646273,0
2268,1565.475,0.6861111111111313,0.6972222222223081,0.6708333333333485,1.0227743271221603,0.03399390909012132,0.9849318185202895,61.111111111111114,0.9999999999836364,1.0393374741201873,0.0,0.9941373744924376,0
2269,1566.1722222222222,0.6972222222223081,0.6944444444443434,0.6708333333333485,1.0393374741201873,0.032293781467423496,0.9356727060510218,52.77777777777778,0.8636363636222314,1.0351966873704264,0.0,0.9929744890960197,0
2270,1566.8666666666666,0.6944444444443434,0.6694444444444798,0.6708333333333485,1.0351966873704264,0.03009222683854628,0.8718853611345194,50.0,0.8181818181684297,0.997929606625289,0.0,0.9837717092532492,0
2271,1567.536111111111,0.6694444444444798,0.6305555555557021,0.6680555555556111,1.0020790020789716,0.031828242334663234,0.9221842807155793,52.77777777777778,0.8636363636222314,0.9438669438670847,0.0,0.9947761895656371,0
2272,1568.1666666666667,0.6305555555557021,0.6388888888889142,0.6680555555556111,0.9438669438670847,0.03085412882847138,0.8939605367338219,50.0,0.8181818181684297,0.9563409563409145,0.0,0.9927240718723231,0
2273,1568.8055555555557,0.6388888888889142,0.6638888888887777,0.6680555555556111,0.9563409563409145,0.031624312434517646,0.9162756620018985,50.0,0.8181818181684297,0.9937629937627447,0.0,0.9940475992149567,0
2274,1569.4694444444444,0.6638888888887777,0.6861111111111313,0.6680555555556111,0.9937629937627447,0.0309795620298124,0.8975948098847005,50.0,0.8181818181684297,1.027027027026972,0.0,0.9921593685988785,0
2275,1570.1555555555556,0.6861111111111313,0.7027777777777828,0.6777777777778056,1.0122950819672014,0.03266083953337908,0.9463077632739417,55.55555555555556,0.9090909090760331,1.0368852459016042,0.0,0.9972110789046436,0
2276,1570.8583333333333,0.7027777777777828,0.7027777777777828,0.6861111111111313,1.0242914979756856,0.033551095159940786,0.9721018280545688,58.333333333333336,0.9545454545298347,1.0242914979756856,0.0,0.9978311134003088,0
2277,1571.5611111111111,0.7027777777777828,0.7083333333332575,0.6861111111111313,1.0242914979756856,0.032586711337661695,0.9441599897296284,55.55555555555556,0.9090909090760331,1.0323886639674704,0.0,0.9966871844213163,0
2278,1572.2694444444444,0.7083333333332575,0.6777777777779193,0.6902777777777374,1.0261569416498497,0.030289829414444972,0.8776106533893236,50.0,0.8181818181684297,0.9818913480887936,0.0,0.9946490631568128,0
2279,1572.9472222222223,0.6777777777779193,0.6861111111111313,0.6819444444445253,0.9938900203666884,0.031399954109319256,0.9097751547300815,52.77777777777778,0.8636363636222314,1.0061099796333115,0.0,0.9940306091362865,0
2280,1573.6333333333334,0.6861111111111313,0.6749999999999545,0.6819444444445253,1.0061099796333115,0.03178480286644468,0.9209256754073569,55.55555555555556,0.9090909090760331,0.989816700610814,0.0,0.9957854649789559,0
2281,1574.3083333333334,0.6749999999999545,0.6638888888887777,0.6819444444445253,0.989816700610814,0.030844513524267272,0.8936819450887638,50.0,0.8181818181684297,0.9735234215883163,0.0,0.992092194547012,0
2282,1574.9722222222222,0.6638888888887777,0.6527777777778283,0.6819444444445253,0.9735234215883163,0.030712141465239977,0.8898466270477174,50.0,0.8181818181684297,0.957230142566152,0.0,0.9916407586503972,0
2283,1575.625,0.6527777777778283,0.6888888888888687,0.6819444444445253,0.957230142566152,0.03131654588150364,0.9073585036387288,52.77777777777778,0.8636363636222314,1.0101832993888527,0.0,0.9951753959285485,0
2284,1576.3138888888889,0.6888888888888687,0.7083333333332575,0.6861111111111313,1.0040485829958923,0.0327128301370943,0.9478141272442472,55.55555555555556,0.9090909090760331,1.0323886639674704,0.0,0.9973938585635262,0
2285,1577.0222222222221,0.7083333333332575,0.716666666666697,0.6875,1.0303030303029201,0.032327390661398205,0.9366464912209695,55.55555555555556,0.9090909090760331,1.0424242424242864,0.0,0.9967768973149641,0
2286,1577.7388888888888,0.716666666666697,0.7138888888889596,0.6875,1.0424242424242864,0.03216870592882772,0.9320487957394731,52.77777777777778,0.8636363636222314,1.0383838383839412,0.0,0.9958570140570029,0
2287,1578.4527777777778,0.7138888888889596,0.6861111111111313,0.6875,1.0383838383839412,0.03320834381214909,0.9621710281755147,58.333333333333336,0.9545454545298347,0.9979797979798274,0.0,0.9977354982911616,0
2288,1579.138888888889,0.6861111111111313,0.43333333333339397,0.6861111111111313,1.0,0.03219350129836124,0.9327672111573877,55.55555555555556,0.9090909090760331,0.6315789473684909,0.0,0.9959224911148385,0
2289,1579.5722222222223,0.43333333333339397,0.8861111111109494,0.6861111111111313,0.6315789473684909,0.03644082835644428,1.0558283028393631,58.333333333333336,0.9545454545298347,1.2914979757082283,0.0,0.9814345319706497,0
2290,1580.4583333333333,0.8861111111109494,0.6944444444445708,0.6875,1.2888888888886536,0.030785660010683197,0.8919767367231416,50.0,0.8181818181684297,1.0101010101011938,0.0,0.9913343900804378,0
2291,1581.1527777777778,0.6944444444445708,0.6861111111111313,0.6916666666667197,1.0040160642571336,0.03220973737216073,0.933237631480351,55.55555555555556,0.9090909090760331,0.9919678714858969,0.0,0.996605557346593,0
2292,1581.838888888889,0.6861111111111313,0.6999999999998181,0.6916666666667197,0.9919678714858969,0.032492385916729184,0.9414270263588831,55.55555555555556,0.9090909090760331,1.0120481927707436,0.0,0.9970111820283818,0
2293,1582.5388888888888,0.6999999999998181,0.7083333333334849,0.6972222222221944,1.003984063744799,0.032767165434590656,0.9493884258408295,55.55555555555556,0.9090909090760331,1.0159362549803377,0.0,0.9969556876625846,0
2294,1583.2472222222223,0.7083333333334849,0.7138888888889596,0.7041666666665378,1.0059171597637129,0.03231055564296373,0.9361587172118807,55.55555555555556,0.9090909090760331,1.0138067061146845,0.0,0.9963190863342942,0
2295,1583.9611111111112,0.7138888888889596,0.6999999999998181,0.7041666666666515,1.0138067061145206,0.033837962967261784,0.9804134708959538,58.333333333333336,0.9545454545298347,0.9940828402364494,0.0,0.99771797530596,0
2296,1584.661111111111,0.6999999999998181,0.6944444444445708,0.6999999999998181,1.0,0.031211571766897483,0.904317007430614,50.0,0.8181818181684297,0.9920634920639303,0.0,0.9928461125893178,0
2297,1585.3555555555556,0.6944444444445708,0.6833333333331666,0.6972222222221944,0.9960159362552009,0.03205615790312127,0.928787854747484,55.55555555555556,0.9090909090760331,0.9800796812747004,0.0,0.9946807994610944,0
2298,1586.0388888888888,0.6833333333331666,0.6638888888890051,0.6972222222221944,0.9800796812747004,0.0302120650274343,0.8753575256624865,47.22222222222222,0.772727272714628,0.9521912350599656,0.0,0.9902537456135797,0
2299,1586.7027777777778,0.6638888888890051,0.6527777777778283,0.6972222222221944,0.9521912350599656,0.030214567236166594,0.8754300240912632,50.0,0.8181818181684297,0.936254980079791,0.0,0.9935060866197686,0
2300,1587.3555555555556,0.6527777777778283,0.6722222222222172,0.6944444444445708,0.9399999999999018,0.030710792606431007,0.889807545518255,50.0,0.8181818181684297,0.9679999999998167,0.0,0.9925878358984596,0
2301,1588.0277777777778,0.6722222222222172,0.724999999999909,0.690277777777851,0.97384305834999,0.03277180682024144,0.9495229042968776,55.55555555555556,0.9090909090760331,1.050301810864948,0.0,0.9971731400602541,0
2302,1588.7527777777777,0.724999999999909,0.7083333333334849,0.6972222222221944,1.0398406374501101,0.03376856538038075,0.9784027609400482,55.55555555555556,0.9090909090760331,1.0159362549803377,0.0,0.9982480408629058,0
2303,1589.4611111111112,0.7083333333334849,0.7027777777775555,0.6972222222221944,1.0159362549803377,0.03300935430412351,0.9564055512635625,55.55555555555556,0.9090909090760331,1.0079681274897612,0.0,0.9971080802439616,0
2304,1590.1638888888888,0.7027777777775555,0.688888888889096,0.6972222222221944,1.0079681274897612,0.03294504182948837,0.9545421761975177,52.77777777777778,0.8636363636222314,0.9880478087652768,0.0,0.9967761226760972,0
2305,1590.8527777777779,0.688888888889096,0.6777777777776919,0.6916666666668334,0.9959839357430313,0.03114457645287865,0.902375900384232,52.77777777777778,0.8636363636222314,0.979919678714499,0.0,0.9955253951588054,0
2306,1591.5305555555556,0.6777777777776919,0.650000000000091,0.6861111111111313,0.9878542510119914,0.031433036283034975,0.9107336701344749,52.77777777777778,0.8636363636222314,0.9473684210527362,0.0,0.995444127217229,0
2307,1592.1805555555557,0.650000000000091,0.6722222222222172,0.6805555555554292,0.9551020408166374,0.03140388338349992,0.9098890006297681,52.77777777777778,0.8636363636222314,0.9877551020409923,0.0,0.9945266624966551,0
2308,1592.8527777777779,0.6722222222222172,0.691666666666606,0.6749999999999545,0.9958847736626111,0.031201518291718175,0.9040257203190155,52.77777777777778,0.8636363636222314,1.0246913580246706,0.0,0.9952590875506835,0
2309,1593.5444444444445,0.691666666666606,0.6749999999999545,0.683333333333394,1.012195121951041,0.03166798500970918,0.9175410212987309,52.77777777777778,0.8636363636222314,0.9878048780486263,0.0,0.9947922055974419,0
2310,1594.2194444444444,0.6749999999999545,0.691666666666606,0.683333333333394,0.9878048780486263,0.0313652284072403,0.9087690201073365,52.77777777777778,0.8636363636222314,1.012195121951041,0.0,0.9952764275171044,0
2311,1594.911111111111,0.691666666666606,0.7222222222223991,0.690277777777851,1.0020120724344135,0.03122657240425863,0.9047516324981787,52.77777777777778,0.8636363636222314,1.046277665996121,0.0,0.9953388784812669,0
2312,1595.6333333333334,0.7222222222223991,0.7333333333331211,0.690277777777851,1.046277665996121,0.03179585462011633,0.9212458864137699,55.55555555555556,0.9090909090760331,1.0623742454724168,0.0,0.9962251731505056,0
2313,1596.3666666666666,0.7333333333331211,0.688888888889096,0.690277777777851,1.0623742454724168,0.0332035277751136,0.9620314894098243,58.333333333333336,0.9545454545298347,0.9979879275655865,0.0,0.9972565601799422,0
2314,1597.0555555555557,0.688888888889096,0.6666666666665151,0.688888888889096,1.0,0.032683190749592195,0.9469553623474275,52.77777777777778,0.8636363636222314,0.96774193548336,0.0,0.9959144330348916,0
2315,1597.7222222222222,0.6666666666665151,0.6694444444444798,0.683333333333394,0.9756097560972525,0.03091244550658026,0.8956501909500396,50.0,0.8181818181684297,0.9796747967479323,0.0,0.9921697858660257,0
2316,1598.3916666666667,0.6694444444444798,0.6694444444444798,0.6819444444445253,0.9816700610997319,0.03060006423851598,0.886599326878757,50.0,0.8181818181684297,0.9816700610997319,0.0,0.9925495004278584,0
2317,1599.0611111111111,0.6694444444444798,0.6749999999999545,0.6819444444445253,0.9816700610997319,0.030839728513652725,0.8935433052755627,52.77777777777778,0.8636363636222314,0.989816700610814,0.0,0.9930088525256264,0
2318,1599.736111111111,0.6749999999999545,0.7111111111112223,0.6819444444445253,0.989816700610814,0.032084607453689476,0.9296121455786134,55.55555555555556,0.9090909090760331,1.042769857433848,0.0,0.9964364643055659,0
2319,1600.4472222222223,0.7111111111112223,0.7222222222221717,0.6819444444445253,1.042769857433848,0.030968251055363306,0.8972670882742246,52.77777777777778,0.8636363636222314,1.0590631364560121,0.0,0.9970699870998658,0
2320,1601.1694444444445,0.7222222222221717,0.7138888888889596,0.690277777777851,1.0462776659957915,0.03193220590101767,0.9251964975276518,52.77777777777778,0.8636363636222314,1.0342052313883228,0.0,0.9935512212848803,0
2321,1601.8833333333334,0.7138888888889596,0.6944444444443434,0.7000000000001592,1.019841269841139,0.03263786427585079,0.9456420833688057,55.55555555555556,0.9090909090760331,0.9920634920631222,0.0,0.9966944445960924,0
2322,1602.5777777777778,0.6944444444443434,0.7055555555555202,0.6916666666667197,1.004016064256805,0.032458997802511526,0.9404596467037166,55.55555555555556,0.9090909090760331,1.0200803212850111,0.0,0.997036808394255,0
2323,1603.2833333333333,0.7055555555555202,0.6861111111111313,0.6916666666667197,1.0200803212850111,0.03205895906613997,0.9288690150100085,52.77777777777778,0.8636363636222314,0.9919678714858969,0.0,0.9948025111816902,0
2324,1603.9694444444444,0.6861111111111313,0.6694444444444798,0.6902777777777374,0.9939637826962645,0.031150273994994232,0.9025409796783526,50.0,0.8181818181684297,0.9698189134809934,0.0,0.9939968277862024,0
2325,1604.638888888889,0.6694444444444798,0.6555555555555657,0.6902777777777374,0.9698189134809934,0.03149019571360638,0.9123897945227889,52.77777777777778,0.8636363636222314,0.9496981891348791,0.0,0.9956036084014059,0
2326,1605.2944444444445,0.6555555555555657,0.6805555555554292,0.6902777777777374,0.9496981891348791,0.031265597471613525,0.9058823359561373,52.77777777777778,0.8636363636222314,0.9859154929576213,0.0,0.9949174479653282,0
2327,1605.975,0.6805555555554292,0.7083333333334849,0.6902777777777374,0.9859154929576213,0.0323389563407384,0.9369815925932407,52.77777777777778,0.8636363636222314,1.026156941650179,0.0,0.994636606927847,0
2328,1606.6833333333334,0.7083333333334849,0.7222222222221717,0.6999999999999318,1.0119047619050772,0.0313781225912666,0.9091426132733266,52.77777777777778,0.8636363636222314,1.03174603174606,0.0,0.9945264339574031,0
2329,1607.4055555555556,0.7222222222221717,0.7194444444444343,0.6999999999999318,1.03174603174606,0.03345640884276141,0.9693584081577505,58.333333333333336,0.9545454545298347,1.0277777777778634,0.0,0.9974388205357585,0
2330,1608.125,0.7194444444444343,0.6972222222223081,0.6999999999999318,1.0277777777778634,0.03173898636455471,0.9195981984642053,55.55555555555556,0.9090909090760331,0.9960317460319658,0.0,0.9966356467122075,0
2331,1608.8222222222223,0.6972222222223081,0.6888888888888687,0.6958333333333258,1.0019960079841663,0.03203856049209496,0.9282779913482075,52.77777777777778,0.8636363636222314,0.9900199600798221,0.0,0.9955138247777532,0
2332,1609.5111111111112,0.6888888888888687,0.658333333333303,0.6930555555555884,0.9939879759518275,0.03126604229161685,0.9058952240701117,52.77777777777778,0.8636363636222314,0.9498997995991096,0.0,0.9939524152907722,0
2333,1610.1694444444445,0.658333333333303,0.3861111111111768,0.6875,0.9575757575757134,0.0311098586690953,0.9013699951843894,52.77777777777778,0.8636363636222314,0.5616161616162572,0.0,0.9940029057098234,0
2334,1610.5555555555557,0.3861111111111768,0.9722222222221717,0.684722222222149,0.5638945233267283,0.035971385916372195,1.0422267839624075,63.888888888888886,1.045454545437438,1.4198782961461227,0.0,0.9787518234140131,0
2335,1611.5277777777778,0.9722222222221717,0.7027777777777828,0.6930555555555884,1.4028056112223055,0.03083164995187549,0.8933092388573352,52.77777777777778,0.8636363636222314,1.0140280561121837,0.0,0.9913874234201248,0
2336,1612.2305555555556,0.7027777777777828,0.6972222222220807,0.7000000000000455,1.003968253968196,0.03138555163568865,0.9093578607228942,52.77777777777778,0.8636363636222314,0.9960317460314793,0.0,0.9955214483421799,0
2337,1612.9277777777777,0.6972222222220807,0.7111111111112223,0.7000000000000455,0.9960317460314793,0.03242408581562058,0.9394481147070435,55.55555555555556,0.9090909090760331,1.0158730158731086,0.0,0.9975176791054872,0
2338,1613.638888888889,0.7111111111112223,0.7138888888889596,0.7000000000000455,1.0158730158731086,0.03253178718667583,0.9425686298254827,58.333333333333336,0.9545454545298347,1.0198412698413046,0.0,0.9980019502035785,0
2339,1614.3527777777779,0.7138888888889596,0.7055555555555202,0.7000000000000455,1.0198412698413046,0.03210416396893534,0.9301787716195892,52.77777777777778,0.8636363636222314,1.007936507936392,0.0,0.9962626879692333,0
2340,1615.0583333333334,0.7055555555555202,0.6861111111111313,0.7000000000000455,1.007936507936392,0.03216585383863946,0.9319661599246787,52.77777777777778,0.8636363636222314,0.9801587301586954,0.0,0.9932110484145339,0
2341,1615.7444444444445,0.6861111111111313,0.6694444444442524,0.6999999999999318,0.9801587301588546,0.03143592797414297,0.9108174533373435,52.77777777777778,0.8636363636222314,0.9563492063490252,0.0,0.9930192188916289,0
2342,1616.4138888888888,0.6694444444442524,0.6694444444444798,0.6999999999999318,0.9563492063490252,0.031546853359358265,0.9140313803114529,50.0,0.8181818181684297,0.9563492063493501,0.0,0.99324480618408,0
2343,1617.0833333333333,0.6694444444444798,0.6666666666667425,0.6999999999999318,0.9563492063493501,0.03066308673308537,0.8884253263547028,52.77777777777778,0.8636363636222314,0.9523809523811535,0.0,0.9921843105427425,0
2344,1617.75,0.6666666666667425,0.7111111111112223,0.6999999999999318,0.9523809523811535,0.03226805278858394,0.934927249140774,55.55555555555556,0.9090909090760331,1.0158730158732736,0.0,0.9953903388885865,0
2345,1618.4611111111112,0.7111111111112223,0.7222222222221717,0.6999999999999318,1.0158730158732736,0.031938819174716755,0.9253881090211563,58.333333333333336,0.9545454545298347,1.03174603174606,0.0,0.9980521404708409,0
2346,1619.1833333333334,0.7222222222221717,0.7111111111109949,0.7013888888888005,1.0297029702970875,0.03135988355401923,0.9086141595413217,44.44444444444444,0.7272727272608265,1.013861386138576,0.0,0.9487236531314651,0
2347,1619.8944444444444,0.7111111111109949,0.6972222222223081,0.7083333333332575,1.0039215686273943,0.040398133081418895,1.170486353164645,219.44444444444446,3.5909090908503307,0.9843137254904226,0.0,0.7447267210458214,0
2348,1620.5916666666667,0.6972222222223081,0.683333333333394,0.7013888888889142,0.9940594059406808,0.03369918457739703,0.97639253727698,152.77777777777777,2.499999999959091,0.9742574257426256,0.0,0.8278850637435302,0
2349,1621.275,0.683333333333394,0.6666666666665151,0.6916666666667197,0.9879518072289275,0.03199702896689339,0.9270746663485947,41.666666666666664,0.6818181818070248,0.9638554216864539,0.0,0.905152329222628,0
2350,1621.9416666666666,0.6666666666665151,0.6666666666667425,0.6847222222222626,0.9736308316427231,0.03018972897928176,0.8747103660649503,52.77777777777778,0.8636363636222314,0.9736308316430552,0.0,0.9924429328738729,0
2351,1622.6083333333333,0.6666666666667425,0.6805555555554292,0.6763888888889369,0.9856262833675986,0.030753614782535653,0.8910482655446554,52.77777777777778,0.8636363636222314,1.0061601642707891,0.0,0.9896341176350114,0
2352,1623.2888888888888,0.6805555555554292,0.6694444444444798,0.6819444444444116,0.9979633401220624,0.03278759548849832,0.9499803615930373,58.333333333333336,0.9545454545298347,0.9816700610998955,0.0,0.9944355902455142,0
2353,1623.9583333333333,0.6694444444444798,0.6916666666668334,0.6819444444444116,0.9816700610998955,0.03083969123746949,0.8935422252438769,52.77777777777778,0.8636363636222314,1.0142566191448963,0.0,0.9866800589796723,0
2354,1624.65,0.6916666666668334,0.7027777777777828,0.6875000000001137,1.0060606060606823,0.03209325402703615,0.9298626694353352,55.55555555555556,0.9090909090760331,1.0222222222220605,0.0,0.9899989794739151,0
2355,1625.3527777777779,0.7027777777777828,0.7333333333333485,0.6875000000001137,1.0222222222220605,0.03274101686129382,0.9486308030037299,55.55555555555556,0.9090909090760331,1.0666666666665123,0.0,0.9966772675557664,0
2356,1626.0861111111112,0.7333333333333485,0.6944444444443434,0.6875000000001137,1.0666666666665123,0.035395838992686564,1.0255510178218732,61.111111111111114,0.9999999999836364,1.010101010100696,0.0,0.9944260102884268,0
2357,1626.7805555555556,0.6944444444443434,0.6694444444444798,0.6875000000001137,1.010101010100696,0.03251700387834177,0.9421403015998995,55.55555555555556,0.9090909090760331,0.9737373737372642,0.0,0.9960727570267263,0
2358,1627.45,0.6694444444444798,0.6527777777778283,0.6819444444444116,0.9816700610998955,0.028939887791484556,0.8384977507197976,47.22222222222222,0.772727272714628,0.9572301425663117,0.0,0.9836844555120743,0
2359,1628.1027777777779,0.6527777777778283,0.6666666666665151,0.6749999999999545,0.9670781893005516,0.03287328320678089,0.9524630581246176,55.55555555555556,0.9090909090760331,0.9876543209874963,0.0,0.9965801964123326,0
2360,1628.7694444444444,0.6666666666665151,0.658333333333303,0.6749999999999545,0.9876543209874963,0.030155187093931567,0.8737095573064493,44.44444444444444,0.7272727272608265,0.9753086419753294,0.0,0.9762335198375289,0
2361,1629.4277777777777,0.658333333333303,0.6861111111111313,0.6749999999999545,0.9753086419753294,0.03284008470139544,0.951501172152788,52.77777777777778,0.8636363636222314,1.0164609053498928,0.0,0.9928492481406677,0
2362,1630.1138888888888,0.6861111111111313,0.7222222222223991,0.6777777777778056,1.0122950819672014,0.032503490111860746,0.9417487567922715,52.77777777777778,0.8636363636222314,1.0655737704920205,0.0,0.9843108070315569,0
2363,1630.8361111111112,0.7222222222223991,0.7027777777775555,0.6888888888889824,1.048387096774308,0.03212103775792916,0.9306676689580787,52.77777777777778,0.8636363636222314,1.0201612903221196,0.0,0.9949234359173915,0
2364,1631.5388888888888,0.7027777777775555,0.6916666666668334,0.6902777777777374,1.0181086519112064,0.03203450206821446,0.9281604034943849,52.77777777777778,0.8636363636222314,1.002012072434908,0.0,0.995051021887883,0
2365,1632.2305555555556,0.6916666666668334,0.6944444444443434,0.6888888888889824,1.004032258064622,0.03264278242247975,0.9457845806347179,52.77777777777778,0.8636363636222314,1.0080645161287487,0.0,0.993116740720229,0
2366,1632.925,0.6944444444443434,0.6944444444445708,0.6888888888889824,1.0080645161287487,0.03238758550483037,0.9383905629736475,52.77777777777778,0.8636363636222314,1.0080645161290789,0.0,0.9920130312506168,0
2367,1633.6194444444445,0.6944444444445708,0.6555555555555657,0.6888888888889824,1.0080645161290789,0.03225924371104307,0.9346720169243551,52.77777777777778,0.8636363636222314,0.951612903225692,0.0,0.9936038055089014,0
2368,1634.275,0.6555555555555657,0.658333333333303,0.6888888888889824,0.951612903225692,0.031139131900884673,0.902218151168564,50.0,0.8181818181684297,0.9556451612901489,0.0,0.9802311713585189,0
2369,1634.9333333333334,0.658333333333303,0.6694444444444798,0.6888888888889824,0.9556451612901489,0.031018872794207862,0.8987337910639699,52.77777777777778,0.8636363636222314,0.9717741935483066,0.0,0.9900461980839023,0
2370,1635.6027777777779,0.6694444444444798,0.6944444444443434,0.6888888888889824,0.9717741935483066,0.0317511743380252,0.9199513300455878,52.77777777777778,0.8636363636222314,1.0080645161287487,0.0,0.9933498258390093,0
2371,1636.2972222222222,0.6944444444443434,0.691666666666606,0.6930555555555884,1.0020040080158388,0.034016767540097456,0.9855941140698793,58.333333333333336,0.9545454545298347,0.9979959919838332,0.0,0.9966347108539992,0
2372,1636.9888888888888,0.691666666666606,0.7250000000001364,0.6930555555555884,0.9979959919838332,0.036377249890943805,1.0539861947876503,61.111111111111114,0.9999999999836364,1.0460921843688848,0.0,0.9948458037117187,0
2373,1637.713888888889,0.7250000000001364,0.7194444444444343,0.6930555555555884,1.0460921843688848,0.033468673312156465,0.9697137561147163,55.55555555555556,0.9090909090760331,1.0380761523045454,0.0,0.9972824653118042,0
2374,1638.4333333333334,0.7194444444444343,0.6833333333331666,0.6930555555555884,1.0380761523045454,0.03393365173557106,0.9831859355846415,55.55555555555556,0.9090909090760331,0.9859719438874882,0.0,0.8446476406293693,0
2375,1639.1166666666666,0.6833333333331666,0.6611111111112677,0.6930555555554747,0.98597194388765,0.03157689229206836,0.9149017215405868,50.0,0.8181818181684297,0.9539078156315998,0.0,0.9781692286876449,0
2376,1639.7777777777778,0.6611111111112677,0.6694444444444798,0.6874999999998863,0.9616161616165485,0.03234085812637816,0.937036694499398,52.77777777777778,0.8636363636222314,0.9737373737375862,0.0,0.9768817532224737,0
2377,1640.4472222222223,0.6694444444444798,0.691666666666606,0.6763888888888232,0.9897330595484031,0.031660773382456285,0.917332073244953,52.77777777777778,0.8636363636222314,1.0225872689938496,0.0,0.9926847079684448,0
2378,1641.138888888889,0.691666666666606,0.6749999999999545,0.6874999999998863,1.0060606060606843,0.03128244194733352,0.9063703839784737,52.77777777777778,0.8636363636222314,0.9818181818182781,0.0,0.9950662866972586,0
2379,1641.8138888888889,0.6749999999999545,0.6944444444445708,0.6874999999998863,0.9818181818182781,0.03407817318548213,0.9873732673239461,58.333333333333336,0.9545454545298347,1.0101010101013608,0.0,0.9972909859231867,0
2380,1642.5083333333334,0.6944444444445708,0.7083333333332575,0.691666666666606,1.0040160642572988,0.031543359738319204,0.9139301569271666,52.77777777777778,0.8636363636222314,1.0240963855421488,0.0,0.9955869538676727,0
2381,1643.2166666666667,0.7083333333332575,0.7138888888889596,0.691666666666606,1.0240963855421488,0.03321701940746579,0.9624223929082193,55.55555555555556,0.9090909090760331,1.0321285140564176,0.0,0.9945250136254521,0
2382,1643.9305555555557,0.7138888888889596,0.6944444444443434,0.6930555555555884,1.0300601202405342,0.03216607008049618,0.9319724252672321,50.0,0.8181818181684297,1.0020040080158388,0.0,0.9933323880373905,0
2383,1644.625,0.6944444444443434,0.6944444444443434,0.6930555555554747,1.002004008016003,0.03406300002416256,0.9869336435863062,58.333333333333336,0.9545454545298347,1.002004008016003,0.0,0.9938384839371173,0
2384,1645.3194444444443,0.6944444444443434,0.6694444444444798,0.6930555555554747,1.002004008016003,0.03322695849195275,0.9627103656898202,58.333333333333336,0.9545454545298347,0.9659318637276186,0.0,0.9980311196016054,0
2385,1645.9888888888888,0.6694444444444798,0.6555555555555657,0.6930555555554747,0.9659318637276186,0.03137335565828069,0.9090044972372412,55.55555555555556,0.9090909090760331,0.9458917835672592,0.0,0.991751180174715,0
2386,1646.6444444444444,0.6555555555555657,0.6555555555555657,0.6930555555554747,0.9458917835672592,0.030665954313456374,0.8885084109785418,55.55555555555556,0.9090909090760331,0.9458917835672592,0.0,0.9720088113251825,0
2387,1647.3,0.6555555555555657,0.691666666666606,0.6930555555554747,0.9458917835672592,0.03568455237133394,1.0339161338286385,80.55555555555556,1.318181818160248,0.9979959919839969,0.0,0.9863633198896031,0
2388,1647.9916666666666,0.691666666666606,0.7111111111112223,0.6930555555554747,0.9979959919839969,0.03236633982754398,0.9377749955344954,191.66666666666666,3.1363636363123137,1.026052104208697,0.0,0.9566655647401651,0
2389,1648.7027777777778,0.7111111111112223,0.6972222222223081,0.6944444444443434,1.024000000000309,0.03423885933203083,0.9920289513205013,72.22222222222223,1.1818181817988431,1.0040000000002698,0.0,0.9929664873690476,0
2390,1649.4,0.6972222222223081,0.6888888888888687,0.6944444444443434,1.0040000000002698,0.03319557619567433,0.961801102149081,58.333333333333336,0.9545454545298347,0.9920000000001152,0.0,0.9974360449237746,0
2391,1650.088888888889,0.6888888888888687,0.5611111111111313,0.6930555555554747,0.9939879759519906,0.03403015767748929,0.9859820768762931,55.55555555555556,0.9090909090760331,0.8096192384770775,0.0,0.973495840379722,0
2392,1650.65,0.5611111111111313,0.5555555555554292,0.6902777777777374,0.8128772635815659,0.041431311921030695,1.2004214427319477,200.0,3.272727272673719,0.8048289738429225,0.0,0.697332992849832,0
2393,1651.2055555555555,0.5555555555554292,0.4555555555555202,0.6791666666666742,0.8179959100202547,0.03954522187768383,1.1457742972282703,144.44444444444446,2.3636363635976863,0.6707566462167094,0.0,0.23165382953140823,0
2394,1651.661111111111,0.4555555555555202,0.3388888888889596,0.6625000000000227,0.6876310272535918,0.04151670069982071,1.2028954778584144,88.88888888888889,1.454545454521653,0.5115303983229403,1.0,0.8937718919007249,1
2395,1652.0,0.3388888888889596,0.6666666666667425,0.6555555555555657,0.5169491525424729,0.03569628467006621,1.0342560627934176,194.44444444444446,3.1818181817661157,1.0169491525424728,1.0,0.2781429130545806,1
2396,1652.6666666666667,0.6666666666667425,0.341666666666697,0.6611111111111541,1.0084033613445869,0.039179353716821325,1.1351737160458697,100.0,1.6363636363368594,0.5168067226890879,0.0,0.38951499769429454,0
2397,1653.0083333333334,0.341666666666697,0.4388888888888687,0.6138888888889369,0.5565610859728566,0.03764833309820123,1.0908142715909288,80.55555555555556,1.318181818160248,0.7149321266967438,1.0,0.8438831191844607,1
2398,1653.4472222222223,0.4388888888888687,0.6694444444442524,0.5583333333332803,0.786069651741332,0.050756432034362545,1.470605359703507,169.44444444444446,2.7727272726819012,1.199004975124148,1.0,0.8037309080224315,1
2399,1654.1166666666666,0.6694444444442524,0.688888888889096,0.5583333333332803,1.199004975124148,0.0349570206788104,1.0128367954374975,194.44444444444446,3.1818181817661157,1.2338308457716325,0.0,0.9246741392742943,0
2400,1654.8055555555557,0.688888888889096,0.7166666666664696,0.5583333333332803,1.2338308457716325,0.033599094210202636,0.9734925416596537,58.333333333333336,0.9545454545298347,1.2835820895520078,0.0,0.994948046173808,0
2401,1655.5222222222221,0.7166666666664696,0.716666666666697,0.5583333333332803,1.2835820895520078,0.03706105120573328,1.0737984991241905,63.888888888888886,1.045454545437438,1.283582089552415,0.0,0.997397946238596,0
2402,1656.2388888888888,0.716666666666697,0.6944444444445708,0.6111111111110858,1.1727272727273708,0.03175448487205086,0.9200472487082378,52.77777777777778,0.8636363636222314,1.13636363636389,0.0,0.9875133425027622,0
2403,1656.9333333333334,0.6944444444445708,0.6499999999998636,0.6680555555554974,1.039501039501319,0.03425515940278466,0.9925012258767171,66.66666666666667,1.0909090908912398,0.9729729729728533,0.0,0.993506596860626,0
2404,1657.5833333333333,0.6499999999998636,0.6472222222223536,0.6680555555554974,0.9729729729728533,0.031676946736834265,0.9178006763496105,52.77777777777778,0.8636363636222314,0.9688149688152498,0.0,0.9868026638913312,0
2405,1658.2305555555556,0.6472222222223536,0.6722222222222172,0.6680555555554974,0.9688149688152498,0.03204708228654189,0.9285248998893646,44.44444444444444,0.7272727272608265,1.0062370062370862,0.0,0.8909735357803472,0
2406,1658.9027777777778,0.6722222222222172,0.6666666666665151,0.6708333333332348,1.002070393374881,0.03353635047628116,0.9716746189315497,58.333333333333336,0.9545454545298347,0.9937888198756964,0.0,0.9865563462965542,0
2407,1659.5694444444443,0.6666666666665151,0.7944444444444798,0.6708333333332348,0.9937888198756964,0.03290441255738098,0.9533649928745938,47.22222222222222,0.772727272714628,1.1842650103521934,0.0,0.9569702934226726,0
2408,1660.3638888888888,0.7944444444444798,0.25277777777773736,0.6805555555556566,1.1673469387753888,0.031455791006150556,0.9113929603255129,58.333333333333336,0.9545454545298347,0.37142857142845687,0.0,0.36268810917727046,0
2409,1660.6166666666666,0.25277777777773736,0.34722222222239907,0.6805555555556566,0.37142857142845687,0.04266234777814,1.2360891966872791,144.44444444444446,2.3636363635976863,0.5102040816328371,1.0,0.9719818650736354,1
2410,1660.963888888889,0.34722222222239907,0.7111111111109949,0.6694444444443661,0.5186721991704494,0.03541487309889866,1.0261025077018893,52.77777777777778,0.8636363636222314,1.0622406639003656,0.0,0.8897933130204179,0
2411,1661.675,0.7111111111109949,0.6861111111111313,0.6694444444443661,1.0622406639003656,0.03192167024404832,0.9248912397901373,50.0,0.8181818181684297,1.024896265560316,0.0,0.9880743755191367,0
2412,1662.361111111111,0.6861111111111313,0.691666666666606,0.6694444444443661,1.024896265560316,0.032799580974955354,0.9503276263615781,52.77777777777778,0.8636363636222314,1.0331950207469183,0.0,0.9949965358567388,0
2413,1663.0527777777777,0.691666666666606,0.6861111111111313,0.6694444444443661,1.0331950207469183,0.0343159046157906,0.9942612439127049,63.888888888888886,1.045454545437438,1.024896265560316,0.0,0.9939254566319105,0
2414,1663.7388888888888,0.6861111111111313,0.658333333333303,0.6791666666666742,1.0102249488752741,0.03295613434023291,0.9548635680901244,55.55555555555556,0.9090909090760331,0.9693251533741777,0.0,0.9747454085236023,0
2415,1664.3972222222221,0.658333333333303,0.6444444444446162,0.6791666666666742,0.9693251533741777,0.030982341075653074,0.8976753293291206,61.111111111111114,0.9999999999836364,0.9488752556239642,0.0,0.9508496218864158,0
2416,1665.0416666666667,0.6444444444446162,0.6638888888887777,0.6763888888888232,0.9527720739223178,0.03155509053145137,0.9142700422690295,52.77777777777778,0.8636363636222314,0.9815195071867893,0.0,0.992283533347472,0
2417,1665.7055555555555,0.6638888888887777,0.6888888888888687,0.6749999999999545,0.9835390946501074,0.03360223917333524,0.9735836631087688,58.333333333333336,0.9545454545298347,1.0205761316872817,0.0,0.9937304744808546,0
2418,1666.3944444444444,0.6888888888888687,0.7055555555555202,0.6749999999999545,1.0205761316872817,0.03145674461290669,0.9114205899115656,55.55555555555556,0.9090909090760331,1.0452674897119523,0.0,0.9941382679159381,0
2419,1667.1,0.7055555555555202,0.7055555555557476,0.6861111111111313,1.0283400809715781,0.03368392655713981,0.9759504548557109,55.55555555555556,0.9090909090760331,1.0283400809719094,0.0,0.9986849335359379,0
2420,1667.8055555555557,0.7055555555557476,0.7027777777777828,0.6875,1.0262626262629055,0.032859735557084775,0.9520705315923941,61.111111111111114,0.9999999999836364,1.0222222222222295,0.0,0.9935382103523299,0
2421,1668.5083333333334,0.7027777777777828,0.6833333333331666,0.6875,1.0222222222222295,0.031968333216674985,0.9262432421845926,55.55555555555556,0.9090909090760331,0.9939393939391514,0.0,0.9962005539931069,0
2422,1669.1916666666666,0.6833333333331666,0.6444444444446162,0.6875,0.9939393939391514,0.030914915632555412,0.8957217598202813,50.0,0.8181818181684297,0.9373737373739872,0.0,0.9919842879880701,0
2423,1669.8361111111112,0.6444444444446162,0.6694444444442524,0.684722222222149,0.9411764705885869,0.03223891792012395,0.93408310206435,52.77777777777778,0.8636363636222314,0.977687626774672,0.0,0.988903699402857,0
2424,1670.5055555555555,0.6694444444442524,0.6805555555556566,0.6763888888887095,0.9897330595482332,0.03413737722437253,0.9890886317303601,58.333333333333336,0.9545454545298347,1.0061601642714635,0.0,0.9979516674415874,0
2425,1671.1861111111111,0.6805555555556566,0.6749999999999545,0.6819444444444116,0.9979633401223958,0.03173890146306905,0.9195957385477996,55.55555555555556,0.9090909090760331,0.9898167006109789,0.0,0.9960155552212989,0
2426,1671.861111111111,0.6749999999999545,0.6694444444444798,0.6819444444444116,0.9898167006109789,0.033522100922231034,0.9712617555816335,58.333333333333336,0.9545454545298347,0.9816700610998955,0.0,0.9932521651861754,0
2427,1672.5305555555556,0.6694444444444798,0.7000000000000455,0.6819444444444116,0.9816700610998955,0.032672299231200054,0.9466397939616916,50.0,0.8181818181684297,1.0264765784115215,0.0,0.9870869837287595,0
2428,1673.2305555555556,0.7000000000000455,0.7027777777777828,0.6819444444444116,1.0264765784115215,0.03448883510732849,0.9992716927862508,61.111111111111114,0.9999999999836364,1.030549898167063,0.0,0.9964096879233504,0
2429,1673.9333333333334,0.7027777777777828,0.6944444444443434,0.6819444444444116,1.030549898167063,0.03322662511810573,0.9627007065915233,44.44444444444444,0.7272727272608265,1.0183299389001046,0.0,0.9587672030391983,0
2430,1674.6277777777777,0.6944444444443434,0.6861111111111313,0.6819444444444116,1.0183299389001046,0.03288184145992097,0.9527110230116883,55.55555555555556,0.9090909090760331,1.0061099796334794,0.0,0.996777105192878,0
2431,1675.3138888888889,0.6861111111111313,0.6555555555555657,0.6819444444444116,1.0061099796334794,0.033832007211646226,0.9802409101823994,55.55555555555556,0.9090909090760331,0.9613034623218534,0.0,0.9979024723566079,0
2432,1675.9694444444444,0.6555555555555657,0.650000000000091,0.6777777777778056,0.9672131147540736,0.03216432277859124,0.9319217993377996,52.77777777777778,0.8636363636222314,0.9590163934427178,0.0,0.9937432966412807,0
2433,1676.6194444444445,0.650000000000091,0.6472222222221262,0.6777777777778056,0.9590163934427178,0.0318160818805619,0.9218319464741624,52.77777777777778,0.8636363636222314,0.9549180327867044,0.0,0.9935812911175987,0
2434,1677.2666666666667,0.6472222222221262,0.6861111111111313,0.6777777777778056,0.9549180327867044,0.033084497011671196,0.9585827190437456,55.55555555555556,0.9090909090760331,1.0122950819672014,0.0,0.9966548893273436,0
2435,1677.9527777777778,0.6861111111111313,0.7055555555555202,0.6805555555555429,1.008163265306171,0.03325019528325968,0.9633836232153915,58.333333333333336,0.9545454545298347,1.0367346938775184,0.0,0.9987047374024878,0
2436,1678.6583333333333,0.7055555555555202,0.7055555555555202,0.6861111111111313,1.0283400809715781,0.03230477770115417,0.9359913084352465,55.55555555555556,0.9090909090760331,1.0283400809715781,0.0,0.9966777946795561,0
2437,1679.3638888888888,0.7055555555555202,0.6861111111111313,0.6902777777777374,1.0221327967806928,0.03212719287512363,0.9308460059288426,55.55555555555556,0.9090909090760331,0.9939637826962645,0.0,0.9945258192530275,0
2438,1680.05,0.6861111111111313,0.6944444444445708,0.6861111111111313,1.0,0.0308642439283148,0.8942536093444735,55.55555555555556,0.9090909090760331,1.0121457489880086,0.0,0.9960346055817744,0
2439,1680.7444444444445,0.6944444444445708,0.6666666666665151,0.6861111111111313,1.0121457489880086,0.03207197300840494,0.929246078024067,50.0,0.8181818181684297,0.9716599190280906,0.0,0.9860659502671711,0
2440,1681.411111111111,0.6666666666665151,0.6666666666667425,0.6861111111111313,0.9716599190280906,0.029898020163515563,0.8662584609419091,41.666666666666664,0.6818181818070248,0.971659919028422,0.0,0.9802136477250631,0
2441,1682.0777777777778,0.6666666666667425,0.6749999999999545,0.6763888888889369,0.9856262833675986,0.03333303842271294,0.9657839015645897,58.333333333333336,0.9545454545298347,0.9979466119095128,0.0,0.9937182795187961,0
2442,1682.7527777777777,0.6749999999999545,0.650000000000091,0.6805555555555429,0.9918367346938292,0.03370154039343241,0.9764607941569308,58.333333333333336,0.9545454545298347,0.9551020408164779,0.0,0.9962865150644578,0
2443,1683.4027777777778,0.650000000000091,0.6666666666665151,0.6805555555555429,0.9551020408164779,0.032605692963507064,0.9447099590553917,58.333333333333336,0.9545454545298347,0.9795918367344894,0.0,0.9858972385290996,0
2444,1684.0694444444443,0.6666666666665151,0.688888888889096,0.6805555555555429,0.9795918367344894,0.031466249920451286,0.9116959945383378,52.77777777777778,0.8636363636222314,1.012244897959507,0.0,0.9348891009555422,0
2445,1684.7583333333334,0.688888888889096,0.7111111111109949,0.6805555555555429,1.012244897959507,0.028469912034691968,0.8248807796450385,44.44444444444444,0.7272727272608265,1.0448979591835221,0.0,0.940688174189716,0
2446,1685.4694444444444,0.7111111111109949,0.7722222222221262,0.6805555555555429,1.0448979591835221,0.03581941834298991,1.0378237099290353,55.55555555555556,0.9090909090760331,1.1346938775509003,0.0,0.9842305190803055,0
2447,1686.2416666666666,0.7722222222221262,0.4694444444446617,0.6805555555555429,1.1346938775509003,0.031271022176063624,0.9060395101135668,172.22222222222223,2.818181818135703,0.689795918367679,0.0,0.2357306847263652,0
2448,1686.7111111111112,0.4694444444446617,0.14999999999986358,0.6708333333333485,0.6997929606628339,0.04346779419705239,1.259426018704332,50.0,0.8181818181684297,0.22360248447184128,0.0,0.8856914572907792,0
2449,1686.861111111111,0.14999999999986358,0.6527777777778283,0.6666666666666288,0.22499999999980816,0.0319944602869284,0.9270002419973851,58.333333333333336,0.9545454545298347,0.9791666666667981,0.0,0.9539195200996262,0
2450,1687.513888888889,0.6527777777778283,0.6472222222221262,0.6666666666666288,0.9791666666667981,0.03174491651635239,0.9197700173385427,66.66666666666667,1.0909090908912398,0.9708333333332445,0.0,0.929592586230096,0
2451,1688.161111111111,0.6472222222221262,0.6361111111111768,0.6597222222221717,0.981052631578877,0.03241473305161442,0.9391771298421856,50.0,0.8181818181684297,0.9642105263159629,0.0,0.9838338203908481,0
2452,1688.7972222222222,0.6361111111111768,0.7444444444445253,0.6513888888889596,0.9765458422174788,0.0336577011140325,0.9751906048101422,58.333333333333336,0.9545454545298347,1.1428571428571428,0.0,0.9681159429793406,0
2453,1689.5416666666667,0.7444444444445253,0.591666666666697,0.6597222222221717,1.128421052631788,0.033449870642832474,0.9691689718346497,152.77777777777777,2.499999999959091,0.8968421052632726,0.0,0.2268734214677235,0
2454,1690.1333333333334,0.591666666666697,0.5222222222221262,0.6499999999999773,0.9102564102564887,0.035934115634289956,1.041146923255282,55.55555555555556,0.9090909090760331,0.8034188034186839,0.0,0.9841912519720322,0
2455,1690.6555555555556,0.5222222222221262,0.6194444444445253,0.6416666666666515,0.8138528138526835,0.03215651669496505,0.9316956276397731,180.55555555555554,2.954545454497107,0.9653679653681142,0.0,0.24278643946835354,0
2456,1691.275,0.6194444444445253,0.6194444444442979,0.627777777777851,0.9867256637168278,0.03258199696102554,0.9440233964493108,63.888888888888886,1.045454545437438,0.9867256637164656,0.0,0.9560926084645693,0
2457,1691.8944444444444,0.6194444444442979,0.3333333333334849,0.6194444444444116,0.9999999999998165,0.03765983689904978,1.0911475801098056,122.22222222222223,1.9999999999672728,0.5381165919285243,0.0,0.7911731696548496,0
2458,1692.2277777777779,0.3333333333334849,0.7277777777776464,0.6194444444444116,0.5381165919285243,0.04096227372134521,1.1868316362243474,136.11111111111111,2.227272727236281,1.1748878923765318,1.0,0.2539309401104914,1
2459,1692.9555555555555,0.7277777777776464,0.6000000000001364,0.627777777777851,1.1592920353978855,0.04066733798329529,1.1782862349863195,147.22222222222223,2.409090909051488,0.9557522123894863,0.0,0.18510516694655405,0
2460,1693.5555555555557,0.6000000000001364,0.6527777777776009,0.6194444444444116,0.9686098654711236,0.028809959231519404,0.8347332300668495,111.11111111111111,1.8181818181520661,1.0538116591925955,0.0,0.9487369869982525,0
2461,1694.2083333333333,0.6527777777776009,0.5805555555555202,0.6194444444444116,1.0538116591925955,0.033483812579707534,0.9701523978219884,47.22222222222222,0.772727272714628,0.9372197309416966,0.0,0.9596806018209111,0
2462,1694.7888888888888,0.5805555555555202,0.7027777777777828,0.6097222222222172,0.9521640091115672,0.031405242449626954,0.9099283779037509,38.888888888888886,0.6363636363532231,1.152619589977239,0.0,0.4920508802474532,0
2463,1695.4916666666666,0.7027777777777828,0.6666666666667425,0.6097222222222172,1.152619589977239,0.03135958899519192,0.90860562506061,44.44444444444444,0.7272727272608265,1.0933940774488806,0.0,0.8811223235448836,0
2464,1696.1583333333333,0.6666666666667425,0.4388888888888687,0.6194444444444116,1.0762331838566817,0.03199640972142007,0.9270567244705799,55.55555555555556,0.9090909090760331,0.7085201793722022,0.0,0.9842659324388864,0
2465,1696.5972222222222,0.4388888888888687,0.24722222222226264,0.6194444444444116,0.7085201793722022,0.045819287536455894,1.3275576538415834,63.888888888888886,1.045454545437438,0.39910313901353933,0.0,0.324648954071843,0
2466,1696.8444444444444,0.24722222222226264,0.7583333333334394,0.6097222222222172,0.4054669703873134,0.0286143708321609,0.8290662961066824,194.44444444444446,3.1818181817661157,1.2437357630981343,1.0,0.8425880723555439,1
2467,1697.6027777777779,0.7583333333334394,0.6194444444442979,0.6263888888888687,1.2106430155212728,0.03641943730732846,1.0552085234297681,55.55555555555556,0.9090909090760331,0.9889135254986894,0.0,0.43541556377304813,0
2468,1698.2222222222222,0.6194444444442979,0.7416666666667879,0.6361111111109494,0.9737991266375717,0.03409423839900366,0.987838737179935,47.22222222222222,0.772727272714628,1.1659388646293078,0.0,0.909614425907241,0
2469,1698.963888888889,0.7416666666667879,0.5749999999998181,0.6361111111109494,1.1659388646293078,0.029851694374737038,0.8649162280358594,33.333333333333336,0.5454545454456199,0.9039301310043106,0.0,0.3136853313873085,0
2470,1699.5388888888888,0.5749999999998181,0.6472222222223536,0.6361111111109494,0.9039301310043106,0.03135640040635137,0.9085132396101191,47.22222222222222,0.772727272714628,1.0174672489087622,0.0,0.9742733995229464,0
2471,1700.1861111111111,0.6472222222223536,0.6611111111110404,0.6333333333333258,1.021929824561623,0.03176555201579549,0.9203679056231376,38.888888888888886,0.6363636363532231,1.043859649122708,0.0,0.9417972428872203,0
2472,1700.8472222222222,0.6611111111110404,0.6555555555555657,0.654166666666697,1.010615711252499,0.030972526545420594,0.8973909653542635,52.77777777777778,0.8636363636222314,1.0021231422504997,0.0,0.9841012376873364,0
2473,1701.5027777777777,0.6555555555555657,0.6416666666666515,0.6513888888889596,1.0063965884860469,0.03248716495494133,0.9412757553951789,55.55555555555556,0.9090909090760331,0.9850746268655414,0.0,0.9940354534861728,0
2474,1702.1444444444444,0.6416666666666515,0.6749999999999545,0.6444444444445026,0.9956896551723005,0.034207709070596344,0.9911264107047483,58.333333333333336,0.9545454545298347,1.0474137931032832,0.0,0.9949271984882562,0
2475,1702.8194444444443,0.6749999999999545,0.6972222222223081,0.6513888888889596,1.036247334754615,0.03363506196100417,0.9745346631206226,55.55555555555556,0.9090909090760331,1.0703624733475636,0.0,0.9975960380176938,0
2476,1703.5166666666667,0.6972222222223081,0.683333333333394,0.658333333333303,1.0590717299579853,0.03455126198553802,1.0010804350087605,55.55555555555556,0.9090909090760331,1.0379746835444437,0.0,0.9953138044502121,0
2477,1704.2,0.683333333333394,0.6777777777776919,0.658333333333303,1.0379746835444437,0.03397713093215528,0.9844456919735277,58.333333333333336,0.9545454545298347,1.02953586497882,0.0,0.9989345005267967,0
2478,1704.8777777777777,0.6777777777776919,0.658333333333303,0.6680555555554974,1.0145530145529742,0.034388545674513764,0.996365929486752,58.333333333333336,0.9545454545298347,0.9854469854470258,0.0,0.9986203925276589,0
2479,1705.536111111111,0.658333333333303,0.6472222222223536,0.6597222222221717,0.9978947368421357,0.031915633813513686,0.9247163416197596,50.0,0.8181818181684297,0.9810526315792216,0.0,0.9927465777889652,0
2480,1706.1833333333334,0.6472222222223536,0.6333333333332121,0.6597222222221717,0.9810526315792216,0.030897116069275705,0.895206039307425,50.0,0.8181818181684297,0.9599999999998897,0.0,0.9927417409366833,0
2481,1706.8166666666666,0.6333333333332121,0.658333333333303,0.6597222222221717,0.9599999999998897,0.0321236630449351,0.930743733428865,52.77777777777778,0.8636363636222314,0.9978947368421357,0.0,0.9943491960866888,0
2482,1707.475,0.658333333333303,0.6888888888888687,0.658333333333303,1.0,0.03242101054004758,0.9393590123694884,55.55555555555556,0.9090909090760331,1.046413502109722,0.0,0.9940893219030446,0
2483,1708.1638888888888,0.6888888888888687,0.6805555555556566,0.6666666666666288,1.0333333333333619,0.033458625881826735,0.9694226441452197,52.77777777777778,0.8636363636222314,1.0208333333335429,0.0,0.9946897248544075,0
2484,1708.8444444444444,0.6805555555556566,0.6805555555556566,0.6763888888888232,1.0061601642712943,0.03340649033783148,0.9679120807080859,55.55555555555556,0.9090909090760331,1.0061601642712943,0.0,0.9659547968615466,0
2485,1709.525,0.6805555555556566,0.6722222222222172,0.6791666666666742,1.0020449897751886,0.03286798176121015,0.9523094552420268,111.11111111111111,1.8181818181520661,0.9897750511247259,0.0,0.9910863328949445,0
2486,1710.1972222222223,0.6722222222222172,0.6805555555554292,0.6749999999999545,0.9958847736626111,0.03328796071279025,0.9644778302124782,58.333333333333336,0.9545454545298347,1.0082304526747778,0.0,0.9974047080948871,0
2487,1710.8777777777777,0.6805555555554292,0.6444444444443889,0.6749999999999545,1.0082304526747778,0.032579512492776665,0.9439514120292803,55.55555555555556,0.9090909090760331,0.9547325102880478,0.0,0.9948571357121093,0
2488,1711.5222222222221,0.6444444444443889,0.6416666666666515,0.6652777777777601,0.9686847599164349,0.03162473934606694,0.916288031240384,52.77777777777778,0.8636363636222314,0.9645093945720279,0.0,0.9945686231689778,0
2489,1712.1638888888888,0.6416666666666515,0.6472222222223536,0.6652777777777601,0.9645093945720279,0.03181639722265552,0.9218410831245225,50.0,0.8181818181684297,0.9728601252611837,0.0,0.9904190831040061,0
2490,1712.8111111111111,0.6472222222223536,0.6444444444443889,0.6652777777777601,0.9728601252611837,0.03152190610917767,0.913308564338088,52.77777777777778,0.8636363636222314,0.9686847599164349,0.0,0.9917585243999865,0
2491,1713.4555555555555,0.6444444444443889,0.650000000000091,0.6652777777777601,0.9686847599164349,0.03379189948457864,0.9790788379872699,63.888888888888886,1.045454545437438,0.9770354906055907,0.0,0.9920033280306894,0
2492,1714.1055555555556,0.650000000000091,0.6722222222222172,0.6611111111111541,0.983193277310998,0.03157719088197655,0.9149103728169226,50.0,0.8181818181684297,1.0168067226890019,0.0,0.9927785626083274,0
2493,1714.7777777777778,0.6722222222222172,0.5611111111111313,0.6611111111111541,1.0168067226890019,0.03126955956639139,0.9059971327923695,138.88888888888889,2.2727272726900827,0.8487394957982948,0.0,0.9629892244669791,0
2494,1715.338888888889,0.5611111111111313,0.7027777777777828,0.6486111111112223,0.8650963597429235,0.03616841789897928,1.0479355439764846,88.88888888888889,1.454545454521653,1.0835117773017493,0.0,0.9391274724782589,0
2495,1716.0416666666667,0.7027777777777828,0.7916666666665151,0.6486111111112223,1.0835117773017493,0.03953404686089501,1.1454505148242338,127.77777777777777,2.090909090874876,1.22055674518157,0.0,0.9170987032591456,0
2496,1716.8333333333333,0.7916666666665151,0.5138888888889142,0.6486111111112223,1.22055674518157,0.029130455121801922,0.8440192053634056,127.77777777777777,2.090909090874876,0.7922912205566484,0.0,0.9169463437498779,0
2497,1717.3472222222222,0.5138888888889142,0.8305555555555202,0.6458333333333712,0.7956989247311752,0.04276940882245158,1.2391911591237537,116.66666666666667,1.9090909090596695,1.2860215053762138,1.0,0.8639543743834845,1
2498,1718.1777777777777,0.8305555555555202,0.4250000000001819,0.6486111111112223,1.2805139186292764,0.030830133079035208,0.8932652893274037,41.666666666666664,0.6818181818070248,0.6552462526768277,0.0,0.3530953548037624,0
2499,1718.6027777777779,0.4250000000001819,0.125,0.6486111111112223,0.6552462526768277,0.03212479276937181,0.930776465808684,188.88888888888889,3.090909090858512,0.19271948608133743,1.0,0.6406797473982752,1
2500,1718.7277777777779,0.125,0.6527777777776009,0.6472222222222399,0.19313304721029514,0.03479499617887044,1.008142334293072,94.44444444444444,1.545454545429256,1.0085836909868238,1.0,0.9564784405304992,1
2501,1719.3805555555555,0.6527777777776009,0.4416666666668334,0.6513888888888459,1.0021321961618415,0.03104192297194471,0.8994016416902506,52.77777777777778,0.8636363636222314,0.6780383795312175,0.0,0.989924823845376,0
2502,1719.8222222222223,0.4416666666668334,0.9055555555555657,0.6069444444443661,0.7276887871857233,0.03847242572381651,1.1146913445755209,66.66666666666667,1.0909090908912398,1.4919908466821314,0.0,0.9854105470764525,0
2503,1720.7277777777779,0.9055555555555657,0.691666666666606,0.6069444444443661,1.4919908466821314,0.03355036981680531,0.9720808121269335,55.55555555555556,0.9090909090760331,1.139588100686546,0.0,0.993322060030755,0
2504,1721.4194444444445,0.691666666666606,0.6777777777776919,0.6722222222221035,1.0289256198348022,0.0325595595311164,0.9433732994397336,55.55555555555556,0.9090909090760331,1.0082644628099677,0.0,0.9964577901380773,0
2505,1722.0972222222222,0.6777777777776919,0.6972222222223081,0.6652777777776464,1.0187891440501764,0.03529336875149639,1.0225820682747033,61.111111111111114,0.9999999999836364,1.0480167014617139,0.0,0.9978153943355821,0
2506,1722.7944444444445,0.6972222222223081,0.6749999999999545,0.6652777777776464,1.0480167014617139,0.03549593939618519,1.028451304228804,58.333333333333336,0.9545454545298347,1.0146137787057687,0.0,0.9992288522449276,0
2507,1723.4694444444444,0.6749999999999545,0.6527777777778283,0.6763888888888232,0.9979466119096806,0.03309220045427974,0.9588059168441864,52.77777777777778,0.8636363636222314,0.9650924024642341,0.0,0.9930962768854308,0
2508,1724.1222222222223,0.6527777777778283,0.6388888888889142,0.6638888888888914,0.9832635983264322,0.032044946407847594,0.9284630154240936,52.77777777777778,0.8636363636222314,0.962343096234344,0.0,0.9952894573591347,0
2509,1724.7611111111112,0.6388888888889142,0.6638888888887777,0.6638888888888914,0.962343096234344,0.03417282616792675,0.9901157213877138,55.55555555555556,0.9090909090760331,0.9999999999998288,0.0,0.9977690763916234,0
2510,1725.425,0.6638888888887777,0.6694444444444798,0.6694444444443661,0.991701244813228,0.034072701533448754,0.9872147329178778,55.55555555555556,0.9090909090760331,1.0000000000001699,0.0,0.9981809698950019,0
2511,1726.0944444444444,0.6694444444444798,0.7055555555555202,0.6722222222222172,0.9958677685951014,0.03357556094137961,0.9728106940617167,55.55555555555556,0.9090909090760331,1.0495867768594593,0.0,0.9975768121624236,0
2512,1726.8,0.7055555555555202,0.7250000000001364,0.6763888888888232,1.0431211498973796,0.033380542084279326,0.9671602618898736,55.55555555555556,0.9090909090760331,1.0718685831625234,0.0,0.9973982522603785,0
2513,1727.525,0.7250000000001364,0.691666666666606,0.6763888888888232,1.0718685831625234,0.035495377165609056,1.0284350142874996,61.111111111111114,0.9999999999836364,1.0225872689938496,0.0,0.9976207680144316,0
2514,1728.2166666666667,0.691666666666606,0.683333333333394,0.6763888888888232,1.0225872689938496,0.035421509534502835,1.026294790283183,58.333333333333336,0.9545454545298347,1.010266940451933,0.0,0.9993336935987668,0
2515,1728.9,0.683333333333394,0.6694444444442524,0.6791666666666742,1.0061349693252315,0.03202814166458747,0.9279761186010458,52.77777777777778,0.8636363636222314,0.9856850715743484,0.0,0.9939845389174004,0
2516,1729.5694444444443,0.6694444444442524,0.6777777777779193,0.6722222222222172,0.9958677685947632,0.0337381309336066,0.977520960176051,52.77777777777778,0.8636363636222314,1.0082644628101354,0.0,0.9934108755571049,0
2517,1730.2472222222223,0.6777777777779193,0.6611111111110404,0.6736111111111995,1.0061855670103872,0.034136492988381194,0.9890630120771263,55.55555555555556,0.9090909090760331,0.9814432989688383,0.0,0.9980816921178273,0
2518,1730.9083333333333,0.6611111111110404,0.6694444444444798,0.6736111111111995,0.9814432989688383,0.03185551959337228,0.9229746058280377,52.77777777777778,0.8636363636222314,0.9938144329896128,0.0,0.9948439763007464,0
2519,1731.5777777777778,0.6694444444444798,0.6805555555556566,0.6736111111111995,0.9938144329896128,0.03249080696318301,0.9413812781166474,52.77777777777778,0.8636363636222314,1.010309278350533,0.0,0.9943404729506746,0
2520,1732.2583333333334,0.6805555555556566,0.7027777777777828,0.6791666666667879,1.002044989775021,0.0342037188085804,0.9910107977573429,58.333333333333336,0.9545454545298347,1.0347648261756919,0.0,0.9970763969706056,0
2521,1732.9611111111112,0.7027777777777828,0.7027777777775555,0.6819444444445253,1.0305498981668912,0.03607122827003933,1.045119593691998,61.111111111111114,0.9999999999836364,1.030549898166558,0.0,0.999515886153888,0
2522,1733.6638888888888,0.7027777777775555,0.7222222222223991,0.6819444444445253,1.030549898166558,0.03391780090315581,0.9827266771582446,58.333333333333336,0.9545454545298347,1.0590631364563456,0.0,0.9988274947784646,0
2523,1734.3861111111112,0.7222222222223991,0.7055555555555202,0.6819444444445253,1.0590631364563456,0.032080715202290576,0.9294993723686159,55.55555555555556,0.9090909090760331,1.0346232179224324,0.0,0.9965979195834118,0
2524,1735.0916666666667,0.7055555555555202,0.658333333333303,0.6819444444445253,1.0346232179224324,0.034676028480394874,1.004695391157051,58.333333333333336,0.9545454545298347,0.9653767820772342,0.0,0.9967717274352792,0
2525,1735.75,0.658333333333303,0.658333333333303,0.6791666666667879,0.9693251533740154,0.03331789053207602,0.9653450100139822,52.77777777777778,0.8636363636222314,0.9693251533740154,0.0,0.9950322628404444,0
2526,1736.4083333333333,0.658333333333303,0.6638888888890051,0.6791666666667879,0.9693251533740154,0.03148397646843454,0.9122095995225409,52.77777777777778,0.8636363636222314,0.9775051124744342,0.0,0.9939891314732587,0
2527,1737.0722222222223,0.6638888888890051,0.6944444444443434,0.6750000000000682,0.9835390946502786,0.033246903155718266,0.963288237858045,55.55555555555556,0.9090909090760331,1.0288065843618863,0.0,0.9979531861945157,0
2528,1737.7666666666667,0.6944444444443434,0.6888888888888687,0.6875,1.0101010101008632,0.03468830315988223,1.0050510349389175,58.333333333333336,0.9545454545298347,1.0020202020201727,0.0,0.9972691211952012,0
2529,1738.4555555555555,0.6888888888888687,0.7194444444444343,0.691666666666606,0.99598393574303,0.034338705651529265,0.9949218759551891,58.333333333333336,0.9545454545298347,1.0401606425703578,0.0,0.9989933417431776,0
2530,1739.175,0.7194444444444343,0.7027777777777828,0.6986111111109494,1.029821073558872,0.033522965311197306,0.9712868001916607,58.333333333333336,0.9545454545298347,1.0059642147119696,0.0,0.9979085616080522,0
2531,1739.8777777777777,0.7027777777777828,0.6972222222223081,0.6986111111109494,1.0059642147119696,0.033198143786031115,0.9618754949302295,58.333333333333336,0.9545454545298347,0.9980119284297774,0.0,0.9968977655618263,0
2532,1740.575,0.6972222222223081,0.683333333333394,0.6958333333333258,1.0019960079841663,0.03522372135508297,1.0205641203940163,58.333333333333336,0.9545454545298347,0.9820359281438104,0.0,0.998920844884313,0
2533,1741.2583333333334,0.683333333333394,0.6805555555554292,0.691666666666606,0.9879518072290899,0.03374216249000764,0.9776377695776121,58.333333333333336,0.9545454545298347,0.9839357429717912,0.0,0.9986062314397166,0
2534,1741.9388888888889,0.6805555555554292,0.6777777777776919,0.6861111111111313,0.9919028340078838,0.03211236930714363,0.9304165112294012,55.55555555555556,0.9090909090760331,0.9878542510119914,0.0,0.9966929248541756,0
2535,1742.6166666666666,0.6777777777776919,0.6638888888890051,0.6861111111111313,0.9878542510119914,0.03247901611197836,0.9410396526658023,55.55555555555556,0.9090909090760331,0.9676113360325296,0.0,0.9958917789289676,0
2536,1743.2805555555556,0.6638888888890051,0.6749999999999545,0.6861111111111313,0.9676113360325296,0.03392658446223955,0.9829811700086694,55.55555555555556,0.9090909090760331,0.983805668016099,0.0,0.9979615689916679,0
2537,1743.9555555555555,0.6749999999999545,0.7055555555555202,0.6861111111111313,0.983805668016099,0.03269806543447938,0.9473863380965539,55.55555555555556,0.9090909090760331,1.0283400809715781,0.0,0.9973361191568371,0
2538,1744.661111111111,0.7055555555555202,0.7388888888890506,0.6861111111111313,1.0283400809715781,0.035103625454208406,1.017084488977352,61.111111111111114,0.9999999999836364,1.076923076923281,0.0,0.9988618669078595,0
2539,1745.4,0.7388888888890506,0.7138888888887323,0.690277777777851,1.0704225352113883,0.03522110987641701,1.0204884560029435,58.333333333333336,0.9545454545298347,1.0342052313879933,0.0,0.9989452811149568,0
2540,1746.1138888888888,0.7138888888887323,0.7027777777777828,0.690277777777851,1.0342052313879933,0.03373314175369637,0.9773764048079443,58.333333333333336,0.9545454545298347,1.018108651911368,0.0,0.9988358607268117,0
2541,1746.8166666666666,0.7027777777777828,0.6749999999999545,0.690277777777851,1.018108651911368,0.03337953109283552,0.9671309696528845,58.333333333333336,0.9545454545298347,0.9778672032191462,0.0,0.9977512459759381,0
2542,1747.4916666666666,0.6749999999999545,0.6750000000001819,0.6819444444444116,0.9898167006109789,0.03280916360134748,0.9506052712071171,55.55555555555556,0.9090909090760331,0.9898167006113123,0.0,0.995834819209265,0
2543,1748.1666666666667,0.6750000000001819,0.6694444444444798,0.6791666666665606,0.9938650306752698,0.03439654370926389,0.9965976627331447,55.55555555555556,0.9090909090760331,0.9856850715748482,0.0,0.9777537240208443,0
2544,1748.8361111111112,0.6694444444444798,0.6749999999999545,0.6763888888889369,0.9897330595482366,0.034772113309111306,1.0074793312102233,136.11111111111111,2.227272727236281,0.9979466119095128,0.0,0.8167776010216274,0
2545,1749.5111111111112,0.6749999999999545,0.6944444444443434,0.6750000000000682,0.9999999999998316,0.03500989181194267,1.014368671667593,58.333333333333336,0.9545454545298347,1.0288065843618863,0.0,0.9954786735720598,0
2546,1750.2055555555555,0.6944444444443434,0.7111111111112223,0.6847222222222626,1.014198782961253,0.0325367600718856,0.9427127130746309,58.333333333333336,0.9545454545298347,1.0385395537526365,0.0,0.9957456242556677,0
2547,1750.9166666666667,0.7111111111112223,0.6999999999998181,0.6986111111110631,1.017892644135418,0.031833421850636354,0.9223343508376396,50.0,0.8181818181684297,1.001988071570385,0.0,0.9157324996906326,0
2548,1751.6166666666666,0.6999999999998181,0.7111111111112223,0.6972222222220807,1.0039840637449629,0.040307297491103455,1.167854503355358,122.22222222222223,1.9999999999672728,1.019920318725466,0.0,0.912175095485712,0
2549,1752.3277777777778,0.7111111111112223,0.7194444444444343,0.6972222222220807,1.019920318725466,0.032000282777344596,0.9271689415152528,55.55555555555556,0.9090909090760331,1.0318725099603543,0.0,0.9891453240882515,0
2550,1753.0472222222222,0.7194444444444343,0.6722222222222172,0.6972222222220807,1.0318725099603543,0.03141389180950103,0.9101789824966862,55.55555555555556,0.9090909090760331,0.9641434262950092,0.0,0.9892251293787747,0
2551,1753.7194444444444,0.6722222222222172,0.650000000000091,0.6847222222222626,0.9817444219066284,0.03364106535867808,0.9747086042043793,58.333333333333336,0.9545454545298347,0.9492900608520037,0.0,0.996623785003732,0
2552,1754.3694444444445,0.650000000000091,0.6666666666665151,0.6847222222222626,0.9492900608520037,0.03513651237177049,1.0180373470741977,61.111111111111114,0.9999999999836364,0.9736308316427231,0.0,0.9944152624454785,0
2553,1755.036111111111,0.6666666666665151,0.6861111111111313,0.684722222222149,0.9736308316428848,0.03159395504090308,0.9153960937586858,52.77777777777778,0.8636363636222314,1.0020283975660595,0.0,0.9849136524607593,0
2554,1755.7222222222222,0.6861111111111313,0.7027777777777828,0.6902777777777374,0.9939637826962645,0.03335025870495125,0.9662828381198251,58.333333333333336,0.9545454545298347,1.0181086519115357,0.0,0.9934724909339898,0
2555,1756.425,0.7027777777777828,0.7194444444444343,0.6972222222220807,1.0079681274902517,0.03391232907398961,0.9825681376199699,55.55555555555556,0.9090909090760331,1.0318725099603543,0.0,0.9967422071194431,0
2556,1757.1444444444444,0.7194444444444343,0.7222222222221717,0.7013888888888005,1.0257425742575406,0.037113789071281815,1.0753265140895152,125.0,2.0454545454210744,1.0297029702970875,0.0,0.9111375987818326,0
2557,1757.8666666666666,0.7222222222221717,0.7138888888889596,0.7013888888888005,1.0297029702970875,0.031601602152109366,0.915617659425843,50.0,0.8181818181684297,1.017821782178447,0.0,0.9706547802753512,0
2558,1758.5805555555555,0.7138888888889596,0.683333333333394,0.7069444444445026,1.0098231827112154,0.03264167619151014,0.9457525289492907,55.55555555555556,0.9090909090760331,0.9666011787819316,0.0,0.9933383970244994,0
2559,1759.263888888889,0.683333333333394,0.691666666666606,0.6944444444444571,0.9840000000000694,0.03284999981370092,0.9517884503698348,55.55555555555556,0.9090909090760331,0.9959999999998945,0.0,0.99195792724775,0
2560,1759.9555555555555,0.691666666666606,0.6861111111111313,0.6888888888888687,1.0040322580644576,0.034228703810231235,0.9917347075332517,55.55555555555556,0.9090909090760331,0.9959677419355424,0.0,0.9290760685135474,0
2561,1760.6416666666667,0.6861111111111313,0.6749999999999545,0.6888888888888687,0.9959677419355424,0.033420353709293624,0.9683137548912117,52.77777777777778,0.8636363636222314,0.9798387096773821,0.0,0.9870423182977048,0
2562,1761.3166666666666,0.6749999999999545,0.6722222222222172,0.6888888888888687,0.9798387096773821,0.033192301971530204,0.9617062355207104,55.55555555555556,0.9090909090760331,0.9758064516129246,0.0,0.9961589993694544,0
2563,1761.9888888888888,0.6722222222222172,0.7083333333334849,0.6888888888888687,0.9758064516129246,0.03435129567970234,0.9952866565784135,58.333333333333336,0.9545454545298347,1.028225806451863,0.0,0.9986210063300501,0
2564,1762.6972222222223,0.7083333333334849,0.7222222222221717,0.6972222222221944,1.0159362549803377,0.03526127106584148,1.0216520772042863,61.111111111111114,0.9999999999836364,1.0358565737051482,0.0,0.998064148515148,0
2565,1763.4194444444445,0.7222222222221717,0.7222222222221717,0.7000000000000455,1.0317460317458926,0.03452255970977896,1.0002488217752221,58.333333333333336,0.9545454545298347,1.0317460317458926,0.0,0.9988738223908646,0
2566,1764.1416666666667,0.7222222222221717,0.7194444444444343,0.7000000000000455,1.0317460317458926,0.03338836648455131,0.9673869642902444,58.333333333333336,0.9545454545298347,1.0277777777776966,0.0,0.9985722063269105,0
2567,1764.861111111111,0.7194444444444343,0.683333333333394,0.7000000000000455,1.0277777777776966,0.03455884339110297,1.0013000969355552,58.333333333333336,0.9545454545298347,0.9761904761904994,0.0,0.9995033199728891,0
2568,1765.5444444444445,0.683333333333394,0.6694444444444798,0.6888888888888687,0.9919354838710849,0.03265264543615733,0.9460703493579266,55.55555555555556,0.9090909090760331,0.971774193548467,0.0,0.9968929724161848,0
2569,1766.213888888889,0.6694444444444798,0.6694444444444798,0.6888888888888687,0.971774193548467,0.031849119911728056,0.922789182902328,52.77777777777778,0.8636363636222314,0.971774193548467,0.0,0.9947914294317497,0
2570,1766.8833333333334,0.6694444444444798,0.7055555555555202,0.6847222222222626,0.9776876267748418,0.033116919983999425,0.9595221348965213,58.333333333333336,0.9545454545298347,1.0304259634887314,0.0,0.9983457711499694,0
2571,1767.588888888889,0.7055555555555202,0.7027777777777828,0.6944444444444571,1.0159999999999305,0.0336043913093492,0.9736460186099356,58.333333333333336,0.9545454545298347,1.011999999999989,0.0,0.9968035374686495,0
2572,1768.2916666666667,0.7027777777777828,0.7222222222221717,0.7041666666666515,0.9980276134122574,0.03347184464339217,0.9698056415472753,58.333333333333336,0.9545454545298347,1.025641025640976,0.0,0.9984536470637926,0
2573,1769.013888888889,0.7222222222221717,0.7194444444444343,0.7069444444445026,1.021611001964481,0.033558419762363824,0.9723140494253248,55.55555555555556,0.9090909090760331,1.0176817288800593,0.0,0.9972573891821168,0
2574,1769.7333333333333,0.7194444444444343,0.716666666666697,0.7124999999999773,1.0097465886939752,0.034175485882580674,0.9901927833573709,58.333333333333336,0.9545454545298347,1.0058479532164488,0.0,0.9973999940205667,0
2575,1770.45,0.716666666666697,0.691666666666606,0.7111111111111086,1.0078125000000462,0.03550492410598759,1.0287116251745678,58.333333333333336,0.9545454545298347,0.9726562499999182,0.0,0.9991892339160237,0
2576,1771.1416666666667,0.691666666666606,0.6888888888888687,0.7041666666666515,0.9822485207099942,0.03421061149962846,0.991210505025797,58.333333333333336,0.9545454545298347,0.9783037475345091,0.0,0.9975565730364585,0
2577,1771.8305555555555,0.6888888888888687,0.691666666666606,0.6972222222221944,0.9880478087649507,0.03416232611318411,0.9898114951810477,58.333333333333336,0.9545454545298347,0.9920318725099128,0.0,0.998542264260006,0
2578,1772.5222222222221,0.691666666666606,0.6722222222222172,0.6972222222221944,0.9920318725099128,0.033691086896449535,0.9761579169042458,55.55555555555556,0.9090909090760331,0.964143426294852,0.0,0.997641067766214,0
2579,1773.1944444444443,0.6722222222222172,0.6722222222222172,0.6972222222221944,0.964143426294852,0.03334455782573323,0.9661176621372546,55.55555555555556,0.9090909090760331,0.964143426294852,0.0,0.9965486431087638,0
2580,1773.8666666666666,0.6722222222222172,0.7194444444446617,0.6972222222221944,0.964143426294852,0.03361427091323184,0.9739322680139858,58.333333333333336,0.9545454545298347,1.0318725099605122,0.0,0.9986274674149563,0
2581,1774.5861111111112,0.7194444444446617,0.7416666666665606,0.6972222222221944,1.0318725099605122,0.035751594704171864,1.0358586031876298,63.888888888888886,1.045454545437438,1.063745019920209,0.0,0.9992421209343874,0
2582,1775.3277777777778,0.7416666666665606,0.7111111111109949,0.7041666666666515,1.0532544378696944,0.03537746329707505,1.025018604581394,58.333333333333336,0.9545454545298347,1.0098619329387126,0.0,0.9983164675081071,0
2583,1776.0388888888888,0.7111111111109949,0.6972222222223081,0.7013888888888005,1.013861386138576,0.03582106775510725,1.0378714996219451,61.111111111111114,0.9999999999836364,0.9940594059408419,0.0,0.999141587142137,0
2584,1776.736111111111,0.6972222222223081,0.6888888888888687,0.6944444444444571,1.0040000000001055,0.03396957446663956,0.9842267526540676,58.333333333333336,0.9545454545298347,0.9919999999999528,0.0,0.9986994747393312,0
2585,1777.425,0.6888888888888687,0.6777777777779193,0.691666666666606,0.99598393574303,0.03236811237700217,0.9378263529808145,55.55555555555556,0.9090909090760331,0.9799196787151498,0.0,0.9961231682214973,0
2586,1778.1027777777779,0.6777777777779193,0.6694444444442524,0.6902777777777374,0.9818913480887936,0.03224104126714936,0.9341446234398866,52.77777777777778,0.8636363636222314,0.969818913480664,0.0,0.9959446529076443,0
2587,1778.7722222222221,0.6694444444442524,0.688888888889096,0.6902777777777374,0.969818913480664,0.03391480107817921,0.9826397609091714,55.55555555555556,0.9090909090760331,0.9979879275657509,0.0,0.9978189323801372,0
2588,1779.4611111111112,0.688888888889096,0.6944444444443434,0.6888888888889824,1.000000000000165,0.03487371352879148,1.0104230729513206,58.333333333333336,0.9545454545298347,1.0080645161287487,0.0,0.9979085508931204,0
2589,1780.1555555555556,0.6944444444443434,0.7083333333332575,0.6916666666667197,1.004016064256805,0.03501927158858966,1.0146404391905852,58.333333333333336,0.9545454545298347,1.0240963855419805,0.0,0.9974889764892192,0
2590,1780.8638888888888,0.7083333333332575,0.716666666666697,0.6958333333333258,1.0179640718561895,0.03438212695858656,0.9961799550660408,58.333333333333336,0.9545454545298347,1.0299401197605338,0.0,0.9991575646488455,0
2591,1781.5805555555555,0.716666666666697,0.7361111111110858,0.6958333333333258,1.0299401197605338,0.03468052943284372,1.0048258007333302,61.111111111111114,0.9999999999836364,1.0578842315369013,0.0,0.9986763596479717,0
2592,1782.3166666666666,0.7361111111110858,0.7083333333334849,0.6958333333333258,1.0578842315369013,0.03588348211316477,1.0396798790884076,61.111111111111114,0.9999999999836364,1.0179640718565164,0.0,0.9993887202810618,0
2593,1783.025,0.7083333333334849,0.6888888888888687,0.6958333333333258,1.0179640718565164,0.03347305368640572,0.9698406720855651,58.333333333333336,0.9545454545298347,0.9900199600798221,0.0,0.9970651402536785,0
2594,1783.713888888889,0.6888888888888687,0.6611111111110404,0.6916666666667197,0.9959839357428663,0.03270564673306116,0.9476059969236427,55.55555555555556,0.9090909090760331,0.9558232931725151,0.0,0.9953260933573392,0
2595,1784.375,0.6611111111110404,0.6722222222222172,0.6916666666667197,0.9558232931725151,0.0331037570205832,0.9591407541773963,58.333333333333336,0.9545454545298347,0.9718875502007214,0.0,0.998174782540104,0
2596,1785.0472222222222,0.6722222222222172,0.6805555555556566,0.6916666666667197,0.9718875502007214,0.03404871060540924,0.9865196252055136,58.333333333333336,0.9545454545298347,0.9839357429719582,0.0,0.9983198780524278,0
2597,1785.7277777777779,0.6805555555556566,0.7194444444444343,0.6916666666667197,0.9839357429719582,0.032970784677416716,0.9552880436397333,55.55555555555556,0.9090909090760331,1.0401606425701868,0.0,0.9981094525023133,0
2598,1786.4472222222223,0.7194444444444343,0.7416666666665606,0.7013888888888005,1.0257425742575406,0.034747321135269175,1.0067610083835468,58.333333333333336,0.9545454545298347,1.0574257425742395,0.0,0.9975681099982523,0
2599,1787.1888888888889,0.7416666666665606,0.7111111111112223,0.7083333333333712,1.047058823529206,0.035080573147022474,1.016416576652896,58.333333333333336,0.9545454545298347,1.0039215686275542,0.0,0.999493470214053,0
2600,1787.9,0.7111111111112223,0.7083333333332575,0.7097222222223536,1.0019569471623977,0.034776903395257866,1.0076181180807386,58.333333333333336,0.9545454545298347,0.9980430528372819,0.0,0.9979605612764106,0
2601,1788.6083333333333,0.7083333333332575,0.7000000000000455,0.7083333333333712,0.9999999999998395,0.03458583041529249,1.002082012858816,58.333333333333336,0.9545454545298347,0.9882352941176584,0.0,0.99776999428875,0
2602,1789.3083333333334,0.7000000000000455,0.7000000000000455,0.7041666666666515,0.9940828402367724,0.03421446516721966,0.9913221603172938,58.333333333333336,0.9545454545298347,0.9940828402367724,0.0,0.998402376989115,0
2603,1790.0083333333334,0.7000000000000455,0.6805555555554292,0.7000000000000455,1.0,0.033727136058281385,0.9772023971499583,58.333333333333336,0.9545454545298347,0.9722222222219786,0.0,0.9969411406115607,0
2604,1790.6888888888889,0.6805555555554292,0.683333333333394,0.7000000000000455,0.9722222222219786,0.03416359759788029,0.9898483348905002,58.333333333333336,0.9545454545298347,0.9761904761904994,0.0,0.9978727853861007,0
2605,1791.3722222222223,0.683333333333394,0.691666666666606,0.7000000000000455,0.9761904761904994,0.03250297192962831,0.9417337430976956,55.55555555555556,0.9090909090760331,0.9880952380950873,0.0,0.9967657518833064,0
2606,1792.0638888888889,0.691666666666606,0.7305555555556111,0.7000000000000455,0.9880952380950873,0.034674659839864806,1.0046557364764843,58.333333333333336,0.9545454545298347,1.0436507936508053,0.0,0.9987247016354569,0
2607,1792.7944444444445,0.7305555555556111,0.7277777777776464,0.7041666666666515,1.037475345167754,0.0342431727892811,0.9921539284533858,61.111111111111114,0.9999999999836364,1.033530571991946,0.0,0.9987787930442886,0
2608,1793.5222222222221,0.7277777777776464,0.7388888888890506,0.7041666666666515,1.033530571991946,0.035816322314092854,1.0377340062893718,61.111111111111114,0.9999999999836364,1.0493096646945324,0.0,0.9980162481964125,0
2609,1794.2611111111112,0.7388888888890506,0.716666666666697,0.7041666666666515,1.0493096646945324,0.03467999729469023,1.0048103826830603,58.333333333333336,0.9545454545298347,1.0177514792900058,0.0,0.9996777772180832,0
2610,1794.9777777777779,0.716666666666697,0.7027777777777828,0.7041666666666515,1.0177514792900058,0.03396729074663261,0.9841605846681064,55.55555555555556,0.9090909090760331,0.9980276134122574,0.0,0.9973726369600663,0
2611,1795.6805555555557,0.7027777777777828,0.6722222222222172,0.7013888888889142,1.0019801980197731,0.032674761607328025,0.9467111382896174,55.55555555555556,0.9090909090760331,0.9584158415841167,0.0,0.9969300296633666,0
2612,1796.3527777777779,0.6722222222222172,0.691666666666606,0.7013888888889142,0.9584158415841167,0.03277782665232808,0.9496973215475847,55.55555555555556,0.9090909090760331,0.9861386138612642,0.0,0.9960683221465407,0
2613,1797.0444444444445,0.691666666666606,0.7083333333332575,0.6972222222221944,0.9920318725099128,0.033176053674842845,0.9612354610545638,58.333333333333336,0.9545454545298347,1.0159362549800115,0.0,0.9975684857818534,0
2614,1797.7527777777777,0.7083333333332575,0.7194444444444343,0.7055555555555202,1.0039370078739587,0.03373638699748976,0.9774704317662,58.333333333333336,0.9545454545298347,1.0196850393701156,0.0,0.9986847711467208,0
2615,1798.4722222222222,0.7194444444444343,0.7083333333334849,0.7124999999999773,1.0097465886939752,0.034156985632377526,0.9896567613003795,61.111111111111114,0.9999999999836364,0.9941520467838703,0.0,0.99892399704878,0
2616,1799.1805555555557,0.7083333333334849,0.7305555555553838,0.712500000000091,0.9941520467837116,0.03521743167747157,1.0203818847002255,61.111111111111114,0.9999999999836364,1.0253411306039164,0.0,0.9993769610235561,0
2617,1799.911111111111,0.7305555555553838,0.716666666666697,0.712500000000091,1.0253411306039164,0.03554117350008877,1.0297619069046766,61.111111111111114,0.9999999999836364,1.0058479532162885,0.0,0.9989847995215941,0
2618,1800.6277777777777,0.716666666666697,0.7111111111112223,0.712500000000091,1.0058479532162885,0.033427359298819674,0.9685167332545829,58.333333333333336,0.9545454545298347,0.9980506822612372,0.0,0.9973244711230596,0
2619,1801.338888888889,0.7111111111112223,0.6972222222220807,0.7097222222223536,1.0019569471623977,0.03426530452623804,0.99279516838464,55.55555555555556,0.9090909090760331,0.9823874755377793,0.0,0.9979394355649289,0
2620,1802.036111111111,0.6972222222220807,0.6777777777779193,0.7083333333333712,0.9843137254899437,0.03319532379809017,0.9617937892386741,55.55555555555556,0.9090909090760331,0.9568627450981878,0.0,0.996863778507255,0
2621,1802.713888888889,0.6777777777779193,0.6777777777776919,0.7083333333333712,0.9568627450981878,0.03381365242831126,0.9797091028494821,55.55555555555556,0.9090909090760331,0.9568627450978667,0.0,0.9972722495042325,0
2622,1803.3916666666667,0.6777777777776919,0.6944444444445708,0.7083333333333712,0.9568627450978667,0.03161432404108873,0.9159862605541874,52.77777777777778,0.8636363636222314,0.980392156862871,0.0,0.9951100012984,0
2623,1804.0861111111112,0.6944444444445708,0.7472222222220353,0.7083333333333712,0.980392156862871,0.033616211766719535,0.9739885018631159,55.55555555555556,0.9090909090760331,1.0549019607839933,0.0,0.9973422100304821,0
2624,1804.8333333333333,0.7472222222220353,0.6972222222223081,0.7097222222223536,1.0528375733850603,0.03790572065929318,1.0982717604586762,63.888888888888886,1.045454545437438,0.9823874755380997,0.0,0.9823842573971884,0
2625,1805.5305555555556,0.6972222222223081,,0.7027777777778965,0.9920948616600337,0.022657914514751933,0.6564852805756632,122.22222222222223,1.9999999999672728,,0.0,,0
