beat_index,peak_time_s,rr_prev_s,rr_next_s,rr_baseline_s,prematurity_index,aa_ratio,morph_index,qrs_width_ms,width_index,pause_index,pvc_score,morphology_score,is_pvc_candidate
0,0.23055555555555557,,0.8694444444444445,0.9777777777777601,,0.022415787439968943,0.7545800064870744,36.111111111111114,0.7222222222077779,0.8892045454545615,0.0,0.9838054677414652,0
1,1.1,0.8694444444444445,0.875,0.9777777777777601,0.8892045454545615,0.02913288171138237,0.9806967580163909,44.44444444444444,0.8888888888711112,0.8948863636363799,0.0,0.9931544297809862,0
2,1.975,0.875,0.8916666666666666,0.9777777777777601,0.8948863636363799,0.029217108268243346,0.9835320666573542,44.44444444444444,0.8888888888711112,0.9119318181818347,0.0,0.9943038902217232,0
3,2.8666666666666667,0.8916666666666666,0.9333333333333331,0.9777777777777601,0.9119318181818347,0.029512833305208597,0.9934870236674185,44.44444444444444,0.8888888888711112,0.9545454545454716,0.0,0.9962022480606849,0
4,3.8,0.9333333333333331,0.9555555555555557,0.9777777777777601,0.9545454545454716,0.028854200909748832,0.9713155590882863,44.44444444444444,0.8888888888711112,0.9772727272727451,0.0,0.9934900354417923,0
5,4.7555555555555555,0.9555555555555557,0.9000000000000004,0.9777777777777601,0.9772727272727451,0.023000808353609323,0.7742734964432962,38.888888888888886,0.7777777777622222,0.9204545454545625,0.0,0.984007137559356,0
6,5.655555555555556,0.9000000000000004,0.8694444444444445,0.9777777777777601,0.9204545454545625,0.022790191341952627,0.7671835208424918,38.888888888888886,0.7777777777622222,0.8892045454545615,0.0,0.9854679115468896,0
7,6.525,0.8694444444444445,0.8694444444444445,0.9777777777777601,0.8892045454545615,0.022488633066182585,0.7570322002031351,38.888888888888886,0.7777777777622222,0.8892045454545615,0.0,0.9895227437194123,0
8,7.394444444444445,0.8694444444444445,0.8611111111111116,0.9777777777777601,0.8892045454545615,0.02235835607448895,0.7526467012104914,41.666666666666664,0.8333333333166667,0.8806818181818347,0.0,0.9897640219276626,0
9,8.255555555555556,0.8611111111111116,0.9138888888888879,0.9777777777777601,0.8806818181818347,0.023045480791962142,0.7757772994621435,41.666666666666664,0.8333333333166667,0.9346590909091068,0.0,0.9907921665132359,0
10,9.169444444444444,0.9138888888888879,0.9138888888888896,0.9777777777777601,0.9346590909091068,0.03016393604994091,1.015405018502961,44.44444444444444,0.8888888888711112,0.9346590909091086,0.0,0.9948203654219228,0
11,10.083333333333334,0.9138888888888896,0.9166666666666661,0.9777777777777601,0.9346590909091086,0.029351405453785635,0.9880528969609554,41.666666666666664,0.8333333333166667,0.9375000000000163,0.0,0.9931039407473783,0
12,11.0,0.9166666666666661,0.8972222222222221,0.9777777777777601,0.9375000000000163,0.029634151058876693,0.9975709288880149,44.44444444444444,0.8888888888711112,0.9176136363636529,0.0,0.9953967168857911,0
13,11.897222222222222,0.8972222222222221,0.905555555555555,0.9777777777777601,0.9176136363636529,0.02402368377146873,0.8087064308878641,38.888888888888886,0.7777777777622222,0.9261363636363799,0.0,0.9942063683317295,0
14,12.802777777777777,0.905555555555555,0.8861111111111111,0.9777777777777601,0.9261363636363799,0.02995812636096328,1.0084768712380145,47.22222222222222,0.9444444444255556,0.9062500000000163,0.0,0.993343015458811,0
15,13.688888888888888,0.8861111111111111,0.8666666666666671,0.9777777777777601,0.9062500000000163,0.02321785263568412,0.7815798324894686,38.888888888888886,0.7777777777622222,0.8863636363636529,0.0,0.9816005138729633,0
16,14.555555555555555,0.8666666666666671,0.9111111111111114,0.9777777777777601,0.8863636363636529,0.02981439891035025,1.0036385910345464,50.0,0.9999999999800001,0.931818181818199,0.0,0.9945969488547993,0
17,15.466666666666667,0.9111111111111114,0.9166666666666661,0.9777777777777601,0.931818181818199,0.030891663277851342,1.039902414270479,50.0,0.9999999999800001,0.9375000000000163,0.0,0.9953781807566093,0
18,16.383333333333333,0.9166666666666661,0.9027777777777786,0.9777777777777601,0.9375000000000163,0.03136073912054302,1.055692858990261,50.0,0.9999999999800001,0.923295454545472,0.0,0.989479258696992,0
19,17.28611111111111,0.9027777777777786,0.8472222222222214,0.9777777777777601,0.923295454545472,0.023834730833755646,0.8023457304508561,41.666666666666664,0.8333333333166667,0.8664772727272876,0.0,0.9958837671022123,0
20,18.133333333333333,0.8472222222222214,0.8388888888888886,0.9777777777777601,0.8664772727272876,0.02390911224601624,0.8048496231513211,41.666666666666664,0.8333333333166667,0.8579545454545606,0.0,0.9910084758308346,0
21,18.97222222222222,0.8388888888888886,0.8666666666666671,0.9777777777777601,0.8579545454545606,0.02394626985880456,0.8061004554842894,38.888888888888886,0.7777777777622222,0.8863636363636529,0.0,0.9933449287268782,0
22,19.83888888888889,0.8666666666666671,0.8888888888888893,0.9777777777777601,0.8863636363636529,0.03038946432948771,1.0229969503545275,47.22222222222222,0.9444444444255556,0.9090909090909259,0.0,0.9931881622398449,0
23,20.727777777777778,0.8888888888888893,0.8972222222222221,0.9777777777777601,0.9090909090909259,0.03047807926157124,1.0259799843525754,47.22222222222222,0.9444444444255556,0.9176136363636529,0.0,0.9887966478499982,0
24,21.625,0.8972222222222221,0.8888888888888893,0.9777777777777601,0.9176136363636529,0.031109426455993665,1.0472329504301092,50.0,0.9999999999800001,0.9090909090909259,0.0,0.9904872341006721,0
25,22.51388888888889,0.8888888888888893,0.8583333333333343,0.9777777777777601,0.9090909090909259,0.02914187975405806,0.9809996580647956,38.888888888888886,0.7777777777622222,0.8778409090909259,0.0,0.9866630969349839,0
26,23.372222222222224,0.8583333333333343,0.8527777777777779,0.9777777777777601,0.8778409090909259,0.022289132734010206,0.7503164440715264,36.111111111111114,0.7222222222077779,0.8721590909091068,0.0,0.9848769692639133,0
27,24.225,0.8527777777777779,0.8444444444444414,0.9777777777777601,0.8721590909091068,0.030539949974044165,1.0280627308429322,47.22222222222222,0.9444444444255556,0.8636363636363762,0.0,0.9935543036179617,0
28,25.069444444444443,0.8444444444444414,0.8194444444444464,0.9777777777777601,0.8636363636363762,0.029963099168608048,1.008644270274738,47.22222222222222,0.9444444444255556,0.838068181818199,0.0,0.9905758166680945,0
29,25.88888888888889,0.8194444444444464,0.8555555555555543,0.9777777777777601,0.838068181818199,0.029492058908550323,0.9927876976050553,47.22222222222222,0.9444444444255556,0.8750000000000145,0.0,0.993449532597281,0
30,26.744444444444444,0.8555555555555543,0.9027777777777786,0.9777777777777601,0.8750000000000145,0.02949601057048707,0.9929207219343522,38.888888888888886,0.7777777777622222,0.923295454545472,0.0,0.9921799127547768,0
31,27.647222222222222,0.9027777777777786,0.9111111111111114,0.9777777777777601,0.923295454545472,0.02482669340277988,0.8357380493142382,41.666666666666664,0.8333333333166667,0.931818181818199,0.0,0.9923699162698856,0
32,28.558333333333334,0.9111111111111114,0.8583333333333343,0.9777777777777601,0.931818181818199,0.0304481429104618,1.0249722404990589,41.666666666666664,0.8333333333166667,0.8778409090909259,0.0,0.9886534971221657,0
33,29.416666666666668,0.8583333333333343,0.8388888888888886,0.9777777777777601,0.8778409090909259,0.0219592445377137,0.7392114566617345,36.111111111111114,0.7222222222077779,0.8579545454545606,0.0,0.9837621201548825,0
34,30.255555555555556,0.8388888888888886,0.8138888888888864,0.9777777777777601,0.8579545454545606,0.021598929891018855,0.7270822272439185,36.111111111111114,0.7222222222077779,0.8323863636363762,0.0,0.9789548589680028,0
35,31.069444444444443,0.8138888888888864,0.7916666666666679,0.9777777777777601,0.8323863636363762,0.02176388573915783,0.732635116487365,38.888888888888886,0.7777777777622222,0.8096590909091068,0.0,0.986042279412607,0
36,31.86111111111111,0.7916666666666679,0.8055555555555536,0.9777777777777601,0.8096590909091068,0.026976989708371136,0.9081232200144664,41.666666666666664,0.8333333333166667,0.8238636363636492,0.0,0.990793077030801,0
37,32.666666666666664,0.8055555555555536,0.8027777777777771,0.9777777777777601,0.8238636363636492,0.023085582776776088,0.7771272478430375,41.666666666666664,0.8333333333166667,0.8210227272727415,0.0,0.9925181201887021,0
38,33.46944444444444,0.8027777777777771,0.8027777777777843,0.9777777777777601,0.8210227272727415,0.030341888512272597,1.0213954112357726,44.44444444444444,0.8888888888711112,0.8210227272727487,0.0,0.9913561813552971,0
39,34.272222222222226,0.8027777777777843,0.7861111111111043,0.9777777777777601,0.8210227272727487,0.022800687512436902,0.7675368521904681,38.888888888888886,0.7777777777622222,0.8039772727272804,0.0,0.9887953898988504,0
40,35.05833333333333,0.7861111111111043,0.8055555555555571,0.9777777777777601,0.8039772727272804,0.029707980104041853,1.0000562273201514,44.44444444444444,0.8888888888711112,0.8238636363636529,0.0,0.9953581990949251,0
41,35.86388888888889,0.8055555555555571,0.75555555555556,0.9777777777777601,0.8238636363636529,0.022386326387962546,0.7535882625711562,38.888888888888886,0.7777777777622222,0.7727272727272912,0.0,0.9857039621413897,0
42,36.61944444444445,0.75555555555556,0.7611111111111057,0.9777777777777601,0.7727272727272912,0.028815705564812232,0.9700196948359252,41.666666666666664,0.8333333333166667,0.7784090909090995,0.0,0.9866067089883047,0
43,37.38055555555555,0.7611111111111057,0.7861111111111114,0.9777777777777601,0.7784090909090995,0.028145221474282958,0.947449268044719,41.666666666666664,0.8333333333166667,0.8039772727272876,0.0,0.9892067371100176,0
44,38.166666666666664,0.7861111111111114,0.8027777777777771,0.9777777777777601,0.8039772727272876,0.0222477670573918,0.7489239561825932,38.888888888888886,0.7777777777622222,0.8210227272727415,0.0,0.9818818263397244,0
45,38.96944444444444,0.8027777777777771,0.8444444444444485,0.9777777777777601,0.8210227272727415,0.03083447227111284,1.0379772001618373,52.77777777777778,1.0555555555344445,0.8636363636363834,0.0,0.9954997236389882,0
46,39.81388888888889,0.8444444444444485,0.8527777777777743,0.9777777777777601,0.8636363636363834,0.024003826585093434,0.8080379807669833,41.666666666666664,0.8333333333166667,0.8721590909091032,0.0,0.9915647823581484,0
47,40.666666666666664,0.8527777777777743,0.7861111111111114,0.9777777777777601,0.8721590909091032,0.030274399979677714,1.0191235527298141,41.666666666666664,0.8333333333166667,0.8039772727272876,0.0,0.9922631257074659,0
48,41.452777777777776,0.7861111111111114,0.75555555555556,0.9777777777777601,0.8039772727272876,0.02791246271288135,0.939613937336007,41.666666666666664,0.8333333333166667,0.7727272727272912,0.0,0.9925014047643577,0
49,42.208333333333336,0.75555555555556,0.7749999999999986,0.9777777777777601,0.7727272727272912,0.027624154453767827,0.9299086504432409,38.888888888888886,0.7777777777622222,0.7926136363636492,0.0,0.9874548832266061,0
50,42.983333333333334,0.7749999999999986,0.7944444444444443,0.9777777777777601,0.7926136363636492,0.023500212364440366,0.7910848747070206,41.666666666666664,0.8333333333166667,0.8125000000000145,0.0,0.9896087669830854,0
51,43.77777777777778,0.7944444444444443,0.80833333333333,0.9777777777777601,0.8125000000000145,0.030144470806072948,1.0147497622964372,41.666666666666664,0.8333333333166667,0.826704545454557,0.0,0.9935911140162669,0
52,44.58611111111111,0.80833333333333,0.8333333333333357,0.9777777777777601,0.826704545454557,0.03047193276090147,1.0257730754261016,41.666666666666664,0.8333333333166667,0.8522727272727451,0.0,0.9939451917263364,0
53,45.419444444444444,0.8333333333333357,0.8444444444444414,0.9777777777777601,0.8522727272727451,0.02474311627137276,0.8329246022056658,44.44444444444444,0.8888888888711112,0.8636363636363762,0.0,0.9938998715764548,0
54,46.263888888888886,0.8444444444444414,0.8361111111111157,0.9777777777777601,0.8636363636363762,0.024827710445726365,0.8357722859108875,44.44444444444444,0.8888888888711112,0.8551136363636566,0.0,0.9951282458912205,0
55,47.1,0.8361111111111157,0.8166666666666629,0.9777777777777601,0.8551136363636566,0.030180690197258973,1.015969011386361,44.44444444444444,0.8888888888711112,0.8352272727272839,0.0,0.9966101834711361,0
56,47.916666666666664,0.8166666666666629,0.7833333333333385,0.9777777777777601,0.8352272727272839,0.029857625918563543,1.0050937367092347,41.666666666666664,0.8333333333166667,0.8011363636363834,0.0,0.9929600054545178,0
57,48.7,0.7833333333333385,0.7833333333333314,0.9777777777777601,0.8011363636363834,0.02290566096416522,0.771070561104253,38.888888888888886,0.7777777777622222,0.8011363636363762,0.0,0.9871275880502256,0
58,49.483333333333334,0.7833333333333314,0.7916666666666643,0.9777777777777601,0.8011363636363762,0.029612948828931753,0.9968572007242268,41.666666666666664,0.8333333333166667,0.8096590909091032,0.0,0.9867533857257406,0
59,50.275,0.7916666666666643,0.8222222222222229,0.9777777777777601,0.8096590909091032,0.02393782913652447,0.8058163164465721,41.666666666666664,0.8333333333166667,0.8409090909091068,0.0,0.9923745221950888,0
60,51.09722222222222,0.8222222222222229,0.81111111111111,0.9777777777777601,0.8409090909091068,0.03075653829240068,1.035353717836281,41.666666666666664,0.8333333333166667,0.8295454545454685,0.0,0.9946881404745535,0
61,51.90833333333333,0.81111111111111,0.8027777777777771,0.9777777777777601,0.8295454545454685,0.024618475246543182,0.8287288261002609,44.44444444444444,0.8888888888711112,0.8210227272727415,0.0,0.9946648708875471,0
62,52.71111111111111,0.8027777777777771,0.8083333333333371,0.9777777777777601,0.8210227272727415,0.029323584127412598,0.9871163509354693,41.666666666666664,0.8333333333166667,0.8267045454545643,0.0,0.989031614688366,0
63,53.519444444444446,0.8083333333333371,0.80833333333333,0.9777777777777601,0.8267045454545643,0.029411307029743535,0.9900693566412566,44.44444444444444,0.8888888888711112,0.826704545454557,0.0,0.9900211261359132,0
64,54.327777777777776,0.80833333333333,0.8388888888888886,0.9777777777777601,0.826704545454557,0.027973394230461204,0.941665067819547,41.666666666666664,0.8333333333166667,0.8579545454545606,0.0,0.989996380116553,0
65,55.166666666666664,0.8388888888888886,0.8694444444444471,0.9777777777777601,0.8579545454545606,0.029587097968557824,0.995986986263062,41.666666666666664,0.8333333333166667,0.8892045454545643,0.0,0.9938089454600603,0
66,56.03611111111111,0.8694444444444471,0.8888888888888857,0.9777777777777601,0.8892045454545643,0.02199343022972867,0.7403622455765342,36.111111111111114,0.7222222222077779,0.9090909090909223,0.0,0.9868497574579137,0
67,56.925,0.8888888888888857,0.9138888888888914,0.9777777777777601,0.9090909090909223,0.02914555901651065,0.981123512642413,44.44444444444444,0.8888888888711112,0.9346590909091104,0.0,0.9924418264970564,0
68,57.83888888888889,0.9138888888888914,0.9527777777777757,0.9777777777777601,0.9346590909091104,0.023854968871886248,0.8030270011394175,41.666666666666664,0.8333333333166667,0.9744318181818337,0.0,0.9917602390054483,0
69,58.791666666666664,0.9527777777777757,0.9250000000000043,0.9777777777777601,0.9744318181818337,0.030027003914735888,1.0107954881999097,41.666666666666664,0.8333333333166667,0.9460227272727487,0.0,0.9955498709754537,0
70,59.71666666666667,0.9250000000000043,0.8611111111111072,0.9777777777777601,0.9460227272727487,0.028596210791100366,0.9626308681790461,41.666666666666664,0.8333333333166667,0.8806818181818301,0.0,0.9912916789190769,0
71,60.577777777777776,0.8611111111111072,0.8944444444444457,0.9777777777777601,0.8806818181818301,0.028186763364760732,0.9488476877999986,41.666666666666664,0.8333333333166667,0.9147727272727451,0.0,0.9923733731068853,0
72,61.47222222222222,0.8944444444444457,0.8916666666666657,0.9777777777777601,0.9147727272727451,0.029339270199389283,0.9876443893247351,44.44444444444444,0.8888888888711112,0.9119318181818337,0.0,0.9949552965461209,0
73,62.36388888888889,0.8916666666666657,0.9194444444444443,0.9777777777777601,0.9119318181818337,0.029206737364106526,0.9831829521356451,44.44444444444444,0.8888888888711112,0.9403409090909259,0.0,0.9930279247492502,0
74,63.28333333333333,0.9194444444444443,0.9555555555555628,0.9777777777777601,0.9403409090909259,0.024033074452198277,0.8090225482647262,41.666666666666664,0.8333333333166667,0.9772727272727524,0.0,0.9915851217018841,0
75,64.2388888888889,0.9555555555555628,0.9194444444444372,0.9777777777777601,0.9772727272727524,0.030032321101052167,1.0109744800151996,44.44444444444444,0.8888888888711112,0.9403409090909187,0.0,0.9961645520879718,0
76,65.15833333333333,0.9194444444444372,0.88055555555556,0.9777777777777601,0.9403409090909187,0.023531605752861007,0.7921416666355459,41.666666666666664,0.8333333333166667,0.9005681818182026,0.0,0.990175653183738,0
77,66.03888888888889,0.88055555555556,0.87777777777778,0.9777777777777601,0.9005681818182026,0.028279985278101615,0.951985806064275,38.888888888888886,0.7777777777622222,0.8977272727272912,0.0,0.988493028772666,0
78,66.91666666666667,0.87777777777778,0.86944444444444,0.9777777777777601,0.8977272727272912,0.02251642094059572,0.757967620139244,38.888888888888886,0.7777777777622222,0.889204545454557,0.0,0.9843638303833568,0
79,67.78611111111111,0.86944444444444,0.88055555555556,0.9777777777777601,0.889204545454557,0.029072340015724608,0.9786587500621973,41.666666666666664,0.8333333333166667,0.9005681818182026,0.0,0.99143987999526,0
80,68.66666666666667,0.88055555555556,0.8888888888888857,0.9777777777777601,0.9005681818182026,0.027654050827559305,0.930915048545022,41.666666666666664,0.8333333333166667,0.9090909090909223,0.0,0.9897759393659273,0
81,69.55555555555556,0.8888888888888857,0.9249999999999972,0.9777777777777601,0.9090909090909223,0.023578173856131292,0.7937092831987332,41.666666666666664,0.8333333333166667,0.9460227272727415,0.0,0.9913844817991471,0
82,70.48055555555555,0.9249999999999972,0.9194444444444514,0.9777777777777601,0.9460227272727415,0.030790122614968683,1.036484262922377,52.77777777777778,1.0555555555344445,0.9403409090909332,0.0,0.9969527191557062,0
83,71.4,0.9194444444444514,0.8444444444444343,0.9777777777777601,0.9403409090909332,0.023461397437843146,0.7897782524149434,38.888888888888886,0.7777777777622222,0.863636363636369,0.0,0.9913363723085452,0
84,72.24444444444444,0.8444444444444343,0.8361111111111086,0.9777777777777601,0.863636363636369,0.029861025876158475,1.0052081890804,44.44444444444444,0.8888888888711112,0.8551136363636492,0.0,0.9956276684431569,0
85,73.08055555555555,0.8361111111111086,0.9111111111111114,0.9777777777777601,0.8551136363636492,0.029801530015494553,1.0032053869461468,44.44444444444444,0.8888888888711112,0.931818181818199,0.0,0.9938412808697132,0
86,73.99166666666666,0.9111111111111114,0.9166666666666714,0.9777777777777601,0.931818181818199,0.024871229875262753,0.8372372753300559,44.44444444444444,0.8888888888711112,0.9375000000000218,0.0,0.9965504351135783,0
87,74.90833333333333,0.9166666666666714,0.9333333333333371,0.9777777777777601,0.9375000000000218,0.030995149194887283,1.0433860484795126,52.77777777777778,1.0555555555344445,0.9545454545454757,0.0,0.9946832880391152,0
88,75.84166666666667,0.9333333333333371,0.8833333333333258,0.9777777777777601,0.9545454545454757,0.023291435601800994,0.7840568471916514,38.888888888888886,0.7777777777622222,0.9034090909090995,0.0,0.990107652370581,0
89,76.725,0.8833333333333258,0.8694444444444542,0.9777777777777601,0.9034090909090995,0.02894328866530154,0.974314509686962,41.666666666666664,0.8333333333166667,0.8892045454545715,0.0,0.9913023528013669,0
90,77.59444444444445,0.8694444444444542,0.8583333333333343,0.9777777777777601,0.8892045454545715,0.022105438991862247,0.7441327833139977,38.888888888888886,0.7777777777622222,0.8778409090909259,0.0,0.9841956240850682,0
91,78.45277777777778,0.8583333333333343,0.875,0.9777777777777601,0.8778409090909259,0.022375229846264368,0.753214720997878,38.888888888888886,0.7777777777622222,0.8948863636363799,0.0,0.9884591964697378,0
92,79.32777777777778,0.875,0.8416666666666686,0.9777777777777601,0.8948863636363799,0.02929028886325124,0.9859955363883939,47.22222222222222,0.9444444444255556,0.860795454545472,0.0,0.9945731809057394,0
93,80.16944444444445,0.8416666666666686,0.8166666666666629,0.9777777777777601,0.860795454545472,0.024097276832351213,0.8111837854089501,38.888888888888886,0.7777777777622222,0.8352272727272839,0.0,0.9918238869320803,0
94,80.98611111111111,0.8166666666666629,0.86666666666666,0.9777777777777601,0.8352272727272839,0.02459735902124888,0.8280179931008746,41.666666666666664,0.8333333333166667,0.8863636363636456,0.0,0.9951497286305921,0
95,81.85277777777777,0.86666666666666,0.875,0.9777777777777601,0.8863636363636456,0.030811789479441482,1.0372136320234278,52.77777777777778,1.0555555555344445,0.8948863636363799,0.0,0.9967831259941623,0
96,82.72777777777777,0.875,0.8500000000000085,0.9777777777777601,0.8948863636363799,0.024829370848535703,0.8358281798546535,41.666666666666664,0.8333333333166667,0.8693181818182063,0.0,0.9938565909132556,0
97,83.57777777777778,0.8500000000000085,0.8277777777777686,0.9777777777777601,0.8693181818182063,0.029007629197395017,0.9764803974236519,38.888888888888886,0.7777777777622222,0.8465909090909151,0.0,0.9896123177318281,0
98,84.40555555555555,0.8277777777777686,0.8388888888888886,0.9777777777777601,0.8465909090909151,0.02990314711403334,1.006626111338718,50.0,0.9999999999800001,0.8579545454545606,0.0,0.9910390193911183,0
99,85.24444444444444,0.8388888888888886,0.8250000000000028,0.9777777777777601,0.8579545454545606,0.030526724754433084,1.027617531836355,50.0,0.9999999999800001,0.8437500000000182,0.0,0.9833069424824846,0
100,86.06944444444444,0.8250000000000028,0.9027777777777857,0.9777777777777601,0.8437500000000182,0.023508247351189882,0.7913553555174677,41.666666666666664,0.8333333333166667,0.9232954545454793,0.0,0.9920198094286947,0
101,86.97222222222223,0.9027777777777857,0.8999999999999915,0.9777777777777601,0.9232954545454793,0.02418574297068314,0.8141618105805023,38.888888888888886,0.7777777777622222,0.9204545454545534,0.0,0.9912619408638157,0
102,87.87222222222222,0.8999999999999915,0.86944444444444,0.9777777777777601,0.9204545454545534,0.030283966810151598,1.0194455998147258,47.22222222222222,0.9444444444255556,0.889204545454557,0.0,0.9948156127920396,0
103,88.74166666666666,0.86944444444444,0.875,0.9777777777777601,0.889204545454557,0.023273086356690748,0.7834391587195688,38.888888888888886,0.7777777777622222,0.8948863636363799,0.0,0.9884108398070499,0
104,89.61666666666666,0.875,0.8416666666666686,0.9777777777777601,0.8948863636363799,0.027813348737631596,0.9362774752872295,41.666666666666664,0.8333333333166667,0.860795454545472,0.0,0.9885251551665715,0
105,90.45833333333333,0.8416666666666686,0.8361111111111228,0.9777777777777601,0.860795454545472,0.028518724557143122,0.9600224582323198,38.888888888888886,0.7777777777622222,0.8551136363636638,0.0,0.9865585322275541,0
106,91.29444444444445,0.8361111111111228,0.8305555555555486,0.9777777777777601,0.8551136363636638,0.02979755767589063,1.0030716665469805,52.77777777777778,1.0555555555344445,0.8494318181818264,0.0,0.9945966374272108,0
107,92.125,0.8305555555555486,0.8388888888888886,0.9777777777777601,0.8494318181818264,0.028012931274341447,0.942995998660479,41.666666666666664,0.8333333333166667,0.8579545454545606,0.0,0.9920594989168925,0
108,92.96388888888889,0.8388888888888886,0.8611111111111143,0.9777777777777601,0.8579545454545606,0.022154583501386126,0.7457871291367641,38.888888888888886,0.7777777777622222,0.8806818181818373,0.0,0.9914906931392876,0
109,93.825,0.8611111111111143,0.87222222222222,0.9777777777777601,0.8806818181818373,0.026084793355346508,0.8780893195032292,44.44444444444444,0.8888888888711112,0.8920454545454685,0.0,0.9940090135068508,0
110,94.69722222222222,0.87222222222222,0.8305555555555486,0.9777777777777601,0.8920454545454685,0.024621786204278306,0.8288402824796515,47.22222222222222,0.9444444444255556,0.8494318181818264,0.0,0.9958157192827533,0
111,95.52777777777777,0.8305555555555486,0.8000000000000114,0.9777777777777601,0.8494318181818264,0.029731504003737877,1.0008481095787054,44.44444444444444,0.8888888888711112,0.8181818181818447,0.0,0.9944230825169865,0
112,96.32777777777778,0.8000000000000114,0.8388888888888886,0.9777777777777601,0.8181818181818447,0.029896635004272757,1.0064068949565792,47.22222222222222,0.9444444444255556,0.8579545454545606,0.0,0.9945201557286281,0
113,97.16666666666667,0.8388888888888886,0.8555555555555543,0.9777777777777601,0.8579545454545606,0.02550002917812429,0.8584044720347451,47.22222222222222,0.9444444444255556,0.8750000000000145,0.0,0.9976839657410883,0
114,98.02222222222223,0.8555555555555543,0.8611111111111143,0.9777777777777601,0.8750000000000145,0.027624791119041148,0.9299300824311807,44.44444444444444,0.8888888888711112,0.8806818181818373,0.0,0.9950647527994243,0
115,98.88333333333334,0.8611111111111143,0.87222222222222,0.9777777777777601,0.8806818181818373,0.02437043462197284,0.8203790638356698,38.888888888888886,0.7777777777622222,0.8920454545454685,0.0,0.9903784614004134,0
116,99.75555555555556,0.87222222222222,0.8472222222222143,0.9777777777777601,0.8920454545454685,0.02361548921527974,0.7949654257288009,41.666666666666664,0.8333333333166667,0.8664772727272804,0.0,0.9911409552595642,0
117,100.60277777777777,0.8472222222222143,0.8666666666666742,0.9777777777777601,0.8664772727272804,0.02300308305774956,0.7743500695402482,38.888888888888886,0.7777777777622222,0.8863636363636601,0.0,0.9884437173243139,0
118,101.46944444444445,0.8666666666666742,0.8555555555555543,0.9777777777777601,0.8863636363636601,0.03042225859492741,1.0241008998407768,50.0,0.9999999999800001,0.8750000000000145,0.0,0.9971936892322559,0
119,102.325,0.8555555555555543,0.8444444444444485,0.9777777777777601,0.8750000000000145,0.02500801584497847,0.8418418852814951,47.22222222222222,0.9444444444255556,0.8636363636363834,0.0,0.9958710559691708,0
120,103.16944444444445,0.8444444444444485,0.8555555555555543,0.9777777777777601,0.8636363636363834,0.031347599172744364,1.0552505304786395,47.22222222222222,0.9444444444255556,0.8750000000000145,0.0,0.9966908076718324,0
121,104.025,0.8555555555555543,0.8999999999999915,0.9777777777777601,0.8750000000000145,0.03326867246042751,1.119919393785995,50.0,0.9999999999800001,0.9204545454545534,0.0,0.9855220676601177,0
122,104.925,0.8999999999999915,0.9055555555555515,0.9777777777777601,0.9204545454545534,0.03497692953860173,1.1774242501548544,52.77777777777778,1.0555555555344445,0.9261363636363762,0.0,0.9956954899209642,0
123,105.83055555555555,0.9055555555555515,0.9194444444444514,0.9777777777777601,0.9261363636363762,0.03193057479241364,1.0748751699453516,52.77777777777778,1.0555555555344445,0.9403409090909332,0.0,0.9966903432712794,0
124,106.75,0.9194444444444514,0.88333333333334,0.9777777777777601,0.9403409090909332,0.03326504563192599,1.1197973042862828,52.77777777777778,1.0555555555344445,0.903409090909114,0.0,0.9955606482251956,0
125,107.63333333333334,0.88333333333334,0.86388888888888,0.9777777777777601,0.903409090909114,0.024440479305770743,0.8227369697578308,41.666666666666664,0.8333333333166667,0.8835227272727342,0.0,0.9907539509180499,0
126,108.49722222222222,0.86388888888888,0.87777777777778,0.9777777777777601,0.8835227272727342,0.030756397042157574,1.0353489629460213,47.22222222222222,0.9444444444255556,0.8977272727272912,0.0,0.9947526596682218,0
127,109.375,0.87777777777778,0.87777777777778,0.9777777777777601,0.8977272727272912,0.026429113654549134,0.889680133089491,50.0,0.9999999999800001,0.8977272727272912,0.0,0.9917937193657864,0
128,110.25277777777778,0.87777777777778,0.8944444444444457,0.9777777777777601,0.8977272727272912,0.03196822240917085,1.0761424972240812,50.0,0.9999999999800001,0.9147727272727451,0.0,0.9869243583678744,0
129,111.14722222222223,0.8944444444444457,0.9055555555555515,0.9777777777777601,0.9147727272727451,0.03040028599051817,1.023361238652337,52.77777777777778,1.0555555555344445,0.9261363636363762,0.0,0.9960881531842318,0
130,112.05277777777778,0.9055555555555515,0.9138888888888914,0.9777777777777601,0.9261363636363762,0.027962058410307352,0.9412834714438614,55.55555555555556,1.111111111088889,0.9346590909091104,0.0,0.9928851938593164,0
131,112.96666666666667,0.9138888888888914,0.8527777777777743,0.9777777777777601,0.9346590909091104,0.030503933236809933,1.026850303669065,44.44444444444444,0.8888888888711112,0.8721590909091032,0.0,0.9852414724126193,0
132,113.81944444444444,0.8527777777777743,0.8055555555555571,0.9777777777777601,0.8721590909091032,0.029230582869665424,0.9839856605743965,38.888888888888886,0.7777777777622222,0.8238636363636529,0.0,0.9829505438468872,0
133,114.625,0.8055555555555571,0.7694444444444457,0.9777777777777601,0.8238636363636529,0.024957661746617416,0.8401468212124905,41.666666666666664,0.8333333333166667,0.7869318181818337,0.0,0.9934086546179117,0
134,115.39444444444445,0.7694444444444457,0.7972222222222172,0.9777777777777601,0.7869318181818337,0.02923940230038804,0.9842825480297092,50.0,0.9999999999800001,0.8153409090909187,0.0,0.9890534760497389,0
135,116.19166666666666,0.7972222222222172,0.8222222222222229,0.9777777777777601,0.8153409090909187,0.03177119336609987,1.0695099318057661,50.0,0.9999999999800001,0.8409090909091068,0.0,0.9948735043085251,0
136,117.01388888888889,0.8222222222222229,0.8194444444444429,0.9777777777777601,0.8409090909091068,0.030126385672198164,1.0141409645696966,47.22222222222222,0.9444444444255556,0.8380681818181953,0.0,0.9962124137539878,0
137,117.83333333333333,0.8194444444444429,0.8166666666666771,0.9777777777777601,0.8380681818181953,0.02895000991739268,0.9745407664026859,44.44444444444444,0.8888888888711112,0.8352272727272985,0.0,0.99565780885239,0
138,118.65,0.8166666666666771,0.7666666666666657,0.9777777777777601,0.8352272727272985,0.02413872803252802,0.812579152267334,41.666666666666664,0.8333333333166667,0.7840909090909223,0.0,0.9915034886792478,0
139,119.41666666666667,0.7666666666666657,0.7722222222222115,0.9777777777777601,0.7840909090909223,0.02259160321805059,0.7604984722702047,41.666666666666664,0.8333333333166667,0.7897727272727306,0.0,0.9913590162896349,0
140,120.18888888888888,0.7722222222222115,0.7722222222222257,0.9777777777777601,0.7897727272727306,0.024391297925480157,0.8210813827587973,41.666666666666664,0.8333333333166667,0.7897727272727451,0.0,0.9904874505347259,0
141,120.96111111111111,0.7722222222222257,0.75,0.9777777777777601,0.7897727272727451,0.02339271635101776,0.7874662490967004,44.44444444444444,0.8888888888711112,0.7670454545454685,0.0,0.9930948443331333,0
142,121.71111111111111,0.75,0.7750000000000057,0.9777777777777601,0.7670454545454685,0.029387440632257723,0.9892659449200357,44.44444444444444,0.8888888888711112,0.7926136363636566,0.0,0.9965992280492177,0
143,122.48611111111111,0.7750000000000057,0.8111111111111029,0.9777777777777601,0.7926136363636566,0.026494200455465203,0.8918711423854615,44.44444444444444,0.8888888888711112,0.8295454545454611,0.0,0.9943804866715016,0
144,123.29722222222222,0.8111111111111029,0.8027777777777771,0.9777777777777601,0.8295454545454611,0.03284670498544404,1.105714752487398,52.77777777777778,1.0555555555344445,0.8210227272727415,0.0,0.9965484065059116,0
145,124.1,0.8027777777777771,0.8361111111111228,0.9777777777777601,0.8210227272727415,0.02524470301732281,0.8498094576240371,41.666666666666664,0.8333333333166667,0.8551136363636638,0.0,0.9926011094772462,0
146,124.93611111111112,0.8361111111111228,0.8111111111111029,0.9777777777777601,0.8551136363636638,0.03000463063355208,1.010042339076506,44.44444444444444,0.8888888888711112,0.8295454545454611,0.0,0.9963614028600996,0
147,125.74722222222222,0.8111111111111029,0.7888888888888914,0.9777777777777601,0.8295454545454611,0.029782931942013993,1.0025793221940076,44.44444444444444,0.8888888888711112,0.806818181818199,0.0,0.9953141760462687,0
148,126.53611111111111,0.7888888888888914,0.7944444444444372,0.9777777777777601,0.806818181818199,0.02269820515497041,0.7640870006887541,38.888888888888886,0.7777777777622222,0.8125000000000072,0.0,0.9785472574746366,0
149,127.33055555555555,0.7944444444444372,0.8277777777777828,0.9777777777777601,0.8125000000000072,0.02825960031663986,0.9512995895129606,44.44444444444444,0.8888888888711112,0.8465909090909296,0.0,0.9912401672859716,0
150,128.15833333333333,0.8277777777777828,0.8416666666666686,0.9777777777777601,0.8465909090909296,0.02901186292107222,0.9766229167640216,44.44444444444444,0.8888888888711112,0.860795454545472,0.0,0.9950144615739991,0
151,129.0,0.8416666666666686,0.8611111111111143,0.9777777777777601,0.860795454545472,0.029588019991098224,0.9960180241989981,44.44444444444444,0.8888888888711112,0.8806818181818373,0.0,0.9959262043281443,0
152,129.86111111111111,0.8611111111111143,0.8611111111111143,0.9777777777777601,0.8806818181818373,0.02982995658276337,1.004162307124461,44.44444444444444,0.8888888888711112,0.8806818181818373,0.0,0.9948701514958658,0
153,130.72222222222223,0.8611111111111143,0.8305555555555486,0.9777777777777601,0.8806818181818373,0.028108614924087793,0.9462169860667732,44.44444444444444,0.8888888888711112,0.8494318181818264,0.0,0.9937794714176069,0
154,131.55277777777778,0.8305555555555486,0.8222222222222229,0.9777777777777601,0.8494318181818264,0.029326604556555124,0.9872180272851432,44.44444444444444,0.8888888888711112,0.8409090909091068,0.0,0.9845938837691824,0
155,132.375,0.8222222222222229,0.8027777777777771,0.9777777777777601,0.8409090909091068,0.028952365692705297,0.9746200685889436,44.44444444444444,0.8888888888711112,0.8210227272727415,0.0,0.9906145351424942,0
156,133.17777777777778,0.8027777777777771,0.7861111111111256,0.9777777777777601,0.8210227272727415,0.024759680636942293,0.8334822064884682,41.666666666666664,0.8333333333166667,0.8039772727273021,0.0,0.9892995005324291,0
157,133.9638888888889,0.7861111111111256,0.8027777777777771,0.9777777777777601,0.8039772727273021,0.030252805349601147,1.0183966152467165,47.22222222222222,0.9444444444255556,0.8210227272727415,0.0,0.9908760595156048,0
158,134.76666666666668,0.8027777777777771,0.8444444444444343,0.9777777777777601,0.8210227272727415,0.03361395975270415,1.1315427591459573,58.333333333333336,1.1666666666433334,0.863636363636369,0.0,0.9947004352256007,0
159,135.61111111111111,0.8444444444444343,0.8472222222222285,0.9777777777777601,0.863636363636369,0.027364240117343105,0.9211591848181457,52.77777777777778,1.0555555555344445,0.8664772727272949,0.0,0.9922348394527352,0
160,136.45833333333334,0.8472222222222285,0.8249999999999886,0.9777777777777601,0.8664772727272949,0.026671597251145242,0.897842829777373,47.22222222222222,0.9444444444255556,0.8437500000000037,0.0,0.9935089652244817,0
161,137.28333333333333,0.8249999999999886,0.7694444444444457,0.9777777777777601,0.8437500000000037,0.03148482387989255,1.0598699095964763,52.77777777777778,1.0555555555344445,0.7869318181818337,0.0,0.9936860400618643,0
162,138.05277777777778,0.7694444444444457,0.7722222222222115,0.9777777777777601,0.7869318181818337,0.03099898868076749,1.04351529663946,50.0,0.9999999999800001,0.7897727272727306,0.0,0.9960489338175994,0
163,138.825,0.7722222222222115,0.7527777777777942,0.9777777777777601,0.7897727272727306,0.02957949653159052,0.9957310999877544,47.22222222222222,0.9444444444255556,0.7698863636363944,0.0,0.9912389845834826,0
164,139.57777777777778,0.7527777777777942,0.7750000000000057,0.9777777777777601,0.7698863636363944,0.02873128517569391,0.9671778612425641,41.666666666666664,0.8333333333166667,0.7926136363636566,0.0,0.9914960519635122,0
165,140.3527777777778,0.7750000000000057,0.799999999999983,0.9777777777777601,0.7926136363636566,0.030726972366583307,1.0343584435656439,52.77777777777778,1.0555555555344445,0.8181818181818156,0.0,0.9945745652631854,0
166,141.15277777777777,0.799999999999983,0.8305555555555486,0.9777777777777601,0.8181818181818156,0.03217882173178046,1.0832318773605818,47.22222222222222,0.9444444444255556,0.8494318181818264,0.0,0.9947237171002372,0
167,141.98333333333332,0.8305555555555486,0.7944444444444514,0.9777777777777601,0.8494318181818264,0.03064848601116297,1.0317163666481663,44.44444444444444,0.8888888888711112,0.8125000000000218,0.0,0.9921974365130253,0
168,142.77777777777777,0.7944444444444514,0.7972222222222172,0.9777777777777601,0.8125000000000218,0.02676781268119077,0.9010817184411036,47.22222222222222,0.9444444444255556,0.8153409090909187,0.0,0.9921455465801643,0
169,143.575,0.7972222222222172,0.7722222222222399,0.9777777777777601,0.8153409090909187,0.02532515091033968,0.8525175655500742,44.44444444444444,0.8888888888711112,0.7897727272727596,0.0,0.996297624222214,0
170,144.34722222222223,0.7722222222222399,0.7611111111110915,0.9777777777777601,0.7897727272727596,0.024055202376040828,0.8097674379529146,44.44444444444444,0.8888888888711112,0.7784090909090849,0.0,0.9943839057588892,0
171,145.10833333333332,0.7611111111110915,0.75555555555556,0.9777777777777601,0.7784090909090849,0.029420990633650192,0.9903953346564511,44.44444444444444,0.8888888888711112,0.7727272727272912,0.0,0.9805032364194632,0
172,145.86388888888888,0.75555555555556,0.7833333333333314,0.9777777777777601,0.7727272727272912,0.029805243024683403,1.0033303775361635,44.44444444444444,0.8888888888711112,0.8011363636363762,0.0,0.9816617041431919,0
173,146.6472222222222,0.7833333333333314,0.8166666666666913,0.9777777777777601,0.8011363636363762,0.0290772726238902,0.9788247958685986,44.44444444444444,0.8888888888711112,0.835227272727313,0.0,0.994219164245179,0
174,147.4638888888889,0.8166666666666913,0.8166666666666629,0.9777777777777601,0.835227272727313,0.026362320290712185,0.8874316759673687,50.0,0.9999999999800001,0.8352272727272839,0.0,0.9962319337711569,0
175,148.28055555555557,0.8166666666666629,0.794444444444423,0.9777777777777601,0.8352272727272839,0.03164684498172108,1.0653240068213108,55.55555555555556,1.111111111088889,0.8124999999999928,0.0,0.9978485905407126,0
176,149.075,0.794444444444423,0.7777777777777999,0.9777777777777601,0.8124999999999928,0.024410682744578298,0.8217339316357885,47.22222222222222,0.9444444444255556,0.7954545454545825,0.0,0.994227593720738,0
177,149.8527777777778,0.7777777777777999,0.7583333333333258,0.9777777777777601,0.7954545454545825,0.025257908374273455,0.8502539879962209,47.22222222222222,0.9444444444255556,0.7755681818181881,0.0,0.9951413641755806,0
178,150.61111111111111,0.7583333333333258,0.8249999999999886,0.9777777777777601,0.7755681818181881,0.030082192376378932,1.0126532908693964,47.22222222222222,0.9444444444255556,0.8437500000000037,0.0,0.9895793639832259,0
179,151.4361111111111,0.8249999999999886,0.825000000000017,0.9777777777777601,0.8437500000000037,0.02541168736581636,0.8554306320354624,52.77777777777778,1.0555555555344445,0.8437500000000328,0.0,0.9978742785095904,0
180,152.26111111111112,0.825000000000017,0.8138888888888687,0.9777777777777601,0.8437500000000328,0.025127634750413772,0.845868602374574,44.44444444444444,0.8888888888711112,0.832386363636358,0.0,0.994441403013044,0
181,153.075,0.8138888888888687,0.8277777777777828,0.9777777777777601,0.832386363636358,0.02481954917547449,0.8354975540338078,44.44444444444444,0.8888888888711112,0.8465909090909296,0.0,0.9981039689505298,0
182,153.90277777777777,0.8277777777777828,0.8444444444444628,0.9777777777777601,0.8465909090909296,0.029103231746955328,0.9796986547639571,38.888888888888886,0.7777777777622222,0.863636363636398,0.0,0.9549002885771746,0
183,154.74722222222223,0.8444444444444628,0.8388888888888744,0.9777777777777601,0.863636363636398,0.031636642698697634,1.0649805685722362,50.0,0.9999999999800001,0.8579545454545461,0.0,0.9966062995189038,0
184,155.5861111111111,0.8388888888888744,0.8222222222222229,0.9777777777777601,0.8579545454545461,0.030659630184672677,1.0320915116454934,47.22222222222222,0.9444444444255556,0.8409090909091068,0.0,0.9955174803075395,0
185,156.40833333333333,0.8222222222222229,0.8333333333333428,0.9777777777777601,0.8409090909091068,0.030498174847290952,1.026656459682445,47.22222222222222,0.9444444444255556,0.8522727272727524,0.0,0.9974105186832862,0
186,157.24166666666667,0.8333333333333428,0.86388888888888,0.9777777777777601,0.8522727272727524,0.02470891140177773,0.8317731677182525,47.22222222222222,0.9444444444255556,0.8835227272727342,0.0,0.9968828414769748,0
187,158.10555555555555,0.86388888888888,0.9277777777777771,0.9777777777777601,0.8835227272727342,0.02624081195867915,0.8833413553297704,50.0,0.9999999999800001,0.9488636363636529,0.0,0.9982290441484922,0
188,159.03333333333333,0.9277777777777771,0.9444444444444571,0.9777777777777601,0.9488636363636529,0.02744839132028832,0.9239919568291379,52.77777777777778,1.0555555555344445,0.9659090909091212,0.0,0.9980590631166345,0
189,159.9777777777778,0.9444444444444571,0.9333333333333087,0.9777777777777601,0.9659090909091212,0.034185215364005275,1.1507728693544783,55.55555555555556,1.111111111088889,0.9545454545454466,0.0,0.996115964631562,0
190,160.9111111111111,0.9333333333333087,0.88055555555556,0.9777777777777601,0.9545454545454466,0.03167668674887507,1.0663285667063003,52.77777777777778,1.0555555555344445,0.9005681818182026,0.0,0.9984151828425594,0
191,161.79166666666666,0.88055555555556,0.8222222222222229,0.9777777777777601,0.9005681818182026,0.025421571997809766,0.8557633772354105,44.44444444444444,0.8888888888711112,0.8409090909091068,0.0,0.9969657873281428,0
192,162.61388888888888,0.8222222222222229,0.8444444444444628,0.9777777777777601,0.8409090909091068,0.029772528772838716,1.0022291215381176,47.22222222222222,0.9444444444255556,0.863636363636398,0.0,0.9964593287503007,0
193,163.45833333333334,0.8444444444444628,0.8916666666666515,0.9777777777777601,0.863636363636398,0.02590600497272132,0.8720707872842551,50.0,0.9999999999800001,0.9119318181818191,0.0,0.998398824386161,0
194,164.35,0.8916666666666515,0.9000000000000057,0.9777777777777601,0.9119318181818191,0.03131906586575588,1.0542900171337422,50.0,0.9999999999800001,0.920454545454568,0.0,0.99854918731515,0
195,165.25,0.9000000000000057,0.9194444444444514,0.9777777777777601,0.920454545454568,0.026263949938071508,0.8841202463986986,47.22222222222222,0.9444444444255556,0.9403409090909332,0.0,0.997308648268133,0
196,166.16944444444445,0.9194444444444514,0.9305555555555429,0.9777777777777601,0.9403409090909332,0.031540780406928336,1.0617535675606116,52.77777777777778,1.0555555555344445,0.9517045454545497,0.0,0.9991251595453612,0
197,167.1,0.9305555555555429,0.8888888888888857,0.9777777777777601,0.9517045454545497,0.025639614687164622,0.863103322547993,50.0,0.9999999999800001,0.9090909090909223,0.0,0.9981434121848376,0
198,167.98888888888888,0.8888888888888857,0.8555555555555543,0.9777777777777601,0.9090909090909223,0.03070851855033355,1.0337372349276361,50.0,0.9999999999800001,0.8750000000000145,0.0,0.9953370117444029,0
199,168.84444444444443,0.8555555555555543,0.8472222222222285,0.9777777777777601,0.8750000000000145,0.02457171089140038,0.8271546031334558,44.44444444444444,0.8888888888711112,0.8664772727272949,0.0,0.9950127573871475,0
200,169.69166666666666,0.8472222222222285,0.8472222222222285,0.9777777777777601,0.8664772727272949,0.02354813097940521,0.7926979533859587,41.666666666666664,0.8333333333166667,0.8664772727272949,0.0,0.9941518365564874,0
201,170.5388888888889,0.8472222222222285,0.9222222222222172,0.9777777777777601,0.8664772727272949,0.030609324916671097,1.0303980913471156,50.0,0.9999999999800001,0.9431818181818301,0.0,0.9975888774805555,0
202,171.4611111111111,0.9222222222222172,0.9222222222222172,0.9777777777777601,0.9431818181818301,0.03415790868205442,1.149853647743424,58.333333333333336,1.1666666666433334,0.9431818181818301,0.0,0.9956847362027925,0
203,172.38333333333333,0.9222222222222172,0.8361111111111086,0.9777777777777601,0.9431818181818301,0.028103781403640282,0.9460542758385286,55.55555555555556,1.111111111088889,0.8551136363636492,0.0,0.9972978943149134,0
204,173.21944444444443,0.8361111111111086,0.8694444444444684,0.9777777777777601,0.8551136363636492,0.030859492771508457,1.038819462313073,50.0,0.9999999999800001,0.889204545454586,0.0,0.999076873260406,0
205,174.0888888888889,0.8694444444444684,0.8944444444444173,0.9777777777777601,0.889204545454586,0.03209995228057631,1.080576904334957,52.77777777777778,1.0555555555344445,0.9147727272727161,0.0,0.9982244618452278,0
206,174.98333333333332,0.8944444444444173,0.2750000000000057,0.9777777777777601,0.9147727272727161,0.028290025241502474,0.9523237801670558,47.22222222222222,0.9444444444255556,0.2812500000000109,0.0,0.9626045767772792,0
207,175.25833333333333,0.2750000000000057,0.9194444444444514,0.9777777777777601,0.2812500000000109,0.05676633335423379,1.9109183786382526,238.88888888888889,4.777777777682222,0.9403409090909332,1.0,0.7389019778549537,1
208,176.17777777777778,0.9194444444444514,0.5749999999999886,0.9777777777777601,0.9403409090909332,0.039213695310595556,1.320045996202235,216.66666666666666,4.333333333246666,0.5880681818181809,0.0,0.673537314937517,0
209,176.75277777777777,0.5749999999999886,0.9333333333333371,0.9777777777777601,0.5880681818181809,0.027190127047037622,0.9152980370858856,41.666666666666664,0.8333333333166667,0.9545454545454757,0.0,0.9498293616196116,0
210,177.6861111111111,0.9333333333333371,0.9027777777777999,0.9777777777777601,0.9545454545454757,0.032669341773230345,1.0997441956117495,55.55555555555556,1.111111111088889,0.9232954545454939,0.0,0.9916134670447427,0
211,178.5888888888889,0.9027777777777999,0.9305555555555429,0.9777777777777601,0.9232954545454939,0.03080580926906547,1.0370123209074829,50.0,0.9999999999800001,0.9517045454545497,0.0,0.9959059049916545,0
212,179.51944444444445,0.9305555555555429,0.8388888888888744,0.9777777777777601,0.9517045454545497,0.02484893816218282,0.8364868720241041,50.0,0.9999999999800001,0.8579545454545461,0.0,0.9981684286688883,0
213,180.35833333333332,0.8388888888888744,0.875,0.9777777777777601,0.8579545454545461,0.02385120410060484,0.8029002680881895,41.666666666666664,0.8333333333166667,0.8948863636363799,0.0,0.994926390044554,0
214,181.23333333333332,0.875,0.9194444444444514,0.9777777777777601,0.8948863636363799,0.030713659632071916,1.0339102985553084,50.0,0.9999999999800001,0.9403409090909332,0.0,0.9974242727961335,0
215,182.15277777777777,0.9194444444444514,0.9194444444444514,0.9777777777777601,0.9403409090909332,0.030587504375248334,1.029663549037039,50.0,0.9999999999800001,0.9403409090909332,0.0,0.9986637398101608,0
216,183.07222222222222,0.9194444444444514,0.8833333333333258,0.9777777777777601,0.9403409090909332,0.02444311402523121,0.8228256620080093,47.22222222222222,0.9444444444255556,0.9034090909090995,0.0,0.9977459229845242,0
217,183.95555555555555,0.8833333333333258,0.9444444444444571,0.9777777777777601,0.9034090909090995,0.028958675922596083,0.9748324891128567,44.44444444444444,0.8888888888711112,0.9659090909091212,0.0,0.9981568466371551,0
218,184.9,0.9444444444444571,0.9027777777777715,0.9777777777777601,0.9659090909091212,0.02895682177898928,0.974770073295496,47.22222222222222,0.9444444444255556,0.9232954545454648,0.0,0.998809955062409,0
219,185.80277777777778,0.9027777777777715,0.8583333333333201,0.9777777777777601,0.9232954545454648,0.029205360247282895,0.9831365944145749,44.44444444444444,0.8888888888711112,0.8778409090909114,0.0,0.9952574138823639,0
220,186.6611111111111,0.8583333333333201,0.8666666666666742,0.9777777777777601,0.8778409090909114,0.02779943548171435,0.935809114995698,44.44444444444444,0.8888888888711112,0.8863636363636601,0.0,0.9948829922698661,0
221,187.52777777777777,0.8666666666666742,0.8916666666666799,0.9777777777777601,0.8863636363636601,0.029462317314891663,0.9917865098486139,44.44444444444444,0.8888888888711112,0.9119318181818482,0.0,0.9941508590920425,0
222,188.41944444444445,0.8916666666666799,0.9222222222222172,0.9777777777777601,0.9119318181818482,0.02885783177270917,0.9714377843995097,44.44444444444444,0.8888888888711112,0.9431818181818301,0.0,0.9954320684995469,0
223,189.34166666666667,0.9222222222222172,0.9499999999999886,0.9777777777777601,0.9431818181818301,0.029497016471162027,0.9929545834500302,47.22222222222222,0.9444444444255556,0.9715909090909151,0.0,0.996080396567476,0
224,190.29166666666666,0.9499999999999886,0.9027777777777999,0.9777777777777601,0.9715909090909151,0.023965060304887834,0.8067329960526448,44.44444444444444,0.8888888888711112,0.9232954545454939,0.0,0.9964302992938477,0
225,191.19444444444446,0.9027777777777999,0.8499999999999943,0.9777777777777601,0.9232954545454939,0.028340639428526493,0.9540275995700191,44.44444444444444,0.8888888888711112,0.8693181818181918,0.0,0.9974781511225006,0
226,192.04444444444445,0.8499999999999943,0.8583333333333201,0.9777777777777601,0.8693181818181918,0.02273156626151908,0.7652100316803411,41.666666666666664,0.8333333333166667,0.8778409090909114,0.0,0.9936510794936655,0
227,192.90277777777777,0.8583333333333201,0.8666666666666742,0.9777777777777601,0.8778409090909114,0.02952012292526055,0.9937324132867135,47.22222222222222,0.9444444444255556,0.8863636363636601,0.0,0.9957233291416179,0
228,193.76944444444445,0.8666666666666742,0.9027777777777715,0.9777777777777601,0.8863636363636601,0.024178895849506207,0.8139313167486016,41.666666666666664,0.8333333333166667,0.9232954545454648,0.0,0.9976614946525852,0
229,194.67222222222222,0.9027777777777715,0.9305555555555713,0.9777777777777601,0.9232954545454648,0.02483540637723606,0.8360313531448208,44.44444444444444,0.8888888888711112,0.9517045454545788,0.0,0.9974330209514344,0
230,195.6027777777778,0.9305555555555713,0.9277777777777771,0.9777777777777601,0.9517045454545788,0.024608551690623315,0.8283947706087711,47.22222222222222,0.9444444444255556,0.9488636363636529,0.0,0.997697156390734,0
231,196.53055555555557,0.9277777777777771,0.9333333333333371,0.9777777777777601,0.9488636363636529,0.030016357533628097,1.010437100329446,47.22222222222222,0.9444444444255556,0.9545454545454757,0.0,0.9961135767640622,0
232,197.4638888888889,0.9333333333333371,0.86944444444444,0.9777777777777601,0.9545454545454757,0.030842408441685856,1.0382443545349997,50.0,0.9999999999800001,0.889204545454557,0.0,0.9984904283127454,0
233,198.33333333333334,0.86944444444444,0.8611111111111143,0.9777777777777601,0.889204545454557,0.02887671816171979,0.9720735546833025,44.44444444444444,0.8888888888711112,0.8806818181818373,0.0,0.9947599724120209,0
234,199.19444444444446,0.8611111111111143,0.86388888888888,0.9777777777777601,0.8806818181818373,0.028579395509537597,0.9620648173407832,44.44444444444444,0.8888888888711112,0.8835227272727342,0.0,0.9949785759390648,0
235,200.05833333333334,0.86388888888888,0.9111111111110972,0.9777777777777601,0.8835227272727342,0.029020096535129002,0.9769000839420658,44.44444444444444,0.8888888888711112,0.9318181818181844,0.0,0.9967250411955668,0
236,200.96944444444443,0.9111111111110972,0.9194444444444514,0.9777777777777601,0.9318181818181844,0.029625968772637356,0.9972954895522301,47.22222222222222,0.9444444444255556,0.9403409090909332,0.0,0.9969536525159395,0
237,201.88888888888889,0.9194444444444514,0.8944444444444457,0.9777777777777601,0.9403409090909332,0.030109103662254156,1.0135592023090318,47.22222222222222,0.9444444444255556,0.9147727272727451,0.0,0.9960337346617312,0
238,202.78333333333333,0.8944444444444457,0.8472222222222285,0.9777777777777601,0.9147727272727451,0.027133498455206198,0.9133917554838699,41.666666666666664,0.8333333333166667,0.8664772727272949,0.0,0.9881683410447459,0
239,203.63055555555556,0.8472222222222285,0.8138888888888971,0.9777777777777601,0.8664772727272949,0.023536324368361405,0.7923005088321199,44.44444444444444,0.8888888888711112,0.8323863636363871,0.0,0.9950703936140624,0
240,204.44444444444446,0.8138888888888971,0.8666666666666458,0.9777777777777601,0.8323863636363871,0.029940398179539644,1.0078800895595,47.22222222222222,0.9444444444255556,0.886363636363631,0.0,0.9979611442627279,0
241,205.3111111111111,0.8666666666666458,0.88055555555556,0.9777777777777601,0.886363636363631,0.030446802711060976,1.024927125524835,47.22222222222222,0.9444444444255556,0.9005681818182026,0.0,0.9988491334675449,0
242,206.19166666666666,0.88055555555556,0.9083333333333314,0.9777777777777601,0.9005681818182026,0.029743836027950412,1.00126324105402,47.22222222222222,0.9444444444255556,0.9289772727272876,0.0,0.9985236783325127,0
243,207.1,0.9083333333333314,0.9444444444444571,0.9777777777777601,0.9289772727272876,0.03071644450249276,1.0340040453195412,50.0,0.9999999999800001,0.9659090909091212,0.0,0.9995160618566119,0
244,208.04444444444445,0.9444444444444571,0.88055555555556,0.9777777777777601,0.9659090909091212,0.024717188106986178,0.8320517854686486,44.44444444444444,0.8888888888711112,0.9005681818182026,0.0,0.9966782835681385,0
245,208.925,0.88055555555556,0.8972222222222115,0.9777777777777601,0.9005681818182026,0.029875155513487607,1.0056838333938567,47.22222222222222,0.9444444444255556,0.917613636363642,0.0,0.9990504288709745,0
246,209.82222222222222,0.8972222222222115,0.88055555555556,0.9777777777777601,0.917613636363642,0.029700886540880024,0.9998174375408049,50.0,0.9999999999800001,0.9005681818182026,0.0,0.9968149164099891,0
247,210.70277777777778,0.88055555555556,0.8722222222222058,0.9777777777777601,0.9005681818182026,0.029242439956606758,0.9843848042924153,44.44444444444444,0.8888888888711112,0.8920454545454539,0.0,0.9950624431757882,0
248,211.575,0.8722222222222058,0.9055555555555657,0.9777777777777601,0.8920454545454539,0.029179917644410112,0.9822801230774779,47.22222222222222,0.9444444444255556,0.9261363636363907,0.0,0.9984641317900087,0
249,212.48055555555555,0.9055555555555657,0.9388888888888971,0.9777777777777601,0.9261363636363907,0.030483421492422086,1.026159819239076,50.0,0.9999999999800001,0.9602272727272985,0.0,0.9993786164474106,0
250,213.41944444444445,0.9388888888888971,0.9166666666666572,0.9777777777777601,0.9602272727272985,0.023519557742925218,0.7917360958993025,44.44444444444444,0.8888888888711112,0.9375000000000072,0.0,0.9949418910929755,0
251,214.3361111111111,0.9166666666666572,0.9361111111111029,0.9777777777777601,0.9375000000000072,0.030774000308684088,1.0359415396290999,47.22222222222222,0.9444444444255556,0.9573863636363725,0.0,0.9993624325944598,0
252,215.2722222222222,0.9361111111111029,0.9138888888888914,0.9777777777777601,0.9573863636363725,0.03112409729316037,1.0477268130898116,47.22222222222222,0.9444444444255556,0.9346590909091104,0.0,0.9983888739586213,0
253,216.1861111111111,0.9138888888888914,0.8888888888888857,0.9777777777777601,0.9346590909091104,0.02876067615706857,0.9681672463790776,44.44444444444444,0.8888888888711112,0.9090909090909223,0.0,0.9944615017684839,0
254,217.075,0.8888888888888857,0.9083333333333314,0.9777777777777601,0.9090909090909223,0.02889266344825256,0.9726103189815704,44.44444444444444,0.8888888888711112,0.9289772727272876,0.0,0.9968290212990816,0
255,217.98333333333332,0.9083333333333314,0.9444444444444571,0.9777777777777601,0.9289772727272876,0.030440822519016794,1.0247258150259921,47.22222222222222,0.9444444444255556,0.9659090909091212,0.0,0.9991706450721578,0
256,218.92777777777778,0.9444444444444571,0.9583333333333428,0.9777777777777601,0.9659090909091212,0.030734289282440794,1.0346047520404185,50.0,0.9999999999800001,0.9801136363636638,0.0,0.9991027483336129,0
257,219.88611111111112,0.9583333333333428,0.98888888888888,0.9777777777777601,0.9801136363636638,0.02423668541178639,0.8158766799617856,44.44444444444444,0.8888888888711112,1.0113636363636456,0.0,0.995515919399846,0
258,220.875,0.98888888888888,0.9388888888888971,0.9777777777777601,1.0113636363636456,0.031461237289908364,1.0590759170021524,50.0,0.9999999999800001,0.9602272727272985,0.0,0.997243467892514,0
259,221.8138888888889,0.9388888888888971,0.8555555555555543,0.9777777777777601,0.9602272727272985,0.03176327564362457,1.0692433984487393,52.77777777777778,1.0555555555344445,0.8750000000000145,0.0,0.9971795527011961,0
260,222.66944444444445,0.8555555555555543,0.8416666666666686,0.9777777777777601,0.8750000000000145,0.023599676472991025,0.7944331232517744,41.666666666666664,0.8333333333166667,0.860795454545472,0.0,0.992875129157917,0
261,223.51111111111112,0.8416666666666686,0.8583333333333201,0.9777777777777601,0.860795454545472,0.030549182031819222,1.0283735085140022,50.0,0.9999999999800001,0.8778409090909114,0.0,0.9994002593594462,0
262,224.36944444444444,0.8583333333333201,0.9277777777777771,0.9777777777777601,0.8778409090909114,0.030498075637065105,1.0266531199803237,50.0,0.9999999999800001,0.9488636363636529,0.0,0.9975246413259452,0
263,225.29722222222222,0.9277777777777771,0.9583333333333428,0.9777777777777601,0.9488636363636529,0.03231364172309294,1.0877703068131095,52.77777777777778,1.0555555555344445,0.9801136363636638,0.0,0.9994524661816041,0
264,226.25555555555556,0.9583333333333428,0.9388888888888971,0.9777777777777601,0.9801136363636638,0.03182192097385223,1.0712175692773187,52.77777777777778,1.0555555555344445,0.9602272727272985,0.0,0.9992504470953021,0
265,227.19444444444446,0.9388888888888971,0.8972222222222115,0.9777777777777601,0.9602272727272985,0.03037297823450677,1.0224419808853096,47.22222222222222,0.9444444444255556,0.917613636363642,0.0,0.9977747371846817,0
266,228.09166666666667,0.8972222222222115,0.9166666666666572,0.9777777777777601,0.917613636363642,0.024375992522811203,0.820566158795501,44.44444444444444,0.8888888888711112,0.9375000000000072,0.0,0.9956566828574346,0
267,229.00833333333333,0.9166666666666572,0.9166666666666856,0.9777777777777601,0.9375000000000072,0.023558354709609867,0.7930421136089628,44.44444444444444,0.8888888888711112,0.9375000000000363,0.0,0.9956924924698274,0
268,229.925,0.9166666666666856,0.9277777777777771,0.9777777777777601,0.9375000000000363,0.02348797479038681,0.7906729226962581,41.666666666666664,0.8333333333166667,0.9488636363636529,0.0,0.9958203889156588,0
269,230.8527777777778,0.9277777777777771,0.9055555555555372,0.9777777777777601,0.9488636363636529,0.02270431020933328,0.7642925144130914,41.666666666666664,0.8333333333166667,0.9261363636363616,0.0,0.995241616598741,0
270,231.75833333333333,0.9055555555555372,0.9527777777777828,0.9777777777777601,0.9261363636363616,0.02377895775092844,0.8004682477474594,44.44444444444444,0.8888888888711112,0.974431818181841,0.0,0.9970848061288304,0
271,232.7111111111111,0.9527777777777828,0.9499999999999886,0.9777777777777601,0.974431818181841,0.030711224447877446,1.0338283232372347,47.22222222222222,0.9444444444255556,0.9715909090909151,0.0,0.9961889609253157,0
272,233.6611111111111,0.9499999999999886,0.8583333333333485,0.9777777777777601,0.9715909090909151,0.023406020040848283,0.7879140896370116,44.44444444444444,0.8888888888711112,0.8778409090909405,0.0,0.9948885073326097,0
273,234.51944444444445,0.8583333333333485,0.8555555555555543,0.9777777777777601,0.8778409090909405,0.026899062342773398,0.9054999603054003,41.666666666666664,0.8333333333166667,0.8750000000000145,0.0,0.9895873114701221,0
274,235.375,0.8555555555555543,0.9361111111111029,0.9777777777777601,0.8750000000000145,0.02964520661178983,0.9979430906606609,44.44444444444444,0.8888888888711112,0.9573863636363725,0.0,0.9963641976098336,0
275,236.3111111111111,0.9361111111111029,0.9611111111111086,0.9777777777777601,0.9573863636363725,0.031088972956218028,1.0465444266816255,50.0,0.9999999999800001,0.9829545454545606,0.0,0.9995191533885348,0
276,237.2722222222222,0.9611111111111086,0.9277777777777771,0.9777777777777601,0.9829545454545606,0.03133483955864911,1.0548210050955782,50.0,0.9999999999800001,0.9488636363636529,0.0,0.9992258465959809,0
277,238.2,0.9277777777777771,0.8777777777777942,0.9777777777777601,0.9488636363636529,0.024887322803189577,0.8377790096631432,47.22222222222222,0.9444444444255556,0.8977272727273058,0.0,0.9980564262710953,0
278,239.07777777777778,0.8777777777777942,0.8444444444444343,0.9777777777777601,0.8977272727273058,0.02970463749165881,0.9999437053540846,47.22222222222222,0.9444444444255556,0.863636363636369,0.0,0.9979227030836098,0
279,239.92222222222222,0.8444444444444343,0.86388888888888,0.9777777777777601,0.863636363636369,0.030058434965577162,1.011853547954055,47.22222222222222,0.9444444444255556,0.8835227272727342,0.0,0.9977235835037483,0
280,240.7861111111111,0.86388888888888,0.8583333333333485,0.9777777777777601,0.8835227272727342,0.029773908883800382,1.002275580050503,47.22222222222222,0.9444444444255556,0.8778409090909405,0.0,0.9982303079453868,0
281,241.64444444444445,0.8583333333333485,0.86944444444444,0.9777777777777601,0.8778409090909405,0.028899783443200974,0.9728499985310286,47.22222222222222,0.9444444444255556,0.889204545454557,0.0,0.9977819147753179,0
282,242.51388888888889,0.86944444444444,0.9694444444444343,0.9777777777777601,0.889204545454557,0.02874332616022785,0.9675831954835344,47.22222222222222,0.9444444444255556,0.9914772727272804,0.0,0.9982726535558322,0
283,243.48333333333332,0.9694444444444343,0.961111111111137,0.9777777777777601,0.9914772727272804,0.03129892981262783,1.0536121795542828,52.77777777777778,1.0555555555344445,0.9829545454545897,0.0,0.9994413985727378,0
284,244.44444444444446,0.961111111111137,0.9388888888888687,0.9777777777777601,0.9829545454545897,0.027900061800503608,0.9391964868865189,44.44444444444444,0.8888888888711112,0.9602272727272694,0.0,0.9957497340941257,0
285,245.38333333333333,0.9388888888888687,0.9138888888888914,0.9777777777777601,0.9602272727272694,0.023837921960413087,0.8024531529708243,44.44444444444444,0.8888888888711112,0.9346590909091104,0.0,0.9969735319095672,0
286,246.29722222222222,0.9138888888888914,0.9194444444444514,0.9777777777777601,0.9346590909091104,0.02927714692075188,0.9855531407293979,47.22222222222222,0.9444444444255556,0.9403409090909332,0.0,0.9982745680708458,0
287,247.21666666666667,0.9194444444444514,0.9638888888888744,0.9777777777777601,0.9403409090909332,0.02941691598076938,0.9902581700975228,50.0,0.9999999999800001,0.9857954545454575,0.0,0.9968296159107461,0
288,248.18055555555554,0.9638888888888744,0.9805555555555543,0.9777777777777601,0.9857954545454575,0.02984121817263586,1.0045414046949477,50.0,0.9999999999800001,1.002840909090926,0.0,0.9992650544123414,0
289,249.1611111111111,0.9805555555555543,1.00555555555556,0.9777777777777601,1.002840909090926,0.03000163980636088,1.0099416592138253,50.0,0.9999999999800001,1.028409090909114,0.0,0.9971539995542005,0
290,250.16666666666666,1.00555555555556,0.9416666666666629,0.9777777777777601,1.028409090909114,0.02863979558273155,0.9640980578746957,44.44444444444444,0.8888888888711112,0.9630681818181953,0.0,0.9960568651545576,0
291,251.10833333333332,0.9416666666666629,0.9361111111111313,0.9777777777777601,0.9630681818181953,0.030056292254028887,1.0117814181081448,50.0,0.9999999999800001,0.9573863636364016,0.0,0.9964626204039543,0
292,252.04444444444445,0.9361111111111313,0.9222222222222172,0.9777777777777601,0.9573863636364016,0.02972731181512003,1.0007069884281359,44.44444444444444,0.8888888888711112,0.9431818181818301,0.0,0.9954628907929493,0
293,252.96666666666667,0.9222222222222172,0.9138888888888914,0.9777777777777601,0.9431818181818301,0.028665032953069925,0.9649476204932139,44.44444444444444,0.8888888888711112,0.9346590909091104,0.0,0.9949965630726949,0
294,253.88055555555556,0.9138888888888914,0.9611111111111086,0.9777777777777601,0.9346590909091104,0.028856818620783303,0.9714036787858281,47.22222222222222,0.9444444444255556,0.9829545454545606,0.0,0.9969650223423432,0
295,254.84166666666667,0.9611111111111086,0.9749999999999943,0.9777777777777601,0.9829545454545606,0.024278188835064107,0.8172738048002507,44.44444444444444,0.8888888888711112,0.9971590909091032,0.0,0.9961727457834264,0
296,255.81666666666666,0.9749999999999943,0.9805555555555543,0.9777777777777601,0.9971590909091032,0.022721586788351268,0.7648740938531347,41.666666666666664,0.8333333333166667,1.002840909090926,0.0,0.9905063557152181,0
297,256.7972222222222,0.9805555555555543,0.955555555555577,0.9777777777777601,1.002840909090926,0.02993771065362678,1.0077896196919482,47.22222222222222,0.9444444444255556,0.9772727272727669,0.0,0.9984812146883217,0
298,257.7527777777778,0.955555555555577,0.9416666666666629,0.9777777777777601,0.9772727272727669,0.028474484084792077,0.9585331964339983,47.22222222222222,0.9444444444255556,0.9630681818181953,0.0,0.9963158097042353,0
299,258.69444444444446,0.9416666666666629,0.9472222222221944,0.9777777777777601,0.9630681818181953,0.030430038063613506,1.0243627791768182,44.44444444444444,0.8888888888711112,0.9687499999999891,0.0,0.9956911170250755,0
300,259.64166666666665,0.9472222222221944,0.9611111111111086,0.9777777777777601,0.9687499999999891,0.02386076385017887,0.8032220768096052,44.44444444444444,0.8888888888711112,0.9829545454545606,0.0,0.9968674967874119,0
301,260.60277777777776,0.9611111111111086,0.9444444444444571,0.9777777777777601,0.9829545454545606,0.02378563556608622,0.8006930422508233,47.22222222222222,0.9444444444255556,0.9659090909091212,0.0,0.9972263809347466,0
302,261.5472222222222,0.9444444444444571,0.9972222222222058,0.9777777777777601,0.9659090909091212,0.028894296599478113,0.9726652955584885,47.22222222222222,0.9444444444255556,1.0198863636363653,0.0,0.9990833163439332,0
303,262.5444444444444,0.9972222222222058,0.9777777777778169,0.9777777777777601,1.0198863636363653,0.030000654180318963,1.0099084802007259,50.0,0.9999999999800001,1.0000000000000582,0.0,0.9972308840025763,0
304,263.52222222222224,0.9777777777778169,0.919444444444423,0.9777777777777601,1.0000000000000582,0.0296528776441234,0.9982013197165676,44.44444444444444,0.8888888888711112,0.9403409090909042,0.0,0.9950875745862626,0
305,264.44166666666666,0.919444444444423,0.9138888888888914,0.9777777777777601,0.9403409090909042,0.022607429212740338,0.7610312208612429,41.666666666666664,0.8333333333166667,0.9346590909091104,0.0,0.9887796138400191,0
306,265.35555555555555,0.9138888888888914,0.9305555555555429,0.9777777777777601,0.9346590909091104,0.024035634759562878,0.8091087355893055,41.666666666666664,0.8333333333166667,0.9517045454545497,0.0,0.994772506535827,0
307,266.2861111111111,0.9305555555555429,1.0083333333333258,0.9777777777777601,0.9517045454545497,0.030018447409796714,1.0105074515842076,50.0,0.9999999999800001,1.0312500000000109,0.0,0.9971052363535662,0
308,267.2944444444444,1.0083333333333258,1.0083333333333826,0.9777777777777601,1.0312500000000109,0.030144203275170128,1.0147407564352366,47.22222222222222,0.9444444444255556,1.031250000000069,0.0,0.9965180381529095,0
309,268.3027777777778,1.0083333333333826,0.9777777777777601,0.9777777777777601,1.031250000000069,0.02962327255643784,0.9972047271445846,47.22222222222222,0.9444444444255556,1.0,0.0,0.996638208926004,0
310,269.28055555555557,0.9777777777777601,0.9527777777777828,0.9777777777777601,1.0,0.023946262760280595,0.8061002165275151,44.44444444444444,0.8888888888711112,0.974431818181841,0.0,0.9966759867581073,0
311,270.23333333333335,0.9527777777777828,0.9111111111110972,0.9777777777777601,0.974431818181841,0.022978497919912924,0.7735224629474423,41.666666666666664,0.8333333333166667,0.9318181818181844,0.0,0.9916368284633008,0
312,271.14444444444445,0.9111111111110972,0.9361111111111313,0.9777777777777601,0.9318181818181844,0.028944730792966448,0.9743630558603077,47.22222222222222,0.9444444444255556,0.9573863636364016,0.0,0.9973127265477637,0
313,272.0805555555556,0.9361111111111313,0.9472222222221944,0.9777777777777601,0.9573863636364016,0.028657476215318778,0.9646932389223434,44.44444444444444,0.8888888888711112,0.9687499999999891,0.0,0.9950230108777743,0
314,273.02777777777777,0.9472222222221944,0.9916666666666742,0.9777777777777601,0.9687499999999891,0.02382055092167324,0.8018683937443146,44.44444444444444,0.8888888888711112,1.0142045454545716,0.0,0.997134519756814,0
315,274.01944444444445,0.9916666666666742,1.01111111111112,0.9777777777777601,1.0142045454545716,0.024740066803379115,0.8328219483245747,44.44444444444444,0.8888888888711112,1.034090909090937,0.0,0.9964085573225603,0
316,275.03055555555557,1.01111111111112,0.9638888888889028,0.9777777777777601,1.034090909090937,0.028755743918305154,0.9680012130078182,47.22222222222222,0.9444444444255556,0.9857954545454866,0.0,0.9945539496934089,0
317,275.99444444444447,0.9638888888889028,0.9277777777777487,0.9777777777777601,0.9857954545454866,0.02279235937753775,0.7672565031684648,38.888888888888886,0.7777777777622222,0.9488636363636238,0.0,0.9920895641175322,0
318,276.9222222222222,0.9277777777777487,0.8999999999999773,0.9777777777777601,0.9488636363636238,0.02810499760917831,0.9460952168219865,41.666666666666664,0.8333333333166667,0.9204545454545389,0.0,0.9901959413405661,0
319,277.8222222222222,0.8999999999999773,0.955555555555577,0.9777777777777601,0.9204545454545389,0.027937807581661103,0.9404671186618675,41.666666666666664,0.8333333333166667,0.9772727272727669,0.0,0.992302016598455,0
320,278.77777777777777,0.955555555555577,1.0055555555555884,0.9777777777777601,0.9772727272727669,0.030004894944645085,1.010051236549629,47.22222222222222,0.9444444444255556,1.028409090909143,0.0,0.9966571873110148,0
321,279.78333333333336,1.0055555555555884,1.011111111111063,0.9777777777777601,1.028409090909143,0.023916179100715574,0.8050875138468476,41.666666666666664,0.8333333333166667,1.0340909090908788,0.0,0.9968874093513991,0
322,280.7944444444444,1.011111111111063,0.9444444444444571,0.9777777777777601,1.0340909090908788,0.030053670716968114,1.0116931696155314,47.22222222222222,0.9444444444255556,0.9659090909091212,0.0,0.997754484806538,0
323,281.7388888888889,0.9444444444444571,0.9583333333333144,0.9777777777777601,0.9659090909091212,0.02824914089778244,0.9509474953306608,41.666666666666664,0.8333333333166667,0.9801136363636347,0.0,0.9929262350386429,0
324,282.6972222222222,0.9583333333333144,0.9500000000000455,0.9777777777777601,0.9801136363636347,0.023647656366769954,0.7960482647521974,41.666666666666664,0.8333333333166667,0.9715909090909731,0.0,0.9964516132201651,0
325,283.64722222222224,0.9500000000000455,0.9499999999999886,0.9777777777777601,0.9715909090909731,0.028668040256989675,0.9650488550100629,47.22222222222222,0.9444444444255556,0.9715909090909151,0.0,0.9970172052010478,0
326,284.59722222222223,0.9499999999999886,1.0277777777777715,0.9777777777777601,0.9715909090909151,0.030232353442499704,1.017708145112236,47.22222222222222,0.9444444444255556,1.0511363636363762,0.0,0.9963575224862555,0
327,285.625,1.0277777777777715,1.0333333333333599,0.9777777777777601,1.0511363636363762,0.0240988131447813,0.8112355021129278,47.22222222222222,0.9444444444255556,1.056818181818228,0.0,0.9976405266851216,0
328,286.65833333333336,1.0333333333333599,0.9944444444444116,0.9777777777777601,1.056818181818228,0.025372513502764503,0.8541119269078841,47.22222222222222,0.9444444444255556,1.0170454545454393,0.0,0.9983243807134121,0
329,287.65277777777777,0.9944444444444116,0.9055555555555657,0.9777777777777601,1.0170454545454393,0.023618463273381293,0.7950655410955965,41.666666666666664,0.8333333333166667,0.9261363636363907,0.0,0.9911354805086328,0
330,288.55833333333334,0.9055555555555657,0.9138888888888914,0.9777777777777601,0.9261363636363907,0.02305237012419014,0.7760092142396732,41.666666666666664,0.8333333333166667,0.9346590909091104,0.0,0.9934176000497174,0
331,289.47222222222223,0.9138888888888914,0.9388888888888687,0.9777777777777601,0.9346590909091104,0.024640084504678646,0.8294562560059783,44.44444444444444,0.8888888888711112,0.9602272727272694,0.0,0.9970986766790043,0
332,290.4111111111111,0.9388888888888687,0.9277777777778056,0.9777777777777601,0.9602272727272694,0.030430298342694683,1.0243715409208027,50.0,0.9999999999800001,0.948863636363682,0.0,0.9975778342623673,0
333,291.3388888888889,0.9277777777778056,0.8777777777777374,0.9777777777777601,0.948863636363682,0.03100332247095997,1.0436611845071209,47.22222222222222,0.9444444444255556,0.8977272727272476,0.0,0.996449576220983,0
334,292.21666666666664,0.8777777777777374,0.9250000000000114,0.9777777777777601,0.8977272727272476,0.030459051449273626,1.0253394533533668,41.666666666666664,0.8333333333166667,0.946022727272756,0.0,0.9885787978407481,0
335,293.14166666666665,0.9250000000000114,0.8916666666667084,0.9777777777777601,0.946022727272756,0.028924511110897937,0.9736824030896976,47.22222222222222,0.9444444444255556,0.9119318181818773,0.0,0.9956062247533093,0
336,294.03333333333336,0.8916666666667084,0.9166666666666288,0.9777777777777601,0.9119318181818773,0.02926871472514828,0.9852692887241848,44.44444444444444,0.8888888888711112,0.9374999999999782,0.0,0.9960475581130985,0
337,294.95,0.9166666666666288,0.8972222222222399,0.9777777777777601,0.9374999999999782,0.022958058936798927,0.7728344278716256,41.666666666666664,0.8333333333166667,0.917613636363671,0.0,0.9950902407204624,0
338,295.84722222222223,0.8972222222222399,0.9361111111111313,0.9777777777777601,0.917613636363671,0.028870610015491047,0.9718679368778494,44.44444444444444,0.8888888888711112,0.9573863636364016,0.0,0.9962462921509905,0
339,296.78333333333336,0.9361111111111313,1.0166666666666515,0.9777777777777601,0.9573863636364016,0.029314718153014896,0.9868178966859165,47.22222222222222,0.9444444444255556,1.0397727272727306,0.0,0.9980400722961673,0
340,297.8,1.0166666666666515,0.9972222222222058,0.9777777777777601,1.0397727272727306,0.030400873986180306,1.0233810322809007,50.0,0.9999999999800001,1.0198863636363653,0.0,0.9993664826074982,0
341,298.7972222222222,0.9972222222222058,0.9750000000000227,0.9777777777777601,1.0198863636363653,0.026082852279059158,0.8780239772813053,47.22222222222222,0.9444444444255556,0.9971590909091322,0.0,0.99855673219973,0
342,299.77222222222224,0.9750000000000227,0.9277777777777487,0.9777777777777601,0.9971590909091322,0.029430014780478242,0.990699113445855,44.44444444444444,0.8888888888711112,0.9488636363636238,0.0,0.9972264703011531,0
343,300.7,0.9277777777777487,0.8944444444444457,0.9777777777777601,0.9488636363636238,0.028364764736439264,0.9548397269623793,41.666666666666664,0.8333333333166667,0.9147727272727451,0.0,0.9922882288863315,0
344,301.59444444444443,0.8944444444444457,0.955555555555577,0.9777777777777601,0.9147727272727451,0.02342537555255385,0.7885656519427063,41.666666666666664,0.8333333333166667,0.9772727272727669,0.0,0.9932237709499203,0
345,302.55,0.955555555555577,0.98888888888888,0.9777777777777601,0.9772727272727669,0.030727429034818763,1.034373816334546,50.0,0.9999999999800001,1.0113636363636456,0.0,0.9995991683998755,0
346,303.5388888888889,0.98888888888888,1.0,0.9777777777777601,1.0113636363636456,0.031041402291347577,1.0449430610056405,50.0,0.9999999999800001,1.0227272727272911,0.0,0.9993942021082897,0
347,304.5388888888889,1.0,1.01111111111112,0.9777777777777601,1.0227272727272911,0.031851316339916884,1.072207102015134,52.77777777777778,1.0555555555344445,1.034090909090937,0.0,0.9996530342818961,0
348,305.55,1.01111111111112,0.9666666666666401,0.9777777777777601,1.034090909090937,0.02486616926845295,0.8370669207204042,47.22222222222222,0.9444444444255556,0.9886363636363544,0.0,0.9980676595733807,0
349,306.51666666666665,0.9666666666666401,0.9583333333333712,0.9777777777777601,0.9886363636363544,0.02483698969582706,0.8360846522116444,47.22222222222222,0.9444444444255556,0.9801136363636929,0.0,0.9981400425165787,0
350,307.475,0.9583333333333712,0.98888888888888,0.9777777777777601,0.9801136363636929,0.02469479902157289,0.8312981043293336,44.44444444444444,0.8888888888711112,1.0113636363636456,0.0,0.997776540822725,0
351,308.4638888888889,0.98888888888888,1.0055555555555316,0.9777777777777601,1.0113636363636456,0.024824494132302137,0.8356640155317622,44.44444444444444,0.8888888888711112,1.028409090909085,0.0,0.9971401770244819,0
352,309.46944444444443,1.0055555555555316,1.0611111111111313,0.9777777777777601,1.028409090909085,0.030397355561371103,1.023262591961886,50.0,0.9999999999800001,1.0852272727273131,0.0,0.997387452011123,0
353,310.53055555555557,1.0611111111111313,1.0388888888888914,0.9777777777777601,1.0852272727273131,0.025863083092535655,0.8706259130983416,50.0,0.9999999999800001,1.0625000000000218,0.0,0.9986332504215893,0
354,311.56944444444446,1.0388888888888914,0.9916666666666742,0.9777777777777601,1.0625000000000218,0.030234182873465788,1.0177697290308894,50.0,0.9999999999800001,1.0142045454545716,0.0,0.9966958075640104,0
355,312.56111111111113,0.9916666666666742,0.9944444444444116,0.9777777777777601,1.0142045454545716,0.03059680985424745,1.0299767982781072,47.22222222222222,0.9444444444255556,1.0170454545454393,0.0,0.9981563203400584,0
356,313.55555555555554,0.9944444444444116,1.0138888888889142,0.9777777777777601,1.0170454545454393,0.024817792219399434,0.8354384098288556,47.22222222222222,0.9444444444255556,1.0369318181818628,0.0,0.9976657568264808,0
357,314.56944444444446,1.0138888888889142,1.0277777777777715,0.9777777777777601,1.0369318181818628,0.025535737339019517,0.8596065116397388,50.0,0.9999999999800001,1.0511363636363762,0.0,0.9981766973526853,0
358,315.59722222222223,1.0277777777777715,1.0277777777777715,0.9777777777777601,1.0511363636363762,0.026436900067600504,0.8899422461928808,50.0,0.9999999999800001,1.0511363636363762,0.0,0.9979550860187189,0
359,316.625,1.0277777777777715,1.02222222222224,0.9777777777777601,1.0511363636363762,0.030919077384008304,1.0408252520899022,47.22222222222222,0.9444444444255556,1.0454545454545825,0.0,0.9975290136984486,0
360,317.64722222222224,1.02222222222224,0.9444444444444002,0.9777777777777601,1.0454545454545825,0.034027876228139145,1.1454763805971464,58.333333333333336,1.1666666666433334,0.9659090909090632,0.0,0.9952131460760099,0
361,318.59166666666664,0.9444444444444002,1.02222222222224,0.9777777777777601,0.9659090909090632,0.046033537696730395,1.5496215453883662,86.11111111111111,1.7222222221877779,1.0454545454545825,0.0,0.5253049754417056,0
362,319.6138888888889,1.02222222222224,0.3777777777777942,0.9777777777777601,1.0454545454545825,0.025078201217761834,0.8442045272003659,50.0,0.9999999999800001,0.38636363636366017,0.0,0.9908415415381259,0
363,319.9916666666667,0.3777777777777942,0.15833333333330302,0.9777777777777601,0.38636363636366017,0.014186329176503412,0.47755272442253976,172.22222222222223,3.4444444443755557,0.16193181818179012,1.0,0.42351375326060314,1
364,320.15,0.15833333333330302,1.3555555555555543,0.9777777777777601,0.16193181818179012,0.025320914536606672,0.8523749570011889,169.44444444444446,3.3888888888211115,1.3863636363636602,1.0,0.41876345807354226,1
365,321.50555555555553,1.3555555555555543,0.966666666666697,0.9777777777777601,1.3863636363636602,0.03241745290117367,1.091264890246298,55.55555555555556,1.111111111088889,0.9886363636364125,0.0,0.994447694130808,0
366,322.47222222222223,0.966666666666697,0.9611111111111086,0.9777777777777601,0.9886363636364125,0.02647478201467677,0.8912174617054789,47.22222222222222,0.9444444444255556,0.9829545454545606,0.0,0.9929952710714947,0
367,323.43333333333334,0.9611111111111086,0.9250000000000114,0.9777777777777601,0.9829545454545606,0.03376081532877193,1.1364863410673447,55.55555555555556,1.111111111088889,0.946022727272756,0.0,0.997462431352967,0
368,324.35833333333335,0.9250000000000114,0.9111111111110972,0.9777777777777601,0.946022727272756,0.03373107282018115,1.1354851225116513,52.77777777777778,1.0555555555344445,0.9318181818181844,0.0,0.9979222678274667,0
369,325.26944444444445,0.9111111111110972,0.9305555555555429,0.9777777777777601,0.9318181818181844,0.030051774433635544,1.0116293352535566,52.77777777777778,1.0555555555344445,0.9517045454545497,0.0,0.9849652696809397,0
370,326.2,0.9305555555555429,0.9638888888889028,0.9777777777777601,0.9517045454545497,0.02893974128738084,0.9741950947227729,55.55555555555556,1.111111111088889,0.9857954545454866,0.0,0.993154851351357,0
371,327.1638888888889,0.9638888888889028,1.0138888888889142,0.9777777777777601,0.9857954545454866,0.026563045892427656,0.8941886782029677,52.77777777777778,1.0555555555344445,1.0369318181818628,0.0,0.9983134775206901,0
372,328.1777777777778,1.0138888888889142,1.022222222222183,0.9777777777777601,1.0369318181818628,0.03329537119973579,1.1208181502956378,58.333333333333336,1.1666666666433334,1.0454545454545243,0.0,0.9961849437703282,0
373,329.2,1.022222222222183,0.9444444444444571,0.9777777777777601,1.0454545454545243,0.03278340393001349,1.1035838565309055,55.55555555555556,1.111111111088889,0.9659090909091212,0.0,0.9985476797507227,0
374,330.14444444444445,0.9444444444444571,0.9027777777777715,0.9777777777777601,0.9659090909091212,0.028381226684295595,0.9553938835697922,44.44444444444444,0.8888888888711112,0.9232954545454648,0.0,0.993663073109134,0
375,331.0472222222222,0.9027777777777715,0.9305555555555429,0.9777777777777601,0.9232954545454648,0.031139112099993895,1.0482322547598035,50.0,0.9999999999800001,0.9517045454545497,0.0,0.9930343348079098,0
376,331.97777777777776,0.9305555555555429,0.9250000000000114,0.9777777777777601,0.9517045454545497,0.026098911839600045,0.8785645883720188,50.0,0.9999999999800001,0.946022727272756,0.0,0.9977096845223654,0
377,332.90277777777777,0.9250000000000114,0.9055555555555657,0.9777777777777601,0.946022727272756,0.02916162160114625,0.9816642255328699,44.44444444444444,0.8888888888711112,0.9261363636363907,0.0,0.9930524031227896,0
378,333.80833333333334,0.9055555555555657,0.919444444444423,0.9777777777777601,0.9261363636363907,0.031456556202937226,1.0589183381240288,55.55555555555556,1.111111111088889,0.9403409090909042,0.0,0.9984093134115734,0
379,334.72777777777776,0.919444444444423,0.8916666666667084,0.9777777777777601,0.9403409090909042,0.026098677078679734,0.878556685642871,52.77777777777778,1.0555555555344445,0.9119318181818773,0.0,0.9980145036620687,0
380,335.61944444444447,0.8916666666667084,0.8999999999999773,0.9777777777777601,0.9119318181818773,0.03083553241664147,1.0380128877156212,52.77777777777778,1.0555555555344445,0.9204545454545389,0.0,0.9973826950650493,0
381,336.51944444444445,0.8999999999999773,0.86388888888888,0.9777777777777601,0.9204545454545389,0.029554744267746607,0.9948978674518942,47.22222222222222,0.9444444444255556,0.8835227272727342,0.0,0.9974346635497524,0
382,337.3833333333333,0.86388888888888,0.8388888888889028,0.9777777777777601,0.8835227272727342,0.02794335513576988,0.9406538653209621,44.44444444444444,0.8888888888711112,0.8579545454545752,0.0,0.9947078596446148,0
383,338.22222222222223,0.8388888888889028,0.919444444444423,0.9777777777777601,0.8579545454545752,0.027310889372690512,0.9193632449987725,41.666666666666664,0.8333333333166667,0.9403409090909042,0.0,0.9917653619593407,0
384,339.14166666666665,0.919444444444423,0.9833333333333485,0.9777777777777601,0.9403409090909042,0.029589859984361602,0.9960799636750184,47.22222222222222,0.9444444444255556,1.0056818181818519,0.0,0.9984875372814794,0
385,340.125,0.9833333333333485,0.9916666666666742,0.9777777777777601,1.0056818181818519,0.031025641427175458,1.0444125048955288,50.0,0.9999999999800001,1.0142045454545716,0.0,0.9994916069318596,0
386,341.1166666666667,0.9916666666666742,0.9499999999999886,0.9777777777777601,1.0142045454545716,0.03037899157121518,1.0226444071290715,47.22222222222222,0.9444444444255556,0.9715909090909151,0.0,0.9994299710494057,0
387,342.06666666666666,0.9499999999999886,0.919444444444423,0.9777777777777601,0.9715909090909151,0.0298335488112957,1.004283231889495,50.0,0.9999999999800001,0.9403409090909042,0.0,0.996876730167317,0
388,342.9861111111111,0.919444444444423,0.966666666666697,0.9777777777777601,0.9403409090909042,0.030217793543633464,1.0172180169554466,50.0,0.9999999999800001,0.9886363636364125,0.0,0.9994382249618927,0
389,343.9527777777778,0.966666666666697,0.98888888888888,0.9777777777777601,0.9886363636364125,0.025532617160050074,0.8595014774234165,47.22222222222222,0.9444444444255556,1.0113636363636456,0.0,0.998294706812045,0
390,344.94166666666666,0.98888888888888,0.9916666666666742,0.9777777777777601,1.0113636363636456,0.030562889255166988,1.0288349331554687,50.0,0.9999999999800001,1.0142045454545716,0.0,0.9978583468610143,0
391,345.93333333333334,0.9916666666666742,0.9916666666666742,0.9777777777777601,1.0142045454545716,0.03132935351602217,1.0546363290902354,52.77777777777778,1.0555555555344445,1.0142045454545716,0.0,0.9970695059989633,0
392,346.925,0.9916666666666742,0.9444444444444571,0.9777777777777601,1.0142045454545716,0.030500115431299504,1.0267217853328459,50.0,0.9999999999800001,0.9659090909091212,0.0,0.9991345307428335,0
393,347.86944444444447,0.9444444444444571,0.9166666666666288,0.9777777777777601,0.9659090909091212,0.022932487153448904,0.7719736079473726,44.44444444444444,0.8888888888711112,0.9374999999999782,0.0,0.99495283854669,0
394,348.7861111111111,0.9166666666666288,0.9055555555555657,0.9777777777777601,0.9374999999999782,0.029392554886941393,0.9894381054717324,44.44444444444444,0.8888888888711112,0.9261363636363907,0.0,0.9955469414115018,0
395,349.69166666666666,0.9055555555555657,0.9388888888888687,0.9777777777777601,0.9261363636363907,0.023029394512241688,0.7752357889268423,44.44444444444444,0.8888888888711112,0.9602272727272694,0.0,0.9950132514952483,0
396,350.63055555555553,0.9388888888888687,1.01111111111112,0.9777777777777601,0.9602272727272694,0.025398492878231278,0.8549864675574486,47.22222222222222,0.9444444444255556,1.034090909090937,0.0,0.9975286574344052,0
397,351.64166666666665,1.01111111111112,1.0027777777777942,0.9777777777777601,1.034090909090937,0.03164757063542387,1.0653484344162472,52.77777777777778,1.0555555555344445,1.0255681818182172,0.0,0.9990030955802377,0
398,352.64444444444445,1.0027777777777942,0.9611111111111086,0.9777777777777601,1.0255681818182172,0.031619624887076966,1.0644076999885421,52.77777777777778,1.0555555555344445,0.9829545454545606,0.0,0.9985298858250424,0
399,353.60555555555555,0.9611111111111086,0.9388888888888687,0.9777777777777601,0.9829545454545606,0.029962363781593313,1.008619515028471,50.0,0.9999999999800001,0.9602272727272694,0.0,0.9991487396266787,0
400,354.5444444444444,0.9388888888888687,0.9194444444444798,0.9777777777777601,0.9602272727272694,0.02988760308620316,1.0061028545647885,50.0,0.9999999999800001,0.9403409090909622,0.0,0.9995687871219285,0
401,355.4638888888889,0.9194444444444798,0.8972222222221831,0.9777777777777601,0.9403409090909622,0.030368325625540402,1.0222853606588986,52.77777777777778,1.0555555555344445,0.9176136363636129,0.0,0.9963397131449339,0
402,356.3611111111111,0.8972222222221831,0.9472222222222513,0.9777777777777601,0.9176136363636129,0.024745065155496997,0.8329902072618811,47.22222222222222,0.9444444444255556,0.9687500000000472,0.0,0.9980778017492371,0
403,357.30833333333334,0.9472222222222513,0.9805555555555543,0.9777777777777601,0.9687500000000472,0.025859056521259735,0.8704903671048028,47.22222222222222,0.9444444444255556,1.002840909090926,0.0,0.9983169499580345,0
404,358.2888888888889,0.9805555555555543,1.02222222222224,0.9777777777777601,1.002840909090926,0.030624393552661354,1.030905345061656,52.77777777777778,1.0555555555344445,1.0454545454545825,0.0,0.9986430463506644,0
405,359.31111111111113,1.02222222222224,0.9499999999999886,0.9777777777777601,1.0454545454545825,0.03211699206682563,1.0811505126479812,55.55555555555556,1.111111111088889,0.9715909090909151,0.0,0.9975895924309555,0
406,360.2611111111111,0.9499999999999886,0.8694444444444116,0.9777777777777601,0.9715909090909151,0.03011341217266438,1.0137042391863667,47.22222222222222,0.9444444444255556,0.889204545454528,0.0,0.9929895058044805,0
407,361.13055555555553,0.8694444444444116,0.9027777777778283,0.9777777777777601,0.889204545454528,0.0254958051909593,0.8582622804534369,50.0,0.9999999999800001,0.923295454545523,0.0,0.9975298971358887,0
408,362.03333333333336,0.9027777777778283,0.8805555555555316,0.9777777777777601,0.923295454545523,0.03166048750944859,1.0657832536217497,52.77777777777778,1.0555555555344445,0.9005681818181736,0.0,0.9987977102697871,0
409,362.9138888888889,0.8805555555555316,0.9416666666666629,0.9777777777777601,0.9005681818181736,0.02561295926886188,0.8622060243482459,47.22222222222222,0.9444444444255556,0.9630681818181953,0.0,0.9982296866990249,0
410,363.85555555555555,0.9416666666666629,0.919444444444423,0.9777777777777601,0.9630681818181953,0.03218933346233592,1.0835857325053975,55.55555555555556,1.111111111088889,0.9403409090909042,0.0,0.9982082068304686,0
411,364.775,0.919444444444423,0.9111111111111541,0.9777777777777601,0.9403409090909042,0.025569098617616536,0.860729548422969,50.0,0.9999999999800001,0.9318181818182426,0.0,0.9983502947567691,0
412,365.68611111111113,0.9111111111111541,0.8583333333332916,0.9777777777777601,0.9318181818182426,0.02475538752275256,0.8333376878922861,47.22222222222222,0.9444444444255556,0.8778409090908823,0.0,0.997999595166922,0
413,366.5444444444444,0.8583333333332916,0.8611111111111427,0.9777777777777601,0.8778409090908823,0.029819594523504935,1.003813490346849,47.22222222222222,0.9444444444255556,0.8806818181818664,0.0,0.996912337300059,0
414,367.40555555555557,0.8611111111111427,0.8583333333333485,0.9777777777777601,0.8806818181818664,0.028770960203714162,0.9685134370273129,47.22222222222222,0.9444444444255556,0.8778409090909405,0.0,0.9958635579885325,0
415,368.2638888888889,0.8583333333333485,0.9305555555555429,0.9777777777777601,0.8778409090909405,0.02854357032979625,0.9608588385441863,44.44444444444444,0.8888888888711112,0.9517045454545497,0.0,0.9932713962833281,0
416,369.19444444444446,0.9305555555555429,1.0083333333333258,0.9777777777777601,0.9517045454545497,0.03152773175737861,1.061314312411166,55.55555555555556,1.111111111088889,1.0312500000000109,0.0,0.9984693640917769,0
417,370.2027777777778,1.0083333333333258,1.0416666666666856,0.9777777777777601,1.0312500000000109,0.030798806488263754,1.0367765871240082,50.0,0.9999999999800001,1.0653409090909478,0.0,0.9986312997630731,0
418,371.24444444444447,1.0416666666666856,1.0249999999999773,0.9777777777777601,1.0653409090909478,0.030779116556686675,1.036113767281656,52.77777777777778,1.0555555555344445,1.0482954545454501,0.0,0.996794585848856,0
419,372.26944444444445,1.0249999999999773,0.9638888888889028,0.9777777777777601,1.0482954545454501,0.029564626757505343,0.9952305405380496,44.44444444444444,0.8888888888711112,0.9857954545454866,0.0,0.9953464612781191,0
420,373.23333333333335,0.9638888888889028,0.9916666666666742,0.9777777777777601,0.9857954545454866,0.0275954952242653,0.9289438981836182,41.666666666666664,0.8333333333166667,1.0142045454545716,0.0,0.9935039573394413,0
421,374.225,0.9916666666666742,1.0638888888888687,0.9777777777777601,1.0142045454545716,0.026053331574143992,0.8770302252765612,50.0,0.9999999999800001,1.0880681818181808,0.0,0.9984657137907176,0
422,375.2888888888889,1.0638888888888687,0.5416666666666856,0.9777777777777601,1.0880681818181808,0.03113592941984281,1.0481251165735816,52.77777777777778,1.0555555555344445,0.5539772727273021,0.0,0.9992762586752499,0
423,375.8305555555556,0.5416666666666856,1.180555555555543,0.9777777777777601,0.5539772727273021,0.03161029023345201,1.0640934686454881,52.77777777777778,1.0555555555344445,1.2073863636363726,0.0,0.9987936624949976,0
424,377.0111111111111,1.180555555555543,1.0083333333333258,0.9777777777777601,1.2073863636363726,0.028945860122053076,0.9744010723320375,44.44444444444444,0.8888888888711112,1.0312500000000109,0.0,0.9968965661234271,0
425,378.01944444444445,1.0083333333333258,0.9638888888889028,0.9777777777777601,1.0312500000000109,0.024853774477853495,0.836649676347616,47.22222222222222,0.9444444444255556,0.9857954545454866,0.0,0.9978273324720965,0
426,378.98333333333335,0.9638888888889028,0.9749999999999659,0.9777777777777601,0.9857954545454866,0.024724040406504423,0.8322824536184416,47.22222222222222,0.9444444444255556,0.9971590909090741,0.0,0.998165749338057,0
427,379.9583333333333,0.9749999999999659,0.9777777777778169,0.9777777777777601,0.9971590909090741,0.02997175889070089,1.0089357814772997,50.0,0.9999999999800001,1.0000000000000582,0.0,0.9992359137165778,0
428,380.93611111111113,0.9777777777778169,1.0277777777777715,0.9777777777777601,1.0000000000000582,0.0244743298652044,0.8238764771441071,44.44444444444444,0.8888888888711112,1.0511363636363762,0.0,0.9978799676980924,0
429,381.9638888888889,1.0277777777777715,1.0527777777777487,0.9777777777777601,1.0511363636363762,0.031296285142864685,1.0535231523482398,52.77777777777778,1.0555555555344445,1.0767045454545352,0.0,0.9992647317175666,0
430,383.01666666666665,1.0527777777777487,0.9611111111111086,0.9777777777777601,1.0767045454545352,0.02947066075781065,0.9920673741826818,47.22222222222222,0.9444444444255556,0.9829545454545606,0.0,0.9960439121239868,0
431,383.97777777777776,0.9611111111111086,0.9694444444444343,0.9777777777777601,0.9829545454545606,0.022820849883399143,0.7682155757040732,38.888888888888886,0.7777777777622222,0.9914772727272804,0.0,0.9943076881606421,0
432,384.9472222222222,0.9694444444444343,0.9805555555556111,0.9777777777777601,0.9914772727272804,0.024923443761300512,0.83899494521208,47.22222222222222,0.9444444444255556,1.002840909090984,0.0,0.9983051103566769,0
433,385.9277777777778,0.9805555555556111,1.044444444444423,0.9777777777777601,1.002840909090984,0.0253880814938866,0.8546359903552809,50.0,0.9999999999800001,1.0681818181818155,0.0,0.9983468851599722,0
434,386.97222222222223,1.044444444444423,1.0527777777777487,0.9777777777777601,1.0681818181818155,0.025305344381290788,0.8518508207007921,47.22222222222222,0.9444444444255556,1.0767045454545352,0.0,0.9985092146493342,0
435,388.025,1.0527777777777487,1.036111111111154,0.9777777777777601,1.0767045454545352,0.032170104322301336,1.0829384242343456,52.77777777777778,1.0555555555344445,1.059659090909154,0.0,0.9992145945587161,0
436,389.06111111111113,1.036111111111154,1.0305555555555088,0.9777777777777601,1.059659090909154,0.03132998790789861,1.0546576845490843,52.77777777777778,1.0555555555344445,1.053977272727244,0.0,0.9970131071460009,0
437,390.09166666666664,1.0305555555555088,0.9500000000000455,0.9777777777777601,1.053977272727244,0.03058722866677542,1.0296542678952616,50.0,0.9999999999800001,0.9715909090909731,0.0,0.998980366065175,0
438,391.0416666666667,0.9500000000000455,0.9749999999999659,0.9777777777777601,0.9715909090909731,0.024900163040590263,0.8382112490590178,44.44444444444444,0.8888888888711112,0.9971590909090741,0.0,0.9979064421829722,0
439,392.01666666666665,0.9749999999999659,1.02222222222224,0.9777777777777601,0.9971590909090741,0.03140647973170413,1.0572326197842596,52.77777777777778,1.0555555555344445,1.0454545454545825,0.0,0.9994329141239513,0
440,393.0388888888889,1.02222222222224,1.0527777777777487,0.9777777777777601,1.0454545454545825,0.026949848674036554,0.9072095745795647,50.0,0.9999999999800001,1.0767045454545352,0.0,0.9986215044053838,0
441,394.09166666666664,1.0527777777777487,1.0500000000000114,0.9777777777777601,1.0767045454545352,0.025000596695759065,0.8415921353371266,47.22222222222222,0.9444444444255556,1.0738636363636673,0.0,0.9984583807656733,0
442,395.14166666666665,1.0500000000000114,0.9944444444444684,0.9777777777777601,1.0738636363636673,0.030986162639095295,1.0430835351127181,50.0,0.9999999999800001,1.0170454545454974,0.0,0.9992632377460242,0
443,396.1361111111111,0.9944444444444684,0.9388888888888687,0.9777777777777601,1.0170454545454974,0.02948972031160378,0.9927089736921069,44.44444444444444,0.8888888888711112,0.9602272727272694,0.0,0.9927477243607383,0
444,397.075,0.9388888888888687,0.9972222222222058,0.9777777777777601,0.9602272727272694,0.028330672149199102,0.9536920722226234,41.666666666666664,0.8333333333166667,1.0198863636363653,0.0,0.9953381657421322,0
445,398.0722222222222,0.9972222222222058,1.0388888888888914,0.9777777777777601,1.0198863636363653,0.030346612881879512,1.021554447132155,50.0,0.9999999999800001,1.0625000000000218,0.0,0.9977577702313131,0
446,399.1111111111111,1.0388888888888914,1.0527777777778056,0.9777777777777601,1.0625000000000218,0.02570377484706475,0.8652631384368307,47.22222222222222,0.9444444444255556,1.0767045454545934,0.0,0.9979178532926198,0
447,400.1638888888889,1.0527777777778056,1.055555555555543,0.9777777777777601,1.0767045454545934,0.03130170544328884,1.053705615281571,50.0,0.9999999999800001,1.0795454545454612,0.0,0.9993835563784418,0
448,401.21944444444443,1.055555555555543,1.025000000000034,0.9777777777777601,1.0795454545454612,0.030918347041860788,1.0408006666684047,50.0,0.9999999999800001,1.0482954545455083,0.0,0.9988570942650044,0
449,402.24444444444447,1.025000000000034,0.9666666666666401,0.9777777777777601,1.0482954545455083,0.029211495237223165,0.9833431158567204,47.22222222222222,0.9444444444255556,0.9886363636363544,0.0,0.9964938755359831,0
450,403.2111111111111,0.9666666666666401,0.9750000000000227,0.9777777777777601,0.9886363636363544,0.02831355778463156,0.9531159533884765,41.666666666666664,0.8333333333166667,0.9971590909091322,0.0,0.9942664256847678,0
451,404.18611111111113,0.9750000000000227,1.0277777777777715,0.9777777777777601,0.9971590909091322,0.03054389408406939,1.028195500953123,52.77777777777778,1.0555555555344445,1.0511363636363762,0.0,0.9989775672627682,0
452,405.2138888888889,1.0277777777777715,1.033333333333303,0.9777777777777601,1.0511363636363762,0.03347032267160441,1.1267075210407473,58.333333333333336,1.1666666666433334,1.0568181818181699,0.0,0.9963464095009753,0
453,406.2472222222222,1.033333333333303,0.9861111111111427,0.9777777777777601,1.0568181818181699,0.029301991394103503,0.9863894773030312,47.22222222222222,0.9444444444255556,1.008522727272778,0.0,0.99910582957385,0
454,407.23333333333335,0.9861111111111427,0.98888888888888,0.9777777777777601,1.008522727272778,0.026355086471069267,0.887188164750656,50.0,0.9999999999800001,1.0113636363636456,0.0,0.9982519904776617,0
455,408.22222222222223,0.98888888888888,0.9833333333333485,0.9777777777777601,1.0113636363636456,0.03107879902916163,1.046201942976122,52.77777777777778,1.0555555555344445,1.0056818181818519,0.0,0.9969869120996513,0
456,409.2055555555556,0.9833333333333485,0.98888888888888,0.9777777777777601,1.0056818181818519,0.03058020696851148,1.0294178972954893,50.0,0.9999999999800001,1.0113636363636456,0.0,0.9972863153900228,0
457,410.19444444444446,0.98888888888888,1.0583333333333371,0.9777777777777601,1.0113636363636456,0.03151081991152319,1.060745010940519,52.77777777777778,1.0555555555344445,1.082386363636387,0.0,0.997952486801293,0
458,411.2527777777778,1.0583333333333371,1.0666666666666629,0.9777777777777601,1.082386363636387,0.026208560870233183,0.882255690746541,50.0,0.9999999999800001,1.0909090909091068,0.0,0.9984950612439619,0
459,412.31944444444446,1.0666666666666629,1.0416666666666288,0.9777777777777601,1.0909090909091068,0.03207905377781772,1.079873400503589,52.77777777777778,1.0555555555344445,1.0653409090908896,0.0,0.9972965570496446,0
460,413.3611111111111,1.0416666666666288,0.9888888888889369,0.9777777777777601,1.0653409090908896,0.02893054808950765,0.9738856251879924,47.22222222222222,0.9444444444255556,1.0113636363637037,0.0,0.9958739297125865,0
461,414.35,0.9888888888889369,0.9861111111110858,0.9777777777777601,1.0113636363637037,0.031136397821190893,1.048140884312869,50.0,0.9999999999800001,1.0085227272727197,0.0,0.9988366844913863,0
462,415.3361111111111,0.9861111111110858,1.0,0.9777777777777601,1.0085227272727197,0.03033243802242565,1.0210772805116517,50.0,0.9999999999800001,1.0227272727272911,0.0,0.9991497682908173,0
463,416.3361111111111,1.0,1.0500000000000114,0.9777777777777601,1.0227272727272911,0.02422648459203535,0.8155332909706772,41.666666666666664,0.8333333333166667,1.0738636363636673,0.0,0.9955735962185115,0
464,417.3861111111111,1.0500000000000114,1.0805555555555202,0.9777777777777601,1.0738636363636673,0.03125330384372479,1.0520762779490842,52.77777777777778,1.0555555555344445,1.1051136363636203,0.0,0.999048360260609,0
465,418.46666666666664,1.0805555555555202,1.01111111111112,0.9777777777777601,1.1051136363636203,0.029817999714355337,1.0037598044747076,47.22222222222222,0.9444444444255556,1.034090909090937,0.0,0.9956816478083548,0
466,419.47777777777776,1.01111111111112,0.9833333333333485,0.9777777777777601,1.034090909090937,0.028716814189961245,0.9666907261580941,47.22222222222222,0.9444444444255556,1.0056818181818519,0.0,0.995794588549761,0
467,420.4611111111111,0.9833333333333485,1.0055555555555316,0.9777777777777601,1.0056818181818519,0.030661784631304777,1.0321640365281448,50.0,0.9999999999800001,1.028409090909085,0.0,0.9965617165992902,0
468,421.46666666666664,1.0055555555555316,1.01111111111112,0.9777777777777601,1.028409090909085,0.029781982556428787,1.0025473631391244,47.22222222222222,0.9444444444255556,1.034090909090937,0.0,0.9959965175229253,0
469,422.47777777777776,1.01111111111112,1.0500000000000114,0.9777777777777601,1.034090909090937,0.023836311249918935,0.8023989318135983,41.666666666666664,0.8333333333166667,1.0738636363636673,0.0,0.9967220022222554,0
470,423.52777777777777,1.0500000000000114,1.0861111111111086,0.9777777777777601,1.0738636363636673,0.03139636665143448,1.0568921843569559,52.77777777777778,1.0555555555344445,1.1107954545454721,0.0,0.9989053919903347,0
471,424.6138888888889,1.0861111111111086,1.0611111111111313,0.9777777777777601,1.1107954545454721,0.026195606077311046,0.8818195950816707,50.0,0.9999999999800001,1.0852272727273131,0.0,0.9983889262100718,0
472,425.675,1.0611111111111313,0.9861111111110858,0.9777777777777601,1.0852272727273131,0.030238042944276906,1.0178996701389365,50.0,0.9999999999800001,1.0085227272727197,0.0,0.9995951370355203,0
473,426.6611111111111,0.9861111111110858,1.0055555555555884,0.9777777777777601,1.0085227272727197,0.024562532460586758,0.8268456307004582,47.22222222222222,0.9444444444255556,1.028409090909143,0.0,0.9982009685797609,0
474,427.6666666666667,1.0055555555555884,1.0666666666666629,0.9777777777777601,1.028409090909143,0.031020229917229452,1.0442303378750262,52.77777777777778,1.0555555555344445,1.0909090909091068,0.0,0.9995316414636813,0
475,428.73333333333335,1.0666666666666629,1.0500000000000114,0.9777777777777601,1.0909090909091068,0.024789104122808388,0.8344726858198398,47.22222222222222,0.9444444444255556,1.0738636363636673,0.0,0.9979036797092201,0
476,429.78333333333336,1.0500000000000114,1.0527777777777487,0.9777777777777601,1.0738636363636673,0.02471898666259591,0.8321123300338259,47.22222222222222,0.9444444444255556,1.0767045454545352,0.0,0.9980142575653821,0
477,430.8361111111111,1.0527777777777487,1.044444444444423,0.9777777777777601,1.0767045454545352,0.026431824234205908,0.8897713790125027,50.0,0.9999999999800001,1.0681818181818155,0.0,0.9986024944931916,0
478,431.88055555555553,1.044444444444423,1.0,0.9777777777777601,1.0681818181818155,0.03075720348570015,1.0353761101597974,50.0,0.9999999999800001,1.0227272727272911,0.0,0.9980905850715178,0
479,432.88055555555553,1.0,0.9722222222222285,0.9777777777777601,1.0227272727272911,0.029475530940819734,0.9922313185784086,47.22222222222222,0.9444444444255556,0.9943181818182063,0.0,0.9989678650232903,0
480,433.85277777777776,0.9722222222222285,1.02222222222224,0.9777777777777601,0.9943181818182063,0.030349356974747582,1.0216468212064422,47.22222222222222,0.9444444444255556,1.0454545454545825,0.0,0.9978347168112955,0
481,434.875,1.02222222222224,1.080555555555577,0.9777777777777601,1.0454545454545825,0.030645965416274113,1.03163151615997,50.0,0.9999999999800001,1.1051136363636782,0.0,0.9995934771486269,0
482,435.9555555555556,1.080555555555577,1.0527777777777487,0.9777777777777601,1.1051136363636782,0.031462726249509826,1.05912603967345,52.77777777777778,1.0555555555344445,1.0767045454545352,0.0,0.9995025020606216,0
483,437.0083333333333,1.0527777777777487,0.9694444444444343,0.9777777777777601,1.0767045454545352,0.023702354498129394,0.7978895614912288,44.44444444444444,0.8888888888711112,0.9914772727272804,0.0,0.9970814556776199,0
484,437.97777777777776,0.9694444444444343,0.9861111111111427,0.9777777777777601,0.9914772727272804,0.029827582000093857,1.0040823718283682,47.22222222222222,0.9444444444255556,1.008522727272778,0.0,0.9993303086324239,0
485,438.9638888888889,0.9861111111111427,0.9944444444444116,0.9777777777777601,1.008522727272778,0.030754296871819936,1.035278265159863,52.77777777777778,1.0555555555344445,1.0170454545454393,0.0,0.9993881373409165,0
486,439.9583333333333,0.9944444444444116,1.025000000000034,0.9777777777777601,1.0170454545454393,0.025318509035459392,0.852293980900029,47.22222222222222,0.9444444444255556,1.0482954545455083,0.0,0.9985665484599374,0
487,440.98333333333335,1.025000000000034,1.01111111111112,0.9777777777777601,1.0482954545455083,0.0315551415578483,1.0622370052887469,52.77777777777778,1.0555555555344445,1.034090909090937,0.0,0.998689993497779,0
488,441.99444444444447,1.01111111111112,1.0277777777777715,0.9777777777777601,1.034090909090937,0.025598455509987374,0.861717786025371,47.22222222222222,0.9444444444255556,1.0511363636363762,0.0,0.9977067564575344,0
489,443.02222222222224,1.0277777777777715,1.0499999999999545,0.9777777777777601,1.0511363636363762,0.031846351728840074,1.0720399788985102,52.77777777777778,1.0555555555344445,1.0738636363636094,0.0,0.999107431155158,0
490,444.0722222222222,1.0499999999999545,0.9722222222222285,0.9777777777777601,1.0738636363636094,0.03026254343328869,1.0187244272083438,50.0,0.9999999999800001,0.9943181818182063,0.0,0.9992357270264771,0
491,445.0444444444444,0.9722222222222285,0.9916666666666742,0.9777777777777601,0.9943181818182063,0.02408738883082696,0.8108509267808828,44.44444444444444,0.8888888888711112,1.0142045454545716,0.0,0.9954687218671262,0
492,446.0361111111111,0.9916666666666742,1.0472222222222172,0.9777777777777601,1.0142045454545716,0.030844079784338802,1.0383006167454298,52.77777777777778,1.0555555555344445,1.0710227272727415,0.0,0.9995957558695789,0
493,447.0833333333333,1.0472222222222172,1.0666666666666629,0.9777777777777601,1.0710227272727415,0.03020797805192661,1.0168875992168027,50.0,0.9999999999800001,1.0909090909091068,0.0,0.9961727820363169,0
494,448.15,1.0666666666666629,1.0611111111111313,0.9777777777777601,1.0909090909091068,0.030665627163391305,1.0322933872321762,50.0,0.9999999999800001,1.0852272727273131,0.0,0.9974143990148401,0
495,449.2111111111111,1.0611111111111313,1.0277777777777715,0.9777777777777601,1.0852272727273131,0.030960305349645875,1.042213104230344,52.77777777777778,1.0555555555344445,1.0511363636363762,0.0,0.9970891963900883,0
496,450.2388888888889,1.0277777777777715,1.025000000000034,0.9777777777777601,1.0511363636363762,0.02979523165643928,1.0029933660287682,47.22222222222222,0.9444444444255556,1.0482954545455083,0.0,0.996199982225715,0
497,451.2638888888889,1.025000000000034,1.011111111111063,0.9777777777777601,1.0482954545455083,0.023864619922370704,0.8033518833126033,44.44444444444444,0.8888888888711112,1.0340909090908788,0.0,0.9971742078983614,0
498,452.275,1.011111111111063,1.0666666666666629,0.9777777777777601,1.0340909090908788,0.03019634193879454,1.01649589411404,47.22222222222222,0.9444444444255556,1.0909090909091068,0.0,0.9977623553507402,0
499,453.34166666666664,1.0666666666666629,1.0861111111111654,0.9777777777777601,1.0909090909091068,0.031820911523037565,1.0711835882537069,52.77777777777778,1.0555555555344445,1.11079545454553,0.0,0.9979828647853584,0
500,454.4277777777778,1.0861111111111654,1.0472222222222172,0.9777777777777601,1.11079545454553,0.03146688599558945,1.059266068714685,52.77777777777778,1.0555555555344445,1.0710227272727415,0.0,0.9982976529077872,0
501,455.475,1.0472222222222172,1.0055555555555316,0.9777777777777601,1.0710227272727415,0.03030637569674814,1.0201999475189352,50.0,0.9999999999800001,1.028409090909085,0.0,0.996878034768371,0
502,456.48055555555555,1.0055555555555316,0.9972222222222058,0.9777777777777601,1.028409090909085,0.02591873552689599,0.8724993344266401,50.0,0.9999999999800001,1.0198863636363653,0.0,0.9987920808218854,0
503,457.47777777777776,0.9972222222222058,1.0027777777777942,0.9777777777777601,1.0198863636363653,0.025999765620146807,0.8752270408904257,50.0,0.9999999999800001,1.0255681818182172,0.0,0.998776315768264,0
504,458.48055555555555,1.0027777777777942,1.0777777777777828,0.9777777777777601,1.0255681818182172,0.025410119175235946,0.8553778422210734,47.22222222222222,0.9444444444255556,1.1022727272727524,0.0,0.9985549782670411,0
505,459.55833333333334,1.0777777777777828,1.0861111111111086,0.9777777777777601,1.1022727272727524,0.03142788278471866,1.0579531082313332,52.77777777777778,1.0555555555344445,1.1107954545454721,0.0,0.9971376147387612,0
506,460.64444444444445,1.0861111111111086,1.0305555555555657,0.9777777777777601,1.1107954545454721,0.03155236257272594,1.0621434566406223,52.77777777777778,1.0555555555344445,1.053977272727302,0.0,0.9992635455371073,0
507,461.675,1.0305555555555657,0.9861111111110858,0.9777777777777601,1.053977272727302,0.029947031775842466,1.0081033955287693,47.22222222222222,0.9444444444255556,1.0085227272727197,0.0,0.9983557151199889,0
508,462.6611111111111,0.9861111111110858,1.0055555555555884,0.9777777777777601,1.0085227272727197,0.0240360129262933,0.8091214657713105,44.44444444444444,0.8888888888711112,1.028409090909143,0.0,0.9976987600019436,0
509,463.6666666666667,1.0055555555555884,1.0361111111110972,0.9777777777777601,1.028409090909143,0.031702207894224815,1.0671876820095276,52.77777777777778,1.0555555555344445,1.059659090909096,0.0,0.9985700621521971,0
510,464.7027777777778,1.0361111111110972,1.0027777777777942,0.9777777777777601,1.059659090909096,0.025786417146650774,0.8680451164121632,47.22222222222222,0.9444444444255556,1.0255681818182172,0.0,0.9986186323671012,0
511,465.7055555555556,1.0027777777777942,1.044444444444423,0.9777777777777601,1.0255681818182172,0.030495291190866615,1.026559387496638,50.0,0.9999999999800001,1.0681818181818155,0.0,0.9993949551851442,0
512,466.75,1.044444444444423,0.9944444444444684,0.9777777777777601,1.0681818181818155,0.025410957603752404,0.8554060661412494,47.22222222222222,0.9444444444255556,1.0170454545454974,0.0,0.9980358789185607,0
513,467.74444444444447,0.9944444444444684,0.9416666666666629,0.9777777777777601,1.0170454545454974,0.031593054218760186,1.063513254717568,52.77777777777778,1.0555555555344445,0.9630681818181953,0.0,0.9979413079667311,0
514,468.68611111111113,0.9416666666666629,0.9055555555555088,0.9777777777777601,0.9630681818181953,0.029745733632864795,1.0013271199042473,50.0,0.9999999999800001,0.9261363636363326,0.0,0.9961809136485903,0
515,469.59166666666664,0.9055555555555088,0.9388888888889255,0.9777777777777601,0.9261363636363326,0.023743152219092935,0.7992629303559975,41.666666666666664,0.8333333333166667,0.9602272727273276,0.0,0.9973833718606342,0
516,470.53055555555557,0.9388888888889255,1.0361111111110972,0.9777777777777601,0.9602272727273276,0.02734039912034244,0.9203566281504578,52.77777777777778,1.0555555555344445,1.059659090909096,0.0,0.9985451770815283,0
517,471.56666666666666,1.0361111111110972,1.01111111111112,0.9777777777777601,1.059659090909096,0.026804305755918856,0.9023101805077965,50.0,0.9999999999800001,1.034090909090937,0.0,0.9986656839266342,0
518,472.5777777777778,1.01111111111112,0.9805555555555543,0.9777777777777601,1.034090909090937,0.03111880522961985,1.0475486669795564,50.0,0.9999999999800001,1.002840909090926,0.0,0.999581431379611,0
519,473.55833333333334,0.9805555555555543,1.0055555555555316,0.9777777777777601,1.002840909090926,0.025501766560897372,0.8584629573459435,50.0,0.9999999999800001,1.028409090909085,0.0,0.9987590168070299,0
520,474.56388888888887,1.0055555555555316,0.9694444444444912,0.9777777777777601,1.028409090909085,0.03225230936683373,1.085705682944424,52.77777777777778,1.0555555555344445,0.9914772727273384,0.0,0.9985613180163727,0
521,475.53333333333336,0.9694444444444912,0.9611111111111086,0.9777777777777601,0.9914772727273384,0.03016212057418551,1.0153439043569175,50.0,0.9999999999800001,0.9829545454545606,0.0,0.996986887160655,0
522,476.49444444444447,0.9611111111111086,1.011111111111063,0.9777777777777601,0.9829545454545606,0.03073623381540361,1.0346702106240004,52.77777777777778,1.0555555555344445,1.0340909090908788,0.0,0.9979487769816684,0
523,477.50555555555553,1.011111111111063,1.0277777777778283,0.9777777777777601,1.0340909090908788,0.02733192708874122,0.9200714351507595,50.0,0.9999999999800001,1.0511363636364344,0.0,0.9986008970477549,0
524,478.53333333333336,1.0277777777778283,1.0361111111110972,0.9777777777777601,1.0511363636364344,0.03271353375364557,1.1012318250317599,55.55555555555556,1.111111111088889,1.059659090909096,0.0,0.9982657489870084,0
525,479.56944444444446,1.0361111111110972,0.9611111111111086,0.9777777777777601,1.059659090909096,0.026033901562386726,0.8763761550844206,50.0,0.9999999999800001,0.9829545454545606,0.0,0.9987505595874311,0
526,480.53055555555557,0.9611111111111086,0.9388888888888687,0.9777777777777601,0.9829545454545606,0.024428816461515866,0.8223443648084365,47.22222222222222,0.9444444444255556,0.9602272727272694,0.0,0.9977602936187933,0
527,481.46944444444443,0.9388888888888687,1.0305555555555657,0.9777777777777601,0.9602272727272694,0.024940876179762848,0.8395817706569421,47.22222222222222,0.9444444444255556,1.053977272727302,0.0,0.9983201382182552,0
528,482.5,1.0305555555555657,1.0749999999999886,0.9777777777777601,1.053977272727302,0.0264416996971686,0.8901038155564522,50.0,0.9999999999800001,1.0994318181818263,0.0,0.9986106921800908,0
529,483.575,1.0749999999999886,1.02222222222224,0.9777777777777601,1.0994318181818263,0.03180659599336165,1.0707016862681242,52.77777777777778,1.0555555555344445,1.0454545454545825,0.0,0.9984593074606989,0
530,484.59722222222223,1.02222222222224,1.0500000000000114,0.9777777777777601,1.0454545454545825,0.025712171510493594,0.8655457943266394,47.22222222222222,0.9444444444255556,1.0738636363636673,0.0,0.9985484434897489,0
531,485.64722222222224,1.0500000000000114,0.9972222222222058,0.9777777777777601,1.0738636363636673,0.025115763084394647,0.8454689678827804,47.22222222222222,0.9444444444255556,1.0198863636363653,0.0,0.9964023609977413,0
532,486.64444444444445,0.9972222222222058,0.9805555555555543,0.9777777777777601,1.0198863636363653,0.030312421643641195,1.0204034715154935,50.0,0.9999999999800001,1.002840909090926,0.0,0.9978200716166863,0
533,487.625,0.9805555555555543,1.0249999999999773,0.9777777777777601,1.002840909090926,0.025713476906115855,0.8655897377053742,50.0,0.9999999999800001,1.0482954545454501,0.0,0.998571339972368,0
534,488.65,1.0249999999999773,1.0333333333333599,0.9777777777777601,1.0482954545454501,0.026060927190085036,0.8772859155993489,47.22222222222222,0.9444444444255556,1.056818181818228,0.0,0.998326115089105,0
535,489.68333333333334,1.0333333333333599,1.0500000000000114,0.9777777777777601,1.056818181818228,0.03268911882650083,1.1004099482213825,52.77777777777778,1.0555555555344445,1.0738636363636673,0.0,0.9970277136013668,0
536,490.73333333333335,1.0500000000000114,1.022222222222183,0.9777777777777601,1.0738636363636673,0.031201992867840377,1.0503490026249669,50.0,0.9999999999800001,1.0454545454545243,0.0,0.9989184404822996,0
537,491.75555555555553,1.022222222222183,0.9611111111111086,0.9777777777777601,1.0454545454545243,0.02535117826072902,0.8533937211737936,50.0,0.9999999999800001,0.9829545454545606,0.0,0.9983590608775185,0
538,492.71666666666664,0.9611111111111086,0.8833333333333826,0.9777777777777601,0.9829545454545606,0.024986273641053675,0.8411099800373651,47.22222222222222,0.9444444444255556,0.9034090909091577,0.0,0.9980560968446761,0
539,493.6,0.8833333333333826,0.9277777777777487,0.9777777777777601,0.9034090909091577,0.02911707906378529,0.9801647953557773,47.22222222222222,0.9444444444255556,0.9488636363636238,0.0,0.9963128030964983,0
540,494.52777777777777,0.9277777777777487,0.9944444444444684,0.9777777777777601,0.9488636363636238,0.031243368582938906,1.0517418284380715,52.77777777777778,1.0555555555344445,1.0170454545454974,0.0,0.9983522832299079,0
541,495.52222222222224,0.9944444444444684,1.01111111111112,0.9777777777777601,1.0170454545454974,0.03142617182255273,1.0578955123139144,52.77777777777778,1.0555555555344445,1.034090909090937,0.0,0.9992900120721827,0
542,496.53333333333336,1.01111111111112,1.0472222222222172,0.9777777777777601,1.034090909090937,0.026039274034257525,0.876557007970806,50.0,0.9999999999800001,1.0710227272727415,0.0,0.998878865744902,0
543,497.5805555555556,1.0472222222222172,1.0027777777777374,0.9777777777777601,1.0710227272727415,0.031808653416140344,1.0707709450482519,52.77777777777778,1.0555555555344445,1.025568181818159,0.0,0.9977857283201341,0
544,498.5833333333333,1.0027777777777374,0.9611111111111086,0.9777777777777601,1.025568181818159,0.023268221189177866,0.7832753831598985,41.666666666666664,0.8333333333166667,0.9829545454545606,0.0,0.9943273034138813,0
545,499.5444444444444,0.9611111111111086,1.0472222222222172,0.9777777777777601,0.9829545454545606,0.031094455868129284,1.0467289972980556,50.0,0.9999999999800001,1.0710227272727415,0.0,0.999149838711334,0
546,500.59166666666664,1.0472222222222172,1.0666666666667197,0.9777777777777601,1.0710227272727415,0.032192509078099125,1.0836926328839642,55.55555555555556,1.111111111088889,1.090909090909165,0.0,0.9982969542822665,0
547,501.65833333333336,1.0666666666667197,1.0472222222222172,0.9777777777777601,1.090909090909165,0.02623294795331996,0.8830766302456822,50.0,0.9999999999800001,1.0710227272727415,0.0,0.9986122822107446,0
548,502.7055555555556,1.0472222222222172,1.022222222222183,0.9777777777777601,1.0710227272727415,0.03202641510297711,1.0781014310062393,55.55555555555556,1.111111111088889,1.0454545454545243,0.0,0.9985793123443032,0
549,503.72777777777776,1.022222222222183,0.966666666666697,0.9777777777777601,1.0454545454545243,0.024413407004002664,0.8218256380592017,44.44444444444444,0.8888888888711112,0.9886363636364125,0.0,0.9976644792642346,0
550,504.69444444444446,0.966666666666697,0.9777777777777601,0.9777777777777601,0.9886363636364125,0.03058084746303858,1.0294394581871469,50.0,0.9999999999800001,1.0,0.0,0.9978874758851254,0
551,505.6722222222222,0.9777777777777601,0.955555555555577,0.9777777777777601,1.0,0.02593693741334508,0.8731120623815073,50.0,0.9999999999800001,0.9772727272727669,0.0,0.9983667802256369,0
552,506.6277777777778,0.955555555555577,0.9638888888888459,0.9777777777777601,0.9772727272727669,0.02979071116411347,1.0028411932292327,50.0,0.9999999999800001,0.9857954545454285,0.0,0.9985302465223249,0
553,507.59166666666664,0.9638888888888459,0.9444444444444571,0.9777777777777601,0.9857954545454285,0.02430857455286125,0.8182966756315292,44.44444444444444,0.8888888888711112,0.9659090909091212,0.0,0.9974221587332834,0
554,508.5361111111111,0.9444444444444571,0.9777777777778169,0.9777777777777601,0.9659090909091212,0.03062018230604162,1.0307635823638188,50.0,0.9999999999800001,1.0000000000000582,0.0,0.9992675802222565,0
555,509.5138888888889,0.9777777777778169,0.9499999999999886,0.9777777777777601,1.0000000000000582,0.025742510194670207,0.8665670818707021,47.22222222222222,0.9444444444255556,0.9715909090909151,0.0,0.9983434962841935,0
556,510.4638888888889,0.9499999999999886,0.9361111111110745,0.9777777777777601,0.9715909090909151,0.03035203880308318,1.021737099277123,50.0,0.9999999999800001,0.9573863636363434,0.0,0.9991155589935412,0
557,511.4,0.9361111111110745,0.9555555555556339,0.9777777777777601,0.9573863636363434,0.030314414049402053,1.0204705416354247,50.0,0.9999999999800001,0.977272727272825,0.0,0.9967298104364205,0
558,512.3555555555556,0.9555555555556339,0.9944444444444116,0.9777777777777601,0.977272727272825,0.030570015877012798,1.0290748357853916,47.22222222222222,0.9444444444255556,1.0170454545454393,0.0,0.9973989894181485,0
559,513.35,0.9944444444444116,0.9722222222221717,0.9777777777777601,1.0170454545454393,0.029484080661436752,0.992519126814275,47.22222222222222,0.9444444444255556,0.9943181818181481,0.0,0.9985483754951772,0
560,514.3222222222222,0.9722222222221717,0.9361111111111313,0.9777777777777601,0.9943181818181481,0.0313411751852472,1.0550342805458512,52.77777777777778,1.0555555555344445,0.9573863636364016,0.0,0.9989320816686484,0
561,515.2583333333333,0.9361111111111313,0.9138888888888914,0.9777777777777601,0.9573863636364016,0.0308379455608241,1.0380941211033778,52.77777777777778,1.0555555555344445,0.9346590909091104,0.0,0.9984446204911023,0
562,516.1722222222222,0.9138888888888914,0.9194444444444798,0.9777777777777601,0.9346590909091104,0.03091006473942099,1.0405218604990705,47.22222222222222,0.9444444444255556,0.9403409090909622,0.0,0.9980046323496831,0
563,517.0916666666667,0.9194444444444798,0.9361111111111313,0.9777777777777601,0.9403409090909622,0.024787097493098105,0.8344051368807781,44.44444444444444,0.8888888888711112,0.9573863636364016,0.0,0.997825914111508,0
564,518.0277777777778,0.9361111111111313,0.9861111111110858,0.9777777777777601,0.9573863636364016,0.031630477226374853,1.0647730210052466,52.77777777777778,1.0555555555344445,1.0085227272727197,0.0,0.9971510328482295,0
565,519.0138888888889,0.9861111111110858,1.0027777777777374,0.9777777777777601,1.0085227272727197,0.032376114026113866,1.0898733045750681,55.55555555555556,1.111111111088889,1.025568181818159,0.0,0.9977357191236207,0
566,520.0166666666667,1.0027777777777374,1.0083333333333258,0.9777777777777601,1.025568181818159,0.026451769689227408,0.8904428005104008,50.0,0.9999999999800001,1.0312500000000109,0.0,0.9987071424888462,0
567,521.025,1.0083333333333258,0.9055555555555657,0.9777777777777601,1.0312500000000109,0.029768271379482947,1.0020858054081527,50.0,0.9999999999800001,0.9261363636363907,0.0,0.9983711593002071,0
568,521.9305555555555,0.9055555555555657,0.8694444444444116,0.9777777777777601,0.9261363636363907,0.024248683413337545,0.8162805672716804,44.44444444444444,0.8888888888711112,0.889204545454528,0.0,0.996977792973867,0
569,522.8,0.8694444444444116,0.8944444444445026,0.9777777777777601,0.889204545454528,0.02357652896802198,0.7936539115244827,41.666666666666664,0.8333333333166667,0.9147727272728032,0.0,0.9954668023271163,0
570,523.6944444444445,0.8944444444445026,0.9166666666666288,0.9777777777777601,0.9147727272728032,0.03221831647636474,1.0845613842853072,52.77777777777778,1.0555555555344445,0.9374999999999782,0.0,0.9981791467455949,0
571,524.6111111111111,0.9166666666666288,0.9750000000000227,0.9777777777777601,0.9374999999999782,0.033880552808421754,1.1405170497102097,55.55555555555556,1.111111111088889,0.9971590909091322,0.0,0.998761264272908,0
572,525.5861111111111,0.9750000000000227,0.9722222222221717,0.9777777777777601,0.9971590909091322,0.027389559701007392,0.922011514974149,52.77777777777778,1.0555555555344445,0.9943181818181481,0.0,0.9942507146627492,0
573,526.5583333333333,0.9722222222221717,0.9416666666667197,0.9777777777777601,0.9943181818181481,0.03125634763046627,1.0521787405828544,52.77777777777778,1.0555555555344445,0.9630681818182535,0.0,0.9985927402420561,0
574,527.5,0.9416666666667197,0.9305555555555429,0.9777777777777601,0.9630681818182535,0.031125474970694525,1.0477731896860139,50.0,0.9999999999800001,0.9517045454545497,0.0,0.9982153566366414,0
575,528.4305555555555,0.9305555555555429,0.9111111111111541,0.9777777777777601,0.9517045454545497,0.029933962056423027,1.007663431106787,50.0,0.9999999999800001,0.9318181818182426,0.0,0.9956091836117167,0
576,529.3416666666667,0.9111111111111541,0.8833333333333258,0.9777777777777601,0.9318181818182426,0.023722162005750322,0.7985563392820657,44.44444444444444,0.8888888888711112,0.9034090909090995,0.0,0.9949324860614432,0
577,530.225,0.8833333333333258,0.9583333333332575,0.9777777777777601,0.9034090909090995,0.029711341497880406,1.000169381524138,47.22222222222222,0.9444444444255556,0.9801136363635766,0.0,0.9958511554207513,0
578,531.1833333333333,0.9583333333332575,0.9833333333333485,0.9777777777777601,0.9801136363635766,0.032210679594656934,1.0843043048378842,55.55555555555556,1.111111111088889,1.0056818181818519,0.0,0.9982449654996022,0
579,532.1666666666666,0.9833333333333485,0.9888888888889369,0.9777777777777601,1.0056818181818519,0.03156224132488796,1.0624760039085006,52.77777777777778,1.0555555555344445,1.0113636363637037,0.0,0.9985716403521427,0
580,533.1555555555556,0.9888888888889369,0.908333333333303,0.9777777777777601,1.0113636363637037,0.030870541439416883,1.0391913923166183,50.0,0.9999999999800001,0.9289772727272585,0.0,0.9978789612804249,0
581,534.0638888888889,0.908333333333303,0.8972222222222399,0.9777777777777601,0.9289772727272585,0.02858326692664603,0.9621951403978972,44.44444444444444,0.8888888888711112,0.917613636363671,0.0,0.9939675138230266,0
582,534.9611111111111,0.8972222222222399,0.9222222222222172,0.9777777777777601,0.917613636363671,0.022806199863213496,0.767722413803947,44.44444444444444,0.8888888888711112,0.9431818181818301,0.0,0.9938171117047188,0
583,535.8833333333333,0.9222222222222172,0.9416666666667197,0.9777777777777601,0.9431818181818301,0.03003049582688646,1.0109130360264265,52.77777777777778,1.0555555555344445,0.9630681818182535,0.0,0.9972181306715051,0
584,536.825,0.9416666666667197,0.9666666666665833,0.9777777777777601,0.9630681818182535,0.025484219832878036,0.8578722839119579,50.0,0.9999999999800001,0.9886363636362963,0.0,0.9982389307461739,0
585,537.7916666666666,0.9666666666665833,0.9555555555556339,0.9777777777777601,0.9886363636362963,0.02546503784638298,0.8572265629649407,50.0,0.9999999999800001,0.977272727272825,0.0,0.9984860739360308,0
586,538.7472222222223,0.9555555555556339,0.9305555555555429,0.9777777777777601,0.977272727272825,0.025306832811455317,0.8519009255497167,47.22222222222222,0.9444444444255556,0.9517045454545497,0.0,0.9980060073907585,0
587,539.6777777777778,0.9305555555555429,0.9388888888888687,0.9777777777777601,0.9517045454545497,0.030797578826462002,1.036735260489697,52.77777777777778,1.0555555555344445,0.9602272727272694,0.0,0.9966320636863798,0
588,540.6166666666667,0.9388888888888687,0.9194444444444798,0.9777777777777601,0.9602272727272694,0.025305610130535647,0.8518597665862511,50.0,0.9999999999800001,0.9403409090909622,0.0,0.9983563945895841,0
589,541.5361111111112,0.9194444444444798,0.9222222222222172,0.9777777777777601,0.9403409090909622,0.031286039392760256,1.0531782508719492,52.77777777777778,1.0555555555344445,0.9431818181818301,0.0,0.9990254163600005,0
590,542.4583333333334,0.9222222222222172,0.974999999999909,0.9777777777777601,0.9431818181818301,0.02421191177859495,0.8150427280721022,44.44444444444444,0.8888888888711112,0.9971590909090159,0.0,0.9976662903385893,0
591,543.4333333333333,0.974999999999909,1.02222222222224,0.9777777777777601,0.9971590909090159,0.027513362162544065,0.9261790626224145,52.77777777777778,1.0555555555344445,1.0454545454545825,0.0,0.9979460505090424,0
592,544.4555555555555,1.02222222222224,1.002777777777851,0.9777777777777601,1.0454545454545825,0.03350952343620414,1.1280271317519561,58.333333333333336,1.1666666666433334,1.0255681818182754,0.0,0.9970975842739651,0
593,545.4583333333334,1.002777777777851,0.9361111111110176,0.9777777777777601,1.0255681818182754,0.024783198798117752,0.8342738955718817,47.22222222222222,0.9444444444255556,0.9573863636362854,0.0,0.9976666405131559,0
594,546.3944444444444,0.9361111111110176,0.9527777777777828,0.9777777777777601,0.9573863636362854,0.029460120332032692,0.9917125530739784,47.22222222222222,0.9444444444255556,0.974431818181841,0.0,0.9972821926083175,0
595,547.3472222222222,0.9527777777777828,0.9611111111111086,0.9777777777777601,0.974431818181841,0.024950061388207923,0.8398909712445471,47.22222222222222,0.9444444444255556,0.9829545454545606,0.0,0.9982768910240385,0
596,548.3083333333333,0.9611111111111086,0.9500000000000455,0.9777777777777601,0.9829545454545606,0.025401838139260717,0.8550990786845863,47.22222222222222,0.9444444444255556,0.9715909090909731,0.0,0.9978548408098491,0
597,549.2583333333333,0.9500000000000455,0.9722222222222854,0.9777777777777601,0.9715909090909731,0.031633040597801074,1.0648593114749705,52.77777777777778,1.0555555555344445,0.9943181818182644,0.0,0.9985417299744608,0
598,550.2305555555556,0.9722222222222854,0.9722222222221717,0.9777777777777601,0.9943181818182644,0.024781419495010917,0.8342139991014367,44.44444444444444,0.8888888888711112,0.9943181818181481,0.0,0.9969678300283049,0
599,551.2027777777778,0.9722222222221717,0.9611111111111086,0.9777777777777601,0.9943181818181481,0.032010227059163274,1.0775564947982756,55.55555555555556,1.111111111088889,0.9829545454545606,0.0,0.9972227377317526,0
600,552.1638888888889,0.9611111111111086,0.9388888888888687,0.9777777777777601,0.9829545454545606,0.030170662886505495,1.0156314632081553,50.0,0.9999999999800001,0.9602272727272694,0.0,0.9968155935207393,0
601,553.1027777777778,0.9388888888888687,0.9444444444444571,0.9777777777777601,0.9602272727272694,0.02346636305910107,0.7899454095371748,44.44444444444444,0.8888888888711112,0.9659090909091212,0.0,0.994301061690028,0
602,554.0472222222222,0.9444444444444571,0.9805555555556111,0.9777777777777601,0.9659090909091212,0.024938163336977213,0.8394904485504907,47.22222222222222,0.9444444444255556,1.002840909090984,0.0,0.9982613670682141,0
603,555.0277777777778,0.9805555555556111,0.9944444444444116,0.9777777777777601,1.002840909090984,0.026039997088657986,0.8765813480657347,50.0,0.9999999999800001,1.0170454545454393,0.0,0.9985633342978046,0
604,556.0222222222222,0.9944444444444116,0.9888888888888232,0.9777777777777601,1.0170454545454393,0.02561312710394971,0.8622116741609952,47.22222222222222,0.9444444444255556,1.0113636363635874,0.0,0.998471385882316,0
605,557.0111111111111,0.9888888888888232,0.9611111111111086,0.9777777777777601,1.0113636363635874,0.032163627030449726,1.0827203799233662,52.77777777777778,1.0555555555344445,0.9829545454545606,0.0,0.9994464136153995,0
606,557.9722222222222,0.9611111111111086,0.9527777777777828,0.9777777777777601,0.9829545454545606,0.02540832802694019,0.8553175470074321,50.0,0.9999999999800001,0.974431818181841,0.0,0.9976129879006539,0
607,558.925,0.9527777777777828,0.9361111111111313,0.9777777777777601,0.974431818181841,0.026419590683027176,0.8893595624233005,50.0,0.9999999999800001,0.9573863636364016,0.0,0.9983649812630314,0
608,559.8611111111111,0.9361111111111313,0.9583333333333712,0.9777777777777601,0.9573863636364016,0.029792144713809685,1.0028894506434307,50.0,0.9999999999800001,0.9801136363636929,0.0,0.9958178558863499,0
609,560.8194444444445,0.9583333333333712,0.9638888888888459,0.9777777777777601,0.9801136363636929,0.03075704449075541,1.0353707579317413,52.77777777777778,1.0555555555344445,0.9857954545454285,0.0,0.9940495832786351,0
610,561.7833333333333,0.9638888888888459,0.9888888888889369,0.9777777777777601,0.9857954545454285,0.031951172567588774,1.0755685504195776,55.55555555555556,1.111111111088889,1.0113636363637037,0.0,0.9988168668391993,0
611,562.7722222222222,0.9888888888889369,1.0055555555555884,0.9777777777777601,1.0113636363637037,0.032028247750119955,1.0781631231906714,52.77777777777778,1.0555555555344445,1.028409090909143,0.0,0.9988028769972679,0
612,563.7777777777778,1.0055555555555884,0.9666666666665833,0.9777777777777601,1.028409090909143,0.03189225544412412,1.0735852302473454,52.77777777777778,1.0555555555344445,0.9886363636362963,0.0,0.9989622551011375,0
613,564.7444444444444,0.9666666666665833,0.9444444444444571,0.9777777777777601,0.9886363636362963,0.031056020169063094,1.045435140897589,55.55555555555556,1.111111111088889,0.9659090909091212,0.0,0.9966678438309708,0
614,565.6888888888889,0.9444444444444571,0.9694444444444343,0.9777777777777601,0.9659090909091212,0.02416308221177487,0.8133989841283958,44.44444444444444,0.8888888888711112,0.9914772727272804,0.0,0.9971999417522249,0
615,566.6583333333333,0.9694444444444343,0.9611111111111086,0.9777777777777601,0.9914772727272804,0.02607069377770951,0.8776146870856404,47.22222222222222,0.9444444444255556,0.9829545454545606,0.0,0.9982440892450273,0
616,567.6194444444444,0.9611111111111086,0.9611111111111086,0.9777777777777601,0.9829545454545606,0.029703978648370058,0.9999215267902295,44.44444444444444,0.8888888888711112,0.9829545454545606,0.0,0.9966637776791545,0
617,568.5805555555555,0.9611111111111086,0.9555555555556339,0.9777777777777601,0.9829545454545606,0.02601929318756184,0.8758843950871575,47.22222222222222,0.9444444444255556,0.977272727272825,0.0,0.9985531838362851,0
618,569.5361111111112,0.9555555555556339,0.9222222222222172,0.9777777777777601,0.977272727272825,0.03248911129845043,1.0936771184148049,55.55555555555556,1.111111111088889,0.9431818181818301,0.0,0.998025292835438,0
619,570.4583333333334,0.9222222222222172,0.9222222222222172,0.9777777777777601,0.9431818181818301,0.024059817887144053,0.8099228093583377,44.44444444444444,0.8888888888711112,0.9431818181818301,0.0,0.9967481585588751,0
620,571.3805555555556,0.9222222222222172,0.9722222222221717,0.9777777777777601,0.9431818181818301,0.031421969473083344,1.057754049119799,50.0,0.9999999999800001,0.9943181818181481,0.0,0.9984286462634624,0
621,572.3527777777778,0.9722222222221717,1.0305555555555657,0.9777777777777601,0.9943181818181481,0.026481933140572362,0.891458189212337,52.77777777777778,1.0555555555344445,1.053977272727302,0.0,0.9982469627596383,0
622,573.3833333333333,1.0305555555555657,1.0194444444445026,0.9777777777777601,1.053977272727302,0.032530074623361285,1.0950560619857028,52.77777777777778,1.0555555555344445,1.0426136363637146,0.0,0.9977190255830406,0
623,574.4027777777778,1.0194444444445026,1.0388888888888914,0.9777777777777601,1.0426136363637146,0.025037141069344442,0.8428223242711967,47.22222222222222,0.9444444444255556,1.0625000000000218,0.0,0.9979878637642399,0
624,575.4416666666667,1.0388888888888914,1.0027777777777374,0.9777777777777601,1.0625000000000218,0.031501089460832236,1.0604174559275545,52.77777777777778,1.0555555555344445,1.025568181818159,0.0,0.9982338281612682,0
625,576.4444444444445,1.0027777777777374,0.9944444444444116,0.9777777777777601,1.025568181818159,0.031328933777858045,1.0546221994939653,52.77777777777778,1.0555555555344445,1.0170454545454393,0.0,0.9972048596859744,0
626,577.4388888888889,0.9944444444444116,0.9888888888889369,0.9777777777777601,1.0170454545454393,0.030657526602858358,1.0320206990191982,50.0,0.9999999999800001,1.0113636363637037,0.0,0.9990405993261948,0
627,578.4277777777778,0.9888888888889369,1.0805555555555202,0.9777777777777601,1.0113636363637037,0.03313692046047723,1.1154842417645277,55.55555555555556,1.111111111088889,1.1051136363636203,0.0,0.9976892680711057,0
628,579.5083333333333,1.0805555555555202,1.088888888888846,0.9777777777777601,1.1051136363636203,0.03272737301585439,1.1016976944818193,55.55555555555556,1.111111111088889,1.1136363636363398,0.0,0.9976449522150752,0
629,580.5972222222222,1.088888888888846,1.0055555555555884,0.9777777777777601,1.1136363636363398,0.032431172382402396,1.0917267275233642,52.77777777777778,1.0555555555344445,1.028409090909143,0.0,0.9981605059637216,0
630,581.6027777777778,1.0055555555555884,1.02222222222224,0.9777777777777601,1.028409090909143,0.024268530247672344,0.816948668913044,44.44444444444444,0.8888888888711112,1.0454545454545825,0.0,0.9966832244757875,0
631,582.625,1.02222222222224,1.011111111111063,0.9777777777777601,1.0454545454545825,0.03101279988211238,1.0439802214799696,52.77777777777778,1.0555555555344445,1.0340909090908788,0.0,0.9968020145716325,0
632,583.6361111111111,1.011111111111063,1.0083333333333258,0.9777777777777601,1.0340909090908788,0.02517396277404204,0.8474281371651127,47.22222222222222,0.9444444444255556,1.0312500000000109,0.0,0.9981348185421867,0
633,584.6444444444444,1.0083333333333258,1.0444444444444798,0.9777777777777601,1.0312500000000109,0.030861625991507696,1.0388912726460884,50.0,0.9999999999800001,1.0681818181818736,0.0,0.9962664894459099,0
634,585.6888888888889,1.0444444444444798,1.0861111111111086,0.9777777777777601,1.0681818181818736,0.026977194188155224,0.9081301033933,50.0,0.9999999999800001,1.1107954545454721,0.0,0.9986833121285444,0
635,586.775,1.0861111111111086,1.0611111111111313,0.9777777777777601,1.1107954545454721,0.03279358170854836,1.103926469888274,55.55555555555556,1.111111111088889,1.0852272727273131,0.0,0.9973475246868502,0
636,587.8361111111111,1.0611111111111313,0.9833333333333485,0.9777777777777601,1.0852272727273131,0.02562220109872315,0.8625171309759004,47.22222222222222,0.9444444444255556,1.0056818181818519,0.0,0.9983231310933904,0
637,588.8194444444445,0.9833333333333485,1.0444444444444798,0.9777777777777601,1.0056818181818519,0.029571630157608744,0.9954662951690036,44.44444444444444,0.8888888888711112,1.0681818181818736,0.0,0.9948642949280608,0
638,589.8638888888889,1.0444444444444798,1.0416666666666288,0.9777777777777601,1.0681818181818736,0.02679000791975675,0.9018288741368806,50.0,0.9999999999800001,1.0653409090908896,0.0,0.9987737260614703,0
639,590.9055555555556,1.0416666666666288,1.02222222222224,0.9777777777777601,1.0653409090908896,0.02541783705155469,0.8556376481805231,47.22222222222222,0.9444444444255556,1.0454545454545825,0.0,0.9978590697082472,0
640,591.9277777777778,1.02222222222224,1.02222222222224,0.9777777777777601,1.0454545454545825,0.03217848447926937,1.0832205244691124,55.55555555555556,1.111111111088889,1.0454545454545825,0.0,0.9972243874966591,0
641,592.95,1.02222222222224,0.974999999999909,0.9777777777777601,1.0454545454545825,0.025384724326660002,0.8545229784312336,44.44444444444444,0.8888888888711112,0.9971590909090159,0.0,0.9972062234917158,0
642,593.925,0.974999999999909,0.9416666666667197,0.9777777777777601,0.9971590909090159,0.024021013879229024,0.8086165546205702,44.44444444444444,0.8888888888711112,0.9630681818182535,0.0,0.9966634585631216,0
643,594.8666666666667,0.9416666666667197,0.9527777777777828,0.9777777777777601,0.9630681818182535,0.023431047147369675,0.7887565741694796,44.44444444444444,0.8888888888711112,0.974431818181841,0.0,0.9956256780479643,0
644,595.8194444444445,0.9527777777777828,0.9777777777777601,0.9777777777777601,0.974431818181841,0.030194865125934934,1.0164461803370797,50.0,0.9999999999800001,1.0,0.0,0.999267779298111,0
645,596.7972222222222,0.9777777777777601,1.0750000000000455,0.9777777777777601,1.0,0.030214525069467018,1.0171079906954132,50.0,0.9999999999800001,1.0994318181818845,0.0,0.9994538766857917,0
646,597.8722222222223,1.0750000000000455,0.9249999999999545,0.9777777777777601,1.0994318181818845,0.0323887319555973,1.090298060445767,55.55555555555556,1.111111111088889,0.9460227272726979,0.0,0.9974004576288267,0
647,598.7972222222222,0.9249999999999545,1.1499999999999773,0.9777777777777601,0.9460227272726979,0.029788231821689395,1.0027577314178886,52.77777777777778,1.0555555555344445,1.1761363636363618,0.0,0.9954408762943492,0
648,599.9472222222222,1.1499999999999773,0.9888888888889369,0.9777777777777601,1.1761363636363618,0.028990588067209982,0.9759067438698784,44.44444444444444,0.8888888888711112,1.0113636363637037,0.0,0.995590000579385,0
649,600.9361111111111,0.9888888888889369,0.9777777777777601,0.9777777777777601,1.0113636363637037,0.03004437025251915,1.0113800891786728,47.22222222222222,0.9444444444255556,1.0,0.0,0.9973974321374998,0
650,601.9138888888889,0.9777777777777601,0.9694444444444343,0.9777777777777601,1.0,0.02941252686540716,0.990110419825204,44.44444444444444,0.8888888888711112,0.9914772727272804,0.0,0.9956308696430127,0
651,602.8833333333333,0.9694444444444343,0.9750000000000227,0.9777777777777601,0.9914772727272804,0.03129888855672609,1.0536107907617327,52.77777777777778,1.0555555555344445,0.9971590909091322,0.0,0.9986706875561405,0
652,603.8583333333333,0.9750000000000227,0.9166666666666288,0.9777777777777601,0.9971590909091322,0.02529115082439473,0.8513730246704995,47.22222222222222,0.9444444444255556,0.9374999999999782,0.0,0.9983826689449169,0
653,604.775,0.9166666666666288,0.9472222222221944,0.9777777777777601,0.9374999999999782,0.025164750877827897,0.8471180381902877,47.22222222222222,0.9444444444255556,0.9687499999999891,0.0,0.9985329592792298,0
654,605.7222222222222,0.9472222222221944,0.9194444444444798,0.9777777777777601,0.9687499999999891,0.030961106086732464,1.0422400593483656,50.0,0.9999999999800001,0.9403409090909622,0.0,0.9984253116860812,0
655,606.6416666666667,0.9194444444444798,0.8888888888889142,0.9777777777777601,0.9403409090909622,0.02369035785505204,0.7974857199114771,44.44444444444444,0.8888888888711112,0.9090909090909514,0.0,0.9961028550843259,0
656,607.5305555555556,0.8888888888889142,0.9861111111110858,0.9777777777777601,0.9090909090909514,0.030593049954444368,1.029850229214879,50.0,0.9999999999800001,1.0085227272727197,0.0,0.9992631495405111,0
657,608.5166666666667,0.9861111111110858,1.0444444444444798,0.9777777777777601,1.0085227272727197,0.030476431266979243,1.025924508105165,50.0,0.9999999999800001,1.0681818181818736,0.0,0.9996024570447364,0
658,609.5611111111111,1.0444444444444798,1.0472222222222172,0.9777777777777601,1.0681818181818736,0.025903038122671886,0.8719709145612672,47.22222222222222,0.9444444444255556,1.0710227272727415,0.0,0.9976436766439347,0
659,610.6083333333333,1.0472222222222172,1.011111111111063,0.9777777777777601,1.0710227272727415,0.02355999241735955,0.7930972435716148,44.44444444444444,0.8888888888711112,1.0340909090908788,0.0,0.9963986758875233,0
660,611.6194444444444,1.011111111111063,1.0166666666666515,0.9777777777777601,1.0340909090908788,0.030151289189881775,1.0149792887457076,50.0,0.9999999999800001,1.0397727272727306,0.0,0.9994339150073293,0
661,612.6361111111111,1.0166666666666515,1.0166666666667652,0.9777777777777601,1.0397727272727306,0.025342414943630133,0.8530987226647725,47.22222222222222,0.9444444444255556,1.0397727272728468,0.0,0.9978072730523484,0
662,613.6527777777778,1.0166666666667652,1.0138888888888005,0.9777777777777601,1.0397727272728468,0.02948940305057313,0.9926982937714836,44.44444444444444,0.8888888888711112,1.0369318181817464,0.0,0.995549015215398,0
663,614.6666666666666,1.0138888888888005,1.0777777777777828,0.9777777777777601,1.0369318181817464,0.030525266872857216,1.0275684553409643,50.0,0.9999999999800001,1.1022727272727524,0.0,0.9978858973924991,0
664,615.7444444444444,1.0777777777777828,1.0249999999999773,0.9777777777777601,1.1022727272727524,0.026600520841568463,0.8954501929921092,47.22222222222222,0.9444444444255556,1.0482954545454501,0.0,0.996998598589294,0
665,616.7694444444444,1.0249999999999773,0.9750000000000227,0.9777777777777601,1.0482954545454501,0.03047047427425871,1.0257239785624157,50.0,0.9999999999800001,0.9971590909091322,0.0,0.9989357772829974,0
666,617.7444444444444,0.9750000000000227,0.9472222222223081,0.9777777777777601,0.9971590909091322,0.030395032471996496,1.0231843900785011,47.22222222222222,0.9444444444255556,0.9687500000001054,0.0,0.9990579264579227,0
667,618.6916666666667,0.9472222222223081,0.9305555555555429,0.9777777777777601,0.9687500000001054,0.031042249209637347,1.0449715707160534,50.0,0.9999999999800001,0.9517045454545497,0.0,0.999593566165792,0
668,619.6222222222223,0.9305555555555429,0.9805555555554974,0.9777777777777601,0.9517045454545497,0.025003369321909424,0.8416854699239273,47.22222222222222,0.9444444444255556,1.0028409090908679,0.0,0.9979440622616753,0
669,620.6027777777778,0.9805555555554974,1.0138888888889142,0.9777777777777601,1.0028409090908679,0.031948175220316545,1.0754676510721788,52.77777777777778,1.0555555555344445,1.0369318181818628,0.0,0.9995558529380251,0
670,621.6166666666667,1.0138888888889142,0.9833333333333485,0.9777777777777601,1.0369318181818628,0.03196837278928009,1.0761475594519467,55.55555555555556,1.111111111088889,1.0056818181818519,0.0,0.9982849566210861,0
671,622.6,0.9833333333333485,0.9694444444444343,0.9777777777777601,1.0056818181818519,0.03026318562307731,1.01874604516739,47.22222222222222,0.9444444444255556,0.9914772727272804,0.0,0.9990336452882,0
672,623.5694444444445,0.9694444444444343,0.9472222222221944,0.9777777777777601,0.9914772727272804,0.03127872620643638,1.0529320679440244,50.0,0.9999999999800001,0.9687499999999891,0.0,0.9995936260622122,0
673,624.5166666666667,0.9472222222221944,0.9583333333333712,0.9777777777777601,0.9687499999999891,0.03208951703360597,1.0802256238480383,55.55555555555556,1.111111111088889,0.9801136363636929,0.0,0.9971900654072536,0
674,625.475,0.9583333333333712,0.9555555555555202,0.9777777777777601,0.9801136363636929,0.030335917493699318,1.021194409542398,50.0,0.9999999999800001,0.9772727272727088,0.0,0.9992614059905315,0
675,626.4305555555555,0.9555555555555202,1.0388888888888914,0.9777777777777601,0.9772727272727088,0.03225848066600925,1.0859134266600694,55.55555555555556,1.111111111088889,1.0625000000000218,0.0,0.998786328898871,0
676,627.4694444444444,1.0388888888888914,1.0472222222222172,0.9777777777777601,1.0625000000000218,0.025835440711397407,0.8696953908851702,50.0,0.9999999999800001,1.0710227272727415,0.0,0.9983306366518964,0
677,628.5166666666667,1.0472222222222172,1.02222222222224,0.9777777777777601,1.0710227272727415,0.02566714978520554,0.8640302333029234,47.22222222222222,0.9444444444255556,1.0454545454545825,0.0,0.9982062239371075,0
678,629.5388888888889,1.02222222222224,1.0055555555555884,0.9777777777777601,1.0454545454545825,0.02614030337618501,0.8799579467819537,50.0,0.9999999999800001,1.028409090909143,0.0,0.9987389343279807,0
679,630.5444444444445,1.0055555555555884,0.9833333333333485,0.9777777777777601,1.028409090909143,0.0257233948334392,0.8659236037220837,50.0,0.9999999999800001,1.0056818181818519,0.0,0.998235099053383,0
680,631.5277777777778,0.9833333333333485,0.9833333333332348,0.9777777777777601,1.0056818181818519,0.0244509805247358,0.8230904710522198,47.22222222222222,0.9444444444255556,1.0056818181817355,0.0,0.9978537865671524,0
681,632.5111111111111,0.9833333333332348,1.0611111111111313,0.9777777777777601,1.0056818181817355,0.025268532699782107,0.8506116334116546,47.22222222222222,0.9444444444255556,1.0852272727273131,0.0,0.9983509805644091,0
682,633.5722222222222,1.0611111111111313,1.055555555555543,0.9777777777777601,1.0852272727273131,0.025959451937975,0.8738699661663641,50.0,0.9999999999800001,1.0795454545454612,0.0,0.9988764118227419,0
683,634.6277777777777,1.055555555555543,0.9972222222222626,0.9777777777777601,1.0795454545454612,0.025886357088995532,0.8714093828937572,47.22222222222222,0.9444444444255556,1.0198863636364235,0.0,0.9985464497921313,0
684,635.625,0.9972222222222626,1.0166666666666515,0.9777777777777601,1.0198863636364235,0.030782560493637114,1.036229700124674,52.77777777777778,1.0555555555344445,1.0397727272727306,0.0,0.9964904611311438,0
685,636.6416666666667,1.0166666666666515,0.9972222222222626,0.9777777777777601,1.0397727272727306,0.025258404643086704,0.8502706938346986,50.0,0.9999999999800001,1.0198863636364235,0.0,0.9983159829753165,0
686,637.6388888888889,0.9972222222222626,0.9722222222221717,0.9777777777777601,1.0198863636364235,0.030828429936520386,1.0377737977657278,47.22222222222222,0.9444444444255556,0.9943181818181481,0.0,0.9962793810197057,0
687,638.6111111111111,0.9722222222221717,1.033333333333303,0.9777777777777601,0.9943181818181481,0.030699945146109468,1.033448629433301,47.22222222222222,0.9444444444255556,1.0568181818181699,0.0,0.9981084494138193,0
688,639.6444444444444,1.033333333333303,1.0777777777777828,0.9777777777777601,1.0568181818181699,0.0315163156474961,1.0609300132518227,52.77777777777778,1.0555555555344445,1.1022727272727524,0.0,0.9985586326320846,0
689,640.7222222222222,1.0777777777777828,1.0333333333334167,0.9777777777777601,1.1022727272727524,0.02725978796609304,0.9176430243808226,52.77777777777778,1.0555555555344445,1.0568181818182862,0.0,0.9980313906183795,0
690,641.7555555555556,1.0333333333334167,0.9472222222221944,0.9777777777777601,1.0568181818182862,0.02953244754506787,0.9941472955084093,50.0,0.9999999999800001,0.9687499999999891,0.0,0.9975711353567405,0
691,642.7027777777778,0.9472222222221944,1.0027777777777374,0.9777777777777601,0.9687499999999891,0.023106048009084303,0.7778161665423805,41.666666666666664,0.8333333333166667,1.025568181818159,0.0,0.994098272355924,0
692,643.7055555555555,1.0027777777777374,1.0277777777778283,0.9777777777777601,1.025568181818159,0.025909243449391696,0.8721798037421192,50.0,0.9999999999800001,1.0511363636364344,0.0,0.9986418921484536,0
693,644.7333333333333,1.0277777777778283,1.0305555555555657,0.9777777777777601,1.0511363636364344,0.025707337351214034,0.865383062593467,50.0,0.9999999999800001,1.053977272727302,0.0,0.9986038295745094,0
694,645.7638888888889,1.0305555555555657,1.0472222222222172,0.9777777777777601,1.053977272727302,0.030149926780051024,1.0149334261044027,52.77777777777778,1.0555555555344445,1.0710227272727415,0.0,0.9975839679724183,0
695,646.8111111111111,1.0472222222222172,1.0416666666666288,0.9777777777777601,1.0710227272727415,0.03044358330931188,1.024818751183794,52.77777777777778,1.0555555555344445,1.0653409090908896,0.0,0.997356305181921,0
696,647.8527777777778,1.0416666666666288,1.0166666666666515,0.9777777777777601,1.0653409090908896,0.030738376632795952,1.0347423440329269,52.77777777777778,1.0555555555344445,1.0397727272727306,0.0,0.9966204224323725,0
697,648.8694444444444,1.0166666666666515,0.9611111111111086,0.9777777777777601,1.0397727272727306,0.029250816562817118,0.9846667849984458,47.22222222222222,0.9444444444255556,0.9829545454545606,0.0,0.998192784902108,0
698,649.8305555555555,0.9611111111111086,1.0277777777778283,0.9777777777777601,0.9829545454545606,0.023522015036234575,0.7918188154739005,41.666666666666664,0.8333333333166667,1.0511363636364344,0.0,0.9942740411335795,0
699,650.8583333333333,1.0277777777778283,1.1000000000000227,0.9777777777777601,1.0511363636364344,0.026725287050613517,0.8996501831589822,52.77777777777778,1.0555555555344445,1.1250000000000435,0.0,0.9984357277429853,0
700,651.9583333333334,1.1000000000000227,1.0499999999999545,0.9777777777777601,1.1250000000000435,0.031072946882147033,1.046004942841995,52.77777777777778,1.0555555555344445,1.0738636363636094,0.0,0.9994928919926548,0
701,653.0083333333333,1.0499999999999545,1.02222222222224,0.9777777777777601,1.0738636363636094,0.02992254325901938,1.0072790414777368,52.77777777777778,1.0555555555344445,1.0454545454545825,0.0,0.9971269783109573,0
702,654.0305555555556,1.02222222222224,1.0027777777777374,0.9777777777777601,1.0454545454545825,0.030874664518023148,1.039330187025026,52.77777777777778,1.0555555555344445,1.025568181818159,0.0,0.9974453814560131,0
703,655.0333333333333,1.0027777777777374,1.0055555555555884,0.9777777777777601,1.025568181818159,0.025375809878935625,0.854222892429807,47.22222222222222,0.9444444444255556,1.028409090909143,0.0,0.9982534515127663,0
704,656.0388888888889,1.0055555555555884,1.0249999999999773,0.9777777777777601,1.028409090909143,0.030686172155254744,1.0329849908680115,47.22222222222222,0.9444444444255556,1.0482954545454501,0.0,0.9979895010130015,0
705,657.0638888888889,1.0249999999999773,1.091666666666697,0.9777777777777601,1.0482954545454501,0.033056986273484475,1.112793426663739,58.333333333333336,1.1666666666433334,1.116477272727324,0.0,0.9968360790012722,0
706,658.1555555555556,1.091666666666697,1.0805555555555202,0.9777777777777601,1.116477272727324,0.02617623782321324,0.8811676038303302,50.0,0.9999999999800001,1.1051136363636203,0.0,0.9988240783697437,0
707,659.2361111111111,1.0805555555555202,0.9861111111110858,0.9777777777777601,1.1051136363636203,0.03149150355732814,1.0600947667894782,52.77777777777778,1.0555555555344445,1.0085227272727197,0.0,0.9988915719660925,0
708,660.2222222222222,0.9861111111110858,0.9638888888889596,0.9777777777777601,1.0085227272727197,0.026853311606792524,0.903959858680789,52.77777777777778,1.0555555555344445,0.9857954545455447,0.0,0.9976159054269005,0
709,661.1861111111111,0.9638888888889596,0.9833333333333485,0.9777777777777601,0.9857954545455447,0.030879012900471493,1.0394765661100736,50.0,0.9999999999800001,1.0056818181818519,0.0,0.9996167247495007,0
710,662.1694444444445,0.9833333333333485,0.9805555555554974,0.9777777777777601,1.0056818181818519,0.030537447949791192,1.0279785054958595,50.0,0.9999999999800001,1.0028409090908679,0.0,0.9968570206749526,0
711,663.15,0.9805555555554974,1.0388888888888914,0.9777777777777601,1.0028409090908679,0.0246882572027623,0.8310778878549514,44.44444444444444,0.8888888888711112,1.0625000000000218,0.0,0.9953106338487867,0
712,664.1888888888889,1.0388888888888914,1.036111111111154,0.9777777777777601,1.0625000000000218,0.03237567080127459,1.0898583843496248,55.55555555555556,1.111111111088889,1.059659090909154,0.0,0.9986210499047936,0
713,665.225,1.036111111111154,0.966666666666697,0.9777777777777601,1.059659090909154,0.030821774522993894,1.0375497573658334,50.0,0.9999999999800001,0.9886363636364125,0.0,0.9994587953061982,0
714,666.1916666666667,0.966666666666697,0.9638888888888459,0.9777777777777601,0.9886363636364125,0.02886491034514637,0.9716760695478626,47.22222222222222,0.9444444444255556,0.9857954545454285,0.0,0.9969981934959258,0
715,667.1555555555556,0.9638888888888459,1.0,0.9777777777777601,0.9857954545454285,0.023972970793209203,0.8069992858872018,47.22222222222222,0.9444444444255556,1.0227272727272911,0.0,0.9975981002180422,0
716,668.1555555555556,1.0,1.02222222222224,0.9777777777777601,1.0227272727272911,0.030612513183626552,1.0305054176012733,50.0,0.9999999999800001,1.0454545454545825,0.0,0.9992192784150746,0
717,669.1777777777778,1.02222222222224,1.0444444444443661,0.9777777777777601,1.0454545454545825,0.03088133761254518,1.0395548226181859,50.0,0.9999999999800001,1.0681818181817575,0.0,0.9978873908296229,0
718,670.2222222222222,1.0444444444443661,1.0638888888889824,0.9777777777777601,1.0681818181817575,0.03019673338415444,1.0165090712929816,50.0,0.9999999999800001,1.0880681818182971,0.0,0.998512037619625,0
719,671.2861111111112,1.0638888888889824,1.033333333333303,0.9777777777777601,1.0880681818182971,0.03201251394294822,1.0776334778971697,55.55555555555556,1.111111111088889,1.0568181818181699,0.0,0.9989249513520774,0
720,672.3194444444445,1.033333333333303,0.9722222222221717,0.9777777777777601,1.0568181818181699,0.02455756625434535,0.8266784538859968,47.22222222222222,0.9444444444255556,0.9943181818181481,0.0,0.9977240412049284,0
721,673.2916666666666,0.9722222222221717,1.0138888888889142,0.9777777777777601,0.9943181818181481,0.029172050235071908,0.9820152834056459,44.44444444444444,0.8888888888711112,1.0369318181818628,0.0,0.9964397862189158,0
722,674.3055555555555,1.0138888888889142,1.0805555555555202,0.9777777777777601,1.0369318181818628,0.03240887707879881,1.0909762033500388,55.55555555555556,1.111111111088889,1.1051136363636203,0.0,0.9982422293002067,0
723,675.3861111111111,1.0805555555555202,1.0777777777777828,0.9777777777777601,1.1051136363636203,0.03231145161355242,1.087696581414182,55.55555555555556,1.111111111088889,1.1022727272727524,0.0,0.9971622200275618,0
724,676.4638888888888,1.0777777777777828,1.0416666666667425,0.9777777777777601,1.1022727272727524,0.031132595645048663,1.0480128921062266,50.0,0.9999999999800001,1.065340909091006,0.0,0.99959001860778,0
725,677.5055555555556,1.0416666666667425,1.0166666666666515,0.9777777777777601,1.065340909091006,0.025134044760351124,0.846084381782416,47.22222222222222,0.9444444444255556,1.0397727272727306,0.0,0.9985610821191521,0
726,678.5222222222222,1.0166666666666515,1.0277777777777146,0.9777777777777601,1.0397727272727306,0.025335548071977992,0.8528675639749564,47.22222222222222,0.9444444444255556,1.051136363636318,0.0,0.9987038574324383,0
727,679.55,1.0277777777777146,0.9888888888889369,0.9777777777777601,1.051136363636318,0.03006276483957557,1.011999303991337,47.22222222222222,0.9444444444255556,1.0113636363637037,0.0,0.9962762093916662,0
728,680.5388888888889,0.9888888888889369,1.055555555555543,0.9777777777777601,1.0113636363637037,0.03004818003341029,1.01150833738308,50.0,0.9999999999800001,1.0795454545454612,0.0,0.9965375468560412,0
729,681.5944444444444,1.055555555555543,1.0972222222222854,0.9777777777777601,1.0795454545454612,0.02560262213334524,0.8618580465756116,50.0,0.9999999999800001,1.1221590909091759,0.0,0.9984804311831652,0
730,682.6916666666667,1.0972222222222854,1.0277777777777146,0.9777777777777601,1.1221590909091759,0.030968506599076406,1.0424891819217954,50.0,0.9999999999800001,1.051136363636318,0.0,0.9995669928484401,0
731,683.7194444444444,1.0277777777777146,0.9694444444444343,0.9777777777777601,1.051136363636318,0.02463387742584882,0.8292473078440536,47.22222222222222,0.9444444444255556,0.9914772727272804,0.0,0.9976341333794766,0
732,684.6888888888889,0.9694444444444343,0.9888888888889369,0.9777777777777601,0.9914772727272804,0.02946282818713951,0.9918037072807865,50.0,0.9999999999800001,1.0113636363637037,0.0,0.9991241343553245,0
733,685.6777777777778,0.9888888888889369,1.0527777777778056,0.9777777777777601,1.0113636363637037,0.030735812792334154,1.0346560377741136,50.0,0.9999999999800001,1.0767045454545934,0.0,0.9987114468900542,0
734,686.7305555555556,1.0527777777778056,1.0416666666666288,0.9777777777777601,1.0767045454545934,0.02582825538883939,0.8694535122201017,47.22222222222222,0.9444444444255556,1.0653409090908896,0.0,0.9983075070512178,0
735,687.7722222222222,1.0416666666666288,1.0472222222222172,0.9777777777777601,1.0653409090908896,0.030993004734062374,1.0433138597479097,50.0,0.9999999999800001,1.0710227272727415,0.0,0.9989097952050519,0
736,688.8194444444445,1.0472222222222172,1.0416666666666288,0.9777777777777601,1.0710227272727415,0.02528444511673633,0.85114729122518,47.22222222222222,0.9444444444255556,1.0653409090908896,0.0,0.9983213700694327,0
737,689.8611111111111,1.0416666666666288,0.9916666666666742,0.9777777777777601,1.0653409090908896,0.03185074699379468,1.0721879361838313,55.55555555555556,1.111111111088889,1.0142045454545716,0.0,0.9971343044021954,0
738,690.8527777777778,0.9916666666666742,0.9388888888888687,0.9777777777777601,1.0142045454545716,0.030559746583453964,1.0287291417685744,50.0,0.9999999999800001,0.9602272727272694,0.0,0.9990802843705178,0
739,691.7916666666666,0.9388888888888687,1.002777777777851,0.9777777777777601,0.9602272727272694,0.024790902790107903,0.8345332341448171,50.0,0.9999999999800001,1.0255681818182754,0.0,0.9982689170136625,0
740,692.7944444444445,1.002777777777851,1.0444444444443661,0.9777777777777601,1.0255681818182754,0.027434806703765302,0.9235346594867396,50.0,0.9999999999800001,1.0681818181817575,0.0,0.9985942372677256,0
741,693.8388888888888,1.0444444444443661,1.0083333333333258,0.9777777777777601,1.0681818181817575,0.026363852648778115,0.8874832595560527,50.0,0.9999999999800001,1.0312500000000109,0.0,0.9987938629952706,0
742,694.8472222222222,1.0083333333333258,1.0055555555555884,0.9777777777777601,1.0312500000000109,0.031253651014336456,1.0520879647124024,50.0,0.9999999999800001,1.028409090909143,0.0,0.9985241355526375,0
743,695.8527777777778,1.0055555555555884,0.9583333333333712,0.9777777777777601,1.028409090909143,0.03184313544091645,1.0719317093778087,52.77777777777778,1.0555555555344445,0.9801136363636929,0.0,0.9991513124799528,0
744,696.8111111111111,0.9583333333333712,0.9722222222221717,0.9777777777777601,0.9801136363636929,0.03046809698961378,1.0256439523100433,50.0,0.9999999999800001,0.9943181818181481,0.0,0.9963006926793803,0
745,697.7833333333333,0.9722222222221717,0.966666666666697,0.9777777777777601,0.9943181818181481,0.02906941051766884,0.9785601347149627,47.22222222222222,0.9444444444255556,0.9886363636364125,0.0,0.9957779812165213,0
746,698.75,0.966666666666697,1.02222222222224,0.9777777777777601,0.9886363636364125,0.030066397153059737,1.0121215781313728,50.0,0.9999999999800001,1.0454545454545825,0.0,0.9994533960691535,0
747,699.7722222222222,1.02222222222224,1.0583333333332803,0.9777777777777601,1.0454545454545825,0.03160134818416992,1.0637924534960825,52.77777777777778,1.0555555555344445,1.082386363636329,0.0,0.9986535427579912,0
748,700.8305555555555,1.0583333333332803,1.002777777777851,0.9777777777777601,1.082386363636329,0.02413188073301069,0.8123486524319817,47.22222222222222,0.9444444444255556,1.0255681818182754,0.0,0.9973748756199723,0
749,701.8333333333334,1.002777777777851,0.9944444444444116,0.9777777777777601,1.0255681818182754,0.029877821947682782,1.0057735932534058,50.0,0.9999999999800001,1.0170454545454393,0.0,0.9968629705517349,0
750,702.8277777777778,0.9944444444444116,0.9861111111110858,0.9777777777777601,1.0170454545454393,0.02888984533812461,0.9725154532730012,47.22222222222222,0.9444444444255556,1.0085227272727197,0.0,0.9970025442170705,0
751,703.8138888888889,0.9861111111110858,1.0305555555555657,0.9777777777777601,1.0085227272727197,0.030621888284532647,1.0308210105163775,52.77777777777778,1.0555555555344445,1.053977272727302,0.0,0.996399056503122,0
752,704.8444444444444,1.0305555555555657,1.0499999999999545,0.9777777777777601,1.053977272727302,0.025563592766296158,0.8605442055999175,47.22222222222222,0.9444444444255556,1.0738636363636094,0.0,0.9984831221825125,0
753,705.8944444444444,1.0499999999999545,1.0500000000000682,0.9777777777777601,1.0738636363636094,0.030224154008820055,1.0174321285441923,47.22222222222222,0.9444444444255556,1.0738636363637255,0.0,0.9968640487812586,0
754,706.9444444444445,1.0500000000000682,1.033333333333303,0.9777777777777601,1.0738636363637255,0.031094737126814598,1.0467384652759777,52.77777777777778,1.0555555555344445,1.0568181818181699,0.0,0.9966547090717148,0
755,707.9777777777778,1.033333333333303,0.9638888888889596,0.9777777777777601,1.0568181818181699,0.03089700729028056,1.040082309130042,50.0,0.9999999999800001,0.9857954545455447,0.0,0.996341453532558,0
756,708.9416666666667,0.9638888888889596,1.0166666666666515,0.9777777777777601,0.9857954545455447,0.030260746401283043,1.018663933932071,47.22222222222222,0.9444444444255556,1.0397727272727306,0.0,0.9961427024625876,0
757,709.9583333333334,1.0166666666666515,1.0472222222222172,0.9777777777777601,1.0397727272727306,0.03163334471910952,1.0648695490746765,52.77777777777778,1.0555555555344445,1.0710227272727415,0.0,0.9982628819443596,0
758,711.0055555555556,1.0472222222222172,1.055555555555543,0.9777777777777601,1.0710227272727415,0.03268793672673626,1.1003701553365506,52.77777777777778,1.0555555555344445,1.0795454545454612,0.0,0.998793129109171,0
759,712.0611111111111,1.055555555555543,1.0833333333332575,0.9777777777777601,1.0795454545454612,0.027006768565738158,0.9091256621747235,50.0,0.9999999999800001,1.107954545454488,0.0,0.9987407638417494,0
760,713.1444444444444,1.0833333333332575,1.0444444444444798,0.9777777777777601,1.107954545454488,0.031917593324852694,1.074438176335264,55.55555555555556,1.111111111088889,1.0681818181818736,0.0,0.9989188798403021,0
761,714.1888888888889,1.0444444444444798,0.9722222222222854,0.9777777777777601,1.0681818181818736,0.031170722261834257,1.0492963439063676,52.77777777777778,1.0555555555344445,0.9943181818182644,0.0,0.9975089117143683,0
762,715.1611111111112,0.9722222222222854,1.0138888888888005,0.9777777777777601,0.9943181818182644,0.02424572932673343,0.8161811242030456,47.22222222222222,0.9444444444255556,1.0369318181817464,0.0,0.9976376021939215,0
763,716.175,1.0138888888888005,1.0666666666667197,0.9777777777777601,1.0369318181817464,0.02434487384304285,0.8195186143519093,47.22222222222222,0.9444444444255556,1.090909090909165,0.0,0.9981469369062617,0
764,717.2416666666667,1.0666666666667197,1.0499999999999545,0.9777777777777601,1.090909090909165,0.026531908658969063,0.8931405091886916,50.0,0.9999999999800001,1.0738636363636094,0.0,0.9986415068459047,0
765,718.2916666666666,1.0499999999999545,1.036111111111154,0.9777777777777601,1.0738636363636094,0.029229011364417818,0.983932759178757,47.22222222222222,0.9444444444255556,1.059659090909154,0.0,0.9970929784384652,0
766,719.3277777777778,1.036111111111154,1.0166666666666515,0.9777777777777601,1.059659090909154,0.030870925695569786,1.0392043274861333,50.0,0.9999999999800001,1.0397727272727306,0.0,0.9982204820252389,0
767,720.3444444444444,1.0166666666666515,0.9944444444444116,0.9777777777777601,1.0397727272727306,0.03159218784750363,1.0634840901642306,52.77777777777778,1.0555555555344445,1.0170454545454393,0.0,0.9968484618716231,0
768,721.3388888888888,0.9944444444444116,0.9444444444444571,0.9777777777777601,1.0170454545454393,0.028295800837117847,0.9525182033604674,47.22222222222222,0.9444444444255556,0.9659090909091212,0.0,0.9961832569482487,0
769,722.2833333333333,0.9444444444444571,0.9805555555556111,0.9777777777777601,0.9659090909091212,0.029660349792298847,0.9984528537585369,50.0,0.9999999999800001,1.002840909090984,0.0,0.9993047968576948,0
770,723.2638888888889,0.9805555555556111,1.0444444444443661,0.9777777777777601,1.002840909090984,0.03162912185981529,1.0647273954607483,52.77777777777778,1.0555555555344445,1.0681818181817575,0.0,0.9980949417162178,0
771,724.3083333333333,1.0444444444443661,1.0416666666667425,0.9777777777777601,1.0681818181817575,0.03202215171474857,1.07795791307158,55.55555555555556,1.111111111088889,1.065340909091006,0.0,0.9970801844543595,0
772,725.35,1.0416666666667425,0.9777777777777601,0.9777777777777601,1.065340909091006,0.025857281705077832,0.8704306216771822,50.0,0.9999999999800001,1.0,0.0,0.9988552970294393,0
773,726.3277777777778,0.9777777777777601,0.9694444444444343,0.9777777777777601,1.0,0.025187877332811765,0.8478965413144134,47.22222222222222,0.9444444444255556,0.9914772727272804,0.0,0.9986050498243735,0
774,727.2972222222222,0.9694444444444343,0.9972222222222626,0.9777777777777601,0.9914772727272804,0.025789600866697453,0.8681522896042676,50.0,0.9999999999800001,1.0198863636364235,0.0,0.998742578132543,0
775,728.2944444444445,0.9972222222222626,1.0083333333333258,0.9777777777777601,1.0198863636364235,0.02588228764389647,0.8712723936437712,47.22222222222222,0.9444444444255556,1.0312500000000109,0.0,0.9978343513376964,0
776,729.3027777777778,1.0083333333333258,1.0361111111110404,0.9777777777777601,1.0312500000000109,0.03252709644037003,1.0949558077632322,55.55555555555556,1.111111111088889,1.0596590909090378,0.0,0.997057703721143,0
777,730.3388888888888,1.0361111111110404,1.0416666666667425,0.9777777777777601,1.0596590909090378,0.02779454044624628,0.9356443339945779,52.77777777777778,1.0555555555344445,1.065340909091006,0.0,0.9983544512920497,0
778,731.3805555555556,1.0416666666667425,0.9666666666665833,0.9777777777777601,1.065340909091006,0.025929032095053477,0.872845946585052,50.0,0.9999999999800001,0.9886363636362963,0.0,0.9988275592785119,0
779,732.3472222222222,0.9666666666665833,0.9916666666666742,0.9777777777777601,0.9886363636362963,0.030259110930445365,1.0186088792703238,50.0,0.9999999999800001,1.0142045454545716,0.0,0.9971139679344935,0
780,733.3388888888888,0.9916666666666742,0.9833333333333485,0.9777777777777601,1.0142045454545716,0.02495772433078344,0.8401489279758835,47.22222222222222,0.9444444444255556,1.0056818181818519,0.0,0.9979612200563239,0
781,734.3222222222222,0.9833333333333485,0.9944444444445253,0.9777777777777601,1.0056818181818519,0.02529324062445731,0.8514433733633126,47.22222222222222,0.9444444444255556,1.0170454545455556,0.0,0.9984454638449517,0
782,735.3166666666667,0.9944444444445253,1.0638888888888687,0.9777777777777601,1.0170454545455556,0.03261651234787264,1.0979658049022603,52.77777777777778,1.0555555555344445,1.0880681818181808,0.0,0.9989701787461038,0
783,736.3805555555556,1.0638888888888687,1.0361111111110404,0.9777777777777601,1.0880681818181808,0.02725944965690345,0.9176316359185096,52.77777777777778,1.0555555555344445,1.0596590909090378,0.0,0.9983538773370484,0
784,737.4166666666666,1.0361111111110404,0.9638888888889596,0.9777777777777601,1.0596590909090378,0.025987023195231402,0.8747980941446968,50.0,0.9999999999800001,0.9857954545455447,0.0,0.9984892453491393,0
785,738.3805555555556,0.9638888888889596,0.9722222222221717,0.9777777777777601,0.9857954545455447,0.030509741419691493,1.0270458238437714,50.0,0.9999999999800001,0.9943181818181481,0.0,0.9979632662118627,0
786,739.3527777777778,0.9722222222221717,1.0166666666666515,0.9777777777777601,0.9943181818181481,0.025431933329976737,0.8561121695370286,50.0,0.9999999999800001,1.0397727272727306,0.0,0.9983942503147314,0
787,740.3694444444444,1.0166666666666515,1.0166666666666515,0.9777777777777601,1.0397727272727306,0.02686867230900305,0.9044769441860252,50.0,0.9999999999800001,1.0397727272727306,0.0,0.9988003211872734,0
788,741.3861111111111,1.0166666666666515,1.025000000000091,0.9777777777777601,1.0397727272727306,0.030863728918281708,1.0389620632218388,50.0,0.9999999999800001,1.0482954545455665,0.0,0.9984171110214032,0
789,742.4111111111112,1.025000000000091,1.0249999999999773,0.9777777777777601,1.0482954545455665,0.02553743785856647,0.8596637560285075,50.0,0.9999999999800001,1.0482954545454501,0.0,0.9986269293281753,0
790,743.4361111111111,1.0249999999999773,1.0027777777777374,0.9777777777777601,1.0482954545454501,0.025999323248866824,0.8752121493982481,50.0,0.9999999999800001,1.025568181818159,0.0,0.998744236694426,0
791,744.4388888888889,1.0027777777777374,0.966666666666697,0.9777777777777601,1.025568181818159,0.030899167039782453,1.0401550125225734,50.0,0.9999999999800001,0.9886363636364125,0.0,0.9994487878614231,0
792,745.4055555555556,0.966666666666697,0.9638888888888459,0.9777777777777601,0.9886363636364125,0.024551384760631647,0.826470366992816,44.44444444444444,0.8888888888711112,0.9857954545454285,0.0,0.996401887355435,0
793,746.3694444444444,0.9638888888888459,1.0500000000000682,0.9777777777777601,0.9857954545454285,0.026515530052455816,0.8925891580910729,52.77777777777778,1.0555555555344445,1.0738636363637255,0.0,0.9982170308136489,0
794,747.4194444444445,1.0500000000000682,1.055555555555543,0.9777777777777601,1.0738636363637255,0.03517917663519834,1.18423247029303,58.333333333333336,1.1666666666433334,1.0795454545454612,0.0,0.9950204086413265,0
795,748.475,1.055555555555543,1.0083333333333258,0.9777777777777601,1.0795454545454612,0.03199530925181415,1.0770543184104766,52.77777777777778,1.0555555555344445,1.0312500000000109,0.0,0.9990163973318339,0
796,749.4833333333333,1.0083333333333258,0.9916666666666742,0.9777777777777601,1.0312500000000109,0.026107967818548787,0.8788694387223439,50.0,0.9999999999800001,1.0142045454545716,0.0,0.9989669443675231,0
797,750.475,0.9916666666666742,1.011111111111063,0.9777777777777601,1.0142045454545716,0.025873064496368618,0.8709619159173011,50.0,0.9999999999800001,1.0340909090908788,0.0,0.9986338775725218,0
798,751.4861111111111,1.011111111111063,0.9777777777777601,0.9777777777777601,1.0340909090908788,0.0251423247027186,0.8463631085049144,47.22222222222222,0.9444444444255556,1.0,0.0,0.9986992793377591,0
799,752.4638888888888,0.9777777777777601,1.0333333333334167,0.9777777777777601,1.0,0.03172040569029145,1.0678002722703333,50.0,0.9999999999800001,1.0568181818182862,0.0,0.9988110610127126,0
800,753.4972222222223,1.0333333333334167,1.0638888888888687,0.9777777777777601,1.0568181818182862,0.026367257926461263,0.8875978910167195,50.0,0.9999999999800001,1.0880681818181808,0.0,0.9988277556004984,0
801,754.5611111111111,1.0638888888888687,1.011111111111063,0.9777777777777601,1.0880681818181808,0.03161454324258696,1.0642366371899452,52.77777777777778,1.0555555555344445,1.0340909090908788,0.0,0.9981075057030988,0
802,755.5722222222222,1.011111111111063,0.9833333333333485,0.9777777777777601,1.0340909090908788,0.02492553943343298,0.8390654915756885,47.22222222222222,0.9444444444255556,1.0056818181818519,0.0,0.9975383619478749,0
803,756.5555555555555,0.9833333333333485,0.9833333333333485,0.9777777777777601,1.0056818181818519,0.030139419401236153,1.0145797174517166,52.77777777777778,1.0555555555344445,1.0056818181818519,0.0,0.9963845877158073,0
804,757.5388888888889,0.9833333333333485,1.0055555555555884,0.9777777777777601,1.0056818181818519,0.03127951120728557,1.0529584933349438,52.77777777777778,1.0555555555344445,1.028409090909143,0.0,0.996503703724583,0
805,758.5444444444445,1.0055555555555884,1.0305555555555657,0.9777777777777601,1.028409090909143,0.03154894706530675,1.0620284808175586,52.77777777777778,1.0555555555344445,1.053977272727302,0.0,0.9992461893437745,0
806,759.575,1.0305555555555657,1.0388888888888914,0.9777777777777601,1.053977272727302,0.03154321617292433,1.061835562463801,52.77777777777778,1.0555555555344445,1.0625000000000218,0.0,0.9991912791966897,0
807,760.6138888888889,1.0388888888888914,1.0222222222221262,0.9777777777777601,1.0625000000000218,0.02650692616544421,0.8922995264582597,50.0,0.9999999999800001,1.0454545454544661,0.0,0.9989627990401727,0
808,761.6361111111111,1.0222222222221262,0.969444444444548,0.9777777777777601,1.0454545454544661,0.03161130925021335,1.0641277716864337,52.77777777777778,1.0555555555344445,0.9914772727273966,0.0,0.9985559316037343,0
809,762.6055555555556,0.969444444444548,0.9916666666665606,0.9777777777777601,0.9914772727273966,0.030162071568636786,1.0153422546889157,47.22222222222222,0.9444444444255556,1.0142045454544553,0.0,0.9974257773189303,0
810,763.5972222222222,0.9916666666665606,1.0166666666667652,0.9777777777777601,1.0142045454544553,0.02641018619610151,0.8890429802900883,52.77777777777778,1.0555555555344445,1.0397727272728468,0.0,0.9985225159328912,0
811,764.6138888888889,1.0166666666667652,1.0,0.9777777777777601,1.0397727272728468,0.026194858016386446,0.8817944131950718,50.0,0.9999999999800001,1.0227272727272911,0.0,0.9987819465715414,0
812,765.6138888888889,1.0,1.055555555555543,0.9777777777777601,1.0227272727272911,0.03066305200688384,1.0322067000426536,47.22222222222222,0.9444444444255556,1.0795454545454612,0.0,0.9976425232560495,0
813,766.6694444444445,1.055555555555543,1.0444444444443661,0.9777777777777601,1.0795454545454612,0.032724619517366584,1.1016050037872651,55.55555555555556,1.111111111088889,1.0681818181817575,0.0,0.997031959279846,0
814,767.7138888888888,1.0444444444443661,0.966666666666697,0.9777777777777601,1.0681818181817575,0.03157611639818822,1.0629430788631038,52.77777777777778,1.0555555555344445,0.9886363636364125,0.0,0.9985105104911897,0
815,768.6805555555555,0.966666666666697,0.9555555555555202,0.9777777777777601,0.9886363636364125,0.03015300734938142,1.0150371269461216,50.0,0.9999999999800001,0.9772727272727088,0.0,0.999445803248233,0
816,769.6361111111111,0.9555555555555202,1.0111111111111768,0.9777777777777601,0.9772727272727088,0.030850650912137234,1.0385218198448098,50.0,0.9999999999800001,1.0340909090909949,0.0,0.99892864554155,0
817,770.6472222222222,1.0111111111111768,1.066666666666606,0.9777777777777601,1.0340909090909949,0.03244573273714225,1.0922168710261735,55.55555555555556,1.111111111088889,1.0909090909090486,0.0,0.998545527202322,0
818,771.7138888888888,1.066666666666606,1.0083333333333258,0.9777777777777601,1.0909090909090486,0.03207039693603929,1.0795819862607112,52.77777777777778,1.0555555555344445,1.0312500000000109,0.0,0.9990512292391076,0
819,772.7222222222222,1.0083333333333258,0.9944444444445253,0.9777777777777601,1.0312500000000109,0.030336852822201003,1.021225895395338,50.0,0.9999999999800001,1.0170454545455556,0.0,0.9995938705137228,0
820,773.7166666666667,0.9944444444445253,1.02222222222224,0.9777777777777601,1.0170454545455556,0.03186427365317352,1.0726432825217271,55.55555555555556,1.111111111088889,1.0454545454545825,0.0,0.9974524007765835,0
821,774.7388888888889,1.02222222222224,0.9694444444444343,0.9777777777777601,1.0454545454545825,0.031267381309232276,1.0525501660086676,50.0,0.9999999999800001,0.9914772727272804,0.0,0.999279420543906,0
822,775.7083333333334,0.9694444444444343,0.9666666666665833,0.9777777777777601,0.9914772727272804,0.030314212303709714,1.0204637502939988,50.0,0.9999999999800001,0.9886363636362963,0.0,0.9989368797187486,0
823,776.675,0.9666666666665833,1.0555555555556566,0.9777777777777601,0.9886363636362963,0.03084800351964098,1.0384327009837238,52.77777777777778,1.0555555555344445,1.0795454545455774,0.0,0.9969818642341016,0
824,777.7305555555556,1.0555555555556566,1.0833333333332575,0.9777777777777601,1.0795454545455774,0.033001420065250885,1.1109229079553664,55.55555555555556,1.111111111088889,1.107954545454488,0.0,0.9968418205420686,0
825,778.8138888888889,1.0833333333332575,1.002777777777851,0.9777777777777601,1.107954545454488,0.03184772807757309,1.0720863107634366,52.77777777777778,1.0555555555344445,1.0255681818182754,0.0,0.9971758725203564,0
826,779.8166666666667,1.002777777777851,0.9861111111110858,0.9777777777777601,1.0255681818182754,0.03037189179600085,1.022405408234135,50.0,0.9999999999800001,1.0085227272727197,0.0,0.9994119079907162,0
827,780.8027777777778,0.9861111111110858,1.0138888888889142,0.9777777777777601,1.0085227272727197,0.031071644783331503,1.045961110443276,52.77777777777778,1.0555555555344445,1.0369318181818628,0.0,0.9988633588745739,0
828,781.8166666666667,1.0138888888889142,1.0194444444443889,0.9777777777777601,1.0369318181818628,0.03195556325453997,1.0757163535961105,52.77777777777778,1.0555555555344445,1.0426136363635983,0.0,0.9984877128093619,0
829,782.8361111111111,1.0194444444443889,1.0277777777778283,0.9777777777777601,1.0426136363635983,0.030591950660253674,1.0298132238043054,50.0,0.9999999999800001,1.0511363636364344,0.0,0.9993766191197948,0
830,783.8638888888889,1.0277777777778283,1.0638888888888687,0.9777777777777601,1.0511363636364344,0.03239714704295109,1.0905813365379862,55.55555555555556,1.111111111088889,1.0880681818181808,0.0,0.9980518015563671,0
831,784.9277777777778,1.0638888888888687,1.0277777777777146,0.9777777777777601,1.0880681818181808,0.027730375767211695,0.9334843659786507,52.77777777777778,1.0555555555344445,1.051136363636318,0.0,0.9982286874613339,0
832,785.9555555555555,1.0277777777777146,0.9777777777777601,0.9777777777777601,1.051136363636318,0.03100529535660198,1.0437275975235958,50.0,0.9999999999800001,1.0,0.0,0.9993321315252164,0
833,786.9333333333333,0.9777777777777601,1.0055555555555884,0.9777777777777601,1.0,0.02535233867922861,0.853432784204762,47.22222222222222,0.9444444444255556,1.028409090909143,0.0,0.9987472383858587,0
834,787.9388888888889,1.0055555555555884,1.0111111111111768,0.9777777777777601,1.028409090909143,0.03201638792334797,1.0777638872420567,55.55555555555556,1.111111111088889,1.0340909090909949,0.0,0.9984885369470036,0
835,788.95,1.0111111111111768,1.066666666666606,0.9777777777777601,1.0340909090909949,0.031237589917625503,1.0515473019097774,50.0,0.9999999999800001,1.0909090909090486,0.0,0.9993081848927758,0
836,790.0166666666667,1.066666666666606,1.033333333333303,0.9777777777777601,1.0909090909090486,0.03021331302648745,1.0170671898356693,50.0,0.9999999999800001,1.0568181818181699,0.0,0.999216051375857,0
837,791.05,1.033333333333303,1.025000000000091,0.9777777777777601,1.0568181818181699,0.031186868495204256,1.049839872654296,50.0,0.9999999999800001,1.0482954545455665,0.0,0.9991074295262314,0
838,792.075,1.025000000000091,0.9833333333332348,0.9777777777777601,1.0482954545455665,0.030468299594561987,1.025650772576498,50.0,0.9999999999800001,1.0056818181817355,0.0,0.9984327346195183,0
839,793.0583333333333,0.9833333333332348,0.966666666666697,0.9777777777777601,1.0056818181817355,0.024172551889048318,0.8137177607565899,47.22222222222222,0.9444444444255556,0.9886363636364125,0.0,0.9975359527502656,0
840,794.025,0.966666666666697,1.033333333333303,0.9777777777777601,0.9886363636364125,0.030914867499180935,1.0406835352339205,52.77777777777778,1.0555555555344445,1.0568181818181699,0.0,0.998782653204109,0
841,795.0583333333333,1.033333333333303,1.0472222222223309,0.9777777777777601,1.0568181818181699,0.0323756136584399,1.089856460757126,55.55555555555556,1.111111111088889,1.0710227272728579,0.0,0.9971537324194714,0
842,796.1055555555556,1.0472222222223309,1.0194444444443889,0.9777777777777601,1.0710227272728579,0.025831418263808373,0.8695599837068163,50.0,0.9999999999800001,1.0426136363635983,0.0,0.9988205842419811,0
843,797.125,1.0194444444443889,1.0027777777777374,0.9777777777777601,1.0426136363635983,0.02521924040539544,0.8489523127244976,47.22222222222222,0.9444444444255556,1.025568181818159,0.0,0.9986576866211161,0
844,798.1277777777777,1.0027777777777374,0.9833333333333485,0.9777777777777601,1.025568181818159,0.025652514675916588,0.8635375733465523,50.0,0.9999999999800001,1.0056818181818519,0.0,0.9988550000165586,0
845,799.1111111111111,0.9833333333333485,0.9777777777777601,0.9777777777777601,1.0056818181818519,0.030660147340570244,1.0321089206034246,50.0,0.9999999999800001,1.0,0.0,0.9964903595288023,0
846,800.0888888888888,0.9777777777777601,1.002777777777851,0.9777777777777601,1.0,0.025711984183472977,0.8655394883592576,47.22222222222222,0.9444444444255556,1.0255681818182754,0.0,0.9983390676132958,0
847,801.0916666666667,1.002777777777851,1.088888888888846,0.9777777777777601,1.0255681818182754,0.03340928615863077,1.1246528561096607,58.333333333333336,1.1666666666433334,1.1136363636363398,0.0,0.9965321290639523,0
848,802.1805555555555,1.088888888888846,1.0083333333333258,0.9777777777777601,1.1136363636363398,0.03242681276699151,1.0915799703044249,52.77777777777778,1.0555555555344445,1.0312500000000109,0.0,0.9969725096224367,0
849,803.1888888888889,1.0083333333333258,0.9944444444444116,0.9777777777777601,1.0312500000000109,0.03135083720995754,1.0553595321431075,52.77777777777778,1.0555555555344445,1.0170454545454393,0.0,0.9981257539863485,0
850,804.1833333333333,0.9944444444444116,1.0055555555555884,0.9777777777777601,1.0170454545454393,0.031117560533230722,1.0475067669119411,52.77777777777778,1.0555555555344445,1.028409090909143,0.0,0.999140717650051,0
851,805.1888888888889,1.0055555555555884,0.9611111111111086,0.9777777777777601,1.028409090909143,0.031043092300490446,1.0449999515839175,50.0,0.9999999999800001,0.9829545454545606,0.0,0.99932105692804,0
852,806.15,0.9611111111111086,1.0,0.9777777777777601,0.9829545454545606,0.030267451196677213,1.0188896366679476,47.22222222222222,0.9444444444255556,1.0227272727272911,0.0,0.9982794885650643,0
853,807.15,1.0,1.0527777777778056,0.9777777777777601,1.0227272727272911,0.027648446581271975,0.9307263934638131,52.77777777777778,1.0555555555344445,1.0767045454545934,0.0,0.9982684333211795,0
854,808.2027777777778,1.0527777777778056,1.0138888888889142,0.9777777777777601,1.0767045454545934,0.025824436470522398,0.8693249564236066,50.0,0.9999999999800001,1.0369318181818628,0.0,0.9985707027385491,0
855,809.2166666666667,1.0138888888889142,0.9861111111110858,0.9777777777777601,1.0369318181818628,0.02456650003432347,0.826979190666799,47.22222222222222,0.9444444444255556,1.0085227272727197,0.0,0.9980924520903423,0
856,810.2027777777778,0.9861111111110858,0.9777777777777601,0.9777777777777601,1.0085227272727197,0.030737437949938554,1.0347107452627065,50.0,0.9999999999800001,1.0,0.0,0.9985372223053851,0
857,811.1805555555555,0.9777777777777601,0.9694444444444343,0.9777777777777601,1.0,0.02534995255906521,0.8533524605233745,50.0,0.9999999999800001,0.9914772727272804,0.0,0.9985820862459154,0
858,812.15,0.9694444444444343,1.0111111111111768,0.9777777777777601,0.9914772727272804,0.029766963026290272,1.0020417624690743,50.0,0.9999999999800001,1.0340909090909949,0.0,0.9994990567488282,0
859,813.1611111111112,1.0111111111111768,1.0527777777776919,0.9777777777777601,1.0340909090909949,0.03202934350254936,1.0782000093753528,52.77777777777778,1.0555555555344445,1.076704545454477,0.0,0.997836399908667,0
860,814.2138888888888,1.0527777777776919,1.0444444444444798,0.9777777777777601,1.076704545454477,0.027213416380799427,0.9160820231790857,52.77777777777778,1.0555555555344445,1.0681818181818736,0.0,0.9974195140351767,0
861,815.2583333333333,1.0444444444444798,0.9722222222222854,0.9777777777777601,1.0681818181818736,0.025981265514748584,0.8746042740262775,50.0,0.9999999999800001,0.9943181818182644,0.0,0.9987817034529796,0
862,816.2305555555556,0.9722222222222854,0.974999999999909,0.9777777777777601,0.9943181818182644,0.030386054635029427,1.0228821702124808,50.0,0.9999999999800001,0.9971590909090159,0.0,0.9989433493611347,0
863,817.2055555555555,0.974999999999909,0.9944444444445253,0.9777777777777601,0.9971590909090159,0.03208754176494001,1.0801591306121097,55.55555555555556,1.111111111088889,1.0170454545455556,0.0,0.9976983220198082,0
864,818.2,0.9944444444445253,0.9888888888888232,0.9777777777777601,1.0170454545455556,0.025867734883757133,0.8707825057971027,50.0,0.9999999999800001,1.0113636363635874,0.0,0.9987785063410737,0
865,819.1888888888889,0.9888888888888232,1.0055555555555884,0.9777777777777601,1.0113636363635874,0.03174954898072347,1.0687813194158837,52.77777777777778,1.0555555555344445,1.028409090909143,0.0,0.9988759316697062,0
866,820.1944444444445,1.0055555555555884,1.02222222222224,0.9777777777777601,1.028409090909143,0.025444301640641376,0.8565285225188969,47.22222222222222,0.9444444444255556,1.0454545454545825,0.0,0.99827210825334,0
867,821.2166666666667,1.02222222222224,0.9750000000000227,0.9777777777777601,1.0454545454545825,0.025949552997645578,0.8735367393065898,47.22222222222222,0.9444444444255556,0.9971590909091322,0.0,0.9982330024597323,0
868,822.1916666666667,0.9750000000000227,0.9611111111111086,0.9777777777777601,0.9971590909091322,0.029616186832606754,0.9969662012597035,47.22222222222222,0.9444444444255556,0.9829545454545606,0.0,0.9970975493242894,0
869,823.1527777777778,0.9611111111111086,0.9777777777777601,0.9777777777777601,0.9829545454545606,0.02368667898893548,0.7973618786756727,44.44444444444444,0.8888888888711112,1.0,0.0,0.9962616124956036,0
870,824.1305555555556,0.9777777777777601,1.0638888888888687,0.9777777777777601,1.0,0.030996398181855858,1.0434280929803972,52.77777777777778,1.0555555555344445,1.0880681818181808,0.0,0.9996107872257545,0
871,825.1944444444445,1.0638888888888687,1.0416666666666288,0.9777777777777601,1.0880681818181808,0.032466377116397604,1.0929118203280503,52.77777777777778,1.0555555555344445,1.0653409090908896,0.0,0.9969710130178231,0
872,826.2361111111111,1.0416666666666288,1.0055555555555884,0.9777777777777601,1.0653409090908896,0.025274685818086444,0.8508187651067796,47.22222222222222,0.9444444444255556,1.028409090909143,0.0,0.9976707352007347,0
873,827.2416666666667,1.0055555555555884,1.0444444444444798,0.9777777777777601,1.028409090909143,0.026352087640209226,0.8870872154614159,52.77777777777778,1.0555555555344445,1.0681818181818736,0.0,0.9981685312108147,0
874,828.2861111111112,1.0444444444444798,0.9861111111110858,0.9777777777777601,1.0681818181818736,0.026103468472352637,0.8787179777624748,50.0,0.9999999999800001,1.0085227272727197,0.0,0.9989258684830635,0
875,829.2722222222222,0.9861111111110858,0.9833333333333485,0.9777777777777601,1.0085227272727197,0.02428339771183272,0.817449150604023,47.22222222222222,0.9444444444255556,1.0056818181818519,0.0,0.9981825677291092,0
876,830.2555555555556,0.9833333333333485,1.0416666666666288,0.9777777777777601,1.0056818181818519,0.025814834289356905,0.8690017193325362,50.0,0.9999999999800001,1.0653409090908896,0.0,0.998822218085609,0
877,831.2972222222222,1.0416666666666288,0.9944444444444116,0.9777777777777601,1.0653409090908896,0.02621256944243203,0.882390630839273,47.22222222222222,0.9444444444255556,1.0170454545454393,0.0,0.9986337316272436,0
878,832.2916666666666,0.9944444444444116,1.0111111111111768,0.9777777777777601,1.0170454545454393,0.03166750242179147,1.0660193957878625,52.77777777777778,1.0555555555344445,1.0340909090909949,0.0,0.9987397460825957,0
879,833.3027777777778,1.0111111111111768,0.9305555555555429,0.9777777777777601,1.0340909090909949,0.025820735939397658,0.8692003858811892,47.22222222222222,0.9444444444255556,0.9517045454545497,0.0,0.9979933037034187,0
880,834.2333333333333,0.9305555555555429,0.8722222222222626,0.9777777777777601,0.9517045454545497,0.03063601109945422,1.031296425167934,52.77777777777778,1.0555555555344445,0.892045454545512,0.0,0.9971823002424114,0
881,835.1055555555556,0.8722222222222626,0.9222222222222172,0.9777777777777601,0.892045454545512,0.03092572367087879,1.0410489852602527,52.77777777777778,1.0555555555344445,0.9431818181818301,0.0,0.9985280870575883,0
882,836.0277777777778,0.9222222222222172,0.9166666666666288,0.9777777777777601,0.9431818181818301,0.030763833533111584,1.0355992966631546,50.0,0.9999999999800001,0.9374999999999782,0.0,0.9992007829091594,0
883,836.9444444444445,0.9166666666666288,0.9916666666666742,0.9777777777777601,0.9374999999999782,0.03030106855761574,1.0200212939208102,47.22222222222222,0.9444444444255556,1.0142045454545716,0.0,0.9975410369941078,0
884,837.9361111111111,0.9916666666666742,1.02222222222224,0.9777777777777601,1.0142045454545716,0.027430541245765227,0.9233910718776054,50.0,0.9999999999800001,1.0454545454545825,0.0,0.9976062069285202,0
885,838.9583333333334,1.02222222222224,1.02222222222224,0.9777777777777601,1.0454545454545825,0.031174535527485694,1.0494247094178493,50.0,0.9999999999800001,1.0454545454545825,0.0,0.9984152252923406,0
886,839.9805555555556,1.02222222222224,0.9777777777777601,0.9777777777777601,1.0454545454545825,0.023820620648615,0.801870740954124,41.666666666666664,0.8333333333166667,1.0,0.0,0.9952145989296117,0
887,840.9583333333334,0.9777777777777601,0.9888888888888232,0.9777777777777601,1.0,0.023758981170412637,0.7997957784757208,44.44444444444444,0.8888888888711112,1.0113636363635874,0.0,0.9972100921418856,0
888,841.9472222222222,0.9888888888888232,1.0333333333334167,0.9777777777777601,1.0113636363635874,0.02535087640454349,0.8533835598246532,50.0,0.9999999999800001,1.0568181818182862,0.0,0.9987506996088147,0
889,842.9805555555556,1.0333333333334167,1.0805555555555202,0.9777777777777601,1.0568181818182862,0.03222500921201395,1.0847866810554128,55.55555555555556,1.111111111088889,1.1051136363636203,0.0,0.9981496958097984,0
890,844.0611111111111,1.0805555555555202,1.0472222222222172,0.9777777777777601,1.1051136363636203,0.025955684508803124,0.873743143642883,50.0,0.9999999999800001,1.0710227272727415,0.0,0.9988400132161377,0
891,845.1083333333333,1.0472222222222172,1.033333333333303,0.9777777777777601,1.0710227272727415,0.024957836828328982,0.8401527149674791,47.22222222222222,0.9444444444255556,1.0568181818181699,0.0,0.9984349135631876,0
892,846.1416666666667,1.033333333333303,1.0166666666666515,0.9777777777777601,1.0568181818181699,0.031228468604240976,1.051240252214053,52.77777777777778,1.0555555555344445,1.0397727272727306,0.0,0.999639033057419,0
893,847.1583333333333,1.0166666666666515,1.002777777777851,0.9777777777777601,1.0397727272727306,0.02536424555078733,0.8538336038164791,47.22222222222222,0.9444444444255556,1.0255681818182754,0.0,0.9986124812056009,0
894,848.1611111111112,1.002777777777851,1.0194444444443889,0.9777777777777601,1.0255681818182754,0.030391353978048343,1.0230605613709578,50.0,0.9999999999800001,1.0426136363635983,0.0,0.9995890099098814,0
895,849.1805555555555,1.0194444444443889,1.0444444444444798,0.9777777777777601,1.0426136363635983,0.032698147719209106,1.1007138867707922,55.55555555555556,1.111111111088889,1.0681818181818736,0.0,0.9969803477478347,0
896,850.225,1.0444444444444798,1.0833333333332575,0.9777777777777601,1.0681818181818736,0.026854465754337236,0.9039987106133436,52.77777777777778,1.0555555555344445,1.107954545454488,0.0,0.9986716230563155,0
897,851.3083333333333,1.0833333333332575,1.002777777777851,0.9777777777777601,1.107954545454488,0.031501717712154674,1.060438604677659,50.0,0.9999999999800001,1.0255681818182754,0.0,0.9989757811359367,0
898,852.3111111111111,1.002777777777851,0.9916666666666742,0.9777777777777601,1.0255681818182754,0.025075467604137255,0.8441125058876151,47.22222222222222,0.9444444444255556,1.0142045454545716,0.0,0.9984945625994073,0
899,853.3027777777778,0.9916666666666742,0.9861111111110858,0.9777777777777601,1.0142045454545716,0.030120477420916447,1.0139420758042483,50.0,0.9999999999800001,1.0085227272727197,0.0,0.9992625145864535,0
900,854.2888888888889,0.9861111111110858,1.011111111111063,0.9777777777777601,1.0085227272727197,0.02351083797216183,0.7914425632854327,41.666666666666664,0.8333333333166667,1.0340909090908788,0.0,0.9974663705584595,0
901,855.3,1.011111111111063,1.0750000000000455,0.9777777777777601,1.0340909090908788,0.03177242188160294,1.069551287178124,55.55555555555556,1.111111111088889,1.0994318181818845,0.0,0.9972233951598309,0
902,856.375,1.0750000000000455,0.9500000000000455,0.9777777777777601,1.0994318181818845,0.04856402855339226,1.6348051603806593,113.88888888888889,2.277777777732222,0.9715909090909731,0.0,0.5472942525546972,0
903,857.325,0.9500000000000455,0.9527777777777828,0.9777777777777601,0.9715909090909731,0.030326742785231404,1.0208855624142845,52.77777777777778,1.0555555555344445,0.974431818181841,0.0,0.9984482022910475,0
904,858.2777777777778,0.9527777777777828,0.9611111111111086,0.9777777777777601,0.974431818181841,0.03181292175550147,1.070914629652303,52.77777777777778,1.0555555555344445,0.9829545454545606,0.0,0.9979533161033375,0
905,859.2388888888889,0.9611111111111086,0.9499999999999318,0.9777777777777601,0.9829545454545606,0.02677000062106488,0.9011553708028072,50.0,0.9999999999800001,0.9715909090908569,0.0,0.9969912902078917,0
906,860.1888888888889,0.9499999999999318,1.0,0.9777777777777601,0.9715909090908569,0.024809959519303638,0.8351747385701535,47.22222222222222,0.9444444444255556,1.0227272727272911,0.0,0.9974253466270981,0
907,861.1888888888889,1.0,1.0527777777778056,0.9777777777777601,1.0227272727272911,0.02783825594242459,0.9371159235819684,55.55555555555556,1.111111111088889,1.0767045454545934,0.0,0.9974305954899291,0
908,862.2416666666667,1.0527777777778056,1.0499999999999545,0.9777777777777601,1.0767045454545934,0.02819763696572933,0.9492137245458144,52.77777777777778,1.0555555555344445,1.0738636363636094,0.0,0.9978299582293305,0
909,863.2916666666666,1.0499999999999545,0.966666666666697,0.9777777777777601,1.0738636363636094,0.031959732549760915,1.0758567040889626,52.77777777777778,1.0555555555344445,0.9886363636364125,0.0,0.9983071827473021,0
910,864.2583333333333,0.966666666666697,0.9555555555555202,0.9777777777777601,0.9886363636364125,0.030918490096019144,1.0408054822836503,52.77777777777778,1.0555555555344445,0.9772727272727088,0.0,0.9991688096455688,0
911,865.2138888888888,0.9555555555555202,0.9638888888889596,0.9777777777777601,0.9772727272727088,0.03103260261283704,1.0446468384667114,52.77777777777778,1.0555555555344445,0.9857954545455447,0.0,0.9989569427546966,0
912,866.1777777777778,0.9638888888889596,0.9666666666665833,0.9777777777777601,0.9857954545455447,0.024759478652782062,0.8334754071195258,47.22222222222222,0.9444444444255556,0.9886363636362963,0.0,0.99848063811952,0
913,867.1444444444444,0.9666666666665833,1.0194444444445026,0.9777777777777601,0.9886363636362963,0.03206689771565701,1.0794641924180532,55.55555555555556,1.111111111088889,1.0426136363637146,0.0,0.9969115605323634,0
914,868.1638888888889,1.0194444444445026,1.0166666666666515,0.9777777777777601,1.0426136363637146,0.03212643298932555,1.0814683213076284,52.77777777777778,1.0555555555344445,1.0397727272727306,0.0,0.9988397959673114,0
915,869.1805555555555,1.0166666666666515,0.9527777777777828,0.9777777777777601,1.0397727272727306,0.032366151755636105,1.089537945839986,52.77777777777778,1.0555555555344445,0.974431818181841,0.0,0.998241454919591,0
916,870.1333333333333,0.9527777777777828,0.9611111111111086,0.9777777777777601,0.974431818181841,0.025245859563671768,0.8498483903072559,47.22222222222222,0.9444444444255556,0.9829545454545606,0.0,0.9979004757525564,0
917,871.0944444444444,0.9611111111111086,0.9694444444444343,0.9777777777777601,0.9829545454545606,0.03199051784578567,1.0768930258749483,55.55555555555556,1.111111111088889,0.9914772727272804,0.0,0.9971333524175638,0
918,872.0638888888889,0.9694444444444343,0.9555555555555202,0.9777777777777601,0.9914772727272804,0.027523539052226677,0.9265216460584543,52.77777777777778,1.0555555555344445,0.9772727272727088,0.0,0.9985190210804762,0
919,873.0194444444444,0.9555555555555202,1.0083333333334394,0.9777777777777601,0.9772727272727088,0.032009366701721706,1.0775275326872822,55.55555555555556,1.111111111088889,1.0312500000001272,0.0,0.9980123245899211,0
920,874.0277777777778,1.0083333333334394,0.9333333333332803,0.9777777777777601,1.0312500000001272,0.031094687076393058,1.0467367804345458,50.0,0.9999999999800001,0.9545454545454175,0.0,0.9976405084802852,0
921,874.9611111111111,0.9333333333332803,0.8861111111110631,0.9777777777777601,0.9545454545454175,0.029830950480882877,1.0041957645995319,47.22222222222222,0.9444444444255556,0.9062499999999672,0.0,0.9976769137794123,0
922,875.8472222222222,0.8861111111110631,0.8527777777778738,0.9777777777777601,0.9062499999999672,0.025325964073234675,0.8525449389566173,50.0,0.9999999999800001,0.8721590909092048,0.0,0.9984568672139598,0
923,876.7,0.8527777777778738,0.8638888888888232,0.9777777777777601,0.8721590909092048,0.032463030475401985,1.092799162747274,55.55555555555556,1.111111111088889,0.8835227272726761,0.0,0.9990447236269258,0
924,877.5638888888889,0.8638888888888232,0.8638888888889369,0.9777777777777601,0.8835227272726761,0.03132776698478475,1.0545829218764746,52.77777777777778,1.0555555555344445,0.8835227272727924,0.0,0.9980088165686786,0
925,878.4277777777778,0.8638888888889369,0.9166666666666288,0.9777777777777601,0.8835227272727924,0.025548465679858447,0.8600349842748639,47.22222222222222,0.9444444444255556,0.9374999999999782,0.0,0.998322795015092,0
926,879.3444444444444,0.9166666666666288,0.9388888888888687,0.9777777777777601,0.9374999999999782,0.026427433158643248,0.8896235627541879,52.77777777777778,1.0555555555344445,0.9602272727272694,0.0,0.9984848073390816,0
927,880.2833333333333,0.9388888888888687,0.9166666666667425,0.9777777777777601,0.9602272727272694,0.02640620232579611,0.8889088717342795,50.0,0.9999999999800001,0.9375000000000945,0.0,0.9982814745323505,0
928,881.2,0.9166666666667425,0.9777777777777601,0.9777777777777601,0.9375000000000945,0.025198556176566942,0.848256021971144,47.22222222222222,0.9444444444255556,1.0,0.0,0.9976003557108815,0
929,882.1777777777778,0.9777777777777601,0.9555555555555202,0.9777777777777601,1.0,0.030528812289582076,1.0276878042856492,52.77777777777778,1.0555555555344445,0.9772727272727088,0.0,0.996685792930414,0
930,883.1333333333333,0.9555555555555202,0.9750000000000227,0.9777777777777601,0.9772727272727088,0.02416733832531029,0.8135422571759194,44.44444444444444,0.8888888888711112,0.9971590909091322,0.0,0.9980437932534458,0
931,884.1083333333333,0.9750000000000227,0.9916666666666742,0.9777777777777601,0.9971590909091322,0.03013782197410521,1.0145259434507783,47.22222222222222,0.9444444444255556,1.0142045454545716,0.0,0.9979261525021452,0
932,885.1,0.9916666666666742,1.0611111111111313,0.9777777777777601,1.0142045454545716,0.023418853469751328,0.7883460998392339,41.666666666666664,0.8333333333166667,1.0852272727273131,0.0,0.9968430809087001,0
933,886.1611111111112,1.0611111111111313,1.0611111111110176,0.9777777777777601,1.0852272727273131,0.025798918595991604,0.8684659512255716,50.0,0.9999999999800001,1.0852272727271968,0.0,0.9986681055518964,0
934,887.2222222222222,1.0611111111110176,1.0,0.9777777777777601,1.0852272727271968,0.02550061977244097,0.85842435314151,50.0,0.9999999999800001,1.0227272727272911,0.0,0.998779801362728,0
935,888.2222222222222,1.0,0.9638888888889596,0.9777777777777601,1.0227272727272911,0.023862012406563996,0.8032641068158102,44.44444444444444,0.8888888888711112,0.9857954545455447,0.0,0.9975647162810144,0
936,889.1861111111111,0.9638888888889596,1.0,0.9777777777777601,0.9857954545455447,0.029468969957179243,0.9920104569606197,50.0,0.9999999999800001,1.0227272727272911,0.0,0.9972290790350445,0
937,890.1861111111111,1.0,1.0305555555555657,0.9777777777777601,1.0227272727272911,0.030381089718562213,1.0227150368155358,52.77777777777778,1.0555555555344445,1.053977272727302,0.0,0.9967447048006757,0
938,891.2166666666667,1.0305555555555657,1.0583333333332803,0.9777777777777601,1.053977272727302,0.026826057500826544,0.9030424069289072,50.0,0.9999999999800001,1.082386363636329,0.0,0.9985922329936812,0
939,892.275,1.0583333333332803,1.0138888888889142,0.9777777777777601,1.082386363636329,0.03168851019490078,1.0667265779741477,55.55555555555556,1.111111111088889,1.0369318181818628,0.0,0.9982176205973894,0
940,893.2888888888889,1.0138888888889142,1.0138888888889142,0.9777777777777601,1.0369318181818628,0.02563103782769183,0.8628146007400285,47.22222222222222,0.9444444444255556,1.0369318181818628,0.0,0.9987536882064507,0
941,894.3027777777778,1.0138888888889142,0.9750000000000227,0.9777777777777601,1.0369318181818628,0.02580181628483426,0.86856349578302,50.0,0.9999999999800001,0.9971590909091322,0.0,0.998873148654994,0
942,895.2777777777778,0.9750000000000227,0.9666666666665833,0.9777777777777601,0.9971590909091322,0.031144083518708537,1.048399607041136,52.77777777777778,1.0555555555344445,0.9886363636362963,0.0,0.997170249745214,0
943,896.2444444444444,0.9666666666665833,1.0166666666666515,0.9777777777777601,0.9886363636362963,0.03079457842655659,1.0366342583818677,52.77777777777778,1.0555555555344445,1.0397727272727306,0.0,0.9994075501373971,0
944,897.2611111111111,1.0166666666666515,1.0500000000000682,0.9777777777777601,1.0397727272727306,0.02762199401475269,0.9298359238397066,52.77777777777778,1.0555555555344445,1.0738636363637255,0.0,0.9978004582590756,0
945,898.3111111111111,1.0500000000000682,1.0249999999999773,0.9777777777777601,1.0738636363637255,0.026913556881984844,0.905987888267846,50.0,0.9999999999800001,1.0482954545454501,0.0,0.9983844463924711,0
946,899.3361111111111,1.0249999999999773,0.9750000000000227,0.9777777777777601,1.0482954545454501,0.024903514795875596,0.838324078801525,47.22222222222222,0.9444444444255556,0.9971590909091322,0.0,0.9984106749576114,0
947,900.3111111111111,0.9750000000000227,0.9527777777777828,0.9777777777777601,0.9971590909091322,0.023759105256210757,0.799799955561295,44.44444444444444,0.8888888888711112,0.974431818181841,0.0,0.9973727509650443,0
948,901.2638888888889,0.9527777777777828,1.0,0.9777777777777601,0.974431818181841,0.03091843508909844,1.0408036305921722,50.0,0.9999999999800001,1.0227272727272911,0.0,0.9989100410215659,0
949,902.2638888888889,1.0,1.0194444444443889,0.9777777777777601,1.0227272727272911,0.03170868928820167,1.0674058644098647,55.55555555555556,1.111111111088889,1.0426136363635983,0.0,0.998233719137264,0
950,903.2833333333333,1.0194444444443889,1.0138888888889142,0.9777777777777601,1.0426136363635983,0.032160020065821915,1.0825989590988896,52.77777777777778,1.0555555555344445,1.0369318181818628,0.0,0.9986429797873042,0
951,904.2972222222222,1.0138888888889142,1.0138888888889142,0.9777777777777601,1.0369318181818628,0.024608905023502766,0.8284066648117824,47.22222222222222,0.9444444444255556,1.0369318181818628,0.0,0.9983454151315356,0
952,905.3111111111111,1.0138888888889142,0.9583333333332575,0.9777777777777601,1.0369318181818628,0.02657000872725903,0.8944230672899581,50.0,0.9999999999800001,0.9801136363635766,0.0,0.9988199201666093,0
953,906.2694444444444,0.9583333333332575,0.8722222222222626,0.9777777777777601,0.9801136363635766,0.02589210327479221,0.8716028160679139,47.22222222222222,0.9444444444255556,0.892045454545512,0.0,0.9977047309341118,0
954,907.1416666666667,0.8722222222222626,0.8694444444444116,0.9777777777777601,0.892045454545512,0.030057733020612397,1.0118299184635682,50.0,0.9999999999800001,0.889204545454528,0.0,0.9968481344623497,0
955,908.0111111111111,0.8694444444444116,0.8833333333333258,0.9777777777777601,0.889204545454528,0.029515057230247013,0.9935618873934602,47.22222222222222,0.9444444444255556,0.9034090909090995,0.0,0.9968898597195639,0
956,908.8944444444444,0.8833333333333258,0.9805555555556111,0.9777777777777601,0.9034090909090995,0.024877286575312824,0.8374411613088693,47.22222222222222,0.9444444444255556,1.002840909090984,0.0,0.9981769130470761,0
957,909.875,0.9805555555556111,1.0027777777777374,0.9777777777777601,1.002840909090984,0.026059189481893553,0.8772274193336292,50.0,0.9999999999800001,1.025568181818159,0.0,0.9989104135108074,0
958,910.8777777777777,1.0027777777777374,0.9777777777778738,0.9777777777777601,1.025568181818159,0.02599827515853437,0.87517686765711,50.0,0.9999999999800001,1.0000000000001164,0.0,0.9987398301963885,0
959,911.8555555555556,0.9777777777778738,0.9722222222221717,0.9777777777777601,1.0000000000001164,0.02999072627036075,1.0095742781397574,47.22222222222222,0.9444444444255556,0.9943181818181481,0.0,0.9975446688665135,0
960,912.8277777777778,0.9722222222221717,0.9833333333333485,0.9777777777777601,0.9943181818181481,0.02499899396620725,0.8415381828414203,47.22222222222222,0.9444444444255556,1.0056818181818519,0.0,0.998488699707762,0
961,913.8111111111111,0.9833333333333485,1.0194444444443889,0.9777777777777601,1.0056818181818519,0.030269141142429526,1.0189465251123155,47.22222222222222,0.9444444444255556,1.0426136363635983,0.0,0.9962739788130992,0
962,914.8305555555555,1.0194444444443889,1.0611111111111313,0.9777777777777601,1.0426136363635983,0.030797589716564294,1.036735627081925,50.0,0.9999999999800001,1.0852272727273131,0.0,0.9994442799153096,0
963,915.8916666666667,1.0611111111111313,1.02222222222224,0.9777777777777601,1.0852272727273131,0.03064163234011683,1.0314856523287919,52.77777777777778,1.0555555555344445,1.0454545454545825,0.0,0.9976835655354298,0
964,916.9138888888889,1.02222222222224,1.0444444444444798,0.9777777777777601,1.0454545454545825,0.03243511343873268,1.0918593948373827,52.77777777777778,1.0555555555344445,1.0681818181818736,0.0,0.9981526618917765,0
965,917.9583333333334,1.0444444444444798,1.0,0.9777777777777601,1.0681818181818736,0.031743401440714136,1.068574375502245,50.0,0.9999999999800001,1.0227272727272911,0.0,0.9990977315285122,0
966,918.9583333333334,1.0,1.033333333333303,0.9777777777777601,1.0227272727272911,0.030852733074591073,1.0385919114337017,50.0,0.9999999999800001,1.0568181818181699,0.0,0.9964092504168199,0
967,919.9916666666667,1.033333333333303,1.0472222222222172,0.9777777777777601,1.0568181818181699,0.02537010515602141,0.8540308550157683,50.0,0.9999999999800001,1.0710227272727415,0.0,0.9985589310413181,0
968,921.0388888888889,1.0472222222222172,1.0499999999999545,0.9777777777777601,1.0710227272727415,0.032597675523980206,1.09733170312319,52.77777777777778,1.0555555555344445,1.0738636363636094,0.0,0.9987696566087556,0
969,922.0888888888888,1.0499999999999545,1.02222222222224,0.9777777777777601,1.0738636363636094,0.02478114202284147,0.8342046585885513,47.22222222222222,0.9444444444255556,1.0454545454545825,0.0,0.9984401176394346,0
970,923.1111111111111,1.02222222222224,1.0194444444445026,0.9777777777777601,1.0454545454545825,0.03136968709393987,1.0559940735624425,52.77777777777778,1.0555555555344445,1.0426136363637146,0.0,0.9975195765263078,0
971,924.1305555555556,1.0194444444445026,1.0083333333333258,0.9777777777777601,1.0426136363637146,0.03167435948314636,1.0662502242348004,52.77777777777778,1.0555555555344445,1.0312500000000109,0.0,0.9989675277041441,0
972,925.1388888888889,1.0083333333333258,0.9861111111110858,0.9777777777777601,1.0312500000000109,0.03052800449504122,1.0276606115933777,50.0,0.9999999999800001,1.0085227272727197,0.0,0.9968290049252857,0
973,926.125,0.9861111111110858,0.9361111111111313,0.9777777777777601,1.0085227272727197,0.024540314781962762,0.8260977196076572,47.22222222222222,0.9444444444255556,0.9573863636364016,0.0,0.9978188363981186,0
974,927.0611111111111,0.9361111111111313,1.0194444444443889,0.9777777777777601,0.9573863636364016,0.03106067412781785,1.045591806561767,50.0,0.9999999999800001,1.0426136363635983,0.0,0.9981347263903132,0
975,928.0805555555555,1.0194444444443889,0.966666666666697,0.9777777777777601,1.0426136363635983,0.03265475064565567,1.0992530162066343,55.55555555555556,1.111111111088889,0.9886363636364125,0.0,0.9983459119738929,0
976,929.0472222222222,0.966666666666697,0.9111111111111541,0.9777777777777601,0.9886363636364125,0.025425984510984913,0.8559119151455439,44.44444444444444,0.8888888888711112,0.9318181818182426,0.0,0.9958734839135769,0
977,929.9583333333334,0.9111111111111541,0.8583333333333485,0.9777777777777601,0.9318181818182426,0.030960467970543193,1.0422185785184135,50.0,0.9999999999800001,0.8778409090909405,0.0,0.9983954915696704,0
978,930.8166666666667,0.8583333333333485,0.8472222222221717,0.9777777777777601,0.8778409090909405,0.030721672984901416,1.0341800511056598,50.0,0.9999999999800001,0.8664772727272367,0.0,0.9968952808657394,0
979,931.6638888888889,0.8472222222221717,0.8611111111110858,0.9777777777777601,0.8664772727272367,0.0316868052075493,1.0666691831862027,52.77777777777778,1.0555555555344445,0.8806818181818082,0.0,0.9978938724903859,0
980,932.525,0.8611111111110858,0.8611111111110858,0.9777777777777601,0.8806818181818082,0.028603197683206905,0.9628660671032505,44.44444444444444,0.8888888888711112,0.8806818181818082,0.0,0.9921382735874994,0
981,933.3861111111111,0.8611111111110858,0.9055555555555657,0.9777777777777601,0.8806818181818082,0.03398633280980963,1.1440779094099738,61.111111111111114,1.2222222221977779,0.9261363636363907,0.0,0.9920533055513154,0
982,934.2916666666666,0.9055555555555657,0.900000000000091,0.9777777777777601,0.9261363636363907,0.032718190787589155,1.1013885942156563,52.77777777777778,1.0555555555344445,0.9204545454546551,0.0,0.9978156118394372,0
983,935.1916666666667,0.900000000000091,0.9027777777777146,0.9777777777777601,0.9204545454546551,0.03295359272053636,1.1093129016960905,55.55555555555556,1.111111111088889,0.9232954545454066,0.0,0.998285730690037,0
984,936.0944444444444,0.9027777777777146,0.875,0.9777777777777601,0.9232954545454066,0.03179627452100062,1.0703542357624483,52.77777777777778,1.0555555555344445,0.8948863636363799,0.0,0.998812079603695,0
985,936.9694444444444,0.875,0.875,0.9777777777777601,0.8948863636363799,0.02642873235819244,0.8896672975552463,47.22222222222222,0.9444444444255556,0.8948863636363799,0.0,0.9959570030409068,0
986,937.8444444444444,0.875,0.908333333333303,0.9777777777777601,0.8948863636363799,0.03317094191949532,1.1166295021233403,52.77777777777778,1.0555555555344445,0.9289772727272585,0.0,0.997174405781876,0
987,938.7527777777777,0.908333333333303,0.9694444444444343,0.9777777777777601,0.9289772727272585,0.025021460450732474,0.8422944694579038,50.0,0.9999999999800001,0.9914772727272804,0.0,0.9982340191372241,0
988,939.7222222222222,0.9694444444444343,0.9972222222222626,0.9777777777777601,0.9914772727272804,0.026634439467143587,0.8965919916808706,50.0,0.9999999999800001,1.0198863636364235,0.0,0.998907381466384,0
989,940.7194444444444,0.9972222222222626,0.9861111111110858,0.9777777777777601,1.0198863636364235,0.03225714816910125,1.0858685709739522,55.55555555555556,1.111111111088889,1.0085227272727197,0.0,0.9971020191609419,0
990,941.7055555555555,0.9861111111110858,0.9638888888889596,0.9777777777777601,1.0085227272727197,0.030211066187710585,1.0169915547671553,50.0,0.9999999999800001,0.9857954545455447,0.0,0.9961357939678934,0
991,942.6694444444445,0.9638888888889596,1.0083333333333258,0.9777777777777601,0.9857954545455447,0.03151305620627187,1.0608202910666569,52.77777777777778,1.0555555555344445,1.0312500000000109,0.0,0.9986606363756287,0
992,943.6777777777778,1.0083333333333258,0.9666666666665833,0.9777777777777601,1.0312500000000109,0.02999868750115852,1.0098422761123076,50.0,0.9999999999800001,0.9886363636362963,0.0,0.9960808925670883,0
993,944.6444444444444,0.9666666666665833,1.0055555555555884,0.9777777777777601,0.9886363636362963,0.025916616788311076,0.8724280115797657,50.0,0.9999999999800001,1.028409090909143,0.0,0.9988464716204188,0
994,945.65,1.0055555555555884,0.9722222222222854,0.9777777777777601,1.028409090909143,0.025192291402917132,0.8480451316353049,47.22222222222222,0.9444444444255556,0.9943181818182644,0.0,0.9982639715896313,0
995,946.6222222222223,0.9722222222222854,0.9166666666666288,0.9777777777777601,0.9943181818182644,0.03227878993811088,1.0865970952893889,55.55555555555556,1.111111111088889,0.9374999999999782,0.0,0.9962102698567733,0
996,947.5388888888889,0.9166666666666288,0.908333333333303,0.9777777777777601,0.9374999999999782,0.03185623761998449,1.0723727664851102,55.55555555555556,1.111111111088889,0.9289772727272585,0.0,0.9973164302519362,0
997,948.4472222222222,0.908333333333303,0.9222222222222172,0.9777777777777601,0.9289772727272585,0.030601012028992326,1.030118255590492,50.0,0.9999999999800001,0.9431818181818301,0.0,0.9968411970398314,0
998,949.3694444444444,0.9222222222222172,0.9722222222222854,0.9777777777777601,0.9431818181818301,0.0254857799882,0.8579248032363904,47.22222222222222,0.9444444444255556,0.9943181818182644,0.0,0.9982869794002049,0
999,950.3416666666667,0.9722222222222854,1.0638888888888687,0.9777777777777601,0.9943181818182644,0.03161928515350602,1.0643962635774478,55.55555555555556,1.111111111088889,1.0880681818181808,0.0,0.9969886746560623,0
1000,951.4055555555556,1.0638888888888687,1.0611111111111313,0.9777777777777601,1.0880681818181808,0.026202308550574323,0.882045219647929,52.77777777777778,1.0555555555344445,1.0852272727273131,0.0,0.9986944938761255,0
1001,952.4666666666667,1.0611111111111313,1.055555555555543,0.9777777777777601,1.0852272727273131,0.02608095205306682,0.8779600101980403,52.77777777777778,1.0555555555344445,1.0795454545454612,0.0,0.998433528888452,0
1002,953.5222222222222,1.055555555555543,1.0194444444443889,0.9777777777777601,1.0795454545454612,0.025348368809559353,0.853299146950715,50.0,0.9999999999800001,1.0426136363635983,0.0,0.998654909818725,0
1003,954.5416666666666,1.0194444444443889,1.0333333333334167,0.9777777777777601,1.0426136363635983,0.031259155126648654,1.052273248995427,52.77777777777778,1.0555555555344445,1.0568181818182862,0.0,0.9989926155461901,0
1004,955.575,1.0333333333334167,1.0277777777777146,0.9777777777777601,1.0568181818182862,0.03160866574330396,1.0640387836253997,55.55555555555556,1.111111111088889,1.051136363636318,0.0,0.9989396899306351,0
1005,956.6027777777778,1.0277777777777146,1.0249999999999773,0.9777777777777601,1.051136363636318,0.03213871509417074,1.0818817723531728,55.55555555555556,1.111111111088889,1.0482954545454501,0.0,0.9959626702816081,0
1006,957.6277777777777,1.0249999999999773,1.0472222222222172,0.9777777777777601,1.0482954545454501,0.026339109302903285,0.8866503272247329,50.0,0.9999999999800001,1.0710227272727415,0.0,0.9983411751300502,0
1007,958.675,1.0472222222222172,1.0111111111111768,0.9777777777777601,1.0710227272727415,0.03234227236690776,1.0887340967961014,58.333333333333336,1.1666666666433334,1.0340909090909949,0.0,0.9957414961569897,0
1008,959.6861111111111,1.0111111111111768,0.9444444444444571,0.9777777777777601,1.0340909090909949,0.03210067943013519,1.08060138228472,55.55555555555556,1.111111111088889,0.9659090909091212,0.0,0.9987790869076218,0
1009,960.6305555555556,0.9444444444444571,0.908333333333303,0.9777777777777601,0.9659090909091212,0.025992015818140445,0.8749661602203224,47.22222222222222,0.9444444444255556,0.9289772727272585,0.0,0.9982065033465377,0
1010,961.5388888888889,0.908333333333303,0.9527777777777828,0.9777777777777601,0.9289772727272585,0.025063570476312302,0.8437120142780576,44.44444444444444,0.8888888888711112,0.974431818181841,0.0,0.9978975711633626,0
1011,962.4916666666667,0.9527777777777828,1.0055555555555884,0.9777777777777601,0.974431818181841,0.027142873666909956,0.9137073521287429,52.77777777777778,1.0555555555344445,1.028409090909143,0.0,0.9976374807085076,0
1012,963.4972222222223,1.0055555555555884,0.9611111111111086,0.9777777777777601,1.028409090909143,0.028163361786293476,0.9480599232265292,55.55555555555556,1.111111111088889,0.9829545454545606,0.0,0.9966881947103461,0
1013,964.4583333333334,0.9611111111111086,0.8944444444443889,0.9777777777777601,0.9829545454545606,0.03026439626004984,1.0187867986968846,50.0,0.9999999999800001,0.914772727272687,0.0,0.9991942074414932,0
1014,965.3527777777778,0.8944444444443889,0.9138888888888914,0.9777777777777601,0.914772727272687,0.03116622604550937,1.0491449883069852,52.77777777777778,1.0555555555344445,0.9346590909091104,0.0,0.9986126850840937,0
1015,966.2666666666667,0.9138888888888914,0.9277777777778056,0.9777777777777601,0.9346590909091104,0.03384143911802011,1.1392003701674522,61.111111111111114,1.2222222221977779,0.948863636363682,0.0,0.9946893491608411,0
1016,967.1944444444445,0.9277777777778056,0.9166666666666288,0.9777777777777601,0.948863636363682,0.032850118345643026,1.1058296560288412,58.333333333333336,1.1666666666433334,0.9374999999999782,0.0,0.996581676371685,0
1017,968.1111111111111,0.9166666666666288,0.966666666666697,0.9777777777777601,0.9374999999999782,0.027239966260903796,0.9169757686589194,55.55555555555556,1.111111111088889,0.9886363636364125,0.0,0.9960529047481579,0
1018,969.0777777777778,0.966666666666697,1.0,0.9777777777777601,0.9886363636364125,0.026690824292128195,0.8984900673882978,50.0,0.9999999999800001,1.0227272727272911,0.0,0.9981532424456021,0
1019,970.0777777777778,1.0,1.0138888888889142,0.9777777777777601,1.0227272727272911,0.03353406741317686,1.128853352751459,58.333333333333336,1.1666666666433334,1.0369318181818628,0.0,0.9963840430194805,0
1020,971.0916666666667,1.0138888888889142,0.9361111111111313,0.9777777777777601,1.0369318181818628,0.027071045369866036,0.9112894046444303,52.77777777777778,1.0555555555344445,0.9573863636364016,0.0,0.9983552394615705,0
1021,972.0277777777778,0.9361111111111313,0.8555555555554974,0.9777777777777601,0.9573863636364016,0.02439371961243947,0.821162903721037,44.44444444444444,0.8888888888711112,0.8749999999999564,0.0,0.9979128079354724,0
1022,972.8833333333333,0.8555555555554974,0.8333333333333712,0.9777777777777601,0.8749999999999564,0.028097289243636775,0.9458357310227071,44.44444444444444,0.8888888888711112,0.8522727272727815,0.0,0.9948763413765722,0
1023,973.7166666666667,0.8333333333333712,0.8416666666665833,0.9777777777777601,0.8522727272727815,0.02749241145152044,0.9254738013103837,41.666666666666664,0.8333333333166667,0.8607954545453849,0.0,0.9924707350054304,0
1024,974.5583333333333,0.8416666666665833,0.8555555555556111,0.9777777777777601,0.8607954545453849,0.030486293500561323,1.0262564993100367,52.77777777777778,1.0555555555344445,0.8750000000000727,0.0,0.9992153043503031,0
1025,975.4138888888889,0.8555555555556111,0.8500000000000227,0.9777777777777601,0.8750000000000727,0.032223609893285585,1.0847395759542444,55.55555555555556,1.111111111088889,0.8693181818182208,0.0,0.9985050528106787,0
1026,976.2638888888889,0.8500000000000227,0.8972222222222399,0.9777777777777601,0.8693181818182208,0.02608777154499473,0.8781895739497925,50.0,0.9999999999800001,0.917613636363671,0.0,0.9983968413264028,0
1027,977.1611111111112,0.8972222222222399,0.8972222222221262,0.9777777777777601,0.917613636363671,0.029099225021827563,0.9795637768489609,47.22222222222222,0.9444444444255556,0.9176136363635548,0.0,0.9960228428848088,0
1028,978.0583333333333,0.8972222222221262,0.9444444444444571,0.9777777777777601,0.9176136363635548,0.024396835293714916,0.8212677865320172,47.22222222222222,0.9444444444255556,0.9659090909091212,0.0,0.9979415506361835,0
1029,979.0027777777777,0.9444444444444571,0.9555555555556339,0.9777777777777601,0.9659090909091212,0.029343351388013004,0.9877817738956054,47.22222222222222,0.9444444444255556,0.977272727272825,0.0,0.9982555318496584,0
1030,979.9583333333334,0.9555555555556339,1.0166666666666515,0.9777777777777601,0.977272727272825,0.030234957498702527,1.017795805148792,50.0,0.9999999999800001,1.0397727272727306,0.0,0.9968071613088061,0
1031,980.975,1.0166666666666515,1.0638888888888687,0.9777777777777601,1.0397727272727306,0.031046276753377997,1.0451071494455575,52.77777777777778,1.0555555555344445,1.0880681818181808,0.0,0.9987330127099578,0
1032,982.0388888888889,1.0638888888888687,1.011111111111063,0.9777777777777601,1.0880681818181808,0.03009557010422725,1.0131036237427609,50.0,0.9999999999800001,1.0340909090908788,0.0,0.9986381144198894,0
1033,983.05,1.011111111111063,0.9777777777778738,0.9777777777777601,1.0340909090908788,0.0294301452174335,0.9907035043296823,50.0,0.9999999999800001,1.0000000000001164,0.0,0.9962495379517331,0
1034,984.0277777777778,0.9777777777778738,0.9138888888888914,0.9777777777777601,1.0000000000001164,0.023627719720406993,0.7953771397791317,44.44444444444444,0.8888888888711112,0.9346590909091104,0.0,0.9974452742273316,0
1035,984.9416666666667,0.9138888888888914,0.9166666666666288,0.9777777777777601,0.9346590909091104,0.030064190727190594,1.0120473034778006,50.0,0.9999999999800001,0.9374999999999782,0.0,0.9963374872489767,0
1036,985.8583333333333,0.9166666666666288,0.8944444444443889,0.9777777777777601,0.9374999999999782,0.03042997748655986,1.024360739978612,50.0,0.9999999999800001,0.914772727272687,0.0,0.9987862013075799,0
1037,986.7527777777777,0.8944444444443889,0.9500000000000455,0.9777777777777601,0.914772727272687,0.02835137586136025,0.9543890188411038,44.44444444444444,0.8888888888711112,0.9715909090909731,0.0,0.9953070568869798,0
1038,987.7027777777778,0.9500000000000455,0.9916666666666742,0.9777777777777601,0.9715909090909731,0.024183812548635917,0.8140968270110062,47.22222222222222,0.9444444444255556,1.0142045454545716,0.0,0.9976793472334735,0
1039,988.6944444444445,0.9916666666666742,1.0055555555555884,0.9777777777777601,1.0142045454545716,0.025475255703792225,0.857570525492726,50.0,0.9999999999800001,1.028409090909143,0.0,0.998008577177524,0
1040,989.7,1.0055555555555884,0.9833333333332348,0.9777777777777601,1.028409090909143,0.02310487225260535,0.7777765871908233,41.666666666666664,0.8333333333166667,1.0056818181817355,0.0,0.9946143883101399,0
1041,990.6833333333333,0.9833333333332348,0.966666666666697,0.9777777777777601,1.0056818181817355,0.022531543413760364,0.7584766861682307,41.666666666666664,0.8333333333166667,0.9886363636364125,0.0,0.9960831048809886,0
1042,991.65,0.966666666666697,1.0166666666666515,0.9777777777777601,0.9886363636364125,0.028379728420268143,0.9553434476847008,47.22222222222222,0.9444444444255556,1.0397727272727306,0.0,0.9978398555293148,0
1043,992.6666666666666,1.0166666666666515,1.0666666666667197,0.9777777777777601,1.0397727272727306,0.024555496682985525,0.8266087861496166,47.22222222222222,0.9444444444255556,1.090909090909165,0.0,0.9981409253944878,0
1044,993.7333333333333,1.0666666666667197,1.069444444444457,0.9777777777777601,1.090909090909165,0.030787710100724258,1.0364030507401556,52.77777777777778,1.0555555555344445,1.0937500000000326,0.0,0.9989450393604389,0
1045,994.8027777777778,1.069444444444457,1.0249999999999773,0.9777777777777601,1.0937500000000326,0.030622077269549543,1.0308273722966923,50.0,0.9999999999800001,1.0482954545454501,0.0,0.9988662488016824,0
1046,995.8277777777778,1.0249999999999773,1.0083333333333258,0.9777777777777601,1.0482954545454501,0.029093951370587012,0.9793862505497862,50.0,0.9999999999800001,1.0312500000000109,0.0,0.9991758062119649,0
1047,996.8361111111111,1.0083333333333258,0.9972222222222626,0.9777777777777601,1.0312500000000109,0.03022624252409048,1.0175024339871988,50.0,0.9999999999800001,1.0198863636364235,0.0,0.9969575663346986,0
1048,997.8333333333334,0.9972222222222626,0.9944444444444116,0.9777777777777601,1.0198863636364235,0.030459307200502286,1.0253480626767868,52.77777777777778,1.0555555555344445,1.0170454545454393,0.0,0.9994557816997889,0
1049,998.8277777777778,0.9944444444444116,1.055555555555543,0.9777777777777601,1.0170454545454393,0.03154146327564097,1.0617765548894744,55.55555555555556,1.111111111088889,1.0795454545454612,0.0,0.9975085897543073,0
1050,999.8833333333333,1.055555555555543,1.0416666666666288,0.9777777777777601,1.0795454545454612,0.03112202121070253,1.0476569261711075,52.77777777777778,1.0555555555344445,1.0653409090908896,0.0,0.9988281251151225,0
1051,1000.925,1.0416666666666288,1.0194444444445026,0.9777777777777601,1.0653409090908896,0.02548447732332763,0.8578809517825667,47.22222222222222,0.9444444444255556,1.0426136363637146,0.0,0.9982217579141435,0
1052,1001.9444444444445,1.0194444444445026,0.9194444444444798,0.9777777777777601,1.0426136363637146,0.02912711690756951,0.9805026981061534,47.22222222222222,0.9444444444255556,0.9403409090909622,0.0,0.9972957277124699,0
1053,1002.8638888888889,0.9194444444444798,0.9166666666666288,0.9777777777777601,0.9403409090909622,0.028882591054480353,0.9722712531790271,47.22222222222222,0.9444444444255556,0.9374999999999782,0.0,0.9963945877947007,0
1054,1003.7805555555556,0.9166666666666288,0.9888888888888232,0.9777777777777601,0.9374999999999782,0.025560441449788432,0.8604381232043197,50.0,0.9999999999800001,1.0113636363635874,0.0,0.9987530621615078,0
1055,1004.7694444444444,0.9888888888888232,0.9444444444444571,0.9777777777777601,1.0113636363635874,0.02684491400993324,0.9036771713690216,50.0,0.9999999999800001,0.9659090909091212,0.0,0.9984984925484791,0
1056,1005.7138888888888,0.9444444444444571,0.9722222222222854,0.9777777777777601,0.9659090909091212,0.026849312805186078,0.9038252474943557,50.0,0.9999999999800001,0.9943181818182644,0.0,0.9982978136833902,0
1057,1006.6861111111111,0.9722222222222854,0.9333333333332803,0.9777777777777601,0.9943181818182644,0.03127567379024702,1.0528293148181687,52.77777777777778,1.0555555555344445,0.9545454545454175,0.0,0.9974154761097467,0
1058,1007.6194444444444,0.9333333333332803,0.8472222222222854,0.9777777777777601,0.9545454545454175,0.029367455967386963,0.9885932035056105,47.22222222222222,0.9444444444255556,0.866477272727353,0.0,0.997568397581202,0
1059,1008.4666666666667,0.8472222222222854,0.8277777777777828,0.9777777777777601,0.866477272727353,0.027962817475212138,0.9413090237561462,44.44444444444444,0.8888888888711112,0.8465909090909296,0.0,0.995269442630475,0
1060,1009.2944444444445,0.8277777777777828,0.8222222222221944,0.9777777777777601,0.8465909090909296,0.03012132735326382,1.0139706869765266,50.0,0.9999999999800001,0.8409090909090777,0.0,0.9993505268858296,0
1061,1010.1166666666667,0.8222222222221944,0.8222222222221944,0.9777777777777601,0.8409090909090777,0.026444731549803223,0.890205876453792,50.0,0.9999999999800001,0.8409090909090777,0.0,0.9984976069825434,0
1062,1010.9388888888889,0.8222222222221944,0.9111111111111541,0.9777777777777601,0.8409090909090777,0.02647933072146511,0.8913705842851359,50.0,0.9999999999800001,0.9318181818182426,0.0,0.9987610978114672,0
1063,1011.85,0.9111111111111541,0.9805555555554974,0.9777777777777601,0.9318181818182426,0.03343733080584606,1.1255969197582971,58.333333333333336,1.1666666666433334,1.0028409090908679,0.0,0.995303702613116,0
1064,1012.8305555555555,0.9805555555554974,0.9305555555555429,0.9777777777777601,1.0028409090908679,0.03146112746235426,1.0590722198901632,50.0,0.9999999999800001,0.9517045454545497,0.0,0.9983035753774144,0
1065,1013.7611111111111,0.9305555555555429,0.877777777777851,0.9777777777777601,0.9517045454545497,0.030198241760722437,1.0165598475953315,50.0,0.9999999999800001,0.8977272727273639,0.0,0.9987928745995266,0
1066,1014.6388888888889,0.877777777777851,0.8666666666666742,0.9777777777777601,0.8977272727273639,0.03019542963485293,1.0164651833341478,50.0,0.9999999999800001,0.8863636363636601,0.0,0.9988782947195063,0
1067,1015.5055555555556,0.8666666666666742,0.9194444444443661,0.9777777777777601,0.8863636363636601,0.022650405093549267,0.7624779128637628,41.666666666666664,0.8333333333166667,0.940340909090846,0.0,0.9931620999046469,0
1068,1016.425,0.9194444444443661,1.0055555555555884,0.9777777777777601,0.940340909090846,0.03064977537742998,1.0317597704326076,52.77777777777778,1.0555555555344445,1.028409090909143,0.0,0.9994128423422551,0
1069,1017.4305555555555,1.0055555555555884,1.0500000000000682,0.9777777777777601,1.028409090909143,0.031197649206683015,1.0502027824721805,52.77777777777778,1.0555555555344445,1.0738636363637255,0.0,0.9989561617441953,0
1070,1018.4805555555556,1.0500000000000682,1.0611111111110176,0.9777777777777601,1.0738636363637255,0.030941840916120646,1.0415915381842453,52.77777777777778,1.0555555555344445,1.0852272727271968,0.0,0.9994549956645058,0
1071,1019.5416666666666,1.0611111111110176,1.0500000000000682,0.9777777777777601,1.0852272727271968,0.03058877988282719,1.0297064862980967,50.0,0.9999999999800001,1.0738636363637255,0.0,0.9972444764008672,0
1072,1020.5916666666667,1.0500000000000682,1.02222222222224,0.9777777777777601,1.0738636363637255,0.024453089201686814,0.8231614551954999,47.22222222222222,0.9444444444255556,1.0454545454545825,0.0,0.9980318167696294,0
1073,1021.6138888888889,1.02222222222224,1.0416666666666288,0.9777777777777601,1.0454545454545825,0.03079404145885575,1.0366161825015414,52.77777777777778,1.0555555555344445,1.0653409090908896,0.0,0.9969709134171147,0
1074,1022.6555555555556,1.0416666666666288,1.091666666666697,0.9777777777777601,1.0653409090908896,0.025661931178451197,0.86385455995979,50.0,0.9999999999800001,1.116477272727324,0.0,0.9984195109178483,0
1075,1023.7472222222223,1.091666666666697,1.0972222222221717,0.9777777777777601,1.116477272727324,0.0329580534651268,1.1094630632146636,58.333333333333336,1.1666666666433334,1.1221590909090595,0.0,0.9958361351642688,0
1076,1024.8444444444444,1.0972222222221717,1.0361111111110404,0.9777777777777601,1.1221590909090595,0.031918588636509426,1.0744716813940716,52.77777777777778,1.0555555555344445,1.0596590909090378,0.0,0.9974193242096793,0
1077,1025.8805555555555,1.0361111111110404,0.9416666666668334,0.9777777777777601,1.0596590909090378,0.030108545267073735,1.01354040511799,50.0,0.9999999999800001,0.9630681818183697,0.0,0.9988856861022759,0
1078,1026.8222222222223,0.9416666666668334,0.9916666666665606,0.9777777777777601,0.9630681818183697,0.030167986212228125,1.0155413586379283,50.0,0.9999999999800001,1.0142045454544553,0.0,0.9985311846820768,0
1079,1027.8138888888889,0.9916666666665606,0.9916666666667879,0.9777777777777601,1.0142045454544553,0.030997184960371717,1.0434545782127,50.0,0.9999999999800001,1.0142045454546877,0.0,0.9988273281014262,0
1080,1028.8055555555557,0.9916666666667879,0.9944444444442979,0.9777777777777601,1.0142045454546877,0.025314765108849068,0.8521679495405029,47.22222222222222,0.9444444444255556,1.0170454545453231,0.0,0.9985672388899292,0
1081,1029.8,0.9944444444442979,1.0111111111111768,0.9777777777777601,1.0170454545453231,0.02418729659241155,0.8142141099653462,44.44444444444444,0.8888888888711112,1.0340909090909949,0.0,0.9973354571615278,0
1082,1030.8111111111111,1.0111111111111768,0.9944444444445253,0.9777777777777601,1.0340909090909949,0.030658714632017157,1.0320606915045283,52.77777777777778,1.0555555555344445,1.0170454545455556,0.0,0.9990714541949232,0
1083,1031.8055555555557,0.9944444444445253,0.9777777777776464,0.9777777777777601,1.0170454545455556,0.03084876419514584,1.038458307513449,50.0,0.9999999999800001,0.9999999999998838,0.0,0.9994953517615012,0
1084,1032.7833333333333,0.9777777777776464,0.9611111111112223,0.9777777777777601,0.9999999999998838,0.0297773403288013,1.002391092378499,50.0,0.9999999999800001,0.9829545454546769,0.0,0.9972993338053988,0
1085,1033.7444444444445,0.9611111111112223,0.9777777777776464,0.9777777777777601,0.9829545454546769,0.029768362794480537,1.0020888827004253,50.0,0.9999999999800001,0.9999999999998838,0.0,0.9983751129931572,0
1086,1034.7222222222222,0.9777777777776464,1.0499999999999545,0.9777777777777601,0.9999999999998838,0.03097514248706324,1.042712565035753,55.55555555555556,1.111111111088889,1.0738636363636094,0.0,0.9982664741559295,0
1087,1035.7722222222221,1.0499999999999545,1.0,0.9777777777777601,1.0738636363636094,0.030980591332526956,1.042895988877381,50.0,0.9999999999800001,1.0227272727272911,0.0,0.9985881373604975,0
1088,1036.7722222222221,1.0,0.9861111111113132,0.9777777777777601,1.0227272727272911,0.024667637962283603,0.8303837847967456,47.22222222222222,0.9444444444255556,1.0085227272729522,0.0,0.9972320093533785,0
1089,1037.7583333333334,0.9861111111113132,0.9722222222221717,0.9777777777777601,1.0085227272729522,0.030666933408231314,1.0323373591980278,55.55555555555556,1.111111111088889,0.9943181818181481,0.0,0.9975588518833907,0
1090,1038.7305555555556,0.9722222222221717,0.9916666666665606,0.9777777777777601,0.9943181818181481,0.030201877105152944,1.0166822237657562,50.0,0.9999999999800001,1.0142045454544553,0.0,0.9983166789717303,0
1091,1039.7222222222222,0.9916666666665606,1.0027777777777374,0.9777777777777601,1.0142045454544553,0.031033674141746802,1.0446829092179104,52.77777777777778,1.0555555555344445,1.025568181818159,0.0,0.9993200644613155,0
1092,1040.725,1.0027777777777374,1.0277777777778283,0.9777777777777601,1.025568181818159,0.025350289972125073,0.8533638188193783,47.22222222222222,0.9444444444255556,1.0511363636364344,0.0,0.9986874877075775,0
1093,1041.7527777777777,1.0277777777778283,1.0611111111111313,0.9777777777777601,1.0511363636364344,0.03130375030659544,1.0537744512736722,55.55555555555556,1.111111111088889,1.0852272727273131,0.0,0.9971046296707327,0
1094,1042.8138888888889,1.0611111111111313,1.0,0.9777777777777601,1.0852272727273131,0.026085686293789975,0.8781193783846434,50.0,0.9999999999800001,1.0227272727272911,0.0,0.9987117876727527,0
1095,1043.8138888888889,1.0,0.9694444444444343,0.9777777777777601,1.0227272727272911,0.02385598690996672,0.8030612712351446,44.44444444444444,0.8888888888711112,0.9914772727272804,0.0,0.9955683013502091,0
1096,1044.7833333333333,0.9694444444444343,0.9777777777778738,0.9777777777777601,0.9914772727272804,0.03122600517513815,1.0511573260909637,52.77777777777778,1.0555555555344445,1.0000000000001164,0.0,0.9991599011875048,0
1097,1045.7611111111112,0.9777777777778738,1.0055555555554747,0.9777777777777601,1.0000000000001164,0.02580773662967281,0.8687627916524443,50.0,0.9999999999800001,1.0284090909090269,0.0,0.9987497373535266,0
1098,1046.7666666666667,1.0055555555554747,1.0222222222221262,0.9777777777777601,1.0284090909090269,0.026935677584937673,0.9067325348800761,50.0,0.9999999999800001,1.0454545454544661,0.0,0.9985639166899617,0
1099,1047.7888888888888,1.0222222222221262,1.005555555555702,0.9777777777777601,1.0454545454544661,0.030330382614515143,1.021008089557794,50.0,0.9999999999800001,1.0284090909092594,0.0,0.9990631879361145,0
1100,1048.7944444444445,1.005555555555702,0.9972222222222626,0.9777777777777601,1.0284090909092594,0.033362903766760446,1.1230914911274077,55.55555555555556,1.111111111088889,1.0198863636364235,0.0,0.9972337080418883,0
1101,1049.7916666666667,0.9972222222222626,1.0,0.9777777777777601,1.0198863636364235,0.025405208309311117,0.8552125283211562,50.0,0.9999999999800001,1.0227272727272911,0.0,0.9985217909753457,0
1102,1050.7916666666667,1.0,0.941666666666606,0.9777777777777601,1.0227272727272911,0.03033280474628718,1.0210896254937118,50.0,0.9999999999800001,0.9630681818181372,0.0,0.9989883417349903,0
1103,1051.7333333333333,0.941666666666606,0.966666666666697,0.9777777777777601,0.9630681818181372,0.023635940787779735,0.7956538845996324,44.44444444444444,0.8888888888711112,0.9886363636364125,0.0,0.9976407709931672,0
1104,1052.7,0.966666666666697,1.0361111111110404,0.9777777777777601,0.9886363636364125,0.02585853022055324,0.870472650306248,50.0,0.9999999999800001,1.0596590909090378,0.0,0.9983352457894537,0
1105,1053.736111111111,1.0361111111110404,1.0416666666667425,0.9777777777777601,1.0596590909090378,0.026261621468579546,0.8840418634050582,50.0,0.9999999999800001,1.065340909091006,0.0,0.9988703626539144,0
1106,1054.7777777777778,1.0416666666667425,0.9833333333333485,0.9777777777777601,1.065340909091006,0.029712805956514474,1.0002186794222625,50.0,0.9999999999800001,1.0056818181818519,0.0,0.9989482072067454,0
1107,1055.7611111111112,0.9833333333333485,0.9444444444443434,0.9777777777777601,1.0056818181818519,0.024173694104111507,0.8137562110074276,44.44444444444444,0.8888888888711112,0.965909090909005,0.0,0.9971806905575867,0
1108,1056.7055555555555,0.9444444444443434,0.9472222222223081,0.9777777777777601,0.965909090909005,0.03239331940224332,1.09045248712068,52.77777777777778,1.0555555555344445,0.9687500000001054,0.0,0.9984623854867456,0
1109,1057.6527777777778,0.9472222222223081,1.0111111111109494,0.9777777777777601,0.9687500000001054,0.03163990478317691,1.0650903797369844,52.77777777777778,1.0555555555344445,1.0340909090907624,0.0,0.9976420470037063,0
1110,1058.6638888888888,1.0111111111109494,0.9583333333334849,0.9777777777777601,1.0340909090907624,0.03091717072766556,1.0407610685425106,50.0,0.9999999999800001,0.9801136363638091,0.0,0.9990758165654574,0
1111,1059.6222222222223,0.9583333333334849,0.9194444444444798,0.9777777777777601,0.9801136363638091,0.02937441071983236,0.9888273205161959,47.22222222222222,0.9444444444255556,0.9403409090909622,0.0,0.9963684536498653,0
1112,1060.5416666666667,0.9194444444444798,0.9611111111109949,0.9777777777777601,0.9403409090909622,0.026375933852174887,0.8878899476798547,52.77777777777778,1.0555555555344445,0.9829545454544444,0.0,0.9969564788471738,0
1113,1061.5027777777777,0.9611111111109949,0.908333333333303,0.9777777777777601,0.9829545454544444,0.02579389872197899,0.8682969677992634,50.0,0.9999999999800001,0.9289772727272585,0.0,0.9984569479037528,0
1114,1062.411111111111,0.908333333333303,0.9111111111112677,0.9777777777777601,0.9289772727272585,0.030840906860388796,1.0381938069810532,52.77777777777778,1.0555555555344445,0.9318181818183588,0.0,0.9992759129422019,0
1115,1063.3222222222223,0.9111111111112677,0.9027777777776009,0.9777777777777601,0.9318181818183588,0.02411811710546753,0.8118853290627439,44.44444444444444,0.8888888888711112,0.9232954545452904,0.0,0.997913028395419,0
1116,1064.225,0.9027777777776009,0.9611111111112223,0.9777777777777601,0.9232954545452904,0.025900444007540106,0.8718835891698122,50.0,0.9999999999800001,0.9829545454546769,0.0,0.9984475806636172,0
1117,1065.1861111111111,0.9611111111112223,1.0472222222222172,0.9777777777777601,0.9829545454546769,0.03252049452436874,1.0947335682442136,55.55555555555556,1.111111111088889,1.0710227272727415,0.0,0.9974704810843831,0
1118,1066.2333333333333,1.0472222222222172,0.9777777777778738,0.9777777777777601,1.0710227272727415,0.026478963103935684,0.8913582092196389,50.0,0.9999999999800001,1.0000000000001164,0.0,0.9984082980257658,0
1119,1067.2111111111112,0.9777777777778738,0.9722222222221717,0.9777777777777601,1.0000000000001164,0.0247206272083882,0.8321675555331711,47.22222222222222,0.9444444444255556,0.9943181818181481,0.0,0.9984170129174301,0
1120,1068.1833333333334,0.9722222222221717,0.966666666666697,0.9777777777777601,0.9943181818181481,0.030473159243876318,1.025814362377702,52.77777777777778,1.0555555555344445,0.9886363636364125,0.0,0.9969966634264902,0
1121,1069.15,0.966666666666697,0.9694444444444343,0.9777777777777601,0.9886363636364125,0.02391979645138289,0.805209284295346,44.44444444444444,0.8888888888711112,0.9914772727272804,0.0,0.9977376857338605,0
1122,1070.1194444444445,0.9694444444444343,1.0055555555554747,0.9777777777777601,0.9914772727272804,0.03032465764719674,1.0208153706587666,50.0,0.9999999999800001,1.0284090909090269,0.0,0.9967133861532389,0
1123,1071.125,1.0055555555554747,1.0416666666667425,0.9777777777777601,1.0284090909090269,0.02670589529814216,0.8989974008846668,52.77777777777778,1.0555555555344445,1.065340909091006,0.0,0.998484242143117,0
1124,1072.1666666666667,1.0416666666667425,1.0472222222222172,0.9777777777777601,1.065340909091006,0.02618387216854626,0.8814245978960683,50.0,0.9999999999800001,1.0710227272727415,0.0,0.9986753627007094,0
1125,1073.213888888889,1.0472222222222172,0.9944444444442979,0.9777777777777601,1.0710227272727415,0.03138142646712828,1.0563892546962923,50.0,0.9999999999800001,1.0170454545453231,0.0,0.998537798503116,0
1126,1074.2083333333333,0.9944444444442979,0.9777777777778738,0.9777777777777601,1.0170454545453231,0.029676904624760185,0.9990101371294433,47.22222222222222,0.9444444444255556,1.0000000000001164,0.0,0.9962597236405462,0
1127,1075.1861111111111,0.9777777777778738,0.9805555555556111,0.9777777777777601,1.0000000000001164,0.03021835085922623,1.0172367778044566,52.77777777777778,1.0555555555344445,1.002840909090984,0.0,0.9966112805976237,0
1128,1076.1666666666667,0.9805555555556111,0.9638888888887323,0.9777777777777601,1.002840909090984,0.029929212376218282,1.0075035431827377,50.0,0.9999999999800001,0.9857954545453121,0.0,0.9986068897839637,0
1129,1077.1305555555555,0.9638888888887323,1.0194444444446162,0.9777777777777601,0.9857954545453121,0.026538440626091366,0.8933603940268541,52.77777777777778,1.0555555555344445,1.042613636363831,0.0,0.998183717525365,0
1130,1078.15,1.0194444444446162,0.9472222222220807,0.9777777777777601,1.042613636363831,0.03225428823111746,1.0857722972192092,55.55555555555556,1.111111111088889,0.9687499999998729,0.0,0.99780740190817,0
1131,1079.0972222222222,0.9472222222220807,0.8916666666666515,0.9777777777777601,0.9687499999998729,0.03176710922239577,1.0693724477583737,55.55555555555556,1.111111111088889,0.9119318181818191,0.0,0.9968136295319824,0
1132,1079.9888888888888,0.8916666666666515,0.8638888888890506,0.9777777777777601,0.9119318181818191,0.02963745105209427,0.9976820161701456,47.22222222222222,0.9444444444255556,0.8835227272729086,0.0,0.9985943616701868,0
1133,1080.8527777777779,0.8638888888890506,0.9027777777776009,0.9777777777777601,0.8835227272729086,0.02373755914123931,0.799074651236454,44.44444444444444,0.8888888888711112,0.9232954545452904,0.0,0.995884679649031,0
1134,1081.7555555555555,0.9027777777776009,0.933333333333394,0.9777777777777601,0.9232954545452904,0.030727330269448207,1.0343704916075358,52.77777777777778,1.0555555555344445,0.9545454545455339,0.0,0.9989256230008923,0
1135,1082.6888888888889,0.933333333333394,0.966666666666697,0.9777777777777601,0.9545454545455339,0.03057235666545761,1.0291536334704874,52.77777777777778,1.0555555555344445,0.9886363636364125,0.0,0.9968141856032253,0
1136,1083.6555555555556,0.966666666666697,0.9722222222221717,0.9777777777777601,0.9886363636364125,0.029507985053403914,0.9933238175392364,47.22222222222222,0.9444444444255556,0.9943181818181481,0.0,0.9960626698999502,0
1137,1084.6277777777777,0.9722222222221717,0.9888888888888232,0.9777777777777601,0.9943181818181481,0.03009833738997385,1.0131967785561804,47.22222222222222,0.9444444444255556,1.0113636363635874,0.0,0.9971165672640625,0
1138,1085.6166666666666,0.9888888888888232,0.9777777777778738,0.9777777777777601,1.0113636363635874,0.031611041481491846,1.064118757819571,52.77777777777778,1.0555555555344445,1.0000000000001164,0.0,0.998823706829008,0
1139,1086.5944444444444,0.9777777777778738,0.9694444444444343,0.9777777777777601,1.0000000000001164,0.03090940654274385,1.0404997037020256,52.77777777777778,1.0555555555344445,0.9914772727272804,0.0,0.9975366259986597,0
1140,1087.5638888888889,0.9694444444444343,0.974999999999909,0.9777777777777601,0.9914772727272804,0.022848017783187752,0.7691301255075825,41.666666666666664,0.8333333333166667,0.9971590909090159,0.0,0.9940981220499119,0
1141,1088.5388888888888,0.974999999999909,1.0555555555556566,0.9777777777777601,0.9971590909090159,0.0309625782272833,1.0422896158419475,52.77777777777778,1.0555555555344445,1.0795454545455774,0.0,0.9989503371541436,0
1142,1089.5944444444444,1.0555555555556566,1.0361111111110404,0.9777777777777601,1.0795454545455774,0.026395117702155687,0.8885357313571727,50.0,0.9999999999800001,1.0596590909090378,0.0,0.9985434028812609,0
1143,1090.6305555555555,1.0361111111110404,0.9777777777778738,0.9777777777777601,1.0596590909090378,0.024652640456717653,0.8298789255372816,47.22222222222222,0.9444444444255556,1.0000000000001164,0.0,0.9979203915701733,0
1144,1091.6083333333333,0.9777777777778738,0.9472222222223081,0.9777777777777601,1.0000000000001164,0.030441830302146027,1.0247597399105062,50.0,0.9999999999800001,0.9687500000001054,0.0,0.9990412692168964,0
1145,1092.5555555555557,0.9472222222223081,0.9805555555553838,0.9777777777777601,0.9687500000001054,0.030738241067134082,1.0347377805020543,52.77777777777778,1.0555555555344445,1.0028409090907515,0.0,0.9971909257860307,0
1146,1093.536111111111,0.9805555555553838,0.9888888888890506,0.9777777777777601,1.0028409090907515,0.031790851218176513,1.070171671759682,52.77777777777778,1.0555555555344445,1.01136363636382,0.0,0.9989683271516775,0
1147,1094.525,0.9888888888890506,1.0027777777777374,0.9777777777777601,1.01136363636382,0.03102288053159822,1.0443195651936263,50.0,0.9999999999800001,1.025568181818159,0.0,0.9987099799243344,0
1148,1095.5277777777778,1.0027777777777374,1.0611111111111313,0.9777777777777601,1.025568181818159,0.03161747811156994,1.0643354333380683,52.77777777777778,1.0555555555344445,1.0852272727273131,0.0,0.9988831352113345,0
1149,1096.588888888889,1.0611111111111313,0.9916666666665606,0.9777777777777601,1.0852272727273131,0.03301821992785059,1.1114884397468958,55.55555555555556,1.111111111088889,1.0142045454544553,0.0,0.9977840570204486,0
1150,1097.5805555555555,0.9916666666665606,0.9138888888890051,0.9777777777777601,1.0142045454544553,0.029683929775095933,0.9992466239359014,47.22222222222222,0.9444444444255556,0.9346590909092267,0.0,0.9974159819107287,0
1151,1098.4944444444445,0.9138888888890051,0.9527777777777828,0.9777777777777601,0.9346590909092267,0.024449647926523998,0.8230456119559244,47.22222222222222,0.9444444444255556,0.974431818181841,0.0,0.998163124943845,0
1152,1099.4472222222223,0.9527777777777828,0.9722222222221717,0.9777777777777601,0.974431818181841,0.025942910399922987,0.8733131303235894,50.0,0.9999999999800001,0.9943181818181481,0.0,0.9986065083203989,0
1153,1100.4194444444445,0.9722222222221717,1.0388888888887777,0.9777777777777601,0.9943181818181481,0.03136402166639939,1.0558033589439313,52.77777777777778,1.0555555555344445,1.0624999999999056,0.0,0.9993261721905711,0
1154,1101.4583333333333,1.0388888888887777,1.0305555555555657,0.9777777777777601,1.0624999999999056,0.0264676649277619,0.8909778800488106,50.0,0.9999999999800001,1.053977272727302,0.0,0.9984686660011903,0
1155,1102.4888888888888,1.0305555555555657,1.0305555555555657,0.9777777777777601,1.053977272727302,0.03139030690724888,1.0566881959037675,52.77777777777778,1.0555555555344445,1.053977272727302,0.0,0.9970645808007569,0
1156,1103.5194444444444,1.0305555555555657,0.9861111111110858,0.9777777777777601,1.053977272727302,0.024271339145217573,0.8170432244995286,44.44444444444444,0.8888888888711112,1.0085227272727197,0.0,0.9973266680231235,0
1157,1104.5055555555555,0.9861111111110858,0.9527777777777828,0.9777777777777601,1.0085227272727197,0.0283884418456353,0.9556367666942462,44.44444444444444,0.8888888888711112,0.974431818181841,0.0,0.9967941908657212,0
1158,1105.4583333333333,0.9527777777777828,0.9694444444444343,0.9777777777777601,0.974431818181841,0.030955958676129776,1.0420667826728809,50.0,0.9999999999800001,0.9914772727272804,0.0,0.9991902381625146,0
1159,1106.4277777777777,0.9694444444444343,1.0194444444446162,0.9777777777777601,0.9914772727272804,0.02531157333275925,0.8520605051587693,50.0,0.9999999999800001,1.042613636363831,0.0,0.9984508514436115,0
1160,1107.4472222222223,1.0194444444446162,1.0111111111109494,0.9777777777777601,1.042613636363831,0.030190966626522237,1.016314945611554,50.0,0.9999999999800001,1.0340909090907624,0.0,0.9976961612786748,0
1161,1108.4583333333333,1.0111111111109494,1.0138888888889142,0.9777777777777601,1.0340909090907624,0.024405673297506102,0.8215652992103447,47.22222222222222,0.9444444444255556,1.0369318181818628,0.0,0.9980366186538645,0
1162,1109.4722222222222,1.0138888888889142,0.9833333333333485,0.9777777777777601,1.0369318181818628,0.03109756489628859,1.0468336561459726,52.77777777777778,1.0555555555344445,1.0056818181818519,0.0,0.9972741672547663,0
1163,1110.4555555555555,0.9833333333333485,0.966666666666697,0.9777777777777601,1.0056818181818519,0.02499666921218526,0.8414599249212072,47.22222222222222,0.9444444444255556,0.9886363636364125,0.0,0.9983263094835164,0
1164,1111.4222222222222,0.966666666666697,0.9388888888888687,0.9777777777777601,0.9886363636364125,0.024817413951349673,0.8354256762361497,47.22222222222222,0.9444444444255556,0.9602272727272694,0.0,0.9975118612167584,0
1165,1112.361111111111,0.9388888888888687,0.9750000000001364,0.9777777777777601,0.9602272727272694,0.03012853062840901,1.0142131699774177,52.77777777777778,1.0555555555344445,0.9971590909092485,0.0,0.9973654453040088,0
1166,1113.3361111111112,0.9750000000001364,0.9611111111109949,0.9777777777777601,0.9971590909092485,0.03169931642343964,1.0670903467698143,52.77777777777778,1.0555555555344445,0.9829545454544444,0.0,0.9991674290092865,0
1167,1114.2972222222222,0.9611111111109949,0.9500000000000455,0.9777777777777601,0.9829545454544444,0.02471839052174402,0.832092262214701,47.22222222222222,0.9444444444255556,0.9715909090909731,0.0,0.9981215243280956,0
1168,1115.2472222222223,0.9500000000000455,0.941666666666606,0.9777777777777601,0.9715909090909731,0.02994144962329026,1.0079154841863578,50.0,0.9999999999800001,0.9630681818181372,0.0,0.9980564503686281,0
1169,1116.1888888888889,0.941666666666606,0.966666666666697,0.9777777777777601,0.9630681818181372,0.030359794270452635,1.0219981706596755,50.0,0.9999999999800001,0.9886363636364125,0.0,0.9990727779089654,0
1170,1117.1555555555556,0.966666666666697,0.9944444444445253,0.9777777777777601,0.9886363636364125,0.030427093106971403,1.0242636434490167,52.77777777777778,1.0555555555344445,1.0170454545455556,0.0,0.9967597855563735,0
1171,1118.15,0.9944444444445253,1.0055555555554747,0.9777777777777601,1.0170454545455556,0.024392851493645444,0.8211336803405521,47.22222222222222,0.9444444444255556,1.0284090909090269,0.0,0.9976320744648095,0
1172,1119.1555555555556,1.0055555555554747,1.0694444444443434,0.9777777777777601,1.0284090909090269,0.030843049226970426,1.0382659252143918,50.0,0.9999999999800001,1.0937499999999165,0.0,0.9981996201605801,0
1173,1120.225,1.0694444444443434,1.0527777777779193,0.9777777777777601,1.0937499999999165,0.031240315808836853,1.0516390632638433,52.77777777777778,1.0555555555344445,1.0767045454547097,0.0,0.9990216052504002,0
1174,1121.2777777777778,1.0527777777779193,1.0277777777778283,0.9777777777777601,1.0767045454547097,0.025027862493770942,0.8425099806769691,50.0,0.9999999999800001,1.0511363636364344,0.0,0.9984603562541209,0
1175,1122.3055555555557,1.0277777777778283,0.974999999999909,0.9777777777777601,1.0511363636364344,0.024895720769976374,0.8380617094277367,44.44444444444444,0.8888888888711112,0.9971590909090159,0.0,0.9972918480331747,0
1176,1123.2805555555556,0.974999999999909,1.0222222222221262,0.9777777777777601,0.9971590909090159,0.030383940552538378,1.0228110041031446,47.22222222222222,0.9444444444255556,1.0454545454544661,0.0,0.9978143200364675,0
1177,1124.3027777777777,1.0222222222221262,1.0527777777779193,0.9777777777777601,1.0454545454544661,0.03209125753407373,1.0802842141098246,52.77777777777778,1.0555555555344445,1.0767045454547097,0.0,0.999104646011933,0
1178,1125.3555555555556,1.0527777777779193,1.0361111111110404,0.9777777777777601,1.0767045454547097,0.03241982820458968,1.091344849804795,52.77777777777778,1.0555555555344445,1.0596590909090378,0.0,0.9984774784659554,0
1179,1126.3916666666667,1.0361111111110404,1.066666666666606,0.9777777777777601,1.0596590909090378,0.0306082882263234,1.0303631933623185,50.0,0.9999999999800001,1.0909090909090486,0.0,0.9984487576342687,0
1180,1127.4583333333333,1.066666666666606,1.0111111111111768,0.9777777777777601,1.0909090909090486,0.031485612280060346,1.059896449418257,50.0,0.9999999999800001,1.0340909090909949,0.0,0.9983850248667613,0
1181,1128.4694444444444,1.0111111111111768,0.9861111111110858,0.9777777777777601,1.0340909090909949,0.02444059188833406,0.8227407596113698,47.22222222222222,0.9444444444255556,1.0085227272727197,0.0,0.9981055413230496,0
1182,1129.4555555555555,0.9861111111110858,0.9805555555556111,0.9777777777777601,1.0085227272727197,0.029310440682525557,0.9866739047017742,47.22222222222222,0.9444444444255556,1.002840909090984,0.0,0.9961854866186859,0
1183,1130.4361111111111,0.9805555555556111,1.0611111111111313,0.9777777777777601,1.002840909090984,0.02495243999176343,0.8399710418952505,47.22222222222222,0.9444444444255556,1.0852272727273131,0.0,0.9983701888000793,0
1184,1131.4972222222223,1.0611111111111313,1.0777777777777828,0.9777777777777601,1.0852272727273131,0.026569317594295313,0.8943998017625864,50.0,0.9999999999800001,1.1022727272727524,0.0,0.9984859030329425,0
1185,1132.575,1.0777777777777828,1.0027777777777374,0.9777777777777601,1.1022727272727524,0.024661650158925408,0.8301822180791377,44.44444444444444,0.8888888888711112,1.025568181818159,0.0,0.997538862529725,0
1186,1133.5777777777778,1.0027777777777374,1.0055555555554747,0.9777777777777601,1.025568181818159,0.0244964522485289,0.8246211803224904,41.666666666666664,0.8333333333166667,1.0284090909090269,0.0,0.9966760845153997,0
1187,1134.5833333333333,1.0055555555554747,0.9888888888890506,0.9777777777777601,1.0284090909090269,0.031040085202686977,1.0448987240055365,52.77777777777778,1.0555555555344445,1.01136363636382,0.0,0.9984228684826345,0
1188,1135.5722222222223,0.9888888888890506,0.9694444444444343,0.9777777777777601,1.01136363636382,0.029688663303590306,0.9994059681468311,47.22222222222222,0.9444444444255556,0.9914772727272804,0.0,0.9960637643437605,0
1189,1136.5416666666667,0.9694444444444343,1.0388888888887777,0.9777777777777601,0.9914772727272804,0.02961018228093898,0.9967640707457273,47.22222222222222,0.9444444444255556,1.0624999999999056,0.0,0.9989199256901231,0
1190,1137.5805555555555,1.0388888888887777,1.0555555555556566,0.9777777777777601,1.0624999999999056,0.032173765268974294,1.0830616622500355,55.55555555555556,1.111111111088889,1.0795454545455774,0.0,0.99717045794389,0
1191,1138.6361111111112,1.0555555555556566,1.0249999999998636,0.9777777777777601,1.0795454545455774,0.0316634114527011,1.065881681978298,52.77777777777778,1.0555555555344445,1.048295454545334,0.0,0.9983384535777309,0
1192,1139.661111111111,1.0249999999998636,0.9777777777778738,0.9777777777777601,1.048295454545334,0.030119384753145354,1.0139052934580557,50.0,0.9999999999800001,1.0000000000001164,0.0,0.9967893949962987,0
1193,1140.638888888889,0.9777777777778738,0.9722222222221717,0.9777777777777601,1.0000000000001164,0.025127574330420257,0.8458665684634646,47.22222222222222,0.9444444444255556,0.9943181818181481,0.0,0.9983408061385839,0
1194,1141.611111111111,0.9722222222221717,0.9750000000001364,0.9777777777777601,0.9943181818181481,0.024038805737424968,0.8092154798427542,44.44444444444444,0.8888888888711112,0.9971590909092485,0.0,0.9972689279804576,0
1195,1142.5861111111112,0.9750000000001364,1.0444444444442524,0.9777777777777601,0.9971590909092485,0.024818287312301013,0.8354550760827575,47.22222222222222,0.9444444444255556,1.0681818181816412,0.0,0.9982112944118919,0
1196,1143.6305555555555,1.0444444444442524,1.033333333333303,0.9777777777777601,1.0681818181816412,0.03165723125565689,1.0656736387347492,52.77777777777778,1.0555555555344445,1.0568181818181699,0.0,0.9971795606394842,0
1197,1144.6638888888888,1.033333333333303,1.0,0.9777777777777601,1.0568181818181699,0.030918914867965868,1.04081978133155,50.0,0.9999999999800001,1.0227272727272911,0.0,0.9995925402494297,0
1198,1145.6638888888888,1.0,0.9805555555556111,0.9777777777777601,1.0227272727272911,0.02909491914667283,0.9794188286819205,47.22222222222222,0.9444444444255556,1.002840909090984,0.0,0.9967916544076107,0
1199,1146.6444444444444,0.9805555555556111,0.9916666666667879,0.9777777777777601,1.002840909090984,0.024539533615522788,0.8260714232940023,47.22222222222222,0.9444444444255556,1.0142045454546877,0.0,0.9981617090888988,0
1200,1147.6361111111112,0.9916666666667879,0.9694444444444343,0.9777777777777601,1.0142045454546877,0.029307058202453714,0.9865600406744055,47.22222222222222,0.9444444444255556,0.9914772727272804,0.0,0.9963277273741014,0
1201,1148.6055555555556,0.9694444444444343,1.0138888888889142,0.9777777777777601,0.9914772727272804,0.023781422336133146,0.8005512127882698,44.44444444444444,0.8888888888711112,1.0369318181818628,0.0,0.9973278024468556,0
1202,1149.6194444444445,1.0138888888889142,1.086111111110995,0.9777777777777601,1.0369318181818628,0.032276744908302485,1.0865282536923573,55.55555555555556,1.111111111088889,1.1107954545453558,0.0,0.9972163447640516,0
1203,1150.7055555555555,1.086111111110995,1.0027777777777374,0.9777777777777601,1.1107954545453558,0.031116754074349443,1.0474796191818203,50.0,0.9999999999800001,1.025568181818159,0.0,0.9974438752413455,0
1204,1151.7083333333333,1.0027777777777374,0.9583333333334849,0.9777777777777601,1.025568181818159,0.028340680218205645,0.9540289726681733,44.44444444444444,0.8888888888711112,0.9801136363638091,0.0,0.9962266618831557,0
1205,1152.6666666666667,0.9583333333334849,0.9916666666665606,0.9777777777777601,0.9801136363638091,0.02999373782478867,1.0096756557409612,50.0,0.9999999999800001,1.0142045454544553,0.0,0.9965301769926997,0
1206,1153.6583333333333,0.9916666666665606,0.9777777777778738,0.9777777777777601,1.0142045454544553,0.024225717065076043,0.8155074538012498,44.44444444444444,0.8888888888711112,1.0000000000001164,0.0,0.9974053907604278,0
1207,1154.6361111111112,0.9777777777778738,1.033333333333303,0.9777777777777601,1.0000000000001164,0.02523642968874971,0.8495309535409181,47.22222222222222,0.9444444444255556,1.0568181818181699,0.0,0.9973798274102395,0
1208,1155.6694444444445,1.033333333333303,1.0249999999998636,0.9777777777777601,1.0568181818181699,0.026100377971509534,0.8786139425974162,47.22222222222222,0.9444444444255556,1.048295454545334,0.0,0.9982269512253162,0
1209,1156.6944444444443,1.0249999999998636,0.9972222222222626,0.9777777777777601,1.048295454545334,0.03046978079946227,1.0257006342022053,50.0,0.9999999999800001,1.0198863636364235,0.0,0.9965074029015177,0
1210,1157.6916666666666,0.9972222222222626,0.9833333333333485,0.9777777777777601,1.0198863636364235,0.030390958940895916,1.0230472632819283,50.0,0.9999999999800001,1.0056818181818519,0.0,0.9994207085465423,0
1211,1158.675,0.9833333333333485,0.9611111111112223,0.9777777777777601,1.0056818181818519,0.024696116201695012,0.8313424444082962,47.22222222222222,0.9444444444255556,0.9829545454546769,0.0,0.9982249999827557,0
1212,1159.6361111111112,0.9611111111112223,0.9611111111109949,0.9777777777777601,0.9829545454546769,0.024561193184464574,0.826800546806454,44.44444444444444,0.8888888888711112,0.9829545454544444,0.0,0.997474084562243,0
1213,1160.5972222222222,0.9611111111109949,1.0222222222223536,0.9777777777777601,0.9829545454544444,0.030632083632412904,1.0311642153085459,50.0,0.9999999999800001,1.0454545454546986,0.0,0.9989000090363919,0
1214,1161.6194444444445,1.0222222222223536,1.0527777777776919,0.9777777777777601,1.0454545454546986,0.027731083129133964,0.9335081778195384,52.77777777777778,1.0555555555344445,1.076704545454477,0.0,0.9973238972460609,0
1215,1162.6722222222222,1.0527777777776919,0.9833333333333485,0.9777777777777601,1.076704545454477,0.031017357467212854,1.0441336429292,52.77777777777778,1.0555555555344445,1.0056818181818519,0.0,0.9991944945993538,0
1216,1163.6555555555556,0.9833333333333485,0.9694444444444343,0.9777777777777601,1.0056818181818519,0.03143857713037016,1.0583131107265698,52.77777777777778,1.0555555555344445,0.9914772727272804,0.0,0.9973859118004738,0
1217,1164.625,0.9694444444444343,0.9888888888888232,0.9777777777777601,0.9914772727272804,0.031720341259080506,1.067798103330085,52.77777777777778,1.0555555555344445,1.0113636363635874,0.0,0.9990658587873587,0
1218,1165.6138888888888,0.9888888888888232,0.966666666666697,0.9777777777777601,1.0113636363635874,0.030595493111525682,1.0299324729233013,50.0,0.9999999999800001,0.9886363636364125,0.0,0.9974998352464728,0
1219,1166.5805555555555,0.966666666666697,1.033333333333303,0.9777777777777601,0.9886363636364125,0.031932436635070775,1.074937844934935,55.55555555555556,1.111111111088889,1.0568181818181699,0.0,0.9975714484153753,0
1220,1167.6138888888888,1.033333333333303,0.9944444444445253,0.9777777777777601,1.0568181818181699,0.031077977746732682,1.046174296242666,50.0,0.9999999999800001,1.0170454545455556,0.0,0.9995948360132705,0
1221,1168.6083333333333,0.9944444444445253,1.0194444444443889,0.9777777777777601,1.0170454545455556,0.03103316927066198,1.0446659138021803,50.0,0.9999999999800001,1.0426136363635983,0.0,0.9995254159356494,0
1222,1169.6277777777777,1.0194444444443889,0.9805555555556111,0.9777777777777601,1.0426136363635983,0.025164194090027986,0.8470992951083062,47.22222222222222,0.9444444444255556,1.002840909090984,0.0,0.9982717756033461,0
1223,1170.6083333333333,0.9805555555556111,0.9500000000000455,0.9777777777777601,1.002840909090984,0.028677287051894686,0.9653601287753988,44.44444444444444,0.8888888888711112,0.9715909090909731,0.0,0.9960314962417365,0
1224,1171.5583333333334,0.9500000000000455,0.974999999999909,0.9777777777777601,0.9715909090909731,0.023887404965576006,0.8041188935323295,44.44444444444444,0.8888888888711112,0.9971590909090159,0.0,0.9972654605875468,0
1225,1172.5333333333333,0.974999999999909,1.0277777777778283,0.9777777777777601,0.9971590909090159,0.02976010263274505,1.0018108218510067,47.22222222222222,0.9444444444255556,1.0511363636364344,0.0,0.9989793078487776,0
1226,1173.5611111111111,1.0277777777778283,1.0472222222222172,0.9777777777777601,1.0511363636364344,0.026433634937068528,0.8898323324892199,50.0,0.9999999999800001,1.0710227272727415,0.0,0.9983944266146743,0
1227,1174.6083333333333,1.0472222222222172,0.9888888888888232,0.9777777777777601,1.0710227272727415,0.025534242415201712,0.8595561881957305,47.22222222222222,0.9444444444255556,1.0113636363635874,0.0,0.9986958570045913,0
1228,1175.5972222222222,0.9888888888888232,0.9388888888888687,0.9777777777777601,1.0113636363635874,0.029430416956979365,0.9907126518659368,47.22222222222222,0.9444444444255556,0.9602272727272694,0.0,0.9990576957870967,0
1229,1176.536111111111,0.9388888888888687,0.9361111111111313,0.9777777777777601,0.9602272727272694,0.029466740976467638,0.9919354230460483,50.0,0.9999999999800001,0.9573863636364016,0.0,0.9968665621161839,0
1230,1177.4722222222222,0.9361111111111313,0.9388888888888687,0.9777777777777601,0.9573863636364016,0.025482078510907107,0.8578002008432261,50.0,0.9999999999800001,0.9602272727272694,0.0,0.9986514727829989,0
1231,1178.411111111111,0.9388888888888687,0.9222222222222172,0.9777777777777601,0.9602272727272694,0.030977532158962737,1.0427930082788135,50.0,0.9999999999800001,0.9431818181818301,0.0,0.9993018581234021,0
1232,1179.3333333333333,0.9222222222222172,0.9250000000001819,0.9777777777777601,0.9431818181818301,0.025742208295615496,0.8665569190784614,47.22222222222222,0.9444444444255556,0.9460227272729305,0.0,0.9982540153488528,0
1233,1180.2583333333334,0.9250000000001819,0.9638888888887323,0.9777777777777601,0.9460227272729305,0.025548764330597756,0.8600450377194466,47.22222222222222,0.9444444444255556,0.9857954545453121,0.0,0.9986632817512794,0
1234,1181.2222222222222,0.9638888888887323,0.9500000000000455,0.9777777777777601,0.9857954545453121,0.025017719326353858,0.842168532429573,44.44444444444444,0.8888888888711112,0.9715909090909731,0.0,0.9976800510806572,0
1235,1182.1722222222222,0.9500000000000455,0.9388888888888687,0.9777777777777601,0.9715909090909731,0.029271342516038548,0.9853577477387225,47.22222222222222,0.9444444444255556,0.9602272727272694,0.0,0.9964060420866354,0
1236,1183.111111111111,0.9388888888888687,0.9583333333332575,0.9777777777777601,0.9602272727272694,0.024634304853844418,0.829261696302213,47.22222222222222,0.9444444444255556,0.9801136363635766,0.0,0.997981134712276,0
1237,1184.0694444444443,0.9583333333332575,0.9861111111113132,0.9777777777777601,0.9801136363635766,0.02816292164687456,0.9480451068652271,47.22222222222222,0.9444444444255556,1.0085227272729522,0.0,0.9959638948856679,0
1238,1185.0555555555557,0.9861111111113132,1.066666666666606,0.9777777777777601,1.0085227272729522,0.026171752573067964,0.8810166173841578,50.0,0.9999999999800001,1.0909090909090486,0.0,0.9984960383826827,0
1239,1186.1222222222223,1.066666666666606,1.0388888888887777,0.9777777777777601,1.0909090909090486,0.03244614123353589,1.092230622192051,55.55555555555556,1.111111111088889,1.0624999999999056,0.0,0.9971968715662238,0
1240,1187.161111111111,1.0388888888887777,0.9888888888890506,0.9777777777777601,1.0624999999999056,0.02392671677568927,0.8054422423555518,44.44444444444444,0.8888888888711112,1.01136363636382,0.0,0.9976266964014655,0
1241,1188.15,0.9888888888890506,0.9944444444442979,0.9777777777777601,1.01136363636382,0.03005571787625532,1.0117620828969567,47.22222222222222,0.9444444444255556,1.0170454545453231,0.0,0.9975865146619413,0
1242,1189.1444444444444,0.9944444444442979,0.9583333333334849,0.9777777777777601,1.0170454545453231,0.03057395199224627,1.0292073367678514,50.0,0.9999999999800001,0.9801136363638091,0.0,0.9972975896334055,0
1243,1190.1027777777779,0.9583333333334849,0.9972222222220353,0.9777777777777601,0.9801136363638091,0.022914460801903715,0.7713667890032541,44.44444444444444,0.8888888888711112,1.0198863636361908,0.0,0.9950562340320654,0
1244,1191.1,0.9972222222220353,1.0472222222222172,0.9777777777777601,1.0198863636361908,0.0317122071827039,1.0675242868772183,52.77777777777778,1.0555555555344445,1.0710227272727415,0.0,0.9971762746432772,0
1245,1192.1472222222221,1.0472222222222172,1.058333333333394,0.9777777777777601,1.0710227272727415,0.033118174639962174,1.1148532034214071,55.55555555555556,1.111111111088889,1.0823863636364452,0.0,0.9969445256093086,0
1246,1193.2055555555555,1.058333333333394,0.9833333333333485,0.9777777777777601,1.0823863636364452,0.030268353188532597,1.0189200003132983,50.0,0.9999999999800001,1.0056818181818519,0.0,0.9996443041370873,0
1247,1194.1888888888889,0.9833333333333485,0.9694444444444343,0.9777777777777601,1.0056818181818519,0.02938661097690817,0.9892380163299416,47.22222222222222,0.9444444444255556,0.9914772727272804,0.0,0.9973558717719804,0
1248,1195.1583333333333,0.9694444444444343,1.0166666666666515,0.9777777777777601,0.9914772727272804,0.030482714676289803,1.0261360257710521,50.0,0.9999999999800001,1.0397727272727306,0.0,0.9970044365633717,0
1249,1196.175,1.0166666666666515,0.9972222222222626,0.9777777777777601,1.0397727272727306,0.030481758388296296,1.026103834361213,50.0,0.9999999999800001,1.0198863636364235,0.0,0.999321956551559,0
1250,1197.1722222222222,0.9972222222222626,1.033333333333303,0.9777777777777601,1.0198863636364235,0.030384555382778993,1.0228317010609558,50.0,0.9999999999800001,1.0568181818181699,0.0,0.9984931075297816,0
1251,1198.2055555555555,1.033333333333303,1.025000000000091,0.9777777777777601,1.0568181818181699,0.025650301208197338,0.8634630616440113,47.22222222222222,0.9444444444255556,1.0482954545455665,0.0,0.9981330803036216,0
1252,1199.2305555555556,1.025000000000091,0.9583333333332575,0.9777777777777601,1.0482954545455665,0.030152720463036697,1.015027469524965,50.0,0.9999999999800001,0.9801136363635766,0.0,0.9982543495133873,0
1253,1200.1888888888889,0.9583333333332575,0.9638888888889596,0.9777777777777601,0.9801136363635766,0.030325824627022824,1.0208546545628943,47.22222222222222,0.9444444444255556,0.9857954545455447,0.0,0.9968916433161634,0
1254,1201.1527777777778,0.9638888888889596,0.9472222222220807,0.9777777777777601,0.9857954545455447,0.03055181857247467,1.0284622620708521,50.0,0.9999999999800001,0.9687499999998729,0.0,0.9968415104861912,0
1255,1202.1,0.9472222222220807,0.9305555555556566,0.9777777777777601,0.9687499999998729,0.02397128460701179,0.8069425240002867,44.44444444444444,0.8888888888711112,0.951704545454666,0.0,0.9972774756991157,0
1256,1203.0305555555556,0.9305555555556566,1.0055555555554747,0.9777777777777601,0.951704545454666,0.030254113982187397,1.0184406675909878,47.22222222222222,0.9444444444255556,1.0284090909090269,0.0,0.9979426818805588,0
1257,1204.036111111111,1.0055555555554747,1.0027777777777374,0.9777777777777601,1.0284090909090269,0.0260665357828075,0.8774747169940906,50.0,0.9999999999800001,1.025568181818159,0.0,0.9978921807879055,0
1258,1205.0388888888888,1.0027777777777374,0.9694444444446617,0.9777777777777601,1.025568181818159,0.031563271208565676,1.0625106727611695,52.77777777777778,1.0555555555344445,0.9914772727275128,0.0,0.9981152181371802,0
1259,1206.0083333333334,0.9694444444446617,0.9305555555554292,0.9777777777777601,0.9914772727275128,0.023220272013382653,0.7816612757153353,44.44444444444444,0.8888888888711112,0.9517045454544335,0.0,0.9958025628382783,0
1260,1206.9388888888889,0.9305555555554292,0.9777777777778738,0.9777777777777601,0.9517045454544335,0.028820053823723366,0.9701660697623541,44.44444444444444,0.8888888888711112,1.0000000000001164,0.0,0.9966708792382011,0
1261,1207.9166666666667,0.9777777777778738,1.0194444444443889,0.9777777777777601,1.0000000000001164,0.030685681705404165,1.0329684809125872,50.0,0.9999999999800001,1.0426136363635983,0.0,0.9974419782707418,0
1262,1208.9361111111111,1.0194444444443889,1.0194444444443889,0.9777777777777601,1.0426136363635983,0.02478612090986397,0.8343722622746497,47.22222222222222,0.9444444444255556,1.0426136363635983,0.0,0.9975878086818046,0
1263,1209.9555555555555,1.0194444444443889,1.0361111111110404,0.9777777777777601,1.0426136363635983,0.03027709431567172,1.0192142518443235,50.0,0.9999999999800001,1.0596590909090378,0.0,0.9996141168007768,0
1264,1210.9916666666666,1.0361111111110404,1.038888888889005,0.9777777777777601,1.0596590909090378,0.031809286125232296,1.0707922438597253,55.55555555555556,1.111111111088889,1.0625000000001381,0.0,0.9986836317399537,0
1265,1212.0305555555556,1.038888888889005,0.9555555555555202,0.9777777777777601,1.0625000000001381,0.028840387130352075,0.9708505474631212,47.22222222222222,0.9444444444255556,0.9772727272727088,0.0,0.9985482827001779,0
1266,1212.986111111111,0.9555555555555202,0.9527777777777828,0.9777777777777601,0.9772727272727088,0.028894161235279773,0.972660738809459,47.22222222222222,0.9444444444255556,0.974431818181841,0.0,0.9961635950792248,0
1267,1213.9388888888889,0.9527777777777828,1.0166666666666515,0.9777777777777601,0.974431818181841,0.02473165135866416,0.8325386602025487,47.22222222222222,0.9444444444255556,1.0397727272727306,0.0,0.9983977403240629,0
1268,1214.9555555555555,1.0166666666666515,1.0638888888888687,0.9777777777777601,1.0397727272727306,0.031914568932783514,1.074336366582058,55.55555555555556,1.111111111088889,1.0880681818181808,0.0,0.9987921674500022,0
1269,1216.0194444444444,1.0638888888888687,1.0166666666666515,0.9777777777777601,1.0880681818181808,0.026439123726760903,0.8900171009687021,50.0,0.9999999999800001,1.0397727272727306,0.0,0.9985487577726249,0
1270,1217.036111111111,1.0166666666666515,0.966666666666697,0.9777777777777601,1.0397727272727306,0.02990265610015241,1.0066095823964067,50.0,0.9999999999800001,0.9886363636364125,0.0,0.996588532921737,0
1271,1218.0027777777777,0.966666666666697,0.9638888888889596,0.9777777777777601,0.9886363636364125,0.029782261742737057,1.0025567613548627,50.0,0.9999999999800001,0.9857954545455447,0.0,0.9992559604099993,0
1272,1218.9666666666667,0.9638888888889596,0.9611111111109949,0.9777777777777601,0.9857954545455447,0.030275694000127307,1.0191671131874542,50.0,0.9999999999800001,0.9829545454544444,0.0,0.9971489238953347,0
1273,1219.9277777777777,0.9611111111109949,0.9750000000001364,0.9777777777777601,0.9829545454544444,0.03028777671823328,1.0195738523007334,50.0,0.9999999999800001,0.9971590909092485,0.0,0.9987998080355738,0
1274,1220.9027777777778,0.9750000000001364,0.974999999999909,0.9777777777777601,0.9971590909092485,0.029795165985710057,1.0029911553627626,47.22222222222222,0.9444444444255556,0.9971590909090159,0.0,0.9985870321506272,0
1275,1221.8777777777777,0.974999999999909,0.9888888888888232,0.9777777777777601,0.9971590909090159,0.030686993466536576,1.033012638572739,52.77777777777778,1.0555555555344445,1.0113636363635874,0.0,0.9983342902597792,0
1276,1222.8666666666666,0.9888888888888232,0.9750000000001364,0.9777777777777601,1.0113636363635874,0.024732667746635704,0.8325728747508538,47.22222222222222,0.9444444444255556,0.9971590909092485,0.0,0.9976831350009324,0
1277,1223.8416666666667,0.9750000000001364,0.9472222222220807,0.9777777777777601,0.9971590909092485,0.031062535649155325,1.0456544707348046,50.0,0.9999999999800001,0.9687499999998729,0.0,0.9987820567634358,0
1278,1224.7888888888888,0.9472222222220807,0.9138888888890051,0.9777777777777601,0.9687499999998729,0.03026158400705238,1.0186921301562077,50.0,0.9999999999800001,0.9346590909092267,0.0,0.9971900451495752,0
1279,1225.7027777777778,0.9138888888890051,0.9722222222221717,0.9777777777777601,0.9346590909092267,0.029962376635056992,1.0086199477131015,50.0,0.9999999999800001,0.9943181818181481,0.0,0.9964477559086531,0
1280,1226.675,0.9722222222221717,0.9722222222221717,0.9777777777777601,0.9943181818181481,0.03319593722664804,1.1174709161974146,55.55555555555556,1.111111111088889,0.9943181818181481,0.0,0.9975126164790277,0
1281,1227.6472222222221,0.9722222222221717,0.9916666666667879,0.9777777777777601,0.9943181818181481,0.027413846677977412,0.9228290846128989,52.77777777777778,1.0555555555344445,1.0142045454546877,0.0,0.9983441880142858,0
1282,1228.638888888889,0.9916666666667879,0.9444444444443434,0.9777777777777601,1.0142045454546877,0.03181087839532885,1.0708458442600235,52.77777777777778,1.0555555555344445,0.965909090909005,0.0,0.9988593415388717,0
1283,1229.5833333333333,0.9444444444443434,0.8805555555557021,0.9777777777777601,0.965909090909005,0.03036972822832672,1.0223325763109223,47.22222222222222,0.9444444444255556,0.900568181818348,0.0,0.9969849164422694,0
1284,1230.463888888889,0.8805555555557021,0.8916666666666515,0.9777777777777601,0.900568181818348,0.030713404608815352,1.0339017137375273,47.22222222222222,0.9444444444255556,0.9119318181818191,0.0,0.9988733991144194,0
1285,1231.3555555555556,0.8916666666666515,0.8833333333332121,0.9777777777777601,0.9119318181818191,0.032578624971528976,1.0966904066248746,55.55555555555556,1.111111111088889,0.9034090909089832,0.0,0.9973255286656291,0
1286,1232.2388888888888,0.8833333333332121,0.9249999999999545,0.9777777777777601,0.9034090909089832,0.030489663299075577,1.026369936439629,50.0,0.9999999999800001,0.9460227272726979,0.0,0.997568014333895,0
1287,1233.1638888888888,0.9249999999999545,0.9972222222222626,0.9777777777777601,0.9460227272726979,0.03175846635992509,1.0690815040992827,52.77777777777778,1.0555555555344445,1.0198863636364235,0.0,0.9976024984648472,0
1288,1234.161111111111,0.9972222222222626,0.966666666666697,0.9777777777777601,1.0198863636364235,0.027314013637338517,0.9194684167508099,50.0,0.9999999999800001,0.9886363636364125,0.0,0.998161083816159,0
1289,1235.1277777777777,0.966666666666697,0.9111111111110404,0.9777777777777601,0.9886363636364125,0.026027688511554393,0.8761670058876805,50.0,0.9999999999800001,0.9318181818181264,0.0,0.9985938798425091,0
1290,1236.0388888888888,0.9111111111110404,0.9194444444444798,0.9777777777777601,0.9318181818181264,0.030534802702089546,1.0278894588347411,52.77777777777778,1.0555555555344445,0.9403409090909622,0.0,0.9966186003003716,0
1291,1236.9583333333333,0.9194444444444798,0.9361111111111313,0.9777777777777601,0.9403409090909622,0.030914757695477992,1.0406798389248304,50.0,0.9999999999800001,0.9573863636364016,0.0,0.9970486251974175,0
1292,1237.8944444444444,0.9361111111111313,0.9833333333333485,0.9777777777777601,0.9573863636364016,0.03120394906466546,1.0504148538477676,52.77777777777778,1.0555555555344445,1.0056818181818519,0.0,0.998918326170357,0
1293,1238.8777777777777,0.9833333333333485,0.9805555555556111,0.9777777777777601,1.0056818181818519,0.02616575876305855,0.8808148484653591,47.22222222222222,0.9444444444255556,1.002840909090984,0.0,0.9983184629620818,0
1294,1239.8583333333333,0.9805555555556111,1.0111111111111768,0.9777777777777601,1.002840909090984,0.025774001920772192,0.8676271841289861,50.0,0.9999999999800001,1.0340909090909949,0.0,0.9985722715474372,0
1295,1240.8694444444445,1.0111111111111768,1.0027777777777374,0.9777777777777601,1.0340909090909949,0.03194198768169101,1.0752593606898444,52.77777777777778,1.0555555555344445,1.025568181818159,0.0,0.9987460008928433,0
1296,1241.8722222222223,1.0027777777777374,0.9555555555555202,0.9777777777777601,1.025568181818159,0.025423676911907736,0.8558342347102128,47.22222222222222,0.9444444444255556,0.9772727272727088,0.0,0.9985989949720204,0
1297,1242.8277777777778,0.9555555555555202,0.941666666666606,0.9777777777777601,0.9772727272727088,0.024443855397063893,0.8228506187204965,47.22222222222222,0.9444444444255556,0.9630681818181372,0.0,0.9978005413499669,0
1298,1243.7694444444444,0.941666666666606,0.9833333333333485,0.9777777777777601,0.9630681818181372,0.02536091617487845,0.8537215274282794,50.0,0.9999999999800001,1.0056818181818519,0.0,0.9985878678271145,0
1299,1244.7527777777777,0.9833333333333485,0.9750000000001364,0.9777777777777601,1.0056818181818519,0.02605644806859052,0.8771351354612236,50.0,0.9999999999800001,0.9971590909092485,0.0,0.9985005906312531,0
1300,1245.7277777777779,0.9750000000001364,1.0111111111109494,0.9777777777777601,0.9971590909092485,0.026862176090281128,0.9042582627420449,50.0,0.9999999999800001,1.0340909090907624,0.0,0.9972751227376528,0
1301,1246.7388888888888,1.0111111111109494,0.9833333333333485,0.9777777777777601,1.0340909090907624,0.0320527964809435,1.0789895042184934,55.55555555555556,1.111111111088889,1.0056818181818519,0.0,0.9988574651218068,0
1302,1247.7222222222222,0.9833333333333485,0.9305555555556566,0.9777777777777601,1.0056818181818519,0.030301361492889842,1.0200311549663625,52.77777777777778,1.0555555555344445,0.951704545454666,0.0,0.9992027528191213,0
1303,1248.6527777777778,0.9305555555556566,0.966666666666697,0.9777777777777601,0.951704545454666,0.030400245373072652,1.0233598713520633,50.0,0.9999999999800001,0.9886363636364125,0.0,0.9981199132035421,0
1304,1249.6194444444445,0.966666666666697,0.9694444444444343,0.9777777777777601,0.9886363636364125,0.025670780577916184,0.8641524562493396,47.22222222222222,0.9444444444255556,0.9914772727272804,0.0,0.9986485567629648,0
1305,1250.588888888889,0.9694444444444343,0.9527777777777828,0.9777777777777601,0.9914772727272804,0.025058143831217156,0.843529337764816,47.22222222222222,0.9444444444255556,0.974431818181841,0.0,0.9986230822187689,0
1306,1251.5416666666667,0.9527777777777828,0.9805555555553838,0.9777777777777601,0.974431818181841,0.03000644302899786,1.0101033495304506,47.22222222222222,0.9444444444255556,1.0028409090907515,0.0,0.9975588679915502,0
1307,1252.5222222222221,0.9805555555553838,0.9583333333334849,0.9777777777777601,1.0028409090907515,0.03316034122792918,1.1162726522945234,55.55555555555556,1.111111111088889,0.9801136363638091,0.0,0.9974827505413504,0
1308,1253.4805555555556,0.9583333333334849,0.9583333333332575,0.9777777777777601,0.9801136363638091,0.031411322581173934,1.0573956440542804,50.0,0.9999999999800001,0.9801136363635766,0.0,0.9994211213881128,0
1309,1254.4388888888889,0.9583333333332575,0.9472222222223081,0.9777777777777601,0.9801136363635766,0.03224826396014568,1.0855695028966301,52.77777777777778,1.0555555555344445,0.9687500000001054,0.0,0.999251942934115,0
1310,1255.3861111111112,0.9472222222223081,0.9527777777777828,0.9777777777777601,0.9687500000001054,0.026195012691364438,0.8817996200005972,47.22222222222222,0.9444444444255556,0.974431818181841,0.0,0.9977063576027498,0
1311,1256.338888888889,0.9527777777777828,1.0027777777777374,0.9777777777777601,0.974431818181841,0.02513514932289206,0.8461215645408418,47.22222222222222,0.9444444444255556,1.025568181818159,0.0,0.998246777578728,0
1312,1257.3416666666667,1.0027777777777374,0.9888888888888232,0.9777777777777601,1.025568181818159,0.026032960337361164,0.8763444707374934,47.22222222222222,0.9444444444255556,1.0113636363635874,0.0,0.9965712258704132,0
1313,1258.3305555555555,0.9888888888888232,0.9805555555556111,0.9777777777777601,1.0113636363635874,0.02558173049960488,0.8611547739751936,50.0,0.9999999999800001,1.002840909090984,0.0,0.9986453472641793,0
1314,1259.3111111111111,0.9805555555556111,0.9500000000000455,0.9777777777777601,1.002840909090984,0.0320444836242207,1.078709669503937,55.55555555555556,1.111111111088889,0.9715909090909731,0.0,0.9983920040329175,0
1315,1260.2611111111112,0.9500000000000455,0.9305555555554292,0.9777777777777601,0.9715909090909731,0.025206067563348197,0.8485088768976687,47.22222222222222,0.9444444444255556,0.9517045454544335,0.0,0.9987487911788119,0
1316,1261.1916666666666,0.9305555555554292,0.966666666666697,0.9777777777777601,0.9517045454544335,0.0254188426194679,0.8556714984944819,47.22222222222222,0.9444444444255556,0.9886363636364125,0.0,0.9986747319338118,0
1317,1262.1583333333333,0.966666666666697,0.9472222222223081,0.9777777777777601,0.9886363636364125,0.025761218449960797,0.8671968556601056,50.0,0.9999999999800001,0.9687500000001054,0.0,0.9988143573282252,0
1318,1263.1055555555556,0.9472222222223081,1.0166666666666515,0.9777777777777601,0.9687500000001054,0.031120132599156785,1.047593350063587,50.0,0.9999999999800001,1.0397727272727306,0.0,0.9994171789023969,0
1319,1264.1222222222223,1.0166666666666515,1.0194444444443889,0.9777777777777601,1.0397727272727306,0.03276007938773561,1.102798685217585,55.55555555555556,1.111111111088889,1.0426136363635983,0.0,0.9978155165483797,0
1320,1265.1416666666667,1.0194444444443889,0.9722222222221717,0.9777777777777601,1.0426136363635983,0.031064180343593352,1.0457098358895214,50.0,0.9999999999800001,0.9943181818181481,0.0,0.9996972249434467,0
1321,1266.1138888888888,0.9722222222221717,0.9194444444444798,0.9777777777777601,0.9943181818181481,0.025459713833113927,0.8570473413347455,50.0,0.9999999999800001,0.9403409090909622,0.0,0.9986159616948009,0
1322,1267.0333333333333,0.9194444444444798,0.9361111111111313,0.9777777777777601,0.9403409090909622,0.03145471493425231,1.0588563557136437,50.0,0.9999999999800001,0.9573863636364016,0.0,0.9973172496904534,0
1323,1267.9694444444444,0.9361111111111313,0.9638888888889596,0.9777777777777601,0.9573863636364016,0.025553760158826246,0.8602132116953625,50.0,0.9999999999800001,0.9857954545455447,0.0,0.9983697191544822,0
1324,1268.9333333333334,0.9638888888889596,0.9972222222222626,0.9777777777777601,0.9857954545455447,0.03127102912574601,1.0526729620253577,52.77777777777778,1.0555555555344445,1.0198863636364235,0.0,0.9989985372354855,0
1325,1269.9305555555557,0.9972222222222626,0.9527777777777828,0.9777777777777601,1.0198863636364235,0.026357312174725082,0.8872630883500853,50.0,0.9999999999800001,0.974431818181841,0.0,0.9985936149205024,0
1326,1270.8833333333334,0.9527777777777828,0.9527777777777828,0.9777777777777601,0.974431818181841,0.030959811448473252,1.0421964780934732,52.77777777777778,1.0555555555344445,0.974431818181841,0.0,0.9986861769636425,0
1327,1271.8361111111112,0.9527777777777828,0.9694444444444343,0.9777777777777601,0.974431818181841,0.03147789323077318,1.0596366039733096,52.77777777777778,1.0555555555344445,0.9914772727272804,0.0,0.9994426060855204,0
1328,1272.8055555555557,0.9694444444444343,0.9305555555554292,0.9777777777777601,0.9914772727272804,0.025999002864302703,0.8752013643304863,47.22222222222222,0.9444444444255556,0.9517045454544335,0.0,0.9980292152861682,0
1329,1273.736111111111,0.9305555555554292,0.9500000000000455,0.9777777777777601,0.9517045454544335,0.02370535823426,0.7979906759060129,44.44444444444444,0.8888888888711112,0.9715909090909731,0.0,0.9976316416538809,0
1330,1274.6861111111111,0.9500000000000455,1.0111111111111768,0.9777777777777601,0.9715909090909731,0.027183703543068757,0.9150818034300537,52.77777777777778,1.0555555555344445,1.0340909090909949,0.0,0.9981395195592204,0
1331,1275.6972222222223,1.0111111111111768,0.9722222222221717,0.9777777777777601,1.0340909090909949,0.031183359311885085,1.0497217434304693,50.0,0.9999999999800001,0.9943181818181481,0.0,0.9985168266404224,0
1332,1276.6694444444445,0.9722222222221717,0.9972222222222626,0.9777777777777601,0.9943181818181481,0.03135251646199054,1.0554160606060647,52.77777777777778,1.0555555555344445,1.0198863636364235,0.0,0.9982130073230471,0
1333,1277.6666666666667,0.9972222222222626,0.9583333333332575,0.9777777777777601,1.0198863636364235,0.03111785803175407,1.047516781569614,50.0,0.9999999999800001,0.9801136363635766,0.0,0.9994748020279647,0
1334,1278.625,0.9583333333332575,0.8972222222221262,0.9777777777777601,0.9801136363635766,0.03045697575133392,1.0252695793786515,50.0,0.9999999999800001,0.9176136363635548,0.0,0.9992058766736921,0
1335,1279.5222222222221,0.8972222222221262,0.9722222222223991,0.9777777777777601,0.9176136363635548,0.030287272135579888,1.0195568665944363,50.0,0.9999999999800001,0.9943181818183807,0.0,0.9991103005917414,0
1336,1280.4944444444445,0.9722222222223991,0.9777777777776464,0.9777777777777601,0.9943181818183807,0.03151153661504761,1.060769137246657,52.77777777777778,1.0555555555344445,0.9999999999998838,0.0,0.9986689158239224,0
1337,1281.4722222222222,0.9777777777776464,0.9527777777777828,0.9777777777777601,0.9999999999998838,0.03288290294744763,1.106933280209283,55.55555555555556,1.111111111088889,0.974431818181841,0.0,0.9965345621186086,0
1338,1282.425,0.9527777777777828,0.9611111111112223,0.9777777777777601,0.974431818181841,0.03082477419598598,1.0376507350036652,50.0,0.9999999999800001,0.9829545454546769,0.0,0.9993693349142969,0
1339,1283.3861111111112,0.9611111111112223,0.9361111111111313,0.9777777777777601,0.9829545454546769,0.026080067652603633,0.8779302387296484,50.0,0.9999999999800001,0.9573863636364016,0.0,0.9984362535829463,0
1340,1284.3222222222223,0.9361111111111313,0.9305555555554292,0.9777777777777601,0.9573863636364016,0.02555721857730406,0.8603296320283269,50.0,0.9999999999800001,0.9517045454544335,0.0,0.9986207092335253,0
1341,1285.2527777777777,0.9305555555554292,0.9222222222222172,0.9777777777777601,0.9517045454544335,0.030672626138703175,1.0325289929118955,52.77777777777778,1.0555555555344445,0.9431818181818301,0.0,0.9978157672760517,0
1342,1286.175,0.9222222222222172,0.9888888888888232,0.9777777777777601,0.9431818181818301,0.030361245877355454,1.0220470359314882,52.77777777777778,1.0555555555344445,1.0113636363635874,0.0,0.9991764039703533,0
1343,1287.1638888888888,0.9888888888888232,1.0555555555556566,0.9777777777777601,1.0113636363635874,0.02809850395260848,0.9458766216274295,52.77777777777778,1.0555555555344445,1.0795454545455774,0.0,0.9977861190723123,0
1344,1288.2194444444444,1.0555555555556566,0.9888888888888232,0.9777777777777601,1.0795454545455774,0.02425491639653172,0.8164903874491641,47.22222222222222,0.9444444444255556,1.0113636363635874,0.0,0.9979735395606036,0
1345,1289.2083333333333,0.9888888888888232,0.9750000000001364,0.9777777777777601,1.0113636363635874,0.031358148747402746,1.0556056595650245,50.0,0.9999999999800001,0.9971590909092485,0.0,0.9987108072124756,0
1346,1290.1833333333334,0.9750000000001364,0.9277777777776919,0.9777777777777601,0.9971590909092485,0.024033988491933198,0.8090533174764236,44.44444444444444,0.8888888888711112,0.9488636363635656,0.0,0.9977277709672963,0
1347,1291.111111111111,0.9277777777776919,0.9611111111112223,0.9777777777777601,0.9488636363635656,0.023603203956648174,0.794551868517718,44.44444444444444,0.8888888888711112,0.9829545454546769,0.0,0.9960255843510576,0
1348,1292.0722222222223,0.9611111111112223,0.9861111111110858,0.9777777777777601,0.9829545454546769,0.03222767268613132,1.084876341270212,52.77777777777778,1.0555555555344445,1.0085227272727197,0.0,0.9986139772962734,0
1349,1293.0583333333334,0.9861111111110858,1.0111111111109494,0.9777777777777601,1.0085227272727197,0.025715197237045247,0.8656476490023713,50.0,0.9999999999800001,1.0340909090907624,0.0,0.9987410393300055,0
1350,1294.0694444444443,1.0111111111109494,0.9833333333333485,0.9777777777777601,1.0340909090907624,0.03143561202789554,1.0582132968319866,52.77777777777778,1.0555555555344445,1.0056818181818519,0.0,0.9983173261273101,0
1351,1295.0527777777777,0.9833333333333485,0.9361111111111313,0.9777777777777601,1.0056818181818519,0.026835011498505635,0.9033438242957907,50.0,0.9999999999800001,0.9573863636364016,0.0,0.997321914560002,0
1352,1295.9888888888888,0.9361111111111313,0.8972222222223536,0.9777777777777601,0.9573863636364016,0.029078434039810114,0.9788638924756096,47.22222222222222,0.9444444444255556,0.9176136363637873,0.0,0.9989640243450191,0
1353,1296.8861111111112,0.8972222222223536,0.9111111111110404,0.9777777777777601,0.9176136363637873,0.029606124252384396,0.9966274658095303,47.22222222222222,0.9444444444255556,0.9318181818181264,0.0,0.9970131916801984,0
1354,1297.7972222222222,0.9111111111110404,0.9638888888889596,0.9777777777777601,0.9318181818181264,0.030791410209701397,1.0365276070718683,50.0,0.9999999999800001,0.9857954545455447,0.0,0.9993082165700573,0
1355,1298.7611111111112,0.9638888888889596,0.9722222222221717,0.9777777777777601,0.9857954545455447,0.024323309676714304,0.8187927023663651,44.44444444444444,0.8888888888711112,0.9943181818181481,0.0,0.9962417450677616,0
1356,1299.7333333333333,0.9722222222221717,1.0,0.9777777777777601,0.9943181818181481,0.027196885463866807,0.9155255448737993,52.77777777777778,1.0555555555344445,1.0227272727272911,0.0,0.9981948589558545,0
1357,1300.7333333333333,1.0,0.9583333333332575,0.9777777777777601,1.0227272727272911,0.031108588132701027,1.0472047300520704,52.77777777777778,1.0555555555344445,0.9801136363635766,0.0,0.9990916658256233,0
1358,1301.6916666666666,0.9583333333332575,0.8972222222223536,0.9777777777777601,0.9801136363635766,0.028503439750170202,0.9595079275795079,47.22222222222222,0.9444444444255556,0.9176136363637873,0.0,0.9958253749906252,0
1359,1302.588888888889,0.8972222222223536,0.941666666666606,0.9777777777777601,0.9176136363637873,0.03098274576503087,1.0429685132844373,50.0,0.9999999999800001,0.9630681818181372,0.0,0.9991526455816364,0
1360,1303.5305555555556,0.941666666666606,0.9500000000000455,0.9777777777777601,0.9630681818181372,0.02998283347581929,1.0093085839288247,50.0,0.9999999999800001,0.9715909090909731,0.0,0.9988130215408069,0
1361,1304.4805555555556,0.9500000000000455,0.9694444444444343,0.9777777777777601,0.9715909090909731,0.02527964319566693,0.8509856447230706,50.0,0.9999999999800001,0.9914772727272804,0.0,0.9978150206441887,0
1362,1305.45,0.9694444444444343,1.0138888888889142,0.9777777777777601,0.9914772727272804,0.03109720906146217,1.0468216777202157,55.55555555555556,1.111111111088889,1.0369318181818628,0.0,0.9981747598015376,0
1363,1306.463888888889,1.0138888888889142,0.9805555555553838,0.9777777777777601,1.0369318181818628,0.030320031999588118,1.020659658029359,50.0,0.9999999999800001,1.0028409090907515,0.0,0.9973776287906322,0
1364,1307.4444444444443,0.9805555555553838,0.9750000000001364,0.9777777777777601,1.0028409090907515,0.02955442200206723,0.9948870190603717,50.0,0.9999999999800001,0.9971590909092485,0.0,0.9990032960542912,0
1365,1308.4194444444445,0.9750000000001364,0.9444444444443434,0.9777777777777601,0.9971590909092485,0.030942835626281334,1.0416250229949626,52.77777777777778,1.0555555555344445,0.965909090909005,0.0,0.9966183781822697,0
1366,1309.3638888888888,0.9444444444443434,0.9500000000000455,0.9777777777777601,0.965909090909005,0.02301189410651349,0.7746466748346752,41.666666666666664,0.8333333333166667,0.9715909090909731,0.0,0.9937999118385024,0
1367,1310.3138888888889,0.9500000000000455,1.0083333333334394,0.9777777777777601,0.9715909090909731,0.025419465805963465,0.855692476747917,47.22222222222222,0.9444444444255556,1.0312500000001272,0.0,0.9971817530371441,0
1368,1311.3222222222223,1.0083333333334394,1.0027777777777374,0.9777777777777601,1.0312500000001272,0.02591548181939841,0.8723898052552377,50.0,0.9999999999800001,1.025568181818159,0.0,0.9985435625746271,0
1369,1312.325,1.0027777777777374,1.0027777777777374,0.9777777777777601,1.025568181818159,0.03092736685092613,1.0411042994362147,55.55555555555556,1.111111111088889,1.025568181818159,0.0,0.99675227081336,0
1370,1313.3277777777778,1.0027777777777374,0.9722222222221717,0.9777777777777601,1.025568181818159,0.0303379225172575,1.021261904413751,47.22222222222222,0.9444444444255556,0.9943181818181481,0.0,0.9985777759313481,0
1371,1314.3,0.9722222222221717,0.9833333333333485,0.9777777777777601,0.9943181818181481,0.030975430227708524,1.0427222512151284,52.77777777777778,1.0555555555344445,1.0056818181818519,0.0,0.9970054601769813,0
1372,1315.2833333333333,0.9833333333333485,0.9805555555556111,0.9777777777777601,1.0056818181818519,0.02413640119314067,0.8125008241477127,44.44444444444444,0.8888888888711112,1.002840909090984,0.0,0.9979395523668109,0
1373,1316.263888888889,0.9805555555556111,0.9444444444443434,0.9777777777777601,1.002840909090984,0.030157426707416325,1.015185895273961,47.22222222222222,0.9444444444255556,0.965909090909005,0.0,0.9962472567615043,0
1374,1317.2083333333333,0.9444444444443434,1.0027777777779647,0.9777777777777601,0.965909090909005,0.028859480470764327,0.9714932843275174,44.44444444444444,0.8888888888711112,1.0255681818183915,0.0,0.9959307467773435,0
1375,1318.2111111111112,1.0027777777779647,1.0027777777777374,0.9777777777777601,1.0255681818183915,0.026060023143739227,0.8772554827939294,52.77777777777778,1.0555555555344445,1.025568181818159,0.0,0.9979255661088309,0
1376,1319.213888888889,1.0027777777777374,0.9583333333332575,0.9777777777777601,1.025568181818159,0.03110351943085176,1.0470341029400607,52.77777777777778,1.0555555555344445,0.9801136363635766,0.0,0.9984918093769504,0
1377,1320.1722222222222,0.9583333333332575,0.9111111111110404,0.9777777777777601,0.9801136363635766,0.0296930718004637,0.9995543708566728,47.22222222222222,0.9444444444255556,0.9318181818181264,0.0,0.9976400418043905,0
1378,1321.0833333333333,0.9111111111110404,0.9416666666668334,0.9777777777777601,0.9318181818181264,0.0294262758636324,0.9905732507294395,47.22222222222222,0.9444444444255556,0.9630681818183697,0.0,0.998390393351922,0
1379,1322.025,0.9416666666668334,1.008333333333212,0.9777777777777601,0.9630681818183697,0.025619006066462637,0.8624095769820771,52.77777777777778,1.0555555555344445,1.0312499999998945,0.0,0.9981313961948651,0
1380,1323.0333333333333,1.008333333333212,1.0,0.9777777777777601,1.0312499999998945,0.025485758469548658,0.8579240788565704,50.0,0.9999999999800001,1.0227272727272911,0.0,0.998455796280951,0
1381,1324.0333333333333,1.0,1.0222222222223536,0.9777777777777601,1.0227272727272911,0.02653046518545246,0.8930919177100991,50.0,0.9999999999800001,1.0454545454546986,0.0,0.9986943450858738,0
1382,1325.0555555555557,1.0222222222223536,0.9694444444444343,0.9777777777777601,1.0454545454546986,0.031390980571419126,1.056710873381207,55.55555555555556,1.111111111088889,0.9914772727272804,0.0,0.9973437181399509,0
1383,1326.025,0.9694444444444343,0.9555555555555202,0.9777777777777601,0.9914772727272804,0.0314836235118874,1.0598295017500183,52.77777777777778,1.0555555555344445,0.9772727272727088,0.0,0.9979094472939789,0
1384,1326.9805555555556,0.9555555555555202,0.908333333333303,0.9777777777777601,0.9772727272727088,0.031119735157952945,1.0475799710472586,52.77777777777778,1.0555555555344445,0.9289772727272585,0.0,0.9994587033155529,0
1385,1327.888888888889,0.908333333333303,0.9611111111109949,0.9777777777777601,0.9289772727272585,0.02950110921067244,0.9930923568570358,47.22222222222222,0.9444444444255556,0.9829545454544444,0.0,0.9951987168124197,0
1386,1328.85,0.9611111111109949,1.0027777777779647,0.9777777777777601,0.9829545454544444,0.030886975008933178,1.0397445936273204,52.77777777777778,1.0555555555344445,1.0255681818183915,0.0,0.9984373219164557,0
1387,1329.8527777777779,1.0027777777779647,1.0222222222221262,0.9777777777777601,1.0255681818183915,0.02766050815832863,0.9311324209084446,52.77777777777778,1.0555555555344445,1.0454545454544661,0.0,0.9973269732815497,0
1388,1330.875,1.0222222222221262,0.9638888888889596,0.9777777777777601,1.0454545454544661,0.030601890606768347,1.0301478310504533,52.77777777777778,1.0555555555344445,0.9857954545455447,0.0,0.9987610933611895,0
1389,1331.838888888889,0.9638888888889596,0.9583333333332575,0.9777777777777601,0.9857954545455447,0.030864656596285983,1.0389932915369877,52.77777777777778,1.0555555555344445,0.9801136363635766,0.0,0.9980818172950727,0
1390,1332.7972222222222,0.9583333333332575,0.9833333333333485,0.9777777777777601,0.9801136363635766,0.032244250298237506,1.085434391469614,55.55555555555556,1.111111111088889,1.0056818181818519,0.0,0.9987040888392418,0
1391,1333.7805555555556,0.9833333333333485,0.9916666666665606,0.9777777777777601,1.0056818181818519,0.033539854256928646,1.1290481545895588,55.55555555555556,1.111111111088889,1.0142045454544553,0.0,0.9976711001332339,0
1392,1334.7722222222221,0.9916666666665606,0.9861111111113132,0.9777777777777601,1.0142045454544553,0.030939031512703608,1.0414969655686577,52.77777777777778,1.0555555555344445,1.0085227272729522,0.0,0.9983409731193902,0
1393,1335.7583333333334,0.9861111111113132,1.0472222222222172,0.9777777777777601,1.0085227272729522,0.03261447298966446,1.0978971542276375,58.333333333333336,1.1666666666433334,1.0710227272727415,0.0,0.9957329794500709,0
1394,1336.8055555555557,1.0472222222222172,1.0055555555554747,0.9777777777777601,1.0710227272727415,0.03364117302280591,1.1324588362449626,58.333333333333336,1.1666666666433334,1.0284090909090269,0.0,0.997462672917186,0
1395,1337.8111111111111,1.0055555555554747,0.9305555555554292,0.9777777777777601,1.0284090909090269,0.02476334907067924,0.8336056965403094,47.22222222222222,0.9444444444255556,0.9517045454544335,0.0,0.9978009673596667,0
1396,1338.7416666666666,0.9305555555554292,0.938888888889096,0.9777777777777601,0.9517045454544335,0.02418878618313739,0.8142642538821092,44.44444444444444,0.8888888888711112,0.960227272727502,0.0,0.9957030109793077,0
1397,1339.6805555555557,0.938888888889096,0.9499999999998181,0.9777777777777601,0.960227272727502,0.030981096865784066,1.0429130065837389,52.77777777777778,1.0555555555344445,0.9715909090907406,0.0,0.9971252893289939,0
1398,1340.6305555555555,0.9499999999998181,1.0277777777778283,0.9777777777777601,0.9715909090907406,0.026537775173580372,0.8933379929775307,50.0,0.9999999999800001,1.0511363636364344,0.0,0.9987735618383332,0
1399,1341.6583333333333,1.0277777777778283,0.9583333333332575,0.9777777777777601,1.0511363636364344,0.025301096078387385,0.8517078105816521,50.0,0.9999999999800001,0.9801136363635766,0.0,0.9981503241468611,0
1400,1342.6166666666666,0.9583333333332575,0.9638888888889596,0.9777777777777601,0.9801136363635766,0.0266266549003323,0.8963299407272428,52.77777777777778,1.0555555555344445,0.9857954545455447,0.0,0.9982401085235311,0
1401,1343.5805555555555,0.9638888888889596,0.9500000000000455,0.9777777777777601,0.9857954545455447,0.031330620415167806,1.054678976566622,52.77777777777778,1.0555555555344445,0.9715909090909731,0.0,0.9982096044099944,0
1402,1344.5305555555556,0.9500000000000455,0.9166666666667425,0.9777777777777601,0.9715909090909731,0.031542446381808864,1.0618096490763522,50.0,0.9999999999800001,0.9375000000000945,0.0,0.9988988020716616,0
1403,1345.4472222222223,0.9166666666667425,0.9499999999998181,0.9777777777777601,0.9375000000000945,0.030424195910528782,1.0241661154671726,47.22222222222222,0.9444444444255556,0.9715909090907406,0.0,0.9966653361491362,0
1404,1346.3972222222221,0.9499999999998181,0.9527777777777828,0.9777777777777601,0.9715909090907406,0.029915299372740574,1.0070351913890485,50.0,0.9999999999800001,0.974431818181841,0.0,0.9977245584438499,0
1405,1347.35,0.9527777777777828,1.0,0.9777777777777601,0.974431818181841,0.031016002788301102,1.0440880405329087,52.77777777777778,1.0555555555344445,1.0227272727272911,0.0,0.99848966018683,0
1406,1348.35,1.0,1.0111111111111768,0.9777777777777601,1.0227272727272911,0.031032237731263883,1.0446345555013872,50.0,0.9999999999800001,1.0340909090909949,0.0,0.9991130796352263,0
1407,1349.361111111111,1.0111111111111768,0.9833333333333485,0.9777777777777601,1.0340909090909949,0.030615847049737233,1.0306176451426061,52.77777777777778,1.0555555555344445,1.0056818181818519,0.0,0.9983332614173701,0
1408,1350.3444444444444,0.9833333333333485,0.974999999999909,0.9777777777777601,1.0056818181818519,0.03077589740801124,1.036005401459804,52.77777777777778,1.0555555555344445,0.9971590909090159,0.0,0.9969203000227196,0
1409,1351.3194444444443,0.974999999999909,1.0027777777779647,0.9777777777777601,0.9971590909090159,0.025129853181686097,0.8459432811646163,47.22222222222222,0.9444444444255556,1.0255681818183915,0.0,0.9983804566169926,0
1410,1352.3222222222223,1.0027777777779647,1.0472222222222172,0.9777777777777601,1.0255681818183915,0.025383725109938002,0.8544893419166749,47.22222222222222,0.9444444444255556,1.0710227272727415,0.0,0.9986210465915593,0
1411,1353.3694444444445,1.0472222222222172,1.0638888888888687,0.9777777777777601,1.0710227272727415,0.0317975086923212,1.0703957815259235,52.77777777777778,1.0555555555344445,1.0880681818181808,0.0,0.9989975246113922,0
1412,1354.4333333333334,1.0638888888888687,0.9944444444442979,0.9777777777777601,1.0880681818181808,0.02614236897187976,0.8800274806859897,50.0,0.9999999999800001,1.0170454545453231,0.0,0.9985749038114876,0
1413,1355.4277777777777,0.9944444444442979,0.9694444444444343,0.9777777777777601,1.0170454545453231,0.03151083153140403,1.0607454020991958,50.0,0.9999999999800001,0.9914772727272804,0.0,0.9953096029297512,0
1414,1356.3972222222221,0.9694444444444343,0.9750000000001364,0.9777777777777601,0.9914772727272804,0.030938040520690883,1.0414636059215165,55.55555555555556,1.111111111088889,0.9971590909092485,0.0,0.9974982039264192,0
1415,1357.3722222222223,0.9750000000001364,0.9722222222221717,0.9777777777777601,0.9971590909092485,0.030679678273218006,1.0327663880835887,52.77777777777778,1.0555555555344445,0.9943181818181481,0.0,0.9963213704561067,0
1416,1358.3444444444444,0.9722222222221717,0.9916666666667879,0.9777777777777601,0.9943181818181481,0.029485306264068572,0.9925603841309919,47.22222222222222,0.9444444444255556,1.0142045454546877,0.0,0.9956183876200323,0
1417,1359.3361111111112,0.9916666666667879,0.9916666666665606,0.9777777777777601,1.0142045454546877,0.031137109886286502,1.0481648544761257,50.0,0.9999999999800001,1.0142045454544553,0.0,0.9972041300473264,0
1418,1360.3277777777778,0.9916666666665606,1.0138888888889142,0.9777777777777601,1.0142045454544553,0.03085205549602965,1.0385691021865742,50.0,0.9999999999800001,1.0369318181818628,0.0,0.9975304854057527,0
1419,1361.3416666666667,1.0138888888889142,0.9694444444444343,0.9777777777777601,1.0369318181818628,0.03142081959261714,1.0577153408294044,50.0,0.9999999999800001,0.9914772727272804,0.0,0.9973098869201303,0
1420,1362.3111111111111,0.9694444444444343,0.9166666666667425,0.9777777777777601,0.9914772727272804,0.03017990739335243,1.0159426599508623,47.22222222222222,0.9444444444255556,0.9375000000000945,0.0,0.9964665865059239,0
1421,1363.2277777777779,0.9166666666667425,0.941666666666606,0.9777777777777601,0.9375000000000945,0.024480662093334198,0.8240896381921432,44.44444444444444,0.8888888888711112,0.9630681818181372,0.0,0.9956258048634916,0
1422,1364.1694444444445,0.941666666666606,0.9888888888888232,0.9777777777777601,0.9630681818181372,0.03233738767372099,1.088569663945976,55.55555555555556,1.111111111088889,1.0113636363635874,0.0,0.9971423722828012,0
1423,1365.1583333333333,0.9888888888888232,0.9916666666667879,0.9777777777777601,1.0113636363635874,0.030128429312803358,1.0142097594021446,52.77777777777778,1.0555555555344445,1.0142045454546877,0.0,0.998875671007722,0
1424,1366.15,0.9916666666667879,0.974999999999909,0.9777777777777601,1.0142045454546877,0.024605105010007115,0.8282787454060565,47.22222222222222,0.9444444444255556,0.9971590909090159,0.0,0.9982596856936771,0
1425,1367.125,0.974999999999909,0.9166666666667425,0.9777777777777601,0.9971590909090159,0.03118329991379582,1.0497197439196022,50.0,0.9999999999800001,0.9375000000000945,0.0,0.9979124201462592,0
1426,1368.0416666666667,0.9166666666667425,0.9027777777776009,0.9777777777777601,0.9375000000000945,0.0237411540720767,0.7991956669688641,44.44444444444444,0.8888888888711112,0.9232954545452904,0.0,0.9964065097877667,0
1427,1368.9444444444443,0.9027777777776009,0.9083333333335304,0.9777777777777601,0.9232954545452904,0.025327818224353434,0.8526073550268521,50.0,0.9999999999800001,0.9289772727274911,0.0,0.9986512072777542,0
1428,1369.8527777777779,0.9083333333335304,0.9249999999999545,0.9777777777777601,0.9289772727274911,0.030365976752064604,1.0222062908083591,50.0,0.9999999999800001,0.9460227272726979,0.0,0.9991416979590985,0
1429,1370.7777777777778,0.9249999999999545,0.9444444444443434,0.9777777777777601,0.9460227272726979,0.03141859476126903,1.0576404465943665,55.55555555555556,1.111111111088889,0.965909090909005,0.0,0.9967154281456665,0
1430,1371.7222222222222,0.9444444444443434,0.9805555555556111,0.9777777777777601,0.965909090909005,0.026971058289381015,0.907923551357185,52.77777777777778,1.0555555555344445,1.002840909090984,0.0,0.9976757709423171,0
1431,1372.7027777777778,0.9805555555556111,0.9388888888888687,0.9777777777777601,1.002840909090984,0.024993967117555943,0.8413689646286732,44.44444444444444,0.8888888888711112,0.9602272727272694,0.0,0.9984363341715958,0
1432,1373.6416666666667,0.9388888888888687,0.9111111111110404,0.9777777777777601,0.9602272727272694,0.03186632186855645,1.072712231354378,55.55555555555556,1.111111111088889,0.9318181818181264,0.0,0.9989191751109874,0
1433,1374.5527777777777,0.9111111111110404,0.9138888888890051,0.9777777777777601,0.9318181818181264,0.024571893184229057,0.8271607396354285,47.22222222222222,0.9444444444255556,0.9346590909092267,0.0,0.9953532383052776,0
1434,1375.4666666666667,0.9138888888890051,0.933333333333394,0.9777777777777601,0.9346590909092267,0.03066021090345948,1.0321110603134618,50.0,0.9999999999800001,0.9545454545455339,0.0,0.9992776956324604,0
1435,1376.4,0.933333333333394,0.9694444444444343,0.9777777777777601,0.9545454545455339,0.023843270817682456,0.8026332109216693,47.22222222222222,0.9444444444255556,0.9914772727272804,0.0,0.997662984427659,0
1436,1377.3694444444445,0.9694444444444343,1.0027777777777374,0.9777777777777601,0.9914772727272804,0.03203106396875024,1.0782579252259779,55.55555555555556,1.111111111088889,1.025568181818159,0.0,0.9989839042148312,0
1437,1378.3722222222223,1.0027777777777374,1.0027777777777374,0.9777777777777601,1.025568181818159,0.03240717422706248,1.090918880453054,52.77777777777778,1.0555555555344445,1.025568181818159,0.0,0.9972450205654695,0
1438,1379.375,1.0027777777777374,0.9694444444444343,0.9777777777777601,1.025568181818159,0.03214942078094382,1.0822421566232465,52.77777777777778,1.0555555555344445,0.9914772727272804,0.0,0.9991953985357183,0
1439,1380.3444444444444,0.9694444444444343,0.8861111111111768,0.9777777777777601,0.9914772727272804,0.030032402721595547,1.0109772275979163,47.22222222222222,0.9444444444255556,0.9062500000000836,0.0,0.9985563563121883,0
1440,1381.2305555555556,0.8861111111111768,0.9027777777778283,0.9777777777777601,0.9062500000000836,0.029703618399994275,0.9999093997916816,50.0,0.9999999999800001,0.923295454545523,0.0,0.997175232521126,0
1441,1382.1333333333334,0.9027777777778283,0.9277777777776919,0.9777777777777601,0.923295454545523,0.03091942544607483,1.0408369688621602,50.0,0.9999999999800001,0.9488636363635656,0.0,0.9969101540186112,0
1442,1383.0611111111111,0.9277777777776919,0.941666666666606,0.9777777777777601,0.9488636363635656,0.024535277059530538,0.8259281353521065,47.22222222222222,0.9444444444255556,0.9630681818181372,0.0,0.9982309732377518,0
1443,1384.0027777777777,0.941666666666606,0.9277777777779193,0.9777777777777601,0.9630681818181372,0.028587324607108888,0.9623317336163236,50.0,0.9999999999800001,0.9488636363637982,0.0,0.9937831111104575,0
1444,1384.9305555555557,0.9277777777779193,0.875,0.9777777777777601,0.9488636363637982,0.031910865531300896,1.074211699415122,55.55555555555556,1.111111111088889,0.8948863636363799,0.0,0.9986929662538753,0
1445,1385.8055555555557,0.875,0.8333333333332575,0.9777777777777601,0.8948863636363799,0.031353666168149524,1.0554547630287758,52.77777777777778,1.0555555555344445,0.8522727272726651,0.0,0.9991520568653789,0
1446,1386.638888888889,0.8333333333332575,0.8833333333332121,0.9777777777777601,0.8522727272726651,0.025291733958040855,0.8513926546295921,47.22222222222222,0.9444444444255556,0.9034090909089832,0.0,0.9986837090956355,0
1447,1387.5222222222221,0.8833333333332121,0.8638888888890506,0.9777777777777601,0.9034090909089832,0.0321740331192171,1.0830706788611402,52.77777777777778,1.0555555555344445,0.8835227272729086,0.0,0.9977104041986224,0
1448,1388.3861111111112,0.8638888888890506,0.8833333333332121,0.9777777777777601,0.8835227272729086,0.03094990147272208,1.0418628797495992,50.0,0.9999999999800001,0.9034090909089832,0.0,0.9985174967152273,0
1449,1389.2694444444444,0.8833333333332121,0.9055555555555657,0.9777777777777601,0.9034090909089832,0.02838363041860346,0.9554748001940455,52.77777777777778,1.0555555555344445,0.9261363636363907,0.0,0.9944628703459382,0
1450,1390.175,0.9055555555555657,0.908333333333303,0.9777777777777601,0.9261363636363907,0.03234132454547638,1.0887021903951437,55.55555555555556,1.111111111088889,0.9289772727272585,0.0,0.9962605945879899,0
1451,1391.0833333333333,0.908333333333303,0.908333333333303,0.9777777777777601,0.9289772727272585,0.027313909501932025,0.919464911252914,52.77777777777778,1.0555555555344445,0.9289772727272585,0.0,0.9959711357621567,0
1452,1391.9916666666666,0.908333333333303,0.8888888888889142,0.9777777777777601,0.9289772727272585,0.02638240093231918,0.8881076482353362,50.0,0.9999999999800001,0.9090909090909514,0.0,0.9984922276556146,0
1453,1392.8805555555555,0.8888888888889142,0.900000000000091,0.9777777777777601,0.9090909090909514,0.030171220372514955,1.0156502297938825,52.77777777777778,1.0555555555344445,0.9204545454546551,0.0,0.9987306108408909,0
1454,1393.7805555555556,0.900000000000091,0.8861111111111768,0.9777777777777601,0.9204545454546551,0.024046216869185417,0.8094649598963483,44.44444444444444,0.8888888888711112,0.9062500000000836,0.0,0.9967620563117353,0
1455,1394.6666666666667,0.8861111111111768,0.9638888888887323,0.9777777777777601,0.9062500000000836,0.024975205807804574,0.8407374048732192,47.22222222222222,0.9444444444255556,0.9857954545453121,0.0,0.9982313415012556,0
1456,1395.6305555555555,0.9638888888887323,0.9555555555557476,0.9777777777777601,0.9857954545453121,0.03140007414110064,1.0570169891439318,55.55555555555556,1.111111111088889,0.9772727272729413,0.0,0.9971033634349038,0
1457,1396.5861111111112,0.9555555555557476,0.9277777777776919,0.9777777777777601,0.9772727272729413,0.029929815673108012,1.0075238518947196,50.0,0.9999999999800001,0.9488636363635656,0.0,0.9991716295383068,0
1458,1397.513888888889,0.9277777777776919,0.875,0.9777777777777601,0.9488636363635656,0.02931079792890067,0.986685930644328,47.22222222222222,0.9444444444255556,0.8948863636363799,0.0,0.9968688585481413,0
1459,1398.388888888889,0.875,0.841666666666697,0.9777777777777601,0.8948863636363799,0.026511835965535694,0.8924648044791548,41.666666666666664,0.8333333333166667,0.8607954545455011,0.0,0.9910930728496199,0
1460,1399.2305555555556,0.841666666666697,0.8888888888889142,0.9777777777777601,0.8607954545455011,0.02854126872692342,0.9607813599583742,47.22222222222222,0.9444444444255556,0.9090909090909514,0.0,0.9963268249094757,0
1461,1400.1194444444445,0.8888888888889142,0.9249999999999545,0.9777777777777601,0.9090909090909514,0.030104757721991154,1.0134129054349812,50.0,0.9999999999800001,0.9460227272726979,0.0,0.9972931131899052,0
1462,1401.0444444444445,0.9249999999999545,0.9583333333332575,0.9777777777777601,0.9460227272726979,0.03015060880852643,1.0149563851484593,50.0,0.9999999999800001,0.9801136363635766,0.0,0.9994251682995889,0
1463,1402.0027777777777,0.9583333333332575,1.0194444444443889,0.9777777777777601,0.9801136363635766,0.031183838821546704,1.049737885107604,52.77777777777778,1.0555555555344445,1.0426136363635983,0.0,0.9988283031371964,0
1464,1403.0222222222221,1.0194444444443889,0.9694444444444343,0.9777777777777601,1.0426136363635983,0.02350794816385126,0.7913452840094056,44.44444444444444,0.8888888888711112,0.9914772727272804,0.0,0.9966737484633188,0
1465,1403.9916666666666,0.9694444444444343,0.9194444444444798,0.9777777777777601,0.9914772727272804,0.028558186071231322,0.9613508465227784,44.44444444444444,0.8888888888711112,0.9403409090909622,0.0,0.9963904323845634,0
1466,1404.911111111111,0.9194444444444798,0.8805555555557021,0.9777777777777601,0.9403409090909622,0.029709057542144066,1.0000924969917986,41.666666666666664,0.8333333333166667,0.900568181818348,0.0,0.9924094093477784,0
1467,1405.7916666666667,0.8805555555557021,0.9277777777776919,0.9777777777777601,0.900568181818348,0.028477212804258255,0.9586250529952725,41.666666666666664,0.8333333333166667,0.9488636363635656,0.0,0.9902622316558187,0
1468,1406.7194444444444,0.9277777777776919,0.966666666666697,0.9777777777777601,0.9488636363635656,0.030241545772533553,1.0180175854330433,50.0,0.9999999999800001,0.9886363636364125,0.0,0.9983527821789938,0
1469,1407.6861111111111,0.966666666666697,0.9555555555555202,0.9777777777777601,0.9886363636364125,0.024435248093511667,0.8225608720770797,47.22222222222222,0.9444444444255556,0.9772727272727088,0.0,0.9978226210549879,0
1470,1408.6416666666667,0.9555555555555202,0.9249999999999545,0.9777777777777601,0.9772727272727088,0.023905039820177047,0.804712533561032,41.666666666666664,0.8333333333166667,0.9460227272726979,0.0,0.9940457035033922,0
1471,1409.5666666666666,0.9249999999999545,0.9638888888889596,0.9777777777777601,0.9460227272726979,0.02347216802296441,0.7901408213504509,44.44444444444444,0.8888888888711112,0.9857954545455447,0.0,0.9955994921905967,0
1472,1410.5305555555556,0.9638888888889596,0.9500000000000455,0.9777777777777601,0.9857954545455447,0.030232316002077105,1.0177068847597097,47.22222222222222,0.9444444444255556,0.9715909090909731,0.0,0.9993138099042658,0
1473,1411.4805555555556,0.9500000000000455,0.966666666666697,0.9777777777777601,0.9715909090909731,0.029096658996026287,0.9794773970253229,44.44444444444444,0.8888888888711112,0.9886363636364125,0.0,0.9967937004947993,0
1474,1412.4472222222223,0.966666666666697,1.0222222222221262,0.9777777777777601,0.9886363636364125,0.024501644126487827,0.8247959538973388,44.44444444444444,0.8888888888711112,1.0454545454544661,0.0,0.9971261134936598,0
1475,1413.4694444444444,1.0222222222221262,1.058333333333394,0.9777777777777601,1.0454545454544661,0.02375530095975355,0.7996718919787399,44.44444444444444,0.8888888888711112,1.0823863636364452,0.0,0.9965194633721672,0
1476,1414.5277777777778,1.058333333333394,1.0472222222222172,0.9777777777777601,1.0823863636364452,0.030653825873796305,1.0318961218136404,50.0,0.9999999999800001,1.0710227272727415,0.0,0.9993819441557485,0
1477,1415.575,1.0472222222222172,0.9555555555555202,0.9777777777777601,1.0710227272727415,0.02954945382639372,0.99471977594915,47.22222222222222,0.9444444444255556,0.9772727272727088,0.0,0.9976602594781705,0
1478,1416.5305555555556,0.9555555555555202,0.9722222222221717,0.9777777777777601,0.9772727272727088,0.02334847977311001,0.7859771183965637,41.666666666666664,0.8333333333166667,0.9943181818181481,0.0,0.9969942834461465,0
1479,1417.5027777777777,0.9722222222221717,1.0083333333334394,0.9777777777777601,0.9943181818181481,0.030465267836806045,1.0255487148730482,50.0,0.9999999999800001,1.0312500000001272,0.0,0.9981109019141172,0
1480,1418.5111111111112,1.0083333333334394,1.033333333333303,0.9777777777777601,1.0312500000001272,0.03017253247451426,1.0156943989285963,47.22222222222222,0.9444444444255556,1.0568181818181699,0.0,0.9982380047634851,0
1481,1419.5444444444445,1.033333333333303,1.0416666666667425,0.9777777777777601,1.0568181818181699,0.030326484813610746,1.0208768783460709,50.0,0.9999999999800001,1.065340909091006,0.0,0.9981838024775971,0
1482,1420.5861111111112,1.0416666666667425,0.9972222222220353,0.9777777777777601,1.065340909091006,0.024278221563995665,0.8172749065504102,44.44444444444444,0.8888888888711112,1.0198863636361908,0.0,0.9975724313054433,0
1483,1421.5833333333333,0.9972222222220353,0.9777777777778738,0.9777777777777601,1.0198863636361908,0.029801662724195425,1.0032098543034784,47.22222222222222,0.9444444444255556,1.0000000000001164,0.0,0.9961549701930816,0
1484,1422.5611111111111,0.9777777777778738,0.9611111111109949,0.9777777777777601,1.0000000000001164,0.03092957254668847,1.0411785495122878,50.0,0.9999999999800001,0.9829545454544444,0.0,0.9971178247091166,0
1485,1423.5222222222221,0.9611111111109949,0.9805555555556111,0.9777777777777601,0.9829545454544444,0.024246869171073677,0.8162194946485167,47.22222222222222,0.9444444444255556,1.002840909090984,0.0,0.9975829946482215,0
1486,1424.5027777777777,0.9805555555556111,1.0222222222223536,0.9777777777777601,1.002840909090984,0.029915555431410806,1.0070438110618376,47.22222222222222,0.9444444444255556,1.0454545454546986,0.0,0.9964304602573719,0
1487,1425.525,1.0222222222223536,1.0166666666666515,0.9777777777777601,1.0454545454546986,0.03091555760050294,1.0407067660332592,52.77777777777778,1.0555555555344445,1.0397727272727306,0.0,0.9971784225927611,0
1488,1426.5416666666667,1.0166666666666515,0.9833333333333485,0.9777777777777601,1.0397727272727306,0.03126248790145856,1.0523854398004304,50.0,0.9999999999800001,1.0056818181818519,0.0,0.9992771466234364,0
1489,1427.525,0.9833333333333485,0.9888888888888232,0.9777777777777601,1.0056818181818519,0.03108478630022013,1.0464034917749883,55.55555555555556,1.111111111088889,1.0113636363635874,0.0,0.9984103488844986,0
1490,1428.513888888889,0.9888888888888232,0.966666666666697,0.9777777777777601,1.0113636363635874,0.031538730892154504,1.0616845749867179,52.77777777777778,1.0555555555344445,0.9886363636364125,0.0,0.996795174801975,0
1491,1429.4805555555556,0.966666666666697,0.9805555555556111,0.9777777777777601,0.9886363636364125,0.03022293621439952,1.0173911340743702,47.22222222222222,0.9444444444255556,1.002840909090984,0.0,0.9972128223413276,0
1492,1430.4611111111112,0.9805555555556111,1.0166666666666515,0.9777777777777601,1.002840909090984,0.03202639609307416,1.0781007910781204,55.55555555555556,1.111111111088889,1.0397727272727306,0.0,0.9982240456007048,0
1493,1431.4777777777779,1.0166666666666515,1.033333333333303,0.9777777777777601,1.0397727272727306,0.03106978886076811,1.0458986347411097,52.77777777777778,1.0555555555344445,1.0568181818181699,0.0,0.9980367549766904,0
1494,1432.5111111111112,1.033333333333303,1.0527777777776919,0.9777777777777601,1.0568181818181699,0.03302847514904394,1.1118336600473349,55.55555555555556,1.111111111088889,1.076704545454477,0.0,0.996685581653143,0
1495,1433.5638888888889,1.0527777777776919,0.9888888888888232,0.9777777777777601,1.076704545454477,0.029751777687222807,1.0015305801926218,50.0,0.9999999999800001,1.0113636363635874,0.0,0.9972215629323633,0
1496,1434.5527777777777,0.9888888888888232,0.9750000000001364,0.9777777777777601,1.0113636363635874,0.02898932071982672,0.9758640813045216,44.44444444444444,0.8888888888711112,0.9971590909092485,0.0,0.9957534674037345,0
1497,1435.5277777777778,0.9750000000001364,0.9555555555555202,0.9777777777777601,0.9971590909092485,0.028820055255232676,0.970166117951083,44.44444444444444,0.8888888888711112,0.9772727272727088,0.0,0.9950280339410543,0
1498,1436.4833333333333,0.9555555555555202,1.025000000000091,0.9777777777777601,0.9772727272727088,0.023347226929605693,0.7859349440735717,38.888888888888886,0.7777777777622222,1.0482954545455665,0.0,0.9902216181274589,0
1499,1437.5083333333334,1.025000000000091,1.0388888888887777,0.9777777777777601,1.0482954545455665,0.031135057394941167,1.048095761702257,52.77777777777778,1.0555555555344445,1.0624999999999056,0.0,0.9994888233961132,0
1500,1438.5472222222222,1.0388888888887777,0.9916666666665606,0.9777777777777601,1.0624999999999056,0.024470843291723263,0.8237591090325892,47.22222222222222,0.9444444444255556,1.0142045454544553,0.0,0.9978486592212108,0
1501,1439.5388888888888,0.9916666666665606,0.9611111111112223,0.9777777777777601,1.0142045454544553,0.028551858818365,0.9611378529564493,47.22222222222222,0.9444444444255556,0.9829545454546769,0.0,0.9964456462693706,0
1502,1440.5,0.9611111111112223,0.9777777777778738,0.9777777777777601,0.9829545454546769,0.02922616470701666,0.9838369324866996,47.22222222222222,0.9444444444255556,1.0000000000001164,0.0,0.9988537759113854,0
1503,1441.4777777777779,0.9777777777778738,0.9722222222221717,0.9777777777777601,1.0000000000001164,0.029222737240752965,0.9837215540944652,47.22222222222222,0.9444444444255556,0.9943181818181481,0.0,0.9980556324978294,0
1504,1442.45,0.9722222222221717,1.0027777777777374,0.9777777777777601,0.9943181818181481,0.024615232912775606,0.828619679801389,47.22222222222222,0.9444444444255556,1.025568181818159,0.0,0.9981439708467255,0
1505,1443.4527777777778,1.0027777777777374,1.025000000000091,0.9777777777777601,1.025568181818159,0.03169624984148535,1.0669871167834861,55.55555555555556,1.111111111088889,1.0482954545455665,0.0,0.9985816841355983,0
1506,1444.4777777777779,1.025000000000091,1.033333333333303,0.9777777777777601,1.0482954545455665,0.03154914770170736,1.062035234817028,52.77777777777778,1.0555555555344445,1.0568181818181699,0.0,0.9987801409448505,0
1507,1445.5111111111112,1.033333333333303,0.974999999999909,0.9777777777777601,1.0568181818181699,0.02600581917577348,0.8754308210188855,50.0,0.9999999999800001,0.9971590909090159,0.0,0.9987764332801978,0
1508,1446.486111111111,0.974999999999909,0.9527777777777828,0.9777777777777601,0.9971590909090159,0.029448061701341188,0.9913066248124891,47.22222222222222,0.9444444444255556,0.974431818181841,0.0,0.9959760834331837,0
1509,1447.4388888888889,0.9527777777777828,1.0027777777777374,0.9777777777777601,0.974431818181841,0.03068711011335162,1.033016565240704,52.77777777777778,1.0555555555344445,1.025568181818159,0.0,0.9994380972079323,0
1510,1448.4416666666666,1.0027777777777374,1.0361111111112677,0.9777777777777601,1.025568181818159,0.026610735870012905,0.8957940602887864,50.0,0.9999999999800001,1.0596590909092702,0.0,0.9985816255687175,0
1511,1449.4777777777779,1.0361111111112677,1.0,0.9777777777777601,1.0596590909092702,0.03178603364791788,1.0700094984607629,52.77777777777778,1.0555555555344445,1.0227272727272911,0.0,0.9988594686891663,0
1512,1450.4777777777779,1.0,1.0166666666666515,0.9777777777777601,1.0227272727272911,0.03173861666681406,1.0684133062232724,52.77777777777778,1.0555555555344445,1.0397727272727306,0.0,0.998233403502935,0
1513,1451.4944444444445,1.0166666666666515,0.9305555555554292,0.9777777777777601,1.0397727272727306,0.024612763859680586,0.8285365643585143,47.22222222222222,0.9444444444255556,0.9517045454544335,0.0,0.9965119175767041,0
1514,1452.425,0.9305555555554292,0.9611111111112223,0.9777777777777601,0.9517045454544335,0.02473757045432374,0.8327379140210087,47.22222222222222,0.9444444444255556,0.9829545454546769,0.0,0.9975238249036317,0
1515,1453.3861111111112,0.9611111111112223,0.9527777777777828,0.9777777777777601,0.9829545454546769,0.02939342871173719,0.9894675209326813,47.22222222222222,0.9444444444255556,0.974431818181841,0.0,0.9980206116449206,0
1516,1454.338888888889,0.9527777777777828,0.9777777777776464,0.9777777777777601,0.974431818181841,0.023810339525573838,0.8015246487228397,41.666666666666664,0.8333333333166667,0.9999999999998838,0.0,0.9961462345700013,0
1517,1455.3166666666666,0.9777777777776464,0.9638888888889596,0.9777777777777601,0.9999999999998838,0.03175421245931059,1.0689383055450548,52.77777777777778,1.0555555555344445,0.9857954545455447,0.0,0.9972782192387193,0
1518,1456.2805555555556,0.9638888888889596,0.9888888888888232,0.9777777777777601,0.9857954545455447,0.02632386662274128,0.886137214681784,50.0,0.9999999999800001,1.0113636363635874,0.0,0.9982649630697433,0
1519,1457.2694444444444,0.9888888888888232,0.966666666666697,0.9777777777777601,1.0113636363635874,0.03177783788185604,1.0697336053553046,52.77777777777778,1.0555555555344445,0.9886363636364125,0.0,0.9990254178941246,0
1520,1458.236111111111,0.966666666666697,0.966666666666697,0.9777777777777601,0.9886363636364125,0.030522475302570306,1.027474483039931,50.0,0.9999999999800001,0.9886363636364125,0.0,0.9980501245044178,0
1521,1459.2027777777778,0.966666666666697,0.9444444444443434,0.9777777777777601,0.9886363636364125,0.024722888888797243,0.8322436902137973,44.44444444444444,0.8888888888711112,0.965909090909005,0.0,0.9978568346577279,0
1522,1460.1472222222221,0.9444444444443434,1.0222222222223536,0.9777777777777601,0.965909090909005,0.029795751413671086,1.0030108625551069,47.22222222222222,0.9444444444255556,1.0454545454546986,0.0,0.9988810437534769,0
1523,1461.1694444444445,1.0222222222223536,1.0499999999999545,0.9777777777777601,1.0454545454546986,0.03226085282020551,1.0859932802067538,55.55555555555556,1.111111111088889,1.0738636363636094,0.0,0.9984371633482414,0
1524,1462.2194444444444,1.0499999999999545,1.025000000000091,0.9777777777777601,1.0738636363636094,0.03076087740235224,1.0354997847823637,50.0,0.9999999999800001,1.0482954545455665,0.0,0.9975020935343724,0
1525,1463.2444444444445,1.025000000000091,1.0,0.9777777777777601,1.0482954545455665,0.025172364979480114,0.8473743507953886,47.22222222222222,0.9444444444255556,1.0227272727272911,0.0,0.997805505775037,0
1526,1464.2444444444445,1.0,0.9861111111110858,0.9777777777777601,1.0227272727272911,0.030854079278873514,1.0386372285495467,50.0,0.9999999999800001,1.0085227272727197,0.0,0.9995823661222394,0
1527,1465.2305555555556,0.9861111111110858,0.9500000000000455,0.9777777777777601,1.0085227272727197,0.024363244861090004,0.8201370357637968,44.44444444444444,0.8888888888711112,0.9715909090909731,0.0,0.9966066039200268,0
1528,1466.1805555555557,0.9500000000000455,0.9249999999999545,0.9777777777777601,0.9715909090909731,0.022933736167928435,0.7720156533743553,44.44444444444444,0.8888888888711112,0.9460227272726979,0.0,0.9947309345822775,0
1529,1467.1055555555556,0.9249999999999545,0.9638888888887323,0.9777777777777601,0.9460227272726979,0.023187945441943098,0.7805730701570032,41.666666666666664,0.8333333333166667,0.9857954545453121,0.0,0.9933097172925348,0
1530,1468.0694444444443,0.9638888888887323,1.0222222222223536,0.9777777777777601,0.9857954545453121,0.03090617121778341,1.040390793339801,52.77777777777778,1.0555555555344445,1.0454545454546986,0.0,0.9987316006666767,0
1531,1469.0916666666667,1.0222222222223536,0.9722222222221717,0.9777777777777601,1.0454545454546986,0.025232730435654625,0.8494064260206621,47.22222222222222,0.9444444444255556,0.9943181818181481,0.0,0.9982384365232257,0
1532,1470.0638888888889,0.9722222222221717,0.9833333333333485,0.9777777777777601,0.9943181818181481,0.02940243299866048,0.9897706311804558,47.22222222222222,0.9444444444255556,1.0056818181818519,0.0,0.9966581519472919,0
1533,1471.0472222222222,0.9833333333333485,1.0138888888889142,0.9777777777777601,1.0056818181818519,0.03058554731993817,1.0295976689151565,50.0,0.9999999999800001,1.0369318181818628,0.0,0.9980569709458992,0
1534,1472.0611111111111,1.0138888888889142,1.0222222222221262,0.9777777777777601,1.0369318181818628,0.02990070333088953,1.0065438465552279,50.0,0.9999999999800001,1.0454545454544661,0.0,0.9982205391648109,0
1535,1473.0833333333333,1.0222222222221262,1.050000000000182,0.9777777777777601,1.0454545454544661,0.03019360024801719,1.016403600901049,50.0,0.9999999999800001,1.0738636363638419,0.0,0.9981965261227934,0
1536,1474.1333333333334,1.050000000000182,1.0472222222222172,0.9777777777777601,1.0738636363638419,0.02620378685054716,0.8820949834854066,50.0,0.9999999999800001,1.0710227272727415,0.0,0.9986048257911244,0
1537,1475.1805555555557,1.0472222222222172,1.0111111111109494,0.9777777777777601,1.0710227272727415,0.031002378105223296,1.0436293944348063,52.77777777777778,1.0555555555344445,1.0340909090907624,0.0,0.9985471015271565,0
1538,1476.1916666666666,1.0111111111109494,0.9638888888889596,0.9777777777777601,1.0340909090907624,0.029450116003677102,0.9913757785495199,44.44444444444444,0.8888888888711112,0.9857954545455447,0.0,0.9958507215141954,0
1539,1477.1555555555556,0.9638888888889596,0.6611111111110404,0.9777777777777601,0.9857954545455447,0.030032740975241393,1.010988614190467,50.0,0.9999999999800001,0.6761363636363035,0.0,0.9971792655045387,0
1540,1477.8166666666666,0.6611111111110404,1.2722222222223536,0.9777777777777601,0.6761363636363035,0.027543386276381022,0.9271897608222672,50.0,0.9999999999800001,1.3011363636365216,0.0,0.9975014902280657,0
1541,1479.088888888889,1.2722222222223536,1.0888888888887323,0.9777777777777601,1.3011363636365216,0.03134687431583855,1.0552261297061856,50.0,0.9999999999800001,1.1136363636362236,0.0,0.9983321128267792,0
1542,1480.1777777777777,1.0888888888887323,1.0305555555555657,0.9777777777777601,1.1136363636362236,0.025245940797215257,0.8498511248624411,47.22222222222222,0.9444444444255556,1.053977272727302,0.0,0.9973198734832873,0
1543,1481.2083333333333,1.0305555555555657,1.0083333333334394,0.9777777777777601,1.053977272727302,0.02986047436655169,1.0051896236776106,50.0,0.9999999999800001,1.0312500000001272,0.0,0.9975065305916573,0
1544,1482.2166666666667,1.0083333333334394,0.9861111111110858,0.9777777777777601,1.0312500000001272,0.02841244578357502,0.9564448084235309,44.44444444444444,0.8888888888711112,1.0085227272727197,0.0,0.9963859156189674,0
1545,1483.2027777777778,0.9861111111110858,1.0055555555554747,0.9777777777777601,1.0085227272727197,0.028652197336119577,0.9645155366350137,44.44444444444444,0.8888888888711112,1.0284090909090269,0.0,0.9960624998436356,0
1546,1484.2083333333333,1.0055555555554747,1.0305555555555657,0.9777777777777601,1.0284090909090269,0.028310321360049816,0.9530070060098298,44.44444444444444,0.8888888888711112,1.053977272727302,0.0,0.9965612713788394,0
1547,1485.2388888888888,1.0305555555555657,1.0305555555555657,0.9777777777777601,1.053977272727302,0.024430100110305036,0.8223875761260961,47.22222222222222,0.9444444444255556,1.053977272727302,0.0,0.9982353216354332,0
1548,1486.2694444444444,1.0305555555555657,1.005555555555702,0.9777777777777601,1.053977272727302,0.031587051059605534,1.0633111710795968,52.77777777777778,1.0555555555344445,1.0284090909092594,0.0,0.9969897538400456,0
1549,1487.275,1.005555555555702,0.9722222222221717,0.9777777777777601,1.0284090909092594,0.02416950045019086,0.8136150405305429,44.44444444444444,0.8888888888711112,0.9943181818181481,0.0,0.9977739255343799,0
1550,1488.2472222222223,0.9722222222221717,0.966666666666697,0.9777777777777601,0.9943181818181481,0.023581840519275993,0.7938327136473367,41.666666666666664,0.8333333333166667,0.9886363636364125,0.0,0.995197045348575,0
1551,1489.213888888889,0.966666666666697,1.0111111111109494,0.9777777777777601,0.9886363636364125,0.029700623279022124,0.9998085753879595,47.22222222222222,0.9444444444255556,1.0340909090907624,0.0,0.998342381855793,0
1552,1490.225,1.0111111111109494,1.083333333333485,0.9777777777777601,1.0340909090907624,0.030190237357324984,1.0162903963086547,52.77777777777778,1.0555555555344445,1.1079545454547206,0.0,0.9990969855190346,0
1553,1491.3083333333334,1.083333333333485,1.1111111111110858,0.9777777777777601,1.1079545454547206,0.03208306925897743,1.080008573171855,55.55555555555556,1.111111111088889,1.1363636363636311,0.0,0.9971527155705788,0
1554,1492.4194444444445,1.1111111111110858,1.0722222222220807,0.9777777777777601,1.1363636363636311,0.03136409954557624,1.0558059805814681,52.77777777777778,1.0555555555344445,1.0965909090907842,0.0,0.9989787688756129,0
1555,1493.4916666666666,1.0722222222220807,1.063888888889096,0.9777777777777601,1.0965909090907842,0.030745857575640856,1.034994174128816,50.0,0.9999999999800001,1.0880681818184135,0.0,0.998093467840208,0
1556,1494.5555555555557,1.063888888889096,1.0,0.9777777777777601,1.0880681818184135,0.024986734297926236,0.8411254870752872,50.0,0.9999999999800001,1.0227272727272911,0.0,0.9984929804915287,0
1557,1495.5555555555557,1.0,0.9638888888887323,0.9777777777777601,1.0227272727272911,0.02951554267819658,0.9935782289704811,50.0,0.9999999999800001,0.9857954545453121,0.0,0.9966444076354379,0
1558,1496.5194444444444,0.9638888888887323,1.0444444444444798,0.9777777777777601,0.9857954545453121,0.031222073046893874,1.0510249593220504,55.55555555555556,1.111111111088889,1.0681818181818736,0.0,0.9978695003095724,0
1559,1497.5638888888889,1.0444444444444798,1.0611111111111313,0.9777777777777601,1.0681818181818736,0.030723676464261385,1.0342474939948507,52.77777777777778,1.0555555555344445,1.0852272727273131,0.0,0.9974960532560895,0
1560,1498.625,1.0611111111111313,1.0305555555555657,0.9777777777777601,1.0852272727273131,0.02530689856148423,0.8519031388851784,50.0,0.9999999999800001,1.053977272727302,0.0,0.9986004580376228,0
1561,1499.6555555555556,1.0305555555555657,0.9472222222223081,0.9777777777777601,1.053977272727302,0.028418513181916908,0.9566490545376789,47.22222222222222,0.9444444444255556,0.9687500000001054,0.0,0.9972773676076909,0
1562,1500.6027777777779,0.9472222222223081,0.974999999999909,0.9777777777777601,0.9687500000001054,0.030255658899228807,1.018492673950981,47.22222222222222,0.9444444444255556,0.9971590909090159,0.0,0.9982374608404374,0
1563,1501.5777777777778,0.974999999999909,1.0222222222221262,0.9777777777777601,0.9971590909090159,0.031014833206136863,1.0440486690265791,50.0,0.9999999999800001,1.0454545454544661,0.0,0.9971670862466042,0
1564,1502.6,1.0222222222221262,1.025000000000091,0.9777777777777601,1.0454545454544661,0.02482303385371823,0.8356148583461728,47.22222222222222,0.9444444444255556,1.0482954545455665,0.0,0.9983411705297389,0
1565,1503.625,1.025000000000091,1.0,0.9777777777777601,1.0482954545455665,0.03100537378387085,1.0437302376114896,52.77777777777778,1.0555555555344445,1.0227272727272911,0.0,0.9977123098956133,0
1566,1504.625,1.0,1.0194444444443889,0.9777777777777601,1.0227272727272911,0.025319667363553403,0.8523329735619211,47.22222222222222,0.9444444444255556,1.0426136363635983,0.0,0.9983686625338578,0
1567,1505.6444444444444,1.0194444444443889,1.0111111111111768,0.9777777777777601,1.0426136363635983,0.026227599424511513,0.8828965833517783,50.0,0.9999999999800001,1.0340909090909949,0.0,0.9982069781283536,0
1568,1506.6555555555556,1.0111111111111768,0.9555555555555202,0.9777777777777601,1.0340909090909949,0.031286216200250724,1.0531842027216292,50.0,0.9999999999800001,0.9772727272727088,0.0,0.9970875750605461,0
1569,1507.611111111111,0.9555555555555202,0.9611111111112223,0.9777777777777601,0.9772727272727088,0.029685157364185994,0.9992879481225275,50.0,0.9999999999800001,0.9829545454546769,0.0,0.9980662812645386,0
1570,1508.5722222222223,0.9611111111112223,1.0583333333331666,0.9777777777777601,0.9829545454546769,0.03137881952860057,1.056301497632374,52.77777777777778,1.0555555555344445,1.0823863636362128,0.0,0.9990301944970289,0
1571,1509.6305555555555,1.0583333333331666,1.0527777777779193,0.9777777777777601,1.0823863636362128,0.03334555675844811,1.1225075408343426,58.333333333333336,1.1666666666433334,1.0767045454547097,0.0,0.996790725764205,0
1572,1510.6833333333334,1.0527777777779193,0.9944444444442979,0.9777777777777601,1.0767045454547097,0.0316623023670067,1.065844346957491,52.77777777777778,1.0555555555344445,1.0170454545453231,0.0,0.9981228139650431,0
1573,1511.6777777777777,0.9944444444442979,0.9750000000001364,0.9777777777777601,1.0170454545453231,0.02936193311693247,0.9884072884427139,47.22222222222222,0.9444444444255556,0.9971590909092485,0.0,0.999020593568007,0
1574,1512.6527777777778,0.9750000000001364,1.0,0.9777777777777601,0.9971590909092485,0.03159667852400402,1.0636352592771547,52.77777777777778,1.0555555555344445,1.0227272727272911,0.0,0.998073704382801,0
1575,1513.6527777777778,1.0,1.0277777777778283,0.9777777777777601,1.0227272727272911,0.026071720930878343,0.877649264021511,50.0,0.9999999999800001,1.0511363636364344,0.0,0.9987323837372426,0
1576,1514.6805555555557,1.0277777777778283,1.0305555555555657,0.9777777777777601,1.0511363636364344,0.03074102392016318,1.034831459355067,50.0,0.9999999999800001,1.053977272727302,0.0,0.9988267415244643,0
1577,1515.7111111111112,1.0305555555555657,1.0527777777776919,0.9777777777777601,1.053977272727302,0.02585371311769521,0.8703104927413802,50.0,0.9999999999800001,1.076704545454477,0.0,0.9985707608588884,0
1578,1516.763888888889,1.0527777777776919,1.0499999999999545,0.9777777777777601,1.076704545454477,0.031924691594529916,1.0746771245494826,52.77777777777778,1.0555555555344445,1.0738636363636094,0.0,0.9990211879920066,0
1579,1517.8138888888889,1.0499999999999545,0.9527777777777828,0.9777777777777601,1.0738636363636094,0.025218469575898576,0.8489263643821383,47.22222222222222,0.9444444444255556,0.974431818181841,0.0,0.9983388611996331,0
1580,1518.7666666666667,0.9527777777777828,0.941666666666606,0.9777777777777601,0.974431818181841,0.02861155107470335,0.9631472663351069,44.44444444444444,0.8888888888711112,0.9630681818181372,0.0,0.9961098947222086,0
1581,1519.7083333333333,0.941666666666606,1.0,0.9777777777777601,0.9630681818181372,0.030889471626634225,1.0398286369742737,52.77777777777778,1.0555555555344445,1.0227272727272911,0.0,0.9972279299099625,0
1582,1520.7083333333333,1.0,1.058333333333394,0.9777777777777601,1.0227272727272911,0.026026365356229424,0.8761224646661699,50.0,0.9999999999800001,1.0823863636364452,0.0,0.9984408666266709,0
1583,1521.7666666666667,1.058333333333394,1.038888888889005,0.9777777777777601,1.0823863636364452,0.03187781818651644,1.0730992305487654,52.77777777777778,1.0555555555344445,1.0625000000001381,0.0,0.997971881016837,0
1584,1522.8055555555557,1.038888888889005,1.0138888888886868,0.9777777777777601,1.0625000000001381,0.025801013988781908,0.8685364881857178,50.0,0.9999999999800001,1.0369318181816303,0.0,0.9986377174223188,0
1585,1523.8194444444443,1.0138888888886868,1.0194444444446162,0.9777777777777601,1.0369318181816303,0.02513762763244253,0.8462049915826836,47.22222222222222,0.9444444444255556,1.042613636363831,0.0,0.9985266277721256,0
1586,1524.838888888889,1.0194444444446162,1.0055555555554747,0.9777777777777601,1.042613636363831,0.031386928639221365,1.05657447366595,52.77777777777778,1.0555555555344445,1.0284090909090269,0.0,0.9994339298130359,0
1587,1525.8444444444444,1.0055555555554747,0.9944444444445253,0.9777777777777601,1.0284090909090269,0.024857213810538615,0.8367654541977941,47.22222222222222,0.9444444444255556,1.0170454545455556,0.0,0.9982489278287711,0
1588,1526.838888888889,0.9944444444445253,1.0722222222220807,0.9777777777777601,1.0170454545455556,0.02612052244844388,0.8792920637464727,50.0,0.9999999999800001,1.0965909090907842,0.0,0.9981533632736341,0
1589,1527.911111111111,1.0722222222220807,1.0666666666668334,0.9777777777777601,1.0965909090907842,0.026425189630667242,0.889548039136772,50.0,0.9999999999800001,1.0909090909092811,0.0,0.9984141837666278,0
1590,1528.9777777777779,1.0666666666668334,1.0166666666666515,0.9777777777777601,1.0909090909092811,0.025321823453670022,0.852405553768998,47.22222222222222,0.9444444444255556,1.0397727272727306,0.0,0.9979503960753323,0
1591,1529.9944444444445,1.0166666666666515,0.9555555555555202,0.9777777777777601,1.0397727272727306,0.029708375782390443,1.0000695469936915,47.22222222222222,0.9444444444255556,0.9772727272727088,0.0,0.9976726769180746,0
1592,1530.95,0.9555555555555202,0.9500000000000455,0.9777777777777601,0.9772727272727088,0.02971781985636613,1.0003874617410955,50.0,0.9999999999800001,0.9715909090909731,0.0,0.997170788349535,0
1593,1531.9,0.9500000000000455,0.9944444444442979,0.9777777777777601,0.9715909090909731,0.030570635713646117,1.0290957012728095,50.0,0.9999999999800001,1.0170454545453231,0.0,0.9993937897039584,0
1594,1532.8944444444444,0.9944444444442979,1.005555555555702,0.9777777777777601,1.0170454545453231,0.029767790344338917,1.0020696123788837,50.0,0.9999999999800001,1.0284090909092594,0.0,0.997366507528444,0
1595,1533.9,1.005555555555702,1.0194444444443889,0.9777777777777601,1.0284090909092594,0.026673013377638836,0.8978905006763581,50.0,0.9999999999800001,1.0426136363635983,0.0,0.998246080450085,0
1596,1534.9194444444445,1.0194444444443889,1.0,0.9777777777777601,1.0426136363635983,0.03218189527447387,1.0833353416654492,55.55555555555556,1.111111111088889,1.0227272727272911,0.0,0.9983515191795278,0
1597,1535.9194444444445,1.0,0.9472222222220807,0.9777777777777601,1.0227272727272911,0.024316991249817448,0.8185800059076043,44.44444444444444,0.8888888888711112,0.9687499999998729,0.0,0.9966410085568334,0
1598,1536.8666666666666,0.9472222222220807,0.9805555555556111,0.9777777777777601,0.9687499999998729,0.030521106960947644,1.0274284207174151,47.22222222222222,0.9444444444255556,1.002840909090984,0.0,0.9983657474677898,0
1599,1537.8472222222222,0.9805555555556111,1.0027777777777374,0.9777777777777601,1.002840909090984,0.030615132404891054,1.0305935881375103,52.77777777777778,1.0555555555344445,1.025568181818159,0.0,0.999372191537599,0
1600,1538.85,1.0027777777777374,1.025000000000091,0.9777777777777601,1.025568181818159,0.03130698293509618,1.053883270865292,50.0,0.9999999999800001,1.0482954545455665,0.0,0.999344727417121,0
1601,1539.875,1.025000000000091,1.0277777777778283,0.9777777777777601,1.0482954545455665,0.027117670825140938,0.9128589518413789,50.0,0.9999999999800001,1.0511363636364344,0.0,0.996965640540232,0
1602,1540.9027777777778,1.0277777777778283,1.0166666666666515,0.9777777777777601,1.0511363636364344,0.032400348022379184,1.09068909073061,55.55555555555556,1.111111111088889,1.0397727272727306,0.0,0.9983032964493509,0
1603,1541.9194444444445,1.0166666666666515,0.9638888888889596,0.9777777777777601,1.0397727272727306,0.025208311993019296,0.8485844308687399,50.0,0.9999999999800001,0.9857954545455447,0.0,0.9984075204060624,0
1604,1542.8833333333334,0.9638888888889596,0.9305555555554292,0.9777777777777601,0.9857954545455447,0.030434421919286112,1.0245103523928263,50.0,0.9999999999800001,0.9517045454544335,0.0,0.9977250003073963,0
1605,1543.8138888888889,0.9305555555554292,1.0111111111111768,0.9777777777777601,0.9517045454544335,0.030837277455483113,1.0380716307521516,52.77777777777778,1.0555555555344445,1.0340909090909949,0.0,0.9994938160326761,0
1606,1544.825,1.0111111111111768,1.0361111111110404,0.9777777777777601,1.0340909090909949,0.033665438007729684,1.1332756655680556,58.333333333333336,1.1666666666433334,1.0596590909090378,0.0,0.9972949809157614,0
1607,1545.861111111111,1.0361111111110404,1.0055555555554747,0.9777777777777601,1.0596590909090378,0.0324838750934138,1.093500852662772,52.77777777777778,1.0555555555344445,1.0284090909090269,0.0,0.9985886087860298,0
1608,1546.8666666666666,1.0055555555554747,1.0,0.9777777777777601,1.0284090909090269,0.024536293352696595,0.8259623467089857,47.22222222222222,0.9444444444255556,1.0227272727272911,0.0,0.998047565679606,0
1609,1547.8666666666666,1.0,1.0,0.9777777777777601,1.0227272727272911,0.025896130256640972,0.8717383758825178,50.0,0.9999999999800001,1.0227272727272911,0.0,0.9984112013151395,0
1610,1548.8666666666666,1.0,0.9750000000001364,0.9777777777777601,1.0227272727272911,0.02478940269541781,0.8344827366343452,47.22222222222222,0.9444444444255556,0.9971590909092485,0.0,0.9982498157716531,0
1611,1549.8416666666667,0.9750000000001364,0.9833333333333485,0.9777777777777601,0.9971590909092485,0.030170997223979996,1.015642717971092,50.0,0.9999999999800001,1.0056818181818519,0.0,0.9994022197796122,0
1612,1550.825,0.9833333333333485,1.0472222222222172,0.9777777777777601,1.0056818181818519,0.03098287900418767,1.0429729984984442,50.0,0.9999999999800001,1.0710227272727415,0.0,0.9997334807121141,0
1613,1551.8722222222223,1.0472222222222172,1.0555555555554292,0.9777777777777601,1.0710227272727415,0.03197822729802896,1.07647929061667,55.55555555555556,1.111111111088889,1.079545454545345,0.0,0.9989092003280831,0
1614,1552.9277777777777,1.0555555555554292,0.9750000000001364,0.9777777777777601,1.079545454545345,0.030532352048872464,1.0278069627847854,50.0,0.9999999999800001,0.9971590909092485,0.0,0.9995011977482713,0
1615,1553.9027777777778,0.9750000000001364,0.9527777777777828,0.9777777777777601,0.9971590909092485,0.029211615450213897,0.9833471625724366,47.22222222222222,0.9444444444255556,0.974431818181841,0.0,0.9960808319167154,0
1616,1554.8555555555556,0.9527777777777828,1.0111111111109494,0.9777777777777601,0.974431818181841,0.02991500964177426,1.0070254382097312,47.22222222222222,0.9444444444255556,1.0340909090907624,0.0,0.9965123509579813,0
1617,1555.8666666666666,1.0111111111109494,0.9944444444445253,0.9777777777777601,1.0340909090907624,0.030620829613692845,1.0307853726048697,50.0,0.9999999999800001,1.0170454545455556,0.0,0.9974489644885276,0
1618,1556.861111111111,0.9944444444445253,1.0166666666666515,0.9777777777777601,1.0170454545455556,0.023823153738621438,0.8019560120639885,44.44444444444444,0.8888888888711112,1.0397727272727306,0.0,0.9973502769771603,0
1619,1557.8777777777777,1.0166666666666515,1.038888888889005,0.9777777777777601,1.0397727272727306,0.031808841527571574,1.0707772774211555,55.55555555555556,1.111111111088889,1.0625000000001381,0.0,0.9982547792960854,0
1620,1558.9166666666667,1.038888888889005,0.974999999999909,0.9777777777777601,1.0625000000001381,0.03076839544672846,1.0357528638227218,50.0,0.9999999999800001,0.9971590909090159,0.0,0.9986310370261735,0
1621,1559.8916666666667,0.974999999999909,0.8944444444443889,0.9777777777777601,0.9971590909090159,0.0242632905816422,0.8167722866539953,44.44444444444444,0.8888888888711112,0.914772727272687,0.0,0.9978581945804281,0
1622,1560.786111111111,0.8944444444443889,0.8527777777778738,0.9777777777777601,0.914772727272687,0.030211295797452624,1.0169992840927968,50.0,0.9999999999800001,0.8721590909092048,0.0,0.996241704305736,0
1623,1561.638888888889,0.8527777777778738,0.9055555555555657,0.9777777777777601,0.8721590909092048,0.023571358183577418,0.7934798480181182,44.44444444444444,0.8888888888711112,0.9261363636363907,0.0,0.9959932281304467,0
1624,1562.5444444444445,0.9055555555555657,1.0194444444443889,0.9777777777777601,0.9261363636363907,0.025650519269078582,0.8634704022017153,47.22222222222222,0.9444444444255556,1.0426136363635983,0.0,0.9980702253114438,0
1625,1563.5638888888889,1.0194444444443889,1.033333333333303,0.9777777777777601,1.0426136363635983,0.03063360789845063,1.0312155264962395,52.77777777777778,1.0555555555344445,1.0568181818181699,0.0,0.9967614809056021,0
1626,1564.5972222222222,1.033333333333303,0.9888888888890506,0.9777777777777601,1.0568181818181699,0.029516904331693416,0.9936240661514066,47.22222222222222,0.9444444444255556,1.01136363636382,0.0,0.9974519633058718,0
1627,1565.5861111111112,0.9888888888890506,0.9888888888888232,0.9777777777777601,1.01136363636382,0.030002874630209436,1.0099832269432727,47.22222222222222,0.9444444444255556,1.0113636363635874,0.0,0.996882232512843,0
1628,1566.575,0.9888888888888232,1.0111111111111768,0.9777777777777601,1.0113636363635874,0.02449653777229012,0.8246240592987685,47.22222222222222,0.9444444444255556,1.0340909090909949,0.0,0.998088796420249,0
1629,1567.5861111111112,1.0111111111111768,0.9861111111110858,0.9777777777777601,1.0340909090909949,0.03029941639449489,1.0199656773487051,47.22222222222222,0.9444444444255556,1.0085227272727197,0.0,0.9986897998141275,0
1630,1568.5722222222223,0.9861111111110858,1.0138888888889142,0.9777777777777601,1.0085227272727197,0.023624712381660664,0.7952759040899198,44.44444444444444,0.8888888888711112,1.0369318181818628,0.0,0.9972909142361399,0
1631,1569.5861111111112,1.0138888888889142,1.0722222222220807,0.9777777777777601,1.0369318181818628,0.026004309436100055,0.8753799988304785,50.0,0.9999999999800001,1.0965909090907842,0.0,0.9985098483731087,0
1632,1570.6583333333333,1.0722222222220807,1.058333333333394,0.9777777777777601,1.0965909090907842,0.0328642861767094,1.106306586053566,55.55555555555556,1.111111111088889,1.0823863636364452,0.0,0.9967258802279727,0
1633,1571.7166666666667,1.058333333333394,0.9722222222221717,0.9777777777777601,1.0823863636364452,0.030747817452830475,1.0350601492432934,50.0,0.9999999999800001,0.9943181818181481,0.0,0.9970541590963156,0
1634,1572.6888888888889,0.9722222222221717,0.9944444444445253,0.9777777777777601,0.9943181818181481,0.024439581761566048,0.8227067558332202,44.44444444444444,0.8888888888711112,1.0170454545455556,0.0,0.9978886374297531,0
1635,1573.6833333333334,0.9944444444445253,1.0277777777778283,0.9777777777777601,1.0170454545455556,0.03160749369883641,1.0639993292308443,52.77777777777778,1.0555555555344445,1.0511363636364344,0.0,0.9991367842003772,0
1636,1574.7111111111112,1.0277777777778283,1.0527777777776919,0.9777777777777601,1.0511363636364344,0.03213941371134899,1.081905289820775,52.77777777777778,1.0555555555344445,1.076704545454477,0.0,0.998202815173717,0
1637,1575.763888888889,1.0527777777776919,1.0277777777778283,0.9777777777777601,1.076704545454477,0.026092104565170894,0.878335435896485,47.22222222222222,0.9444444444255556,1.0511363636364344,0.0,0.9985629475743657,0
1638,1576.7916666666667,1.0277777777778283,1.027777777777601,0.9777777777777601,1.0511363636364344,0.032617244399790024,1.097990447879539,55.55555555555556,1.111111111088889,1.0511363636362019,0.0,0.9968397821462434,0
1639,1577.8194444444443,1.027777777777601,1.0277777777778283,0.9777777777777601,1.0511363636362019,0.03152475636245159,1.0612141520429728,52.77777777777778,1.0555555555344445,1.0511363636364344,0.0,0.9984322113647388,0
1640,1578.8472222222222,1.0277777777778283,0.9611111111112223,0.9777777777777601,1.0511363636364344,0.030483834112328894,1.0261737092142904,47.22222222222222,0.9444444444255556,0.9829545454546769,0.0,0.9985697794252355,0
1641,1579.8083333333334,0.9611111111112223,0.9833333333333485,0.9777777777777601,0.9829545454546769,0.02443026396811966,0.8223930920523671,44.44444444444444,0.8888888888711112,1.0056818181818519,0.0,0.9979099617251952,0
1642,1580.7916666666667,0.9833333333333485,1.0555555555554292,0.9777777777777601,1.0056818181818519,0.026226670418254012,0.8828653103237979,50.0,0.9999999999800001,1.079545454545345,0.0,0.9988086915599006,0
1643,1581.8472222222222,1.0555555555554292,1.0527777777779193,0.9777777777777601,1.079545454545345,0.027388468853213263,0.921974793893626,50.0,0.9999999999800001,1.0767045454547097,0.0,0.9983295773572407,0
1644,1582.9,1.0527777777779193,0.9861111111110858,0.9777777777777601,1.0767045454547097,0.025818340525740197,0.8691197493540082,47.22222222222222,0.9444444444255556,1.0085227272727197,0.0,0.9984638965242346,0
1645,1583.8861111111112,0.9861111111110858,0.9722222222221717,0.9777777777777601,1.0085227272727197,0.02487292064284731,0.8372941914396657,44.44444444444444,0.8888888888711112,0.9943181818181481,0.0,0.9983180616955543,0
1646,1584.8583333333333,0.9722222222221717,1.0,0.9777777777777601,0.9943181818181481,0.030867354522634127,1.0390841115131646,50.0,0.9999999999800001,1.0227272727272911,0.0,0.9973949452559221,0
1647,1585.8583333333333,1.0,1.0111111111111768,0.9777777777777601,1.0227272727272911,0.024927943167075917,0.8391464081775584,47.22222222222222,0.9444444444255556,1.0340909090909949,0.0,0.9983934907179477,0
1648,1586.8694444444445,1.0111111111111768,0.9916666666665606,0.9777777777777601,1.0340909090909949,0.024630797154064236,0.8291436170185844,47.22222222222222,0.9444444444255556,1.0142045454544553,0.0,0.9977151276619949,0
1649,1587.861111111111,0.9916666666665606,1.0361111111110404,0.9777777777777601,1.0142045454544553,0.03131057623583495,1.0540042317238847,50.0,0.9999999999800001,1.0596590909090378,0.0,0.9987664421713869,0
1650,1588.8972222222221,1.0361111111110404,1.0138888888889142,0.9777777777777601,1.0596590909090378,0.02710347006200154,0.9123809132281674,52.77777777777778,1.0555555555344445,1.0369318181818628,0.0,0.9980980588568582,0
1651,1589.911111111111,1.0138888888889142,0.9777777777778738,0.9777777777777601,1.0369318181818628,0.031770369619015554,1.0694822021049073,52.77777777777778,1.0555555555344445,1.0000000000001164,0.0,0.9982072759154961,0
1652,1590.888888888889,0.9777777777778738,0.941666666666606,0.9777777777777601,1.0000000000001164,0.024379630109307895,0.8206886104403349,44.44444444444444,0.8888888888711112,0.9630681818181372,0.0,0.9972497145188911,0
1653,1591.8305555555555,0.941666666666606,0.9888888888888232,0.9777777777777601,0.9630681818181372,0.030855224048854442,1.0386757648062788,52.77777777777778,1.0555555555344445,1.0113636363635874,0.0,0.9994041155562461,0
1654,1592.8194444444443,0.9888888888888232,1.0750000000000455,0.9777777777777601,1.0113636363635874,0.03248867234567417,1.0936623419993143,55.55555555555556,1.111111111088889,1.0994318181818845,0.0,0.9983707270750166,0
1655,1593.8944444444444,1.0750000000000455,1.0277777777778283,0.9777777777777601,1.0994318181818845,0.033100700969873116,1.1142649893279042,52.77777777777778,1.0555555555344445,1.0511363636364344,0.0,0.996832184793488,0
1656,1594.9222222222222,1.0277777777778283,0.9888888888888232,0.9777777777777601,1.0511363636364344,0.02553241798335681,0.8594947725619033,47.22222222222222,0.9444444444255556,1.0113636363635874,0.0,0.9984922938673548,0
1657,1595.911111111111,0.9888888888888232,0.9750000000001364,0.9777777777777601,1.0113636363635874,0.031169064080142653,1.0492405247318255,52.77777777777778,1.0555555555344445,0.9971590909092485,0.0,0.9985423426862782,0
1658,1596.8861111111112,0.9750000000001364,0.9388888888888687,0.9777777777777601,0.9971590909092485,0.029387482742032518,0.9892673624564138,47.22222222222222,0.9444444444255556,0.9602272727272694,0.0,0.9966712339038779,0
1659,1597.825,0.9388888888888687,0.9472222222220807,0.9777777777777601,0.9602272727272694,0.029119073546954696,0.9802319354072673,47.22222222222222,0.9444444444255556,0.9687499999998729,0.0,0.9977432605102905,0
1660,1598.7722222222221,0.9472222222220807,0.9805555555556111,0.9777777777777601,0.9687499999998729,0.030765526007903478,1.0356562702422836,50.0,0.9999999999800001,1.002840909090984,0.0,0.9986750629938537,0
1661,1599.7527777777777,0.9805555555556111,1.0166666666666515,0.9777777777777601,1.002840909090984,0.03190794137731216,1.0741132639645854,55.55555555555556,1.111111111088889,1.0397727272727306,0.0,0.9986293862562539,0
1662,1600.7694444444444,1.0166666666666515,1.0111111111111768,0.9777777777777601,1.0397727272727306,0.026557511061636497,0.8940023598474122,50.0,0.9999999999800001,1.0340909090909949,0.0,0.9984235304554556,0
1663,1601.7805555555556,1.0111111111111768,0.9527777777777828,0.9777777777777601,1.0340909090909949,0.030061141485042613,1.0119446571993254,50.0,0.9999999999800001,0.974431818181841,0.0,0.9969510868293583,0
1664,1602.7333333333333,0.9527777777777828,0.966666666666697,0.9777777777777601,0.974431818181841,0.02480997987742221,0.8351754238830957,47.22222222222222,0.9444444444255556,0.9886363636364125,0.0,0.9982843625340858,0
1665,1603.7,0.966666666666697,1.008333333333212,0.9777777777777601,0.9886363636364125,0.02987086877727542,1.00553952949878,50.0,0.9999999999800001,1.0312499999998945,0.0,0.9987622129255065,0
1666,1604.7083333333333,1.008333333333212,1.0638888888888687,0.9777777777777601,1.0312499999998945,0.02477153677823832,0.8338813183733407,47.22222222222222,0.9444444444255556,1.0880681818181808,0.0,0.9983150743371407,0
1667,1605.7722222222221,1.0638888888888687,1.0666666666668334,0.9777777777777601,1.0880681818181808,0.02707315174716433,0.9113603113747725,50.0,0.9999999999800001,1.0909090909092811,0.0,0.9982152362088511,0
1668,1606.838888888889,1.0666666666668334,1.0249999999998636,0.9777777777777601,1.0909090909092811,0.03143377566056848,1.0581514794154323,50.0,0.9999999999800001,1.048295454545334,0.0,0.9988107931640843,0
1669,1607.8638888888888,1.0249999999998636,1.005555555555702,0.9777777777777601,1.048295454545334,0.024749922936793827,0.8331537341802324,47.22222222222222,0.9444444444255556,1.0284090909092594,0.0,0.9984757485447036,0
1670,1608.8694444444445,1.005555555555702,0.9888888888888232,0.9777777777777601,1.0284090909092594,0.030378452589421512,1.022626263448576,50.0,0.9999999999800001,1.0113636363635874,0.0,0.99933102478977,0
1671,1609.8583333333333,0.9888888888888232,0.9611111111109949,0.9777777777777601,1.0113636363635874,0.029759349292351717,1.001785462242275,50.0,0.9999999999800001,0.9829545454544444,0.0,0.9963876092037269,0
1672,1610.8194444444443,0.9611111111109949,1.0305555555555657,0.9777777777777601,0.9829545454544444,0.025745413585327705,0.8666648183676704,47.22222222222222,0.9444444444255556,1.053977272727302,0.0,0.9986529142304796,0
1673,1611.85,1.0305555555555657,1.0611111111111313,0.9777777777777601,1.053977272727302,0.03253370877004895,1.0951783978366516,55.55555555555556,1.111111111088889,1.0852272727273131,0.0,0.9978014988143246,0
1674,1612.911111111111,1.0611111111111313,1.038888888889005,0.9777777777777601,1.0852272727273131,0.03193823242125936,1.075132947801229,55.55555555555556,1.111111111088889,1.0625000000001381,0.0,0.9982907218995762,0
1675,1613.95,1.038888888889005,0.9944444444442979,0.9777777777777601,1.0625000000001381,0.03011106650387698,1.0136252772148744,47.22222222222222,0.9444444444255556,1.0170454545453231,0.0,0.996469997447761,0
1676,1614.9444444444443,0.9944444444442979,0.9888888888890506,0.9777777777777601,1.0170454545453231,0.024165625553483016,0.8134846003400846,44.44444444444444,0.8888888888711112,1.01136363636382,0.0,0.9979387933758426,0
1677,1615.9333333333334,0.9888888888890506,1.0361111111110404,0.9777777777777601,1.01136363636382,0.030359648107314792,1.0219932503872204,50.0,0.9999999999800001,1.0596590909090378,0.0,0.9977314359164303,0
1678,1616.9694444444444,1.0361111111110404,1.0472222222222172,0.9777777777777601,1.0596590909090378,0.02435678442544588,0.8199195588813403,47.22222222222222,0.9444444444255556,1.0710227272727415,0.0,0.9980373973530006,0
1679,1618.0166666666667,1.0472222222222172,1.0416666666667425,0.9777777777777601,1.0710227272727415,0.030221721894583855,1.0173502565697614,52.77777777777778,1.0555555555344445,1.065340909091006,0.0,0.9991165612135753,0
1680,1619.0583333333334,1.0416666666667425,1.0277777777778283,0.9777777777777601,1.065340909091006,0.03116500038131877,1.0491037289180225,50.0,0.9999999999800001,1.0511363636364344,0.0,0.998903362911784,0
1681,1620.0861111111112,1.0277777777778283,0.9861111111110858,0.9777777777777601,1.0511363636364344,0.03028544781824225,1.0194954548152537,47.22222222222222,0.9444444444255556,1.0085227272727197,0.0,0.9972707152618014,0
1682,1621.0722222222223,0.9861111111110858,1.0111111111109494,0.9777777777777601,1.0085227272727197,0.024940480585805322,0.8395684538242484,47.22222222222222,0.9444444444255556,1.0340909090907624,0.0,0.9982256617144314,0
1683,1622.0833333333333,1.0111111111109494,0.9916666666667879,0.9777777777777601,1.0340909090907624,0.025755679975715207,0.8670104146553738,47.22222222222222,0.9444444444255556,1.0142045454546877,0.0,0.9987636617393074,0
1684,1623.075,0.9916666666667879,1.041666666666515,0.9777777777777601,1.0142045454546877,0.024988978338830882,0.8412010279593591,47.22222222222222,0.9444444444255556,1.0653409090907733,0.0,0.9983093729352197,0
1685,1624.1166666666666,1.041666666666515,1.0527777777779193,0.9777777777777601,1.0653409090907733,0.02764629103700489,0.9306538316316046,52.77777777777778,1.0555555555344445,1.0767045454547097,0.0,0.998080079842321,0
1686,1625.1694444444445,1.0527777777779193,0.9888888888888232,0.9777777777777601,1.0767045454547097,0.032201288718435056,1.083988180880187,55.55555555555556,1.111111111088889,1.0113636363635874,0.0,0.9984614001077877,0
1687,1626.1583333333333,0.9888888888888232,0.9527777777777828,0.9777777777777601,1.0113636363635874,0.030606651020068067,1.0303080802814117,50.0,0.9999999999800001,0.974431818181841,0.0,0.998146578232886,0
1688,1627.111111111111,0.9527777777777828,0.9638888888889596,0.9777777777777601,0.974431818181841,0.030897685990533396,1.0401051561365349,47.22222222222222,0.9444444444255556,0.9857954545455447,0.0,0.9971828549688123,0
1689,1628.075,0.9638888888889596,1.033333333333303,0.9777777777777601,0.9857954545455447,0.03248749394463812,1.0936226736243437,55.55555555555556,1.111111111088889,1.0568181818181699,0.0,0.9983263460912675,0
1690,1629.1083333333333,1.033333333333303,1.0388888888887777,0.9777777777777601,1.0568181818181699,0.025966775969577405,0.8741165141776198,50.0,0.9999999999800001,1.0624999999999056,0.0,0.9984830370487213,0
1691,1630.1472222222221,1.0388888888887777,1.0166666666666515,0.9777777777777601,1.0624999999999056,0.03130548935464698,1.0538329926429424,52.77777777777778,1.0555555555344445,1.0397727272727306,0.0,0.9979672291707196,0
1692,1631.1638888888888,1.0166666666666515,1.0277777777778283,0.9777777777777601,1.0397727272727306,0.025549591200579685,0.8600728725460393,50.0,0.9999999999800001,1.0511363636364344,0.0,0.99857670974921,0
1693,1632.1916666666666,1.0277777777778283,0.9305555555556566,0.9777777777777601,1.0511363636364344,0.02374002770149029,0.7991577500887779,41.666666666666664,0.8333333333166667,0.951704545454666,0.0,0.9960535316065446,0
1694,1633.1222222222223,0.9305555555556566,0.9583333333332575,0.9777777777777601,0.951704545454666,0.02994839302540738,1.0081492191121824,47.22222222222222,0.9444444444255556,0.9801136363635766,0.0,0.9958910877002698,0
1695,1634.0805555555555,0.9583333333332575,0.9972222222222626,0.9777777777777601,0.9801136363635766,0.030594561987704397,1.0299011286120212,50.0,0.9999999999800001,1.0198863636364235,0.0,0.9981817523035771,0
1696,1635.0777777777778,0.9972222222222626,1.0527777777776919,0.9777777777777601,1.0198863636364235,0.025179277214291182,0.8476070365398686,47.22222222222222,0.9444444444255556,1.076704545454477,0.0,0.9985622335738541,0
1697,1636.1305555555555,1.0527777777776919,1.0111111111111768,0.9777777777777601,1.076704545454477,0.02638781721339736,0.888289975865898,47.22222222222222,0.9444444444255556,1.0340909090909949,0.0,0.9983321564660295,0
1698,1637.1416666666667,1.0111111111111768,0.9861111111110858,0.9777777777777601,1.0340909090909949,0.030261253917130793,1.0186810183781434,47.22222222222222,0.9444444444255556,1.0085227272727197,0.0,0.9974796375565829,0
1699,1638.1277777777777,0.9861111111110858,0.9805555555556111,0.9777777777777601,1.0085227272727197,0.031112366369534895,1.0473319163926014,52.77777777777778,1.0555555555344445,1.002840909090984,0.0,0.9970032656265091,0
1700,1639.1083333333333,0.9805555555556111,0.9916666666665606,0.9777777777777601,1.002840909090984,0.03191979232137984,1.0745122008957735,52.77777777777778,1.0555555555344445,1.0142045454544553,0.0,0.9992129140552464,0
1701,1640.1,0.9916666666665606,0.9777777777778738,0.9777777777777601,1.0142045454544553,0.029414816833965258,0.9901875067664525,47.22222222222222,0.9444444444255556,1.0000000000001164,0.0,0.9977503335880787,0
1702,1641.0777777777778,0.9777777777778738,1.0277777777778283,0.9777777777777601,1.0000000000001164,0.02538825922604141,0.8546419733318276,47.22222222222222,0.9444444444255556,1.0511363636364344,0.0,0.9986586616608779,0
1703,1642.1055555555556,1.0277777777778283,1.033333333333303,0.9777777777777601,1.0511363636364344,0.03196277755534215,1.0759592077523916,55.55555555555556,1.111111111088889,1.0568181818181699,0.0,0.9988262881104221,0
1704,1643.138888888889,1.033333333333303,0.941666666666606,0.9777777777777601,1.0568181818181699,0.0315012316322151,1.060422241826033,52.77777777777778,1.0555555555344445,0.9630681818181372,0.0,0.9988831851600962,0
1705,1644.0805555555555,0.941666666666606,0.9194444444444798,0.9777777777777601,0.9630681818181372,0.03077892904557519,1.0361074551172451,52.77777777777778,1.0555555555344445,0.9403409090909622,0.0,0.9980194545866627,0
1706,1645.0,0.9194444444444798,0.9249999999999545,0.9777777777777601,0.9403409090909622,0.03182232857533968,1.071231290318075,55.55555555555556,1.111111111088889,0.9460227272726979,0.0,0.9974740868176284,0
1707,1645.925,0.9249999999999545,0.9111111111112677,0.9777777777777601,0.9460227272726979,0.02573694705812662,0.866379810661944,47.22222222222222,0.9444444444255556,0.9318181818183588,0.0,0.9988217273846858,0
1708,1646.8361111111112,0.9111111111112677,0.9527777777775555,0.9777777777777601,0.9318181818183588,0.030461946970819106,1.0254369249533464,50.0,0.9999999999800001,0.9744318181816084,0.0,0.9993567575433793,0
1709,1647.7888888888888,0.9527777777775555,0.9416666666668334,0.9777777777777601,0.9744318181816084,0.03338181678820997,1.1237281579358476,58.333333333333336,1.1666666666433334,0.9630681818183697,0.0,0.9951225358030398,0
1710,1648.7305555555556,0.9416666666668334,0.9277777777776919,0.9777777777777601,0.9630681818183697,0.031349493369424664,1.055314294597885,52.77777777777778,1.0555555555344445,0.9488636363635656,0.0,0.9994821093886833,0
1711,1649.6583333333333,0.9277777777776919,0.9388888888888687,0.9777777777777601,0.9488636363635656,0.02553569803075289,0.8596051884101995,47.22222222222222,0.9444444444255556,0.9602272727272694,0.0,0.9987887910423581,0
1712,1650.5972222222222,0.9388888888888687,0.933333333333394,0.9777777777777601,0.9602272727272694,0.024537219300820857,0.8259935167913879,47.22222222222222,0.9444444444255556,0.9545454545455339,0.0,0.9983040194766957,0
1713,1651.5305555555556,0.933333333333394,0.9805555555556111,0.9777777777777601,0.9545454545455339,0.02448634055226398,0.8242807914847744,47.22222222222222,0.9444444444255556,1.002840909090984,0.0,0.9983989283745867,0
1714,1652.5111111111112,0.9805555555556111,0.9972222222222626,0.9777777777777601,1.002840909090984,0.03120331216685424,1.050393414031932,52.77777777777778,1.0555555555344445,1.0198863636364235,0.0,0.9979608848154263,0
1715,1653.5083333333334,0.9972222222222626,1.0388888888887777,0.9777777777777601,1.0198863636364235,0.031045098988052532,1.0450675024704374,50.0,0.9999999999800001,1.0624999999999056,0.0,0.9985814281825124,0
1716,1654.5472222222222,1.0388888888887777,1.0472222222222172,0.9777777777777601,1.0624999999999056,0.03331679249377661,1.1215392527882257,58.333333333333336,1.1666666666433334,1.0710227272727415,0.0,0.9978034151829135,0
1717,1655.5944444444444,1.0472222222222172,0.9805555555556111,0.9777777777777601,1.0710227272727415,0.0260139645469097,0.8757050176859118,50.0,0.9999999999800001,1.002840909090984,0.0,0.9987522547243107,0
1718,1656.575,0.9805555555556111,0.9722222222221717,0.9777777777777601,1.002840909090984,0.024689847324064644,0.831131415920644,47.22222222222222,0.9444444444255556,0.9943181818181481,0.0,0.9983640943037047,0
1719,1657.5472222222222,0.9722222222221717,1.0055555555554747,0.9777777777777601,0.9943181818181481,0.02523864328069469,0.8496054694252553,50.0,0.9999999999800001,1.0284090909090269,0.0,0.9987685063725081,0
1720,1658.5527777777777,1.0055555555554747,1.0722222222223081,0.9777777777777601,1.0284090909090269,0.03210893795431521,1.0808793880093024,55.55555555555556,1.111111111088889,1.0965909090910169,0.0,0.9984882747601775,0
1721,1659.625,1.0722222222223081,1.033333333333303,0.9777777777777601,1.0965909090910169,0.03261998791388655,1.0980828024707083,55.55555555555556,1.111111111088889,1.0568181818181699,0.0,0.9974142961997589,0
1722,1660.6583333333333,1.033333333333303,1.0222222222223536,0.9777777777777601,1.0568181818181699,0.026458572404670932,0.8906717995173397,50.0,0.9999999999800001,1.0454545454546986,0.0,0.9985399480327986,0
1723,1661.6805555555557,1.0222222222223536,1.0194444444443889,0.9777777777777601,1.0454545454546986,0.03152558668687554,1.061242103156039,52.77777777777778,1.0555555555344445,1.0426136363635983,0.0,0.9980895602884969,0
1724,1662.7,1.0194444444443889,0.941666666666606,0.9777777777777601,1.0426136363635983,0.025043941986977198,0.843051262758644,50.0,0.9999999999800001,0.9630681818181372,0.0,0.9985355655093731,0
1725,1663.6416666666667,0.941666666666606,0.9638888888889596,0.9777777777777601,0.9630681818181372,0.030257792662135827,1.0185645025598367,50.0,0.9999999999800001,0.9857954545455447,0.0,0.9980420326184619,0
1726,1664.6055555555556,0.9638888888889596,1.0194444444443889,0.9777777777777601,0.9857954545455447,0.031976809449120985,1.076431561736253,52.77777777777778,1.0555555555344445,1.0426136363635983,0.0,0.9988043052575394,0
1727,1665.625,1.0194444444443889,1.0111111111111768,0.9777777777777601,1.0426136363635983,0.02566445225956648,0.8639394268157691,47.22222222222222,0.9444444444255556,1.0340909090909949,0.0,0.9986096205936119,0
1728,1666.6361111111112,1.0111111111111768,0.9944444444442979,0.9777777777777601,1.0340909090909949,0.025862476410871107,0.8706054904450845,50.0,0.9999999999800001,1.0170454545453231,0.0,0.9986674452954629,0
1729,1667.6305555555555,0.9944444444442979,0.9583333333334849,0.9777777777777601,1.0170454545453231,0.030053554279530936,1.0116892499958285,52.77777777777778,1.0555555555344445,0.9801136363638091,0.0,0.9963764262782999,0
1730,1668.588888888889,0.9583333333334849,0.9722222222221717,0.9777777777777601,0.9801136363638091,0.02538297483962988,0.8544640856558593,47.22222222222222,0.9444444444255556,0.9943181818181481,0.0,0.9980509879091966,0
1731,1669.5611111111111,0.9722222222221717,0.9805555555556111,0.9777777777777601,0.9943181818181481,0.02444224895701946,0.8227965413189153,47.22222222222222,0.9444444444255556,1.002840909090984,0.0,0.9979496335336291,0
1732,1670.5416666666667,0.9805555555556111,1.0166666666666515,0.9777777777777601,1.002840909090984,0.025509173596882297,0.8587122995239296,47.22222222222222,0.9444444444255556,1.0397727272727306,0.0,0.9984464839199748,0
1733,1671.5583333333334,1.0166666666666515,1.0138888888889142,0.9777777777777601,1.0397727272727306,0.030419162859288185,1.0239966884573943,52.77777777777778,1.0555555555344445,1.0369318181818628,0.0,0.9991319030849946,0
1734,1672.5722222222223,1.0138888888889142,0.9916666666665606,0.9777777777777601,1.0369318181818628,0.03065797351432042,1.0320357433469893,50.0,0.9999999999800001,1.0142045454544553,0.0,0.9984754690506432,0
1735,1673.5638888888889,0.9916666666665606,0.9805555555556111,0.9777777777777601,1.0142045454544553,0.030256168236059602,1.0185098196965905,50.0,0.9999999999800001,1.002840909090984,0.0,0.9994410763728387,0
1736,1674.5444444444445,0.9805555555556111,0.9305555555554292,0.9777777777777601,1.002840909090984,0.03075491641225311,1.0352991206763305,50.0,0.9999999999800001,0.9517045454544335,0.0,0.9991700282117173,0
1737,1675.475,0.9305555555554292,0.9277777777779193,0.9777777777777601,0.9517045454544335,0.029181423001897352,0.9823307977488688,47.22222222222222,0.9444444444255556,0.9488636363637982,0.0,0.9962592277888819,0
1738,1676.4027777777778,0.9277777777779193,0.9972222222222626,0.9777777777777601,0.9488636363637982,0.03051985929962653,1.0273864208416446,52.77777777777778,1.0555555555344445,1.0198863636364235,0.0,0.9980769300629148,0
1739,1677.4,0.9972222222222626,1.0111111111109494,0.9777777777777601,1.0198863636364235,0.029544803362412664,0.9945632279291265,52.77777777777778,1.0555555555344445,1.0340909090907624,0.0,0.995775102325952,0
1740,1678.411111111111,1.0111111111109494,0.9555555555555202,0.9777777777777601,1.0340909090907624,0.027884196068706693,0.938662400629933,52.77777777777778,1.0555555555344445,0.9772727272727088,0.0,0.9968818376721628,0
1741,1679.3666666666666,0.9555555555555202,0.9277777777779193,0.9777777777777601,0.9772727272727088,0.0304771055953864,1.025947207942733,52.77777777777778,1.0555555555344445,0.9488636363637982,0.0,0.9993924072764332,0
1742,1680.2944444444445,0.9277777777779193,0.9500000000000455,0.9777777777777601,0.9488636363637982,0.031891730358253025,1.0735675543436511,55.55555555555556,1.111111111088889,0.9715909090909731,0.0,0.9969071901333014,0
1743,1681.2444444444445,0.9500000000000455,0.9222222222222172,0.9777777777777601,0.9715909090909731,0.030887857820969363,1.0397743116246816,52.77777777777778,1.0555555555344445,0.9431818181818301,0.0,0.9990427997367239,0
1744,1682.1666666666667,0.9222222222222172,0.9861111111110858,0.9777777777777601,0.9431818181818301,0.030420170956487663,1.024030623914418,50.0,0.9999999999800001,1.0085227272727197,0.0,0.9973727517006883,0
1745,1683.1527777777778,0.9861111111110858,1.0138888888889142,0.9777777777777601,1.0085227272727197,0.031783982555006286,1.0699404527622043,55.55555555555556,1.111111111088889,1.0369318181818628,0.0,0.9978276835336521,0
1746,1684.1666666666667,1.0138888888889142,1.0388888888887777,0.9777777777777601,1.0369318181818628,0.03136798574578708,1.0559368012804133,52.77777777777778,1.0555555555344445,1.0624999999999056,0.0,0.999319828404293,0
1747,1685.2055555555555,1.0388888888887777,0.9527777777777828,0.9777777777777601,1.0624999999999056,0.03101898228585301,1.0441883390072795,50.0,0.9999999999800001,0.974431818181841,0.0,0.9984886547458769,0
1748,1686.1583333333333,0.9527777777777828,0.9305555555556566,0.9777777777777601,0.974431818181841,0.023649018522503364,0.7960941188398535,41.666666666666664,0.8333333333166667,0.951704545454666,0.0,0.997508789675982,0
1749,1687.088888888889,0.9305555555556566,0.9249999999999545,0.9777777777777601,0.951704545454666,0.03052759032056801,1.027646669286978,50.0,0.9999999999800001,0.9460227272726979,0.0,0.9994550076282345,0
1750,1688.013888888889,0.9249999999999545,0.9166666666667425,0.9777777777777601,0.9460227272726979,0.0302936463320612,1.0197714404181353,50.0,0.9999999999800001,0.9375000000000945,0.0,0.9982966422550071,0
1751,1688.9305555555557,0.9166666666667425,0.9499999999998181,0.9777777777777601,0.9375000000000945,0.026129146210556117,0.8795823644324522,50.0,0.9999999999800001,0.9715909090907406,0.0,0.998621264745114,0
1752,1689.8805555555555,0.9499999999998181,0.9805555555556111,0.9777777777777601,0.9715909090907406,0.026115573365009498,0.8791254633350429,52.77777777777778,1.0555555555344445,1.002840909090984,0.0,0.9980835483167829,0
1753,1690.861111111111,0.9805555555556111,0.9638888888889596,0.9777777777777601,1.002840909090984,0.03015260061373493,1.0150234350520675,50.0,0.9999999999800001,0.9857954545455447,0.0,0.9978041044121839,0
1754,1691.825,0.9638888888889596,0.9444444444443434,0.9777777777777601,0.9857954545455447,0.02998860145119617,1.0095027506030476,47.22222222222222,0.9444444444255556,0.965909090909005,0.0,0.9964005049626516,0
1755,1692.7694444444444,0.9444444444443434,0.9777777777778738,0.9777777777777601,0.965909090909005,0.029836887831793567,1.0043956329423551,47.22222222222222,0.9444444444255556,1.0000000000001164,0.0,0.9985641490347268,0
1756,1693.7472222222223,0.9777777777778738,1.008333333333212,0.9777777777777601,1.0000000000001164,0.030751963175419304,1.0351997062134133,52.77777777777778,1.0555555555344445,1.0312499999998945,0.0,0.9967347599486207,0
1757,1694.7555555555555,1.008333333333212,1.0750000000000455,0.9777777777777601,1.0312499999998945,0.031406181830289745,1.0572225915641136,52.77777777777778,1.0555555555344445,1.0994318181818845,0.0,0.9969781343783715,0
1758,1695.8305555555555,1.0750000000000455,1.058333333333394,0.9777777777777601,1.0994318181818845,0.0316056827964776,1.0639383690385105,50.0,0.9999999999800001,1.0823863636364452,0.0,0.9987613027310629,0
1759,1696.888888888889,1.058333333333394,1.0611111111111313,0.9777777777777601,1.0823863636364452,0.03160016871992367,1.0637527493303924,52.77777777777778,1.0555555555344445,1.0852272727273131,0.0,0.9988310836796033,0
1760,1697.95,1.0611111111111313,0.9805555555556111,0.9777777777777601,1.0852272727273131,0.030380363760820678,1.0226905989857793,50.0,0.9999999999800001,1.002840909090984,0.0,0.9991370726658809,0
1761,1698.9305555555557,0.9805555555556111,0.9722222222221717,0.9777777777777601,1.002840909090984,0.028663000629529374,0.964879206625777,44.44444444444444,0.8888888888711112,0.9943181818181481,0.0,0.9956694973480471,0
1762,1699.9027777777778,0.9722222222221717,1.0388888888887777,0.9777777777777601,0.9943181818181481,0.03098061545446451,1.0428968008913175,50.0,0.9999999999800001,1.0624999999999056,0.0,0.997153164954538,0
1763,1700.9416666666666,1.0388888888887777,1.025000000000091,0.9777777777777601,1.0624999999999056,0.03151726597803728,1.0609620041166472,47.22222222222222,0.9444444444255556,1.0482954545455665,0.0,0.9985042537133639,0
1764,1701.9666666666667,1.025000000000091,0.9972222222222626,0.9777777777777601,1.0482954545455665,0.03181908826795867,1.071122212233215,55.55555555555556,1.111111111088889,1.0198863636364235,0.0,0.9967272154927982,0
1765,1702.963888888889,0.9972222222222626,0.9861111111110858,0.9777777777777601,1.0198863636364235,0.024267625078169344,0.8169181982989165,44.44444444444444,0.8888888888711112,1.0085227272727197,0.0,0.9973127403514698,0
1766,1703.95,0.9861111111110858,0.9777777777776464,0.9777777777777601,1.0085227272727197,0.024263108507622828,0.8167661575177744,44.44444444444444,0.8888888888711112,0.9999999999998838,0.0,0.9972779430384158,0
1767,1704.9277777777777,0.9777777777776464,0.9777777777778738,0.9777777777777601,0.9999999999998838,0.023781621326499504,0.8005579113774824,41.666666666666664,0.8333333333166667,1.0000000000001164,0.0,0.9971232294293102,0
1768,1705.9055555555556,0.9777777777778738,1.008333333333212,0.9777777777777601,1.0000000000001164,0.029710264218722,1.0001331172029975,47.22222222222222,0.9444444444255556,1.0312499999998945,0.0,0.9960128026040433,0
1769,1706.9138888888888,1.008333333333212,1.0083333333334394,0.9777777777777601,1.0312499999998945,0.030195418635822476,1.0164648130750842,50.0,0.9999999999800001,1.0312500000001272,0.0,0.9962207226412411,0
1770,1707.9222222222222,1.0083333333334394,1.0472222222222172,0.9777777777777601,1.0312500000001272,0.0259276748728971,0.8728002585758171,47.22222222222222,0.9444444444255556,1.0710227272727415,0.0,0.9981749728839353,0
1771,1708.9694444444444,1.0472222222222172,1.0,0.9777777777777601,1.0710227272727415,0.025498189701516207,0.8583425499508309,50.0,0.9999999999800001,1.0227272727272911,0.0,0.9987796324967133,0
1772,1709.9694444444444,1.0,0.9583333333332575,0.9777777777777601,1.0227272727272911,0.029457255863426533,0.9916161268054298,47.22222222222222,0.9444444444255556,0.9801136363635766,0.0,0.9982399483805701,0
1773,1710.9277777777777,0.9583333333332575,0.9805555555556111,0.9777777777777601,0.9801136363635766,0.030306242969834585,1.0201954795485122,47.22222222222222,0.9444444444255556,1.002840909090984,0.0,0.9984168618195381,0
1774,1711.9083333333333,0.9805555555556111,1.0222222222223536,0.9777777777777601,1.002840909090984,0.031887405475988014,1.0734219663425013,52.77777777777778,1.0555555555344445,1.0454545454546986,0.0,0.9978479248610919,0
1775,1712.9305555555557,1.0222222222223536,1.0527777777776919,0.9777777777777601,1.0454545454546986,0.03333255840402024,1.122069978763647,58.333333333333336,1.1666666666433334,1.076704545454477,0.0,0.996605482299252,0
1776,1713.9833333333333,1.0527777777776919,0.9944444444445253,0.9777777777777601,1.076704545454477,0.02634504634142125,0.8868501850515167,50.0,0.9999999999800001,1.0170454545455556,0.0,0.9985455484604338,0
1777,1714.9777777777779,0.9944444444445253,1.0305555555555657,0.9777777777777601,1.0170454545455556,0.026108311714786905,0.878881015260812,47.22222222222222,0.9444444444255556,1.053977272727302,0.0,0.9989225977817537,0
1778,1716.0083333333334,1.0305555555555657,0.9888888888888232,0.9777777777777601,1.053977272727302,0.025270328130463992,0.8506720727827546,50.0,0.9999999999800001,1.0113636363635874,0.0,0.9985251812020315,0
1779,1716.9972222222223,0.9888888888888232,0.9694444444444343,0.9777777777777601,1.0113636363635874,0.030307065915846382,1.0202231822829615,50.0,0.9999999999800001,0.9914772727272804,0.0,0.9994704207250842,0
1780,1717.9666666666667,0.9694444444444343,0.9888888888888232,0.9777777777777601,0.9914772727272804,0.02457047954415182,0.8271131524363837,47.22222222222222,0.9444444444255556,1.0113636363635874,0.0,0.9980959540354835,0
1781,1718.9555555555555,0.9888888888888232,1.0416666666667425,0.9777777777777601,1.0113636363635874,0.031172740876621644,1.049364296297665,50.0,0.9999999999800001,1.065340909091006,0.0,0.9986032237365232,0
1782,1719.9972222222223,1.0416666666667425,1.066666666666606,0.9777777777777601,1.065340909091006,0.02665790823392503,0.8973820180066291,50.0,0.9999999999800001,1.0909090909090486,0.0,0.9986516461537585,0
1783,1721.0638888888889,1.066666666666606,0.9833333333333485,0.9777777777777601,1.0909090909090486,0.030636815273880035,1.0313234959967004,47.22222222222222,0.9444444444255556,1.0056818181818519,0.0,0.9982950427787818,0
1784,1722.0472222222222,0.9833333333333485,0.9583333333332575,0.9777777777777601,1.0056818181818519,0.029714614276138036,1.0002795526722847,44.44444444444444,0.8888888888711112,0.9801136363635766,0.0,0.9964702459536117,0
1785,1723.0055555555555,0.9583333333332575,1.0138888888889142,0.9777777777777601,0.9801136363635766,0.024820936264204892,0.8355442474379984,47.22222222222222,0.9444444444255556,1.0369318181818628,0.0,0.9984795083135997,0
1786,1724.0194444444444,1.0138888888889142,1.0083333333334394,0.9777777777777601,1.0369318181818628,0.03083678734972939,1.0380551323800193,50.0,0.9999999999800001,1.0312500000001272,0.0,0.9989727688957007,0
1787,1725.0277777777778,1.0083333333334394,1.0249999999998636,0.9777777777777601,1.0312500000001272,0.02509250173504949,0.8446859238256946,47.22222222222222,0.9444444444255556,1.048295454545334,0.0,0.9984193064629676,0
1788,1726.0527777777777,1.0249999999998636,1.0305555555555657,0.9777777777777601,1.048295454545334,0.026161620797019208,0.880675552603049,50.0,0.9999999999800001,1.053977272727302,0.0,0.9986031330090825,0
1789,1727.0833333333333,1.0305555555555657,1.0305555555555657,0.9777777777777601,1.053977272727302,0.032718775831030236,1.1014082884639511,55.55555555555556,1.111111111088889,1.053977272727302,0.0,0.9968037726448225,0
1790,1728.1138888888888,1.0305555555555657,0.9388888888888687,0.9777777777777601,1.053977272727302,0.031032697532255724,1.0446500337278977,50.0,0.9999999999800001,0.9602272727272694,0.0,0.9970166776931308,0
1791,1729.0527777777777,0.9388888888888687,0.9388888888888687,0.9777777777777601,0.9602272727272694,0.02896677789162788,0.9751052247399652,47.22222222222222,0.9444444444255556,0.9602272727272694,0.0,0.9966191659044985,0
1792,1729.9916666666666,0.9388888888888687,1.0083333333334394,0.9777777777777601,0.9602272727272694,0.03099929380187054,1.0435255678951336,52.77777777777778,1.0555555555344445,1.0312500000001272,0.0,0.9990800906115437,0
1793,1731.0,1.0083333333334394,1.0222222222221262,0.9777777777777601,1.0312500000001272,0.03452693926774465,1.162276280786756,58.333333333333336,1.1666666666433334,1.0454545454544661,0.0,0.9968197847012459,0
1794,1732.0222222222221,1.0222222222221262,0.9527777777777828,0.9777777777777601,1.0454545454544661,0.026499100279821844,0.8920360845943721,50.0,0.9999999999800001,0.974431818181841,0.0,0.9984315498504386,0
1795,1732.975,0.9527777777777828,0.9500000000000455,0.9777777777777601,0.974431818181841,0.030745810173660265,1.034992578441539,50.0,0.9999999999800001,0.9715909090909731,0.0,0.9996119350852537,0
1796,1733.925,0.9500000000000455,0.9388888888888687,0.9777777777777601,0.9715909090909731,0.03248849404846956,1.0936563400015629,55.55555555555556,1.111111111088889,0.9602272727272694,0.0,0.9979767577322135,0
1797,1734.8638888888888,0.9388888888888687,0.9416666666668334,0.9777777777777601,0.9602272727272694,0.030979942090031166,1.042874133503886,50.0,0.9999999999800001,0.9630681818183697,0.0,0.9973390305599833,0
1798,1735.8055555555557,0.9416666666668334,0.9388888888888687,0.9777777777777601,0.9630681818183697,0.030175333831932105,1.0157887006926627,47.22222222222222,0.9444444444255556,0.9602272727272694,0.0,0.9992587665304682,0
1799,1736.7444444444445,0.9388888888888687,1.0055555555554747,0.9777777777777601,0.9602272727272694,0.031791314206644494,1.0701872572858255,55.55555555555556,1.111111111088889,1.0284090909090269,0.0,0.9983681805337496,0
1800,1737.75,1.0055555555554747,1.0555555555556566,0.9777777777777601,1.0284090909090269,0.03272417039320888,1.1015898849737618,55.55555555555556,1.111111111088889,1.0795454545455774,0.0,0.9984053395096117,0
1801,1738.8055555555557,1.0555555555556566,1.0027777777777374,0.9777777777777601,1.0795454545455774,0.03235352486674079,1.089112888369663,52.77777777777778,1.0555555555344445,1.025568181818159,0.0,0.99899056100564,0
1802,1739.8083333333334,1.0027777777777374,0.9527777777777828,0.9777777777777601,1.025568181818159,0.024695956815359365,0.8313370790048943,47.22222222222222,0.9444444444255556,0.974431818181841,0.0,0.998431852262362,0
1803,1740.7611111111112,0.9527777777777828,0.966666666666697,0.9777777777777601,0.974431818181841,0.031124462413752853,1.0477391041012152,50.0,0.9999999999800001,0.9886363636364125,0.0,0.999409526319426,0
1804,1741.7277777777779,0.966666666666697,0.974999999999909,0.9777777777777601,0.9886363636364125,0.030926792842261425,1.0410849766502945,50.0,0.9999999999800001,0.9971590909090159,0.0,0.9994959407810579,0
1805,1742.7027777777778,0.974999999999909,0.9777777777778738,0.9777777777777601,0.9971590909090159,0.02570198617490568,0.8652029265770863,50.0,0.9999999999800001,1.0000000000001164,0.0,0.9983001488470672,0
1806,1743.6805555555557,0.9777777777778738,0.9861111111110858,0.9777777777777601,1.0000000000001164,0.02509313927601412,0.8447073852919276,47.22222222222222,0.9444444444255556,1.0085227272727197,0.0,0.9982608193828686,0
1807,1744.6666666666667,0.9861111111110858,0.9805555555553838,0.9777777777777601,1.0085227272727197,0.03219248878143847,1.0836919496398723,55.55555555555556,1.111111111088889,1.0028409090907515,0.0,0.9974404123094555,0
1808,1745.6472222222221,0.9805555555553838,0.9722222222223991,0.9777777777777601,1.0028409090907515,0.030376682608882776,1.0225666808026406,50.0,0.9999999999800001,0.9943181818183807,0.0,0.999295803748131,0
1809,1746.6194444444445,0.9722222222223991,0.9638888888887323,0.9777777777777601,0.9943181818183807,0.029875667101081,1.005701054906622,50.0,0.9999999999800001,0.9857954545453121,0.0,0.9969172496545119,0
1810,1747.5833333333333,0.9638888888887323,0.9833333333333485,0.9777777777777601,0.9857954545453121,0.030138105786115428,1.0145354973809755,50.0,0.9999999999800001,1.0056818181818519,0.0,0.9973459009246459,0
1811,1748.5666666666666,0.9833333333333485,1.0499999999999545,0.9777777777777601,1.0056818181818519,0.030563515278583094,1.0288560069078252,50.0,0.9999999999800001,1.0738636363636094,0.0,0.999214981594589,0
1812,1749.6166666666666,1.0499999999999545,1.058333333333394,0.9777777777777601,1.0738636363636094,0.030587581694047388,1.0296661518106442,50.0,0.9999999999800001,1.0823863636364452,0.0,0.9994741159499588,0
1813,1750.675,1.058333333333394,1.0611111111111313,0.9777777777777601,1.0823863636364452,0.032001394787323396,1.0772591750739484,55.55555555555556,1.111111111088889,1.0852272727273131,0.0,0.9980526402767309,0
1814,1751.736111111111,1.0611111111111313,0.9888888888888232,0.9777777777777601,1.0852272727273131,0.029992781341599165,1.0096434577602622,47.22222222222222,0.9444444444255556,1.0113636363635874,0.0,0.9981772059969727,0
1815,1752.725,0.9888888888888232,0.9972222222222626,0.9777777777777601,1.0113636363635874,0.02920569784623801,0.9831479589683486,47.22222222222222,0.9444444444255556,1.0198863636364235,0.0,0.9960148254666239,0
1816,1753.7222222222222,0.9972222222222626,0.9833333333333485,0.9777777777777601,1.0198863636364235,0.023969403513702546,0.8068792009782739,44.44444444444444,0.8888888888711112,1.0056818181818519,0.0,0.997604795896072,0
1817,1754.7055555555555,0.9833333333333485,1.025000000000091,0.9777777777777601,1.0056818181818519,0.029662137777869368,0.9985130425057319,47.22222222222222,0.9444444444255556,1.0482954545455665,0.0,0.9964838962466085,0
1818,1755.7305555555556,1.025000000000091,1.0583333333331666,0.9777777777777601,1.0482954545455665,0.03144897839388953,1.0586632472325896,52.77777777777778,1.0555555555344445,1.0823863636362128,0.0,0.9985727181554007,0
1819,1756.7888888888888,1.0583333333331666,1.0222222222223536,0.9777777777777601,1.0823863636362128,0.025779334876070162,0.867806706773645,50.0,0.9999999999800001,1.0454545454546986,0.0,0.9988054829165509,0
1820,1757.8111111111111,1.0222222222223536,1.0,0.9777777777777601,1.0454545454546986,0.025328141664337545,0.8526182429488564,47.22222222222222,0.9444444444255556,1.0227272727272911,0.0,0.9979030128557022,0
1821,1758.8111111111111,1.0,0.9833333333333485,0.9777777777777601,1.0227272727272911,0.024131512337542776,0.812336251178833,44.44444444444444,0.8888888888711112,1.0056818181818519,0.0,0.9970920030225686,0
1822,1759.7944444444445,0.9833333333333485,1.008333333333212,0.9777777777777601,1.0056818181818519,0.030988075213869235,1.0431479178915604,50.0,0.9999999999800001,1.0312499999998945,0.0,0.9989426428129589,0
1823,1760.8027777777777,1.008333333333212,1.0805555555557476,0.9777777777777601,1.0312499999998945,0.0316082819560921,1.0640258642417917,52.77777777777778,1.0555555555344445,1.1051136363638527,0.0,0.9994921945285132,0
1824,1761.8833333333334,1.0805555555557476,1.0249999999998636,0.9777777777777601,1.1051136363638527,0.024986334546315762,0.841112030284013,47.22222222222222,0.9444444444255556,1.048295454545334,0.0,0.9984794035730046,0
1825,1762.9083333333333,1.0249999999998636,1.0055555555554747,0.9777777777777601,1.048295454545334,0.031089576623379415,1.0465647478580185,52.77777777777778,1.0555555555344445,1.0284090909090269,0.0,0.9986827477682378,0
1826,1763.9138888888888,1.0055555555554747,0.9888888888890506,0.9777777777777601,1.0284090909090269,0.024935067981009057,0.8393862499479305,47.22222222222222,0.9444444444255556,1.01136363636382,0.0,0.9983819403662981,0
1827,1764.9027777777778,0.9888888888890506,1.008333333333212,0.9777777777777601,1.01136363636382,0.02917953462848642,0.9822672296576523,47.22222222222222,0.9444444444255556,1.0312499999998945,0.0,0.9962463868452615,0
1828,1765.911111111111,1.008333333333212,1.0305555555555657,0.9777777777777601,1.0312499999998945,0.02484684587453224,0.8364164395919098,47.22222222222222,0.9444444444255556,1.053977272727302,0.0,0.9982356475119327,0
1829,1766.9416666666666,1.0305555555555657,1.0638888888888687,0.9777777777777601,1.053977272727302,0.02479769809899937,0.8347619838258683,44.44444444444444,0.8888888888711112,1.0880681818181808,0.0,0.998371798892302,0
1830,1768.0055555555555,1.0638888888888687,1.0361111111112677,0.9777777777777601,1.0880681818181808,0.0305203351930263,1.0274024407849836,50.0,0.9999999999800001,1.0596590909092702,0.0,0.9995085633209337,0
1831,1769.0416666666667,1.0361111111112677,1.0027777777777374,0.9777777777777601,1.0596590909092702,0.030262367743922616,1.0187185129979532,50.0,0.9999999999800001,1.025568181818159,0.0,0.9973970011577022,0
1832,1770.0444444444445,1.0027777777777374,0.9388888888888687,0.9777777777777601,1.025568181818159,0.02505691503867371,0.8434879730664806,47.22222222222222,0.9444444444255556,0.9602272727272694,0.0,0.9985590333523288,0
1833,1770.9833333333333,0.9388888888888687,0.9500000000000455,0.9777777777777601,0.9602272727272694,0.028991521771714143,0.9759381750543814,44.44444444444444,0.8888888888711112,0.9715909090909731,0.0,0.9948419848923503,0
1834,1771.9333333333334,0.9500000000000455,0.9527777777777828,0.9777777777777601,0.9715909090909731,0.02576413248728217,0.8672949505544633,50.0,0.9999999999800001,0.974431818181841,0.0,0.9988118572742006,0
1835,1772.8861111111112,0.9527777777777828,0.9722222222221717,0.9777777777777601,0.974431818181841,0.02633383753156658,0.8864728642085394,50.0,0.9999999999800001,0.9943181818181481,0.0,0.9982891711164691,0
1836,1773.8583333333333,0.9722222222221717,0.9138888888887777,0.9777777777777601,0.9943181818181481,0.03236548215372032,1.0895154051097393,55.55555555555556,1.111111111088889,0.9346590909089941,0.0,0.9968575867769809,0
1837,1774.7722222222221,0.9138888888887777,0.933333333333394,0.9777777777777601,0.9346590909089941,0.03167899677829741,1.0664063289540537,55.55555555555556,1.111111111088889,0.9545454545455339,0.0,0.9985696963456854,0
1838,1775.7055555555555,0.933333333333394,0.9444444444445708,0.9777777777777601,0.9545454545455339,0.02525429727440896,0.85013242796776,47.22222222222222,0.9444444444255556,0.9659090909092376,0.0,0.9984772716337071,0
1839,1776.65,0.9444444444445708,0.974999999999909,0.9777777777777601,0.9659090909092376,0.03055738284974653,1.0286495716798114,50.0,0.9999999999800001,0.9971590909090159,0.0,0.9994449236962282,0
1840,1777.625,0.974999999999909,0.9500000000000455,0.9777777777777601,0.9971590909090159,0.029924395622927424,1.0073413973853083,47.22222222222222,0.9444444444255556,0.9715909090909731,0.0,0.9962232770261524,0
1841,1778.575,0.9500000000000455,1.0055555555554747,0.9777777777777601,0.9715909090909731,0.02912868577608249,0.9805555107417065,47.22222222222222,0.9444444444255556,1.0284090909090269,0.0,0.9970743210886506,0
1842,1779.5805555555555,1.0055555555554747,1.0416666666667425,0.9777777777777601,1.0284090909090269,0.0322483081874874,1.0855709917164136,55.55555555555556,1.111111111088889,1.065340909091006,0.0,0.9986847539736385,0
1843,1780.6222222222223,1.0416666666667425,1.033333333333303,0.9777777777777601,1.065340909091006,0.03226602633346984,1.086167435573056,52.77777777777778,1.0555555555344445,1.0568181818181699,0.0,0.9985282849941446,0
1844,1781.6555555555556,1.033333333333303,0.9472222222223081,0.9777777777777601,1.0568181818181699,0.02566911644963892,0.8640964368955864,47.22222222222222,0.9444444444255556,0.9687500000001054,0.0,0.9981849300327669,0
1845,1782.6027777777779,0.9472222222223081,0.9305555555554292,0.9777777777777601,0.9687500000001054,0.02398375698395662,0.8073623801530603,44.44444444444444,0.8888888888711112,0.9517045454544335,0.0,0.9963727638059019,0
1846,1783.5333333333333,0.9305555555554292,1.0111111111111768,0.9777777777777601,0.9517045454544335,0.024580172967776825,0.8274394610115978,47.22222222222222,0.9444444444255556,1.0340909090909949,0.0,0.9982111914824128,0
1847,1784.5444444444445,1.0111111111111768,1.0444444444444798,0.9777777777777601,1.0340909090909949,0.03176472387610225,1.0692921501276766,52.77777777777778,1.0555555555344445,1.0681818181818736,0.0,0.9980609493068122,0
1848,1785.588888888889,1.0444444444444798,1.0111111111109494,0.9777777777777601,1.0681818181818736,0.025629365320822276,0.8627582993387123,47.22222222222222,0.9444444444255556,1.0340909090907624,0.0,0.9979713915634822,0
1849,1786.6,1.0111111111109494,1.0166666666666515,0.9777777777777601,1.0340909090907624,0.030358991347495066,1.0219711419589372,50.0,0.9999999999800001,1.0397727272727306,0.0,0.9990861793059034,0
1850,1787.6166666666666,1.0166666666666515,0.9944444444445253,0.9777777777777601,1.0397727272727306,0.02593831165869527,0.8731583234405059,50.0,0.9999999999800001,1.0170454545455556,0.0,0.9988331565042097,0
1851,1788.611111111111,0.9944444444445253,1.0194444444443889,0.9777777777777601,1.0170454545455556,0.03028890703837731,1.0196119021343115,50.0,0.9999999999800001,1.0426136363635983,0.0,0.9994758548176557,0
1852,1789.6305555555555,1.0194444444443889,1.005555555555702,0.9777777777777601,1.0426136363635983,0.023887453117326735,0.8041205144590301,44.44444444444444,0.8888888888711112,1.0284090909092594,0.0,0.9974971541573395,0
1853,1790.6361111111112,1.005555555555702,1.0638888888888687,0.9777777777777601,1.0284090909092594,0.025010678682247815,0.8419315240581544,47.22222222222222,0.9444444444255556,1.0880681818181808,0.0,0.9985549296239924,0
1854,1791.7,1.0638888888888687,1.0638888888888687,0.9777777777777601,1.0880681818181808,0.0315534057940592,1.0621785744772154,52.77777777777778,1.0555555555344445,1.0880681818181808,0.0,0.9987462268427792,0
1855,1792.763888888889,1.0638888888888687,0.9833333333333485,0.9777777777777601,1.0880681818181808,0.0249547058916903,0.8400473186170072,47.22222222222222,0.9444444444255556,1.0056818181818519,0.0,0.9985207737172705,0
1856,1793.7472222222223,0.9833333333333485,0.9694444444444343,0.9777777777777601,1.0056818181818519,0.02908288184271729,0.9790136183398264,47.22222222222222,0.9444444444255556,0.9914772727272804,0.0,0.9987503963700046,0
1857,1794.7166666666667,0.9694444444444343,0.9777777777776464,0.9777777777777601,0.9914772727272804,0.030888983891956576,1.0398122184193954,52.77777777777778,1.0555555555344445,0.9999999999998838,0.0,0.9970402242101379,0
1858,1795.6944444444443,0.9777777777776464,1.0305555555555657,0.9777777777777601,0.9999999999998838,0.030706715021293005,1.0336765229424445,52.77777777777778,1.0555555555344445,1.053977272727302,0.0,0.9966642009564468,0
1859,1796.725,1.0305555555555657,1.0361111111112677,0.9777777777777601,1.053977272727302,0.031018190462382425,1.0441616839472612,50.0,0.9999999999800001,1.0596590909092702,0.0,0.9986208248872435,0
1860,1797.7611111111112,1.0361111111112677,1.041666666666515,0.9777777777777601,1.0596590909092702,0.031248713621069405,1.0519217578256956,52.77777777777778,1.0555555555344445,1.0653409090907733,0.0,0.9972115947724646,0
1861,1798.8027777777777,1.041666666666515,1.0138888888889142,0.9777777777777601,1.0653409090907733,0.025132738802846465,0.8460404194891004,47.22222222222222,0.9444444444255556,1.0369318181818628,0.0,0.9984119651786798,0
1862,1799.8166666666666,1.0138888888889142,0.9916666666667879,0.9777777777777601,1.0369318181818628,0.025445916967279752,0.856582899068841,50.0,0.9999999999800001,1.0142045454546877,0.0,0.9987115173523461,0
1863,1800.8083333333334,0.9916666666667879,0.9888888888888232,0.9777777777777601,1.0142045454546877,0.03065938788551967,1.0320833551577082,50.0,0.9999999999800001,1.0113636363635874,0.0,0.9973545413324997,0
1864,1801.7972222222222,0.9888888888888232,0.9916666666665606,0.9777777777777601,1.0113636363635874,0.024242470448415036,0.8160714209669125,44.44444444444444,0.8888888888711112,1.0142045454544553,0.0,0.9975062725027966,0
1865,1802.7888888888888,0.9916666666665606,1.0222222222223536,0.9777777777777601,1.0142045454544553,0.030432075217400472,1.02443135564427,50.0,0.9999999999800001,1.0454545454546986,0.0,0.9971424462815404,0
1866,1803.8111111111111,1.0222222222223536,1.0527777777776919,0.9777777777777601,1.0454545454546986,0.03149784728053466,1.0603083147949253,52.77777777777778,1.0555555555344445,1.076704545454477,0.0,0.9968288860194372,0
1867,1804.8638888888888,1.0527777777776919,,0.9777777777777601,1.076704545454477,0.030388423988461984,1.022961929477387,50.0,0.9999999999800001,,0.0,0.9977281615158076,0
