beat_index,peak_time_s,rr_prev_s,rr_next_s,rr_baseline_s,prematurity_index,qrs_width_ms,is_pvc_candidate
0,0.32222222222222224,,0.8166666666666667,0.8250000000000313,,94.44444444444444,0
1,1.1388888888888888,0.8166666666666667,0.7972222222222223,0.8250000000000313,0.9898989898989524,88.88888888888889,0
2,1.9361111111111111,0.7972222222222223,0.8111111111111111,0.8250000000000313,0.9663299663299297,83.33333333333333,0
3,2.7472222222222222,0.8111111111111111,0.8777777777777778,0.8250000000000313,0.9831649831649459,83.33333333333333,0
4,3.625,0.8777777777777778,0.8583333333333334,0.8250000000000313,1.0639730639730236,91.66666666666667,0
5,4.483333333333333,0.8583333333333334,0.8250000000000002,0.8250000000000313,1.0404040404040011,86.11111111111111,0
6,5.308333333333334,0.8250000000000002,0.8083333333333327,0.8250000000000313,0.9999999999999624,86.11111111111111,0
7,6.116666666666666,0.8083333333333327,0.7972222222222225,0.8250000000000313,0.9797979797979419,83.33333333333333,0
8,6.913888888888889,0.7972222222222225,0.8694444444444445,0.8250000000000313,0.9663299663299301,86.11111111111111,0
9,7.783333333333333,0.8694444444444445,0.7527777777777782,0.8250000000000313,1.0538720538720139,102.77777777777777,0
10,8.536111111111111,0.7527777777777782,0.8333333333333321,0.8250000000000313,0.9124579124578784,94.44444444444444,0
11,9.369444444444444,0.8333333333333321,0.8861111111111128,0.8250000000000313,1.0101010101009704,88.88888888888889,0
12,10.255555555555556,0.8861111111111128,0.8499999999999996,0.8250000000000313,1.0740740740740355,88.88888888888889,0
13,11.105555555555556,0.8499999999999996,0.8083333333333336,0.8250000000000313,1.0303030303029908,86.11111111111111,0
14,11.91388888888889,0.8083333333333336,0.8055555555555554,0.8250000000000313,0.9797979797979429,77.77777777777777,0
15,12.719444444444445,0.8055555555555554,0.7972222222222225,0.8250000000000313,0.9764309764309392,77.77777777777777,0
16,13.516666666666667,0.7972222222222225,0.8277777777777775,0.8250000000000313,0.9663299663299301,91.66666666666667,0
17,14.344444444444445,0.8277777777777775,0.8388888888888886,0.8250000000000313,1.003367003366965,91.66666666666667,0
18,15.183333333333334,0.8388888888888886,0.8388888888888886,0.8250000000000313,1.016835016834978,86.11111111111111,0
19,16.022222222222222,0.8388888888888886,0.8777777777777764,0.8250000000000313,1.016835016834978,86.11111111111111,0
20,16.9,0.8777777777777764,0.8250000000000028,0.8250000000000313,1.063973063973022,83.33333333333333,0
21,17.725,0.8250000000000028,0.7888888888888879,0.8250000000000313,0.9999999999999656,83.33333333333333,0
22,18.51388888888889,0.7888888888888879,0.7944444444444443,0.8250000000000313,0.9562289562289188,80.55555555555556,0
23,19.308333333333334,0.7944444444444443,0.8083333333333336,0.8250000000000313,0.9629629629629263,80.55555555555556,0
24,20.116666666666667,0.8083333333333336,0.8527777777777779,0.8250000000000313,0.9797979797979429,80.55555555555556,0
25,20.969444444444445,0.8527777777777779,0.8555555555555543,0.8250000000000313,1.0336700336699947,88.88888888888889,0
26,21.825,0.8555555555555543,0.8416666666666686,0.8250000000000313,1.0370370370369961,91.66666666666667,0
27,22.666666666666668,0.8416666666666686,0.8694444444444436,0.8250000000000313,1.020202020201984,108.33333333333333,0
28,23.53611111111111,0.8694444444444436,0.8083333333333336,0.8250000000000313,1.053872053872013,91.66666666666667,0
29,24.344444444444445,0.8083333333333336,0.7749999999999986,0.8250000000000313,0.9797979797979429,83.33333333333333,0
30,25.119444444444444,0.7749999999999986,0.8055555555555571,0.8250000000000313,0.939393939393902,80.55555555555556,0
31,25.925,0.8055555555555571,0.8277777777777757,0.8250000000000313,0.9764309764309413,77.77777777777777,0
32,26.752777777777776,0.8277777777777757,0.8583333333333343,0.8250000000000313,1.0033670033669628,86.11111111111111,0
33,27.61111111111111,0.8583333333333343,0.8472222222222214,0.8250000000000313,1.040404040404002,83.33333333333333,0
34,28.458333333333332,0.8472222222222214,0.8277777777777793,0.8250000000000313,1.026936026935987,77.77777777777777,0
35,29.28611111111111,0.8277777777777793,0.8388888888888886,0.8250000000000313,1.0033670033669673,88.88888888888889,0
36,30.125,0.8388888888888886,0.8500000000000014,0.8250000000000313,1.016835016834978,88.88888888888889,0
37,30.975,0.8500000000000014,0.7305555555555543,0.8250000000000313,1.030303030302993,100.0,0
38,31.705555555555556,0.7305555555555543,0.8222222222222229,0.8250000000000313,0.8855218855218504,83.33333333333333,0
39,32.52777777777778,0.8222222222222229,0.8555555555555543,0.8250000000000313,0.9966329966329597,86.11111111111111,0
40,33.38333333333333,0.8555555555555543,0.8694444444444471,0.8250000000000313,1.0370370370369961,83.33333333333333,0
41,34.25277777777778,0.8694444444444471,0.8388888888888886,0.8250000000000313,1.0538720538720172,83.33333333333333,0
42,35.09166666666667,0.8388888888888886,0.8166666666666629,0.8250000000000313,1.016835016834978,86.11111111111111,0
43,35.90833333333333,0.8166666666666629,0.8222222222222229,0.8250000000000313,0.9898989898989478,88.88888888888889,0
44,36.730555555555554,0.8222222222222229,0.8000000000000043,0.8250000000000313,0.9966329966329597,88.88888888888889,0
45,37.53055555555556,0.8000000000000043,0.7944444444444443,0.8250000000000313,0.9696969696969381,100.0,0
46,38.325,0.7944444444444443,0.8361111111111086,0.8250000000000313,0.9629629629629263,86.11111111111111,0
47,39.16111111111111,0.8361111111111086,0.8638888888888872,0.8250000000000313,1.013468013467972,80.55555555555556,0
48,40.025,0.8638888888888872,0.8583333333333343,0.8250000000000313,1.0471380471380054,91.66666666666667,0
49,40.88333333333333,0.8583333333333343,0.8194444444444429,0.8250000000000313,1.040404040404002,83.33333333333333,0
50,41.702777777777776,0.8194444444444429,0.8000000000000043,0.8250000000000313,0.9932659932659537,86.11111111111111,0
51,42.50277777777778,0.8000000000000043,0.8833333333333329,0.8250000000000313,0.9696969696969381,91.66666666666667,0
52,43.38611111111111,0.8833333333333329,0.7527777777777729,0.8250000000000313,1.0707070707070296,105.55555555555556,0
53,44.138888888888886,0.7527777777777729,0.81666666666667,0.8250000000000313,0.912457912457872,86.11111111111111,0
54,44.955555555555556,0.81666666666667,0.8555555555555543,0.8250000000000313,0.9898989898989564,86.11111111111111,0
55,45.81111111111111,0.8555555555555543,0.8638888888888872,0.8250000000000313,1.0370370370369961,88.88888888888889,0
56,46.675,0.8638888888888872,0.8472222222222285,0.8250000000000313,1.0471380471380054,86.11111111111111,0
57,47.522222222222226,0.8472222222222285,0.7916666666666643,0.8250000000000313,1.0269360269359957,80.55555555555556,0
58,48.31388888888889,0.7916666666666643,0.7972222222222243,0.8250000000000313,0.9595959595959204,91.66666666666667,0
59,49.111111111111114,0.7972222222222243,0.8333333333333286,0.8250000000000313,0.9663299663299322,100.0,0
60,49.94444444444444,0.8333333333333286,0.81666666666667,0.8250000000000313,1.010101010100966,94.44444444444444,0
61,50.76111111111111,0.81666666666667,0.8305555555555557,0.8250000000000313,0.9898989898989564,88.88888888888889,0
62,51.59166666666667,0.8305555555555557,0.8500000000000014,0.8250000000000313,1.0067340067339687,86.11111111111111,0
63,52.44166666666667,0.8500000000000014,0.8499999999999943,0.8250000000000313,1.030303030302993,83.33333333333333,0
64,53.291666666666664,0.8499999999999943,0.81944444444445,0.8250000000000313,1.0303030303029843,88.88888888888889,0
65,54.111111111111114,0.81944444444445,0.7944444444444443,0.8250000000000313,0.9932659932659623,83.33333333333333,0
66,54.90555555555556,0.7944444444444443,0.8027777777777771,0.8250000000000313,0.9629629629629263,86.11111111111111,0
67,55.708333333333336,0.8027777777777771,0.8444444444444414,0.8250000000000313,0.9730639730639354,97.22222222222223,0
68,56.55277777777778,0.8444444444444414,0.8444444444444485,0.8250000000000313,1.0235690235689812,97.22222222222223,0
69,57.397222222222226,0.8444444444444485,0.8388888888888886,0.8250000000000313,1.0235690235689898,83.33333333333333,0
70,58.236111111111114,0.8388888888888886,0.8416666666666615,0.8250000000000313,1.016835016834978,86.11111111111111,0
71,59.077777777777776,0.8416666666666615,0.8333333333333357,0.8250000000000313,1.0202020202019753,83.33333333333333,0
72,59.91111111111111,0.8333333333333357,0.8027777777777771,0.8250000000000313,1.0101010101009746,86.11111111111111,0
73,60.71388888888889,0.8027777777777771,0.7944444444444443,0.8250000000000313,0.9730639730639354,86.11111111111111,0
74,61.50833333333333,0.7944444444444443,0.7888888888888914,0.8250000000000313,0.9629629629629263,91.66666666666667,0
75,62.297222222222224,0.7888888888888914,0.8805555555555529,0.8250000000000313,0.956228956228923,105.55555555555556,0
76,63.17777777777778,0.8805555555555529,0.8527777777777743,0.8250000000000313,1.0673400673400237,86.11111111111111,0
77,64.03055555555555,0.8527777777777743,0.8305555555555628,0.8250000000000313,1.0336700336699902,83.33333333333333,0
78,64.86111111111111,0.8305555555555628,0.8250000000000028,0.8250000000000313,1.0067340067339774,91.66666666666667,0
79,65.68611111111112,0.8250000000000028,0.8249999999999886,0.8250000000000313,0.9999999999999656,83.33333333333333,0
80,66.5111111111111,0.8249999999999886,0.8055555555555571,0.8250000000000313,0.9999999999999484,88.88888888888889,0
81,67.31666666666666,0.8055555555555571,0.7999999999999972,0.8250000000000313,0.9764309764309413,86.11111111111111,0
82,68.11666666666666,0.7999999999999972,0.8416666666666686,0.8250000000000313,0.9696969696969295,94.44444444444444,0
83,68.95833333333333,0.8416666666666686,0.8694444444444542,0.8250000000000313,1.020202020201984,100.0,0
84,69.82777777777778,0.8694444444444542,0.3305555555555486,0.8250000000000313,1.0538720538720259,94.44444444444444,0
85,70.15833333333333,0.3305555555555486,0.5138888888888857,0.8250000000000313,0.4006734006733771,75.0,0
86,70.67222222222222,0.5138888888888857,0.8194444444444429,0.8250000000000313,0.6228956228955954,91.66666666666667,0
87,71.49166666666666,0.8194444444444429,0.8000000000000114,0.8250000000000313,0.9932659932659537,97.22222222222223,0
88,72.29166666666667,0.8000000000000114,0.8111111111111029,0.8250000000000313,0.9696969696969467,91.66666666666667,0
89,73.10277777777777,0.8111111111111029,0.8055555555555571,0.8250000000000313,0.983164983164936,88.88888888888889,0
90,73.90833333333333,0.8055555555555571,0.8111111111111171,0.8250000000000313,0.9764309764309413,94.44444444444444,0
91,74.71944444444445,0.8111111111111171,0.86666666666666,0.8250000000000313,0.9831649831649532,88.88888888888889,0
92,75.58611111111111,0.86666666666666,0.8666666666666742,0.8250000000000313,1.0505050505050026,88.88888888888889,0
93,76.45277777777778,0.8666666666666742,0.8277777777777686,0.8250000000000313,1.05050505050502,102.77777777777777,0
94,77.28055555555555,0.8277777777777686,0.8138888888888971,0.8250000000000313,1.0033670033669542,75.0,0
95,78.09444444444445,0.8138888888888971,0.7805555555555515,0.8250000000000313,0.9865319865319591,111.11111111111111,0
96,78.875,0.7805555555555515,0.8444444444444485,0.8250000000000313,0.9461279461279053,88.88888888888889,0
97,79.71944444444445,0.8444444444444485,0.8111111111111029,0.8250000000000313,1.0235690235689898,75.0,0
98,80.53055555555555,0.8111111111111029,0.7916666666666714,0.8250000000000313,0.983164983164936,66.66666666666667,0
99,81.32222222222222,0.7916666666666714,0.8499999999999943,0.8250000000000313,0.959595959595929,61.111111111111114,0
100,82.17222222222222,0.8499999999999943,0.8305555555555628,0.8250000000000313,1.0303030303029843,63.888888888888886,0
101,83.00277777777778,0.8305555555555628,0.7777777777777715,0.8250000000000313,1.0067340067339774,61.111111111111114,0
102,83.78055555555555,0.7777777777777715,0.7750000000000057,0.8250000000000313,0.9427609427608994,55.55555555555556,0
103,84.55555555555556,0.7750000000000057,0.7666666666666657,0.8250000000000313,0.9393939393939107,55.55555555555556,0
104,85.32222222222222,0.7666666666666657,0.7861111111111114,0.8250000000000313,0.929292929292893,55.55555555555556,0
105,86.10833333333333,0.7861111111111114,0.8055555555555571,0.8250000000000313,0.9528619528619171,58.333333333333336,0
106,86.91388888888889,0.8055555555555571,0.8250000000000028,0.8250000000000313,0.9764309764309413,58.333333333333336,0
107,87.7388888888889,0.8250000000000028,0.8222222222222229,0.8250000000000313,0.9999999999999656,58.333333333333336,0
108,88.56111111111112,0.8222222222222229,0.8277777777777686,0.8250000000000313,0.9966329966329597,61.111111111111114,0
109,89.38888888888889,0.8277777777777686,0.7944444444444514,0.8250000000000313,1.0033670033669542,55.55555555555556,0
110,90.18333333333334,0.7944444444444514,0.74444444444444,0.8250000000000313,0.9629629629629349,52.77777777777778,0
111,90.92777777777778,0.74444444444444,0.7666666666666657,0.8250000000000313,0.9023569023568628,52.77777777777778,0
112,91.69444444444444,0.7666666666666657,0.7972222222222172,0.8250000000000313,0.929292929292893,55.55555555555556,0
113,92.49166666666666,0.7972222222222172,0.8277777777777828,0.8250000000000313,0.9663299663299236,63.888888888888886,0
114,93.31944444444444,0.8277777777777828,0.7999999999999972,0.8250000000000313,1.0033670033669715,58.333333333333336,0
115,94.11944444444444,0.7999999999999972,0.2722222222222257,0.8250000000000313,0.9696969696969295,58.333333333333336,0
116,94.39166666666667,0.2722222222222257,1.0944444444444485,0.8250000000000313,0.3299663299663217,72.22222222222223,0
117,95.48611111111111,1.0944444444444485,0.8111111111111029,0.8250000000000313,1.3265993265992813,100.0,0
118,96.29722222222222,0.8111111111111029,0.7861111111111114,0.8250000000000313,0.983164983164936,94.44444444444444,0
119,97.08333333333333,0.7861111111111114,0.8000000000000114,0.8250000000000313,0.9528619528619171,94.44444444444444,0
120,97.88333333333334,0.8000000000000114,0.8277777777777686,0.8250000000000313,0.9696969696969467,88.88888888888889,0
121,98.71111111111111,0.8277777777777686,0.8666666666666742,0.8250000000000313,1.0033670033669542,88.88888888888889,0
122,99.57777777777778,0.8666666666666742,0.8472222222222143,0.8250000000000313,1.05050505050502,100.0,0
123,100.425,0.8472222222222143,0.8305555555555628,0.8250000000000313,1.0269360269359784,91.66666666666667,0
124,101.25555555555556,0.8305555555555628,0.8416666666666686,0.8250000000000313,1.0067340067339774,86.11111111111111,0
125,102.09722222222223,0.8416666666666686,0.7999999999999972,0.8250000000000313,1.020202020201984,69.44444444444444,0
126,102.89722222222223,0.7999999999999972,0.7861111111111114,0.8250000000000313,0.9696969696969295,113.88888888888889,0
127,103.68333333333334,0.7861111111111114,0.8583333333333343,0.8250000000000313,0.9528619528619171,111.11111111111111,0
128,104.54166666666667,0.8583333333333343,0.7833333333333314,0.8250000000000313,1.040404040404002,97.22222222222223,0
129,105.325,0.7833333333333314,0.08611111111110858,0.8250000000000313,0.9494949494949112,86.11111111111111,0
130,105.41111111111111,0.08611111111110858,0.8083333333333371,0.8250000000000313,0.10437710437709737,86.11111111111111,0
131,106.21944444444445,0.8083333333333371,0.8361111111111086,0.8250000000000313,0.9797979797979472,75.0,0
132,107.05555555555556,0.8361111111111086,0.7888888888888914,0.8250000000000313,1.013468013467972,63.888888888888886,0
133,107.84444444444445,0.7888888888888914,0.8111111111111029,0.8250000000000313,0.956228956228923,55.55555555555556,0
134,108.65555555555555,0.8111111111111029,0.7916666666666714,0.8250000000000313,0.983164983164936,61.111111111111114,0
135,109.44722222222222,0.7916666666666714,0.7833333333333314,0.8250000000000313,0.959595959595929,58.333333333333336,0
136,110.23055555555555,0.7833333333333314,0.8194444444444429,0.8250000000000313,0.9494949494949112,58.333333333333336,0
137,111.05,0.8194444444444429,0.8388888888888886,0.8250000000000313,0.9932659932659537,61.111111111111114,0
138,111.88888888888889,0.8388888888888886,0.8583333333333343,0.8250000000000313,1.016835016834978,61.111111111111114,0
139,112.74722222222222,0.8583333333333343,0.8083333333333371,0.8250000000000313,1.040404040404002,61.111111111111114,0
140,113.55555555555556,0.8083333333333371,0.7694444444444457,0.8250000000000313,0.9797979797979472,61.111111111111114,0
141,114.325,0.7694444444444457,0.8138888888888829,0.8250000000000313,0.9326599326598989,58.333333333333336,0
142,115.13888888888889,0.8138888888888829,0.7833333333333314,0.8250000000000313,0.9865319865319419,66.66666666666667,0
143,115.92222222222222,0.7833333333333314,0.7805555555555657,0.8250000000000313,0.9494949494949112,58.333333333333336,0
144,116.70277777777778,0.7805555555555657,0.8444444444444343,0.8250000000000313,0.9461279461279225,61.111111111111114,0
145,117.54722222222222,0.8444444444444343,0.8333333333333428,0.8250000000000313,1.0235690235689725,66.66666666666667,0
146,118.38055555555556,0.8333333333333428,0.8305555555555486,0.8250000000000313,1.0101010101009833,61.111111111111114,0
147,119.21111111111111,0.8305555555555486,0.7972222222222314,0.8250000000000313,1.00673400673396,61.111111111111114,0
148,120.00833333333334,0.7972222222222314,0.7722222222222115,0.8250000000000313,0.9663299663299408,61.111111111111114,0
149,120.78055555555555,0.7722222222222115,0.7944444444444514,0.8250000000000313,0.9360269360268876,58.333333333333336,0
150,121.575,0.7944444444444514,0.8027777777777771,0.8250000000000313,0.9629629629629349,63.888888888888886,0
151,122.37777777777778,0.8027777777777771,0.8194444444444429,0.8250000000000313,0.9730639730639354,63.888888888888886,0
152,123.19722222222222,0.8194444444444429,0.8333333333333286,0.8250000000000313,0.9932659932659537,63.888888888888886,0
153,124.03055555555555,0.8333333333333286,0.8194444444444429,0.8250000000000313,1.010101010100966,63.888888888888886,0
154,124.85,0.8194444444444429,0.8277777777777828,0.8250000000000313,0.9932659932659537,63.888888888888886,0
155,125.67777777777778,0.8277777777777828,0.7694444444444457,0.8250000000000313,1.0033670033669715,58.333333333333336,0
156,126.44722222222222,0.7694444444444457,0.7722222222222257,0.8250000000000313,0.9326599326598989,58.333333333333336,0
157,127.21944444444445,0.7722222222222257,0.8027777777777629,0.8250000000000313,0.9360269360269048,58.333333333333336,0
158,128.0222222222222,0.8027777777777629,0.8111111111111313,0.8250000000000313,0.9730639730639182,58.333333333333336,0
159,128.83333333333334,0.8111111111111313,0.8305555555555486,0.8250000000000313,0.9831649831649704,58.333333333333336,0
160,129.6638888888889,0.8305555555555486,0.8305555555555486,0.8250000000000313,1.00673400673396,58.333333333333336,0
161,130.49444444444444,0.8305555555555486,0.8055555555555713,0.8250000000000313,1.00673400673396,61.111111111111114,0
162,131.3,0.8055555555555713,0.8138888888888687,0.8250000000000313,0.9764309764309586,61.111111111111114,0
163,132.11388888888888,0.8138888888888687,0.7777777777777999,0.8250000000000313,0.9865319865319246,58.333333333333336,0
164,132.89166666666668,0.7777777777777999,0.7666666666666515,0.8250000000000313,0.9427609427609338,55.55555555555556,0
165,133.65833333333333,0.7666666666666515,0.8000000000000114,0.8250000000000313,0.9292929292928757,58.333333333333336,0
166,134.45833333333334,0.8000000000000114,0.8444444444444343,0.8250000000000313,0.9696969696969467,61.111111111111114,0
167,135.30277777777778,0.8444444444444343,0.8166666666666629,0.8250000000000313,1.0235690235689725,61.111111111111114,0
168,136.11944444444444,0.8166666666666629,0.8055555555555713,0.8250000000000313,0.9898989898989478,58.333333333333336,0
169,136.925,0.8055555555555713,0.7972222222222172,0.8250000000000313,0.9764309764309586,58.333333333333336,0
170,137.72222222222223,0.7972222222222172,0.7722222222222115,0.8250000000000313,0.9663299663299236,52.77777777777778,0
171,138.49444444444444,0.7722222222222115,0.7916666666666572,0.8250000000000313,0.9360269360268876,55.55555555555556,0
172,139.2861111111111,0.7916666666666572,0.7666666666666799,0.8250000000000313,0.9595959595959117,55.55555555555556,0
173,140.05277777777778,0.7666666666666799,0.7833333333333314,0.8250000000000313,0.9292929292929102,55.55555555555556,0
174,140.8361111111111,0.7833333333333314,0.8666666666666742,0.8250000000000313,0.9494949494949112,61.111111111111114,0
175,141.70277777777778,0.8666666666666742,0.8333333333333144,0.8250000000000313,1.05050505050502,61.111111111111114,0
176,142.5361111111111,0.8333333333333144,0.7916666666666856,0.8250000000000313,1.0101010101009489,58.333333333333336,0
177,143.32777777777778,0.7916666666666856,0.7916666666666572,0.8250000000000313,0.9595959595959462,58.333333333333336,0
178,144.11944444444444,0.7916666666666572,0.7694444444444457,0.8250000000000313,0.9595959595959117,58.333333333333336,0
179,144.88888888888889,0.7694444444444457,0.7833333333333314,0.8250000000000313,0.9326599326598989,52.77777777777778,0
180,145.67222222222222,0.7833333333333314,0.7861111111111256,0.8250000000000313,0.9494949494949112,58.333333333333336,0
181,146.45833333333334,0.7861111111111256,0.794444444444423,0.8250000000000313,0.9528619528619343,55.55555555555556,0
182,147.25277777777777,0.794444444444423,0.8527777777777885,0.8250000000000313,0.9629629629629004,61.111111111111114,0
183,148.10555555555555,0.8527777777777885,0.8249999999999886,0.8250000000000313,1.0336700336700075,63.888888888888886,0
184,148.93055555555554,0.8249999999999886,0.7722222222222399,0.8250000000000313,0.9999999999999484,63.888888888888886,0
185,149.70277777777778,0.7722222222222399,0.7805555555555372,0.8250000000000313,0.936026936026922,58.333333333333336,0
186,150.48333333333332,0.7805555555555372,0.7694444444444457,0.8250000000000313,0.9461279461278881,58.333333333333336,0
187,151.25277777777777,0.7694444444444457,0.7833333333333314,0.8250000000000313,0.9326599326598989,61.111111111111114,0
188,152.0361111111111,0.7833333333333314,0.7972222222222456,0.8250000000000313,0.9494949494949112,61.111111111111114,0
189,152.83333333333334,0.7972222222222456,0.8194444444444287,0.8250000000000313,0.966329966329958,61.111111111111114,0
190,153.65277777777777,0.8194444444444287,0.8444444444444628,0.8250000000000313,0.9932659932659365,58.333333333333336,0
191,154.49722222222223,0.8444444444444628,0.8138888888888687,0.8250000000000313,1.023569023569007,61.111111111111114,0
192,155.3111111111111,0.8138888888888687,0.7777777777777999,0.8250000000000313,0.9865319865319246,61.111111111111114,0
193,156.0888888888889,0.7777777777777999,0.7694444444444173,0.8250000000000313,0.9427609427609338,58.333333333333336,0
194,156.85833333333332,0.7694444444444173,0.76111111111112,0.8250000000000313,0.9326599326598644,55.55555555555556,0
195,157.61944444444444,0.76111111111112,0.8111111111111029,0.8250000000000313,0.9225589225588983,61.111111111111114,0
196,158.43055555555554,0.8111111111111029,0.8194444444444571,0.8250000000000313,0.983164983164936,61.111111111111114,0
197,159.25,0.8194444444444571,0.8083333333333371,0.8250000000000313,0.993265993265971,58.333333333333336,0
198,160.05833333333334,0.8083333333333371,0.8388888888888744,0.8250000000000313,0.9797979797979472,55.55555555555556,0
199,160.8972222222222,0.8388888888888744,0.8111111111111313,0.8250000000000313,1.0168350168349607,58.333333333333336,0
200,161.70833333333334,0.8111111111111313,0.7638888888888857,0.8250000000000313,0.9831649831649704,52.77777777777778,0
201,162.47222222222223,0.7638888888888857,0.7666666666666515,0.8250000000000313,0.925925925925887,52.77777777777778,0
202,163.23888888888888,0.7666666666666515,0.7750000000000057,0.8250000000000313,0.9292929292928757,55.55555555555556,0
203,164.01388888888889,0.7750000000000057,0.8083333333333371,0.8250000000000313,0.9393939393939107,58.333333333333336,0
204,164.82222222222222,0.8083333333333371,0.8388888888888744,0.8250000000000313,0.9797979797979472,61.111111111111114,0
205,165.6611111111111,0.8388888888888744,0.8222222222222229,0.8250000000000313,1.0168350168349607,61.111111111111114,0
206,166.48333333333332,0.8222222222222229,0.8055555555555713,0.8250000000000313,0.9966329966329597,58.333333333333336,0
207,167.2888888888889,0.8055555555555713,0.8083333333333371,0.8250000000000313,0.9764309764309586,61.111111111111114,0
208,168.09722222222223,0.8083333333333371,0.7666666666666515,0.8250000000000313,0.9797979797979472,55.55555555555556,0
209,168.86388888888888,0.7666666666666515,0.7527777777777942,0.8250000000000313,0.9292929292928757,52.77777777777778,0
210,169.61666666666667,0.7527777777777942,0.7972222222222172,0.8250000000000313,0.9124579124578978,55.55555555555556,0
211,170.4138888888889,0.7972222222222172,0.8277777777777828,0.8250000000000313,0.9663299663299236,55.55555555555556,0
212,171.24166666666667,0.8277777777777828,0.8333333333333144,0.8250000000000313,1.0033670033669715,58.333333333333336,0
213,172.075,0.8333333333333144,0.8194444444444571,0.8250000000000313,1.0101010101009489,58.333333333333336,0
214,172.89444444444445,0.8194444444444571,0.8027777777777771,0.8250000000000313,0.993265993265971,58.333333333333336,0
215,173.69722222222222,0.8027777777777771,0.8194444444444571,0.8250000000000313,0.9730639730639354,58.333333333333336,0
216,174.51666666666668,0.8194444444444571,0.799999999999983,0.8250000000000313,0.993265993265971,80.55555555555556,0
217,175.31666666666666,0.799999999999983,0.7916666666666572,0.8250000000000313,0.9696969696969123,88.88888888888889,0
218,176.10833333333332,0.7916666666666572,0.830555555555577,0.8250000000000313,0.9595959595959117,97.22222222222223,0
219,176.9388888888889,0.830555555555577,0.8666666666666458,0.8250000000000313,1.0067340067339947,100.0,0
220,177.80555555555554,0.8666666666666458,0.8694444444444684,0.8250000000000313,1.0505050505049853,97.22222222222223,0
221,178.675,0.8694444444444684,0.8249999999999886,0.8250000000000313,1.053872053872043,88.88888888888889,0
222,179.5,0.8249999999999886,0.7972222222222172,0.8250000000000313,0.9999999999999484,86.11111111111111,0
223,180.29722222222222,0.7972222222222172,0.825000000000017,0.8250000000000313,0.9663299663299236,91.66666666666667,0
224,181.12222222222223,0.825000000000017,0.8055555555555429,0.8250000000000313,0.9999999999999828,86.11111111111111,0
225,181.92777777777778,0.8055555555555429,0.8000000000000114,0.8250000000000313,0.9764309764309241,86.11111111111111,0
226,182.7277777777778,0.8000000000000114,0.8416666666666686,0.8250000000000313,0.9696969696969467,94.44444444444444,0
227,183.56944444444446,0.8416666666666686,0.8666666666666458,0.8250000000000313,1.020202020201984,91.66666666666667,0
228,184.4361111111111,0.8666666666666458,0.8472222222222285,0.8250000000000313,1.0505050505049853,100.0,0
229,185.28333333333333,0.8472222222222285,0.8000000000000114,0.8250000000000313,1.0269360269359957,91.66666666666667,0
230,186.08333333333334,0.8000000000000114,0.8055555555555429,0.8250000000000313,0.9696969696969467,83.33333333333333,0
231,186.88888888888889,0.8055555555555429,0.8277777777777828,0.8250000000000313,0.9764309764309241,97.22222222222223,0
232,187.71666666666667,0.8277777777777828,0.8194444444444287,0.8250000000000313,1.0033670033669715,94.44444444444444,0
233,188.5361111111111,0.8194444444444287,0.8333333333333428,0.8250000000000313,0.9932659932659365,91.66666666666667,0
234,189.36944444444444,0.8333333333333428,0.8499999999999943,0.8250000000000313,1.0101010101009833,100.0,0
235,190.21944444444443,0.8499999999999943,0.8583333333333485,0.8250000000000313,1.0303030303029843,97.22222222222223,0
236,191.07777777777778,0.8583333333333485,0.8222222222222229,0.8250000000000313,1.0404040404040193,97.22222222222223,0
237,191.9,0.8222222222222229,0.7861111111110972,0.8250000000000313,0.9966329966329597,100.0,0
238,192.6861111111111,0.7861111111110972,0.8027777777777771,0.8250000000000313,0.9528619528618999,97.22222222222223,0
239,193.48888888888888,0.8027777777777771,0.8277777777777828,0.8250000000000313,0.9730639730639354,100.0,0
240,194.31666666666666,0.8277777777777828,0.8333333333333428,0.8250000000000313,1.0033670033669715,105.55555555555556,0
241,195.15,0.8333333333333428,0.8416666666666686,0.8250000000000313,1.0101010101009833,102.77777777777777,0
242,195.99166666666667,0.8416666666666686,0.8444444444444343,0.8250000000000313,1.020202020201984,88.88888888888889,0
243,196.8361111111111,0.8444444444444343,0.8416666666666686,0.8250000000000313,1.0235690235689725,91.66666666666667,0
244,197.67777777777778,0.8416666666666686,0.8138888888888971,0.8250000000000313,1.020202020201984,88.88888888888889,0
245,198.49166666666667,0.8138888888888971,0.794444444444423,0.8250000000000313,0.9865319865319591,83.33333333333333,0
246,199.2861111111111,0.794444444444423,0.8166666666666913,0.8250000000000313,0.9629629629629004,88.88888888888889,0
247,200.1027777777778,0.8166666666666913,0.8499999999999943,0.8250000000000313,0.9898989898989823,91.66666666666667,0
248,200.95277777777778,0.8499999999999943,0.9000000000000057,0.8250000000000313,1.0303030303029843,97.22222222222223,0
249,201.8527777777778,0.9000000000000057,0.7861111111110972,0.8250000000000313,1.0909090909090564,105.55555555555556,0
250,202.63888888888889,0.7861111111110972,0.8305555555555486,0.8250000000000313,0.9528619528618999,97.22222222222223,0
251,203.46944444444443,0.8305555555555486,0.8194444444444571,0.8250000000000313,1.00673400673396,86.11111111111111,0
252,204.2888888888889,0.8194444444444571,0.8000000000000114,0.8250000000000313,0.993265993265971,88.88888888888889,0
253,205.0888888888889,0.8000000000000114,0.794444444444423,0.8250000000000313,0.9696969696969467,88.88888888888889,0
254,205.88333333333333,0.794444444444423,0.8333333333333428,0.8250000000000313,0.9629629629629004,83.33333333333333,0
255,206.71666666666667,0.8333333333333428,0.86944444444444,0.8250000000000313,1.0101010101009833,91.66666666666667,0
256,207.5861111111111,0.86944444444444,0.8388888888889028,0.8250000000000313,1.0538720538720086,100.0,0
257,208.425,0.8388888888889028,0.8361111111111086,0.8250000000000313,1.016835016834995,94.44444444444444,0
258,209.26111111111112,0.8361111111111086,0.3333333333333144,0.8250000000000313,1.013468013467972,102.77777777777777,0
259,209.59444444444443,0.3333333333333144,0.4805555555555543,0.8250000000000313,0.4040404040403658,105.55555555555556,1
260,210.075,0.4805555555555543,0.8166666666666913,0.8250000000000313,0.5824915824915589,100.0,1
261,210.89166666666668,0.8166666666666913,0.8027777777777771,0.8250000000000313,0.9898989898989823,88.88888888888889,0
262,211.69444444444446,0.8027777777777771,0.8083333333333087,0.8250000000000313,0.9730639730639354,91.66666666666667,0
263,212.50277777777777,0.8083333333333087,0.8611111111111143,0.8250000000000313,0.9797979797979128,97.22222222222223,0
264,213.36388888888888,0.8611111111111143,0.8583333333333485,0.8250000000000313,1.043771043771008,94.44444444444444,0
265,214.22222222222223,0.8583333333333485,0.8333333333333144,0.8250000000000313,1.0404040404040193,86.11111111111111,0
266,215.05555555555554,0.8333333333333144,0.8166666666666913,0.8250000000000313,1.0101010101009489,88.88888888888889,0
267,215.87222222222223,0.8166666666666913,0.7972222222222172,0.8250000000000313,0.9898989898989823,97.22222222222223,0
268,216.66944444444445,0.7972222222222172,0.8166666666666629,0.8250000000000313,0.9663299663299236,97.22222222222223,0
269,217.48611111111111,0.8166666666666629,0.8055555555555429,0.8250000000000313,0.9898989898989478,102.77777777777777,0
270,218.29166666666666,0.8055555555555429,0.830555555555577,0.8250000000000313,0.9764309764309241,88.88888888888889,0
271,219.12222222222223,0.830555555555577,0.8777777777777658,0.8250000000000313,1.0067340067339947,94.44444444444444,0
272,220.0,0.8777777777777658,0.8555555555555543,0.8250000000000313,1.0639730639730092,91.66666666666667,0
273,220.85555555555555,0.8555555555555543,0.8222222222222229,0.8250000000000313,1.0370370370369961,97.22222222222223,0
274,221.67777777777778,0.8222222222222229,0.8083333333333371,0.8250000000000313,0.9966329966329597,100.0,0
275,222.48611111111111,0.8083333333333371,0.7944444444444514,0.8250000000000313,0.9797979797979472,102.77777777777777,0
276,223.28055555555557,0.7944444444444514,0.8027777777777771,0.8250000000000313,0.9629629629629349,105.55555555555556,0
277,224.08333333333334,0.8027777777777771,0.8527777777777601,0.8250000000000313,0.9730639730639354,113.88888888888889,0
278,224.9361111111111,0.8527777777777601,0.8361111111111086,0.8250000000000313,1.0336700336699731,88.88888888888889,0
279,225.7722222222222,0.8361111111111086,0.8722222222222342,0.8250000000000313,1.013468013467972,86.11111111111111,0
280,226.64444444444445,0.8722222222222342,0.8416666666666686,0.8250000000000313,1.0572390572390318,94.44444444444444,0
281,227.48611111111111,0.8416666666666686,0.7888888888888914,0.8250000000000313,1.020202020201984,86.11111111111111,0
282,228.275,0.7888888888888914,0.799999999999983,0.8250000000000313,0.956228956228923,94.44444444444444,0
283,229.075,0.799999999999983,0.8027777777777771,0.8250000000000313,0.9696969696969123,108.33333333333333,0
284,229.87777777777777,0.8027777777777771,0.8472222222222285,0.8250000000000313,0.9730639730639354,105.55555555555556,0
285,230.725,0.8472222222222285,0.8499999999999943,0.8250000000000313,1.0269360269359957,88.88888888888889,0
286,231.575,0.8499999999999943,0.32777777777778283,0.8250000000000313,1.0303030303029843,94.44444444444444,0
287,231.90277777777777,0.32777777777778283,0.51111111111112,0.8250000000000313,0.3973063973063884,111.11111111111111,1
288,232.4138888888889,0.51111111111112,0.8722222222222058,0.8250000000000313,0.6195286195286067,94.44444444444444,0
289,233.2861111111111,0.8722222222222058,0.8194444444444571,0.8250000000000313,1.0572390572389974,86.11111111111111,0
290,234.10555555555555,0.8194444444444571,0.7805555555555657,0.8250000000000313,0.993265993265971,94.44444444444444,0
291,234.88611111111112,0.7805555555555657,0.8027777777777771,0.8250000000000313,0.9461279461279225,105.55555555555556,1
292,235.6888888888889,0.8027777777777771,0.8194444444444287,0.8250000000000313,0.9730639730639354,94.44444444444444,0
293,236.50833333333333,0.8194444444444287,0.8611111111111143,0.8250000000000313,0.9932659932659365,97.22222222222223,0
294,237.36944444444444,0.8611111111111143,0.8444444444444628,0.8250000000000313,1.043771043771008,100.0,0
295,238.2138888888889,0.8444444444444628,0.8277777777777544,0.8250000000000313,1.023569023569007,97.22222222222223,0
296,239.04166666666666,0.8277777777777544,0.8472222222222285,0.8250000000000313,1.003367003366937,86.11111111111111,0
297,239.88888888888889,0.8472222222222285,0.8055555555555713,0.8250000000000313,1.0269360269359957,100.0,0
298,240.69444444444446,0.8055555555555713,0.788888888888863,0.8250000000000313,0.9764309764309586,91.66666666666667,0
299,241.48333333333332,0.788888888888863,0.8138888888888971,0.8250000000000313,0.9562289562288886,102.77777777777777,0
300,242.29722222222222,0.8138888888888971,0.8472222222222285,0.8250000000000313,0.9865319865319591,91.66666666666667,0
301,243.14444444444445,0.8472222222222285,0.8722222222222342,0.8250000000000313,1.0269360269359957,88.88888888888889,0
302,244.01666666666668,0.8722222222222342,0.8444444444444343,0.8250000000000313,1.0572390572390318,94.44444444444444,0
303,244.86111111111111,0.8444444444444343,0.8138888888888971,0.8250000000000313,1.0235690235689725,94.44444444444444,0
304,245.675,0.8138888888888971,0.8277777777777544,0.8250000000000313,0.9865319865319591,86.11111111111111,0
305,246.50277777777777,0.8277777777777544,0.8000000000000114,0.8250000000000313,1.003367003366937,94.44444444444444,0
306,247.30277777777778,0.8000000000000114,0.7944444444444514,0.8250000000000313,0.9696969696969467,100.0,0
307,248.09722222222223,0.7944444444444514,0.8249999999999886,0.8250000000000313,0.9629629629629349,97.22222222222223,0
308,248.92222222222222,0.8249999999999886,0.8527777777777885,0.8250000000000313,0.9999999999999484,88.88888888888889,0
309,249.775,0.8527777777777885,0.875,0.8250000000000313,1.0336700336700075,94.44444444444444,0
310,250.65,0.875,0.8194444444444287,0.8250000000000313,1.0606060606060204,91.66666666666667,0
311,251.46944444444443,0.8194444444444287,0.7944444444444514,0.8250000000000313,0.9932659932659365,86.11111111111111,0
312,252.26388888888889,0.7944444444444514,0.8305555555555486,0.8250000000000313,0.9629629629629349,94.44444444444444,0
313,253.09444444444443,0.8305555555555486,0.8111111111111313,0.8250000000000313,1.00673400673396,94.44444444444444,0
314,253.90555555555557,0.8111111111111313,0.8083333333333371,0.8250000000000313,0.9831649831649704,88.88888888888889,0
315,254.7138888888889,0.8083333333333371,0.8527777777777601,0.8250000000000313,0.9797979797979472,94.44444444444444,0
316,255.56666666666666,0.8527777777777601,0.8527777777777601,0.8250000000000313,1.0336700336699731,94.44444444444444,0
317,256.4194444444444,0.8527777777777601,0.8555555555555543,0.8250000000000313,1.0336700336699731,97.22222222222223,0
318,257.275,0.8555555555555543,0.8027777777778056,0.8250000000000313,1.0370370370369961,88.88888888888889,0
319,258.0777777777778,0.8027777777778056,0.783333333333303,0.8250000000000313,0.9730639730639699,91.66666666666667,0
320,258.8611111111111,0.783333333333303,0.830555555555577,0.8250000000000313,0.9494949494948768,94.44444444444444,0
321,259.69166666666666,0.830555555555577,0.8138888888888687,0.8250000000000313,1.0067340067339947,97.22222222222223,0
322,260.50555555555553,0.8138888888888687,0.8250000000000455,0.8250000000000313,0.9865319865319246,91.66666666666667,0
323,261.3305555555556,0.8250000000000455,0.8527777777777601,0.8250000000000313,1.0000000000000173,88.88888888888889,0
324,262.18333333333334,0.8527777777777601,0.8500000000000227,0.8250000000000313,1.0336700336699731,94.44444444444444,0
325,263.03333333333336,0.8500000000000227,0.8361111111111086,0.8250000000000313,1.0303030303030187,97.22222222222223,0
326,263.86944444444447,0.8361111111111086,0.7972222222222172,0.8250000000000313,1.013468013467972,91.66666666666667,0
327,264.6666666666667,0.7972222222222172,0.794444444444423,0.8250000000000313,0.9663299663299236,94.44444444444444,0
328,265.4611111111111,0.794444444444423,0.8388888888889028,0.8250000000000313,0.9629629629629004,91.66666666666667,0
329,266.3,0.8388888888889028,0.8416666666666401,0.8250000000000313,1.016835016834995,91.66666666666667,0
330,267.14166666666665,0.8416666666666401,0.8361111111111086,0.8250000000000313,1.0202020202019493,94.44444444444444,0
331,267.97777777777776,0.8361111111111086,0.8444444444444343,0.8250000000000313,1.013468013467972,94.44444444444444,0
332,268.8222222222222,0.8444444444444343,0.8361111111111654,0.8250000000000313,1.0235690235689725,91.66666666666667,0
333,269.65833333333336,0.8361111111111654,0.8111111111110745,0.8250000000000313,1.013468013468041,97.22222222222223,0
334,270.46944444444443,0.8111111111110745,0.7888888888888914,0.8250000000000313,0.9831649831649015,94.44444444444444,0
335,271.2583333333333,0.7888888888888914,0.8000000000000114,0.8250000000000313,0.956228956228923,86.11111111111111,0
336,272.05833333333334,0.8000000000000114,0.8583333333333485,0.8250000000000313,0.9696969696969467,97.22222222222223,0
337,272.9166666666667,0.8583333333333485,0.8583333333332916,0.8250000000000313,1.0404040404040193,88.88888888888889,0
338,273.775,0.8583333333332916,0.8250000000000455,0.8250000000000313,1.0404040404039505,80.55555555555556,0
339,274.6,0.8250000000000455,0.8333333333333144,0.8250000000000313,1.0000000000000173,113.88888888888889,0
340,275.43333333333334,0.8333333333333144,0.8222222222221944,0.8250000000000313,1.0101010101009489,97.22222222222223,0
341,276.25555555555553,0.8222222222221944,0.8083333333333371,0.8250000000000313,0.9966329966329251,102.77777777777777,0
342,277.06388888888887,0.8083333333333371,0.7944444444444798,0.8250000000000313,0.9797979797979472,102.77777777777777,0
343,277.85833333333335,0.7944444444444798,0.8305555555555202,0.8250000000000313,0.9629629629629693,88.88888888888889,0
344,278.68888888888887,0.8305555555555202,0.8694444444444684,0.8250000000000313,1.0067340067339257,97.22222222222223,0
345,279.55833333333334,0.8694444444444684,0.8472222222222285,0.8250000000000313,1.053872053872043,88.88888888888889,0
346,280.40555555555557,0.8472222222222285,0.8249999999999886,0.8250000000000313,1.0269360269359957,83.33333333333333,0
347,281.23055555555555,0.8249999999999886,0.8055555555555429,0.8250000000000313,0.9999999999999484,94.44444444444444,0
348,282.0361111111111,0.8055555555555429,0.8083333333333371,0.8250000000000313,0.9764309764309241,83.33333333333333,0
349,282.84444444444443,0.8083333333333371,0.8055555555555429,0.8250000000000313,0.9797979797979472,83.33333333333333,0
350,283.65,0.8055555555555429,0.8055555555555998,0.8250000000000313,0.9764309764309241,88.88888888888889,0
351,284.4555555555556,0.8055555555555998,0.8555555555555543,0.8250000000000313,0.976430976430993,86.11111111111111,0
352,285.31111111111113,0.8555555555555543,0.8694444444444116,0.8250000000000313,1.0370370370369961,88.88888888888889,0
353,286.18055555555554,0.8694444444444116,0.841666666666697,0.8250000000000313,1.0538720538719741,94.44444444444444,0
354,287.02222222222224,0.841666666666697,0.8166666666666629,0.8250000000000313,1.0202020202020183,94.44444444444444,0
355,287.8388888888889,0.8166666666666629,0.8000000000000114,0.8250000000000313,0.9898989898989478,91.66666666666667,0
356,288.6388888888889,0.8000000000000114,0.8138888888888687,0.8250000000000313,0.9696969696969467,91.66666666666667,0
357,289.4527777777778,0.8138888888888687,0.8138888888888687,0.8250000000000313,0.9865319865319246,97.22222222222223,0
358,290.26666666666665,0.8138888888888687,0.830555555555577,0.8250000000000313,0.9865319865319246,94.44444444444444,0
359,291.09722222222223,0.830555555555577,0.86388888888888,0.8250000000000313,1.0067340067339947,100.0,0
360,291.9611111111111,0.86388888888888,0.8583333333333485,0.8250000000000313,1.0471380471379967,102.77777777777777,0
361,292.81944444444446,0.8583333333333485,0.8166666666666629,0.8250000000000313,1.0404040404040193,105.55555555555556,0
362,293.6361111111111,0.8166666666666629,0.8527777777777601,0.8250000000000313,0.9898989898989478,100.0,0
363,294.4888888888889,0.8527777777777601,0.7888888888888914,0.8250000000000313,1.0336700336699731,102.77777777777777,0
364,295.27777777777777,0.7888888888888914,0.7722222222222399,0.8250000000000313,0.956228956228923,52.77777777777778,0
365,296.05,0.7722222222222399,0.8388888888889028,0.8250000000000313,0.936026936026922,113.88888888888889,1
366,296.8888888888889,0.8388888888889028,0.8444444444444343,0.8250000000000313,1.016835016834995,113.88888888888889,0
367,297.73333333333335,0.8444444444444343,0.8694444444444116,0.8250000000000313,1.0235690235689725,91.66666666666667,0
368,298.60277777777776,0.8694444444444116,0.8472222222222285,0.8250000000000313,1.0538720538719741,91.66666666666667,0
369,299.45,0.8472222222222285,0.7944444444444798,0.8250000000000313,1.0269360269359957,88.88888888888889,0
370,300.24444444444447,0.7944444444444798,0.7916666666666288,0.8250000000000313,0.9629629629629693,80.55555555555556,0
371,301.0361111111111,0.7916666666666288,0.8055555555555429,0.8250000000000313,0.9595959595958773,91.66666666666667,0
372,301.84166666666664,0.8055555555555429,0.8361111111111654,0.8250000000000313,0.9764309764309241,86.11111111111111,0
373,302.6777777777778,0.8361111111111654,0.8472222222221717,0.8250000000000313,1.013468013468041,88.88888888888889,0
374,303.525,0.8472222222221717,0.8388888888889028,0.8250000000000313,1.0269360269359267,94.44444444444444,0
375,304.3638888888889,0.8388888888889028,0.8611111111111427,0.8250000000000313,1.016835016834995,86.11111111111111,0
376,305.225,0.8611111111111427,0.8138888888888687,0.8250000000000313,1.0437710437710426,86.11111111111111,0
377,306.0388888888889,0.8138888888888687,0.7888888888888914,0.8250000000000313,0.9865319865319246,91.66666666666667,0
378,306.8277777777778,0.7888888888888914,0.8055555555555429,0.8250000000000313,0.956228956228923,86.11111111111111,0
379,307.6333333333333,0.8055555555555429,0.8166666666666629,0.8250000000000313,0.9764309764309241,91.66666666666667,0
380,308.45,0.8166666666666629,0.8694444444444684,0.8250000000000313,0.9898989898989478,100.0,0
381,309.31944444444446,0.8694444444444684,0.8527777777777601,0.8250000000000313,1.053872053872043,100.0,0
382,310.1722222222222,0.8527777777777601,0.32777777777778283,0.8250000000000313,1.0336700336699731,91.66666666666667,0
383,310.5,0.32777777777778283,0.5055555555555316,0.8250000000000313,0.3973063973063884,105.55555555555556,1
384,311.00555555555553,0.5055555555555316,0.841666666666697,0.8250000000000313,0.6127946127945605,97.22222222222223,1
385,311.84722222222223,0.841666666666697,0.8055555555555429,0.8250000000000313,1.0202020202020183,97.22222222222223,0
386,312.65277777777777,0.8055555555555429,0.7861111111110972,0.8250000000000313,0.9764309764309241,91.66666666666667,0
387,313.43888888888887,0.7861111111110972,0.7888888888888914,0.8250000000000313,0.9528619528618999,94.44444444444444,0
388,314.22777777777776,0.7888888888888914,0.8583333333333485,0.8250000000000313,0.956228956228923,100.0,0
389,315.0861111111111,0.8583333333333485,0.8722222222222058,0.8250000000000313,1.0404040404040193,105.55555555555556,0
390,315.9583333333333,0.8722222222222058,0.8472222222222285,0.8250000000000313,1.0572390572389974,108.33333333333333,0
391,316.80555555555554,0.8472222222222285,0.8083333333333371,0.8250000000000313,1.0269360269359957,105.55555555555556,0
392,317.6138888888889,0.8083333333333371,0.88611111111112,0.8250000000000313,0.9797979797979472,100.0,0
393,318.5,0.88611111111112,0.7555555555555316,0.8250000000000313,1.074074074074044,55.55555555555556,0
394,319.25555555555553,0.7555555555555316,0.7916666666666856,0.8250000000000313,0.915824915824852,113.88888888888889,1
395,320.0472222222222,0.7916666666666856,0.8777777777777942,0.8250000000000313,0.9595959595959462,102.77777777777777,0
396,320.925,0.8777777777777942,0.8527777777777601,0.8250000000000313,1.0639730639730436,97.22222222222223,0
397,321.77777777777777,0.8527777777777601,0.8333333333333144,0.8250000000000313,1.0336700336699731,91.66666666666667,0
398,322.6111111111111,0.8333333333333144,0.8250000000000455,0.8250000000000313,1.0101010101009489,102.77777777777777,0
399,323.43611111111113,0.8250000000000455,0.7888888888888914,0.8250000000000313,1.0000000000000173,88.88888888888889,0
400,324.225,0.7888888888888914,0.8249999999999886,0.8250000000000313,0.956228956228923,91.66666666666667,0
401,325.05,0.8249999999999886,0.8083333333333371,0.8250000000000313,0.9999999999999484,88.88888888888889,0
402,325.85833333333335,0.8083333333333371,0.8083333333333371,0.8250000000000313,0.9797979797979472,97.22222222222223,0
403,326.6666666666667,0.8083333333333371,0.8499999999999659,0.8250000000000313,0.9797979797979472,86.11111111111111,0
404,327.51666666666665,0.8499999999999659,0.8555555555555543,0.8250000000000313,1.03030303030295,91.66666666666667,0
405,328.3722222222222,0.8555555555555543,0.8527777777778169,0.8250000000000313,1.0370370370369961,88.88888888888889,0
406,329.225,0.8527777777778169,0.8083333333333371,0.8250000000000313,1.033670033670042,91.66666666666667,0
407,330.03333333333336,0.8083333333333371,0.8416666666666401,0.8250000000000313,0.9797979797979472,97.22222222222223,0
408,330.875,0.8416666666666401,0.7749999999999773,0.8250000000000313,1.0202020202019493,102.77777777777777,0
409,331.65,0.7749999999999773,0.8277777777777828,0.8250000000000313,0.9393939393938763,102.77777777777777,1
410,332.47777777777776,0.8277777777777828,0.8333333333333712,0.8250000000000313,1.0033670033669715,105.55555555555556,0
411,333.31111111111113,0.8333333333333712,0.8527777777777601,0.8250000000000313,1.0101010101010177,94.44444444444444,0
412,334.1638888888889,0.8527777777777601,0.32777777777778283,0.8250000000000313,1.0336700336699731,94.44444444444444,0
413,334.4916666666667,0.32777777777778283,0.5194444444444457,0.8250000000000313,0.3973063973063884,100.0,1
414,335.0111111111111,0.5194444444444457,0.8333333333333144,0.8250000000000313,0.6296296296296073,94.44444444444444,0
415,335.84444444444443,0.8333333333333144,0.7916666666666856,0.8250000000000313,1.0101010101009489,83.33333333333333,0
416,336.6361111111111,0.7916666666666856,0.7861111111110972,0.8250000000000313,0.9595959595959462,91.66666666666667,0
417,337.4222222222222,0.7861111111110972,0.8361111111111086,0.8250000000000313,0.9528619528618999,105.55555555555556,0
418,338.2583333333333,0.8361111111111086,0.841666666666697,0.8250000000000313,1.013468013467972,97.22222222222223,0
419,339.1,0.841666666666697,0.32499999999998863,0.8250000000000313,1.0202020202020183,91.66666666666667,0
420,339.425,0.32499999999998863,0.5194444444444457,0.8250000000000313,0.3939393939393652,100.0,1
421,339.94444444444446,0.5194444444444457,0.8444444444444343,0.8250000000000313,0.6296296296296073,94.44444444444444,0
422,340.7888888888889,0.8444444444444343,0.830555555555577,0.8250000000000313,1.0235690235689725,83.33333333333333,0
423,341.61944444444447,0.830555555555577,0.8305555555555202,0.8250000000000313,1.0067340067339947,91.66666666666667,0
424,342.45,0.8305555555555202,0.7888888888888914,0.8250000000000313,1.0067340067339257,97.22222222222223,0
425,343.2388888888889,0.7888888888888914,0.7972222222222172,0.8250000000000313,0.956228956228923,100.0,0
426,344.0361111111111,0.7972222222222172,0.8611111111111427,0.8250000000000313,0.9663299663299236,88.88888888888889,0
427,344.89722222222224,0.8611111111111427,0.8499999999999659,0.8250000000000313,1.0437710437710426,91.66666666666667,0
428,345.7472222222222,0.8499999999999659,0.830555555555577,0.8250000000000313,1.03030303030295,88.88888888888889,0
429,346.5777777777778,0.830555555555577,0.8277777777777828,0.8250000000000313,1.0067340067339947,94.44444444444444,0
430,347.40555555555557,0.8277777777777828,0.8083333333333371,0.8250000000000313,1.0033670033669715,83.33333333333333,0
431,348.2138888888889,0.8083333333333371,0.8083333333333371,0.8250000000000313,0.9797979797979472,91.66666666666667,0
432,349.02222222222224,0.8083333333333371,0.7972222222222172,0.8250000000000313,0.9797979797979472,94.44444444444444,0
433,349.81944444444446,0.7972222222222172,0.8166666666666629,0.8250000000000313,0.9663299663299236,102.77777777777777,0
434,350.6361111111111,0.8166666666666629,0.8805555555555316,0.8250000000000313,0.9898989898989478,97.22222222222223,0
435,351.51666666666665,0.8805555555555316,0.8527777777778169,0.8250000000000313,1.0673400673399978,91.66666666666667,0
436,352.36944444444447,0.8527777777778169,0.8249999999999886,0.8250000000000313,1.033670033670042,91.66666666666667,0
437,353.19444444444446,0.8249999999999886,0.8166666666666629,0.8250000000000313,0.9999999999999484,80.55555555555556,0
438,354.0111111111111,0.8166666666666629,0.8083333333333371,0.8250000000000313,0.9898989898989478,94.44444444444444,0
439,354.81944444444446,0.8083333333333371,0.8083333333333371,0.8250000000000313,0.9797979797979472,97.22222222222223,0
440,355.6277777777778,0.8083333333333371,0.8111111111110745,0.8250000000000313,0.9797979797979472,100.0,0
441,356.43888888888887,0.8111111111110745,0.8444444444444912,0.8250000000000313,0.9831649831649015,102.77777777777777,0
442,357.28333333333336,0.8444444444444912,0.8722222222222058,0.8250000000000313,1.0235690235690413,100.0,0
443,358.15555555555557,0.8722222222222058,0.8416666666666401,0.8250000000000313,1.0572390572389974,94.44444444444444,0
444,358.9972222222222,0.8416666666666401,0.8055555555555998,0.8250000000000313,1.0202020202019493,88.88888888888889,0
445,359.8027777777778,0.8055555555555998,0.794444444444423,0.8250000000000313,0.976430976430993,86.11111111111111,0
446,360.59722222222223,0.794444444444423,0.8111111111111313,0.8250000000000313,0.9629629629629004,88.88888888888889,0
447,361.40833333333336,0.8111111111111313,0.8166666666666629,0.8250000000000313,0.9831649831649704,94.44444444444444,0
448,362.225,0.8166666666666629,0.8111111111110745,0.8250000000000313,0.9898989898989478,97.22222222222223,0
449,363.0361111111111,0.8111111111110745,0.8833333333333258,0.8250000000000313,0.9831649831649015,108.33333333333333,0
450,363.9194444444444,0.8833333333333258,0.8722222222222626,0.8250000000000313,1.070707070707021,102.77777777777777,0
451,364.7916666666667,0.8722222222222626,0.8305555555555202,0.8250000000000313,1.0572390572390662,94.44444444444444,0
452,365.6222222222222,0.8305555555555202,0.7861111111111541,0.8250000000000313,1.0067340067339257,88.88888888888889,0
453,366.40833333333336,0.7861111111111541,0.794444444444423,0.8250000000000313,0.9528619528619688,88.88888888888889,0
454,367.2027777777778,0.794444444444423,0.8194444444444571,0.8250000000000313,0.9629629629629004,86.11111111111111,0
455,368.02222222222224,0.8194444444444571,0.8333333333333144,0.8250000000000313,0.993265993265971,102.77777777777777,0
456,368.85555555555555,0.8333333333333144,0.8166666666666629,0.8250000000000313,1.0101010101009489,105.55555555555556,0
457,369.6722222222222,0.8166666666666629,0.8805555555555884,0.8250000000000313,0.9898989898989478,102.77777777777777,0
458,370.5527777777778,0.8805555555555884,0.8527777777777601,0.8250000000000313,1.0673400673400668,100.0,0
459,371.40555555555557,0.8527777777777601,0.7972222222222172,0.8250000000000313,1.0336700336699731,86.11111111111111,0
460,372.2027777777778,0.7972222222222172,0.7861111111110972,0.8250000000000313,0.9663299663299236,88.88888888888889,0
461,372.9888888888889,0.7861111111110972,0.8055555555555429,0.8250000000000313,0.9528619528618999,86.11111111111111,0
462,373.7944444444444,0.8055555555555429,0.8388888888889028,0.8250000000000313,0.9764309764309241,86.11111111111111,0
463,374.6333333333333,0.8388888888889028,0.8555555555555543,0.8250000000000313,1.016835016834995,94.44444444444444,0
464,375.4888888888889,0.8555555555555543,0.8222222222222513,0.8250000000000313,1.0370370370369961,97.22222222222223,0
465,376.31111111111113,0.8222222222222513,0.875,0.8250000000000313,0.9966329966329941,105.55555555555556,0
466,377.18611111111113,0.875,0.8249999999999886,0.8250000000000313,1.0606060606060204,91.66666666666667,0
467,378.0111111111111,0.8249999999999886,0.783333333333303,0.8250000000000313,0.9999999999999484,91.66666666666667,0
468,378.7944444444444,0.783333333333303,0.7972222222222172,0.8250000000000313,0.9494949494948768,91.66666666666667,0
469,379.59166666666664,0.7972222222222172,0.8111111111111313,0.8250000000000313,0.9663299663299236,83.33333333333333,0
470,380.40277777777777,0.8111111111111313,0.8611111111111427,0.8250000000000313,0.9831649831649704,88.88888888888889,0
471,381.2638888888889,0.8611111111111427,0.8583333333332916,0.8250000000000313,1.0437710437710426,105.55555555555556,0
472,382.1222222222222,0.8583333333332916,0.8333333333333712,0.8250000000000313,1.0404040404039505,100.0,0
473,382.9555555555556,0.8333333333333712,0.8333333333333144,0.8250000000000313,1.0101010101010177,100.0,0
474,383.7888888888889,0.8333333333333144,0.8138888888888687,0.8250000000000313,1.0101010101009489,105.55555555555556,0
475,384.60277777777776,0.8138888888888687,0.7916666666666856,0.8250000000000313,0.9865319865319246,94.44444444444444,0
476,385.39444444444445,0.7916666666666856,0.8111111111111313,0.8250000000000313,0.9595959595959462,91.66666666666667,0
477,386.2055555555556,0.8111111111111313,0.8416666666666401,0.8250000000000313,0.9831649831649704,97.22222222222223,0
478,387.0472222222222,0.8416666666666401,0.8777777777777942,0.8250000000000313,1.0202020202019493,94.44444444444444,0
479,387.925,0.8777777777777942,0.8472222222222285,0.8250000000000313,1.0639730639730436,91.66666666666667,0
480,388.77222222222224,0.8472222222222285,0.8138888888888687,0.8250000000000313,1.0269360269359957,88.88888888888889,0
481,389.5861111111111,0.8138888888888687,0.8222222222222513,0.8250000000000313,0.9865319865319246,94.44444444444444,0
482,390.40833333333336,0.8222222222222513,0.8583333333332916,0.8250000000000313,0.9966329966329941,97.22222222222223,0
483,391.26666666666665,0.8583333333332916,0.7916666666666856,0.8250000000000313,1.0404040404039505,100.0,0
484,392.05833333333334,0.7916666666666856,0.7694444444444457,0.8250000000000313,0.9595959595959462,102.77777777777777,0
485,392.8277777777778,0.7694444444444457,0.8500000000000227,0.8250000000000313,0.9326599326598989,91.66666666666667,0
486,393.6777777777778,0.8500000000000227,0.8694444444444116,0.8250000000000313,1.0303030303030187,97.22222222222223,0
487,394.5472222222222,0.8694444444444116,0.830555555555577,0.8250000000000313,1.0538720538719741,100.0,0
488,395.3777777777778,0.830555555555577,0.7972222222222172,0.8250000000000313,1.0067340067339947,86.11111111111111,0
489,396.175,0.7972222222222172,0.8249999999999886,0.8250000000000313,0.9663299663299236,88.88888888888889,0
490,397.0,0.8249999999999886,0.8083333333333371,0.8250000000000313,0.9999999999999484,88.88888888888889,0
491,397.80833333333334,0.8083333333333371,0.8166666666666629,0.8250000000000313,0.9797979797979472,100.0,0
492,398.625,0.8166666666666629,0.32777777777778283,0.8250000000000313,0.9898989898989478,91.66666666666667,0
493,398.9527777777778,0.32777777777778283,0.5861111111111086,0.8250000000000313,0.3973063973063884,102.77777777777777,1
494,399.5388888888889,0.5861111111111086,0.7916666666666856,0.8250000000000313,0.7104377104376804,108.33333333333333,1
495,400.3305555555556,0.7916666666666856,0.8611111111110858,0.8250000000000313,0.9595959595959462,102.77777777777777,0
496,401.19166666666666,0.8611111111110858,0.8055555555555429,0.8250000000000313,1.0437710437709735,91.66666666666667,0
497,401.9972222222222,0.8055555555555429,0.7833333333333599,0.8250000000000313,0.9764309764309241,91.66666666666667,0
498,402.78055555555557,0.7833333333333599,0.8249999999999886,0.8250000000000313,0.9494949494949456,88.88888888888889,0
499,403.60555555555555,0.8249999999999886,0.8166666666666629,0.8250000000000313,0.9999999999999484,94.44444444444444,0
500,404.4222222222222,0.8166666666666629,0.8333333333333144,0.8250000000000313,0.9898989898989478,100.0,0
501,405.25555555555553,0.8333333333333144,0.8583333333333485,0.8250000000000313,1.0101010101009489,94.44444444444444,0
502,406.1138888888889,0.8583333333333485,0.8500000000000227,0.8250000000000313,1.0404040404040193,100.0,0
503,406.9638888888889,0.8500000000000227,0.8972222222221831,0.8250000000000313,1.0303030303030187,97.22222222222223,0
504,407.8611111111111,0.8972222222221831,0.7444444444444684,0.8250000000000313,1.0875420875419988,100.0,0
505,408.60555555555555,0.7444444444444684,0.7833333333333599,0.8250000000000313,0.9023569023568973,97.22222222222223,1
506,409.3888888888889,0.7833333333333599,0.8416666666666401,0.8250000000000313,0.9494949494949456,86.11111111111111,0
507,410.23055555555555,0.8416666666666401,0.8444444444444343,0.8250000000000313,1.0202020202019493,94.44444444444444,0
508,411.075,0.8444444444444343,0.8361111111111086,0.8250000000000313,1.0235690235689725,88.88888888888889,0
509,411.9111111111111,0.8361111111111086,0.8500000000000227,0.8250000000000313,1.013468013467972,88.88888888888889,0
510,412.7611111111111,0.8500000000000227,0.8277777777777828,0.8250000000000313,1.0303030303030187,94.44444444444444,0
511,413.5888888888889,0.8277777777777828,0.8166666666666629,0.8250000000000313,1.0033670033669715,94.44444444444444,0
512,414.40555555555557,0.8166666666666629,0.7694444444444457,0.8250000000000313,0.9898989898989478,97.22222222222223,0
513,415.175,0.7694444444444457,0.8111111111110745,0.8250000000000313,0.9326599326598989,100.0,1
514,415.9861111111111,0.8111111111110745,0.8638888888889369,0.8250000000000313,0.9831649831649015,94.44444444444444,0
515,416.85,0.8638888888889369,0.8611111111110858,0.8250000000000313,1.0471380471380656,94.44444444444444,0
516,417.7111111111111,0.8611111111110858,0.8361111111111086,0.8250000000000313,1.0437710437709735,94.44444444444444,0
517,418.5472222222222,0.8361111111111086,0.8388888888889028,0.8250000000000313,1.013468013467972,91.66666666666667,0
518,419.3861111111111,0.8388888888889028,0.8111111111110745,0.8250000000000313,1.016835016834995,83.33333333333333,0
519,420.1972222222222,0.8111111111110745,0.8138888888889255,0.8250000000000313,0.9831649831649015,86.11111111111111,0
520,421.0111111111111,0.8138888888889255,0.7916666666666856,0.8250000000000313,0.9865319865319936,91.66666666666667,0
521,421.8027777777778,0.7916666666666856,0.7916666666666288,0.8250000000000313,0.9595959595959462,94.44444444444444,0
522,422.59444444444443,0.7916666666666288,0.9027777777777715,0.8250000000000313,0.9595959595958773,105.55555555555556,0
523,423.4972222222222,0.9027777777777715,0.8500000000000227,0.8250000000000313,1.0942760942760452,94.44444444444444,0
524,424.34722222222223,0.8500000000000227,0.33055555555557703,0.8250000000000313,1.0303030303030187,91.66666666666667,0
525,424.6777777777778,0.33055555555557703,0.4944444444444116,0.8250000000000313,0.4006734006734115,97.22222222222223,1
526,425.1722222222222,0.4944444444444116,0.8083333333333371,0.8250000000000313,0.5993265993265368,88.88888888888889,0
527,425.98055555555555,0.8083333333333371,0.8000000000000114,0.8250000000000313,0.9797979797979472,77.77777777777777,0
528,426.78055555555557,0.8000000000000114,0.8138888888888687,0.8250000000000313,0.9696969696969467,91.66666666666667,0
529,427.59444444444443,0.8138888888888687,0.8694444444444684,0.8250000000000313,0.9865319865319246,91.66666666666667,0
530,428.4638888888889,0.8694444444444684,0.783333333333303,0.8250000000000313,1.053872053872043,105.55555555555556,0
531,429.2472222222222,0.783333333333303,0.8888888888889142,0.8250000000000313,0.9494949494948768,100.0,1
532,430.1361111111111,0.8888888888889142,0.8444444444444343,0.8250000000000313,1.0774410774410672,94.44444444444444,0
533,430.98055555555555,0.8444444444444343,0.8083333333333371,0.8250000000000313,1.0235690235689725,83.33333333333333,0
534,431.7888888888889,0.8083333333333371,0.794444444444423,0.8250000000000313,0.9797979797979472,83.33333333333333,0
535,432.5833333333333,0.794444444444423,0.8055555555555998,0.8250000000000313,0.9629629629629004,86.11111111111111,0
536,433.3888888888889,0.8055555555555998,0.8249999999999886,0.8250000000000313,0.976430976430993,86.11111111111111,0
537,434.2138888888889,0.8249999999999886,0.8277777777777828,0.8250000000000313,0.9999999999999484,86.11111111111111,0
538,435.0416666666667,0.8277777777777828,0.8499999999999659,0.8250000000000313,1.0033670033669715,94.44444444444444,0
539,435.89166666666665,0.8499999999999659,0.7694444444444457,0.8250000000000313,1.03030303030295,100.0,0
540,436.6611111111111,0.7694444444444457,0.9277777777778056,0.8250000000000313,0.9326599326598989,33.333333333333336,0
541,437.5888888888889,0.9277777777778056,0.7805555555555657,0.8250000000000313,1.1245791245791157,97.22222222222223,0
542,438.36944444444447,0.7805555555555657,0.7972222222222172,0.8250000000000313,0.9461279461279225,88.88888888888889,0
543,439.1666666666667,0.7972222222222172,0.8166666666666629,0.8250000000000313,0.9663299663299236,88.88888888888889,0
544,439.98333333333335,0.8166666666666629,0.8388888888888459,0.8250000000000313,0.9898989898989478,91.66666666666667,0
545,440.8222222222222,0.8388888888888459,0.8500000000000227,0.8250000000000313,1.0168350168349263,94.44444444444444,0
546,441.6722222222222,0.8500000000000227,0.9166666666666856,0.8250000000000313,1.0303030303030187,94.44444444444444,0
547,442.5888888888889,0.9166666666666856,0.794444444444423,0.8250000000000313,1.111111111111092,108.33333333333333,0
548,443.3833333333333,0.794444444444423,0.8000000000000114,0.8250000000000313,0.9629629629629004,97.22222222222223,0
549,444.18333333333334,0.8000000000000114,0.783333333333303,0.8250000000000313,0.9696969696969467,91.66666666666667,0
550,444.96666666666664,0.783333333333303,0.8000000000000114,0.8250000000000313,0.9494949494948768,91.66666666666667,0
551,445.76666666666665,0.8000000000000114,0.841666666666697,0.8250000000000313,0.9696969696969467,88.88888888888889,0
552,446.60833333333335,0.841666666666697,0.8472222222222285,0.8250000000000313,1.0202020202020183,86.11111111111111,0
553,447.4555555555556,0.8472222222222285,0.8416666666666401,0.8250000000000313,1.0269360269359957,94.44444444444444,0
554,448.2972222222222,0.8416666666666401,0.8527777777777601,0.8250000000000313,1.0202020202019493,94.44444444444444,0
555,449.15,0.8527777777777601,0.8055555555555998,0.8250000000000313,1.0336700336699731,100.0,0
556,449.9555555555556,0.8055555555555998,0.07222222222219443,0.8250000000000313,0.976430976430993,105.55555555555556,0
557,450.02777777777777,0.07222222222219443,0.73888888888888,0.8250000000000313,0.08754208754205053,105.55555555555556,1
558,450.76666666666665,0.73888888888888,0.7972222222222172,0.8250000000000313,0.8956228956228509,91.66666666666667,0
559,451.56388888888887,0.7972222222222172,0.8166666666666629,0.8250000000000313,0.9663299663299236,91.66666666666667,0
560,452.38055555555553,0.8166666666666629,0.8694444444444684,0.8250000000000313,0.9898989898989478,97.22222222222223,0
561,453.25,0.8694444444444684,0.8583333333333485,0.8250000000000313,1.053872053872043,100.0,0
562,454.10833333333335,0.8583333333333485,0.8277777777777828,0.8250000000000313,1.0404040404040193,88.88888888888889,0
563,454.93611111111113,0.8277777777777828,0.8361111111111086,0.8250000000000313,1.0033670033669715,88.88888888888889,0
564,455.77222222222224,0.8361111111111086,0.8111111111110745,0.8250000000000313,1.013468013467972,97.22222222222223,0
565,456.5833333333333,0.8111111111110745,0.7861111111111541,0.8250000000000313,0.9831649831649015,97.22222222222223,0
566,457.36944444444447,0.7861111111111541,0.8027777777777487,0.8250000000000313,0.9528619528619688,100.0,0
567,458.1722222222222,0.8027777777777487,0.8333333333333144,0.8250000000000313,0.973063973063901,97.22222222222223,0
568,459.00555555555553,0.8333333333333144,0.875,0.8250000000000313,1.0101010101009489,97.22222222222223,0
569,459.88055555555553,0.875,0.8444444444444912,0.8250000000000313,1.0606060606060204,97.22222222222223,0
570,460.725,0.8444444444444912,0.8111111111110745,0.8250000000000313,1.0235690235690413,97.22222222222223,0
571,461.5361111111111,0.8111111111110745,0.8333333333333712,0.8250000000000313,0.9831649831649015,86.11111111111111,0
572,462.36944444444447,0.8333333333333712,0.8111111111110745,0.8250000000000313,1.0101010101010177,94.44444444444444,0
573,463.18055555555554,0.8111111111110745,0.7972222222222172,0.8250000000000313,0.9831649831649015,100.0,0
574,463.97777777777776,0.7972222222222172,0.830555555555577,0.8250000000000313,0.9663299663299236,102.77777777777777,0
575,464.80833333333334,0.830555555555577,0.8527777777777601,0.8250000000000313,1.0067340067339947,102.77777777777777,0
576,465.6611111111111,0.8527777777777601,0.86388888888888,0.8250000000000313,1.0336700336699731,97.22222222222223,0
577,466.525,0.86388888888888,0.8277777777777828,0.8250000000000313,1.0471380471379967,97.22222222222223,0
578,467.35277777777776,0.8277777777777828,0.7916666666666856,0.8250000000000313,1.0033670033669715,94.44444444444444,0
579,468.14444444444445,0.7916666666666856,0.8194444444444571,0.8250000000000313,0.9595959595959462,83.33333333333333,0
580,468.9638888888889,0.8194444444444571,0.8083333333333371,0.8250000000000313,0.993265993265971,97.22222222222223,0
581,469.77222222222224,0.8083333333333371,0.8083333333333371,0.8250000000000313,0.9797979797979472,91.66666666666667,0
582,470.5805555555556,0.8083333333333371,0.8499999999999659,0.8250000000000313,0.9797979797979472,97.22222222222223,0
583,471.43055555555554,0.8499999999999659,0.9111111111110972,0.8250000000000313,1.03030303030295,100.0,0
584,472.34166666666664,0.9111111111110972,0.8027777777778056,0.8250000000000313,1.1043771043770456,105.55555555555556,0
585,473.14444444444445,0.8027777777778056,0.8138888888888687,0.8250000000000313,0.9730639730639699,94.44444444444444,0
586,473.9583333333333,0.8138888888888687,0.7888888888888914,0.8250000000000313,0.9865319865319246,97.22222222222223,0
587,474.7472222222222,0.7888888888888914,0.8277777777777828,0.8250000000000313,0.956228956228923,97.22222222222223,0
588,475.575,0.8277777777777828,0.8222222222222513,0.8250000000000313,1.0033670033669715,91.66666666666667,0
589,476.39722222222224,0.8222222222222513,0.8305555555555202,0.8250000000000313,0.9966329966329941,94.44444444444444,0
590,477.22777777777776,0.8305555555555202,0.8527777777778169,0.8250000000000313,1.0067340067339257,97.22222222222223,0
591,478.0805555555556,0.8527777777778169,0.8444444444444343,0.8250000000000313,1.033670033670042,83.33333333333333,0
592,478.925,0.8444444444444343,0.8416666666666401,0.8250000000000313,1.0235690235689725,94.44444444444444,0
593,479.76666666666665,0.8416666666666401,0.7944444444444798,0.8250000000000313,1.0202020202019493,91.66666666666667,0
594,480.56111111111113,0.7944444444444798,0.783333333333303,0.8250000000000313,0.9629629629629693,97.22222222222223,0
595,481.34444444444443,0.783333333333303,0.8361111111111086,0.8250000000000313,0.9494949494948768,100.0,1
596,482.18055555555554,0.8361111111111086,0.8388888888889028,0.8250000000000313,1.013468013467972,91.66666666666667,0
597,483.01944444444445,0.8388888888889028,0.8388888888889028,0.8250000000000313,1.016835016834995,91.66666666666667,0
598,483.85833333333335,0.8388888888889028,0.8499999999999659,0.8250000000000313,1.016835016834995,91.66666666666667,0
599,484.7083333333333,0.8499999999999659,0.8333333333333712,0.8250000000000313,1.03030303030295,94.44444444444444,0
600,485.5416666666667,0.8333333333333712,0.8194444444444002,0.8250000000000313,1.0101010101010177,91.66666666666667,0
601,486.3611111111111,0.8194444444444002,0.5361111111111541,0.8250000000000313,0.993265993265902,91.66666666666667,0
602,486.89722222222224,0.5361111111111541,1.055555555555543,0.8250000000000313,0.6498316498316773,97.22222222222223,1
603,487.9527777777778,1.055555555555543,0.8583333333333485,0.8250000000000313,1.2794612794612157,97.22222222222223,0
604,488.81111111111113,0.8583333333333485,0.8472222222222285,0.8250000000000313,1.0404040404040193,94.44444444444444,0
605,489.65833333333336,0.8472222222222285,0.8333333333333144,0.8250000000000313,1.0269360269359957,91.66666666666667,0
606,490.4916666666667,0.8333333333333144,0.8361111111111086,0.8250000000000313,1.0101010101009489,88.88888888888889,0
607,491.3277777777778,0.8361111111111086,0.8111111111111313,0.8250000000000313,1.013468013467972,80.55555555555556,0
608,492.1388888888889,0.8111111111111313,0.8083333333332803,0.8250000000000313,0.9831649831649704,88.88888888888889,0
609,492.9472222222222,0.8083333333332803,0.797222222222274,0.8250000000000313,0.9797979797978784,83.33333333333333,0
610,493.74444444444447,0.797222222222274,0.794444444444423,0.8250000000000313,0.9663299663299925,94.44444444444444,0
611,494.5388888888889,0.794444444444423,0.9027777777777715,0.8250000000000313,0.9629629629629004,108.33333333333333,0
612,495.44166666666666,0.9027777777777715,0.8583333333333485,0.8250000000000313,1.0942760942760452,105.55555555555556,0
613,496.3,0.8583333333333485,0.8277777777777828,0.8250000000000313,1.0404040404040193,86.11111111111111,0
614,497.1277777777778,0.8277777777777828,0.8166666666666629,0.8250000000000313,1.0033670033669715,91.66666666666667,0
615,497.94444444444446,0.8166666666666629,0.8055555555555429,0.8250000000000313,0.9898989898989478,86.11111111111111,0
616,498.75,0.8055555555555429,0.8111111111111313,0.8250000000000313,0.9764309764309241,80.55555555555556,0
617,499.56111111111113,0.8111111111111313,0.8083333333333371,0.8250000000000313,0.9831649831649704,91.66666666666667,0
618,500.36944444444447,0.8083333333333371,0.8361111111111086,0.8250000000000313,0.9797979797979472,83.33333333333333,0
619,501.2055555555556,0.8361111111111086,0.8805555555555316,0.8250000000000313,1.013468013467972,94.44444444444444,0
620,502.0861111111111,0.8805555555555316,0.8472222222222285,0.8250000000000313,1.0673400673399978,88.88888888888889,0
621,502.93333333333334,0.8472222222222285,0.8000000000000114,0.8250000000000313,1.0269360269359957,83.33333333333333,0
622,503.73333333333335,0.8000000000000114,0.7972222222222172,0.8250000000000313,0.9696969696969467,91.66666666666667,0
623,504.53055555555557,0.7972222222222172,0.8111111111110745,0.8250000000000313,0.9663299663299236,80.55555555555556,0
624,505.34166666666664,0.8111111111110745,0.8166666666667197,0.8250000000000313,0.9831649831649015,94.44444444444444,0
625,506.15833333333336,0.8166666666667197,0.8305555555555202,0.8250000000000313,0.9898989898990167,97.22222222222223,0
626,506.9888888888889,0.8305555555555202,0.8694444444444684,0.8250000000000313,1.0067340067339257,102.77777777777777,0
627,507.85833333333335,0.8694444444444684,0.8722222222222058,0.8250000000000313,1.053872053872043,105.55555555555556,0
628,508.73055555555555,0.8722222222222058,0.8249999999999886,0.8250000000000313,1.0572390572389974,97.22222222222223,0
629,509.55555555555554,0.8249999999999886,0.7888888888888914,0.8250000000000313,0.9999999999999484,86.11111111111111,0
630,510.34444444444443,0.7888888888888914,0.7944444444444798,0.8250000000000313,0.956228956228923,86.11111111111111,0
631,511.1388888888889,0.7944444444444798,0.8166666666666629,0.8250000000000313,0.9629629629629693,91.66666666666667,0
632,511.9555555555556,0.8166666666666629,0.830555555555577,0.8250000000000313,0.9898989898989478,88.88888888888889,0
633,512.7861111111112,0.830555555555577,0.8388888888888459,0.8250000000000313,1.0067340067339947,88.88888888888889,0
634,513.625,0.8388888888888459,0.8611111111110858,0.8250000000000313,1.0168350168349263,94.44444444444444,0
635,514.4861111111111,0.8611111111110858,0.8305555555556339,0.8250000000000313,1.0437710437709735,100.0,0
636,515.3166666666667,0.8305555555556339,0.07499999999993179,0.8250000000000313,1.0067340067340635,105.55555555555556,0
637,515.3916666666667,0.07499999999993179,0.7472222222222626,0.8250000000000313,0.09090909090900479,102.77777777777777,1
638,516.1388888888889,0.7472222222222626,0.7916666666666288,0.8250000000000313,0.9057239057239204,86.11111111111111,0
639,516.9305555555555,0.7916666666666288,0.8027777777778056,0.8250000000000313,0.9595959595958773,91.66666666666667,0
640,517.7333333333333,0.8027777777778056,0.841666666666697,0.8250000000000313,0.9730639730639699,94.44444444444444,0
641,518.575,0.841666666666697,0.8555555555554974,0.8250000000000313,1.0202020202020183,94.44444444444444,0
642,519.4305555555555,0.8555555555554974,0.8444444444444343,0.8250000000000313,1.0370370370369273,88.88888888888889,0
643,520.275,0.8444444444444343,0.8555555555556111,0.8250000000000313,1.0235690235689725,91.66666666666667,0
644,521.1305555555556,0.8555555555556111,0.8249999999999318,0.8250000000000313,1.0370370370370652,97.22222222222223,0
645,521.9555555555555,0.8249999999999318,0.8333333333333712,0.8250000000000313,0.9999999999998794,91.66666666666667,0
646,522.7888888888889,0.8333333333333712,0.7444444444444116,0.8250000000000313,1.0101010101010177,100.0,0
647,523.5333333333333,0.7444444444444116,0.8111111111111313,0.8250000000000313,0.9023569023568283,102.77777777777777,1
648,524.3444444444444,0.8111111111111313,0.8611111111110858,0.8250000000000313,0.9831649831649704,102.77777777777777,0
649,525.2055555555555,0.8611111111110858,0.8555555555556111,0.8250000000000313,1.0437710437709735,108.33333333333333,0
650,526.0611111111111,0.8555555555556111,0.8333333333332575,0.8250000000000313,1.0370370370370652,94.44444444444444,0
651,526.8944444444444,0.8333333333332575,0.8388888888889596,0.8250000000000313,1.01010101010088,91.66666666666667,0
652,527.7333333333333,0.8388888888889596,0.8138888888888687,0.8250000000000313,1.016835016835064,97.22222222222223,0
653,528.5472222222222,0.8138888888888687,0.7888888888888914,0.8250000000000313,0.9865319865319246,83.33333333333333,0
654,529.3361111111111,0.7888888888888914,0.8083333333332803,0.8250000000000313,0.956228956228923,83.33333333333333,0
655,530.1444444444444,0.8083333333332803,0.841666666666697,0.8250000000000313,0.9797979797978784,94.44444444444444,0
656,530.9861111111111,0.841666666666697,0.8722222222222626,0.8250000000000313,1.0202020202020183,91.66666666666667,0
657,531.8583333333333,0.8722222222222626,0.8444444444444343,0.8250000000000313,1.0572390572390662,97.22222222222223,0
658,532.7027777777778,0.8444444444444343,0.8111111111111313,0.8250000000000313,1.0235690235689725,88.88888888888889,0
659,533.5138888888889,0.8111111111111313,0.8249999999999318,0.8250000000000313,0.9831649831649704,97.22222222222223,0
660,534.3388888888888,0.8249999999999318,0.8583333333333485,0.8250000000000313,0.9999999999998794,100.0,0
661,535.1972222222222,0.8583333333333485,0.7305555555556111,0.8250000000000313,1.0404040404040193,102.77777777777777,0
662,535.9277777777778,0.7305555555556111,0.8305555555555202,0.8250000000000313,0.8855218855219193,91.66666666666667,0
663,536.7583333333333,0.8305555555555202,0.8500000000000227,0.8250000000000313,1.0067340067339257,91.66666666666667,0
664,537.6083333333333,0.8500000000000227,0.8722222222222626,0.8250000000000313,1.0303030303030187,97.22222222222223,0
665,538.4805555555556,0.8722222222222626,0.8305555555555202,0.8250000000000313,1.0572390572390662,86.11111111111111,0
666,539.3111111111111,0.8305555555555202,0.7999999999999545,0.8250000000000313,1.0067340067339257,88.88888888888889,0
667,540.1111111111111,0.7999999999999545,0.8277777777777828,0.8250000000000313,0.9696969696968778,83.33333333333333,0
668,540.9388888888889,0.8277777777777828,0.808333333333394,0.8250000000000313,1.0033670033669715,100.0,0
669,541.7472222222223,0.808333333333394,0.32777777777778283,0.8250000000000313,0.9797979797980162,97.22222222222223,0
670,542.075,0.32777777777778283,0.4611111111111086,0.8250000000000313,0.3973063973063884,88.88888888888889,0
671,542.5361111111112,0.4611111111111086,0.07777777777778283,0.8250000000000313,0.5589225589225347,105.55555555555556,1
672,542.6138888888889,0.07777777777778283,0.7694444444443889,0.8250000000000313,0.09427609427609683,105.55555555555556,1
673,543.3833333333333,0.7694444444443889,0.875,0.8250000000000313,0.9326599326598299,97.22222222222223,1
674,544.2583333333333,0.875,0.8638888888889369,0.8250000000000313,1.0606060606060204,86.11111111111111,0
675,545.1222222222223,0.8638888888889369,0.8055555555555429,0.8250000000000313,1.0471380471380656,88.88888888888889,0
676,545.9277777777778,0.8055555555555429,0.7777777777777146,0.8250000000000313,0.9764309764309241,80.55555555555556,0
677,546.7055555555555,0.7777777777777146,0.8277777777777828,0.8250000000000313,0.9427609427608304,83.33333333333333,0
678,547.5333333333333,0.8277777777777828,0.8222222222223081,0.8250000000000313,1.0033670033669715,94.44444444444444,0
679,548.3555555555556,0.8222222222223081,0.7999999999999545,0.8250000000000313,0.9966329966330629,97.22222222222223,0
680,549.1555555555556,0.7999999999999545,0.08055555555552019,0.8250000000000313,0.9696969696968778,105.55555555555556,0
681,549.2361111111111,0.08055555555552019,0.7972222222222172,0.8250000000000313,0.09764309764305107,105.55555555555556,1
682,550.0333333333333,0.7972222222222172,0.8500000000000227,0.8250000000000313,0.9663299663299236,88.88888888888889,0
683,550.8833333333333,0.8500000000000227,0.8444444444444343,0.8250000000000313,1.0303030303030187,91.66666666666667,0
684,551.7277777777778,0.8444444444444343,0.7944444444444798,0.8250000000000313,1.0235690235689725,80.55555555555556,0
685,552.5222222222222,0.7944444444444798,0.7888888888888914,0.8250000000000313,0.9629629629629693,88.88888888888889,0
686,553.3111111111111,0.7888888888888914,0.8388888888888459,0.8250000000000313,0.956228956228923,97.22222222222223,0
687,554.15,0.8388888888888459,0.8361111111111086,0.8250000000000313,1.0168350168349263,102.77777777777777,0
688,554.9861111111111,0.8361111111111086,0.8361111111111086,0.8250000000000313,1.013468013467972,94.44444444444444,0
689,555.8222222222222,0.8361111111111086,0.8444444444444343,0.8250000000000313,1.013468013467972,91.66666666666667,0
690,556.6666666666666,0.8444444444444343,0.8333333333333712,0.8250000000000313,1.0235690235689725,83.33333333333333,0
691,557.5,0.8333333333333712,0.8138888888888687,0.8250000000000313,1.0101010101010177,88.88888888888889,0
692,558.3138888888889,0.8138888888888687,0.7888888888888914,0.8250000000000313,0.9865319865319246,83.33333333333333,0
693,559.1027777777778,0.7888888888888914,0.8027777777778056,0.8250000000000313,0.956228956228923,91.66666666666667,0
694,559.9055555555556,0.8027777777778056,0.8555555555554974,0.8250000000000313,0.9730639730639699,105.55555555555556,0
695,560.7611111111111,0.8555555555554974,0.8527777777778738,0.8250000000000313,1.0370370370369273,100.0,0
696,561.6138888888889,0.8527777777778738,0.8361111111111086,0.8250000000000313,1.0336700336701108,88.88888888888889,0
697,562.45,0.8361111111111086,0.8361111111111086,0.8250000000000313,1.013468013467972,88.88888888888889,0
698,563.2861111111112,0.8361111111111086,0.8222222222221944,0.8250000000000313,1.013468013467972,86.11111111111111,0
699,564.1083333333333,0.8222222222221944,0.8083333333332803,0.8250000000000313,0.9966329966329251,80.55555555555556,0
700,564.9166666666666,0.8083333333332803,0.7944444444444798,0.8250000000000313,0.9797979797978784,88.88888888888889,0
701,565.7111111111111,0.7944444444444798,0.8222222222221944,0.8250000000000313,0.9629629629629693,86.11111111111111,0
702,566.5333333333333,0.8222222222221944,0.9277777777778056,0.8250000000000313,0.9966329966329251,97.22222222222223,0
703,567.4611111111111,0.9277777777778056,0.7888888888888914,0.8250000000000313,1.1245791245791157,105.55555555555556,0
704,568.25,0.7888888888888914,0.8305555555555202,0.8250000000000313,0.956228956228923,88.88888888888889,0
705,569.0805555555555,0.8305555555555202,0.808333333333394,0.8250000000000313,1.0067340067339257,91.66666666666667,0
706,569.8888888888889,0.808333333333394,0.8111111111111313,0.8250000000000313,0.9797979797980162,91.66666666666667,0
707,570.7,0.8111111111111313,0.8138888888888687,0.8250000000000313,0.9831649831649704,88.88888888888889,0
708,571.5138888888889,0.8138888888888687,0.8055555555555429,0.8250000000000313,0.9865319865319246,94.44444444444444,0
709,572.3194444444445,0.8055555555555429,0.8527777777777601,0.8250000000000313,0.9764309764309241,86.11111111111111,0
710,573.1722222222222,0.8527777777777601,0.8777777777777374,0.8250000000000313,1.0336700336699731,102.77777777777777,0
711,574.05,0.8777777777777374,0.8944444444445026,0.8250000000000313,1.0639730639729748,100.0,0
712,574.9444444444445,0.8944444444445026,0.7583333333333258,0.8250000000000313,1.0841750841751134,97.22222222222223,0
713,575.7027777777778,0.7583333333333258,0.7999999999999545,0.8250000000000313,0.9191919191918752,94.44444444444444,0
714,576.5027777777777,0.7999999999999545,0.5611111111111313,0.8250000000000313,0.9696969696968778,91.66666666666667,0
715,577.0638888888889,0.5611111111111313,0.8361111111111086,0.8250000000000313,0.6801346801346788,38.888888888888886,0
716,577.9,0.8361111111111086,0.8222222222221944,0.8250000000000313,1.013468013467972,97.22222222222223,0
717,578.7222222222222,0.8222222222221944,0.8222222222223081,0.8250000000000313,0.9966329966329251,94.44444444444444,0
718,579.5444444444445,0.8222222222223081,0.8999999999999773,0.8250000000000313,0.9966329966330629,108.33333333333333,0
719,580.4444444444445,0.8999999999999773,0.8333333333333712,0.8250000000000313,1.090909090909022,91.66666666666667,0
720,581.2777777777778,0.8333333333333712,0.7972222222222172,0.8250000000000313,1.0101010101010177,83.33333333333333,0
721,582.075,0.7972222222222172,0.7972222222222172,0.8250000000000313,0.9663299663299236,86.11111111111111,0
722,582.8722222222223,0.7972222222222172,0.8138888888888687,0.8250000000000313,0.9663299663299236,88.88888888888889,0
723,583.6861111111111,0.8138888888888687,0.8333333333332575,0.8250000000000313,0.9865319865319246,86.11111111111111,0
724,584.5194444444444,0.8333333333332575,0.841666666666697,0.8250000000000313,1.01010101010088,83.33333333333333,0
725,585.3611111111111,0.841666666666697,0.8583333333333485,0.8250000000000313,1.0202020202020183,97.22222222222223,0
726,586.2194444444444,0.8583333333333485,0.8611111111110858,0.8250000000000313,1.0404040404040193,100.0,0
727,587.0805555555555,0.8611111111110858,0.8166666666667197,0.8250000000000313,1.0437710437709735,102.77777777777777,0
728,587.8972222222222,0.8166666666667197,0.783333333333303,0.8250000000000313,0.9898989898990167,80.55555555555556,0
729,588.6805555555555,0.783333333333303,0.7944444444444798,0.8250000000000313,0.9494949494948768,86.11111111111111,0
730,589.475,0.7944444444444798,0.8277777777777828,0.8250000000000313,0.9629629629629693,80.55555555555556,0
731,590.3027777777778,0.8277777777777828,0.8444444444444343,0.8250000000000313,1.0033670033669715,88.88888888888889,0
732,591.1472222222222,0.8444444444444343,0.8444444444444343,0.8250000000000313,1.0235690235689725,97.22222222222223,0
733,591.9916666666667,0.8444444444444343,0.8527777777777601,0.8250000000000313,1.0235690235689725,94.44444444444444,0
734,592.8444444444444,0.8527777777777601,0.8472222222222854,0.8250000000000313,1.0336700336699731,94.44444444444444,0
735,593.6916666666667,0.8472222222222854,0.8027777777776919,0.8250000000000313,1.0269360269360646,97.22222222222223,0
736,594.4944444444444,0.8027777777776919,0.7861111111111541,0.8250000000000313,0.9730639730638321,86.11111111111111,0
737,595.2805555555556,0.7861111111111541,0.8055555555555429,0.8250000000000313,0.9528619528619688,86.11111111111111,0
738,596.0861111111111,0.8055555555555429,0.8555555555556111,0.8250000000000313,0.9764309764309241,100.0,0
739,596.9416666666667,0.8555555555556111,0.8611111111110858,0.8250000000000313,1.0370370370370652,100.0,0
740,597.8027777777778,0.8611111111110858,0.32777777777778283,0.8250000000000313,1.0437710437709735,91.66666666666667,0
741,598.1305555555556,0.32777777777778283,0.4833333333333485,0.8250000000000313,0.3973063973063884,111.11111111111111,1
742,598.6138888888889,0.4833333333333485,0.8694444444444116,0.8250000000000313,0.5858585858585821,94.44444444444444,0
743,599.4833333333333,0.8694444444444116,0.816666666666606,0.8250000000000313,1.0538720538719741,91.66666666666667,0
744,600.3,0.816666666666606,0.7888888888888914,0.8250000000000313,0.9898989898988789,83.33333333333333,0
745,601.0888888888888,0.7888888888888914,0.7722222222222399,0.8250000000000313,0.956228956228923,86.11111111111111,0
746,601.8611111111111,0.7722222222222399,0.8444444444444343,0.8250000000000313,0.936026936026922,105.55555555555556,1
747,602.7055555555555,0.8444444444444343,0.8666666666666742,0.8250000000000313,1.0235690235689725,102.77777777777777,0
748,603.5722222222222,0.8666666666666742,0.8555555555556111,0.8250000000000313,1.05050505050502,94.44444444444444,0
749,604.4277777777778,0.8555555555556111,0.8277777777777828,0.8250000000000313,1.0370370370370652,97.22222222222223,0
750,605.2555555555556,0.8277777777777828,0.8305555555555202,0.8250000000000313,1.0033670033669715,86.11111111111111,0
751,606.0861111111111,0.8305555555555202,0.8083333333332803,0.8250000000000313,1.0067340067339257,86.11111111111111,0
752,606.8944444444444,0.8083333333332803,0.7944444444444798,0.8250000000000313,0.9797979797978784,86.11111111111111,0
753,607.6888888888889,0.7944444444444798,0.8194444444444571,0.8250000000000313,0.9629629629629693,94.44444444444444,0
754,608.5083333333333,0.8194444444444571,0.8250000000000455,0.8250000000000313,0.993265993265971,100.0,0
755,609.3333333333334,0.8250000000000455,0.8666666666666742,0.8250000000000313,1.0000000000000173,108.33333333333333,0
756,610.2,0.8666666666666742,0.8694444444444116,0.8250000000000313,1.05050505050502,105.55555555555556,0
757,611.0694444444445,0.8694444444444116,0.8027777777778056,0.8250000000000313,1.0538720538719741,97.22222222222223,0
758,611.8722222222223,0.8027777777778056,0.8111111111110176,0.8250000000000313,0.9730639730639699,88.88888888888889,0
759,612.6833333333333,0.8111111111110176,0.8055555555556566,0.8250000000000313,0.9831649831648326,94.44444444444444,0
760,613.4888888888889,0.8055555555556566,0.8027777777776919,0.8250000000000313,0.9764309764310619,88.88888888888889,0
761,614.2916666666666,0.8027777777776919,0.841666666666697,0.8250000000000313,0.9730639730638321,86.11111111111111,0
762,615.1333333333333,0.841666666666697,0.8583333333333485,0.8250000000000313,1.0202020202020183,100.0,0
763,615.9916666666667,0.8583333333333485,0.8500000000000227,0.8250000000000313,1.0404040404040193,108.33333333333333,0
764,616.8416666666667,0.8500000000000227,0.8444444444444343,0.8250000000000313,1.0303030303030187,108.33333333333333,0
765,617.6861111111111,0.8444444444444343,0.7888888888888914,0.8250000000000313,1.0235690235689725,94.44444444444444,0
766,618.475,0.7888888888888914,0.8249999999999318,0.8250000000000313,0.956228956228923,88.88888888888889,0
767,619.3,0.8249999999999318,0.8138888888889824,0.8250000000000313,0.9999999999998794,94.44444444444444,0
768,620.1138888888889,0.8138888888889824,0.8194444444443434,0.8250000000000313,0.9865319865320624,94.44444444444444,0
769,620.9333333333333,0.8194444444443434,0.8527777777778738,0.8250000000000313,0.9932659932658331,100.0,0
770,621.7861111111112,0.8527777777778738,0.908333333333303,0.8250000000000313,1.0336700336701108,100.0,0
771,622.6944444444445,0.908333333333303,0.7805555555555657,0.8250000000000313,1.1010101010100226,105.55555555555556,0
772,623.475,0.7805555555555657,0.7999999999999545,0.8250000000000313,0.9461279461279225,94.44444444444444,0
773,624.275,0.7999999999999545,0.7805555555555657,0.8250000000000313,0.9696969696968778,88.88888888888889,0
774,625.0555555555555,0.7805555555555657,0.8361111111111086,0.8250000000000313,0.9461279461279225,91.66666666666667,0
775,625.8916666666667,0.8361111111111086,0.8277777777777828,0.8250000000000313,1.013468013467972,88.88888888888889,0
776,626.7194444444444,0.8277777777777828,0.841666666666697,0.8250000000000313,1.0033670033669715,94.44444444444444,0
777,627.5611111111111,0.841666666666697,0.9166666666666288,0.8250000000000313,1.0202020202020183,94.44444444444444,0
778,628.4777777777778,0.9166666666666288,0.783333333333303,0.8250000000000313,1.111111111111023,102.77777777777777,0
779,629.2611111111111,0.783333333333303,0.8277777777777828,0.8250000000000313,0.9494949494948768,83.33333333333333,0
780,630.0888888888888,0.8277777777777828,0.7861111111111541,0.8250000000000313,1.0033670033669715,83.33333333333333,0
781,630.875,0.7861111111111541,0.7888888888888914,0.8250000000000313,0.9528619528619688,86.11111111111111,0
782,631.6638888888889,0.7888888888888914,0.8500000000000227,0.8250000000000313,0.956228956228923,86.11111111111111,0
783,632.5138888888889,0.8500000000000227,0.8472222222221717,0.8250000000000313,1.0303030303030187,94.44444444444444,0
784,633.3611111111111,0.8472222222221717,0.8361111111111086,0.8250000000000313,1.0269360269359267,97.22222222222223,0
785,634.1972222222222,0.8361111111111086,0.841666666666697,0.8250000000000313,1.013468013467972,100.0,0
786,635.0388888888889,0.841666666666697,0.8194444444444571,0.8250000000000313,1.0202020202020183,94.44444444444444,0
787,635.8583333333333,0.8194444444444571,0.8111111111111313,0.8250000000000313,0.993265993265971,91.66666666666667,0
788,636.6694444444445,0.8111111111111313,0.7944444444443661,0.8250000000000313,0.9831649831649704,91.66666666666667,0
789,637.4638888888888,0.7944444444443661,0.8027777777778056,0.8250000000000313,0.9629629629628316,77.77777777777777,0
790,638.2666666666667,0.8027777777778056,0.8777777777777374,0.8250000000000313,0.9730639730639699,94.44444444444444,0
791,639.1444444444444,0.8777777777777374,0.8611111111111995,0.8250000000000313,1.0639730639729748,100.0,0
792,640.0055555555556,0.8611111111111995,0.8222222222221944,0.8250000000000313,1.0437710437711114,97.22222222222223,0
793,640.8277777777778,0.8222222222221944,0.8777777777777374,0.8250000000000313,0.9966329966329251,97.22222222222223,0
794,641.7055555555555,0.8777777777777374,0.7361111111111995,0.8250000000000313,1.0639730639729748,100.0,0
795,642.4416666666667,0.7361111111111995,0.8333333333332575,0.8250000000000313,0.8922558922559656,91.66666666666667,0
796,643.275,0.8333333333332575,0.7944444444444798,0.8250000000000313,1.01010101010088,83.33333333333333,0
797,644.0694444444445,0.7944444444444798,0.8305555555555202,0.8250000000000313,0.9629629629629693,88.88888888888889,0
798,644.9,0.8305555555555202,0.8805555555555884,0.8250000000000313,1.0067340067339257,88.88888888888889,0
799,645.7805555555556,0.8805555555555884,0.8472222222221717,0.8250000000000313,1.0673400673400668,91.66666666666667,0
800,646.6277777777777,0.8472222222221717,0.8111111111111313,0.8250000000000313,1.0269360269359267,94.44444444444444,0
801,647.4388888888889,0.8111111111111313,0.8027777777778056,0.8250000000000313,0.9831649831649704,97.22222222222223,0
802,648.2416666666667,0.8027777777778056,0.8083333333332803,0.8250000000000313,0.9730639730639699,97.22222222222223,0
803,649.05,0.8083333333332803,0.8138888888889824,0.8250000000000313,0.9797979797978784,91.66666666666667,0
804,649.8638888888889,0.8138888888889824,0.8222222222221944,0.8250000000000313,0.9865319865320624,91.66666666666667,0
805,650.6861111111111,0.8222222222221944,0.8583333333333485,0.8250000000000313,0.9966329966329251,86.11111111111111,0
806,651.5444444444445,0.8583333333333485,0.872222222222149,0.8250000000000313,1.0404040404040193,86.11111111111111,0
807,652.4166666666666,0.872222222222149,0.8305555555556339,0.8250000000000313,1.0572390572389283,91.66666666666667,0
808,653.2472222222223,0.8305555555556339,0.7999999999999545,0.8250000000000313,1.0067340067340635,83.33333333333333,0
809,654.0472222222222,0.7999999999999545,0.7722222222222399,0.8250000000000313,0.9696969696968778,91.66666666666667,0
810,654.8194444444445,0.7722222222222399,0.8305555555555202,0.8250000000000313,0.936026936026922,102.77777777777777,1
811,655.65,0.8305555555555202,0.8250000000000455,0.8250000000000313,1.0067340067339257,94.44444444444444,0
812,656.475,0.8250000000000455,0.8388888888888459,0.8250000000000313,1.0000000000000173,91.66666666666667,0
813,657.3138888888889,0.8388888888888459,0.8583333333333485,0.8250000000000313,1.0168350168349263,97.22222222222223,0
814,658.1722222222222,0.8583333333333485,0.8611111111110858,0.8250000000000313,1.0404040404040193,100.0,0
815,659.0333333333333,0.8611111111110858,0.8111111111111313,0.8250000000000313,1.0437710437709735,91.66666666666667,0
816,659.8444444444444,0.8111111111111313,0.7944444444444798,0.8250000000000313,0.9831649831649704,91.66666666666667,0
817,660.6388888888889,0.7944444444444798,0.7999999999999545,0.8250000000000313,0.9629629629629693,94.44444444444444,0
818,661.4388888888889,0.7999999999999545,0.8333333333333712,0.8250000000000313,0.9696969696968778,88.88888888888889,0
819,662.2722222222222,0.8333333333333712,0.8527777777777601,0.8250000000000313,1.0101010101010177,97.22222222222223,0
820,663.125,0.8527777777777601,0.841666666666697,0.8250000000000313,1.0336700336699731,97.22222222222223,0
821,663.9666666666667,0.841666666666697,0.8583333333333485,0.8250000000000313,1.0202020202020183,94.44444444444444,0
822,664.825,0.8583333333333485,0.8388888888888459,0.8250000000000313,1.0404040404040193,100.0,0
823,665.6638888888889,0.8388888888888459,0.8388888888888459,0.8250000000000313,1.0168350168349263,97.22222222222223,0
824,666.5027777777777,0.8388888888888459,0.7388888888889369,0.8250000000000313,1.0168350168349263,100.0,0
825,667.2416666666667,0.7388888888889369,0.8027777777778056,0.8250000000000313,0.8956228956229199,100.0,1
826,668.0444444444445,0.8027777777778056,0.8444444444444343,0.8250000000000313,0.9730639730639699,88.88888888888889,0
827,668.8888888888889,0.8444444444444343,0.8583333333333485,0.8250000000000313,1.0235690235689725,102.77777777777777,0
828,669.7472222222223,0.8583333333333485,0.8416666666665833,0.8250000000000313,1.0404040404040193,97.22222222222223,0
829,670.5888888888888,0.8416666666665833,0.8472222222222854,0.8250000000000313,1.0202020202018804,91.66666666666667,0
830,671.4361111111111,0.8472222222222854,0.816666666666606,0.8250000000000313,1.0269360269360646,97.22222222222223,0
831,672.2527777777777,0.816666666666606,0.7888888888888914,0.8250000000000313,0.9898989898988789,86.11111111111111,0
832,673.0416666666666,0.7888888888888914,0.8111111111111313,0.8250000000000313,0.956228956228923,91.66666666666667,0
833,673.8527777777778,0.8111111111111313,0.8277777777777828,0.8250000000000313,0.9831649831649704,100.0,0
834,674.6805555555555,0.8277777777777828,0.8472222222222854,0.8250000000000313,1.0033670033669715,102.77777777777777,0
835,675.5277777777778,0.8472222222222854,0.8694444444444116,0.8250000000000313,1.0269360269360646,113.88888888888889,0
836,676.3972222222222,0.8694444444444116,0.8277777777777828,0.8250000000000313,1.0538720538719741,97.22222222222223,0
837,677.225,0.8277777777777828,0.8277777777777828,0.8250000000000313,1.0033670033669715,88.88888888888889,0
838,678.0527777777778,0.8277777777777828,0.8027777777778056,0.8250000000000313,1.0033670033669715,94.44444444444444,0
839,678.8555555555556,0.8027777777778056,0.7888888888887777,0.8250000000000313,0.9730639730639699,94.44444444444444,0
840,679.6444444444444,0.7888888888887777,0.8222222222223081,0.8250000000000313,0.9562289562287852,83.33333333333333,0
841,680.4666666666667,0.8222222222223081,0.8472222222221717,0.8250000000000313,0.9966329966330629,100.0,0
842,681.3138888888889,0.8472222222221717,0.877777777777851,0.8250000000000313,1.0269360269359267,108.33333333333333,0
843,682.1916666666667,0.877777777777851,0.8444444444444343,0.8250000000000313,1.0639730639731124,102.77777777777777,0
844,683.0361111111112,0.8444444444444343,0.8027777777776919,0.8250000000000313,1.0235690235689725,94.44444444444444,0
845,683.8388888888888,0.8027777777776919,0.8250000000000455,0.8250000000000313,0.9730639730638321,86.11111111111111,0
846,684.6638888888889,0.8250000000000455,0.8083333333332803,0.8250000000000313,1.0000000000000173,86.11111111111111,0
847,685.4722222222222,0.8083333333332803,0.7972222222222172,0.8250000000000313,0.9797979797978784,94.44444444444444,0
848,686.2694444444444,0.7972222222222172,0.844444444444548,0.8250000000000313,0.9663299663299236,83.33333333333333,0
849,687.1138888888889,0.844444444444548,0.849999999999909,0.8250000000000313,1.0235690235691104,100.0,0
850,687.9638888888888,0.849999999999909,0.8666666666666742,0.8250000000000313,1.030303030302881,100.0,0
851,688.8305555555555,0.8666666666666742,0.8166666666667197,0.8250000000000313,1.05050505050502,105.55555555555556,0
852,689.6472222222222,0.8166666666667197,0.783333333333303,0.8250000000000313,0.9898989898990167,86.11111111111111,0
853,690.4305555555555,0.783333333333303,0.8333333333333712,0.8250000000000313,0.9494949494948768,83.33333333333333,0
854,691.2638888888889,0.8333333333333712,0.8083333333332803,0.8250000000000313,1.0101010101010177,91.66666666666667,0
855,692.0722222222222,0.8083333333332803,0.8194444444444571,0.8250000000000313,0.9797979797978784,88.88888888888889,0
856,692.8916666666667,0.8194444444444571,0.8638888888889369,0.8250000000000313,0.993265993265971,88.88888888888889,0
857,693.7555555555556,0.8638888888889369,0.8527777777777601,0.8250000000000313,1.0471380471380656,91.66666666666667,0
858,694.6083333333333,0.8527777777777601,0.8472222222221717,0.8250000000000313,1.0336700336699731,94.44444444444444,0
859,695.4555555555555,0.8472222222221717,0.8527777777777601,0.8250000000000313,1.0269360269359267,91.66666666666667,0
860,696.3083333333333,0.8527777777777601,0.7333333333333485,0.8250000000000313,1.0336700336699731,100.0,0
861,697.0416666666666,0.7333333333333485,0.8333333333333712,0.8250000000000313,0.8888888888888736,97.22222222222223,1
862,697.875,0.8333333333333712,0.8277777777777828,0.8250000000000313,1.0101010101010177,94.44444444444444,0
863,698.7027777777778,0.8277777777777828,0.8361111111111086,0.8250000000000313,1.0033670033669715,97.22222222222223,0
864,699.5388888888889,0.8361111111111086,0.8500000000000227,0.8250000000000313,1.013468013467972,86.11111111111111,0
865,700.3888888888889,0.8500000000000227,0.8388888888888459,0.8250000000000313,1.0303030303030187,83.33333333333333,0
866,701.2277777777778,0.8388888888888459,0.8222222222221944,0.8250000000000313,1.0168350168349263,91.66666666666667,0
867,702.05,0.8222222222221944,0.7888888888888914,0.8250000000000313,0.9966329966329251,80.55555555555556,0
868,702.8388888888888,0.7888888888888914,0.7916666666667425,0.8250000000000313,0.956228956228923,83.33333333333333,0
869,703.6305555555556,0.7916666666667425,0.8527777777777601,0.8250000000000313,0.9595959595960151,94.44444444444444,0
870,704.4833333333333,0.8527777777777601,0.8500000000000227,0.8250000000000313,1.0336700336699731,97.22222222222223,0
871,705.3333333333334,0.8500000000000227,0.9027777777777146,0.8250000000000313,1.0303030303030187,94.44444444444444,0
872,706.2361111111111,0.9027777777777146,0.783333333333303,0.8250000000000313,1.0942760942759762,102.77777777777777,0
873,707.0194444444444,0.783333333333303,0.8222222222223081,0.8250000000000313,0.9494949494948768,91.66666666666667,0
874,707.8416666666667,0.8222222222223081,0.816666666666606,0.8250000000000313,0.9966329966330629,83.33333333333333,0
875,708.6583333333333,0.816666666666606,0.7888888888888914,0.8250000000000313,0.9898989898988789,83.33333333333333,0
876,709.4472222222222,0.7888888888888914,0.8055555555555429,0.8250000000000313,0.956228956228923,83.33333333333333,0
877,710.2527777777777,0.8055555555555429,0.8666666666666742,0.8250000000000313,0.9764309764309241,86.11111111111111,0
878,711.1194444444444,0.8666666666666742,0.8527777777777601,0.8250000000000313,1.05050505050502,88.88888888888889,0
879,711.9722222222222,0.8527777777777601,0.8222222222223081,0.8250000000000313,1.0336700336699731,83.33333333333333,0
880,712.7944444444445,0.8222222222223081,0.8194444444444571,0.8250000000000313,0.9966329966330629,94.44444444444444,0
881,713.6138888888889,0.8194444444444571,0.8138888888888687,0.8250000000000313,0.993265993265971,97.22222222222223,0
882,714.4277777777778,0.8138888888888687,0.8111111111111313,0.8250000000000313,0.9865319865319246,102.77777777777777,0
883,715.2388888888889,0.8111111111111313,0.7999999999999545,0.8250000000000313,0.9831649831649704,83.33333333333333,0
884,716.0388888888889,0.7999999999999545,0.8361111111111086,0.8250000000000313,0.9696969696968778,86.11111111111111,0
885,716.875,0.8361111111111086,0.8833333333333258,0.8250000000000313,1.013468013467972,97.22222222222223,0
886,717.7583333333333,0.8833333333333258,0.841666666666697,0.8250000000000313,1.070707070707021,88.88888888888889,0
887,718.6,0.841666666666697,0.816666666666606,0.8250000000000313,1.0202020202020183,88.88888888888889,0
888,719.4166666666666,0.816666666666606,0.8027777777778056,0.8250000000000313,0.9898989898988789,91.66666666666667,0
889,720.2194444444444,0.8027777777778056,0.8111111111111313,0.8250000000000313,0.9730639730639699,88.88888888888889,0
890,721.0305555555556,0.8111111111111313,0.8111111111111313,0.8250000000000313,0.9831649831649704,94.44444444444444,0
891,721.8416666666667,0.8111111111111313,0.8138888888888687,0.8250000000000313,0.9831649831649704,91.66666666666667,0
892,722.6555555555556,0.8138888888888687,0.8555555555554974,0.8250000000000313,0.9865319865319246,86.11111111111111,0
893,723.5111111111111,0.8555555555554974,0.8666666666666742,0.8250000000000313,1.0370370370369273,97.22222222222223,0
894,724.3777777777777,0.8666666666666742,0.8361111111111086,0.8250000000000313,1.05050505050502,88.88888888888889,0
895,725.2138888888888,0.8361111111111086,0.8055555555555429,0.8250000000000313,1.013468013467972,94.44444444444444,0
896,726.0194444444444,0.8055555555555429,0.7972222222223309,0.8250000000000313,0.9764309764309241,91.66666666666667,0
897,726.8166666666667,0.7972222222223309,0.8194444444443434,0.8250000000000313,0.9663299663300614,100.0,0
898,727.6361111111111,0.8194444444443434,0.8277777777777828,0.8250000000000313,0.9932659932658331,100.0,0
899,728.4638888888888,0.8277777777777828,0.8361111111111086,0.8250000000000313,1.0033670033669715,80.55555555555556,0
900,729.3,0.8361111111111086,0.8638888888889369,0.8250000000000313,1.013468013467972,91.66666666666667,0
901,730.1638888888889,0.8638888888889369,0.8583333333333485,0.8250000000000313,1.0471380471380656,94.44444444444444,0
902,731.0222222222222,0.8583333333333485,0.8111111111111313,0.8250000000000313,1.0404040404040193,83.33333333333333,0
903,731.8333333333334,0.8111111111111313,0.7861111111110404,0.8250000000000313,0.9831649831649704,83.33333333333333,0
904,732.6194444444444,0.7861111111110404,0.7972222222222172,0.8250000000000313,0.9528619528618311,86.11111111111111,0
905,733.4166666666666,0.7972222222222172,0.8305555555556339,0.8250000000000313,0.9663299663299236,86.11111111111111,0
906,734.2472222222223,0.8305555555556339,0.8333333333332575,0.8250000000000313,1.0067340067340635,88.88888888888889,0
907,735.0805555555555,0.8333333333332575,0.8388888888889596,0.8250000000000313,1.01010101010088,86.11111111111111,0
908,735.9194444444445,0.8388888888889596,0.872222222222149,0.8250000000000313,1.016835016835064,83.33333333333333,0
909,736.7916666666666,0.872222222222149,0.8361111111111086,0.8250000000000313,1.0572390572389283,100.0,0
910,737.6277777777777,0.8361111111111086,0.7944444444444798,0.8250000000000313,1.013468013467972,94.44444444444444,0
911,738.4222222222222,0.7944444444444798,0.8027777777778056,0.8250000000000313,0.9629629629629693,91.66666666666667,0
912,739.225,0.8027777777778056,0.8055555555555429,0.8250000000000313,0.9730639730639699,97.22222222222223,0
913,740.0305555555556,0.8055555555555429,0.8500000000000227,0.8250000000000313,0.9764309764309241,97.22222222222223,0
914,740.8805555555556,0.8500000000000227,0.8500000000000227,0.8250000000000313,1.0303030303030187,102.77777777777777,0
915,741.7305555555556,0.8500000000000227,0.8333333333332575,0.8250000000000313,1.0303030303030187,102.77777777777777,0
916,742.5638888888889,0.8333333333332575,0.8583333333333485,0.8250000000000313,1.01010101010088,91.66666666666667,0
917,743.4222222222222,0.8583333333333485,0.808333333333394,0.8250000000000313,1.0404040404040193,94.44444444444444,0
918,744.2305555555556,0.808333333333394,0.783333333333303,0.8250000000000313,0.9797979797980162,94.44444444444444,0
919,745.0138888888889,0.783333333333303,0.8055555555555429,0.8250000000000313,0.9494949494948768,88.88888888888889,0
920,745.8194444444445,0.8055555555555429,0.8194444444444571,0.8250000000000313,0.9764309764309241,91.66666666666667,0
921,746.6388888888889,0.8194444444444571,0.872222222222149,0.8250000000000313,0.993265993265971,97.22222222222223,0
922,747.5111111111111,0.872222222222149,0.8305555555556339,0.8250000000000313,1.0572390572389283,97.22222222222223,0
923,748.3416666666667,0.8305555555556339,0.8527777777777601,0.8250000000000313,1.0067340067340635,108.33333333333333,0
924,749.1944444444445,0.8527777777777601,0.8388888888888459,0.8250000000000313,1.0336700336699731,88.88888888888889,0
925,750.0333333333333,0.8388888888888459,0.8055555555555429,0.8250000000000313,1.0168350168349263,88.88888888888889,0
926,750.8388888888888,0.8055555555555429,0.7888888888888914,0.8250000000000313,0.9764309764309241,86.11111111111111,0
927,751.6277777777777,0.7888888888888914,0.8222222222223081,0.8250000000000313,0.956228956228923,94.44444444444444,0
928,752.45,0.8222222222223081,0.8444444444444343,0.8250000000000313,0.9966329966330629,86.11111111111111,0
929,753.2944444444445,0.8444444444444343,0.872222222222149,0.8250000000000313,1.0235690235689725,88.88888888888889,0
930,754.1666666666666,0.872222222222149,0.841666666666697,0.8250000000000313,1.0572390572389283,97.22222222222223,0
931,755.0083333333333,0.841666666666697,0.7777777777778283,0.8250000000000313,1.0202020202020183,97.22222222222223,0
932,755.7861111111112,0.7777777777778283,0.07777777777778283,0.8250000000000313,0.9427609427609683,108.33333333333333,1
933,755.8638888888889,0.07777777777778283,0.7694444444443889,0.8250000000000313,0.09427609427609683,102.77777777777777,1
934,756.6333333333333,0.7694444444443889,0.8027777777778056,0.8250000000000313,0.9326599326598299,88.88888888888889,0
935,757.4361111111111,0.8027777777778056,0.7916666666666288,0.8250000000000313,0.9730639730639699,88.88888888888889,0
936,758.2277777777778,0.7916666666666288,0.841666666666697,0.8250000000000313,0.9595959595958773,80.55555555555556,0
937,759.0694444444445,0.841666666666697,0.8611111111110858,0.8250000000000313,1.0202020202020183,86.11111111111111,0
938,759.9305555555555,0.8611111111110858,0.8638888888889369,0.8250000000000313,1.0437710437709735,86.11111111111111,0
939,760.7944444444445,0.8638888888889369,0.8222222222221944,0.8250000000000313,1.0471380471380656,83.33333333333333,0
940,761.6166666666667,0.8222222222221944,0.7944444444444798,0.8250000000000313,0.9966329966329251,86.11111111111111,0
941,762.4111111111112,0.7944444444444798,0.8277777777777828,0.8250000000000313,0.9629629629629693,97.22222222222223,0
942,763.2388888888889,0.8277777777777828,0.8555555555554974,0.8250000000000313,1.0033670033669715,88.88888888888889,0
943,764.0944444444444,0.8555555555554974,0.7638888888889142,0.8250000000000313,1.0370370370369273,102.77777777777777,0
944,764.8583333333333,0.7638888888889142,0.8527777777777601,0.8250000000000313,0.9259259259259215,91.66666666666667,0
945,765.7111111111111,0.8527777777777601,0.8527777777777601,0.8250000000000313,1.0336700336699731,83.33333333333333,0
946,766.5638888888889,0.8527777777777601,0.8472222222222854,0.8250000000000313,1.0336700336699731,94.44444444444444,0
947,767.4111111111112,0.8472222222222854,0.7944444444443661,0.8250000000000313,1.0269360269360646,86.11111111111111,0
948,768.2055555555555,0.7944444444443661,0.7944444444444798,0.8250000000000313,0.9629629629628316,80.55555555555556,0
949,769.0,0.7944444444444798,0.8305555555555202,0.8250000000000313,0.9629629629629693,91.66666666666667,0
950,769.8305555555555,0.8305555555555202,0.8305555555556339,0.8250000000000313,1.0067340067339257,94.44444444444444,0
951,770.6611111111112,0.8305555555556339,0.8972222222221262,0.8250000000000313,1.0067340067340635,97.22222222222223,0
952,771.5583333333333,0.8972222222221262,0.7944444444444798,0.8250000000000313,1.08754208754193,105.55555555555556,0
953,772.3527777777778,0.7944444444444798,0.8555555555556111,0.8250000000000313,0.9629629629629693,94.44444444444444,0
954,773.2083333333334,0.8555555555556111,0.8222222222221944,0.8250000000000313,1.0370370370370652,88.88888888888889,0
955,774.0305555555556,0.8222222222221944,0.7888888888888914,0.8250000000000313,0.9966329966329251,91.66666666666667,0
956,774.8194444444445,0.7888888888888914,0.7944444444444798,0.8250000000000313,0.956228956228923,83.33333333333333,0
957,775.6138888888889,0.7944444444444798,0.8472222222221717,0.8250000000000313,0.9629629629629693,86.11111111111111,0
958,776.4611111111111,0.8472222222221717,0.8472222222221717,0.8250000000000313,1.0269360269359267,94.44444444444444,0
959,777.3083333333333,0.8472222222221717,0.8277777777777828,0.8250000000000313,1.0269360269359267,88.88888888888889,0
960,778.1361111111111,0.8277777777777828,0.844444444444548,0.8250000000000313,1.0033670033669715,88.88888888888889,0
961,778.9805555555556,0.844444444444548,0.8305555555555202,0.8250000000000313,1.0235690235691104,91.66666666666667,0
962,779.8111111111111,0.8305555555555202,0.8055555555555429,0.8250000000000313,1.0067340067339257,91.66666666666667,0
963,780.6166666666667,0.8055555555555429,0.7916666666666288,0.8250000000000313,0.9764309764309241,91.66666666666667,0
964,781.4083333333333,0.7916666666666288,0.8000000000000682,0.8250000000000313,0.9595959595958773,91.66666666666667,0
965,782.2083333333334,0.8000000000000682,0.8888888888888005,0.8250000000000313,0.9696969696970156,105.55555555555556,0
966,783.0972222222222,0.8888888888888005,0.8527777777778738,0.8250000000000313,1.0774410774409295,91.66666666666667,0
967,783.95,0.8527777777778738,0.8305555555555202,0.8250000000000313,1.0336700336701108,88.88888888888889,0
968,784.7805555555556,0.8305555555555202,0.8250000000000455,0.8250000000000313,1.0067340067339257,97.22222222222223,0
969,785.6055555555556,0.8250000000000455,0.8138888888888687,0.8250000000000313,1.0000000000000173,86.11111111111111,0
970,786.4194444444445,0.8138888888888687,0.7999999999999545,0.8250000000000313,0.9865319865319246,97.22222222222223,0
971,787.2194444444444,0.7999999999999545,0.7944444444444798,0.8250000000000313,0.9696969696968778,86.11111111111111,0
972,788.0138888888889,0.7944444444444798,0.841666666666697,0.8250000000000313,0.9629629629629693,91.66666666666667,0
973,788.8555555555556,0.841666666666697,0.9249999999999545,0.8250000000000313,1.0202020202020183,102.77777777777777,0
974,789.7805555555556,0.9249999999999545,0.7888888888888914,0.8250000000000313,1.1212121212120236,102.77777777777777,0
975,790.5694444444445,0.7888888888888914,0.8249999999999318,0.8250000000000313,0.956228956228923,91.66666666666667,0
976,791.3944444444444,0.8249999999999318,0.8027777777778056,0.8250000000000313,0.9999999999998794,94.44444444444444,0
977,792.1972222222222,0.8027777777778056,0.8194444444444571,0.8250000000000313,0.9730639730639699,86.11111111111111,0
978,793.0166666666667,0.8194444444444571,0.808333333333394,0.8250000000000313,0.993265993265971,86.11111111111111,0
979,793.825,0.808333333333394,0.8194444444443434,0.8250000000000313,0.9797979797980162,94.44444444444444,0
980,794.6444444444444,0.8194444444443434,0.8694444444445253,0.8250000000000313,0.9932659932658331,91.66666666666667,0
981,795.5138888888889,0.8694444444445253,0.8611111111110858,0.8250000000000313,1.053872053872112,88.88888888888889,0
982,796.375,0.8611111111110858,0.8277777777777828,0.8250000000000313,1.0437710437709735,94.44444444444444,0
983,797.2027777777778,0.8277777777777828,0.8083333333332803,0.8250000000000313,1.0033670033669715,97.22222222222223,0
984,798.0111111111111,0.8083333333332803,0.8472222222222854,0.8250000000000313,0.9797979797978784,97.22222222222223,0
985,798.8583333333333,0.8472222222222854,0.7638888888889142,0.8250000000000313,1.0269360269360646,105.55555555555556,0
986,799.6222222222223,0.7638888888889142,0.8194444444444571,0.8250000000000313,0.9259259259259215,97.22222222222223,1
987,800.4416666666667,0.8194444444444571,0.8277777777776691,0.8250000000000313,0.993265993265971,83.33333333333333,0
988,801.2694444444444,0.8277777777776691,0.875,0.8250000000000313,1.0033670033668336,94.44444444444444,0
989,802.1444444444444,0.875,0.8555555555556111,0.8250000000000313,1.0606060606060204,97.22222222222223,0
990,803.0,0.8555555555556111,0.8055555555555429,0.8250000000000313,1.0370370370370652,91.66666666666667,0
991,803.8055555555555,0.8055555555555429,0.8055555555555429,0.8250000000000313,0.9764309764309241,88.88888888888889,0
992,804.6111111111111,0.8055555555555429,0.8000000000000682,0.8250000000000313,0.9764309764309241,100.0,0
993,805.4111111111112,0.8000000000000682,0.8083333333332803,0.8250000000000313,0.9696969696970156,94.44444444444444,0
994,806.2194444444444,0.8083333333332803,0.8611111111110858,0.8250000000000313,0.9797979797978784,105.55555555555556,0
995,807.0805555555555,0.8611111111110858,0.8333333333333712,0.8250000000000313,1.0437710437709735,97.22222222222223,0
996,807.9138888888889,0.8333333333333712,0.875,0.8250000000000313,1.0101010101010177,88.88888888888889,0
997,808.7888888888889,0.875,0.8277777777777828,0.8250000000000313,1.0606060606060204,88.88888888888889,0
998,809.6166666666667,0.8277777777777828,0.7861111111111541,0.8250000000000313,1.0033670033669715,91.66666666666667,0
999,810.4027777777778,0.7861111111111541,0.7999999999999545,0.8250000000000313,0.9528619528619688,86.11111111111111,0
1000,811.2027777777778,0.7999999999999545,0.8055555555555429,0.8250000000000313,0.9696969696968778,80.55555555555556,0
1001,812.0083333333333,0.8055555555555429,0.8472222222222854,0.8250000000000313,0.9764309764309241,83.33333333333333,0
1002,812.8555555555556,0.8472222222222854,0.8472222222221717,0.8250000000000313,1.0269360269360646,83.33333333333333,0
1003,813.7027777777778,0.8472222222221717,0.841666666666697,0.8250000000000313,1.0269360269359267,97.22222222222223,0
1004,814.5444444444445,0.841666666666697,0.9194444444443661,0.8250000000000313,1.0202020202020183,102.77777777777777,0
1005,815.4638888888888,0.9194444444443661,0.7555555555555884,0.8250000000000313,1.1144781144779774,105.55555555555556,0
1006,816.2194444444444,0.7555555555555884,0.7888888888888914,0.8250000000000313,0.915824915824921,86.11111111111111,0
1007,817.0083333333333,0.7888888888888914,0.8055555555555429,0.8250000000000313,0.956228956228923,80.55555555555556,0
1008,817.8138888888889,0.8055555555555429,0.8250000000000455,0.8250000000000313,0.9764309764309241,83.33333333333333,0
1009,818.6388888888889,0.8250000000000455,0.8694444444444116,0.8250000000000313,1.0000000000000173,88.88888888888889,0
1010,819.5083333333333,0.8694444444444116,0.8444444444444343,0.8250000000000313,1.0538720538719741,86.11111111111111,0
1011,820.3527777777778,0.8444444444444343,0.8222222222221944,0.8250000000000313,1.0235690235689725,94.44444444444444,0
1012,821.175,0.8222222222221944,0.8444444444444343,0.8250000000000313,0.9966329966329251,91.66666666666667,0
1013,822.0194444444444,0.8444444444444343,0.8000000000000682,0.8250000000000313,1.0235690235689725,83.33333333333333,0
1014,822.8194444444445,0.8000000000000682,0.7805555555555657,0.8250000000000313,0.9696969696970156,91.66666666666667,0
1015,823.6,0.7805555555555657,0.8138888888888687,0.8250000000000313,0.9461279461279225,97.22222222222223,1
1016,824.4138888888889,0.8138888888888687,0.8527777777777601,0.8250000000000313,0.9865319865319246,94.44444444444444,0
1017,825.2666666666667,0.8527777777777601,0.8722222222222626,0.8250000000000313,1.0336700336699731,91.66666666666667,0
1018,826.1388888888889,0.8722222222222626,0.8361111111111086,0.8250000000000313,1.0572390572390662,86.11111111111111,0
1019,826.975,0.8361111111111086,0.8194444444444571,0.8250000000000313,1.013468013467972,83.33333333333333,0
1020,827.7944444444445,0.8194444444444571,0.8305555555555202,0.8250000000000313,0.993265993265971,91.66666666666667,0
1021,828.625,0.8305555555555202,0.7944444444444798,0.8250000000000313,1.0067340067339257,83.33333333333333,0
1022,829.4194444444445,0.7944444444444798,0.7916666666666288,0.8250000000000313,0.9629629629629693,77.77777777777777,0
1023,830.2111111111111,0.7916666666666288,0.8388888888888459,0.8250000000000313,0.9595959595958773,94.44444444444444,0
1024,831.05,0.8388888888888459,0.8611111111111995,0.8250000000000313,1.0168350168349263,100.0,0
1025,831.9111111111112,0.8611111111111995,0.8305555555555202,0.8250000000000313,1.0437710437711114,100.0,0
1026,832.7416666666667,0.8305555555555202,0.8388888888888459,0.8250000000000313,1.0067340067339257,102.77777777777777,0
1027,833.5805555555555,0.8388888888888459,0.8027777777778056,0.8250000000000313,1.0168350168349263,83.33333333333333,0
1028,834.3833333333333,0.8027777777778056,0.8194444444444571,0.8250000000000313,0.9730639730639699,86.11111111111111,0
1029,835.2027777777778,0.8194444444444571,0.8027777777778056,0.8250000000000313,0.993265993265971,86.11111111111111,0
1030,836.0055555555556,0.8027777777778056,0.8194444444444571,0.8250000000000313,0.9730639730639699,80.55555555555556,0
1031,836.825,0.8194444444444571,0.8555555555554974,0.8250000000000313,0.993265993265971,94.44444444444444,0
1032,837.6805555555555,0.8555555555554974,0.8694444444444116,0.8250000000000313,1.0370370370369273,97.22222222222223,0
1033,838.55,0.8694444444444116,0.841666666666697,0.8250000000000313,1.0538720538719741,102.77777777777777,0
1034,839.3916666666667,0.841666666666697,0.8027777777778056,0.8250000000000313,1.0202020202020183,100.0,0
1035,840.1944444444445,0.8027777777778056,0.8055555555555429,0.8250000000000313,0.9730639730639699,91.66666666666667,0
1036,841.0,0.8055555555555429,0.8166666666667197,0.8250000000000313,0.9764309764309241,102.77777777777777,0
1037,841.8166666666667,0.8166666666667197,0.816666666666606,0.8250000000000313,0.9898989898990167,86.11111111111111,0
1038,842.6333333333333,0.816666666666606,0.8388888888888459,0.8250000000000313,0.9898989898988789,80.55555555555556,0
1039,843.4722222222222,0.8388888888888459,0.8472222222222854,0.8250000000000313,1.0168350168349263,97.22222222222223,0
1040,844.3194444444445,0.8472222222222854,0.8611111111110858,0.8250000000000313,1.0269360269360646,88.88888888888889,0
1041,845.1805555555555,0.8611111111110858,0.8166666666667197,0.8250000000000313,1.0437710437709735,86.11111111111111,0
1042,845.9972222222223,0.8166666666667197,0.7861111111110404,0.8250000000000313,0.9898989898990167,83.33333333333333,0
1043,846.7833333333333,0.7861111111110404,0.8194444444444571,0.8250000000000313,0.9528619528618311,80.55555555555556,0
1044,847.6027777777778,0.8194444444444571,0.8305555555555202,0.8250000000000313,0.993265993265971,100.0,0
1045,848.4333333333333,0.8305555555555202,0.8361111111111086,0.8250000000000313,1.0067340067339257,105.55555555555556,0
1046,849.2694444444444,0.8361111111111086,0.8527777777778738,0.8250000000000313,1.013468013467972,105.55555555555556,0
1047,850.1222222222223,0.8527777777778738,0.8444444444444343,0.8250000000000313,1.0336700336701108,91.66666666666667,0
1048,850.9666666666667,0.8444444444444343,0.8361111111111086,0.8250000000000313,1.0235690235689725,94.44444444444444,0
1049,851.8027777777778,0.8361111111111086,0.7972222222222172,0.8250000000000313,1.013468013467972,94.44444444444444,0
1050,852.6,0.7972222222222172,0.783333333333303,0.8250000000000313,0.9663299663299236,86.11111111111111,0
1051,853.3833333333333,0.783333333333303,0.8305555555555202,0.8250000000000313,0.9494949494948768,88.88888888888889,0
1052,854.2138888888888,0.8305555555555202,0.8444444444444343,0.8250000000000313,1.0067340067339257,88.88888888888889,0
1053,855.0583333333333,0.8444444444444343,0.8388888888889596,0.8250000000000313,1.0235690235689725,86.11111111111111,0
1054,855.8972222222222,0.8388888888889596,0.8527777777777601,0.8250000000000313,1.016835016835064,94.44444444444444,0
1055,856.75,0.8527777777777601,0.8250000000000455,0.8250000000000313,1.0336700336699731,88.88888888888889,0
1056,857.575,0.8250000000000455,0.8222222222221944,0.8250000000000313,1.0000000000000173,88.88888888888889,0
1057,858.3972222222222,0.8222222222221944,0.8027777777778056,0.8250000000000313,0.9966329966329251,97.22222222222223,0
1058,859.2,0.8027777777778056,0.7694444444443889,0.8250000000000313,0.9730639730639699,94.44444444444444,0
1059,859.9694444444444,0.7694444444443889,0.07500000000004547,0.8250000000000313,0.9326599326598299,102.77777777777777,1
1060,860.0444444444445,0.07500000000004547,0.8083333333332803,0.8250000000000313,0.09090909090914258,102.77777777777777,1
1061,860.8527777777778,0.8083333333332803,0.8638888888889369,0.8250000000000313,0.9797979797978784,94.44444444444444,0
1062,861.7166666666667,0.8638888888889369,0.8361111111111086,0.8250000000000313,1.0471380471380656,94.44444444444444,0
1063,862.5527777777778,0.8361111111111086,0.8361111111111086,0.8250000000000313,1.013468013467972,86.11111111111111,0
1064,863.3888888888889,0.8361111111111086,0.8055555555555429,0.8250000000000313,1.013468013467972,86.11111111111111,0
1065,864.1944444444445,0.8055555555555429,0.8111111111111313,0.8250000000000313,0.9764309764309241,94.44444444444444,0
1066,865.0055555555556,0.8111111111111313,0.7999999999999545,0.8250000000000313,0.9831649831649704,88.88888888888889,0
1067,865.8055555555555,0.7999999999999545,0.8055555555555429,0.8250000000000313,0.9696969696968778,86.11111111111111,0
1068,866.6111111111111,0.8055555555555429,0.8805555555555884,0.8250000000000313,0.9764309764309241,94.44444444444444,0
1069,867.4916666666667,0.8805555555555884,0.8611111111110858,0.8250000000000313,1.0673400673400668,100.0,0
1070,868.3527777777778,0.8611111111110858,0.8250000000000455,0.8250000000000313,1.0437710437709735,108.33333333333333,0
1071,869.1777777777778,0.8250000000000455,0.8194444444444571,0.8250000000000313,1.0000000000000173,97.22222222222223,0
1072,869.9972222222223,0.8194444444444571,0.8027777777776919,0.8250000000000313,0.993265993265971,88.88888888888889,0
1073,870.8,0.8027777777776919,0.8222222222223081,0.8250000000000313,0.9730639730638321,83.33333333333333,0
1074,871.6222222222223,0.8222222222223081,0.8083333333332803,0.8250000000000313,0.9966329966330629,86.11111111111111,0
1075,872.4305555555555,0.8083333333332803,0.8333333333333712,0.8250000000000313,0.9797979797978784,83.33333333333333,0
1076,873.2638888888889,0.8333333333333712,0.8861111111110631,0.8250000000000313,1.0101010101010177,97.22222222222223,0
1077,874.15,0.8861111111110631,0.8472222222222854,0.8250000000000313,1.0740740740739751,100.0,0
1078,874.9972222222223,0.8472222222222854,0.8027777777776919,0.8250000000000313,1.0269360269360646,102.77777777777777,0
1079,875.8,0.8027777777776919,0.7972222222222172,0.8250000000000313,0.9730639730638321,83.33333333333333,0
1080,876.5972222222222,0.7972222222222172,0.7972222222222172,0.8250000000000313,0.9663299663299236,83.33333333333333,0
1081,877.3944444444444,0.7972222222222172,0.8222222222223081,0.8250000000000313,0.9663299663299236,83.33333333333333,0
1082,878.2166666666667,0.8222222222223081,0.8305555555555202,0.8250000000000313,0.9966329966330629,80.55555555555556,0
1083,879.0472222222222,0.8305555555555202,0.8444444444444343,0.8250000000000313,1.0067340067339257,88.88888888888889,0
1084,879.8916666666667,0.8444444444444343,0.8833333333333258,0.8250000000000313,1.0235690235689725,86.11111111111111,0
1085,880.775,0.8833333333333258,0.8277777777777828,0.8250000000000313,1.070707070707021,94.44444444444444,0
1086,881.6027777777778,0.8277777777777828,0.7916666666666288,0.8250000000000313,1.0033670033669715,100.0,0
1087,882.3944444444444,0.7916666666666288,0.8000000000000682,0.8250000000000313,0.9595959595958773,100.0,0
1088,883.1944444444445,0.8000000000000682,0.8111111111111313,0.8250000000000313,0.9696969696970156,86.11111111111111,0
1089,884.0055555555556,0.8111111111111313,0.8444444444444343,0.8250000000000313,0.9831649831649704,102.77777777777777,0
1090,884.85,0.8444444444444343,0.8500000000000227,0.8250000000000313,1.0235690235689725,86.11111111111111,0
1091,885.7,0.8500000000000227,0.8416666666665833,0.8250000000000313,1.0303030303030187,86.11111111111111,0
1092,886.5416666666666,0.8416666666665833,0.8611111111111995,0.8250000000000313,1.0202020202018804,94.44444444444444,0
1093,887.4027777777778,0.8611111111111995,0.8027777777776919,0.8250000000000313,1.0437710437711114,83.33333333333333,0
1094,888.2055555555555,0.8027777777776919,0.7777777777778283,0.8250000000000313,0.9730639730638321,80.55555555555556,0
1095,888.9833333333333,0.7777777777778283,0.7999999999999545,0.8250000000000313,0.9427609427609683,86.11111111111111,0
1096,889.7833333333333,0.7999999999999545,0.8944444444445026,0.8250000000000313,0.9696969696968778,94.44444444444444,0
1097,890.6777777777778,0.8944444444445026,0.8083333333332803,0.8250000000000313,1.0841750841751134,108.33333333333333,0
1098,891.4861111111111,0.8083333333332803,0.8472222222222854,0.8250000000000313,0.9797979797978784,100.0,0
1099,892.3333333333334,0.8472222222222854,0.8444444444444343,0.8250000000000313,1.0269360269360646,86.11111111111111,0
1100,893.1777777777778,0.8444444444444343,0.8333333333332575,0.8250000000000313,1.0235690235689725,88.88888888888889,0
1101,894.0111111111111,0.8333333333332575,0.7972222222222172,0.8250000000000313,1.01010101010088,83.33333333333333,0
1102,894.8083333333333,0.7972222222222172,0.7805555555555657,0.8250000000000313,0.9663299663299236,77.77777777777777,0
1103,895.5888888888888,0.7805555555555657,0.8138888888889824,0.8250000000000313,0.9461279461279225,86.11111111111111,0
1104,896.4027777777778,0.8138888888889824,0.8638888888888232,0.8250000000000313,0.9865319865320624,88.88888888888889,0
1105,897.2666666666667,0.8638888888888232,0.8500000000000227,0.8250000000000313,1.047138047137928,94.44444444444444,0
1106,898.1166666666667,0.8500000000000227,0.8944444444443889,0.8250000000000313,1.0303030303030187,102.77777777777777,0
1107,899.0111111111111,0.8944444444443889,0.7722222222222399,0.8250000000000313,1.0841750841749758,102.77777777777777,0
1108,899.7833333333333,0.7722222222222399,0.8111111111111313,0.8250000000000313,0.936026936026922,100.0,1
1109,900.5944444444444,0.8111111111111313,0.7861111111111541,0.8250000000000313,0.9831649831649704,88.88888888888889,0
1110,901.3805555555556,0.7861111111111541,0.8083333333332803,0.8250000000000313,0.9528619528619688,88.88888888888889,0
1111,902.1888888888889,0.8083333333332803,0.841666666666697,0.8250000000000313,0.9797979797978784,97.22222222222223,0
1112,903.0305555555556,0.841666666666697,0.8777777777777374,0.8250000000000313,1.0202020202020183,105.55555555555556,0
1113,903.9083333333333,0.8777777777777374,0.8500000000000227,0.8250000000000313,1.0639730639729748,97.22222222222223,0
1114,904.7583333333333,0.8500000000000227,0.8138888888888687,0.8250000000000313,1.0303030303030187,97.22222222222223,0
1115,905.5722222222222,0.8138888888888687,0.8194444444444571,0.8250000000000313,0.9865319865319246,80.55555555555556,0
1116,906.3916666666667,0.8194444444444571,0.8055555555555429,0.8250000000000313,0.993265993265971,83.33333333333333,0
1117,907.1972222222222,0.8055555555555429,0.7972222222222172,0.8250000000000313,0.9764309764309241,83.33333333333333,0
1118,907.9944444444444,0.7972222222222172,0.8305555555556339,0.8250000000000313,0.9663299663299236,83.33333333333333,0
1119,908.825,0.8305555555556339,0.849999999999909,0.8250000000000313,1.0067340067340635,86.11111111111111,0
1120,909.675,0.849999999999909,0.8694444444445253,0.8250000000000313,1.030303030302881,91.66666666666667,0
1121,910.5444444444445,0.8694444444445253,0.8305555555555202,0.8250000000000313,1.053872053872112,100.0,0
1122,911.375,0.8305555555555202,0.7888888888888914,0.8250000000000313,1.0067340067339257,102.77777777777777,0
1123,912.1638888888889,0.7888888888888914,0.8166666666667197,0.8250000000000313,0.956228956228923,97.22222222222223,0
1124,912.9805555555556,0.8166666666667197,0.8222222222221944,0.8250000000000313,0.9898989898990167,100.0,0
1125,913.8027777777778,0.8222222222221944,0.8138888888888687,0.8250000000000313,0.9966329966329251,97.22222222222223,0
1126,914.6166666666667,0.8138888888888687,0.8555555555554974,0.8250000000000313,0.9865319865319246,88.88888888888889,0
1127,915.4722222222222,0.8555555555554974,0.8527777777778738,0.8250000000000313,1.0370370370369273,86.11111111111111,0
1128,916.325,0.8527777777778738,0.8611111111110858,0.8250000000000313,1.0336700336701108,94.44444444444444,0
1129,917.1861111111111,0.8611111111110858,0.8055555555555429,0.8250000000000313,1.0437710437709735,88.88888888888889,0
1130,917.9916666666667,0.8055555555555429,0.7777777777777146,0.8250000000000313,0.9764309764309241,83.33333333333333,0
1131,918.7694444444444,0.7777777777777146,0.8305555555556339,0.8250000000000313,0.9427609427608304,80.55555555555556,0
1132,919.6,0.8305555555556339,0.8249999999999318,0.8250000000000313,1.0067340067340635,91.66666666666667,0
1133,920.425,0.8249999999999318,0.8305555555556339,0.8250000000000313,0.9999999999998794,97.22222222222223,0
1134,921.2555555555556,0.8305555555556339,0.8500000000000227,0.8250000000000313,1.0067340067340635,102.77777777777777,0
1135,922.1055555555556,0.8500000000000227,0.8444444444444343,0.8250000000000313,1.0303030303030187,105.55555555555556,0
1136,922.95,0.8444444444444343,0.8361111111111086,0.8250000000000313,1.0235690235689725,94.44444444444444,0
1137,923.7861111111112,0.8361111111111086,0.7944444444443661,0.8250000000000313,1.013468013467972,88.88888888888889,0
1138,924.5805555555555,0.7944444444443661,0.7888888888888914,0.8250000000000313,0.9629629629628316,83.33333333333333,0
1139,925.3694444444444,0.7888888888888914,0.841666666666697,0.8250000000000313,0.956228956228923,83.33333333333333,0
1140,926.2111111111111,0.841666666666697,0.8444444444444343,0.8250000000000313,1.0202020202020183,88.88888888888889,0
1141,927.0555555555555,0.8444444444444343,0.841666666666697,0.8250000000000313,1.0235690235689725,88.88888888888889,0
1142,927.8972222222222,0.841666666666697,0.8444444444444343,0.8250000000000313,1.0202020202020183,86.11111111111111,0
1143,928.7416666666667,0.8444444444444343,0.8250000000000455,0.8250000000000313,1.0235690235689725,80.55555555555556,0
1144,929.5666666666667,0.8250000000000455,0.8194444444443434,0.8250000000000313,1.0000000000000173,88.88888888888889,0
1145,930.3861111111111,0.8194444444443434,0.841666666666697,0.8250000000000313,0.9932659932658331,94.44444444444444,0
1146,931.2277777777778,0.841666666666697,0.7444444444444116,0.8250000000000313,1.0202020202020183,100.0,0
1147,931.9722222222222,0.7444444444444116,0.8583333333333485,0.8250000000000313,0.9023569023568283,100.0,1
1148,932.8305555555555,0.8583333333333485,0.8555555555556111,0.8250000000000313,1.0404040404040193,97.22222222222223,0
1149,933.6861111111111,0.8555555555556111,0.8361111111111086,0.8250000000000313,1.0370370370370652,100.0,0
1150,934.5222222222222,0.8361111111111086,0.8333333333333712,0.8250000000000313,1.013468013467972,83.33333333333333,0
1151,935.3555555555556,0.8333333333333712,0.8138888888888687,0.8250000000000313,1.0101010101010177,77.77777777777777,0
1152,936.1694444444445,0.8138888888888687,0.8222222222221944,0.8250000000000313,0.9865319865319246,86.11111111111111,0
1153,936.9916666666667,0.8222222222221944,0.7972222222222172,0.8250000000000313,0.9966329966329251,83.33333333333333,0
1154,937.7888888888889,0.7972222222222172,0.8222222222221944,0.8250000000000313,0.9663299663299236,80.55555555555556,0
1155,938.6111111111111,0.8222222222221944,0.877777777777851,0.8250000000000313,0.9966329966329251,97.22222222222223,0
1156,939.4888888888889,0.877777777777851,0.8472222222221717,0.8250000000000313,1.0639730639731124,88.88888888888889,0
1157,940.3361111111111,0.8472222222221717,0.8166666666667197,0.8250000000000313,1.0269360269359267,94.44444444444444,0
1158,941.1527777777778,0.8166666666667197,0.8111111111110176,0.8250000000000313,0.9898989898990167,102.77777777777777,0
1159,941.9638888888888,0.8111111111110176,0.8027777777778056,0.8250000000000313,0.9831649831648326,91.66666666666667,0
1160,942.7666666666667,0.8027777777778056,0.808333333333394,0.8250000000000313,0.9730639730639699,80.55555555555556,0
1161,943.575,0.808333333333394,0.8111111111110176,0.8250000000000313,0.9797979797980162,80.55555555555556,0
1162,944.3861111111111,0.8111111111110176,0.844444444444548,0.8250000000000313,0.9831649831648326,83.33333333333333,0
1163,945.2305555555556,0.844444444444548,0.875,0.8250000000000313,1.0235690235691104,88.88888888888889,0
1164,946.1055555555556,0.875,0.8444444444444343,0.8250000000000313,1.0606060606060204,86.11111111111111,0
1165,946.95,0.8444444444444343,0.8138888888888687,0.8250000000000313,1.0235690235689725,88.88888888888889,0
1166,947.7638888888889,0.8138888888888687,0.8555555555554974,0.8250000000000313,0.9865319865319246,94.44444444444444,0
1167,948.6194444444444,0.8555555555554974,0.7611111111111768,0.8250000000000313,1.0370370370369273,100.0,0
1168,949.3805555555556,0.7611111111111768,0.816666666666606,0.8250000000000313,0.9225589225589672,91.66666666666667,0
1169,950.1972222222222,0.816666666666606,0.8305555555556339,0.8250000000000313,0.9898989898988789,88.88888888888889,0
1170,951.0277777777778,0.8305555555556339,0.8611111111110858,0.8250000000000313,1.0067340067340635,88.88888888888889,0
1171,951.8888888888889,0.8611111111110858,0.8638888888888232,0.8250000000000313,1.0437710437709735,88.88888888888889,0
1172,952.7527777777777,0.8638888888888232,0.8194444444444571,0.8250000000000313,1.047138047137928,86.11111111111111,0
1173,953.5722222222222,0.8194444444444571,0.7916666666667425,0.8250000000000313,0.993265993265971,80.55555555555556,0
1174,954.3638888888889,0.7916666666667425,0.7916666666666288,0.8250000000000313,0.9595959595960151,83.33333333333333,0
1175,955.1555555555556,0.7916666666666288,0.8250000000000455,0.8250000000000313,0.9595959595958773,83.33333333333333,0
1176,955.9805555555556,0.8250000000000455,0.8361111111111086,0.8250000000000313,1.0000000000000173,83.33333333333333,0
1177,956.8166666666667,0.8361111111111086,0.8472222222221717,0.8250000000000313,1.013468013467972,88.88888888888889,0
1178,957.6638888888889,0.8472222222221717,0.8638888888889369,0.8250000000000313,1.0269360269359267,94.44444444444444,0
1179,958.5277777777778,0.8638888888889369,0.8333333333332575,0.8250000000000313,1.0471380471380656,102.77777777777777,0
1180,959.3611111111111,0.8333333333332575,0.8222222222221944,0.8250000000000313,1.01010101010088,100.0,0
1181,960.1833333333333,0.8222222222221944,0.7916666666667425,0.8250000000000313,0.9966329966329251,80.55555555555556,0
1182,960.975,0.7916666666667425,0.7972222222222172,0.8250000000000313,0.9595959595960151,80.55555555555556,0
1183,961.7722222222222,0.7972222222222172,0.8444444444444343,0.8250000000000313,0.9663299663299236,86.11111111111111,0
1184,962.6166666666667,0.8444444444444343,0.8472222222221717,0.8250000000000313,1.0235690235689725,88.88888888888889,0
1185,963.4638888888888,0.8472222222221717,0.8388888888889596,0.8250000000000313,1.0269360269359267,88.88888888888889,0
1186,964.3027777777778,0.8388888888889596,0.8611111111110858,0.8250000000000313,1.016835016835064,88.88888888888889,0
1187,965.1638888888889,0.8611111111110858,0.8194444444444571,0.8250000000000313,1.0437710437709735,94.44444444444444,0
1188,965.9833333333333,0.8194444444444571,0.8361111111111086,0.8250000000000313,0.993265993265971,86.11111111111111,0
1189,966.8194444444445,0.8361111111111086,0.7250000000000227,0.8250000000000313,1.013468013467972,100.0,0
1190,967.5444444444445,0.7250000000000227,0.8416666666665833,0.8250000000000313,0.878787878787873,91.66666666666667,0
1191,968.3861111111111,0.8416666666665833,0.8666666666666742,0.8250000000000313,1.0202020202018804,88.88888888888889,0
1192,969.2527777777777,0.8666666666666742,0.8527777777778738,0.8250000000000313,1.05050505050502,86.11111111111111,0
1193,970.1055555555556,0.8527777777778738,0.8333333333332575,0.8250000000000313,1.0336700336701108,88.88888888888889,0
1194,970.9388888888889,0.8333333333332575,0.8472222222222854,0.8250000000000313,1.01010101010088,91.66666666666667,0
1195,971.7861111111112,0.8472222222222854,0.8055555555555429,0.8250000000000313,1.0269360269360646,91.66666666666667,0
1196,972.5916666666667,0.8055555555555429,0.783333333333303,0.8250000000000313,0.9764309764309241,100.0,0
1197,973.375,0.783333333333303,0.8083333333332803,0.8250000000000313,0.9494949494948768,97.22222222222223,1
1198,974.1833333333333,0.8083333333332803,0.841666666666697,0.8250000000000313,0.9797979797978784,86.11111111111111,0
1199,975.025,0.841666666666697,0.8694444444444116,0.8250000000000313,1.0202020202020183,86.11111111111111,0
1200,975.8944444444444,0.8694444444444116,0.841666666666697,0.8250000000000313,1.0538720538719741,97.22222222222223,0
1201,976.7361111111111,0.841666666666697,0.8138888888888687,0.8250000000000313,1.0202020202020183,86.11111111111111,0
1202,977.55,0.8138888888888687,0.8222222222223081,0.8250000000000313,0.9865319865319246,86.11111111111111,0
1203,978.3722222222223,0.8222222222223081,0.8083333333332803,0.8250000000000313,0.9966329966330629,94.44444444444444,0
1204,979.1805555555555,0.8083333333332803,0.7972222222222172,0.8250000000000313,0.9797979797978784,91.66666666666667,0
1205,979.9777777777778,0.7972222222222172,0.8361111111111086,0.8250000000000313,0.9663299663299236,94.44444444444444,0
1206,980.8138888888889,0.8361111111111086,0.8583333333333485,0.8250000000000313,1.013468013467972,94.44444444444444,0
1207,981.6722222222222,0.8583333333333485,0.875,0.8250000000000313,1.0404040404040193,91.66666666666667,0
1208,982.5472222222222,0.875,0.8250000000000455,0.8250000000000313,1.0606060606060204,86.11111111111111,0
1209,983.3722222222223,0.8250000000000455,0.7888888888888914,0.8250000000000313,1.0000000000000173,80.55555555555556,0
1210,984.1611111111112,0.7888888888888914,0.8277777777777828,0.8250000000000313,0.956228956228923,86.11111111111111,0
1211,984.9888888888889,0.8277777777777828,0.8027777777776919,0.8250000000000313,1.0033670033669715,86.11111111111111,0
1212,985.7916666666666,0.8027777777776919,0.808333333333394,0.8250000000000313,0.9730639730638321,88.88888888888889,0
1213,986.6,0.808333333333394,0.8444444444444343,0.8250000000000313,0.9797979797980162,91.66666666666667,0
1214,987.4444444444445,0.8444444444444343,0.8527777777777601,0.8250000000000313,1.0235690235689725,97.22222222222223,0
1215,988.2972222222222,0.8527777777777601,0.8555555555556111,0.8250000000000313,1.0336700336699731,94.44444444444444,0
1216,989.1527777777778,0.8555555555556111,0.8055555555555429,0.8250000000000313,1.0370370370370652,80.55555555555556,0
1217,989.9583333333334,0.8055555555555429,0.7916666666666288,0.8250000000000313,0.9764309764309241,80.55555555555556,0
1218,990.75,0.7916666666666288,0.8305555555555202,0.8250000000000313,0.9595959595958773,83.33333333333333,0
1219,991.5805555555555,0.8305555555555202,0.8166666666667197,0.8250000000000313,1.0067340067339257,86.11111111111111,0
1220,992.3972222222222,0.8166666666667197,0.8305555555555202,0.8250000000000313,0.9898989898990167,88.88888888888889,0
1221,993.2277777777778,0.8305555555555202,0.8555555555556111,0.8250000000000313,1.0067340067339257,94.44444444444444,0
1222,994.0833333333334,0.8555555555556111,0.849999999999909,0.8250000000000313,1.0370370370370652,94.44444444444444,0
1223,994.9333333333333,0.849999999999909,0.8333333333333712,0.8250000000000313,1.030303030302881,102.77777777777777,0
1224,995.7666666666667,0.8333333333333712,0.7916666666666288,0.8250000000000313,1.0101010101010177,83.33333333333333,0
1225,996.5583333333333,0.7916666666666288,0.7916666666667425,0.8250000000000313,0.9595959595958773,80.55555555555556,0
1226,997.35,0.7916666666667425,0.8333333333332575,0.8250000000000313,0.9595959595960151,88.88888888888889,0
1227,998.1833333333333,0.8333333333332575,0.8361111111111086,0.8250000000000313,1.01010101010088,83.33333333333333,0
1228,999.0194444444444,0.8361111111111086,0.8361111111112223,0.8250000000000313,1.013468013467972,86.11111111111111,0
1229,999.8555555555556,0.8361111111112223,0.9027777777777146,0.8250000000000313,1.0134680134681098,100.0,0
1230,1000.7583333333333,0.9027777777777146,0.7861111111111541,0.8250000000000313,1.0942760942759762,102.77777777777777,0
1231,1001.5444444444445,0.7861111111111541,0.8138888888888687,0.8250000000000313,0.9528619528619688,102.77777777777777,0
1232,1002.3583333333333,0.8138888888888687,0.7944444444444798,0.8250000000000313,0.9865319865319246,83.33333333333333,0
1233,1003.1527777777778,0.7944444444444798,0.8083333333332803,0.8250000000000313,0.9629629629629693,80.55555555555556,0
1234,1003.9611111111111,0.8083333333332803,0.8583333333333485,0.8250000000000313,0.9797979797978784,86.11111111111111,0
1235,1004.8194444444445,0.8583333333333485,0.8500000000000227,0.8250000000000313,1.0404040404040193,86.11111111111111,0
1236,1005.6694444444445,0.8500000000000227,0.8305555555555202,0.8250000000000313,1.0303030303030187,83.33333333333333,0
1237,1006.5,0.8305555555555202,0.8305555555555202,0.8250000000000313,1.0067340067339257,94.44444444444444,0
1238,1007.3305555555555,0.8305555555555202,0.8222222222223081,0.8250000000000313,1.0067340067339257,102.77777777777777,0
1239,1008.1527777777778,0.8222222222223081,0.7972222222222172,0.8250000000000313,0.9966329966330629,100.0,0
1240,1008.95,0.7972222222222172,0.7916666666666288,0.8250000000000313,0.9663299663299236,83.33333333333333,0
1241,1009.7416666666667,0.7916666666666288,0.8361111111111086,0.8250000000000313,0.9595959595958773,83.33333333333333,0
1242,1010.5777777777778,0.8361111111111086,0.8638888888889369,0.8250000000000313,1.013468013467972,88.88888888888889,0
1243,1011.4416666666667,0.8638888888889369,0.8472222222221717,0.8250000000000313,1.0471380471380656,88.88888888888889,0
1244,1012.2888888888889,0.8472222222221717,0.8361111111111086,0.8250000000000313,1.0269360269359267,86.11111111111111,0
1245,1013.125,0.8361111111111086,0.8694444444444116,0.8250000000000313,1.013468013467972,97.22222222222223,0
1246,1013.9944444444444,0.8694444444444116,0.7611111111111768,0.8250000000000313,1.0538720538719741,102.77777777777777,0
1247,1014.7555555555556,0.7611111111111768,0.7999999999999545,0.8250000000000313,0.9225589225589672,91.66666666666667,0
1248,1015.5555555555555,0.7999999999999545,0.8027777777778056,0.8250000000000313,0.9696969696968778,83.33333333333333,0
1249,1016.3583333333333,0.8027777777778056,0.8638888888888232,0.8250000000000313,0.9730639730639699,86.11111111111111,0
1250,1017.2222222222222,0.8638888888888232,0.8583333333333485,0.8250000000000313,1.047138047137928,88.88888888888889,0
1251,1018.0805555555555,0.8583333333333485,0.8333333333333712,0.8250000000000313,1.0404040404040193,88.88888888888889,0
1252,1018.9138888888889,0.8333333333333712,0.8222222222221944,0.8250000000000313,1.0101010101010177,88.88888888888889,0
1253,1019.7361111111111,0.8222222222221944,0.7916666666667425,0.8250000000000313,0.9966329966329251,94.44444444444444,0
1254,1020.5277777777778,0.7916666666667425,0.8138888888888687,0.8250000000000313,0.9595959595960151,100.0,0
1255,1021.3416666666667,0.8138888888888687,0.8111111111111313,0.8250000000000313,0.9865319865319246,97.22222222222223,0
1256,1022.1527777777778,0.8111111111111313,0.8249999999999318,0.8250000000000313,0.9831649831649704,86.11111111111111,0
1257,1022.9777777777778,0.8249999999999318,0.877777777777851,0.8250000000000313,0.9999999999998794,86.11111111111111,0
1258,1023.8555555555556,0.877777777777851,0.8611111111110858,0.8250000000000313,1.0639730639731124,91.66666666666667,0
1259,1024.7166666666667,0.8611111111110858,0.816666666666606,0.8250000000000313,1.0437710437709735,86.11111111111111,0
1260,1025.5333333333333,0.816666666666606,0.808333333333394,0.8250000000000313,0.9898989898988789,88.88888888888889,0
1261,1026.3416666666667,0.808333333333394,0.7972222222222172,0.8250000000000313,0.9797979797980162,100.0,0
1262,1027.138888888889,0.7972222222222172,0.8833333333332121,0.8250000000000313,0.9663299663299236,97.22222222222223,0
1263,1028.0222222222221,0.8833333333332121,0.7722222222223536,0.8250000000000313,1.070707070706883,105.55555555555556,0
1264,1028.7944444444445,0.7722222222223536,0.8361111111109949,0.8250000000000313,0.9360269360270598,91.66666666666667,0
1265,1029.6305555555555,0.8361111111109949,0.875,0.8250000000000313,1.0134680134678342,88.88888888888889,0
1266,1030.5055555555555,0.875,0.841666666666697,0.8250000000000313,1.0606060606060204,86.11111111111111,0
1267,1031.3472222222222,0.841666666666697,0.783333333333303,0.8250000000000313,1.0202020202020183,88.88888888888889,0
1268,1032.1305555555555,0.783333333333303,0.8000000000001819,0.8250000000000313,0.9494949494948768,83.33333333333333,0
1269,1032.9305555555557,0.8000000000001819,0.8055555555554292,0.8250000000000313,0.9696969696971535,80.55555555555556,0
1270,1033.736111111111,0.8055555555554292,0.8388888888889596,0.8250000000000313,0.9764309764307864,86.11111111111111,0
1271,1034.575,0.8388888888889596,0.849999999999909,0.8250000000000313,1.016835016835064,97.22222222222223,0
1272,1035.425,0.849999999999909,0.841666666666697,0.8250000000000313,1.030303030302881,97.22222222222223,0
1273,1036.2666666666667,0.841666666666697,0.875,0.8250000000000313,1.0202020202020183,105.55555555555556,0
1274,1037.1416666666667,0.875,0.8138888888888687,0.8250000000000313,1.0606060606060204,86.11111111111111,0
1275,1037.9555555555555,0.8138888888888687,0.783333333333303,0.8250000000000313,0.9865319865319246,80.55555555555556,0
1276,1038.7388888888888,0.783333333333303,0.8027777777779193,0.8250000000000313,0.9494949494948768,83.33333333333333,0
1277,1039.5416666666667,0.8027777777779193,0.816666666666606,0.8250000000000313,0.9730639730641076,77.77777777777777,0
1278,1040.3583333333333,0.816666666666606,0.8638888888888232,0.8250000000000313,0.9898989898988789,88.88888888888889,0
1279,1041.2222222222222,0.8638888888888232,0.8388888888889596,0.8250000000000313,1.047138047137928,86.11111111111111,0
1280,1042.0611111111111,0.8388888888889596,0.8333333333332575,0.8250000000000313,1.016835016835064,86.11111111111111,0
1281,1042.8944444444444,0.8333333333332575,0.8305555555555202,0.8250000000000313,1.01010101010088,100.0,0
1282,1043.725,0.8305555555555202,0.8222222222223081,0.8250000000000313,1.0067340067339257,97.22222222222223,0
1283,1044.5472222222222,0.8222222222223081,0.7861111111110404,0.8250000000000313,0.9966329966330629,86.11111111111111,0
1284,1045.3333333333333,0.7861111111110404,0.8138888888888687,0.8250000000000313,0.9528619528618311,86.11111111111111,0
1285,1046.1472222222221,0.8138888888888687,0.8444444444444343,0.8250000000000313,0.9865319865319246,80.55555555555556,0
1286,1046.9916666666666,0.8444444444444343,0.8777777777779647,0.8250000000000313,1.0235690235689725,86.11111111111111,0
1287,1047.8694444444445,0.8777777777779647,0.841666666666697,0.8250000000000313,1.0639730639732503,80.55555555555556,0
1288,1048.7111111111112,0.841666666666697,0.8138888888888687,0.8250000000000313,1.0202020202020183,80.55555555555556,0
1289,1049.525,0.8138888888888687,0.8333333333332575,0.8250000000000313,0.9865319865319246,83.33333333333333,0
1290,1050.3583333333333,0.8333333333332575,0.7999999999999545,0.8250000000000313,1.01010101010088,91.66666666666667,0
1291,1051.1583333333333,0.7999999999999545,0.783333333333303,0.8250000000000313,0.9696969696968778,88.88888888888889,0
1292,1051.9416666666666,0.783333333333303,0.8305555555555202,0.8250000000000313,0.9494949494948768,94.44444444444444,0
1293,1052.7722222222221,0.8305555555555202,0.8555555555556111,0.8250000000000313,1.0067340067339257,83.33333333333333,0
1294,1053.6277777777777,0.8555555555556111,0.8666666666667879,0.8250000000000313,1.0370370370370652,86.11111111111111,0
1295,1054.4944444444445,0.8666666666667879,0.8222222222220807,0.8250000000000313,1.0505050505051576,83.33333333333333,0
1296,1055.3166666666666,0.8222222222220807,0.8027777777779193,0.8250000000000313,0.9966329966327874,86.11111111111111,0
1297,1056.1194444444445,0.8027777777779193,0.8305555555555202,0.8250000000000313,0.9730639730641076,86.11111111111111,0
1298,1056.95,0.8305555555555202,0.808333333333394,0.8250000000000313,1.0067340067339257,80.55555555555556,0
1299,1057.7583333333334,0.808333333333394,0.8083333333331666,0.8250000000000313,0.9797979797980162,91.66666666666667,0
1300,1058.5666666666666,0.8083333333331666,0.8500000000001364,0.8250000000000313,0.9797979797977405,94.44444444444444,0
1301,1059.4166666666667,0.8500000000001364,0.8638888888888232,0.8250000000000313,1.0303030303031566,102.77777777777777,0
1302,1060.2805555555556,0.8638888888888232,0.8472222222221717,0.8250000000000313,1.047138047137928,88.88888888888889,0
1303,1061.1277777777777,0.8472222222221717,0.8027777777779193,0.8250000000000313,1.0269360269359267,86.11111111111111,0
1304,1061.9305555555557,0.8027777777779193,0.7999999999999545,0.8250000000000313,0.9730639730641076,80.55555555555556,0
1305,1062.7305555555556,0.7999999999999545,0.8194444444443434,0.8250000000000313,0.9696969696968778,83.33333333333333,0
1306,1063.55,0.8194444444443434,0.8138888888888687,0.8250000000000313,0.9932659932658331,83.33333333333333,0
1307,1064.3638888888888,0.8138888888888687,0.8277777777777828,0.8250000000000313,0.9865319865319246,86.11111111111111,0
1308,1065.1916666666666,0.8277777777777828,0.8500000000001364,0.8250000000000313,1.0033670033669715,94.44444444444444,0
1309,1066.0416666666667,0.8500000000001364,0.8583333333333485,0.8250000000000313,1.0303030303031566,100.0,0
1310,1066.9,0.8583333333333485,0.8305555555555202,0.8250000000000313,1.0404040404040193,86.11111111111111,0
1311,1067.7305555555556,0.8305555555555202,0.7972222222222172,0.8250000000000313,1.0067340067339257,80.55555555555556,0
1312,1068.5277777777778,0.7972222222222172,0.808333333333394,0.8250000000000313,0.9663299663299236,83.33333333333333,0
1313,1069.3361111111112,0.808333333333394,0.8277777777775555,0.8250000000000313,0.9797979797980162,86.11111111111111,0
1314,1070.1638888888888,0.8277777777775555,0.8333333333334849,0.8250000000000313,1.003367003366696,86.11111111111111,0
1315,1070.9972222222223,0.8333333333334849,0.8444444444444343,0.8250000000000313,1.0101010101011556,94.44444444444444,0
1316,1071.8416666666667,0.8444444444444343,0.816666666666606,0.8250000000000313,1.0235690235689725,102.77777777777777,0
1317,1072.6583333333333,0.816666666666606,0.08055555555552019,0.8250000000000313,0.9898989898988789,97.22222222222223,0
1318,1072.7388888888888,0.08055555555552019,0.7694444444446162,0.8250000000000313,0.09764309764305107,97.22222222222223,1
1319,1073.5083333333334,0.7694444444446162,0.8277777777777828,0.8250000000000313,0.9326599326601056,108.33333333333333,1
1320,1074.3361111111112,0.8277777777777828,0.783333333333303,0.8250000000000313,1.0033670033669715,91.66666666666667,0
1321,1075.1194444444445,0.783333333333303,0.8194444444443434,0.8250000000000313,0.9494949494948768,86.11111111111111,0
1322,1075.9388888888889,0.8194444444443434,0.841666666666697,0.8250000000000313,0.9932659932658331,91.66666666666667,0
1323,1076.7805555555556,0.841666666666697,0.8388888888889596,0.8250000000000313,1.0202020202020183,88.88888888888889,0
1324,1077.6194444444445,0.8388888888889596,0.849999999999909,0.8250000000000313,1.016835016835064,86.11111111111111,0
1325,1078.4694444444444,0.849999999999909,0.8361111111112223,0.8250000000000313,1.030303030302881,88.88888888888889,0
1326,1079.3055555555557,0.8361111111112223,0.8277777777777828,0.8250000000000313,1.0134680134681098,86.11111111111111,0
1327,1080.1333333333334,0.8277777777777828,0.7999999999999545,0.8250000000000313,1.0033670033669715,88.88888888888889,0
1328,1080.9333333333334,0.7999999999999545,0.7888888888887777,0.8250000000000313,0.9696969696968778,83.33333333333333,0
1329,1081.7222222222222,0.7888888888887777,0.8444444444444343,0.8250000000000313,0.9562289562287852,94.44444444444444,0
1330,1082.5666666666666,0.8444444444444343,0.8555555555556111,0.8250000000000313,1.0235690235689725,108.33333333333333,0
1331,1083.4222222222222,0.8555555555556111,0.8361111111112223,0.8250000000000313,1.0370370370370652,100.0,0
1332,1084.2583333333334,0.8361111111112223,0.8444444444444343,0.8250000000000313,1.0134680134681098,88.88888888888889,0
1333,1085.1027777777779,0.8444444444444343,0.8138888888888687,0.8250000000000313,1.0235690235689725,86.11111111111111,0
1334,1085.9166666666667,0.8138888888888687,0.8111111111111313,0.8250000000000313,0.9865319865319246,83.33333333333333,0
1335,1086.7277777777779,0.8111111111111313,0.7944444444442524,0.8250000000000313,0.9831649831649704,83.33333333333333,0
1336,1087.5222222222221,0.7944444444442524,0.8000000000001819,0.8250000000000313,0.9629629629626938,83.33333333333333,0
1337,1088.3222222222223,0.8000000000001819,0.8694444444442979,0.8250000000000313,0.9696969696971535,83.33333333333333,0
1338,1089.1916666666666,0.8694444444442979,0.8638888888890506,0.8250000000000313,1.0538720538718362,88.88888888888889,0
1339,1090.0555555555557,0.8638888888890506,0.8388888888887323,0.8250000000000313,1.0471380471382035,94.44444444444444,0
1340,1090.8944444444444,0.8388888888887323,0.8277777777777828,0.8250000000000313,1.0168350168347884,102.77777777777777,0
1341,1091.7222222222222,0.8277777777777828,0.8027777777779193,0.8250000000000313,1.0033670033669715,94.44444444444444,0
1342,1092.525,0.8027777777779193,0.8138888888888687,0.8250000000000313,0.9730639730641076,83.33333333333333,0
1343,1093.338888888889,0.8138888888888687,0.8027777777776919,0.8250000000000313,0.9865319865319246,80.55555555555556,0
1344,1094.1416666666667,0.8027777777776919,0.8222222222223081,0.8250000000000313,0.9730639730638321,83.33333333333333,0
1345,1094.963888888889,0.8222222222223081,0.8833333333332121,0.8250000000000313,0.9966329966330629,86.11111111111111,0
1346,1095.8472222222222,0.8833333333332121,0.8555555555556111,0.8250000000000313,1.070707070706883,86.11111111111111,0
1347,1096.7027777777778,0.8555555555556111,0.808333333333394,0.8250000000000313,1.0370370370370652,86.11111111111111,0
1348,1097.5111111111112,0.808333333333394,0.7972222222222172,0.8250000000000313,0.9797979797980162,83.33333333333333,0
1349,1098.3083333333334,0.7972222222222172,0.7972222222222172,0.8250000000000313,0.9663299663299236,80.55555555555556,0
1350,1099.1055555555556,0.7972222222222172,0.875,0.8250000000000313,0.9663299663299236,88.88888888888889,0
1351,1099.9805555555556,0.875,0.7694444444443889,0.8250000000000313,1.0606060606060204,94.44444444444444,0
1352,1100.75,0.7694444444443889,0.8472222222221717,0.8250000000000313,0.9326599326598299,80.55555555555556,0
1353,1101.5972222222222,0.8472222222221717,0.8888888888889142,0.8250000000000313,1.0269360269359267,88.88888888888889,0
1354,1102.486111111111,0.8888888888889142,0.8388888888889596,0.8250000000000313,1.0774410774410672,88.88888888888889,0
1355,1103.325,0.8388888888889596,0.7888888888887777,0.8250000000000313,1.016835016835064,80.55555555555556,0
1356,1104.1138888888888,0.7888888888887777,0.7944444444444798,0.8250000000000313,0.9562289562287852,80.55555555555556,0
1357,1104.9083333333333,0.7944444444444798,0.8055555555556566,0.8250000000000313,0.9629629629629693,86.11111111111111,0
1358,1105.713888888889,0.8055555555556566,0.8111111111111313,0.8250000000000313,0.9764309764310619,100.0,0
1359,1106.525,0.8111111111111313,0.8611111111110858,0.8250000000000313,0.9831649831649704,108.33333333333333,0
1360,1107.3861111111112,0.8611111111110858,0.8472222222221717,0.8250000000000313,1.0437710437709735,86.11111111111111,0
1361,1108.2333333333333,0.8472222222221717,0.8694444444445253,0.8250000000000313,1.0269360269359267,86.11111111111111,0
1362,1109.1027777777779,0.8694444444445253,0.811111111110904,0.8250000000000313,1.053872053872112,83.33333333333333,0
1363,1109.9138888888888,0.811111111110904,0.7833333333335304,0.8250000000000313,0.9831649831646948,77.77777777777777,0
1364,1110.6972222222223,0.7833333333335304,0.7944444444442524,0.8250000000000313,0.9494949494951523,77.77777777777777,0
1365,1111.4916666666666,0.7944444444442524,0.8277777777777828,0.8250000000000313,0.9629629629626938,83.33333333333333,0
1366,1112.3194444444443,0.8277777777777828,0.8583333333333485,0.8250000000000313,1.0033670033669715,94.44444444444444,0
1367,1113.1777777777777,0.8583333333333485,0.8583333333333485,0.8250000000000313,1.0404040404040193,100.0,0
1368,1114.036111111111,0.8583333333333485,0.8444444444444343,0.8250000000000313,1.0404040404040193,97.22222222222223,0
1369,1114.8805555555555,0.8444444444444343,0.8444444444444343,0.8250000000000313,1.0235690235689725,86.11111111111111,0
1370,1115.725,0.8444444444444343,0.7944444444444798,0.8250000000000313,1.0235690235689725,80.55555555555556,0
1371,1116.5194444444444,0.7944444444444798,0.783333333333303,0.8250000000000313,0.9629629629629693,77.77777777777777,0
1372,1117.3027777777777,0.783333333333303,0.8027777777779193,0.8250000000000313,0.9494949494948768,83.33333333333333,0
1373,1118.1055555555556,0.8027777777779193,0.8527777777776464,0.8250000000000313,0.9730639730641076,83.33333333333333,0
1374,1118.9583333333333,0.8527777777776464,0.8611111111110858,0.8250000000000313,1.0336700336698352,88.88888888888889,0
1375,1119.8194444444443,0.8611111111110858,0.8388888888889596,0.8250000000000313,1.0437710437709735,88.88888888888889,0
1376,1120.6583333333333,0.8388888888889596,0.8361111111112223,0.8250000000000313,1.016835016835064,100.0,0
1377,1121.4944444444445,0.8361111111112223,0.8194444444443434,0.8250000000000313,1.0134680134681098,91.66666666666667,0
1378,1122.3138888888889,0.8194444444443434,0.7916666666667425,0.8250000000000313,0.9932659932658331,100.0,0
1379,1123.1055555555556,0.7916666666667425,0.7999999999999545,0.8250000000000313,0.9595959595960151,88.88888888888889,0
1380,1123.9055555555556,0.7999999999999545,0.8277777777777828,0.8250000000000313,0.9696969696968778,86.11111111111111,0
1381,1124.7333333333333,0.8277777777777828,0.8722222222222626,0.8250000000000313,1.0033670033669715,86.11111111111111,0
1382,1125.6055555555556,0.8722222222222626,0.8527777777776464,0.8250000000000313,1.0572390572390662,97.22222222222223,0
1383,1126.4583333333333,0.8527777777776464,0.8250000000000455,0.8250000000000313,1.0336700336698352,88.88888888888889,0
1384,1127.2833333333333,0.8250000000000455,0.8222222222223081,0.8250000000000313,1.0000000000000173,80.55555555555556,0
1385,1128.1055555555556,0.8222222222223081,0.8055555555554292,0.8250000000000313,0.9966329966330629,88.88888888888889,0
1386,1128.911111111111,0.8055555555554292,0.7888888888890051,0.8250000000000313,0.9764309764307864,86.11111111111111,0
1387,1129.7,0.7888888888890051,0.8222222222220807,0.8250000000000313,0.9562289562290609,86.11111111111111,0
1388,1130.5222222222221,0.8222222222220807,0.8472222222223991,0.8250000000000313,0.9966329966327874,100.0,0
1389,1131.3694444444445,0.8472222222223991,0.8694444444442979,0.8250000000000313,1.0269360269362025,97.22222222222223,0
1390,1132.2388888888888,0.8694444444442979,0.8444444444444343,0.8250000000000313,1.0538720538718362,100.0,0
1391,1133.0833333333333,0.8444444444444343,0.8027777777779193,0.8250000000000313,1.0235690235689725,102.77777777777777,0
1392,1133.8861111111112,0.8027777777779193,0.8194444444443434,0.8250000000000313,0.9730639730641076,94.44444444444444,0
1393,1134.7055555555555,0.8194444444443434,0.8111111111111313,0.8250000000000313,0.9932659932658331,91.66666666666667,0
1394,1135.5166666666667,0.8111111111111313,0.8055555555556566,0.8250000000000313,0.9831649831649704,100.0,0
1395,1136.3222222222223,0.8055555555556566,0.849999999999909,0.8250000000000313,0.9764309764310619,91.66666666666667,0
1396,1137.1722222222222,0.849999999999909,0.8555555555556111,0.8250000000000313,1.030303030302881,88.88888888888889,0
1397,1138.0277777777778,0.8555555555556111,0.8583333333333485,0.8250000000000313,1.0370370370370652,100.0,0
1398,1138.8861111111112,0.8583333333333485,0.8222222222220807,0.8250000000000313,1.0404040404040193,88.88888888888889,0
1399,1139.7083333333333,0.8222222222220807,0.783333333333303,0.8250000000000313,0.9966329966327874,86.11111111111111,0
1400,1140.4916666666666,0.783333333333303,0.7944444444444798,0.8250000000000313,0.9494949494948768,88.88888888888889,0
1401,1141.286111111111,0.7944444444444798,0.06388888888886868,0.8250000000000313,0.9629629629629693,97.22222222222223,0
1402,1141.35,0.06388888888886868,0.7777777777778283,0.8250000000000313,0.07744107744105001,97.22222222222223,1
1403,1142.1277777777777,0.7777777777778283,0.8222222222223081,0.8250000000000313,0.9427609427609683,102.77777777777777,1
1404,1142.95,0.8222222222223081,0.8555555555556111,0.8250000000000313,0.9966329966330629,102.77777777777777,0
1405,1143.8055555555557,0.8555555555556111,0.8527777777776464,0.8250000000000313,1.0370370370370652,88.88888888888889,0
1406,1144.6583333333333,0.8527777777776464,0.8500000000001364,0.8250000000000313,1.0336700336698352,88.88888888888889,0
1407,1145.5083333333334,0.8500000000001364,0.7999999999999545,0.8250000000000313,1.0303030303031566,88.88888888888889,0
1408,1146.3083333333334,0.7999999999999545,0.7861111111110404,0.8250000000000313,0.9696969696968778,83.33333333333333,0
1409,1147.0944444444444,0.7861111111110404,0.8361111111112223,0.8250000000000313,0.9528619528618311,80.55555555555556,0
1410,1147.9305555555557,0.8361111111112223,0.8333333333332575,0.8250000000000313,1.0134680134681098,86.11111111111111,0
1411,1148.763888888889,0.8333333333332575,0.8388888888889596,0.8250000000000313,1.01010101010088,88.88888888888889,0
1412,1149.6027777777779,0.8388888888889596,0.32777777777778283,0.8250000000000313,1.016835016835064,94.44444444444444,0
1413,1149.9305555555557,0.32777777777778283,0.5249999999998636,0.8250000000000313,0.3973063973063884,111.11111111111111,1
1414,1150.4555555555555,0.5249999999998636,0.8333333333332575,0.8250000000000313,0.6363636363634468,91.66666666666667,0
1415,1151.2888888888888,0.8333333333332575,0.8222222222223081,0.8250000000000313,1.01010101010088,94.44444444444444,0
1416,1152.111111111111,0.8222222222223081,0.783333333333303,0.8250000000000313,0.9966329966330629,80.55555555555556,0
1417,1152.8944444444444,0.783333333333303,0.7916666666667425,0.8250000000000313,0.9494949494948768,80.55555555555556,0
1418,1153.6861111111111,0.7916666666667425,0.8555555555556111,0.8250000000000313,0.9595959595960151,83.33333333333333,0
1419,1154.5416666666667,0.8555555555556111,0.849999999999909,0.8250000000000313,1.0370370370370652,91.66666666666667,0
1420,1155.3916666666667,0.849999999999909,0.841666666666697,0.8250000000000313,1.030303030302881,97.22222222222223,0
1421,1156.2333333333333,0.841666666666697,0.900000000000091,0.8250000000000313,1.0202020202020183,91.66666666666667,0
1422,1157.1333333333334,0.900000000000091,0.7666666666666515,0.8250000000000313,1.0909090909091599,102.77777777777777,0
1423,1157.9,0.7666666666666515,0.8138888888888687,0.8250000000000313,0.9292929292928757,83.33333333333333,0
1424,1158.713888888889,0.8138888888888687,0.7944444444444798,0.8250000000000313,0.9865319865319246,77.77777777777777,0
1425,1159.5083333333334,0.7944444444444798,0.8055555555554292,0.8250000000000313,0.9629629629629693,80.55555555555556,0
1426,1160.3138888888889,0.8055555555554292,0.875,0.8250000000000313,0.9764309764307864,88.88888888888889,0
1427,1161.1888888888889,0.875,0.849999999999909,0.8250000000000313,1.0606060606060204,88.88888888888889,0
1428,1162.0388888888888,0.849999999999909,0.8305555555557476,0.8250000000000313,1.030303030302881,86.11111111111111,0
1429,1162.8694444444445,0.8305555555557476,0.8138888888888687,0.8250000000000313,1.0067340067342012,88.88888888888889,0
1430,1163.6833333333334,0.8138888888888687,0.8083333333331666,0.8250000000000313,0.9865319865319246,91.66666666666667,0
1431,1164.4916666666666,0.8083333333331666,0.8111111111111313,0.8250000000000313,0.9797979797977405,91.66666666666667,0
1432,1165.3027777777777,0.8111111111111313,0.8027777777779193,0.8250000000000313,0.9831649831649704,80.55555555555556,0
1433,1166.1055555555556,0.8027777777779193,0.8333333333332575,0.8250000000000313,0.9730639730641076,83.33333333333333,0
1434,1166.9388888888889,0.8333333333332575,0.8861111111111768,0.8250000000000313,1.01010101010088,86.11111111111111,0
1435,1167.825,0.8861111111111768,0.8472222222221717,0.8250000000000313,1.074074074074113,83.33333333333333,0
1436,1168.6722222222222,0.8472222222221717,0.808333333333394,0.8250000000000313,1.0269360269359267,88.88888888888889,0
1437,1169.4805555555556,0.808333333333394,0.783333333333303,0.8250000000000313,0.9797979797980162,88.88888888888889,0
1438,1170.263888888889,0.783333333333303,0.07500000000004547,0.8250000000000313,0.9494949494948768,102.77777777777777,1
1439,1170.338888888889,0.07500000000004547,0.7555555555554747,0.8250000000000313,0.09090909090914258,102.77777777777777,1
1440,1171.0944444444444,0.7555555555554747,0.808333333333394,0.8250000000000313,0.9158249158247831,86.11111111111111,0
1441,1171.9027777777778,0.808333333333394,0.8222222222220807,0.8250000000000313,0.9797979797980162,80.55555555555556,0
1442,1172.725,0.8222222222220807,0.8583333333333485,0.8250000000000313,0.9966329966327874,80.55555555555556,0
1443,1173.5833333333333,0.8583333333333485,0.8666666666667879,0.8250000000000313,1.0404040404040193,91.66666666666667,0
1444,1174.45,0.8666666666667879,0.8250000000000455,0.8250000000000313,1.0505050505051576,83.33333333333333,0
1445,1175.275,0.8250000000000455,0.7999999999999545,0.8250000000000313,1.0000000000000173,77.77777777777777,0
1446,1176.075,0.7999999999999545,0.7944444444444798,0.8250000000000313,0.9696969696968778,88.88888888888889,0
1447,1176.8694444444445,0.7944444444444798,0.7999999999999545,0.8250000000000313,0.9629629629629693,91.66666666666667,0
1448,1177.6694444444445,0.7999999999999545,0.849999999999909,0.8250000000000313,0.9696969696968778,108.33333333333333,0
1449,1178.5194444444444,0.849999999999909,0.8388888888889596,0.8250000000000313,1.030303030302881,91.66666666666667,0
1450,1179.3583333333333,0.8388888888889596,0.8694444444445253,0.8250000000000313,1.016835016835064,86.11111111111111,0
1451,1180.2277777777779,0.8694444444445253,0.8555555555553838,0.8250000000000313,1.053872053872112,91.66666666666667,0
1452,1181.0833333333333,0.8555555555553838,0.8055555555556566,0.8250000000000313,1.0370370370367894,88.88888888888889,0
1453,1181.888888888889,0.8055555555556566,0.7944444444444798,0.8250000000000313,0.9764309764310619,83.33333333333333,0
1454,1182.6833333333334,0.7944444444444798,0.7944444444444798,0.8250000000000313,0.9629629629629693,86.11111111111111,0
1455,1183.4777777777779,0.7944444444444798,0.8333333333332575,0.8250000000000313,0.9629629629629693,86.11111111111111,0
1456,1184.3111111111111,0.8333333333332575,0.8444444444444343,0.8250000000000313,1.01010101010088,102.77777777777777,0
1457,1185.1555555555556,0.8444444444444343,0.8333333333332575,0.8250000000000313,1.0235690235689725,102.77777777777777,0
1458,1185.9888888888888,0.8333333333332575,0.8638888888890506,0.8250000000000313,1.01010101010088,102.77777777777777,0
1459,1186.8527777777779,0.8638888888890506,0.8361111111109949,0.8250000000000313,1.0471380471382035,88.88888888888889,0
1460,1187.6888888888889,0.8361111111109949,0.7888888888890051,0.8250000000000313,1.0134680134678342,86.11111111111111,0
1461,1188.4777777777779,0.7888888888890051,0.7999999999999545,0.8250000000000313,0.9562289562290609,83.33333333333333,0
1462,1189.2777777777778,0.7999999999999545,0.8138888888888687,0.8250000000000313,0.9696969696968778,86.11111111111111,0
1463,1190.0916666666667,0.8138888888888687,0.8555555555556111,0.8250000000000313,0.9865319865319246,86.11111111111111,0
1464,1190.9472222222223,0.8555555555556111,0.8527777777776464,0.8250000000000313,1.0370370370370652,91.66666666666667,0
1465,1191.8,0.8527777777776464,0.8305555555555202,0.8250000000000313,1.0336700336698352,91.66666666666667,0
1466,1192.6305555555555,0.8305555555555202,0.8583333333333485,0.8250000000000313,1.0067340067339257,100.0,0
1467,1193.4888888888888,0.8583333333333485,0.808333333333394,0.8250000000000313,1.0404040404040193,102.77777777777777,0
1468,1194.2972222222222,0.808333333333394,0.783333333333303,0.8250000000000313,0.9797979797980162,86.11111111111111,0
1469,1195.0805555555555,0.783333333333303,0.8055555555556566,0.8250000000000313,0.9494949494948768,80.55555555555556,0
1470,1195.8861111111112,0.8055555555556566,0.8277777777777828,0.8250000000000313,0.9764309764310619,86.11111111111111,0
1471,1196.713888888889,0.8277777777777828,0.8638888888888232,0.8250000000000313,1.0033670033669715,86.11111111111111,0
1472,1197.5777777777778,0.8638888888888232,0.8444444444444343,0.8250000000000313,1.047138047137928,88.88888888888889,0
1473,1198.4222222222222,0.8444444444444343,0.8250000000000455,0.8250000000000313,1.0235690235689725,88.88888888888889,0
1474,1199.2472222222223,0.8250000000000455,0.8916666666666515,0.8250000000000313,1.0000000000000173,94.44444444444444,0
1475,1200.138888888889,0.8916666666666515,0.7472222222222626,0.8250000000000313,1.0808080808080214,102.77777777777777,0
1476,1200.8861111111112,0.7472222222222626,0.7944444444444798,0.8250000000000313,0.9057239057239204,83.33333333333333,0
1477,1201.6805555555557,0.7944444444444798,0.8194444444443434,0.8250000000000313,0.9629629629629693,77.77777777777777,0
1478,1202.5,0.8194444444443434,0.8527777777778738,0.8250000000000313,0.9932659932658331,83.33333333333333,0
1479,1203.3527777777779,0.8527777777778738,0.8722222222220353,0.8250000000000313,1.0336700336701108,83.33333333333333,0
1480,1204.225,0.8722222222220353,0.8361111111112223,0.8250000000000313,1.0572390572387906,86.11111111111111,0
1481,1205.0611111111111,0.8361111111112223,0.8055555555554292,0.8250000000000313,1.0134680134681098,77.77777777777777,0
1482,1205.8666666666666,0.8055555555554292,0.8777777777779647,0.8250000000000313,0.9764309764307864,94.44444444444444,0
1483,1206.7444444444445,0.8777777777779647,0.7416666666665606,0.8250000000000313,1.0639730639732503,102.77777777777777,0
1484,1207.486111111111,0.7416666666665606,0.7999999999999545,0.8250000000000313,0.8989898989897364,88.88888888888889,0
1485,1208.286111111111,0.7999999999999545,0.841666666666697,0.8250000000000313,0.9696969696968778,83.33333333333333,0
1486,1209.1277777777777,0.841666666666697,0.8583333333333485,0.8250000000000313,1.0202020202020183,83.33333333333333,0
1487,1209.986111111111,0.8583333333333485,0.8694444444445253,0.8250000000000313,1.0404040404040193,88.88888888888889,0
1488,1210.8555555555556,0.8694444444445253,0.816666666666606,0.8250000000000313,1.053872053872112,83.33333333333333,0
1489,1211.6722222222222,0.816666666666606,0.7972222222222172,0.8250000000000313,0.9898989898988789,83.33333333333333,0
1490,1212.4694444444444,0.7972222222222172,0.8277777777777828,0.8250000000000313,0.9663299663299236,94.44444444444444,0
1491,1213.2972222222222,0.8277777777777828,0.8055555555556566,0.8250000000000313,1.0033670033669715,91.66666666666667,0
1492,1214.1027777777779,0.8055555555556566,0.816666666666606,0.8250000000000313,0.9764309764310619,91.66666666666667,0
1493,1214.9194444444445,0.816666666666606,0.849999999999909,0.8250000000000313,0.9898989898988789,100.0,0
1494,1215.7694444444444,0.849999999999909,0.8555555555556111,0.8250000000000313,1.030303030302881,88.88888888888889,0
1495,1216.625,0.8555555555556111,0.8361111111112223,0.8250000000000313,1.0370370370370652,86.11111111111111,0
1496,1217.4611111111112,0.8361111111112223,0.7972222222222172,0.8250000000000313,1.0134680134681098,83.33333333333333,0
1497,1218.2583333333334,0.7972222222222172,0.7972222222222172,0.8250000000000313,0.9663299663299236,80.55555555555556,0
1498,1219.0555555555557,0.7972222222222172,0.8277777777777828,0.8250000000000313,0.9663299663299236,83.33333333333333,0
1499,1219.8833333333334,0.8277777777777828,0.8222222222220807,0.8250000000000313,1.0033670033669715,77.77777777777777,0
1500,1220.7055555555555,0.8222222222220807,0.8388888888889596,0.8250000000000313,0.9966329966327874,86.11111111111111,0
1501,1221.5444444444445,0.8388888888889596,0.8555555555556111,0.8250000000000313,1.016835016835064,94.44444444444444,0
1502,1222.4,0.8555555555556111,0.8555555555553838,0.8250000000000313,1.0370370370370652,102.77777777777777,0
1503,1223.2555555555555,0.8555555555553838,0.8138888888888687,0.8250000000000313,1.0370370370367894,91.66666666666667,0
1504,1224.0694444444443,0.8138888888888687,0.7944444444444798,0.8250000000000313,0.9865319865319246,80.55555555555556,0
1505,1224.8638888888888,0.7944444444444798,0.8111111111111313,0.8250000000000313,0.9629629629629693,80.55555555555556,0
1506,1225.675,0.8111111111111313,0.8361111111112223,0.8250000000000313,0.9831649831649704,86.11111111111111,0
1507,1226.5111111111112,0.8361111111112223,0.8444444444444343,0.8250000000000313,1.0134680134681098,83.33333333333333,0
1508,1227.3555555555556,0.8444444444444343,0.841666666666697,0.8250000000000313,1.0235690235689725,80.55555555555556,0
1509,1228.1972222222223,0.841666666666697,0.8388888888887323,0.8250000000000313,1.0202020202020183,94.44444444444444,0
1510,1229.036111111111,0.8388888888887323,0.8333333333334849,0.8250000000000313,1.0168350168347884,91.66666666666667,0
1511,1229.8694444444445,0.8333333333334849,0.7972222222222172,0.8250000000000313,1.0101010101011556,105.55555555555556,0
1512,1230.6666666666667,0.7972222222222172,0.7888888888887777,0.8250000000000313,0.9663299663299236,83.33333333333333,0
1513,1231.4555555555555,0.7888888888887777,0.8277777777777828,0.8250000000000313,0.9562289562287852,80.55555555555556,0
1514,1232.2833333333333,0.8277777777777828,0.8611111111110858,0.8250000000000313,1.0033670033669715,86.11111111111111,0
1515,1233.1444444444444,0.8611111111110858,0.8500000000001364,0.8250000000000313,1.0437710437709735,88.88888888888889,0
1516,1233.9944444444445,0.8500000000001364,0.8444444444444343,0.8250000000000313,1.0303030303031566,83.33333333333333,0
1517,1234.838888888889,0.8444444444444343,0.8222222222220807,0.8250000000000313,1.0235690235689725,102.77777777777777,0
1518,1235.661111111111,0.8222222222220807,0.8222222222223081,0.8250000000000313,0.9966329966327874,100.0,0
1519,1236.4833333333333,0.8222222222223081,0.7944444444444798,0.8250000000000313,0.9966329966330629,100.0,0
1520,1237.2777777777778,0.7944444444444798,0.7944444444444798,0.8250000000000313,0.9629629629629693,100.0,0
1521,1238.0722222222223,0.7944444444444798,0.8583333333333485,0.8250000000000313,0.9629629629629693,86.11111111111111,0
1522,1238.9305555555557,0.8583333333333485,0.8611111111110858,0.8250000000000313,1.0404040404040193,88.88888888888889,0
1523,1239.7916666666667,0.8611111111110858,0.8333333333332575,0.8250000000000313,1.0437710437709735,88.88888888888889,0
1524,1240.625,0.8333333333332575,0.8305555555555202,0.8250000000000313,1.01010101010088,88.88888888888889,0
1525,1241.4555555555555,0.8305555555555202,0.8027777777779193,0.8250000000000313,1.0067340067339257,100.0,0
1526,1242.2583333333334,0.8027777777779193,0.8694444444442979,0.8250000000000313,0.9730639730641076,100.0,0
1527,1243.1277777777777,0.8694444444442979,0.7472222222222626,0.8250000000000313,1.0538720538718362,105.55555555555556,0
1528,1243.875,0.7472222222222626,0.816666666666606,0.8250000000000313,0.9057239057239204,88.88888888888889,0
1529,1244.6916666666666,0.816666666666606,0.8777777777777374,0.8250000000000313,0.9898989898988789,86.11111111111111,0
1530,1245.5694444444443,0.8777777777777374,0.8638888888890506,0.8250000000000313,1.0639730639729748,91.66666666666667,0
1531,1246.4333333333334,0.8638888888890506,0.8250000000000455,0.8250000000000313,1.0471380471382035,86.11111111111111,0
1532,1247.2583333333334,0.8250000000000455,0.811111111110904,0.8250000000000313,1.0000000000000173,83.33333333333333,0
1533,1248.0694444444443,0.811111111110904,0.7944444444444798,0.8250000000000313,0.9831649831646948,86.11111111111111,0
1534,1248.8638888888888,0.7944444444444798,0.8194444444445708,0.8250000000000313,0.9629629629629693,86.11111111111111,0
1535,1249.6833333333334,0.8194444444445708,0.8138888888888687,0.8250000000000313,0.9932659932661088,97.22222222222223,0
1536,1250.4972222222223,0.8138888888888687,0.8361111111109949,0.8250000000000313,0.9865319865319246,100.0,0
1537,1251.3333333333333,0.8361111111109949,0.8777777777779647,0.8250000000000313,1.0134680134678342,88.88888888888889,0
1538,1252.2111111111112,0.8777777777779647,0.8472222222221717,0.8250000000000313,1.0639730639732503,86.11111111111111,0
1539,1253.0583333333334,0.8472222222221717,0.8027777777776919,0.8250000000000313,1.0269360269359267,88.88888888888889,0
1540,1253.861111111111,0.8027777777776919,0.7972222222222172,0.8250000000000313,0.9730639730638321,80.55555555555556,0
1541,1254.6583333333333,0.7972222222222172,0.8027777777779193,0.8250000000000313,0.9663299663299236,80.55555555555556,0
1542,1255.4611111111112,0.8027777777779193,0.8388888888887323,0.8250000000000313,0.9730639730641076,83.33333333333333,0
1543,1256.3,0.8388888888887323,0.8388888888889596,0.8250000000000313,1.0168350168347884,83.33333333333333,0
1544,1257.138888888889,0.8388888888889596,0.7111111111109949,0.8250000000000313,1.016835016835064,100.0,0
1545,1257.85,0.7111111111109949,1.0111111111111768,0.8250000000000313,0.8619528619526884,8.333333333333334,0
1546,1258.861111111111,1.0111111111111768,0.8222222222223081,0.8250000000000313,1.2255892255892589,91.66666666666667,0
1547,1259.6833333333334,0.8222222222223081,0.7805555555555657,0.8250000000000313,0.9966329966330629,86.11111111111111,0
1548,1260.463888888889,0.7805555555555657,0.7916666666665151,0.8250000000000313,0.9461279461279225,77.77777777777777,0
1549,1261.2555555555555,0.7916666666665151,0.8111111111111313,0.8250000000000313,0.9595959595957395,75.0,0
1550,1262.0666666666666,0.8111111111111313,0.8444444444444343,0.8250000000000313,0.9831649831649704,83.33333333333333,0
1551,1262.911111111111,0.8444444444444343,0.8472222222223991,0.8250000000000313,1.0235690235689725,83.33333333333333,0
1552,1263.7583333333334,0.8472222222223991,0.8444444444444343,0.8250000000000313,1.0269360269362025,83.33333333333333,0
1553,1264.6027777777779,0.8444444444444343,0.8555555555553838,0.8250000000000313,1.0235690235689725,94.44444444444444,0
1554,1265.4583333333333,0.8555555555553838,0.8500000000001364,0.8250000000000313,1.0370370370367894,91.66666666666667,0
1555,1266.3083333333334,0.8500000000001364,0.7388888888888232,0.8250000000000313,1.0303030303031566,94.44444444444444,0
1556,1267.0472222222222,0.7388888888888232,0.8055555555556566,0.8250000000000313,0.8956228956227821,86.11111111111111,0
1557,1267.8527777777779,0.8055555555556566,0.8416666666664696,0.8250000000000313,0.9764309764310619,80.55555555555556,0
1558,1268.6944444444443,0.8416666666664696,0.8583333333333485,0.8250000000000313,1.0202020202017428,88.88888888888889,0
1559,1269.5527777777777,0.8583333333333485,0.8472222222223991,0.8250000000000313,1.0404040404040193,88.88888888888889,0
1560,1270.4,0.8472222222223991,0.8388888888887323,0.8250000000000313,1.0269360269362025,83.33333333333333,0
1561,1271.2388888888888,0.8388888888887323,0.8250000000000455,0.8250000000000313,1.0168350168347884,86.11111111111111,0
1562,1272.0638888888889,0.8250000000000455,0.7888888888890051,0.8250000000000313,1.0000000000000173,77.77777777777777,0
1563,1272.8527777777779,0.7888888888890051,0.7722222222221262,0.8250000000000313,0.9562289562290609,86.11111111111111,0
1564,1273.625,0.7722222222221262,0.8361111111112223,0.8250000000000313,0.9360269360267842,94.44444444444444,0
1565,1274.4611111111112,0.8361111111112223,0.8666666666665606,0.8250000000000313,1.0134680134681098,100.0,0
1566,1275.3277777777778,0.8666666666665606,0.8583333333333485,0.8250000000000313,1.050505050504882,91.66666666666667,0
1567,1276.1861111111111,0.8583333333333485,0.8361111111109949,0.8250000000000313,1.0404040404040193,83.33333333333333,0
1568,1277.0222222222221,0.8361111111109949,0.8277777777777828,0.8250000000000313,1.0134680134678342,80.55555555555556,0
1569,1277.85,0.8277777777777828,0.8138888888888687,0.8250000000000313,1.0033670033669715,86.11111111111111,0
1570,1278.6638888888888,0.8138888888888687,0.7972222222224445,0.8250000000000313,0.9865319865319246,80.55555555555556,0
1571,1279.4611111111112,0.7972222222224445,0.8666666666665606,0.8250000000000313,0.9663299663301992,94.44444444444444,0
1572,1280.3277777777778,0.8666666666665606,0.7805555555555657,0.8250000000000313,1.050505050504882,105.55555555555556,0
1573,1281.1083333333333,0.7805555555555657,0.875,0.8250000000000313,0.9461279461279225,97.22222222222223,1
1574,1281.9833333333333,0.875,0.8388888888889596,0.8250000000000313,1.0606060606060204,91.66666666666667,0
1575,1282.8222222222223,0.8388888888889596,0.8111111111111313,0.8250000000000313,1.016835016835064,88.88888888888889,0
1576,1283.6333333333334,0.8111111111111313,0.8194444444443434,0.8250000000000313,0.9831649831649704,83.33333333333333,0
1577,1284.4527777777778,0.8194444444443434,0.8055555555556566,0.8250000000000313,0.9932659932658331,86.11111111111111,0
1578,1285.2583333333334,0.8055555555556566,0.7972222222222172,0.8250000000000313,0.9764309764310619,83.33333333333333,0
1579,1286.0555555555557,0.7972222222222172,0.6972222222220807,0.8250000000000313,0.9663299663299236,94.44444444444444,0
1580,1286.7527777777777,0.6972222222220807,0.9944444444445253,0.8250000000000313,0.8451178451176417,8.333333333333334,0
1581,1287.7472222222223,0.9944444444445253,0.8666666666665606,0.8250000000000313,1.2053872053872576,94.44444444444444,0
1582,1288.6138888888888,0.8666666666665606,0.8277777777777828,0.8250000000000313,1.050505050504882,88.88888888888889,0
1583,1289.4416666666666,0.8277777777777828,0.7916666666667425,0.8250000000000313,1.0033670033669715,86.11111111111111,0
1584,1290.2333333333333,0.7916666666667425,0.8250000000000455,0.8250000000000313,0.9595959595960151,86.11111111111111,0
1585,1291.0583333333334,0.8250000000000455,0.8111111111111313,0.8250000000000313,1.0000000000000173,86.11111111111111,0
1586,1291.8694444444445,0.8111111111111313,0.8111111111111313,0.8250000000000313,0.9831649831649704,86.11111111111111,0
1587,1292.6805555555557,0.8111111111111313,0.8333333333332575,0.8250000000000313,0.9831649831649704,94.44444444444444,0
1588,1293.513888888889,0.8333333333332575,0.8694444444445253,0.8250000000000313,1.01010101010088,105.55555555555556,0
1589,1294.3833333333334,0.8694444444445253,0.8527777777776464,0.8250000000000313,1.053872053872112,91.66666666666667,0
1590,1295.236111111111,0.8527777777776464,0.8055555555556566,0.8250000000000313,1.0336700336698352,83.33333333333333,0
1591,1296.0416666666667,0.8055555555556566,0.783333333333303,0.8250000000000313,0.9764309764310619,83.33333333333333,0
1592,1296.825,0.783333333333303,0.8277777777777828,0.8250000000000313,0.9494949494948768,83.33333333333333,0
1593,1297.6527777777778,0.8277777777777828,0.8250000000000455,0.8250000000000313,1.0033670033669715,83.33333333333333,0
1594,1298.4777777777779,0.8250000000000455,0.8361111111109949,0.8250000000000313,1.0000000000000173,88.88888888888889,0
1595,1299.3138888888889,0.8361111111109949,0.8583333333333485,0.8250000000000313,1.0134680134678342,91.66666666666667,0
1596,1300.1722222222222,0.8583333333333485,0.8277777777777828,0.8250000000000313,1.0404040404040193,94.44444444444444,0
1597,1301.0,0.8277777777777828,0.8583333333333485,0.8250000000000313,1.0033670033669715,105.55555555555556,0
1598,1301.8583333333333,0.8583333333333485,0.7944444444444798,0.8250000000000313,1.0404040404040193,83.33333333333333,0
1599,1302.6527777777778,0.7944444444444798,0.7861111111110404,0.8250000000000313,0.9629629629629693,75.0,0
1600,1303.4388888888889,0.7861111111110404,0.841666666666697,0.8250000000000313,0.9528619528618311,83.33333333333333,0
1601,1304.2805555555556,0.841666666666697,0.8444444444444343,0.8250000000000313,1.0202020202020183,83.33333333333333,0
1602,1305.125,0.8444444444444343,0.8277777777777828,0.8250000000000313,1.0235690235689725,83.33333333333333,0
1603,1305.9527777777778,0.8277777777777828,0.8444444444444343,0.8250000000000313,1.0033670033669715,86.11111111111111,0
1604,1306.7972222222222,0.8444444444444343,0.8305555555555202,0.8250000000000313,1.0235690235689725,97.22222222222223,0
1605,1307.6277777777777,0.8305555555555202,0.808333333333394,0.8250000000000313,1.0067340067339257,100.0,0
1606,1308.4361111111111,0.808333333333394,0.7944444444444798,0.8250000000000313,0.9797979797980162,91.66666666666667,0
1607,1309.2305555555556,0.7944444444444798,0.8055555555554292,0.8250000000000313,0.9629629629629693,77.77777777777777,0
1608,1310.036111111111,0.8055555555554292,0.8611111111110858,0.8250000000000313,0.9764309764307864,80.55555555555556,0
1609,1310.8972222222221,0.8611111111110858,0.8527777777778738,0.8250000000000313,1.0437710437709735,86.11111111111111,0
1610,1311.75,0.8527777777778738,0.8388888888889596,0.8250000000000313,1.0336700336701108,83.33333333333333,0
1611,1312.588888888889,0.8388888888889596,0.8305555555555202,0.8250000000000313,1.016835016835064,80.55555555555556,0
1612,1313.4194444444445,0.8305555555555202,0.8138888888888687,0.8250000000000313,1.0067340067339257,94.44444444444444,0
1613,1314.2333333333333,0.8138888888888687,0.808333333333394,0.8250000000000313,0.9865319865319246,97.22222222222223,0
1614,1315.0416666666667,0.808333333333394,0.7944444444444798,0.8250000000000313,0.9797979797980162,94.44444444444444,0
1615,1315.8361111111112,0.7944444444444798,0.8305555555555202,0.8250000000000313,0.9629629629629693,88.88888888888889,0
1616,1316.6666666666667,0.8305555555555202,0.8694444444442979,0.8250000000000313,1.0067340067339257,86.11111111111111,0
1617,1317.536111111111,0.8694444444442979,0.8500000000001364,0.8250000000000313,1.0538720538718362,88.88888888888889,0
1618,1318.3861111111112,0.8500000000001364,0.8250000000000455,0.8250000000000313,1.0303030303031566,86.11111111111111,0
1619,1319.2111111111112,0.8250000000000455,0.8055555555554292,0.8250000000000313,1.0000000000000173,77.77777777777777,0
1620,1320.0166666666667,0.8055555555554292,0.8111111111111313,0.8250000000000313,0.9764309764307864,83.33333333333333,0
1621,1320.8277777777778,0.8111111111111313,0.8138888888888687,0.8250000000000313,0.9831649831649704,94.44444444444444,0
1622,1321.6416666666667,0.8138888888888687,0.8138888888888687,0.8250000000000313,0.9865319865319246,100.0,0
1623,1322.4555555555555,0.8138888888888687,0.8555555555556111,0.8250000000000313,0.9865319865319246,97.22222222222223,0
1624,1323.3111111111111,0.8555555555556111,0.8805555555554747,0.8250000000000313,1.0370370370370652,94.44444444444444,0
1625,1324.1916666666666,0.8805555555554747,0.8361111111112223,0.8250000000000313,1.067340067339929,80.55555555555556,0
1626,1325.0277777777778,0.8361111111112223,0.8027777777776919,0.8250000000000313,1.0134680134681098,83.33333333333333,0
1627,1325.8305555555555,0.8027777777776919,0.7972222222222172,0.8250000000000313,0.9730639730638321,83.33333333333333,0
1628,1326.6277777777777,0.7972222222222172,0.8138888888888687,0.8250000000000313,0.9663299663299236,80.55555555555556,0
1629,1327.4416666666666,0.8138888888888687,0.8138888888888687,0.8250000000000313,0.9865319865319246,86.11111111111111,0
1630,1328.2555555555555,0.8138888888888687,0.8277777777777828,0.8250000000000313,0.9865319865319246,94.44444444444444,0
1631,1329.0833333333333,0.8277777777777828,0.8694444444445253,0.8250000000000313,1.0033670033669715,100.0,0
1632,1329.9527777777778,0.8694444444445253,0.8611111111110858,0.8250000000000313,1.053872053872112,105.55555555555556,0
1633,1330.8138888888889,0.8611111111110858,0.8138888888888687,0.8250000000000313,1.0437710437709735,88.88888888888889,0
1634,1331.6277777777777,0.8138888888888687,0.8027777777779193,0.8250000000000313,0.9865319865319246,83.33333333333333,0
1635,1332.4305555555557,0.8027777777779193,0.8027777777776919,0.8250000000000313,0.9730639730641076,86.11111111111111,0
1636,1333.2333333333333,0.8027777777776919,0.8250000000000455,0.8250000000000313,0.9730639730638321,86.11111111111111,0
1637,1334.0583333333334,0.8250000000000455,0.8361111111109949,0.8250000000000313,1.0000000000000173,91.66666666666667,0
1638,1334.8944444444444,0.8361111111109949,0.8194444444445708,0.8250000000000313,1.0134680134678342,97.22222222222223,0
1639,1335.713888888889,0.8194444444445708,0.0749999999998181,0.8250000000000313,0.9932659932661088,102.77777777777777,0
1640,1335.7888888888888,0.0749999999998181,0.8166666666668334,0.8250000000000313,0.09090909090886698,102.77777777777777,1
1641,1336.6055555555556,0.8166666666668334,0.8361111111109949,0.8250000000000313,0.9898989898991545,94.44444444444444,0
1642,1337.4416666666666,0.8361111111109949,0.7916666666667425,0.8250000000000313,1.0134680134678342,86.11111111111111,0
1643,1338.2333333333333,0.7916666666667425,0.7972222222222172,0.8250000000000313,0.9595959595960151,83.33333333333333,0
1644,1339.0305555555556,0.7972222222222172,0.8055555555556566,0.8250000000000313,0.9663299663299236,83.33333333333333,0
1645,1339.8361111111112,0.8055555555556566,0.8444444444444343,0.8250000000000313,0.9764309764310619,83.33333333333333,0
1646,1340.6805555555557,0.8444444444444343,0.8444444444444343,0.8250000000000313,1.0235690235689725,88.88888888888889,0
1647,1341.525,0.8444444444444343,0.8361111111109949,0.8250000000000313,1.0235690235689725,88.88888888888889,0
1648,1342.361111111111,0.8361111111109949,0.8694444444445253,0.8250000000000313,1.0134680134678342,80.55555555555556,0
1649,1343.2305555555556,0.8694444444445253,0.8138888888888687,0.8250000000000313,1.053872053872112,88.88888888888889,0
1650,1344.0444444444445,0.8138888888888687,0.7916666666667425,0.8250000000000313,0.9865319865319246,88.88888888888889,0
1651,1344.8361111111112,0.7916666666667425,0.7805555555553383,0.8250000000000313,0.9595959595960151,94.44444444444444,0
1652,1345.6166666666666,0.7805555555553383,0.8444444444446617,0.8250000000000313,0.946127946127647,97.22222222222223,1
1653,1346.4611111111112,0.8444444444446617,0.8694444444442979,0.8250000000000313,1.023569023569248,83.33333333333333,0
1654,1347.3305555555555,0.8694444444442979,0.8444444444444343,0.8250000000000313,1.0538720538718362,83.33333333333333,0
1655,1348.175,0.8444444444444343,0.8277777777777828,0.8250000000000313,1.0235690235689725,83.33333333333333,0
1656,1349.0027777777777,0.8277777777777828,0.8472222222221717,0.8250000000000313,1.0033670033669715,88.88888888888889,0
1657,1349.85,0.8472222222221717,0.7972222222222172,0.8250000000000313,1.0269360269359267,83.33333333333333,0
1658,1350.6472222222221,0.7972222222222172,0.7805555555555657,0.8250000000000313,0.9663299663299236,80.55555555555556,0
1659,1351.4277777777777,0.7805555555555657,0.808333333333394,0.8250000000000313,0.9461279461279225,77.77777777777777,0
1660,1352.236111111111,0.808333333333394,0.8472222222221717,0.8250000000000313,0.9797979797980162,91.66666666666667,0
1661,1353.0833333333333,0.8472222222221717,0.8444444444444343,0.8250000000000313,1.0269360269359267,91.66666666666667,0
1662,1353.9277777777777,0.8444444444444343,0.08055555555574756,0.8250000000000313,1.0235690235689725,105.55555555555556,0
1663,1354.0083333333334,0.08055555555574756,0.783333333333303,0.8250000000000313,0.09764309764332668,105.55555555555556,1
1664,1354.7916666666667,0.783333333333303,0.8222222222220807,0.8250000000000313,0.9494949494948768,88.88888888888889,0
1665,1355.6138888888888,0.8222222222220807,0.8305555555555202,0.8250000000000313,0.9966329966327874,88.88888888888889,0
1666,1356.4444444444443,0.8305555555555202,0.7972222222222172,0.8250000000000313,1.0067340067339257,80.55555555555556,0
1667,1357.2416666666666,0.7972222222222172,0.7888888888890051,0.8250000000000313,0.9663299663299236,77.77777777777777,0
1668,1358.0305555555556,0.7888888888890051,0.8277777777777828,0.8250000000000313,0.9562289562290609,83.33333333333333,0
1669,1358.8583333333333,0.8277777777777828,0.8694444444445253,0.8250000000000313,1.0033670033669715,86.11111111111111,0
1670,1359.7277777777779,0.8694444444445253,0.8527777777776464,0.8250000000000313,1.053872053872112,88.88888888888889,0
1671,1360.5805555555555,0.8527777777776464,0.8250000000000455,0.8250000000000313,1.0336700336698352,91.66666666666667,0
1672,1361.4055555555556,0.8250000000000455,0.8027777777776919,0.8250000000000313,1.0000000000000173,94.44444444444444,0
1673,1362.2083333333333,0.8027777777776919,0.8166666666668334,0.8250000000000313,0.9730639730638321,97.22222222222223,0
1674,1363.025,0.8166666666668334,0.7999999999999545,0.8250000000000313,0.9898989898991545,94.44444444444444,0
1675,1363.825,0.7999999999999545,0.816666666666606,0.8250000000000313,0.9696969696968778,77.77777777777777,0
1676,1364.6416666666667,0.816666666666606,0.8472222222221717,0.8250000000000313,0.9898989898988789,83.33333333333333,0
1677,1365.4888888888888,0.8472222222221717,0.875,0.8250000000000313,1.0269360269359267,88.88888888888889,0
1678,1366.3638888888888,0.875,0.8472222222223991,0.8250000000000313,1.0606060606060204,86.11111111111111,0
1679,1367.2111111111112,0.8472222222223991,0.7999999999999545,0.8250000000000313,1.0269360269362025,80.55555555555556,0
1680,1368.0111111111112,0.7999999999999545,0.8055555555554292,0.8250000000000313,0.9696969696968778,80.55555555555556,0
1681,1368.8166666666666,0.8055555555554292,0.8166666666668334,0.8250000000000313,0.9764309764307864,88.88888888888889,0
1682,1369.6333333333334,0.8166666666668334,0.811111111110904,0.8250000000000313,0.9898989898991545,100.0,0
1683,1370.4444444444443,0.811111111110904,0.8388888888889596,0.8250000000000313,0.9831649831646948,91.66666666666667,0
1684,1371.2833333333333,0.8388888888889596,0.8500000000001364,0.8250000000000313,1.016835016835064,88.88888888888889,0
1685,1372.1333333333334,0.8500000000001364,0.8611111111110858,0.8250000000000313,1.0303030303031566,86.11111111111111,0
1686,1372.9944444444445,0.8611111111110858,0.816666666666606,0.8250000000000313,1.0437710437709735,86.11111111111111,0
1687,1373.8111111111111,0.816666666666606,0.7805555555555657,0.8250000000000313,0.9898989898988789,83.33333333333333,0
1688,1374.5916666666667,0.7805555555555657,0.8194444444443434,0.8250000000000313,0.9461279461279225,77.77777777777777,0
1689,1375.411111111111,0.8194444444443434,0.8277777777777828,0.8250000000000313,0.9932659932658331,80.55555555555556,0
1690,1376.2388888888888,0.8277777777777828,0.8333333333334849,0.8250000000000313,1.0033670033669715,91.66666666666667,0
1691,1377.0722222222223,0.8333333333334849,0.8555555555553838,0.8250000000000313,1.0101010101011556,97.22222222222223,0
1692,1377.9277777777777,0.8555555555553838,0.3333333333334849,0.8250000000000313,1.0370370370367894,105.55555555555556,0
1693,1378.2611111111112,0.3333333333334849,0.5166666666666515,0.8250000000000313,0.40404040404057245,111.11111111111111,1
1694,1378.7777777777778,0.5166666666666515,0.841666666666697,0.8250000000000313,0.6262626262625841,105.55555555555556,1
1695,1379.6194444444445,0.841666666666697,0.7972222222222172,0.8250000000000313,1.0202020202020183,88.88888888888889,0
1696,1380.4166666666667,0.7972222222222172,0.783333333333303,0.8250000000000313,0.9663299663299236,80.55555555555556,0
1697,1381.2,0.783333333333303,0.8277777777777828,0.8250000000000313,0.9494949494948768,83.33333333333333,0
1698,1382.0277777777778,0.8277777777777828,0.841666666666697,0.8250000000000313,1.0033670033669715,88.88888888888889,0
1699,1382.8694444444445,0.841666666666697,0.8388888888887323,0.8250000000000313,1.0202020202020183,88.88888888888889,0
1700,1383.7083333333333,0.8388888888887323,0.8500000000001364,0.8250000000000313,1.0168350168347884,86.11111111111111,0
1701,1384.5583333333334,0.8500000000001364,0.8305555555555202,0.8250000000000313,1.0303030303031566,88.88888888888889,0
1702,1385.388888888889,0.8305555555555202,0.8222222222223081,0.8250000000000313,1.0067340067339257,83.33333333333333,0
1703,1386.2111111111112,0.8222222222223081,0.7944444444442524,0.8250000000000313,0.9966329966330629,94.44444444444444,0
1704,1387.0055555555555,0.7944444444442524,0.775000000000091,0.8250000000000313,0.9629629629626938,94.44444444444444,0
1705,1387.7805555555556,0.775000000000091,0.8777777777777374,0.8250000000000313,0.939393939394014,102.77777777777777,1
1706,1388.6583333333333,0.8777777777777374,0.8555555555556111,0.8250000000000313,1.0639730639729748,91.66666666666667,0
1707,1389.513888888889,0.8555555555556111,0.8444444444444343,0.8250000000000313,1.0370370370370652,91.66666666666667,0
1708,1390.3583333333333,0.8444444444444343,0.8361111111109949,0.8250000000000313,1.0235690235689725,80.55555555555556,0
1709,1391.1944444444443,0.8361111111109949,0.808333333333394,0.8250000000000313,1.0134680134678342,83.33333333333333,0
1710,1392.0027777777777,0.808333333333394,0.816666666666606,0.8250000000000313,0.9797979797980162,80.55555555555556,0
1711,1392.8194444444443,0.816666666666606,0.7916666666667425,0.8250000000000313,0.9898989898988789,77.77777777777777,0
1712,1393.611111111111,0.7916666666667425,0.808333333333394,0.8250000000000313,0.9595959595960151,86.11111111111111,0
1713,1394.4194444444445,0.808333333333394,0.8777777777777374,0.8250000000000313,0.9797979797980162,94.44444444444444,0
1714,1395.2972222222222,0.8777777777777374,0.849999999999909,0.8250000000000313,1.0639730639729748,105.55555555555556,0
1715,1396.1472222222221,0.849999999999909,0.8222222222223081,0.8250000000000313,1.030303030302881,97.22222222222223,0
1716,1396.9694444444444,0.8222222222223081,0.8194444444443434,0.8250000000000313,0.9966329966330629,86.11111111111111,0
1717,1397.7888888888888,0.8194444444443434,0.8055555555556566,0.8250000000000313,0.9932659932658331,80.55555555555556,0
1718,1398.5944444444444,0.8055555555556566,0.8138888888888687,0.8250000000000313,0.9764309764310619,80.55555555555556,0
1719,1399.4083333333333,0.8138888888888687,0.808333333333394,0.8250000000000313,0.9865319865319246,80.55555555555556,0
1720,1400.2166666666667,0.808333333333394,0.8388888888889596,0.8250000000000313,0.9797979797980162,80.55555555555556,0
1721,1401.0555555555557,0.8388888888889596,0.8805555555554747,0.8250000000000313,1.016835016835064,88.88888888888889,0
1722,1401.9361111111111,0.8805555555554747,0.841666666666697,0.8250000000000313,1.067340067339929,91.66666666666667,0
1723,1402.7777777777778,0.841666666666697,0.8111111111111313,0.8250000000000313,1.0202020202020183,100.0,0
1724,1403.588888888889,0.8111111111111313,0.7999999999999545,0.8250000000000313,0.9831649831649704,88.88888888888889,0
1725,1404.388888888889,0.7999999999999545,0.8055555555554292,0.8250000000000313,0.9696969696968778,83.33333333333333,0
1726,1405.1944444444443,0.8055555555554292,0.8166666666668334,0.8250000000000313,0.9764309764307864,83.33333333333333,0
1727,1406.0111111111112,0.8166666666668334,0.8250000000000455,0.8250000000000313,0.9898989898991545,77.77777777777777,0
1728,1406.8361111111112,0.8250000000000455,0.8555555555553838,0.8250000000000313,1.0000000000000173,86.11111111111111,0
1729,1407.6916666666666,0.8555555555553838,0.8694444444445253,0.8250000000000313,1.0370370370367894,88.88888888888889,0
1730,1408.5611111111111,0.8694444444445253,0.8305555555555202,0.8250000000000313,1.053872053872112,86.11111111111111,0
1731,1409.3916666666667,0.8305555555555202,0.8527777777778738,0.8250000000000313,1.0067340067339257,88.88888888888889,0
1732,1410.2444444444445,0.8527777777778738,0.7416666666665606,0.8250000000000313,1.0336700336701108,102.77777777777777,0
1733,1410.986111111111,0.7416666666665606,0.36111111111108585,0.8250000000000313,0.8989898989897364,97.22222222222223,1
1734,1411.3472222222222,0.36111111111108585,0.43333333333339397,0.8250000000000313,0.4377104377103905,44.44444444444444,0
1735,1411.7805555555556,0.43333333333339397,0.6111111111110858,0.8250000000000313,0.5252525252525788,94.44444444444444,0
1736,1412.3916666666667,0.6111111111110858,0.8333333333332575,0.8250000000000313,0.7407407407406821,86.11111111111111,0
1737,1413.225,0.8333333333332575,0.8444444444444343,0.8250000000000313,1.01010101010088,86.11111111111111,0
1738,1414.0694444444443,0.8444444444444343,0.8500000000001364,0.8250000000000313,1.0235690235689725,94.44444444444444,0
1739,1414.9194444444445,0.8500000000001364,0.8444444444444343,0.8250000000000313,1.0303030303031566,108.33333333333333,0
1740,1415.763888888889,0.8444444444444343,0.7805555555555657,0.8250000000000313,1.0235690235689725,83.33333333333333,0
1741,1416.5444444444445,0.7805555555555657,0.7944444444444798,0.8250000000000313,0.9461279461279225,77.77777777777777,0
1742,1417.338888888889,0.7944444444444798,0.8194444444443434,0.8250000000000313,0.9629629629629693,80.55555555555556,0
1743,1418.1583333333333,0.8194444444443434,0.8527777777778738,0.8250000000000313,0.9932659932658331,86.11111111111111,0
1744,1419.0111111111112,0.8527777777778738,0.8444444444444343,0.8250000000000313,1.0336700336701108,86.11111111111111,0
1745,1419.8555555555556,0.8444444444444343,0.8527777777776464,0.8250000000000313,1.0235690235689725,91.66666666666667,0
1746,1420.7083333333333,0.8527777777776464,0.8555555555556111,0.8250000000000313,1.0336700336698352,102.77777777777777,0
1747,1421.5638888888889,0.8555555555556111,0.8027777777776919,0.8250000000000313,1.0370370370370652,94.44444444444444,0
1748,1422.3666666666666,0.8027777777776919,0.7861111111112677,0.8250000000000313,0.9730639730638321,77.77777777777777,0
1749,1423.1527777777778,0.7861111111112677,0.7999999999999545,0.8250000000000313,0.9528619528621066,83.33333333333333,0
1750,1423.9527777777778,0.7999999999999545,0.8444444444444343,0.8250000000000313,0.9696969696968778,83.33333333333333,0
1751,1424.7972222222222,0.8444444444444343,0.8583333333333485,0.8250000000000313,1.0235690235689725,88.88888888888889,0
1752,1425.6555555555556,0.8583333333333485,0.8361111111109949,0.8250000000000313,1.0404040404040193,91.66666666666667,0
1753,1426.4916666666666,0.8361111111109949,0.8444444444446617,0.8250000000000313,1.0134680134678342,88.88888888888889,0
1754,1427.3361111111112,0.8444444444446617,0.8194444444443434,0.8250000000000313,1.023569023569248,102.77777777777777,0
1755,1428.1555555555556,0.8194444444443434,0.7861111111110404,0.8250000000000313,0.9932659932658331,86.11111111111111,0
1756,1428.9416666666666,0.7861111111110404,0.7972222222222172,0.8250000000000313,0.9528619528618311,80.55555555555556,0
1757,1429.7388888888888,0.7972222222222172,0.8250000000000455,0.8250000000000313,0.9663299663299236,80.55555555555556,0
1758,1430.5638888888889,0.8250000000000455,0.8638888888888232,0.8250000000000313,1.0000000000000173,86.11111111111111,0
1759,1431.4277777777777,0.8638888888888232,0.8611111111110858,0.8250000000000313,1.047138047137928,91.66666666666667,0
1760,1432.2888888888888,0.8611111111110858,0.8361111111112223,0.8250000000000313,1.0437710437709735,88.88888888888889,0
1761,1433.125,0.8361111111112223,0.8250000000000455,0.8250000000000313,1.0134680134681098,86.11111111111111,0
1762,1433.95,0.8250000000000455,0.8111111111111313,0.8250000000000313,1.0000000000000173,97.22222222222223,0
1763,1434.7611111111112,0.8111111111111313,0.7916666666665151,0.8250000000000313,0.9831649831649704,94.44444444444444,0
1764,1435.5527777777777,0.7916666666665151,0.8138888888888687,0.8250000000000313,0.9595959595957395,97.22222222222223,0
1765,1436.3666666666666,0.8138888888888687,0.8444444444446617,0.8250000000000313,0.9865319865319246,86.11111111111111,0
1766,1437.2111111111112,0.8444444444446617,0.8722222222220353,0.8250000000000313,1.023569023569248,88.88888888888889,0
1767,1438.0833333333333,0.8722222222220353,0.841666666666697,0.8250000000000313,1.0572390572387906,91.66666666666667,0
1768,1438.925,0.841666666666697,0.8027777777779193,0.8250000000000313,1.0202020202020183,83.33333333333333,0
1769,1439.7277777777779,0.8027777777779193,0.8222222222220807,0.8250000000000313,0.9730639730641076,83.33333333333333,0
1770,1440.55,0.8222222222220807,0.8055555555556566,0.8250000000000313,0.9966329966327874,91.66666666666667,0
1771,1441.3555555555556,0.8055555555556566,0.7999999999999545,0.8250000000000313,0.9764309764310619,88.88888888888889,0
1772,1442.1555555555556,0.7999999999999545,0.841666666666697,0.8250000000000313,0.9696969696968778,100.0,0
1773,1442.9972222222223,0.841666666666697,0.8611111111110858,0.8250000000000313,1.0202020202020183,102.77777777777777,0
1774,1443.8583333333333,0.8611111111110858,0.8638888888888232,0.8250000000000313,1.0437710437709735,88.88888888888889,0
1775,1444.7222222222222,0.8638888888888232,0.8222222222223081,0.8250000000000313,1.047138047137928,80.55555555555556,0
1776,1445.5444444444445,0.8222222222223081,0.7888888888887777,0.8250000000000313,0.9966329966330629,83.33333333333333,0
1777,1446.3333333333333,0.7888888888887777,0.8250000000000455,0.8250000000000313,0.9562289562287852,86.11111111111111,0
1778,1447.1583333333333,0.8250000000000455,0.8055555555556566,0.8250000000000313,1.0000000000000173,80.55555555555556,0
1779,1447.963888888889,0.8055555555556566,0.8138888888888687,0.8250000000000313,0.9764309764310619,83.33333333333333,0
1780,1448.7777777777778,0.8138888888888687,0.8583333333333485,0.8250000000000313,0.9865319865319246,86.11111111111111,0
1781,1449.6361111111112,0.8583333333333485,0.8472222222221717,0.8250000000000313,1.0404040404040193,94.44444444444444,0
1782,1450.4833333333333,0.8472222222221717,0.849999999999909,0.8250000000000313,1.0269360269359267,100.0,0
1783,1451.3333333333333,0.849999999999909,0.8000000000001819,0.8250000000000313,1.030303030302881,94.44444444444444,0
1784,1452.1333333333334,0.8000000000001819,0.7861111111110404,0.8250000000000313,0.9696969696971535,80.55555555555556,0
1785,1452.9194444444445,0.7861111111110404,0.8361111111109949,0.8250000000000313,0.9528619528618311,83.33333333333333,0
1786,1453.7555555555555,0.8361111111109949,0.8277777777777828,0.8250000000000313,1.0134680134678342,86.11111111111111,0
1787,1454.5833333333333,0.8277777777777828,0.8361111111112223,0.8250000000000313,1.0033670033669715,83.33333333333333,0
1788,1455.4194444444445,0.8361111111112223,0.849999999999909,0.8250000000000313,1.0134680134681098,83.33333333333333,0
1789,1456.2694444444444,0.849999999999909,0.8527777777778738,0.8250000000000313,1.030303030302881,86.11111111111111,0
1790,1457.1222222222223,0.8527777777778738,0.8222222222220807,0.8250000000000313,1.0336700336701108,86.11111111111111,0
1791,1457.9444444444443,0.8222222222220807,0.7888888888890051,0.8250000000000313,0.9966329966327874,91.66666666666667,0
1792,1458.7333333333333,0.7888888888890051,0.7944444444444798,0.8250000000000313,0.9562289562290609,97.22222222222223,0
1793,1459.5277777777778,0.7944444444444798,0.841666666666697,0.8250000000000313,0.9629629629629693,97.22222222222223,0
1794,1460.3694444444445,0.841666666666697,0.8444444444444343,0.8250000000000313,1.0202020202020183,86.11111111111111,0
1795,1461.213888888889,0.8444444444444343,0.8277777777777828,0.8250000000000313,1.0235690235689725,77.77777777777777,0
1796,1462.0416666666667,0.8277777777777828,0.8444444444444343,0.8250000000000313,1.0033670033669715,86.11111111111111,0
1797,1462.8861111111112,0.8444444444444343,0.8361111111109949,0.8250000000000313,1.0235690235689725,86.11111111111111,0
1798,1463.7222222222222,0.8361111111109949,0.808333333333394,0.8250000000000313,1.0134680134678342,88.88888888888889,0
1799,1464.5305555555556,0.808333333333394,0.7888888888887777,0.8250000000000313,0.9797979797980162,80.55555555555556,0
1800,1465.3194444444443,0.7888888888887777,0.8250000000000455,0.8250000000000313,0.9562289562287852,86.11111111111111,0
1801,1466.1444444444444,0.8250000000000455,0.8583333333333485,0.8250000000000313,1.0000000000000173,105.55555555555556,0
1802,1467.0027777777777,0.8583333333333485,0.8500000000001364,0.8250000000000313,1.0404040404040193,100.0,0
1803,1467.8527777777779,0.8500000000001364,0.8388888888887323,0.8250000000000313,1.0303030303031566,80.55555555555556,0
1804,1468.6916666666666,0.8388888888887323,0.8222222222223081,0.8250000000000313,1.0168350168347884,86.11111111111111,0
1805,1469.513888888889,0.8222222222223081,0.8194444444443434,0.8250000000000313,0.9966329966330629,86.11111111111111,0
1806,1470.3333333333333,0.8194444444443434,0.7916666666667425,0.8250000000000313,0.9932659932658331,83.33333333333333,0
1807,1471.125,0.7916666666667425,0.7944444444444798,0.8250000000000313,0.9595959595960151,83.33333333333333,0
1808,1471.9194444444445,0.7944444444444798,0.8444444444444343,0.8250000000000313,0.9629629629629693,83.33333333333333,0
1809,1472.763888888889,0.8444444444444343,0.8611111111110858,0.8250000000000313,1.0235690235689725,100.0,0
1810,1473.625,0.8611111111110858,0.841666666666697,0.8250000000000313,1.0437710437709735,105.55555555555556,0
1811,1474.4666666666667,0.841666666666697,0.8361111111109949,0.8250000000000313,1.0202020202020183,102.77777777777777,0
1812,1475.3027777777777,0.8361111111109949,0.808333333333394,0.8250000000000313,1.0134680134678342,86.11111111111111,0
1813,1476.111111111111,0.808333333333394,0.816666666666606,0.8250000000000313,0.9797979797980162,86.11111111111111,0
1814,1476.9277777777777,0.816666666666606,0.808333333333394,0.8250000000000313,0.9898989898988789,86.11111111111111,0
1815,1477.736111111111,0.808333333333394,0.8138888888888687,0.8250000000000313,0.9797979797980162,83.33333333333333,0
1816,1478.55,0.8138888888888687,0.8694444444445253,0.8250000000000313,0.9865319865319246,86.11111111111111,0
1817,1479.4194444444445,0.8694444444445253,0.8611111111110858,0.8250000000000313,1.053872053872112,88.88888888888889,0
1818,1480.2805555555556,0.8611111111110858,0.8277777777777828,0.8250000000000313,1.0437710437709735,83.33333333333333,0
1819,1481.1083333333333,0.8277777777777828,0.8138888888888687,0.8250000000000313,1.0033670033669715,100.0,0
1820,1481.9222222222222,0.8138888888888687,0.7944444444444798,0.8250000000000313,0.9865319865319246,100.0,0
1821,1482.7166666666667,0.7944444444444798,0.8194444444443434,0.8250000000000313,0.9629629629629693,94.44444444444444,0
1822,1483.536111111111,0.8194444444443434,0.8138888888888687,0.8250000000000313,0.9932659932658331,86.11111111111111,0
1823,1484.35,0.8138888888888687,0.8305555555557476,0.8250000000000313,0.9865319865319246,83.33333333333333,0
1824,1485.1805555555557,0.8305555555557476,0.8805555555554747,0.8250000000000313,1.0067340067342012,88.88888888888889,0
1825,1486.0611111111111,0.8805555555554747,0.8555555555556111,0.8250000000000313,1.067340067339929,91.66666666666667,0
1826,1486.9166666666667,0.8555555555556111,0.8027777777776919,0.8250000000000313,1.0370370370370652,86.11111111111111,0
1827,1487.7194444444444,0.8027777777776919,0.8027777777776919,0.8250000000000313,0.9730639730638321,83.33333333333333,0
1828,1488.5222222222221,0.8027777777776919,0.8055555555556566,0.8250000000000313,0.9730639730638321,77.77777777777777,0
1829,1489.3277777777778,0.8055555555556566,0.8222222222223081,0.8250000000000313,0.9764309764310619,88.88888888888889,0
1830,1490.15,0.8222222222223081,0.8888888888886868,0.8250000000000313,0.9966329966330629,94.44444444444444,0
1831,1491.0388888888888,0.8888888888886868,0.7861111111112677,0.8250000000000313,1.0774410774407917,91.66666666666667,0
1832,1491.825,0.7861111111112677,0.875,0.8250000000000313,0.9528619528621066,94.44444444444444,0
1833,1492.7,0.875,0.8222222222220807,0.8250000000000313,1.0606060606060204,83.33333333333333,0
1834,1493.5222222222221,0.8222222222220807,0.7888888888890051,0.8250000000000313,0.9966329966327874,77.77777777777777,0
1835,1494.3111111111111,0.7888888888890051,0.7999999999999545,0.8250000000000313,0.9562289562290609,80.55555555555556,0
1836,1495.111111111111,0.7999999999999545,0.808333333333394,0.8250000000000313,0.9696969696968778,77.77777777777777,0
1837,1495.9194444444445,0.808333333333394,0.8472222222221717,0.8250000000000313,0.9797979797980162,83.33333333333333,0
1838,1496.7666666666667,0.8472222222221717,0.8472222222221717,0.8250000000000313,1.0269360269359267,86.11111111111111,0
1839,1497.6138888888888,0.8472222222221717,0.8500000000001364,0.8250000000000313,1.0269360269359267,88.88888888888889,0
1840,1498.463888888889,0.8500000000001364,0.8638888888888232,0.8250000000000313,1.0303030303031566,97.22222222222223,0
1841,1499.3277777777778,0.8638888888888232,0.7138888888889596,0.8250000000000313,1.047138047137928,94.44444444444444,0
1842,1500.0416666666667,0.7138888888889596,0.8805555555554747,0.8250000000000313,0.8653198653199182,44.44444444444444,0
1843,1500.9222222222222,0.8805555555554747,0.7999999999999545,0.8250000000000313,1.067340067339929,83.33333333333333,0
1844,1501.7222222222222,0.7999999999999545,0.8305555555555202,0.8250000000000313,0.9696969696968778,80.55555555555556,0
1845,1502.5527777777777,0.8305555555555202,0.8611111111110858,0.8250000000000313,1.0067340067339257,86.11111111111111,0
1846,1503.4138888888888,0.8611111111110858,0.841666666666697,0.8250000000000313,1.0437710437709735,83.33333333333333,0
1847,1504.2555555555555,0.841666666666697,0.841666666666697,0.8250000000000313,1.0202020202020183,83.33333333333333,0
1848,1505.0972222222222,0.841666666666697,0.8333333333334849,0.8250000000000313,1.0202020202020183,94.44444444444444,0
1849,1505.9305555555557,0.8333333333334849,0.7972222222222172,0.8250000000000313,1.0101010101011556,100.0,0
1850,1506.7277777777779,0.7972222222222172,0.783333333333303,0.8250000000000313,0.9663299663299236,86.11111111111111,0
1851,1507.5111111111112,0.783333333333303,0.816666666666606,0.8250000000000313,0.9494949494948768,83.33333333333333,0
1852,1508.3277777777778,0.816666666666606,0.8611111111110858,0.8250000000000313,0.9898989898988789,86.11111111111111,0
1853,1509.1888888888889,0.8611111111110858,0.8638888888888232,0.8250000000000313,1.0437710437709735,86.11111111111111,0
1854,1510.0527777777777,0.8638888888888232,0.8361111111112223,0.8250000000000313,1.047138047137928,86.11111111111111,0
1855,1510.888888888889,0.8361111111112223,0.8333333333332575,0.8250000000000313,1.0134680134681098,86.11111111111111,0
1856,1511.7222222222222,0.8333333333332575,0.8194444444445708,0.8250000000000313,1.01010101010088,83.33333333333333,0
1857,1512.5416666666667,0.8194444444445708,0.7888888888887777,0.8250000000000313,0.9932659932661088,77.77777777777777,0
1858,1513.3305555555555,0.7888888888887777,0.7999999999999545,0.8250000000000313,0.9562289562287852,88.88888888888889,0
1859,1514.1305555555555,0.7999999999999545,0.8333333333334849,0.8250000000000313,0.9696969696968778,102.77777777777777,0
1860,1514.963888888889,0.8333333333334849,0.8722222222222626,0.8250000000000313,1.0101010101011556,94.44444444444444,0
1861,1515.8361111111112,0.8722222222222626,0.8444444444444343,0.8250000000000313,1.0572390572390662,86.11111111111111,0
1862,1516.6805555555557,0.8444444444444343,0.816666666666606,0.8250000000000313,1.0235690235689725,83.33333333333333,0
1863,1517.4972222222223,0.816666666666606,0.8194444444443434,0.8250000000000313,0.9898989898988789,80.55555555555556,0
1864,1518.3166666666666,0.8194444444443434,0.808333333333394,0.8250000000000313,0.9932659932658331,86.11111111111111,0
1865,1519.125,0.808333333333394,0.7972222222222172,0.8250000000000313,0.9797979797980162,83.33333333333333,0
1866,1519.9222222222222,0.7972222222222172,0.8333333333332575,0.8250000000000313,0.9663299663299236,83.33333333333333,0
1867,1520.7555555555555,0.8333333333332575,0.8583333333333485,0.8250000000000313,1.01010101010088,97.22222222222223,0
1868,1521.6138888888888,0.8583333333333485,0.8722222222222626,0.8250000000000313,1.0404040404040193,102.77777777777777,0
1869,1522.486111111111,0.8722222222222626,0.8305555555555202,0.8250000000000313,1.0572390572390662,108.33333333333333,0
1870,1523.3166666666666,0.8305555555555202,0.7944444444444798,0.8250000000000313,1.0067340067339257,94.44444444444444,0
1871,1524.111111111111,0.7944444444444798,0.816666666666606,0.8250000000000313,0.9629629629629693,83.33333333333333,0
1872,1524.9277777777777,0.816666666666606,0.8055555555556566,0.8250000000000313,0.9898989898988789,86.11111111111111,0
1873,1525.7333333333333,0.8055555555556566,0.8138888888888687,0.8250000000000313,0.9764309764310619,86.11111111111111,0
1874,1526.5472222222222,0.8138888888888687,0.849999999999909,0.8250000000000313,0.9865319865319246,83.33333333333333,0
1875,1527.3972222222221,0.849999999999909,0.8500000000001364,0.8250000000000313,1.030303030302881,86.11111111111111,0
1876,1528.2472222222223,0.8500000000001364,0.8638888888888232,0.8250000000000313,1.0303030303031566,88.88888888888889,0
1877,1529.111111111111,0.8638888888888232,0.808333333333394,0.8250000000000313,1.047138047137928,83.33333333333333,0
1878,1529.9194444444445,0.808333333333394,0.783333333333303,0.8250000000000313,0.9797979797980162,94.44444444444444,0
1879,1530.7027777777778,0.783333333333303,0.8305555555555202,0.8250000000000313,0.9494949494948768,94.44444444444444,0
1880,1531.5333333333333,0.8305555555555202,0.8250000000000455,0.8250000000000313,1.0067340067339257,102.77777777777777,0
1881,1532.3583333333333,0.8250000000000455,0.8305555555555202,0.8250000000000313,1.0000000000000173,100.0,0
1882,1533.1888888888889,0.8305555555555202,0.849999999999909,0.8250000000000313,1.0067340067339257,88.88888888888889,0
1883,1534.0388888888888,0.849999999999909,0.8472222222223991,0.8250000000000313,1.030303030302881,83.33333333333333,0
1884,1534.8861111111112,0.8472222222223991,0.8333333333332575,0.8250000000000313,1.0269360269362025,83.33333333333333,0
1885,1535.7194444444444,0.8333333333332575,0.7916666666667425,0.8250000000000313,1.01010101010088,80.55555555555556,0
1886,1536.5111111111112,0.7916666666667425,0.7888888888887777,0.8250000000000313,0.9595959595960151,77.77777777777777,0
1887,1537.3,0.7888888888887777,0.8361111111112223,0.8250000000000313,0.9562289562287852,86.11111111111111,0
1888,1538.1361111111112,0.8361111111112223,0.8361111111109949,0.8250000000000313,1.0134680134681098,83.33333333333333,0
1889,1538.9722222222222,0.8361111111109949,0.8333333333334849,0.8250000000000313,1.0134680134678342,86.11111111111111,0
1890,1539.8055555555557,0.8333333333334849,0.8472222222221717,0.8250000000000313,1.0101010101011556,88.88888888888889,0
1891,1540.6527777777778,0.8472222222221717,0.8388888888887323,0.8250000000000313,1.0269360269359267,100.0,0
1892,1541.4916666666666,0.8388888888887323,0.8166666666668334,0.8250000000000313,1.0168350168347884,100.0,0
1893,1542.3083333333334,0.8166666666668334,0.7944444444444798,0.8250000000000313,0.9898989898991545,83.33333333333333,0
1894,1543.1027777777779,0.7944444444444798,0.8083333333331666,0.8250000000000313,0.9629629629629693,80.55555555555556,0
1895,1543.911111111111,0.8083333333331666,0.8500000000001364,0.8250000000000313,0.9797979797977405,86.11111111111111,0
1896,1544.7611111111112,0.8500000000001364,0.8527777777776464,0.8250000000000313,1.0303030303031566,83.33333333333333,0
1897,1545.6138888888888,0.8527777777776464,0.8388888888889596,0.8250000000000313,1.0336700336698352,83.33333333333333,0
1898,1546.4527777777778,0.8388888888889596,0.8277777777777828,0.8250000000000313,1.016835016835064,86.11111111111111,0
1899,1547.2805555555556,0.8277777777777828,0.8250000000000455,0.8250000000000313,1.0033670033669715,83.33333333333333,0
1900,1548.1055555555556,0.8250000000000455,0.7999999999999545,0.8250000000000313,1.0000000000000173,88.88888888888889,0
1901,1548.9055555555556,0.7999999999999545,0.7916666666667425,0.8250000000000313,0.9696969696968778,86.11111111111111,0
1902,1549.6972222222223,0.7916666666667425,0.8305555555555202,0.8250000000000313,0.9595959595960151,91.66666666666667,0
1903,1550.5277777777778,0.8305555555555202,0.8638888888888232,0.8250000000000313,1.0067340067339257,94.44444444444444,0
1904,1551.3916666666667,0.8638888888888232,0.849999999999909,0.8250000000000313,1.047138047137928,91.66666666666667,0
1905,1552.2416666666666,0.849999999999909,0.8361111111112223,0.8250000000000313,1.030303030302881,80.55555555555556,0
1906,1553.0777777777778,0.8361111111112223,0.8138888888888687,0.8250000000000313,1.0134680134681098,83.33333333333333,0
1907,1553.8916666666667,0.8138888888888687,0.816666666666606,0.8250000000000313,0.9865319865319246,83.33333333333333,0
1908,1554.7083333333333,0.816666666666606,0.8055555555556566,0.8250000000000313,0.9898989898988789,83.33333333333333,0
1909,1555.513888888889,0.8055555555556566,0.7972222222222172,0.8250000000000313,0.9764309764310619,86.11111111111111,0
1910,1556.3111111111111,0.7972222222222172,0.8638888888888232,0.8250000000000313,0.9663299663299236,83.33333333333333,0
1911,1557.175,0.8638888888888232,0.8638888888888232,0.8250000000000313,1.047138047137928,86.11111111111111,0
1912,1558.0388888888888,0.8638888888888232,0.8305555555557476,0.8250000000000313,1.047138047137928,86.11111111111111,0
1913,1558.8694444444445,0.8305555555557476,0.8194444444443434,0.8250000000000313,1.0067340067342012,97.22222222222223,0
1914,1559.6888888888889,0.8194444444443434,0.7999999999999545,0.8250000000000313,0.9932659932658331,100.0,0
1915,1560.4888888888888,0.7999999999999545,0.8111111111111313,0.8250000000000313,0.9696969696968778,97.22222222222223,0
1916,1561.3,0.8111111111111313,0.8055555555556566,0.8250000000000313,0.9831649831649704,83.33333333333333,0
1917,1562.1055555555556,0.8055555555556566,0.8250000000000455,0.8250000000000313,0.9764309764310619,83.33333333333333,0
1918,1562.9305555555557,0.8250000000000455,0.8805555555554747,0.8250000000000313,1.0000000000000173,88.88888888888889,0
1919,1563.8111111111111,0.8805555555554747,0.8611111111110858,0.8250000000000313,1.067340067339929,91.66666666666667,0
1920,1564.6722222222222,0.8611111111110858,0.816666666666606,0.8250000000000313,1.0437710437709735,86.11111111111111,0
1921,1565.4888888888888,0.816666666666606,0.8055555555556566,0.8250000000000313,0.9898989898988789,86.11111111111111,0
1922,1566.2944444444445,0.8055555555556566,0.3305555555555202,0.8250000000000313,0.9764309764310619,83.33333333333333,0
1923,1566.625,0.3305555555555202,0.4194444444444798,0.8250000000000313,0.4006734006733426,66.66666666666667,0
1924,1567.0444444444445,0.4194444444444798,0.5972222222221717,0.8250000000000313,0.508417508417532,63.888888888888886,0
1925,1567.6416666666667,0.5972222222221717,0.8222222222223081,0.8250000000000313,0.7239057239056352,91.66666666666667,0
1926,1568.463888888889,0.8222222222223081,0.8388888888887323,0.8250000000000313,0.9966329966330629,91.66666666666667,0
1927,1569.3027777777777,0.8388888888887323,0.8666666666667879,0.8250000000000313,1.0168350168347884,83.33333333333333,0
1928,1570.1694444444445,0.8666666666667879,0.8527777777776464,0.8250000000000313,1.0505050505051576,91.66666666666667,0
1929,1571.0222222222221,0.8527777777776464,0.8055555555556566,0.8250000000000313,1.0336700336698352,88.88888888888889,0
1930,1571.8277777777778,0.8055555555556566,0.7944444444444798,0.8250000000000313,0.9764309764310619,80.55555555555556,0
1931,1572.6222222222223,0.7944444444444798,0.7972222222222172,0.8250000000000313,0.9629629629629693,86.11111111111111,0
1932,1573.4194444444445,0.7972222222222172,0.8388888888889596,0.8250000000000313,0.9663299663299236,94.44444444444444,0
1933,1574.2583333333334,0.8388888888889596,0.8444444444444343,0.8250000000000313,1.016835016835064,97.22222222222223,0
1934,1575.1027777777779,0.8444444444444343,0.8194444444443434,0.8250000000000313,1.0235690235689725,91.66666666666667,0
1935,1575.9222222222222,0.8194444444443434,0.8972222222221262,0.8250000000000313,0.9932659932658331,116.66666666666667,0
1936,1576.8194444444443,0.8972222222221262,0.33055555555574756,0.8250000000000313,1.08754208754193,97.22222222222223,0
1937,1577.15,0.33055555555574756,0.5,0.8250000000000313,0.40067340067361823,83.33333333333333,0
1938,1577.65,0.5,0.783333333333303,0.8250000000000313,0.6060606060605831,80.55555555555556,0
1939,1578.4333333333334,0.783333333333303,0.7999999999999545,0.8250000000000313,0.9494949494948768,83.33333333333333,0
1940,1579.2333333333333,0.7999999999999545,0.8055555555554292,0.8250000000000313,0.9696969696968778,80.55555555555556,0
1941,1580.0388888888888,0.8055555555554292,0.8500000000001364,0.8250000000000313,0.9764309764307864,83.33333333333333,0
1942,1580.888888888889,0.8500000000001364,0.849999999999909,0.8250000000000313,1.0303030303031566,88.88888888888889,0
1943,1581.7388888888888,0.849999999999909,0.8333333333334849,0.8250000000000313,1.030303030302881,83.33333333333333,0
1944,1582.5722222222223,0.8333333333334849,0.8611111111110858,0.8250000000000313,1.0101010101011556,83.33333333333333,0
1945,1583.4333333333334,0.8611111111110858,0.8027777777776919,0.8250000000000313,1.0437710437709735,97.22222222222223,0
1946,1584.236111111111,0.8027777777776919,0.783333333333303,0.8250000000000313,0.9730639730638321,91.66666666666667,0
1947,1585.0194444444444,0.783333333333303,0.8138888888888687,0.8250000000000313,0.9494949494948768,111.11111111111111,1
1948,1585.8333333333333,0.8138888888888687,0.8305555555555202,0.8250000000000313,0.9865319865319246,88.88888888888889,0
1949,1586.6638888888888,0.8305555555555202,0.8722222222222626,0.8250000000000313,1.0067340067339257,83.33333333333333,0
1950,1587.536111111111,0.8722222222222626,0.8444444444444343,0.8250000000000313,1.0572390572390662,83.33333333333333,0
1951,1588.3805555555555,0.8444444444444343,0.8305555555557476,0.8250000000000313,1.0235690235689725,86.11111111111111,0
1952,1589.2111111111112,0.8305555555557476,0.8333333333332575,0.8250000000000313,1.0067340067342012,83.33333333333333,0
1953,1590.0444444444445,0.8333333333332575,0.7999999999999545,0.8250000000000313,1.01010101010088,83.33333333333333,0
1954,1590.8444444444444,0.7999999999999545,0.7861111111110404,0.8250000000000313,0.9696969696968778,80.55555555555556,0
1955,1591.6305555555555,0.7861111111110404,0.8166666666668334,0.8250000000000313,0.9528619528618311,77.77777777777777,0
1956,1592.4472222222223,0.8166666666668334,0.8527777777776464,0.8250000000000313,0.9898989898991545,80.55555555555556,0
1957,1593.3,0.8527777777776464,0.8694444444445253,0.8250000000000313,1.0336700336698352,100.0,0
1958,1594.1694444444445,0.8694444444445253,0.8333333333332575,0.8250000000000313,1.053872053872112,86.11111111111111,0
1959,1595.0027777777777,0.8333333333332575,0.7888888888890051,0.8250000000000313,1.01010101010088,88.88888888888889,0
1960,1595.7916666666667,0.7888888888890051,0.849999999999909,0.8250000000000313,0.9562289562290609,97.22222222222223,0
1961,1596.6416666666667,0.849999999999909,0.8055555555556566,0.8250000000000313,1.030303030302881,88.88888888888889,0
1962,1597.4472222222223,0.8055555555556566,0.7972222222222172,0.8250000000000313,0.9764309764310619,83.33333333333333,0
1963,1598.2444444444445,0.7972222222222172,0.841666666666697,0.8250000000000313,0.9663299663299236,88.88888888888889,0
1964,1599.0861111111112,0.841666666666697,0.8694444444442979,0.8250000000000313,1.0202020202020183,86.11111111111111,0
1965,1599.9555555555555,0.8694444444442979,0.8527777777778738,0.8250000000000313,1.0538720538718362,94.44444444444444,0
1966,1600.8083333333334,0.8527777777778738,0.8138888888888687,0.8250000000000313,1.0336700336701108,86.11111111111111,0
1967,1601.6222222222223,0.8138888888888687,0.808333333333394,0.8250000000000313,0.9865319865319246,83.33333333333333,0
1968,1602.4305555555557,0.808333333333394,0.816666666666606,0.8250000000000313,0.9797979797980162,83.33333333333333,0
1969,1603.2472222222223,0.816666666666606,0.7999999999999545,0.8250000000000313,0.9898989898988789,91.66666666666667,0
1970,1604.0472222222222,0.7999999999999545,0.8222222222223081,0.8250000000000313,0.9696969696968778,94.44444444444444,0
1971,1604.8694444444445,0.8222222222223081,0.8527777777776464,0.8250000000000313,0.9966329966330629,102.77777777777777,0
1972,1605.7222222222222,0.8527777777776464,0.8638888888890506,0.8250000000000313,1.0336700336698352,91.66666666666667,0
1973,1606.5861111111112,0.8638888888890506,0.8361111111109949,0.8250000000000313,1.0471380471382035,88.88888888888889,0
1974,1607.4222222222222,0.8361111111109949,0.7944444444444798,0.8250000000000313,1.0134680134678342,83.33333333333333,0
1975,1608.2166666666667,0.7944444444444798,0.8138888888888687,0.8250000000000313,0.9629629629629693,83.33333333333333,0
1976,1609.0305555555556,0.8138888888888687,0.8222222222223081,0.8250000000000313,0.9865319865319246,83.33333333333333,0
1977,1609.8527777777779,0.8222222222223081,0.8138888888888687,0.8250000000000313,0.9966329966330629,80.55555555555556,0
1978,1610.6666666666667,0.8138888888888687,0.8527777777776464,0.8250000000000313,0.9865319865319246,83.33333333333333,0
1979,1611.5194444444444,0.8527777777776464,0.8500000000001364,0.8250000000000313,1.0336700336698352,100.0,0
1980,1612.3694444444445,0.8500000000001364,0.8527777777776464,0.8250000000000313,1.0303030303031566,105.55555555555556,0
1981,1613.2222222222222,0.8527777777776464,0.808333333333394,0.8250000000000313,1.0336700336698352,97.22222222222223,0
1982,1614.0305555555556,0.808333333333394,0.7861111111110404,0.8250000000000313,0.9797979797980162,83.33333333333333,0
1983,1614.8166666666666,0.7861111111110404,0.8194444444445708,0.8250000000000313,0.9528619528618311,80.55555555555556,0
1984,1615.6361111111112,0.8194444444445708,0.8277777777777828,0.8250000000000313,0.9932659932661088,86.11111111111111,0
1985,1616.463888888889,0.8277777777777828,0.8361111111109949,0.8250000000000313,1.0033670033669715,91.66666666666667,0
1986,1617.3,0.8361111111109949,0.8527777777778738,0.8250000000000313,1.0134680134678342,86.11111111111111,0
1987,1618.1527777777778,0.8527777777778738,0.849999999999909,0.8250000000000313,1.0336700336701108,86.11111111111111,0
1988,1619.0027777777777,0.849999999999909,0.841666666666697,0.8250000000000313,1.030303030302881,88.88888888888889,0
1989,1619.8444444444444,0.841666666666697,0.7944444444444798,0.8250000000000313,1.0202020202020183,88.88888888888889,0
1990,1620.638888888889,0.7944444444444798,0.3250000000000455,0.8250000000000313,0.9629629629629693,97.22222222222223,0
1991,1620.963888888889,0.3250000000000455,0.46388888888873225,0.8250000000000313,0.3939393939394341,80.55555555555556,0
1992,1621.4277777777777,0.46388888888873225,0.8388888888889596,0.8250000000000313,0.5622895622893511,97.22222222222223,1
1993,1622.2666666666667,0.8388888888889596,0.8472222222221717,0.8250000000000313,1.016835016835064,86.11111111111111,0
1994,1623.1138888888888,0.8472222222221717,0.8388888888889596,0.8250000000000313,1.0269360269359267,88.88888888888889,0
1995,1623.9527777777778,0.8388888888889596,0.841666666666697,0.8250000000000313,1.016835016835064,83.33333333333333,0
1996,1624.7944444444445,0.841666666666697,0.8250000000000455,0.8250000000000313,1.0202020202020183,83.33333333333333,0
1997,1625.6194444444445,0.8250000000000455,0.8138888888888687,0.8250000000000313,1.0000000000000173,80.55555555555556,0
1998,1626.4333333333334,0.8138888888888687,0.7888888888887777,0.8250000000000313,0.9865319865319246,80.55555555555556,0
1999,1627.2222222222222,0.7888888888887777,0.7944444444444798,0.8250000000000313,0.9562289562287852,80.55555555555556,0
2000,1628.0166666666667,0.7944444444444798,0.8666666666667879,0.8250000000000313,0.9629629629629693,83.33333333333333,0
2001,1628.8833333333334,0.8666666666667879,0.8527777777776464,0.8250000000000313,1.0505050505051576,100.0,0
2002,1629.736111111111,0.8527777777776464,0.8361111111112223,0.8250000000000313,1.0336700336698352,94.44444444444444,0
2003,1630.5722222222223,0.8361111111112223,0.8333333333332575,0.8250000000000313,1.0134680134681098,97.22222222222223,0
2004,1631.4055555555556,0.8333333333332575,0.8138888888888687,0.8250000000000313,1.01010101010088,80.55555555555556,0
2005,1632.2194444444444,0.8138888888888687,0.8111111111111313,0.8250000000000313,0.9865319865319246,83.33333333333333,0
2006,1633.0305555555556,0.8111111111111313,0.7944444444444798,0.8250000000000313,0.9831649831649704,83.33333333333333,0
2007,1633.825,0.7944444444444798,0.8250000000000455,0.8250000000000313,0.9629629629629693,80.55555555555556,0
2008,1634.65,0.8250000000000455,0.8722222222220353,0.8250000000000313,1.0000000000000173,91.66666666666667,0
2009,1635.5222222222221,0.8722222222220353,0.8472222222223991,0.8250000000000313,1.0572390572387906,88.88888888888889,0
2010,1636.3694444444445,0.8472222222223991,0.8249999999998181,0.8250000000000313,1.0269360269362025,80.55555555555556,0
2011,1637.1944444444443,0.8249999999998181,0.8055555555556566,0.8250000000000313,0.9999999999997417,83.33333333333333,0
2012,1638.0,0.8055555555556566,0.5472222222222172,0.8250000000000313,0.9764309764310619,86.11111111111111,0
2013,1638.5472222222222,0.5472222222222172,1.0722222222223081,0.8250000000000313,0.6632996632996321,100.0,1
2014,1639.6194444444445,1.0722222222223081,0.8111111111111313,0.8250000000000313,1.2996632996633546,97.22222222222223,0
2015,1640.4305555555557,0.8111111111111313,0.8555555555553838,0.8250000000000313,0.9831649831649704,97.22222222222223,0
2016,1641.286111111111,0.8555555555553838,0.8777777777777374,0.8250000000000313,1.0370370370367894,91.66666666666667,0
2017,1642.1638888888888,0.8777777777777374,0.8388888888889596,0.8250000000000313,1.0639730639729748,86.11111111111111,0
2018,1643.0027777777777,0.8388888888889596,0.8055555555556566,0.8250000000000313,1.016835016835064,83.33333333333333,0
2019,1643.8083333333334,0.8055555555556566,0.7972222222222172,0.8250000000000313,0.9764309764310619,83.33333333333333,0
2020,1644.6055555555556,0.7972222222222172,0.816666666666606,0.8250000000000313,0.9663299663299236,86.11111111111111,0
2021,1645.4222222222222,0.816666666666606,0.8138888888888687,0.8250000000000313,0.9898989898988789,88.88888888888889,0
2022,1646.236111111111,0.8138888888888687,0.8250000000000455,0.8250000000000313,0.9865319865319246,83.33333333333333,0
2023,1647.0611111111111,0.8250000000000455,0.8722222222222626,0.8250000000000313,1.0000000000000173,83.33333333333333,0
2024,1647.9333333333334,0.8722222222222626,0.8583333333333485,0.8250000000000313,1.0572390572390662,102.77777777777777,0
2025,1648.7916666666667,0.8583333333333485,0.8111111111111313,0.8250000000000313,1.0404040404040193,97.22222222222223,0
2026,1649.6027777777779,0.8111111111111313,0.7999999999999545,0.8250000000000313,0.9831649831649704,102.77777777777777,0
2027,1650.4027777777778,0.7999999999999545,0.7999999999999545,0.8250000000000313,0.9696969696968778,97.22222222222223,0
2028,1651.2027777777778,0.7999999999999545,0.8277777777777828,0.8250000000000313,0.9696969696968778,83.33333333333333,0
2029,1652.0305555555556,0.8277777777777828,0.8277777777777828,0.8250000000000313,1.0033670033669715,86.11111111111111,0
2030,1652.8583333333333,0.8277777777777828,0.8444444444444343,0.8250000000000313,1.0033670033669715,88.88888888888889,0
2031,1653.7027777777778,0.8444444444444343,0.8805555555554747,0.8250000000000313,1.0235690235689725,88.88888888888889,0
2032,1654.5833333333333,0.8805555555554747,0.8333333333334849,0.8250000000000313,1.067340067339929,88.88888888888889,0
2033,1655.4166666666667,0.8333333333334849,0.7916666666665151,0.8250000000000313,1.0101010101011556,83.33333333333333,0
2034,1656.2083333333333,0.7916666666665151,0.8000000000001819,0.8250000000000313,0.9595959595957395,88.88888888888889,0
2035,1657.0083333333334,0.8000000000001819,0.7999999999999545,0.8250000000000313,0.9696969696971535,86.11111111111111,0
2036,1657.8083333333334,0.7999999999999545,0.841666666666697,0.8250000000000313,0.9696969696968778,102.77777777777777,0
2037,1658.65,0.841666666666697,0.8472222222221717,0.8250000000000313,1.0202020202020183,97.22222222222223,0
2038,1659.4972222222223,0.8472222222221717,0.8388888888889596,0.8250000000000313,1.0269360269359267,83.33333333333333,0
2039,1660.3361111111112,0.8388888888889596,0.8666666666665606,0.8250000000000313,1.016835016835064,88.88888888888889,0
2040,1661.2027777777778,0.8666666666665606,0.8138888888888687,0.8250000000000313,1.050505050504882,86.11111111111111,0
2041,1662.0166666666667,0.8138888888888687,0.7861111111110404,0.8250000000000313,0.9865319865319246,80.55555555555556,0
2042,1662.8027777777777,0.7861111111110404,0.8055555555556566,0.8250000000000313,0.9528619528618311,80.55555555555556,0
2043,1663.6083333333333,0.8055555555556566,0.8250000000000455,0.8250000000000313,0.9764309764310619,86.11111111111111,0
2044,1664.4333333333334,0.8250000000000455,0.8694444444442979,0.8250000000000313,1.0000000000000173,88.88888888888889,0
2045,1665.3027777777777,0.8694444444442979,0.32777777777778283,0.8250000000000313,1.0538720538718362,97.22222222222223,0
2046,1665.6305555555555,0.32777777777778283,0.5194444444446162,0.8250000000000313,0.3973063973063884,97.22222222222223,1
2047,1666.15,0.5194444444446162,0.8333333333332575,0.8250000000000313,0.6296296296298141,111.11111111111111,1
2048,1666.9833333333333,0.8333333333332575,0.8444444444444343,0.8250000000000313,1.01010101010088,91.66666666666667,0
2049,1667.8277777777778,0.8444444444444343,0.7944444444444798,0.8250000000000313,1.0235690235689725,77.77777777777777,0
2050,1668.6222222222223,0.7944444444444798,0.7777777777778283,0.8250000000000313,0.9629629629629693,77.77777777777777,0
2051,1669.4,0.7777777777778283,0.8083333333331666,0.8250000000000313,0.9427609427609683,77.77777777777777,0
2052,1670.2083333333333,0.8083333333331666,0.8500000000001364,0.8250000000000313,0.9797979797977405,80.55555555555556,0
2053,1671.0583333333334,0.8500000000001364,0.8611111111110858,0.8250000000000313,1.0303030303031566,83.33333333333333,0
2054,1671.9194444444445,0.8611111111110858,0.841666666666697,0.8250000000000313,1.0437710437709735,83.33333333333333,0
2055,1672.7611111111112,0.841666666666697,0.8277777777777828,0.8250000000000313,1.0202020202020183,83.33333333333333,0
2056,1673.588888888889,0.8277777777777828,0.8249999999998181,0.8250000000000313,1.0033670033669715,91.66666666666667,0
2057,1674.4138888888888,0.8249999999998181,0.683333333333394,0.8250000000000313,0.9999999999997417,86.11111111111111,0
2058,1675.0972222222222,0.683333333333394,0.4305555555556566,0.8250000000000313,0.8282828282828704,27.77777777777778,0
2059,1675.5277777777778,0.4305555555556566,0.48055555555561114,0.8250000000000313,0.5218855218856246,83.33333333333333,0
2060,1676.0083333333334,0.48055555555561114,0.8305555555555202,0.8250000000000313,0.5824915824916278,91.66666666666667,0
2061,1676.838888888889,0.8305555555555202,0.8694444444442979,0.8250000000000313,1.0067340067339257,86.11111111111111,0
2062,1677.7083333333333,0.8694444444442979,0.8583333333333485,0.8250000000000313,1.0538720538718362,86.11111111111111,0
2063,1678.5666666666666,0.8583333333333485,0.8194444444445708,0.8250000000000313,1.0404040404040193,80.55555555555556,0
2064,1679.3861111111112,0.8194444444445708,0.8138888888888687,0.8250000000000313,0.9932659932661088,80.55555555555556,0
2065,1680.2,0.8138888888888687,0.8111111111111313,0.8250000000000313,0.9865319865319246,83.33333333333333,0
2066,1681.0111111111112,0.8111111111111313,0.7972222222222172,0.8250000000000313,0.9831649831649704,80.55555555555556,0
2067,1681.8083333333334,0.7972222222222172,0.816666666666606,0.8250000000000313,0.9663299663299236,80.55555555555556,0
2068,1682.625,0.816666666666606,0.8472222222221717,0.8250000000000313,0.9898989898988789,97.22222222222223,0
2069,1683.4722222222222,0.8472222222221717,0.8722222222222626,0.8250000000000313,1.0269360269359267,94.44444444444444,0
2070,1684.3444444444444,0.8722222222222626,0.9027777777778283,0.8250000000000313,1.0572390572390662,97.22222222222223,0
2071,1685.2472222222223,0.9027777777778283,0.7472222222222626,0.8250000000000313,1.094276094276114,88.88888888888889,0
2072,1685.9944444444445,0.7472222222222626,0.8111111111111313,0.8250000000000313,0.9057239057239204,88.88888888888889,0
2073,1686.8055555555557,0.8111111111111313,0.8222222222220807,0.8250000000000313,0.9831649831649704,86.11111111111111,0
2074,1687.6277777777777,0.8222222222220807,0.808333333333394,0.8250000000000313,0.9966329966327874,86.11111111111111,0
2075,1688.4361111111111,0.808333333333394,0.841666666666697,0.8250000000000313,0.9797979797980162,86.11111111111111,0
2076,1689.2777777777778,0.841666666666697,0.8527777777776464,0.8250000000000313,1.0202020202020183,91.66666666666667,0
2077,1690.1305555555555,0.8527777777776464,0.8611111111110858,0.8250000000000313,1.0336700336698352,88.88888888888889,0
2078,1690.9916666666666,0.8611111111110858,0.813888888889096,0.8250000000000313,1.0437710437709735,91.66666666666667,0
2079,1691.8055555555557,0.813888888889096,0.7861111111110404,0.8250000000000313,0.9865319865322002,83.33333333333333,0
2080,1692.5916666666667,0.7861111111110404,0.816666666666606,0.8250000000000313,0.9528619528618311,83.33333333333333,0
2081,1693.4083333333333,0.816666666666606,0.8250000000000455,0.8250000000000313,0.9898989898988789,86.11111111111111,0
2082,1694.2333333333333,0.8250000000000455,0.8194444444443434,0.8250000000000313,1.0000000000000173,113.88888888888889,0
2083,1695.0527777777777,0.8194444444443434,0.8527777777778738,0.8250000000000313,0.9932659932658331,61.111111111111114,0
2084,1695.9055555555556,0.8527777777778738,0.849999999999909,0.8250000000000313,1.0336700336701108,80.55555555555556,0
2085,1696.7555555555555,0.849999999999909,0.8444444444444343,0.8250000000000313,1.030303030302881,97.22222222222223,0
2086,1697.6,0.8444444444444343,0.7944444444444798,0.8250000000000313,1.0235690235689725,91.66666666666667,0
2087,1698.3944444444444,0.7944444444444798,0.7861111111112677,0.8250000000000313,0.9629629629629693,80.55555555555556,0
2088,1699.1805555555557,0.7861111111112677,0.8333333333332575,0.8250000000000313,0.9528619528621066,83.33333333333333,0
2089,1700.013888888889,0.8333333333332575,0.8388888888889596,0.8250000000000313,1.01010101010088,86.11111111111111,0
2090,1700.8527777777779,0.8388888888889596,0.8388888888887323,0.8250000000000313,1.016835016835064,91.66666666666667,0
2091,1701.6916666666666,0.8388888888887323,0.8500000000001364,0.8250000000000313,1.0168350168347884,88.88888888888889,0
2092,1702.5416666666667,0.8500000000001364,0.8333333333332575,0.8250000000000313,1.0303030303031566,80.55555555555556,0
2093,1703.375,0.8333333333332575,0.8194444444443434,0.8250000000000313,1.01010101010088,80.55555555555556,0
2094,1704.1944444444443,0.8194444444443434,0.7888888888890051,0.8250000000000313,0.9932659932658331,83.33333333333333,0
2095,1704.9833333333333,0.7888888888890051,0.7916666666667425,0.8250000000000313,0.9562289562290609,88.88888888888889,0
2096,1705.775,0.7916666666667425,0.9138888888887777,0.8250000000000313,0.9595959595960151,91.66666666666667,0
2097,1706.6888888888889,0.9138888888887777,0.7972222222222172,0.8250000000000313,1.107744107743931,50.0,0
2098,1707.486111111111,0.7972222222222172,0.8444444444444343,0.8250000000000313,0.9663299663299236,97.22222222222223,0
2099,1708.3305555555555,0.8444444444444343,0.8388888888889596,0.8250000000000313,1.0235690235689725,83.33333333333333,0
2100,1709.1694444444445,0.8388888888889596,0.816666666666606,0.8250000000000313,1.016835016835064,77.77777777777777,0
2101,1709.986111111111,0.816666666666606,0.8138888888888687,0.8250000000000313,0.9898989898988789,83.33333333333333,0
2102,1710.8,0.8138888888888687,0.7916666666667425,0.8250000000000313,0.9865319865319246,77.77777777777777,0
2103,1711.5916666666667,0.7916666666667425,0.8138888888888687,0.8250000000000313,0.9595959595960151,80.55555555555556,0
2104,1712.4055555555556,0.8138888888888687,0.875,0.8250000000000313,0.9865319865319246,91.66666666666667,0
2105,1713.2805555555556,0.875,0.849999999999909,0.8250000000000313,1.0606060606060204,94.44444444444444,0
2106,1714.1305555555555,0.849999999999909,0.8194444444445708,0.8250000000000313,1.030303030302881,88.88888888888889,0
2107,1714.95,0.8194444444445708,0.8138888888888687,0.8250000000000313,0.9932659932661088,97.22222222222223,0
2108,1715.763888888889,0.8138888888888687,0.8111111111111313,0.8250000000000313,0.9865319865319246,91.66666666666667,0
2109,1716.575,0.8111111111111313,0.808333333333394,0.8250000000000313,0.9831649831649704,80.55555555555556,0
2110,1717.3833333333334,0.808333333333394,0.8083333333331666,0.8250000000000313,0.9797979797980162,80.55555555555556,0
2111,1718.1916666666666,0.8083333333331666,0.8500000000001364,0.8250000000000313,0.9797979797977405,80.55555555555556,0
2112,1719.0416666666667,0.8500000000001364,0.8722222222220353,0.8250000000000313,1.0303030303031566,88.88888888888889,0
2113,1719.9138888888888,0.8722222222220353,0.8388888888889596,0.8250000000000313,1.0572390572387906,83.33333333333333,0
2114,1720.7527777777777,0.8388888888889596,0.8194444444445708,0.8250000000000313,1.016835016835064,77.77777777777777,0
2115,1721.5722222222223,0.8194444444445708,0.7972222222222172,0.8250000000000313,0.9932659932661088,88.88888888888889,0
2116,1722.3694444444445,0.7972222222222172,0.8694444444442979,0.8250000000000313,0.9663299663299236,88.88888888888889,0
2117,1723.2388888888888,0.8694444444442979,0.7527777777777374,0.8250000000000313,1.0538720538718362,97.22222222222223,0
2118,1723.9916666666666,0.7527777777777374,0.8166666666668334,0.8250000000000313,0.9124579124578289,94.44444444444444,0
2119,1724.8083333333334,0.8166666666668334,0.8694444444442979,0.8250000000000313,0.9898989898991545,83.33333333333333,0
2120,1725.6777777777777,0.8694444444442979,0.8611111111110858,0.8250000000000313,1.0538720538718362,88.88888888888889,0
2121,1726.5388888888888,0.8611111111110858,0.8222222222223081,0.8250000000000313,1.0437710437709735,83.33333333333333,0
2122,1727.361111111111,0.8222222222223081,0.808333333333394,0.8250000000000313,0.9966329966330629,83.33333333333333,0
2123,1728.1694444444445,0.808333333333394,0.7972222222222172,0.8250000000000313,0.9797979797980162,83.33333333333333,0
2124,1728.9666666666667,0.7972222222222172,0.8305555555555202,0.8250000000000313,0.9663299663299236,86.11111111111111,0
2125,1729.7972222222222,0.8305555555555202,0.8250000000000455,0.8250000000000313,1.0067340067339257,83.33333333333333,0
2126,1730.6222222222223,0.8250000000000455,0.8305555555555202,0.8250000000000313,1.0000000000000173,94.44444444444444,0
2127,1731.4527777777778,0.8305555555555202,0.8833333333334394,0.8250000000000313,1.0067340067339257,97.22222222222223,0
2128,1732.3361111111112,0.8833333333334394,0.8555555555553838,0.8250000000000313,1.0707070707071586,86.11111111111111,0
2129,1733.1916666666666,0.8555555555553838,0.7944444444444798,0.8250000000000313,1.0370370370367894,63.888888888888886,0
2130,1733.986111111111,0.7944444444444798,0.7916666666667425,0.8250000000000313,0.9629629629629693,77.77777777777777,0
2131,1734.7777777777778,0.7916666666667425,0.7972222222222172,0.8250000000000313,0.9595959595960151,80.55555555555556,0
2132,1735.575,0.7972222222222172,0.8361111111109949,0.8250000000000313,0.9663299663299236,91.66666666666667,0
2133,1736.411111111111,0.8361111111109949,0.8361111111112223,0.8250000000000313,1.0134680134678342,80.55555555555556,0
2134,1737.2472222222223,0.8361111111112223,0.8361111111109949,0.8250000000000313,1.0134680134681098,83.33333333333333,0
2135,1738.0833333333333,0.8361111111109949,0.8805555555557021,0.8250000000000313,1.0134680134678342,86.11111111111111,0
2136,1738.963888888889,0.8805555555557021,0.8249999999998181,0.8250000000000313,1.0673400673402045,88.88888888888889,0
2137,1739.7888888888888,0.8249999999998181,0.7861111111112677,0.8250000000000313,0.9999999999997417,83.33333333333333,0
2138,1740.575,0.7861111111112677,0.7999999999999545,0.8250000000000313,0.9528619528621066,80.55555555555556,0
2139,1741.375,0.7999999999999545,0.8138888888888687,0.8250000000000313,0.9696969696968778,75.0,0
2140,1742.1888888888889,0.8138888888888687,0.8527777777778738,0.8250000000000313,0.9865319865319246,83.33333333333333,0
2141,1743.0416666666667,0.8527777777778738,0.849999999999909,0.8250000000000313,1.0336700336701108,88.88888888888889,0
2142,1743.8916666666667,0.849999999999909,0.8388888888889596,0.8250000000000313,1.030303030302881,91.66666666666667,0
2143,1744.7305555555556,0.8388888888889596,0.8527777777776464,0.8250000000000313,1.016835016835064,88.88888888888889,0
2144,1745.5833333333333,0.8527777777776464,0.8000000000001819,0.8250000000000313,1.0336700336698352,86.11111111111111,0
2145,1746.3833333333334,0.8000000000001819,0.7805555555553383,0.8250000000000313,0.9696969696971535,111.11111111111111,0
2146,1747.1638888888888,0.7805555555553383,0.8000000000001819,0.8250000000000313,0.946127946127647,86.11111111111111,0
2147,1747.963888888889,0.8000000000001819,0.8361111111109949,0.8250000000000313,0.9696969696971535,80.55555555555556,0
2148,1748.8,0.8361111111109949,0.8666666666667879,0.8250000000000313,1.0134680134678342,88.88888888888889,0
2149,1749.6666666666667,0.8666666666667879,0.8527777777776464,0.8250000000000313,1.0505050505051576,86.11111111111111,0
2150,1750.5194444444444,0.8527777777776464,0.8361111111112223,0.8250000000000313,1.0336700336698352,83.33333333333333,0
2151,1751.3555555555556,0.8361111111112223,0.8250000000000455,0.8250000000000313,1.0134680134681098,86.11111111111111,0
2152,1752.1805555555557,0.8250000000000455,0.7972222222222172,0.8250000000000313,1.0000000000000173,83.33333333333333,0
2153,1752.9777777777779,0.7972222222222172,0.7944444444442524,0.8250000000000313,0.9663299663299236,77.77777777777777,0
2154,1753.7722222222221,0.7944444444442524,0.8194444444445708,0.8250000000000313,0.9629629629626938,80.55555555555556,0
2155,1754.5916666666667,0.8194444444445708,0.8638888888888232,0.8250000000000313,0.9932659932661088,86.11111111111111,0
2156,1755.4555555555555,0.8638888888888232,0.8638888888888232,0.8250000000000313,1.047138047137928,102.77777777777777,0
2157,1756.3194444444443,0.8638888888888232,0.8277777777777828,0.8250000000000313,1.047138047137928,94.44444444444444,0
2158,1757.1472222222221,0.8277777777777828,0.8194444444445708,0.8250000000000313,1.0033670033669715,86.11111111111111,0
2159,1757.9666666666667,0.8194444444445708,0.8138888888888687,0.8250000000000313,0.9932659932661088,113.88888888888889,0
2160,1758.7805555555556,0.8138888888888687,0.7888888888887777,0.8250000000000313,0.9865319865319246,91.66666666666667,0
2161,1759.5694444444443,0.7888888888887777,0.808333333333394,0.8250000000000313,0.9562289562287852,77.77777777777777,0
2162,1760.3777777777777,0.808333333333394,0.8444444444444343,0.8250000000000313,0.9797979797980162,86.11111111111111,0
2163,1761.2222222222222,0.8444444444444343,0.8722222222222626,0.8250000000000313,1.0235690235689725,88.88888888888889,0
2164,1762.0944444444444,0.8722222222222626,0.849999999999909,0.8250000000000313,1.0572390572390662,88.88888888888889,0
2165,1762.9444444444443,0.849999999999909,0.8111111111111313,0.8250000000000313,1.030303030302881,88.88888888888889,0
2166,1763.7555555555555,0.8111111111111313,0.8194444444445708,0.8250000000000313,0.9831649831649704,83.33333333333333,0
2167,1764.575,0.8194444444445708,0.8055555555554292,0.8250000000000313,0.9932659932661088,86.11111111111111,0
2168,1765.3805555555555,0.8055555555554292,0.7972222222222172,0.8250000000000313,0.9764309764307864,83.33333333333333,0
2169,1766.1777777777777,0.7972222222222172,0.8444444444444343,0.8250000000000313,0.9663299663299236,86.11111111111111,0
2170,1767.0222222222221,0.8444444444444343,0.8555555555556111,0.8250000000000313,1.0235690235689725,91.66666666666667,0
2171,1767.8777777777777,0.8555555555556111,0.8638888888888232,0.8250000000000313,1.0370370370370652,100.0,0
2172,1768.7416666666666,0.8638888888888232,0.8222222222223081,0.8250000000000313,1.047138047137928,88.88888888888889,0
2173,1769.5638888888889,0.8222222222223081,0.7861111111110404,0.8250000000000313,0.9966329966330629,86.11111111111111,0
2174,1770.35,0.7861111111110404,0.8194444444445708,0.8250000000000313,0.9528619528618311,88.88888888888889,0
2175,1771.1694444444445,0.8194444444445708,0.8138888888888687,0.8250000000000313,0.9932659932661088,86.11111111111111,0
2176,1771.9833333333333,0.8138888888888687,0.8250000000000455,0.8250000000000313,0.9865319865319246,83.33333333333333,0
2177,1772.8083333333334,0.8250000000000455,0.8583333333333485,0.8250000000000313,1.0000000000000173,80.55555555555556,0
2178,1773.6666666666667,0.8583333333333485,0.8583333333333485,0.8250000000000313,1.0404040404040193,88.88888888888889,0
2179,1774.525,0.8583333333333485,0.8527777777776464,0.8250000000000313,1.0404040404040193,88.88888888888889,0
2180,1775.3777777777777,0.8527777777776464,0.8027777777779193,0.8250000000000313,1.0336700336698352,80.55555555555556,0
2181,1776.1805555555557,0.8027777777779193,0.7805555555555657,0.8250000000000313,0.9730639730641076,83.33333333333333,0
2182,1776.9611111111112,0.7805555555555657,0.8333333333332575,0.8250000000000313,0.9461279461279225,86.11111111111111,0
2183,1777.7944444444445,0.8333333333332575,0.8305555555555202,0.8250000000000313,1.01010101010088,91.66666666666667,0
2184,1778.625,0.8305555555555202,0.8277777777777828,0.8250000000000313,1.0067340067339257,97.22222222222223,0
2185,1779.4527777777778,0.8277777777777828,0.8555555555556111,0.8250000000000313,1.0033670033669715,113.88888888888889,0
2186,1780.3083333333334,0.8555555555556111,0.841666666666697,0.8250000000000313,1.0370370370370652,91.66666666666667,0
2187,1781.15,0.841666666666697,0.8277777777777828,0.8250000000000313,1.0202020202020183,80.55555555555556,0
2188,1781.9777777777779,0.8277777777777828,0.7861111111110404,0.8250000000000313,1.0033670033669715,77.77777777777777,0
2189,1782.763888888889,0.7861111111110404,0.7944444444444798,0.8250000000000313,0.9528619528618311,75.0,0
2190,1783.5583333333334,0.7944444444444798,0.8583333333333485,0.8250000000000313,0.9629629629629693,86.11111111111111,0
2191,1784.4166666666667,0.8583333333333485,0.8472222222221717,0.8250000000000313,1.0404040404040193,83.33333333333333,0
2192,1785.263888888889,0.8472222222221717,0.8361111111109949,0.8250000000000313,1.0269360269359267,83.33333333333333,0
2193,1786.1,0.8361111111109949,0.8472222222223991,0.8250000000000313,1.0134680134678342,86.11111111111111,0
2194,1786.9472222222223,0.8472222222223991,0.8222222222220807,0.8250000000000313,1.0269360269362025,83.33333333333333,0
2195,1787.7694444444444,0.8222222222220807,0.808333333333394,0.8250000000000313,0.9966329966327874,80.55555555555556,0
2196,1788.5777777777778,0.808333333333394,0.7888888888887777,0.8250000000000313,0.9797979797980162,88.88888888888889,0
2197,1789.3666666666666,0.7888888888887777,0.808333333333394,0.8250000000000313,0.9562289562287852,83.33333333333333,0
2198,1790.175,0.808333333333394,0.8444444444444343,0.8250000000000313,0.9797979797980162,91.66666666666667,0
2199,1791.0194444444444,0.8444444444444343,0.875,0.8250000000000313,1.0235690235689725,105.55555555555556,0
2200,1791.8944444444444,0.875,0.8277777777777828,0.8250000000000313,1.0606060606060204,83.33333333333333,0
2201,1792.7222222222222,0.8277777777777828,0.8277777777777828,0.8250000000000313,1.0033670033669715,83.33333333333333,0
2202,1793.55,0.8277777777777828,0.8138888888888687,0.8250000000000313,1.0033670033669715,83.33333333333333,0
2203,1794.3638888888888,0.8138888888888687,0.8055555555556566,0.8250000000000313,0.9865319865319246,83.33333333333333,0
2204,1795.1694444444445,0.8055555555556566,0.8055555555554292,0.8250000000000313,0.9764309764310619,80.55555555555556,0
2205,1795.975,0.8055555555554292,0.8388888888889596,0.8250000000000313,0.9764309764307864,83.33333333333333,0
2206,1796.8138888888889,0.8388888888889596,0.875,0.8250000000000313,1.016835016835064,88.88888888888889,0
2207,1797.6888888888889,0.875,0.8444444444444343,0.8250000000000313,1.0606060606060204,86.11111111111111,0
2208,1798.5333333333333,0.8444444444444343,0.8250000000000455,0.8250000000000313,1.0235690235689725,77.77777777777777,0
2209,1799.3583333333333,0.8250000000000455,0.7972222222222172,0.8250000000000313,1.0000000000000173,97.22222222222223,0
2210,1800.1555555555556,0.7972222222222172,0.8194444444443434,0.8250000000000313,0.9663299663299236,91.66666666666667,0
2211,1800.975,0.8194444444443434,0.8027777777779193,0.8250000000000313,0.9932659932658331,94.44444444444444,0
2212,1801.7777777777778,0.8027777777779193,0.808333333333394,0.8250000000000313,0.9730639730641076,86.11111111111111,0
2213,1802.5861111111112,0.808333333333394,0.8694444444442979,0.8250000000000313,0.9797979797980162,91.66666666666667,0
2214,1803.4555555555555,0.8694444444442979,0.8583333333333485,0.8250000000000313,1.0538720538718362,91.66666666666667,0
2215,1804.3138888888889,0.8583333333333485,0.8305555555555202,0.8250000000000313,1.0404040404040193,88.88888888888889,0
2216,1805.1444444444444,0.8305555555555202,,0.8250000000000313,1.0067340067339257,83.33333333333333,0
