beat_index,peak_time_s,rr_prev_s,rr_next_s,rr_baseline_s,prematurity_index,qrs_width_ms,is_pvc_candidate
0,0.21944444444444444,,0.5305555555555556,0.8444444444444343,,36.111111111111114,0
1,0.75,0.5305555555555556,0.825,0.8444444444444343,0.6282894736842181,66.66666666666667,0
2,1.575,0.825,0.877777777777778,0.8444444444444343,0.976973684210538,61.111111111111114,0
3,2.452777777777778,0.877777777777778,0.8916666666666666,0.8444444444444343,1.039473684210539,61.111111111111114,0
4,3.3444444444444446,0.8916666666666666,0.869444444444444,0.8444444444444343,1.0559210526315914,66.66666666666667,0
5,4.213888888888889,0.869444444444444,0.8361111111111112,0.8444444444444343,1.0296052631579065,72.22222222222223,0
6,5.05,0.8361111111111112,0.8277777777777784,0.8444444444444343,0.9901315789473805,72.22222222222223,0
7,5.877777777777778,0.8277777777777784,0.8249999999999993,0.8444444444444343,0.9802631578947493,75.0,0
8,6.7027777777777775,0.8249999999999993,0.8500000000000005,0.8444444444444343,0.9769736842105372,63.888888888888886,0
9,7.552777777777778,0.8500000000000005,0.8666666666666663,0.8444444444444343,1.0065789473684337,63.888888888888886,0
10,8.419444444444444,0.8666666666666663,0.8722222222222218,0.8444444444444343,1.026315789473696,69.44444444444444,0
11,9.291666666666666,0.8722222222222218,0.8722222222222236,0.8444444444444343,1.032894736842117,69.44444444444444,0
12,10.16388888888889,0.8722222222222236,0.8611111111111107,0.8444444444444343,1.0328947368421193,72.22222222222223,0
13,11.025,0.8611111111111107,0.8249999999999993,0.8444444444444343,1.0197368421052748,66.66666666666667,0
14,11.85,0.8249999999999993,0.8111111111111118,0.8444444444444343,0.9769736842105372,58.333333333333336,0
15,12.661111111111111,0.8111111111111118,0.8333333333333321,0.8444444444444343,0.960526315789486,72.22222222222223,0
16,13.494444444444444,0.8333333333333321,0.8611111111111125,0.8444444444444343,0.9868421052631683,72.22222222222223,0
17,14.355555555555556,0.8611111111111125,0.8916666666666657,0.8444444444444343,1.019736842105277,63.888888888888886,0
18,15.247222222222222,0.8916666666666657,0.8722222222222218,0.8444444444444343,1.0559210526315905,63.888888888888886,0
19,16.119444444444444,0.8722222222222218,0.8472222222222214,0.8444444444444343,1.032894736842117,72.22222222222223,0
20,16.966666666666665,0.8472222222222214,0.8277777777777793,0.8444444444444343,1.0032894736842215,66.66666666666667,0
21,17.794444444444444,0.8277777777777793,0.844444444444445,0.8444444444444343,0.9802631578947504,63.888888888888886,0
22,18.63888888888889,0.844444444444445,0.8388888888888886,0.8444444444444343,1.0000000000000127,69.44444444444444,0
23,19.477777777777778,0.8388888888888886,0.8472222222222214,0.8444444444444343,0.9934210526315904,63.888888888888886,0
24,20.325,0.8472222222222214,0.8722222222222236,0.8444444444444343,1.0032894736842215,61.111111111111114,0
25,21.197222222222223,0.8722222222222236,0.8694444444444436,0.8444444444444343,1.0328947368421193,58.333333333333336,0
26,22.066666666666666,0.8694444444444436,0.8583333333333343,0.8444444444444343,1.029605263157906,63.888888888888886,0
27,22.925,0.8583333333333343,0.8222222222222229,0.8444444444444343,1.016447368421066,66.66666666666667,0
28,23.747222222222224,0.8222222222222229,0.8166666666666664,0.8444444444444343,0.9736842105263281,63.888888888888886,0
29,24.56388888888889,0.8166666666666664,0.8277777777777757,0.8444444444444343,0.967105263157906,72.22222222222223,0
30,25.391666666666666,0.8277777777777757,0.8888888888888893,0.8444444444444343,0.9802631578947462,66.66666666666667,0
31,26.280555555555555,0.8888888888888893,0.8833333333333329,0.8444444444444343,1.0526315789473815,72.22222222222223,0
32,27.163888888888888,0.8833333333333329,0.8583333333333343,0.8444444444444343,1.0460526315789593,66.66666666666667,0
33,28.022222222222222,0.8583333333333343,0.8555555555555543,0.8444444444444343,1.016447368421066,63.888888888888886,0
34,28.877777777777776,0.8555555555555543,0.8250000000000028,0.8444444444444343,1.0131578947368527,61.111111111111114,0
35,29.70277777777778,0.8250000000000028,0.8333333333333321,0.8444444444444343,0.9769736842105414,61.111111111111114,0
36,30.53611111111111,0.8333333333333321,0.8333333333333321,0.8444444444444343,0.9868421052631683,66.66666666666667,0
37,31.369444444444444,0.8333333333333321,0.8583333333333307,0.8444444444444343,0.9868421052631683,66.66666666666667,0
38,32.227777777777774,0.8583333333333307,0.875,0.8444444444444343,1.0164473684210618,66.66666666666667,0
39,33.102777777777774,0.875,0.8944444444444457,0.8444444444444343,1.0361842105263281,77.77777777777777,0
40,33.99722222222222,0.8944444444444457,0.8500000000000014,0.8444444444444343,1.0592105263158036,69.44444444444444,0
41,34.84722222222222,0.8500000000000014,0.81388888888889,0.8444444444444343,1.0065789473684348,72.22222222222223,0
42,35.66111111111111,0.81388888888889,0.8222222222222229,0.8444444444444343,0.9638157894736971,66.66666666666667,0
43,36.483333333333334,0.8222222222222229,0.8222222222222229,0.8444444444444343,0.9736842105263281,66.66666666666667,0
44,37.30555555555556,0.8222222222222229,0.8777777777777729,0.8444444444444343,0.9736842105263281,80.55555555555556,0
45,38.18333333333333,0.8777777777777729,0.8916666666666728,0.8444444444444343,1.039473684210533,72.22222222222223,0
46,39.075,0.8916666666666728,0.875,0.8444444444444343,1.055921052631599,77.77777777777777,0
47,39.95,0.875,0.8472222222222214,0.8444444444444343,1.0361842105263281,75.0,0
48,40.797222222222224,0.8472222222222214,0.8444444444444414,0.8444444444444343,1.0032894736842215,72.22222222222223,0
49,41.641666666666666,0.8444444444444414,0.8194444444444429,0.8444444444444343,1.0000000000000084,72.22222222222223,0
50,42.46111111111111,0.8194444444444429,0.8222222222222229,0.8444444444444343,0.970394736842115,66.66666666666667,0
51,43.28333333333333,0.8222222222222229,0.8500000000000014,0.8444444444444343,0.9736842105263281,72.22222222222223,0
52,44.13333333333333,0.8500000000000014,0.875,0.8444444444444343,1.0065789473684348,72.22222222222223,0
53,45.00833333333333,0.875,0.8833333333333329,0.8444444444444343,1.0361842105263281,63.888888888888886,0
54,45.891666666666666,0.8833333333333329,0.8638888888888872,0.8444444444444343,1.0460526315789593,75.0,0
55,46.75555555555555,0.8638888888888872,0.81944444444445,0.8444444444444343,1.0230263157894839,69.44444444444444,0
56,47.575,0.81944444444445,0.8138888888888829,0.8444444444444343,0.9703947368421234,66.66666666666667,0
57,48.388888888888886,0.8138888888888829,0.8500000000000014,0.8444444444444343,0.9638157894736886,63.888888888888886,0
58,49.23888888888889,0.8500000000000014,0.8666666666666671,0.8444444444444343,1.0065789473684348,66.66666666666667,0
59,50.105555555555554,0.8666666666666671,0.875,0.8444444444444343,1.026315789473697,69.44444444444444,0
60,50.980555555555554,0.875,0.8694444444444471,0.8444444444444343,1.0361842105263281,66.66666666666667,0
61,51.85,0.8694444444444471,0.8555555555555543,0.8444444444444343,1.0296052631579102,63.888888888888886,0
62,52.705555555555556,0.8555555555555543,0.8361111111111086,0.8444444444444343,1.0131578947368527,69.44444444444444,0
63,53.541666666666664,0.8361111111111086,0.8333333333333357,0.8444444444444343,0.9901315789473772,61.111111111111114,0
64,54.375,0.8333333333333357,0.8222222222222229,0.8444444444444343,0.9868421052631725,66.66666666666667,0
65,55.19722222222222,0.8222222222222229,0.8361111111111086,0.8444444444444343,0.9736842105263281,69.44444444444444,0
66,56.03333333333333,0.8361111111111086,0.8916666666666657,0.8444444444444343,0.9901315789473772,69.44444444444444,0
67,56.925,0.8916666666666657,0.8861111111111128,0.8444444444444343,1.0559210526315905,58.333333333333336,0
68,57.81111111111111,0.8861111111111128,0.8500000000000014,0.8444444444444343,1.0493421052631726,66.66666666666667,0
69,58.66111111111111,0.8500000000000014,0.8250000000000028,0.8444444444444343,1.0065789473684348,63.888888888888886,0
70,59.486111111111114,0.8250000000000028,0.8277777777777757,0.8444444444444343,0.9769736842105414,66.66666666666667,0
71,60.31388888888889,0.8277777777777757,0.8333333333333357,0.8444444444444343,0.9802631578947462,61.111111111111114,0
72,61.147222222222226,0.8333333333333357,0.87222222222222,0.8444444444444343,0.9868421052631725,61.111111111111114,0
73,62.019444444444446,0.87222222222222,0.875,0.8444444444444343,1.032894736842115,69.44444444444444,0
74,62.894444444444446,0.875,0.86944444444444,0.8444444444444343,1.0361842105263281,55.55555555555556,0
75,63.763888888888886,0.86944444444444,0.8638888888888943,0.8444444444444343,1.0296052631579018,63.888888888888886,0
76,64.62777777777778,0.8638888888888943,0.8416666666666686,0.8444444444444343,1.0230263157894923,75.0,0
77,65.46944444444445,0.8416666666666686,0.8222222222222229,0.8444444444444343,0.9967105263158036,61.111111111111114,0
78,66.29166666666667,0.8222222222222229,0.8194444444444429,0.8444444444444343,0.9736842105263281,69.44444444444444,0
79,67.11111111111111,0.8194444444444429,0.8472222222222143,0.8444444444444343,0.970394736842115,69.44444444444444,0
80,67.95833333333333,0.8472222222222143,0.8694444444444542,0.8444444444444343,1.0032894736842133,66.66666666666667,0
81,68.82777777777778,0.8694444444444542,0.8944444444444457,0.8444444444444343,1.0296052631579187,72.22222222222223,0
82,69.72222222222223,0.8944444444444457,0.8583333333333201,0.8444444444444343,1.0592105263158036,72.22222222222223,0
83,70.58055555555555,0.8583333333333201,0.8305555555555628,0.8444444444444343,1.016447368421049,66.66666666666667,0
84,71.41111111111111,0.8305555555555628,0.8222222222222229,0.8444444444444343,0.9835526315789678,69.44444444444444,0
85,72.23333333333333,0.8222222222222229,0.8555555555555543,0.8444444444444343,0.9736842105263281,69.44444444444444,0
86,73.08888888888889,0.8555555555555543,0.8527777777777743,0.8444444444444343,1.0131578947368527,66.66666666666667,0
87,73.94166666666666,0.8527777777777743,0.8611111111111143,0.8444444444444343,1.0098684210526396,63.888888888888886,0
88,74.80277777777778,0.8611111111111143,0.87222222222222,0.8444444444444343,1.019736842105279,66.66666666666667,0
89,75.675,0.87222222222222,0.8555555555555543,0.8444444444444343,1.032894736842115,66.66666666666667,0
90,76.53055555555555,0.8555555555555543,0.8388888888888886,0.8444444444444343,1.0131578947368527,69.44444444444444,0
91,77.36944444444444,0.8388888888888886,0.8250000000000028,0.8444444444444343,0.9934210526315904,63.888888888888886,0
92,78.19444444444444,0.8250000000000028,0.8277777777777828,0.8444444444444343,0.9769736842105414,66.66666666666667,0
93,79.02222222222223,0.8277777777777828,0.8361111111111086,0.8444444444444343,0.9802631578947546,63.888888888888886,0
94,79.85833333333333,0.8361111111111086,0.9000000000000057,0.8444444444444343,0.9901315789473772,63.888888888888886,0
95,80.75833333333334,0.9000000000000057,0.8805555555555458,0.8444444444444343,1.06578947368423,61.111111111111114,0
96,81.63888888888889,0.8805555555555458,0.8500000000000085,0.8444444444444343,1.0427631578947378,72.22222222222223,0
97,82.4888888888889,0.8500000000000085,0.8388888888888886,0.8444444444444343,1.0065789473684432,66.66666666666667,0
98,83.32777777777778,0.8388888888888886,0.8222222222222229,0.8444444444444343,0.9934210526315904,69.44444444444444,0
99,84.15,0.8222222222222229,0.8361111111111086,0.8444444444444343,0.9736842105263281,66.66666666666667,0
100,84.98611111111111,0.8361111111111086,0.86388888888888,0.8444444444444343,0.9901315789473772,66.66666666666667,0
101,85.85,0.86388888888888,0.8666666666666742,0.8444444444444343,1.0230263157894754,66.66666666666667,0
102,86.71666666666667,0.8666666666666742,0.86388888888888,0.8444444444444343,1.0263157894737054,69.44444444444444,0
103,87.58055555555555,0.86388888888888,0.88333333333334,0.8444444444444343,1.0230263157894754,72.22222222222223,0
104,88.46388888888889,0.88333333333334,0.6666666666666714,0.8444444444444343,1.0460526315789678,69.44444444444444,0
105,89.13055555555556,0.6666666666666714,0.86944444444444,0.8444444444444343,0.7894736842105414,91.66666666666667,0
106,90.0,0.86944444444444,0.8166666666666629,0.8444444444444343,1.0296052631579018,72.22222222222223,0
107,90.81666666666666,0.8166666666666629,0.8444444444444485,0.8444444444444343,0.9671052631579018,61.111111111111114,0
108,91.66111111111111,0.8444444444444485,0.875,0.8444444444444343,1.0000000000000169,63.888888888888886,0
109,92.53611111111111,0.875,0.8944444444444457,0.8444444444444343,1.0361842105263281,61.111111111111114,0
110,93.43055555555556,0.8944444444444457,0.86666666666666,0.8444444444444343,1.0592105263158036,63.888888888888886,0
111,94.29722222222222,0.86666666666666,0.8333333333333428,0.8444444444444343,1.0263157894736887,61.111111111111114,0
112,95.13055555555556,0.8333333333333428,0.8277777777777686,0.8444444444444343,0.986842105263181,69.44444444444444,0
113,95.95833333333333,0.8277777777777686,0.8416666666666686,0.8444444444444343,0.9802631578947377,69.44444444444444,0
114,96.8,0.8416666666666686,0.8444444444444485,0.8444444444444343,0.9967105263158036,63.888888888888886,0
115,97.64444444444445,0.8444444444444485,0.8555555555555543,0.8444444444444343,1.0000000000000169,66.66666666666667,0
116,98.5,0.8555555555555543,0.88055555555556,0.8444444444444343,1.0131578947368527,63.888888888888886,0
117,99.38055555555556,0.88055555555556,0.86666666666666,0.8444444444444343,1.0427631578947545,69.44444444444444,0
118,100.24722222222222,0.86666666666666,0.8527777777777743,0.8444444444444343,1.0263157894736887,66.66666666666667,0
119,101.1,0.8527777777777743,0.8166666666666771,0.8444444444444343,1.0098684210526396,63.888888888888886,0
120,101.91666666666667,0.8166666666666771,0.8138888888888829,0.8444444444444343,0.9671052631579187,72.22222222222223,0
121,102.73055555555555,0.8138888888888829,0.8472222222222285,0.8444444444444343,0.9638157894736886,75.0,0
122,103.57777777777778,0.8472222222222285,0.8944444444444457,0.8444444444444343,1.00328947368423,69.44444444444444,0
123,104.47222222222223,0.8944444444444457,0.8833333333333258,0.8444444444444343,1.0592105263158036,63.888888888888886,0
124,105.35555555555555,0.8833333333333258,0.8611111111111143,0.8444444444444343,1.046052631578951,63.888888888888886,0
125,106.21666666666667,0.8611111111111143,0.8472222222222143,0.8444444444444343,1.019736842105279,69.44444444444444,0
126,107.06388888888888,0.8472222222222143,0.8166666666666771,0.8444444444444343,1.0032894736842133,72.22222222222223,0
127,107.88055555555556,0.8166666666666771,0.8277777777777686,0.8444444444444343,0.9671052631579187,61.111111111111114,0
128,108.70833333333333,0.8277777777777686,0.8361111111111228,0.8444444444444343,0.9802631578947377,52.77777777777778,0
129,109.54444444444445,0.8361111111111228,0.8611111111111001,0.8444444444444343,0.9901315789473941,61.111111111111114,0
130,110.40555555555555,0.8611111111111001,0.88055555555556,0.8444444444444343,1.0197368421052622,61.111111111111114,0
131,111.28611111111111,0.88055555555556,0.8944444444444457,0.8444444444444343,1.0427631578947545,69.44444444444444,0
132,112.18055555555556,0.8944444444444457,0.8416666666666686,0.8444444444444343,1.0592105263158036,72.22222222222223,0
133,113.02222222222223,0.8416666666666686,0.8083333333333229,0.8444444444444343,0.9967105263158036,69.44444444444444,0
134,113.83055555555555,0.8083333333333229,0.8250000000000028,0.8444444444444343,0.9572368421052623,75.0,0
135,114.65555555555555,0.8250000000000028,0.8333333333333428,0.8444444444444343,0.9769736842105414,69.44444444444444,0
136,115.4888888888889,0.8333333333333428,0.8861111111111057,0.8444444444444343,0.986842105263181,63.888888888888886,0
137,116.375,0.8861111111111057,0.88333333333334,0.8444444444444343,1.0493421052631642,66.66666666666667,0
138,117.25833333333334,0.88333333333334,0.87222222222222,0.8444444444444343,1.0460526315789678,69.44444444444444,0
139,118.13055555555556,0.87222222222222,0.8388888888888886,0.8444444444444343,1.032894736842115,63.888888888888886,0
140,118.96944444444445,0.8388888888888886,0.8416666666666686,0.8444444444444343,0.9934210526315904,63.888888888888886,0
141,119.81111111111112,0.8416666666666686,0.8222222222222229,0.8444444444444343,0.9967105263158036,58.333333333333336,0
142,120.63333333333334,0.8222222222222229,0.8249999999999886,0.8444444444444343,0.9736842105263281,61.111111111111114,0
143,121.45833333333333,0.8249999999999886,0.8611111111111143,0.8444444444444343,0.9769736842105246,63.888888888888886,0
144,122.31944444444444,0.8611111111111143,0.87222222222222,0.8444444444444343,1.019736842105279,63.888888888888886,0
145,123.19166666666666,0.87222222222222,0.88333333333334,0.8444444444444343,1.032894736842115,63.888888888888886,0
146,124.075,0.88333333333334,0.8555555555555543,0.8444444444444343,1.0460526315789678,72.22222222222223,0
147,124.93055555555556,0.8555555555555543,0.8222222222222229,0.8444444444444343,1.0131578947368527,58.333333333333336,0
148,125.75277777777778,0.8222222222222229,0.8166666666666629,0.8444444444444343,0.9736842105263281,63.888888888888886,0
149,126.56944444444444,0.8166666666666629,0.8638888888888943,0.8444444444444343,0.9671052631579018,61.111111111111114,0
150,127.43333333333334,0.8638888888888943,0.86944444444444,0.8444444444444343,1.0230263157894923,66.66666666666667,0
151,128.30277777777778,0.86944444444444,0.86388888888888,0.8444444444444343,1.0296052631579018,66.66666666666667,0
152,129.16666666666666,0.86388888888888,0.8638888888889085,0.8444444444444343,1.0230263157894754,66.66666666666667,0
153,130.03055555555557,0.8638888888889085,0.8472222222222001,0.8444444444444343,1.0230263157895092,61.111111111111114,0
154,130.87777777777777,0.8472222222222001,0.830555555555577,0.8444444444444343,1.0032894736841964,69.44444444444444,0
155,131.70833333333334,0.830555555555577,0.8277777777777544,0.8444444444444343,0.9835526315789845,58.333333333333336,0
156,132.5361111111111,0.8277777777777544,0.830555555555577,0.8444444444444343,0.9802631578947208,61.111111111111114,0
157,133.36666666666667,0.830555555555577,0.8527777777777601,0.8444444444444343,0.9835526315789845,63.888888888888886,0
158,134.21944444444443,0.8527777777777601,0.9027777777777999,0.8444444444444343,1.0098684210526228,77.77777777777777,0
159,135.12222222222223,0.9027777777777999,0.8722222222222058,0.8444444444444343,1.06907894736846,58.333333333333336,0
160,135.99444444444444,0.8722222222222058,0.8361111111111086,0.8444444444444343,1.0328947368420982,72.22222222222223,0
161,136.83055555555555,0.8361111111111086,0.8305555555555486,0.8444444444444343,0.9901315789473772,69.44444444444444,0
162,137.6611111111111,0.8305555555555486,0.8194444444444571,0.8444444444444343,0.9835526315789509,66.66666666666667,0
163,138.48055555555555,0.8194444444444571,0.8444444444444343,0.8444444444444343,0.9703947368421318,63.888888888888886,0
164,139.325,0.8444444444444343,0.8722222222222342,0.8444444444444343,1.0,75.0,0
165,140.19722222222222,0.8722222222222342,0.875,0.8444444444444343,1.0328947368421317,63.888888888888886,0
166,141.07222222222222,0.875,0.86388888888888,0.8444444444444343,1.0361842105263281,72.22222222222223,0
167,141.9361111111111,0.86388888888888,0.8722222222222342,0.8444444444444343,1.0230263157894754,69.44444444444444,0
168,142.80833333333334,0.8722222222222342,0.8222222222222229,0.8444444444444343,1.0328947368421317,66.66666666666667,0
169,143.63055555555556,0.8222222222222229,0.8138888888888971,0.8444444444444343,0.9736842105263281,63.888888888888886,0
170,144.44444444444446,0.8138888888888971,0.8249999999999886,0.8444444444444343,0.9638157894737055,63.888888888888886,0
171,145.26944444444445,0.8249999999999886,0.8527777777777885,0.8444444444444343,0.9769736842105246,66.66666666666667,0
172,146.12222222222223,0.8527777777777885,0.8916666666666515,0.8444444444444343,1.0098684210526563,63.888888888888886,0
173,147.01388888888889,0.8916666666666515,0.8916666666666799,0.8444444444444343,1.0559210526315737,72.22222222222223,0
174,147.90555555555557,0.8916666666666799,0.8527777777777601,0.8444444444444343,1.0559210526316072,66.66666666666667,0
175,148.75833333333333,0.8527777777777601,0.8138888888888971,0.8444444444444343,1.0098684210526228,66.66666666666667,0
176,149.57222222222222,0.8138888888888971,0.8416666666666686,0.8444444444444343,0.9638157894737055,61.111111111111114,0
177,150.4138888888889,0.8416666666666686,0.8361111111111086,0.8444444444444343,0.9967105263158036,69.44444444444444,0
178,151.25,0.8361111111111086,0.8555555555555543,0.8444444444444343,0.9901315789473772,72.22222222222223,0
179,152.10555555555555,0.8555555555555543,0.8666666666666742,0.8444444444444343,1.0131578947368527,63.888888888888886,0
180,152.97222222222223,0.8666666666666742,0.875,0.8444444444444343,1.0263157894737054,66.66666666666667,0
181,153.84722222222223,0.875,0.8583333333333201,0.8444444444444343,1.0361842105263281,63.888888888888886,0
182,154.70555555555555,0.8583333333333201,0.8416666666666686,0.8444444444444343,1.016447368421049,66.66666666666667,0
183,155.54722222222222,0.8416666666666686,0.8138888888888971,0.8444444444444343,0.9967105263158036,66.66666666666667,0
184,156.36111111111111,0.8138888888888971,0.8138888888888971,0.8444444444444343,0.9638157894737055,63.888888888888886,0
185,157.175,0.8138888888888971,0.86944444444444,0.8444444444444343,0.9638157894737055,58.333333333333336,0
186,158.04444444444445,0.86944444444444,0.8944444444444457,0.8444444444444343,1.0296052631579018,69.44444444444444,0
187,158.9388888888889,0.8944444444444457,0.8777777777777658,0.8444444444444343,1.0592105263158036,69.44444444444444,0
188,159.81666666666666,0.8777777777777658,0.8472222222222285,0.8444444444444343,1.0394736842105246,69.44444444444444,0
189,160.6638888888889,0.8472222222222285,0.8333333333333428,0.8444444444444343,1.00328947368423,63.888888888888886,0
190,161.49722222222223,0.8333333333333428,0.8249999999999886,0.8444444444444343,0.986842105263181,72.22222222222223,0
191,162.32222222222222,0.8249999999999886,0.8416666666666686,0.8444444444444343,0.9769736842105246,69.44444444444444,0
192,163.1638888888889,0.8416666666666686,0.8444444444444343,0.8444444444444343,0.9967105263158036,66.66666666666667,0
193,164.00833333333333,0.8444444444444343,0.8638888888889085,0.8444444444444343,1.0,66.66666666666667,0
194,164.87222222222223,0.8638888888889085,0.8861111111110915,0.8444444444444343,1.0230263157895092,72.22222222222223,0
195,165.75833333333333,0.8861111111110915,0.8722222222222342,0.8444444444444343,1.0493421052631473,63.888888888888886,0
196,166.63055555555556,0.8722222222222342,0.8249999999999886,0.8444444444444343,1.0328947368421317,66.66666666666667,0
197,167.45555555555555,0.8249999999999886,0.8111111111111313,0.8444444444444343,0.9769736842105246,61.111111111111114,0
198,168.26666666666668,0.8111111111111313,0.8305555555555486,0.8444444444444343,0.9605263157895091,69.44444444444444,0
199,169.09722222222223,0.8305555555555486,0.8472222222222285,0.8444444444444343,0.9835526315789509,66.66666666666667,0
200,169.94444444444446,0.8472222222222285,0.8944444444444457,0.8444444444444343,1.00328947368423,66.66666666666667,0
201,170.8388888888889,0.8944444444444457,0.8777777777777658,0.8444444444444343,1.0592105263158036,61.111111111111114,0
202,171.71666666666667,0.8777777777777658,0.8611111111111143,0.8444444444444343,1.0394736842105246,58.333333333333336,0
203,172.57777777777778,0.8611111111111143,0.8305555555555486,0.8444444444444343,1.019736842105279,72.22222222222223,0
204,173.40833333333333,0.8305555555555486,0.8388888888889028,0.8444444444444343,0.9835526315789509,63.888888888888886,0
205,174.24722222222223,0.8388888888889028,0.8305555555555486,0.8444444444444343,0.9934210526316073,66.66666666666667,0
206,175.07777777777778,0.8305555555555486,0.8361111111111086,0.8444444444444343,0.9835526315789509,66.66666666666667,0
207,175.9138888888889,0.8361111111111086,0.8722222222222058,0.8444444444444343,0.9901315789473772,63.888888888888886,0
208,176.7861111111111,0.8722222222222058,0.8722222222222342,0.8444444444444343,1.0328947368420982,75.0,0
209,177.65833333333333,0.8722222222222342,0.86944444444444,0.8444444444444343,1.0328947368421317,69.44444444444444,0
210,178.52777777777777,0.86944444444444,0.8388888888889028,0.8444444444444343,1.0296052631579018,66.66666666666667,0
211,179.36666666666667,0.8388888888889028,0.8194444444444287,0.8444444444444343,0.9934210526316073,63.888888888888886,0
212,180.1861111111111,0.8194444444444287,0.8194444444444571,0.8444444444444343,0.9703947368420982,69.44444444444444,0
213,181.00555555555556,0.8194444444444571,0.8722222222222058,0.8444444444444343,0.9703947368421318,72.22222222222223,0
214,181.87777777777777,0.8722222222222058,0.88611111111112,0.8444444444444343,1.0328947368420982,69.44444444444444,0
215,182.76388888888889,0.88611111111112,0.86388888888888,0.8444444444444343,1.0493421052631808,66.66666666666667,0
216,183.62777777777777,0.86388888888888,0.8583333333333485,0.8444444444444343,1.0230263157894754,66.66666666666667,0
217,184.48611111111111,0.8583333333333485,0.8305555555555486,0.8444444444444343,1.0164473684210829,63.888888888888886,0
218,185.31666666666666,0.8305555555555486,0.8277777777777828,0.8444444444444343,0.9835526315789509,61.111111111111114,0
219,186.14444444444445,0.8277777777777828,0.8361111111111086,0.8444444444444343,0.9802631578947546,66.66666666666667,0
220,186.98055555555555,0.8361111111111086,0.8472222222222285,0.8444444444444343,0.9901315789473772,61.111111111111114,0
221,187.82777777777778,0.8472222222222285,0.8583333333333201,0.8444444444444343,1.00328947368423,61.111111111111114,0
222,188.6861111111111,0.8583333333333201,0.8916666666666799,0.8444444444444343,1.016447368421049,69.44444444444444,0
223,189.57777777777778,0.8916666666666799,0.8666666666666742,0.8444444444444343,1.0559210526316072,61.111111111111114,0
224,190.44444444444446,0.8666666666666742,0.8305555555555486,0.8444444444444343,1.0263157894737054,66.66666666666667,0
225,191.275,0.8305555555555486,0.8138888888888971,0.8444444444444343,0.9835526315789509,61.111111111111114,0
226,192.0888888888889,0.8138888888888971,0.8333333333333144,0.8444444444444343,0.9638157894737055,61.111111111111114,0
227,192.92222222222222,0.8333333333333144,0.8611111111111143,0.8444444444444343,0.9868421052631473,58.333333333333336,0
228,193.78333333333333,0.8611111111111143,0.8916666666666799,0.8444444444444343,1.019736842105279,63.888888888888886,0
229,194.675,0.8916666666666799,0.86944444444444,0.8444444444444343,1.0559210526316072,63.888888888888886,0
230,195.54444444444445,0.86944444444444,0.8527777777777601,0.8444444444444343,1.0296052631579018,66.66666666666667,0
231,196.3972222222222,0.8527777777777601,0.8416666666666686,0.8444444444444343,1.0098684210526228,63.888888888888886,0
232,197.23888888888888,0.8416666666666686,0.8333333333333428,0.8444444444444343,0.9967105263158036,72.22222222222223,0
233,198.07222222222222,0.8333333333333428,0.8277777777777828,0.8444444444444343,0.986842105263181,75.0,0
234,198.9,0.8277777777777828,0.8333333333333144,0.8444444444444343,0.9802631578947546,63.888888888888886,0
235,199.73333333333332,0.8333333333333144,0.875,0.8444444444444343,0.9868421052631473,69.44444444444444,0
236,200.60833333333332,0.875,0.8777777777777942,0.8444444444444343,1.0361842105263281,69.44444444444444,0
237,201.48611111111111,0.8777777777777942,0.8777777777777658,0.8444444444444343,1.0394736842105583,66.66666666666667,0
238,202.36388888888888,0.8777777777777658,0.8333333333333428,0.8444444444444343,1.0394736842105246,66.66666666666667,0
239,203.19722222222222,0.8333333333333428,0.8166666666666629,0.8444444444444343,0.986842105263181,63.888888888888886,0
240,204.01388888888889,0.8166666666666629,0.8333333333333428,0.8444444444444343,0.9671052631579018,63.888888888888886,0
241,204.84722222222223,0.8333333333333428,0.86944444444444,0.8444444444444343,0.986842105263181,69.44444444444444,0
242,205.71666666666667,0.86944444444444,0.875,0.8444444444444343,1.0296052631579018,72.22222222222223,0
243,206.59166666666667,0.875,0.8611111111111143,0.8444444444444343,1.0361842105263281,69.44444444444444,0
244,207.45277777777778,0.8611111111111143,0.875,0.8444444444444343,1.019736842105279,61.111111111111114,0
245,208.32777777777778,0.875,0.8305555555555486,0.8444444444444343,1.0361842105263281,63.888888888888886,0
246,209.15833333333333,0.8305555555555486,0.8305555555555486,0.8444444444444343,0.9835526315789509,66.66666666666667,0
247,209.98888888888888,0.8305555555555486,0.8194444444444571,0.8444444444444343,0.9835526315789509,66.66666666666667,0
248,210.80833333333334,0.8194444444444571,0.8305555555555486,0.8444444444444343,0.9703947368421318,72.22222222222223,0
249,211.63888888888889,0.8305555555555486,0.875,0.8444444444444343,0.9835526315789509,63.888888888888886,0
250,212.51388888888889,0.875,0.9055555555555657,0.8444444444444343,1.0361842105263281,63.888888888888886,0
251,213.41944444444445,0.9055555555555657,0.86944444444444,0.8444444444444343,1.0723684210526563,63.888888888888886,0
252,214.2888888888889,0.86944444444444,0.8305555555555486,0.8444444444444343,1.0296052631579018,69.44444444444444,0
253,215.11944444444444,0.8305555555555486,0.8222222222222229,0.8444444444444343,0.9835526315789509,72.22222222222223,0
254,215.94166666666666,0.8222222222222229,0.8194444444444571,0.8444444444444343,0.9736842105263281,66.66666666666667,0
255,216.76111111111112,0.8194444444444571,0.8555555555555543,0.8444444444444343,0.9703947368421318,72.22222222222223,0
256,217.61666666666667,0.8555555555555543,0.8666666666666458,0.8444444444444343,1.0131578947368527,66.66666666666667,0
257,218.48333333333332,0.8666666666666458,0.8694444444444684,0.8444444444444343,1.0263157894736719,61.111111111111114,0
258,219.3527777777778,0.8694444444444684,0.86944444444444,0.8444444444444343,1.0296052631579355,69.44444444444444,0
259,220.22222222222223,0.86944444444444,0.86388888888888,0.8444444444444343,1.0296052631579018,61.111111111111114,0
260,221.0861111111111,0.86388888888888,0.8166666666666629,0.8444444444444343,1.0230263157894754,63.888888888888886,0
261,221.90277777777777,0.8166666666666629,0.8111111111111313,0.8444444444444343,0.9671052631579018,66.66666666666667,0
262,222.7138888888889,0.8111111111111313,0.8361111111111086,0.8444444444444343,0.9605263157895091,72.22222222222223,0
263,223.55,0.8361111111111086,0.86388888888888,0.8444444444444343,0.9901315789473772,69.44444444444444,0
264,224.4138888888889,0.86388888888888,0.8972222222222115,0.8444444444444343,1.0230263157894754,72.22222222222223,0
265,225.3111111111111,0.8972222222222115,0.8777777777777942,0.8444444444444343,1.0625,58.333333333333336,0
266,226.1888888888889,0.8777777777777942,0.8444444444444343,0.8444444444444343,1.0394736842105583,77.77777777777777,0
267,227.03333333333333,0.8444444444444343,0.8194444444444571,0.8444444444444343,1.0,66.66666666666667,0
268,227.8527777777778,0.8194444444444571,0.8416666666666686,0.8444444444444343,0.9703947368421318,61.111111111111114,0
269,228.69444444444446,0.8416666666666686,0.8416666666666401,0.8444444444444343,0.9967105263158036,69.44444444444444,0
270,229.5361111111111,0.8416666666666401,0.8500000000000227,0.8444444444444343,0.99671052631577,77.77777777777777,0
271,230.38611111111112,0.8500000000000227,0.8777777777777658,0.8444444444444343,1.00657894736846,61.111111111111114,0
272,231.26388888888889,0.8777777777777658,0.8611111111111143,0.8444444444444343,1.0394736842105246,77.77777777777777,0
273,232.125,0.8611111111111143,0.8555555555555543,0.8444444444444343,1.019736842105279,75.0,0
274,232.98055555555555,0.8555555555555543,0.8333333333333428,0.8444444444444343,1.0131578947368527,63.888888888888886,0
275,233.8138888888889,0.8333333333333428,0.8194444444444287,0.8444444444444343,0.986842105263181,66.66666666666667,0
276,234.63333333333333,0.8194444444444287,0.825000000000017,0.8444444444444343,0.9703947368420982,69.44444444444444,0
277,235.45833333333334,0.825000000000017,0.8944444444444457,0.8444444444444343,0.9769736842105582,58.333333333333336,0
278,236.3527777777778,0.8944444444444457,0.8861111111110915,0.8444444444444343,1.0592105263158036,75.0,0
279,237.23888888888888,0.8861111111110915,0.8555555555555543,0.8444444444444343,1.0493421052631473,66.66666666666667,0
280,238.09444444444443,0.8555555555555543,0.8472222222222285,0.8444444444444343,1.0131578947368527,77.77777777777777,0
281,238.94166666666666,0.8472222222222285,0.8166666666666629,0.8444444444444343,1.00328947368423,77.77777777777777,0
282,239.75833333333333,0.8166666666666629,0.8277777777777828,0.8444444444444343,0.9671052631579018,66.66666666666667,0
283,240.5861111111111,0.8277777777777828,0.8472222222222285,0.8444444444444343,0.9802631578947546,63.888888888888886,0
284,241.43333333333334,0.8472222222222285,0.8611111111111143,0.8444444444444343,1.00328947368423,69.44444444444444,0
285,242.29444444444445,0.8611111111111143,0.86388888888888,0.8444444444444343,1.019736842105279,66.66666666666667,0
286,243.15833333333333,0.86388888888888,0.8944444444444457,0.8444444444444343,1.0230263157894754,75.0,0
287,244.05277777777778,0.8944444444444457,0.8444444444444343,0.8444444444444343,1.0592105263158036,66.66666666666667,0
288,244.8972222222222,0.8444444444444343,0.8138888888888971,0.8444444444444343,1.0,77.77777777777777,0
289,245.7111111111111,0.8138888888888971,0.8194444444444571,0.8444444444444343,0.9638157894737055,72.22222222222223,0
290,246.53055555555557,0.8194444444444571,0.8305555555555486,0.8444444444444343,0.9703947368421318,69.44444444444444,0
291,247.36111111111111,0.8305555555555486,0.88055555555556,0.8444444444444343,0.9835526315789509,61.111111111111114,0
292,248.24166666666667,0.88055555555556,0.8972222222222115,0.8444444444444343,1.0427631578947545,72.22222222222223,0
293,249.13888888888889,0.8972222222222115,0.8666666666666742,0.8444444444444343,1.0625,69.44444444444444,0
294,250.00555555555556,0.8666666666666742,0.8388888888888744,0.8444444444444343,1.0263157894737054,66.66666666666667,0
295,250.84444444444443,0.8388888888888744,0.8361111111111086,0.8444444444444343,0.9934210526315737,69.44444444444444,0
296,251.68055555555554,0.8361111111111086,0.825000000000017,0.8444444444444343,0.9901315789473772,69.44444444444444,0
297,252.50555555555556,0.825000000000017,0.8277777777777828,0.8444444444444343,0.9769736842105582,69.44444444444444,0
298,253.33333333333334,0.8277777777777828,0.8527777777777601,0.8444444444444343,0.9802631578947546,66.66666666666667,0
299,254.1861111111111,0.8527777777777601,0.8777777777777942,0.8444444444444343,1.0098684210526228,69.44444444444444,0
300,255.0638888888889,0.8777777777777942,0.8833333333333258,0.8444444444444343,1.0394736842105583,72.22222222222223,0
301,255.94722222222222,0.8833333333333258,0.8638888888889085,0.8444444444444343,1.046052631578951,66.66666666666667,0
302,256.81111111111113,0.8638888888889085,0.8249999999999886,0.8444444444444343,1.0230263157895092,69.44444444444444,0
303,257.6361111111111,0.8249999999999886,0.8083333333333371,0.8444444444444343,0.9769736842105246,66.66666666666667,0
304,258.44444444444446,0.8083333333333371,0.8472222222222285,0.8444444444444343,0.9572368421052792,72.22222222222223,0
305,259.2916666666667,0.8472222222222285,0.6805555555555429,0.8444444444444343,1.00328947368423,66.66666666666667,0
306,259.97222222222223,0.6805555555555429,0.9444444444444571,0.8444444444444343,0.8059210526315737,83.33333333333333,0
307,260.9166666666667,0.9444444444444571,0.8583333333332916,0.8444444444444343,1.1184210526316072,66.66666666666667,0
308,261.775,0.8583333333332916,0.8583333333333485,0.8444444444444343,1.0164473684210154,66.66666666666667,0
309,262.6333333333333,0.8583333333333485,0.8277777777777828,0.8444444444444343,1.0164473684210829,58.333333333333336,0
310,263.4611111111111,0.8277777777777828,0.830555555555577,0.8444444444444343,0.9802631578947546,61.111111111111114,0
311,264.2916666666667,0.830555555555577,0.8222222222221944,0.8444444444444343,0.9835526315789845,66.66666666666667,0
312,265.1138888888889,0.8222222222221944,0.8361111111111086,0.8444444444444343,0.9736842105262945,66.66666666666667,0
313,265.95,0.8361111111111086,0.88611111111112,0.8444444444444343,0.9901315789473772,69.44444444444444,0
314,266.8361111111111,0.88611111111112,0.8999999999999773,0.8444444444444343,1.0493421052631808,63.888888888888886,0
315,267.7361111111111,0.8999999999999773,0.8583333333333485,0.8444444444444343,1.0657894736841964,63.888888888888886,0
316,268.59444444444443,0.8583333333333485,0.8222222222222513,0.8444444444444343,1.0164473684210829,63.888888888888886,0
317,269.4166666666667,0.8222222222222513,0.8249999999999886,0.8444444444444343,0.9736842105263619,66.66666666666667,0
318,270.2416666666667,0.8249999999999886,0.8249999999999886,0.8444444444444343,0.9769736842105246,63.888888888888886,0
319,271.06666666666666,0.8249999999999886,0.86388888888888,0.8444444444444343,0.9769736842105246,69.44444444444444,0
320,271.93055555555554,0.86388888888888,0.875,0.8444444444444343,1.0230263157894754,77.77777777777777,0
321,272.80555555555554,0.875,0.8694444444444684,0.8444444444444343,1.0361842105263281,61.111111111111114,0
322,273.675,0.8694444444444684,0.8583333333333485,0.8444444444444343,1.0296052631579355,61.111111111111114,0
323,274.53333333333336,0.8583333333333485,0.8499999999999659,0.8444444444444343,1.0164473684210829,61.111111111111114,0
324,275.3833333333333,0.8499999999999659,0.8222222222222513,0.8444444444444343,1.0065789473683928,69.44444444444444,0
325,276.2055555555556,0.8222222222222513,0.8138888888888687,0.8444444444444343,0.9736842105263619,69.44444444444444,0
326,277.01944444444445,0.8138888888888687,0.8444444444444343,0.8444444444444343,0.9638157894736719,63.888888888888886,0
327,277.8638888888889,0.8444444444444343,0.8722222222222058,0.8444444444444343,1.0,61.111111111111114,0
328,278.7361111111111,0.8722222222222058,0.8944444444444457,0.8444444444444343,1.0328947368420982,58.333333333333336,0
329,279.63055555555553,0.8944444444444457,0.8666666666666742,0.8444444444444343,1.0592105263158036,66.66666666666667,0
330,280.4972222222222,0.8666666666666742,0.8361111111111086,0.8444444444444343,1.0263157894737054,63.888888888888886,0
331,281.3333333333333,0.8361111111111086,0.8166666666666629,0.8444444444444343,0.9901315789473772,63.888888888888886,0
332,282.15,0.8166666666666629,0.8500000000000227,0.8444444444444343,0.9671052631579018,66.66666666666667,0
333,283.0,0.8500000000000227,0.8500000000000227,0.8444444444444343,1.00657894736846,63.888888888888886,0
334,283.85,0.8500000000000227,0.86388888888888,0.8444444444444343,1.00657894736846,75.0,0
335,284.7138888888889,0.86388888888888,0.8722222222222058,0.8444444444444343,1.0230263157894754,61.111111111111114,0
336,285.5861111111111,0.8722222222222058,0.8583333333333485,0.8444444444444343,1.0328947368420982,69.44444444444444,0
337,286.44444444444446,0.8583333333333485,0.8416666666666401,0.8444444444444343,1.0164473684210829,63.888888888888886,0
338,287.2861111111111,0.8416666666666401,0.8361111111111086,0.8444444444444343,0.99671052631577,69.44444444444444,0
339,288.1222222222222,0.8361111111111086,0.8222222222222513,0.8444444444444343,0.9901315789473772,66.66666666666667,0
340,288.94444444444446,0.8222222222222513,0.8333333333333144,0.8444444444444343,0.9736842105263619,66.66666666666667,0
341,289.77777777777777,0.8333333333333144,0.8944444444444457,0.8444444444444343,0.9868421052631473,69.44444444444444,0
342,290.6722222222222,0.8944444444444457,0.88611111111112,0.8444444444444343,1.0592105263158036,61.111111111111114,0
343,291.55833333333334,0.88611111111112,0.86388888888888,0.8444444444444343,1.0493421052631808,63.888888888888886,0
344,292.4222222222222,0.86388888888888,0.8249999999999886,0.8444444444444343,1.0230263157894754,63.888888888888886,0
345,293.2472222222222,0.8249999999999886,0.8222222222222513,0.8444444444444343,0.9769736842105246,63.888888888888886,0
346,294.06944444444446,0.8222222222222513,0.8333333333333144,0.8444444444444343,0.9736842105263619,66.66666666666667,0
347,294.90277777777777,0.8333333333333144,0.8611111111111427,0.8444444444444343,0.9868421052631473,63.888888888888886,0
348,295.7638888888889,0.8611111111111427,0.86388888888888,0.8444444444444343,1.0197368421053128,66.66666666666667,0
349,296.6277777777778,0.86388888888888,0.8666666666666742,0.8444444444444343,1.0230263157894754,63.888888888888886,0
350,297.49444444444447,0.8666666666666742,0.8777777777777374,0.8444444444444343,1.0263157894737054,69.44444444444444,0
351,298.3722222222222,0.8777777777777374,0.841666666666697,0.8444444444444343,1.0394736842104908,72.22222222222223,0
352,299.2138888888889,0.841666666666697,0.8194444444444571,0.8444444444444343,0.9967105263158373,66.66666666666667,0
353,300.03333333333336,0.8194444444444571,0.8166666666666629,0.8444444444444343,0.9703947368421318,61.111111111111114,0
354,300.85,0.8166666666666629,0.8499999999999659,0.8444444444444343,0.9671052631579018,66.66666666666667,0
355,301.7,0.8499999999999659,0.8777777777777942,0.8444444444444343,1.0065789473683928,61.111111111111114,0
356,302.5777777777778,0.8777777777777942,0.33055555555557703,0.8444444444444343,1.0394736842105583,61.111111111111114,0
357,302.90833333333336,0.33055555555557703,0.5638888888888687,0.8444444444444343,0.39144736842108274,69.44444444444444,0
358,303.47222222222223,0.5638888888888687,0.8666666666666742,0.8444444444444343,0.6677631578947208,69.44444444444444,0
359,304.3388888888889,0.8666666666666742,0.8277777777777828,0.8444444444444343,1.0263157894737054,63.888888888888886,0
360,305.1666666666667,0.8277777777777828,0.8249999999999886,0.8444444444444343,0.9802631578947546,69.44444444444444,0
361,305.9916666666667,0.8249999999999886,0.8416666666666401,0.8444444444444343,0.9769736842105246,69.44444444444444,0
362,306.8333333333333,0.8416666666666401,0.8444444444444912,0.8444444444444343,0.99671052631577,66.66666666666667,0
363,307.6777777777778,0.8444444444444912,0.8611111111110858,0.8444444444444343,1.0000000000000673,63.888888888888886,0
364,308.5388888888889,0.8611111111110858,0.8805555555555316,0.8444444444444343,1.0197368421052455,63.888888888888886,0
365,309.4194444444444,0.8805555555555316,0.8638888888889369,0.8444444444444343,1.042763157894721,61.111111111111114,0
366,310.28333333333336,0.8638888888889369,0.8472222222221717,0.8444444444444343,1.0230263157895427,69.44444444444444,0
367,311.13055555555553,0.8472222222221717,0.8222222222222513,0.8444444444444343,1.0032894736841627,72.22222222222223,0
368,311.9527777777778,0.8222222222222513,0.8194444444444571,0.8444444444444343,0.9736842105263619,63.888888888888886,0
369,312.77222222222224,0.8194444444444571,0.8416666666666401,0.8444444444444343,0.9703947368421318,58.333333333333336,0
370,313.6138888888889,0.8416666666666401,0.33055555555557703,0.8444444444444343,0.99671052631577,66.66666666666667,0
371,313.94444444444446,0.33055555555557703,0.5749999999999886,0.8444444444444343,0.39144736842108274,33.333333333333336,0
372,314.51944444444445,0.5749999999999886,0.8805555555555316,0.8444444444444343,0.6809210526315737,72.22222222222223,0
373,315.4,0.8805555555555316,0.8555555555555543,0.8444444444444343,1.042763157894721,72.22222222222223,0
374,316.25555555555553,0.8555555555555543,0.841666666666697,0.8444444444444343,1.0131578947368527,66.66666666666667,0
375,317.09722222222223,0.841666666666697,0.8111111111111313,0.8444444444444343,0.9967105263158373,66.66666666666667,0
376,317.90833333333336,0.8111111111111313,0.8388888888888459,0.8444444444444343,0.9605263157895091,63.888888888888886,0
377,318.7472222222222,0.8388888888888459,0.8444444444444343,0.8444444444444343,0.99342105263154,69.44444444444444,0
378,319.59166666666664,0.8444444444444343,0.8611111111111427,0.8444444444444343,1.0,75.0,0
379,320.4527777777778,0.8611111111111427,0.875,0.8444444444444343,1.0197368421053128,63.888888888888886,0
380,321.3277777777778,0.875,0.8972222222222399,0.8444444444444343,1.0361842105263281,63.888888888888886,0
381,322.225,0.8972222222222399,0.8388888888888459,0.8444444444444343,1.0625000000000338,66.66666666666667,0
382,323.06388888888887,0.8388888888888459,0.8083333333333371,0.8444444444444343,0.99342105263154,61.111111111111114,0
383,323.8722222222222,0.8083333333333371,0.8249999999999886,0.8444444444444343,0.9572368421052792,69.44444444444444,0
384,324.6972222222222,0.8249999999999886,0.8388888888889028,0.8444444444444343,0.9769736842105246,63.888888888888886,0
385,325.5361111111111,0.8388888888889028,0.8833333333333258,0.8444444444444343,0.9934210526316073,66.66666666666667,0
386,326.4194444444444,0.8833333333333258,0.8833333333333826,0.8444444444444343,1.046052631578951,66.66666666666667,0
387,327.3027777777778,0.8833333333333826,0.86388888888888,0.8444444444444343,1.0460526315790182,63.888888888888886,0
388,328.1666666666667,0.86388888888888,0.8388888888888459,0.8444444444444343,1.0230263157894754,69.44444444444444,0
389,329.00555555555553,0.8388888888888459,0.8444444444444912,0.8444444444444343,0.99342105263154,61.111111111111114,0
390,329.85,0.8444444444444912,0.8222222222221944,0.8444444444444343,1.0000000000000673,61.111111111111114,0
391,330.6722222222222,0.8222222222221944,0.8249999999999886,0.8444444444444343,0.9736842105262945,63.888888888888886,0
392,331.4972222222222,0.8249999999999886,0.8611111111111427,0.8444444444444343,0.9769736842105246,63.888888888888886,0
393,332.35833333333335,0.8611111111111427,0.8777777777777374,0.8444444444444343,1.0197368421053128,61.111111111111114,0
394,333.2361111111111,0.8777777777777374,0.8777777777777942,0.8444444444444343,1.0394736842104908,63.888888888888886,0
395,334.1138888888889,0.8777777777777942,0.8583333333333485,0.8444444444444343,1.0394736842105583,63.888888888888886,0
396,334.97222222222223,0.8583333333333485,0.8249999999999886,0.8444444444444343,1.0164473684210829,72.22222222222223,0
397,335.7972222222222,0.8249999999999886,0.8138888888888687,0.8444444444444343,0.9769736842105246,75.0,0
398,336.6111111111111,0.8138888888888687,0.8583333333333485,0.8444444444444343,0.9638157894736719,69.44444444444444,0
399,337.46944444444443,0.8583333333333485,0.8722222222222058,0.8444444444444343,1.0164473684210829,63.888888888888886,0
400,338.34166666666664,0.8722222222222058,0.8638888888889369,0.8444444444444343,1.0328947368420982,66.66666666666667,0
401,339.2055555555556,0.8638888888889369,0.8694444444444116,0.8444444444444343,1.0230263157895427,63.888888888888886,0
402,340.075,0.8694444444444116,0.8444444444444343,0.8444444444444343,1.0296052631578683,69.44444444444444,0
403,340.9194444444444,0.8444444444444343,0.8277777777777828,0.8444444444444343,1.0,69.44444444444444,0
404,341.7472222222222,0.8277777777777828,0.8388888888889028,0.8444444444444343,0.9802631578947546,69.44444444444444,0
405,342.5861111111111,0.8388888888889028,0.8277777777777828,0.8444444444444343,0.9934210526316073,61.111111111111114,0
406,343.4138888888889,0.8277777777777828,0.8527777777777601,0.8444444444444343,0.9802631578947546,58.333333333333336,0
407,344.26666666666665,0.8527777777777601,0.9000000000000341,0.8444444444444343,1.0098684210526228,69.44444444444444,0
408,345.1666666666667,0.9000000000000341,0.875,0.8444444444444343,1.0657894736842637,61.111111111111114,0
409,346.0416666666667,0.875,0.8416666666666401,0.8444444444444343,1.0361842105263281,69.44444444444444,0
410,346.8833333333333,0.8416666666666401,0.8194444444444571,0.8444444444444343,0.99671052631577,58.333333333333336,0
411,347.7027777777778,0.8194444444444571,0.8222222222221944,0.8444444444444343,0.9703947368421318,69.44444444444444,0
412,348.525,0.8222222222221944,0.841666666666697,0.8444444444444343,0.9736842105262945,75.0,0
413,349.3666666666667,0.841666666666697,0.8777777777777942,0.8444444444444343,0.9967105263158373,63.888888888888886,0
414,350.24444444444447,0.8777777777777942,0.875,0.8444444444444343,1.0394736842105583,72.22222222222223,0
415,351.11944444444447,0.875,0.8583333333332916,0.8444444444444343,1.0361842105263281,63.888888888888886,0
416,351.97777777777776,0.8583333333332916,0.86388888888888,0.8444444444444343,1.0164473684210154,66.66666666666667,0
417,352.84166666666664,0.86388888888888,0.8250000000000455,0.8444444444444343,1.0230263157894754,69.44444444444444,0
418,353.6666666666667,0.8250000000000455,0.8166666666666629,0.8444444444444343,0.9769736842105918,69.44444444444444,0
419,354.48333333333335,0.8166666666666629,0.8222222222221944,0.8444444444444343,0.9671052631579018,77.77777777777777,0
420,355.30555555555554,0.8222222222221944,0.8611111111111427,0.8444444444444343,0.9736842105262945,61.111111111111114,0
421,356.1666666666667,0.8611111111111427,0.8916666666666515,0.8444444444444343,1.0197368421053128,63.888888888888886,0
422,357.05833333333334,0.8916666666666515,0.8916666666666515,0.8444444444444343,1.0559210526315737,69.44444444444444,0
423,357.95,0.8916666666666515,0.8472222222222285,0.8444444444444343,1.0559210526315737,72.22222222222223,0
424,358.7972222222222,0.8472222222222285,0.8194444444444571,0.8444444444444343,1.00328947368423,61.111111111111114,0
425,359.6166666666667,0.8194444444444571,0.8333333333333144,0.8444444444444343,0.9703947368421318,58.333333333333336,0
426,360.45,0.8333333333333144,0.8388888888889028,0.8444444444444343,0.9868421052631473,63.888888888888886,0
427,361.2888888888889,0.8388888888889028,0.8555555555555543,0.8444444444444343,0.9934210526316073,75.0,0
428,362.14444444444445,0.8555555555555543,0.8722222222222058,0.8444444444444343,1.0131578947368527,72.22222222222223,0
429,363.01666666666665,0.8722222222222058,0.8722222222222626,0.8444444444444343,1.0328947368420982,69.44444444444444,0
430,363.8888888888889,0.8722222222222626,0.8583333333332916,0.8444444444444343,1.0328947368421655,69.44444444444444,0
431,364.7472222222222,0.8583333333332916,0.841666666666697,0.8444444444444343,1.0164473684210154,63.888888888888886,0
432,365.5888888888889,0.841666666666697,0.8138888888888687,0.8444444444444343,0.9967105263158373,63.888888888888886,0
433,366.40277777777777,0.8138888888888687,0.8166666666666629,0.8444444444444343,0.9638157894736719,63.888888888888886,0
434,367.21944444444443,0.8166666666666629,0.8666666666666742,0.8444444444444343,0.9671052631579018,63.888888888888886,0
435,368.0861111111111,0.8666666666666742,0.8999999999999773,0.8444444444444343,1.0263157894737054,69.44444444444444,0
436,368.9861111111111,0.8999999999999773,0.8805555555555884,0.8444444444444343,1.0657894736841964,69.44444444444444,0
437,369.8666666666667,0.8805555555555884,0.8416666666666401,0.8444444444444343,1.0427631578947882,69.44444444444444,0
438,370.7083333333333,0.8416666666666401,0.8333333333333712,0.8444444444444343,0.99671052631577,55.55555555555556,0
439,371.5416666666667,0.8333333333333712,0.8194444444444002,0.8444444444444343,0.9868421052632146,61.111111111111114,0
440,372.3611111111111,0.8194444444444002,0.8444444444444912,0.8444444444444343,0.9703947368420646,63.888888888888886,0
441,373.2055555555556,0.8444444444444912,0.8499999999999659,0.8444444444444343,1.0000000000000673,72.22222222222223,0
442,374.05555555555554,0.8499999999999659,0.8611111111111427,0.8444444444444343,1.0065789473683928,80.55555555555556,0
443,374.9166666666667,0.8611111111111427,0.88611111111112,0.8444444444444343,1.0197368421053128,69.44444444444444,0
444,375.8027777777778,0.88611111111112,0.8722222222222058,0.8444444444444343,1.0493421052631808,63.888888888888886,0
445,376.675,0.8722222222222058,0.8277777777777828,0.8444444444444343,1.0328947368420982,63.888888888888886,0
446,377.5027777777778,0.8277777777777828,0.8111111111110745,0.8444444444444343,0.9802631578947546,66.66666666666667,0
447,378.31388888888887,0.8111111111110745,0.8277777777777828,0.8444444444444343,0.9605263157894418,61.111111111111114,0
448,379.14166666666665,0.8277777777777828,0.8555555555555543,0.8444444444444343,0.9802631578947546,63.888888888888886,0
449,379.9972222222222,0.8555555555555543,0.8972222222222399,0.8444444444444343,1.0131578947368527,75.0,0
450,380.89444444444445,0.8972222222222399,0.875,0.8444444444444343,1.0625000000000338,58.333333333333336,0
451,381.76944444444445,0.875,0.8472222222222285,0.8444444444444343,1.0361842105263281,63.888888888888886,0
452,382.6166666666667,0.8472222222222285,0.8277777777777828,0.8444444444444343,1.00328947368423,63.888888888888886,0
453,383.44444444444446,0.8277777777777828,0.8444444444444343,0.8444444444444343,0.9802631578947546,61.111111111111114,0
454,384.2888888888889,0.8444444444444343,0.8277777777777828,0.8444444444444343,1.0,66.66666666666667,0
455,385.1166666666667,0.8277777777777828,0.8388888888889028,0.8444444444444343,0.9802631578947546,58.333333333333336,0
456,385.9555555555556,0.8388888888889028,0.875,0.8444444444444343,0.9934210526316073,72.22222222222223,0
457,386.8305555555556,0.875,0.8694444444444116,0.8444444444444343,1.0361842105263281,72.22222222222223,0
458,387.7,0.8694444444444116,0.86388888888888,0.8444444444444343,1.0296052631578683,63.888888888888886,0
459,388.56388888888887,0.86388888888888,0.8361111111111086,0.8444444444444343,1.0230263157894754,61.111111111111114,0
460,389.4,0.8361111111111086,0.8250000000000455,0.8444444444444343,0.9901315789473772,66.66666666666667,0
461,390.225,0.8250000000000455,0.8249999999999886,0.8444444444444343,0.9769736842105918,63.888888888888886,0
462,391.05,0.8249999999999886,0.8805555555555316,0.8444444444444343,0.9769736842105246,63.888888888888886,0
463,391.93055555555554,0.8805555555555316,0.8777777777777942,0.8444444444444343,1.042763157894721,75.0,0
464,392.80833333333334,0.8777777777777942,0.86388888888888,0.8444444444444343,1.0394736842105583,66.66666666666667,0
465,393.6722222222222,0.86388888888888,0.8555555555555543,0.8444444444444343,1.0230263157894754,63.888888888888886,0
466,394.52777777777777,0.8555555555555543,0.8249999999999886,0.8444444444444343,1.0131578947368527,58.333333333333336,0
467,395.35277777777776,0.8249999999999886,0.830555555555577,0.8444444444444343,0.9769736842105246,61.111111111111114,0
468,396.18333333333334,0.830555555555577,0.8444444444444343,0.8444444444444343,0.9835526315789845,63.888888888888886,0
469,397.02777777777777,0.8444444444444343,0.8444444444444343,0.8444444444444343,1.0,66.66666666666667,0
470,397.8722222222222,0.8444444444444343,0.8611111111111427,0.8444444444444343,1.0,63.888888888888886,0
471,398.73333333333335,0.8611111111111427,0.8972222222221831,0.8444444444444343,1.0197368421053128,69.44444444444444,0
472,399.63055555555553,0.8972222222221831,0.8638888888889369,0.8444444444444343,1.0624999999999662,75.0,0
473,400.49444444444447,0.8638888888889369,0.827777777777726,0.8444444444444343,1.0230263157895427,69.44444444444444,0
474,401.3222222222222,0.827777777777726,0.8138888888889255,0.8444444444444343,0.9802631578946872,69.44444444444444,0
475,402.1361111111111,0.8138888888889255,0.8305555555555202,0.8444444444444343,0.9638157894737391,66.66666666666667,0
476,402.96666666666664,0.8305555555555202,0.8611111111111427,0.8444444444444343,0.9835526315789173,72.22222222222223,0
477,403.8277777777778,0.8611111111111427,0.8888888888888573,0.8444444444444343,1.0197368421053128,69.44444444444444,0
478,404.71666666666664,0.8888888888888573,0.8694444444444684,0.8444444444444343,1.0526315789473437,72.22222222222223,0
479,405.5861111111111,0.8694444444444684,0.8500000000000227,0.8444444444444343,1.0296052631579355,63.888888888888886,0
480,406.43611111111113,0.8500000000000227,0.8444444444444343,0.8444444444444343,1.00657894736846,72.22222222222223,0
481,407.28055555555557,0.8444444444444343,0.8249999999999886,0.8444444444444343,1.0,66.66666666666667,0
482,408.10555555555555,0.8249999999999886,0.8277777777777828,0.8444444444444343,0.9769736842105246,69.44444444444444,0
483,408.93333333333334,0.8277777777777828,0.8333333333333144,0.8444444444444343,0.9802631578947546,66.66666666666667,0
484,409.76666666666665,0.8333333333333144,0.8805555555555884,0.8444444444444343,0.9868421052631473,66.66666666666667,0
485,410.64722222222224,0.8805555555555884,0.8833333333333258,0.8444444444444343,1.0427631578947882,72.22222222222223,0
486,411.53055555555557,0.8833333333333258,0.875,0.8444444444444343,1.046052631578951,69.44444444444444,0
487,412.40555555555557,0.875,0.8333333333333144,0.8444444444444343,1.0361842105263281,63.888888888888886,0
488,413.2388888888889,0.8333333333333144,0.8166666666666629,0.8444444444444343,0.9868421052631473,66.66666666666667,0
489,414.05555555555554,0.8166666666666629,0.8333333333333712,0.8444444444444343,0.9671052631579018,61.111111111111114,0
490,414.8888888888889,0.8333333333333712,0.86388888888888,0.8444444444444343,0.9868421052632146,66.66666666666667,0
491,415.7527777777778,0.86388888888888,0.875,0.8444444444444343,1.0230263157894754,66.66666666666667,0
492,416.6277777777778,0.875,0.8666666666666742,0.8444444444444343,1.0361842105263281,63.888888888888886,0
493,417.49444444444447,0.8666666666666742,0.8694444444444116,0.8444444444444343,1.0263157894737054,66.66666666666667,0
494,418.3638888888889,0.8694444444444116,0.8277777777777828,0.8444444444444343,1.0296052631578683,66.66666666666667,0
495,419.19166666666666,0.8277777777777828,0.830555555555577,0.8444444444444343,0.9802631578947546,69.44444444444444,0
496,420.02222222222224,0.830555555555577,0.8277777777777828,0.8444444444444343,0.9835526315789845,66.66666666666667,0
497,420.85,0.8277777777777828,0.8361111111111086,0.8444444444444343,0.9802631578947546,66.66666666666667,0
498,421.68611111111113,0.8361111111111086,0.875,0.8444444444444343,0.9901315789473772,75.0,0
499,422.56111111111113,0.875,0.9055555555555088,0.8444444444444343,1.0361842105263281,66.66666666666667,0
500,423.46666666666664,0.9055555555555088,0.875,0.8444444444444343,1.072368421052589,66.66666666666667,0
501,424.34166666666664,0.875,0.8250000000000455,0.8444444444444343,1.0361842105263281,66.66666666666667,0
502,425.1666666666667,0.8250000000000455,0.8222222222221944,0.8444444444444343,0.9769736842105918,69.44444444444444,0
503,425.9888888888889,0.8222222222221944,0.8194444444444571,0.8444444444444343,0.9736842105262945,63.888888888888886,0
504,426.80833333333334,0.8194444444444571,0.8583333333333485,0.8444444444444343,0.9703947368421318,66.66666666666667,0
505,427.6666666666667,0.8583333333333485,0.8694444444444116,0.8444444444444343,1.0164473684210829,75.0,0
506,428.5361111111111,0.8694444444444116,0.8722222222222626,0.8444444444444343,1.0296052631578683,63.888888888888886,0
507,429.40833333333336,0.8722222222222626,0.86388888888888,0.8444444444444343,1.0328947368421655,63.888888888888886,0
508,430.27222222222224,0.86388888888888,0.8611111111110858,0.8444444444444343,1.0230263157894754,69.44444444444444,0
509,431.1333333333333,0.8611111111110858,0.8222222222222513,0.8444444444444343,1.0197368421052455,63.888888888888886,0
510,431.9555555555556,0.8222222222222513,0.8111111111110745,0.8444444444444343,0.9736842105263619,61.111111111111114,0
511,432.76666666666665,0.8111111111110745,0.841666666666697,0.8444444444444343,0.9605263157894418,75.0,0
512,433.60833333333335,0.841666666666697,0.8666666666666742,0.8444444444444343,0.9967105263158373,66.66666666666667,0
513,434.475,0.8666666666666742,0.8916666666666515,0.8444444444444343,1.0263157894737054,75.0,0
514,435.3666666666667,0.8916666666666515,0.875,0.8444444444444343,1.0559210526315737,55.55555555555556,0
515,436.2416666666667,0.875,0.8388888888889028,0.8444444444444343,1.0361842105263281,75.0,0
516,437.0805555555556,0.8388888888889028,0.8166666666666629,0.8444444444444343,0.9934210526316073,66.66666666666667,0
517,437.89722222222224,0.8166666666666629,0.8444444444444343,0.8444444444444343,0.9671052631579018,63.888888888888886,0
518,438.7416666666667,0.8444444444444343,0.8416666666666401,0.8444444444444343,1.0,63.888888888888886,0
519,439.5833333333333,0.8416666666666401,0.8555555555555543,0.8444444444444343,0.99671052631577,72.22222222222223,0
520,440.43888888888887,0.8555555555555543,0.875,0.8444444444444343,1.0131578947368527,77.77777777777777,0
521,441.31388888888887,0.875,0.8638888888889369,0.8444444444444343,1.0361842105263281,80.55555555555556,0
522,442.1777777777778,0.8638888888889369,0.8527777777777601,0.8444444444444343,1.0230263157895427,55.55555555555556,0
523,443.03055555555557,0.8527777777777601,0.8277777777777828,0.8444444444444343,1.0098684210526228,75.0,0
524,443.85833333333335,0.8277777777777828,0.8222222222221944,0.8444444444444343,0.9802631578947546,63.888888888888886,0
525,444.68055555555554,0.8222222222221944,0.830555555555577,0.8444444444444343,0.9736842105262945,58.333333333333336,0
526,445.5111111111111,0.830555555555577,0.8999999999999773,0.8444444444444343,0.9835526315789845,63.888888888888886,0
527,446.4111111111111,0.8999999999999773,0.8805555555555884,0.8444444444444343,1.0657894736841964,69.44444444444444,0
528,447.2916666666667,0.8805555555555884,0.8583333333332916,0.8444444444444343,1.0427631578947882,66.66666666666667,0
529,448.15,0.8583333333332916,0.8444444444444912,0.8444444444444343,1.0164473684210154,66.66666666666667,0
530,448.99444444444447,0.8444444444444912,0.8138888888888687,0.8444444444444343,1.0000000000000673,69.44444444444444,0
531,449.80833333333334,0.8138888888888687,0.830555555555577,0.8444444444444343,0.9638157894736719,63.888888888888886,0
532,450.6388888888889,0.830555555555577,0.8555555555555543,0.8444444444444343,0.9835526315789845,63.888888888888886,0
533,451.49444444444447,0.8555555555555543,0.8583333333332916,0.8444444444444343,1.0131578947368527,66.66666666666667,0
534,452.35277777777776,0.8583333333332916,0.8666666666666742,0.8444444444444343,1.0164473684210154,63.888888888888886,0
535,453.21944444444443,0.8666666666666742,0.8944444444444457,0.8444444444444343,1.0263157894737054,75.0,0
536,454.1138888888889,0.8944444444444457,0.841666666666697,0.8444444444444343,1.0592105263158036,61.111111111111114,0
537,454.9555555555556,0.841666666666697,0.8138888888888687,0.8444444444444343,0.9967105263158373,61.111111111111114,0
538,455.76944444444445,0.8138888888888687,0.8194444444444571,0.8444444444444343,0.9638157894736719,72.22222222222223,0
539,456.5888888888889,0.8194444444444571,0.8361111111111086,0.8444444444444343,0.9703947368421318,66.66666666666667,0
540,457.425,0.8361111111111086,0.8805555555555316,0.8444444444444343,0.9901315789473772,61.111111111111114,0
541,458.30555555555554,0.8805555555555316,0.32777777777778283,0.8444444444444343,1.042763157894721,72.22222222222223,0
542,458.6333333333333,0.32777777777778283,0.5611111111111313,0.8444444444444343,0.38815789473685275,75.0,0
543,459.19444444444446,0.5611111111111313,0.8666666666666742,0.8444444444444343,0.6644736842105582,66.66666666666667,0
544,460.06111111111113,0.8666666666666742,0.8333333333333144,0.8444444444444343,1.0263157894737054,63.888888888888886,0
545,460.89444444444445,0.8333333333333144,0.8444444444444343,0.8444444444444343,0.9868421052631473,61.111111111111114,0
546,461.7388888888889,0.8444444444444343,0.8194444444444571,0.8444444444444343,1.0,69.44444444444444,0
547,462.55833333333334,0.8194444444444571,0.8222222222221944,0.8444444444444343,0.9703947368421318,61.111111111111114,0
548,463.38055555555553,0.8222222222221944,0.8611111111111427,0.8444444444444343,0.9736842105262945,63.888888888888886,0
549,464.2416666666667,0.8611111111111427,0.8805555555555316,0.8444444444444343,1.0197368421053128,75.0,0
550,465.1222222222222,0.8805555555555316,0.8777777777777942,0.8444444444444343,1.042763157894721,75.0,0
551,466.0,0.8777777777777942,0.8611111111110858,0.8444444444444343,1.0394736842105583,75.0,0
552,466.8611111111111,0.8611111111110858,0.8250000000000455,0.8444444444444343,1.0197368421052455,72.22222222222223,0
553,467.68611111111113,0.8250000000000455,0.8138888888888687,0.8444444444444343,0.9769736842105918,69.44444444444444,0
554,468.5,0.8138888888888687,0.8527777777777601,0.8444444444444343,0.9638157894736719,72.22222222222223,0
555,469.35277777777776,0.8527777777777601,0.8694444444444684,0.8444444444444343,1.0098684210526228,72.22222222222223,0
556,470.22222222222223,0.8694444444444684,0.8722222222222058,0.8444444444444343,1.0296052631579355,77.77777777777777,0
557,471.09444444444443,0.8722222222222058,0.8666666666666742,0.8444444444444343,1.0328947368420982,72.22222222222223,0
558,471.9611111111111,0.8666666666666742,0.8472222222222285,0.8444444444444343,1.0263157894737054,61.111111111111114,0
559,472.80833333333334,0.8472222222222285,0.830555555555577,0.8444444444444343,1.00328947368423,72.22222222222223,0
560,473.6388888888889,0.830555555555577,0.8388888888888459,0.8444444444444343,0.9835526315789845,66.66666666666667,0
561,474.47777777777776,0.8388888888888459,0.8250000000000455,0.8444444444444343,0.99342105263154,63.888888888888886,0
562,475.3027777777778,0.8250000000000455,0.8444444444444343,0.8444444444444343,0.9769736842105918,61.111111111111114,0
563,476.14722222222224,0.8444444444444343,0.8972222222221831,0.8444444444444343,1.0,77.77777777777777,0
564,477.0444444444444,0.8972222222221831,0.8833333333333826,0.8444444444444343,1.0624999999999662,69.44444444444444,0
565,477.9277777777778,0.8833333333333826,0.8499999999999659,0.8444444444444343,1.0460526315790182,66.66666666666667,0
566,478.77777777777777,0.8499999999999659,0.8194444444444571,0.8444444444444343,1.0065789473683928,72.22222222222223,0
567,479.59722222222223,0.8194444444444571,0.8222222222221944,0.8444444444444343,0.9703947368421318,61.111111111111114,0
568,480.4194444444444,0.8222222222221944,0.8361111111111086,0.8444444444444343,0.9736842105262945,72.22222222222223,0
569,481.25555555555553,0.8361111111111086,0.8805555555555884,0.8444444444444343,0.9901315789473772,63.888888888888886,0
570,482.1361111111111,0.8805555555555884,0.8666666666666742,0.8444444444444343,1.0427631578947882,69.44444444444444,0
571,483.0027777777778,0.8666666666666742,0.8583333333332916,0.8444444444444343,1.0263157894737054,63.888888888888886,0
572,483.8611111111111,0.8583333333332916,0.8694444444444684,0.8444444444444343,1.0164473684210154,58.333333333333336,0
573,484.73055555555555,0.8694444444444684,0.8333333333333144,0.8444444444444343,1.0296052631579355,72.22222222222223,0
574,485.56388888888887,0.8333333333333144,0.8194444444444571,0.8444444444444343,0.9868421052631473,72.22222222222223,0
575,486.3833333333333,0.8194444444444571,0.8194444444444571,0.8444444444444343,0.9703947368421318,69.44444444444444,0
576,487.2027777777778,0.8194444444444571,0.8583333333333485,0.8444444444444343,0.9703947368421318,63.888888888888886,0
577,488.06111111111113,0.8583333333333485,0.8888888888888573,0.8444444444444343,1.0164473684210829,66.66666666666667,0
578,488.95,0.8888888888888573,0.88611111111112,0.8444444444444343,1.0526315789473437,66.66666666666667,0
579,489.8361111111111,0.88611111111112,0.8472222222222285,0.8444444444444343,1.0493421052631808,69.44444444444444,0
580,490.68333333333334,0.8472222222222285,0.8194444444444571,0.8444444444444343,1.00328947368423,66.66666666666667,0
581,491.5027777777778,0.8194444444444571,0.8305555555555202,0.8444444444444343,0.9703947368421318,61.111111111111114,0
582,492.3333333333333,0.8305555555555202,0.8444444444444912,0.8444444444444343,0.9835526315789173,72.22222222222223,0
583,493.1777777777778,0.8444444444444912,0.8583333333332916,0.8444444444444343,1.0000000000000673,63.888888888888886,0
584,494.0361111111111,0.8583333333332916,0.8666666666666742,0.8444444444444343,1.0164473684210154,72.22222222222223,0
585,494.90277777777777,0.8666666666666742,0.8777777777777942,0.8444444444444343,1.0263157894737054,63.888888888888886,0
586,495.78055555555557,0.8777777777777942,0.8499999999999659,0.8444444444444343,1.0394736842105583,61.111111111111114,0
587,496.63055555555553,0.8499999999999659,0.8388888888889028,0.8444444444444343,1.0065789473683928,69.44444444444444,0
588,497.46944444444443,0.8388888888889028,0.8194444444444571,0.8444444444444343,0.9934210526316073,72.22222222222223,0
589,498.2888888888889,0.8194444444444571,0.8249999999999886,0.8444444444444343,0.9703947368421318,63.888888888888886,0
590,499.1138888888889,0.8249999999999886,0.8555555555555543,0.8444444444444343,0.9769736842105246,63.888888888888886,0
591,499.96944444444443,0.8555555555555543,0.9055555555555657,0.8444444444444343,1.0131578947368527,63.888888888888886,0
592,500.875,0.9055555555555657,0.8777777777777942,0.8444444444444343,1.0723684210526563,66.66666666666667,0
593,501.7527777777778,0.8777777777777942,0.8472222222222285,0.8444444444444343,1.0394736842105583,66.66666666666667,0
594,502.6,0.8472222222222285,0.8305555555555202,0.8444444444444343,1.00328947368423,63.888888888888886,0
595,503.43055555555554,0.8305555555555202,0.8138888888889255,0.8444444444444343,0.9835526315789173,69.44444444444444,0
596,504.24444444444447,0.8138888888889255,0.8416666666666401,0.8444444444444343,0.9638157894737391,61.111111111111114,0
597,505.0861111111111,0.8416666666666401,0.7333333333333485,0.8444444444444343,0.99671052631577,66.66666666666667,0
598,505.81944444444446,0.7333333333333485,0.9222222222222172,0.8444444444444343,0.8684210526316073,91.66666666666667,0
599,506.7416666666667,0.9222222222222172,0.8694444444444116,0.8444444444444343,1.0921052631579018,69.44444444444444,0
600,507.6111111111111,0.8694444444444116,0.8805555555555884,0.8444444444444343,1.0296052631578683,66.66666666666667,0
601,508.4916666666667,0.8805555555555884,0.8277777777777828,0.8444444444444343,1.0427631578947882,72.22222222222223,0
602,509.31944444444446,0.8277777777777828,0.8083333333333371,0.8444444444444343,0.9802631578947546,58.333333333333336,0
603,510.1277777777778,0.8083333333333371,0.8249999999999886,0.8444444444444343,0.9572368421052792,61.111111111111114,0
604,510.9527777777778,0.8249999999999886,0.8472222222222285,0.8444444444444343,0.9769736842105246,63.888888888888886,0
605,511.8,0.8472222222222285,0.8916666666667084,0.8444444444444343,1.00328947368423,69.44444444444444,0
606,512.6916666666667,0.8916666666667084,0.3305555555555202,0.8444444444444343,1.055921052631641,66.66666666666667,0
607,513.0222222222222,0.3305555555555202,0.5583333333332803,0.8444444444444343,0.3914473684210154,36.111111111111114,0
608,513.5805555555555,0.5583333333332803,0.8638888888889369,0.8444444444444343,0.6611842105262609,75.0,0
609,514.4444444444445,0.8638888888889369,0.8222222222221944,0.8444444444444343,1.0230263157895427,69.44444444444444,0
610,515.2666666666667,0.8222222222221944,0.8333333333333712,0.8444444444444343,0.9736842105262945,61.111111111111114,0
611,516.1,0.8333333333333712,0.8277777777777828,0.8444444444444343,0.9868421052632146,72.22222222222223,0
612,516.9277777777778,0.8277777777777828,0.8416666666665833,0.8444444444444343,0.9802631578947546,66.66666666666667,0
613,517.7694444444444,0.8416666666665833,0.8666666666666742,0.8444444444444343,0.9967105263157027,63.888888888888886,0
614,518.6361111111111,0.8666666666666742,0.8805555555555884,0.8444444444444343,1.0263157894737054,72.22222222222223,0
615,519.5166666666667,0.8805555555555884,0.8722222222222626,0.8444444444444343,1.0427631578947882,69.44444444444444,0
616,520.3888888888889,0.8722222222222626,0.8500000000000227,0.8444444444444343,1.0328947368421655,66.66666666666667,0
617,521.2388888888889,0.8500000000000227,0.8138888888888687,0.8444444444444343,1.00657894736846,63.888888888888886,0
618,522.0527777777778,0.8138888888888687,0.816666666666606,0.8444444444444343,0.9638157894736719,69.44444444444444,0
619,522.8694444444444,0.816666666666606,0.8611111111111995,0.8444444444444343,0.9671052631578345,69.44444444444444,0
620,523.7305555555556,0.8611111111111995,0.8916666666666515,0.8444444444444343,1.01973684210538,72.22222222222223,0
621,524.6222222222223,0.8916666666666515,0.8777777777777374,0.8444444444444343,1.0559210526315737,69.44444444444444,0
622,525.5,0.8777777777777374,0.8555555555556111,0.8444444444444343,1.0394736842104908,69.44444444444444,0
623,526.3555555555556,0.8555555555556111,0.8388888888888459,0.8444444444444343,1.01315789473692,66.66666666666667,0
624,527.1944444444445,0.8388888888888459,0.8194444444444571,0.8444444444444343,0.99342105263154,72.22222222222223,0
625,528.0138888888889,0.8194444444444571,0.8388888888888459,0.8444444444444343,0.9703947368421318,66.66666666666667,0
626,528.8527777777778,0.8388888888888459,0.8388888888889596,0.8444444444444343,0.99342105263154,75.0,0
627,529.6916666666667,0.8388888888889596,0.8555555555554974,0.8444444444444343,0.9934210526316746,63.888888888888886,0
628,530.5472222222222,0.8555555555554974,0.8888888888889142,0.8444444444444343,1.0131578947367854,72.22222222222223,0
629,531.4361111111111,0.8888888888889142,0.8833333333333258,0.8444444444444343,1.052631578947411,58.333333333333336,0
630,532.3194444444445,0.8833333333333258,0.8388888888888459,0.8444444444444343,1.046052631578951,63.888888888888886,0
631,533.1583333333333,0.8388888888888459,0.8111111111111313,0.8444444444444343,0.99342105263154,66.66666666666667,0
632,533.9694444444444,0.8111111111111313,0.8305555555555202,0.8444444444444343,0.9605263157895091,69.44444444444444,0
633,534.8,0.8305555555555202,0.8472222222222854,0.8444444444444343,0.9835526315789173,63.888888888888886,0
634,535.6472222222222,0.8472222222222854,0.8888888888889142,0.8444444444444343,1.0032894736842972,61.111111111111114,0
635,536.5361111111112,0.8888888888889142,0.872222222222149,0.8444444444444343,1.052631578947411,75.0,0
636,537.4083333333333,0.872222222222149,0.8555555555556111,0.8444444444444343,1.032894736842031,72.22222222222223,0
637,538.2638888888889,0.8555555555556111,0.8472222222221717,0.8444444444444343,1.01315789473692,69.44444444444444,0
638,539.1111111111111,0.8472222222221717,0.8361111111111086,0.8444444444444343,1.0032894736841627,63.888888888888886,0
639,539.9472222222222,0.8361111111111086,0.8277777777777828,0.8444444444444343,0.9901315789473772,66.66666666666667,0
640,540.775,0.8277777777777828,0.8277777777777828,0.8444444444444343,0.9802631578947546,66.66666666666667,0
641,541.6027777777778,0.8277777777777828,0.8722222222222626,0.8444444444444343,0.9802631578947546,66.66666666666667,0
642,542.475,0.8722222222222626,0.875,0.8444444444444343,1.0328947368421655,61.111111111111114,0
643,543.35,0.875,0.3305555555555202,0.8444444444444343,1.0361842105263281,63.888888888888886,0
644,543.6805555555555,0.3305555555555202,0.5444444444444798,0.8444444444444343,0.3914473684210154,44.44444444444444,0
645,544.225,0.5444444444444798,0.841666666666697,0.8444444444444343,0.6447368421053128,63.888888888888886,0
646,545.0666666666667,0.841666666666697,0.8194444444443434,0.8444444444444343,0.9967105263158373,63.888888888888886,0
647,545.8861111111111,0.8194444444443434,0.8277777777777828,0.8444444444444343,0.9703947368419972,69.44444444444444,0
648,546.7138888888888,0.8277777777777828,0.8666666666666742,0.8444444444444343,0.9802631578947546,69.44444444444444,0
649,547.5805555555555,0.8666666666666742,0.8694444444445253,0.8444444444444343,1.0263157894737054,63.888888888888886,0
650,548.45,0.8694444444445253,0.8638888888888232,0.8444444444444343,1.0296052631580028,63.888888888888886,0
651,549.3138888888889,0.8638888888888232,0.8694444444444116,0.8444444444444343,1.0230263157894082,75.0,0
652,550.1833333333333,0.8694444444444116,0.8361111111111086,0.8444444444444343,1.0296052631578683,61.111111111111114,0
653,551.0194444444444,0.8361111111111086,0.8277777777777828,0.8444444444444343,0.9901315789473772,69.44444444444444,0
654,551.8472222222222,0.8277777777777828,0.8250000000000455,0.8444444444444343,0.9802631578947546,61.111111111111114,0
655,552.6722222222222,0.8250000000000455,0.8333333333333712,0.8444444444444343,0.9769736842105918,69.44444444444444,0
656,553.5055555555556,0.8333333333333712,0.8666666666666742,0.8444444444444343,0.9868421052632146,61.111111111111114,0
657,554.3722222222223,0.8666666666666742,0.908333333333303,0.8444444444444343,1.0263157894737054,58.333333333333336,0
658,555.2805555555556,0.908333333333303,0.8694444444444116,0.8444444444444343,1.0756578947368192,66.66666666666667,0
659,556.15,0.8694444444444116,0.8388888888889596,0.8444444444444343,1.0296052631578683,75.0,0
660,556.9888888888889,0.8388888888889596,0.8194444444443434,0.8444444444444343,0.9934210526316746,63.888888888888886,0
661,557.8083333333333,0.8194444444443434,0.8166666666667197,0.8444444444444343,0.9703947368419972,66.66666666666667,0
662,558.625,0.8166666666667197,0.8527777777777601,0.8444444444444343,0.9671052631579692,66.66666666666667,0
663,559.4777777777778,0.8527777777777601,0.8694444444444116,0.8444444444444343,1.0098684210526228,61.111111111111114,0
664,560.3472222222222,0.8694444444444116,0.8722222222222626,0.8444444444444343,1.0296052631578683,63.888888888888886,0
665,561.2194444444444,0.8722222222222626,0.8694444444444116,0.8444444444444343,1.0328947368421655,63.888888888888886,0
666,562.0888888888888,0.8694444444444116,0.8638888888889369,0.8444444444444343,1.0296052631578683,61.111111111111114,0
667,562.9527777777778,0.8638888888889369,0.8222222222221944,0.8444444444444343,1.0230263157895427,61.111111111111114,0
668,563.775,0.8222222222221944,0.8055555555555429,0.8444444444444343,0.9736842105262945,69.44444444444444,0
669,564.5805555555555,0.8055555555555429,0.8333333333333712,0.8444444444444343,0.9539473684210491,58.333333333333336,0
670,565.4138888888889,0.8333333333333712,0.8666666666666742,0.8444444444444343,0.9868421052632146,55.55555555555556,0
671,566.2805555555556,0.8666666666666742,0.8944444444443889,0.8444444444444343,1.0263157894737054,55.55555555555556,0
672,567.175,0.8944444444443889,0.875,0.8444444444444343,1.0592105263157363,72.22222222222223,0
673,568.05,0.875,0.8472222222222854,0.8444444444444343,1.0361842105263281,72.22222222222223,0
674,568.8972222222222,0.8472222222222854,0.816666666666606,0.8444444444444343,1.0032894736842972,63.888888888888886,0
675,569.7138888888888,0.816666666666606,0.8472222222222854,0.8444444444444343,0.9671052631578345,61.111111111111114,0
676,570.5611111111111,0.8472222222222854,0.8333333333332575,0.8444444444444343,1.0032894736842972,66.66666666666667,0
677,571.3944444444444,0.8333333333332575,0.8500000000000227,0.8444444444444343,0.9868421052630799,66.66666666666667,0
678,572.2444444444444,0.8500000000000227,0.875,0.8444444444444343,1.00657894736846,61.111111111111114,0
679,573.1194444444444,0.875,0.8666666666666742,0.8444444444444343,1.0361842105263281,66.66666666666667,0
680,573.9861111111111,0.8666666666666742,0.8583333333333485,0.8444444444444343,1.0263157894737054,61.111111111111114,0
681,574.8444444444444,0.8583333333333485,0.8277777777777828,0.8444444444444343,1.0164473684210829,69.44444444444444,0
682,575.6722222222222,0.8277777777777828,0.8194444444444571,0.8444444444444343,0.9802631578947546,69.44444444444444,0
683,576.4916666666667,0.8194444444444571,0.8277777777777828,0.8444444444444343,0.9703947368421318,63.888888888888886,0
684,577.3194444444445,0.8277777777777828,0.8916666666666515,0.8444444444444343,0.9802631578947546,66.66666666666667,0
685,578.2111111111111,0.8916666666666515,0.8861111111110631,0.8444444444444343,1.0559210526315737,72.22222222222223,0
686,579.0972222222222,0.8861111111110631,0.8583333333333485,0.8444444444444343,1.0493421052631136,63.888888888888886,0
687,579.9555555555555,0.8583333333333485,0.8500000000000227,0.8444444444444343,1.0164473684210829,80.55555555555556,0
688,580.8055555555555,0.8500000000000227,0.8166666666667197,0.8444444444444343,1.00657894736846,63.888888888888886,0
689,581.6222222222223,0.8166666666667197,0.8361111111111086,0.8444444444444343,0.9671052631579692,61.111111111111114,0
690,582.4583333333334,0.8361111111111086,0.8388888888888459,0.8444444444444343,0.9901315789473772,66.66666666666667,0
691,583.2972222222222,0.8388888888888459,0.8555555555556111,0.8444444444444343,0.99342105263154,63.888888888888886,0
692,584.1527777777778,0.8555555555556111,0.8694444444444116,0.8444444444444343,1.01315789473692,66.66666666666667,0
693,585.0222222222222,0.8694444444444116,0.8972222222222399,0.8444444444444343,1.0296052631578683,72.22222222222223,0
694,585.9194444444445,0.8972222222222399,0.8527777777777601,0.8444444444444343,1.0625000000000338,72.22222222222223,0
695,586.7722222222222,0.8527777777777601,0.816666666666606,0.8444444444444343,1.0098684210526228,61.111111111111114,0
696,587.5888888888888,0.816666666666606,0.8194444444444571,0.8444444444444343,0.9671052631578345,66.66666666666667,0
697,588.4083333333333,0.8194444444444571,0.8305555555556339,0.8444444444444343,0.9703947368421318,66.66666666666667,0
698,589.2388888888889,0.8305555555556339,0.875,0.8444444444444343,0.9835526315790519,69.44444444444444,0
699,590.1138888888889,0.875,0.8944444444443889,0.8444444444444343,1.0361842105263281,77.77777777777777,0
700,591.0083333333333,0.8944444444443889,0.8666666666666742,0.8444444444444343,1.0592105263157363,69.44444444444444,0
701,591.875,0.8666666666666742,0.6222222222222626,0.8444444444444343,1.0263157894737054,77.77777777777777,0
702,592.4972222222223,0.6222222222222626,0.908333333333303,0.8444444444444343,0.7368421052632146,77.77777777777777,0
703,593.4055555555556,0.908333333333303,0.8277777777777828,0.8444444444444343,1.0756578947368192,72.22222222222223,0
704,594.2333333333333,0.8277777777777828,0.8222222222221944,0.8444444444444343,0.9802631578947546,66.66666666666667,0
705,595.0555555555555,0.8222222222221944,0.841666666666697,0.8444444444444343,0.9736842105262945,66.66666666666667,0
706,595.8972222222222,0.841666666666697,0.8777777777777374,0.8444444444444343,0.9967105263158373,80.55555555555556,0
707,596.775,0.8777777777777374,0.8833333333333258,0.8444444444444343,1.0394736842104908,66.66666666666667,0
708,597.6583333333333,0.8833333333333258,0.8694444444445253,0.8444444444444343,1.046052631578951,75.0,0
709,598.5277777777778,0.8694444444445253,0.8249999999999318,0.8444444444444343,1.0296052631580028,66.66666666666667,0
710,599.3527777777778,0.8249999999999318,0.8138888888888687,0.8444444444444343,0.9769736842104573,69.44444444444444,0
711,600.1666666666666,0.8138888888888687,0.841666666666697,0.8444444444444343,0.9638157894736719,66.66666666666667,0
712,601.0083333333333,0.841666666666697,0.8666666666666742,0.8444444444444343,0.9967105263158373,69.44444444444444,0
713,601.875,0.8666666666666742,0.8722222222222626,0.8444444444444343,1.0263157894737054,69.44444444444444,0
714,602.7472222222223,0.8722222222222626,0.8666666666666742,0.8444444444444343,1.0328947368421655,69.44444444444444,0
715,603.6138888888889,0.8666666666666742,0.8638888888888232,0.8444444444444343,1.0263157894737054,63.888888888888886,0
716,604.4777777777778,0.8638888888888232,0.8277777777777828,0.8444444444444343,1.0230263157894082,66.66666666666667,0
717,605.3055555555555,0.8277777777777828,0.8305555555555202,0.8444444444444343,0.9802631578947546,66.66666666666667,0
718,606.1361111111111,0.8305555555555202,0.8250000000000455,0.8444444444444343,0.9835526315789173,69.44444444444444,0
719,606.9611111111111,0.8250000000000455,0.8388888888888459,0.8444444444444343,0.9769736842105918,69.44444444444444,0
720,607.8,0.8388888888888459,0.8805555555555884,0.8444444444444343,0.99342105263154,69.44444444444444,0
721,608.6805555555555,0.8805555555555884,0.8999999999999773,0.8444444444444343,1.0427631578947882,63.888888888888886,0
722,609.5805555555555,0.8999999999999773,0.8611111111111995,0.8444444444444343,1.0657894736841964,75.0,0
723,610.4416666666667,0.8611111111111995,0.8277777777776691,0.8444444444444343,1.01973684210538,66.66666666666667,0
724,611.2694444444444,0.8277777777776691,0.8222222222223081,0.8444444444444343,0.9802631578946199,63.888888888888886,0
725,612.0916666666667,0.8222222222223081,0.8222222222221944,0.8444444444444343,0.9736842105264292,66.66666666666667,0
726,612.9138888888889,0.8222222222221944,0.8638888888889369,0.8444444444444343,0.9736842105262945,75.0,0
727,613.7777777777778,0.8638888888889369,0.875,0.8444444444444343,1.0230263157895427,63.888888888888886,0
728,614.6527777777778,0.875,0.655555555555452,0.8444444444444343,1.0361842105263281,72.22222222222223,0
729,615.3083333333333,0.655555555555452,0.9166666666667425,0.8444444444444343,0.7763157894735708,91.66666666666667,0
730,616.225,0.9166666666667425,0.8583333333333485,0.8444444444444343,1.0855263157895765,66.66666666666667,0
731,617.0833333333334,0.8583333333333485,0.816666666666606,0.8444444444444343,1.0164473684210829,66.66666666666667,0
732,617.9,0.816666666666606,0.8111111111111313,0.8444444444444343,0.9671052631578345,72.22222222222223,0
733,618.7111111111111,0.8111111111111313,0.8333333333333712,0.8444444444444343,0.9605263157895091,63.888888888888886,0
734,619.5444444444445,0.8333333333333712,0.8694444444444116,0.8444444444444343,0.9868421052632146,66.66666666666667,0
735,620.4138888888889,0.8694444444444116,0.8916666666666515,0.8444444444444343,1.0296052631578683,69.44444444444444,0
736,621.3055555555555,0.8916666666666515,0.8805555555555884,0.8444444444444343,1.0559210526315737,61.111111111111114,0
737,622.1861111111111,0.8805555555555884,0.8472222222221717,0.8444444444444343,1.0427631578947882,69.44444444444444,0
738,623.0333333333333,0.8472222222221717,0.808333333333394,0.8444444444444343,1.0032894736841627,69.44444444444444,0
739,623.8416666666667,0.808333333333394,0.8388888888888459,0.8444444444444343,0.9572368421053464,66.66666666666667,0
740,624.6805555555555,0.8388888888888459,0.8444444444444343,0.8444444444444343,0.99342105263154,61.111111111111114,0
741,625.525,0.8444444444444343,0.8638888888889369,0.8444444444444343,1.0,58.333333333333336,0
742,626.3888888888889,0.8638888888889369,0.872222222222149,0.8444444444444343,1.0230263157895427,63.888888888888886,0
743,627.2611111111111,0.872222222222149,0.8694444444445253,0.8444444444444343,1.032894736842031,63.888888888888886,0
744,628.1305555555556,0.8694444444445253,0.8500000000000227,0.8444444444444343,1.0296052631580028,69.44444444444444,0
745,628.9805555555556,0.8500000000000227,0.8333333333332575,0.8444444444444343,1.00657894736846,66.66666666666667,0
746,629.8138888888889,0.8333333333332575,0.8138888888888687,0.8444444444444343,0.9868421052630799,72.22222222222223,0
747,630.6277777777777,0.8138888888888687,0.8250000000000455,0.8444444444444343,0.9638157894736719,69.44444444444444,0
748,631.4527777777778,0.8250000000000455,0.8861111111110631,0.8444444444444343,0.9769736842105918,69.44444444444444,0
749,632.3388888888888,0.8861111111110631,0.8972222222222399,0.8444444444444343,1.0493421052631136,75.0,0
750,633.2361111111111,0.8972222222222399,0.8722222222222626,0.8444444444444343,1.0625000000000338,72.22222222222223,0
751,634.1083333333333,0.8722222222222626,0.8361111111111086,0.8444444444444343,1.0328947368421655,69.44444444444444,0
752,634.9444444444445,0.8361111111111086,0.8305555555555202,0.8444444444444343,0.9901315789473772,63.888888888888886,0
753,635.775,0.8305555555555202,0.8222222222221944,0.8444444444444343,0.9835526315789173,61.111111111111114,0
754,636.5972222222222,0.8222222222221944,0.8500000000000227,0.8444444444444343,0.9736842105262945,69.44444444444444,0
755,637.4472222222222,0.8500000000000227,0.8611111111110858,0.8444444444444343,1.00657894736846,69.44444444444444,0
756,638.3083333333333,0.8611111111110858,0.8638888888889369,0.8444444444444343,1.0197368421052455,69.44444444444444,0
757,639.1722222222222,0.8638888888889369,0.8777777777777374,0.8444444444444343,1.0230263157895427,66.66666666666667,0
758,640.05,0.8777777777777374,0.8638888888889369,0.8444444444444343,1.0394736842104908,55.55555555555556,0
759,640.9138888888889,0.8638888888889369,0.8250000000000455,0.8444444444444343,1.0230263157895427,63.888888888888886,0
760,641.7388888888889,0.8250000000000455,0.8111111111110176,0.8444444444444343,0.9769736842105918,66.66666666666667,0
761,642.55,0.8111111111110176,0.8388888888889596,0.8444444444444343,0.9605263157893745,69.44444444444444,0
762,643.3888888888889,0.8388888888889596,0.872222222222149,0.8444444444444343,0.9934210526316746,52.77777777777778,0
763,644.2611111111111,0.872222222222149,0.8972222222222399,0.8444444444444343,1.032894736842031,61.111111111111114,0
764,645.1583333333333,0.8972222222222399,0.8666666666666742,0.8444444444444343,1.0625000000000338,58.333333333333336,0
765,646.025,0.8666666666666742,0.8388888888889596,0.8444444444444343,1.0263157894737054,63.888888888888886,0
766,646.8638888888889,0.8388888888889596,0.8305555555555202,0.8444444444444343,0.9934210526316746,61.111111111111114,0
767,647.6944444444445,0.8305555555555202,0.841666666666697,0.8444444444444343,0.9835526315789173,66.66666666666667,0
768,648.5361111111112,0.841666666666697,0.8333333333332575,0.8444444444444343,0.9967105263158373,66.66666666666667,0
769,649.3694444444444,0.8333333333332575,0.8500000000000227,0.8444444444444343,0.9868421052630799,69.44444444444444,0
770,650.2194444444444,0.8500000000000227,0.8805555555555884,0.8444444444444343,1.00657894736846,61.111111111111114,0
771,651.1,0.8805555555555884,0.8666666666666742,0.8444444444444343,1.0427631578947882,61.111111111111114,0
772,651.9666666666667,0.8666666666666742,0.8555555555554974,0.8444444444444343,1.0263157894737054,61.111111111111114,0
773,652.8222222222222,0.8555555555554974,0.8250000000000455,0.8444444444444343,1.0131578947367854,63.888888888888886,0
774,653.6472222222222,0.8250000000000455,0.8138888888888687,0.8444444444444343,0.9769736842105918,69.44444444444444,0
775,654.4611111111111,0.8138888888888687,0.8388888888888459,0.8444444444444343,0.9638157894736719,69.44444444444444,0
776,655.3,0.8388888888888459,0.8916666666667652,0.8444444444444343,0.99342105263154,66.66666666666667,0
777,656.1916666666667,0.8916666666667652,0.8833333333333258,0.8444444444444343,1.0559210526317082,66.66666666666667,0
778,657.075,0.8833333333333258,0.8611111111110858,0.8444444444444343,1.046052631578951,72.22222222222223,0
779,657.9361111111111,0.8611111111110858,0.8500000000000227,0.8444444444444343,1.0197368421052455,69.44444444444444,0
780,658.7861111111112,0.8500000000000227,0.8194444444444571,0.8444444444444343,1.00657894736846,69.44444444444444,0
781,659.6055555555556,0.8194444444444571,0.8277777777776691,0.8444444444444343,0.9703947368421318,66.66666666666667,0
782,660.4333333333333,0.8277777777776691,0.8333333333333712,0.8444444444444343,0.9802631578946199,69.44444444444444,0
783,661.2666666666667,0.8333333333333712,0.8555555555556111,0.8444444444444343,0.9868421052632146,69.44444444444444,0
784,662.1222222222223,0.8555555555556111,0.8777777777777374,0.8444444444444343,1.01315789473692,69.44444444444444,0
785,663.0,0.8777777777777374,0.8999999999999773,0.8444444444444343,1.0394736842104908,75.0,0
786,663.9,0.8999999999999773,0.8500000000000227,0.8444444444444343,1.0657894736841964,77.77777777777777,0
787,664.75,0.8500000000000227,0.8194444444444571,0.8444444444444343,1.00657894736846,72.22222222222223,0
788,665.5694444444445,0.8194444444444571,0.8222222222221944,0.8444444444444343,0.9703947368421318,69.44444444444444,0
789,666.3916666666667,0.8222222222221944,0.8277777777777828,0.8444444444444343,0.9736842105262945,69.44444444444444,0
790,667.2194444444444,0.8277777777777828,0.875,0.8444444444444343,0.9802631578947546,75.0,0
791,668.0944444444444,0.875,0.8833333333333258,0.8444444444444343,1.0361842105263281,77.77777777777777,0
792,668.9777777777778,0.8833333333333258,0.8694444444444116,0.8444444444444343,1.046052631578951,69.44444444444444,0
793,669.8472222222222,0.8694444444444116,0.8472222222222854,0.8444444444444343,1.0296052631578683,75.0,0
794,670.6944444444445,0.8472222222222854,0.8472222222221717,0.8444444444444343,1.0032894736842972,58.333333333333336,0
795,671.5416666666666,0.8472222222221717,0.8222222222223081,0.8444444444444343,1.0032894736841627,69.44444444444444,0
796,672.3638888888889,0.8222222222223081,0.8138888888888687,0.8444444444444343,0.9736842105264292,72.22222222222223,0
797,673.1777777777778,0.8138888888888687,0.8527777777777601,0.8444444444444343,0.9638157894736719,66.66666666666667,0
798,674.0305555555556,0.8527777777777601,0.8777777777777374,0.8444444444444343,1.0098684210526228,66.66666666666667,0
799,674.9083333333333,0.8777777777777374,0.32777777777778283,0.8444444444444343,1.0394736842104908,77.77777777777777,0
800,675.2361111111111,0.32777777777778283,0.558333333333394,0.8444444444444343,0.38815789473685275,55.55555555555556,0
801,675.7944444444445,0.558333333333394,0.8583333333333485,0.8444444444444343,0.6611842105263955,72.22222222222223,0
802,676.6527777777778,0.8583333333333485,0.8277777777777828,0.8444444444444343,1.0164473684210829,66.66666666666667,0
803,677.4805555555556,0.8277777777777828,0.816666666666606,0.8444444444444343,0.9802631578947546,66.66666666666667,0
804,678.2972222222222,0.816666666666606,0.8527777777777601,0.8444444444444343,0.9671052631578345,66.66666666666667,0
805,679.15,0.8527777777777601,0.8611111111110858,0.8444444444444343,1.0098684210526228,63.888888888888886,0
806,680.0111111111111,0.8611111111110858,0.8611111111111995,0.8444444444444343,1.0197368421052455,66.66666666666667,0
807,680.8722222222223,0.8611111111111995,0.872222222222149,0.8444444444444343,1.01973684210538,66.66666666666667,0
808,681.7444444444444,0.872222222222149,0.8527777777777601,0.8444444444444343,1.032894736842031,72.22222222222223,0
809,682.5972222222222,0.8527777777777601,0.8388888888889596,0.8444444444444343,1.0098684210526228,75.0,0
810,683.4361111111111,0.8388888888889596,0.8277777777777828,0.8444444444444343,0.9934210526316746,75.0,0
811,684.2638888888889,0.8277777777777828,0.8249999999999318,0.8444444444444343,0.9802631578947546,72.22222222222223,0
812,685.0888888888888,0.8249999999999318,0.8444444444444343,0.8444444444444343,0.9769736842104573,72.22222222222223,0
813,685.9333333333333,0.8444444444444343,0.8805555555555884,0.8444444444444343,1.0,77.77777777777777,0
814,686.8138888888889,0.8805555555555884,0.35555555555561114,0.8444444444444343,1.0427631578947882,83.33333333333333,0
815,687.1694444444445,0.35555555555561114,0.5472222222222172,0.8444444444444343,0.42105263157901823,33.333333333333336,0
816,687.7166666666667,0.5472222222222172,0.8472222222221717,0.8444444444444343,0.6480263157894754,75.0,0
817,688.5638888888889,0.8472222222221717,0.8333333333333712,0.8444444444444343,1.0032894736841627,69.44444444444444,0
818,689.3972222222222,0.8333333333333712,0.816666666666606,0.8444444444444343,0.9868421052632146,66.66666666666667,0
819,690.2138888888888,0.816666666666606,0.841666666666697,0.8444444444444343,0.9671052631578345,75.0,0
820,691.0555555555555,0.841666666666697,0.8583333333333485,0.8444444444444343,0.9967105263158373,69.44444444444444,0
821,691.9138888888889,0.8583333333333485,0.875,0.8444444444444343,1.0164473684210829,72.22222222222223,0
822,692.7888888888889,0.875,0.8638888888889369,0.8444444444444343,1.0361842105263281,77.77777777777777,0
823,693.6527777777778,0.8638888888889369,0.8805555555554747,0.8444444444444343,1.0230263157895427,69.44444444444444,0
824,694.5333333333333,0.8805555555554747,0.8305555555556339,0.8444444444444343,1.0427631578946537,77.77777777777777,0
825,695.3638888888889,0.8305555555556339,0.8111111111110176,0.8444444444444343,0.9835526315790519,72.22222222222223,0
826,696.175,0.8111111111110176,0.8222222222223081,0.8444444444444343,0.9605263157893745,66.66666666666667,0
827,696.9972222222223,0.8222222222223081,0.8472222222221717,0.8444444444444343,0.9736842105264292,72.22222222222223,0
828,697.8444444444444,0.8472222222221717,0.8916666666666515,0.8444444444444343,1.0032894736841627,69.44444444444444,0
829,698.7361111111111,0.8916666666666515,0.8944444444445026,0.8444444444444343,1.0559210526315737,75.0,0
830,699.6305555555556,0.8944444444445026,0.8555555555554974,0.8444444444444343,1.0592105263158709,69.44444444444444,0
831,700.4861111111111,0.8555555555554974,0.8194444444444571,0.8444444444444343,1.0131578947367854,75.0,0
832,701.3055555555555,0.8194444444444571,0.841666666666697,0.8444444444444343,0.9703947368421318,61.111111111111114,0
833,702.1472222222222,0.841666666666697,0.8333333333333712,0.8444444444444343,0.9967105263158373,80.55555555555556,0
834,702.9805555555556,0.8333333333333712,0.8388888888888459,0.8444444444444343,0.9868421052632146,72.22222222222223,0
835,703.8194444444445,0.8388888888888459,0.8694444444444116,0.8444444444444343,0.99342105263154,69.44444444444444,0
836,704.6888888888889,0.8694444444444116,0.875,0.8444444444444343,1.0296052631578683,77.77777777777777,0
837,705.5638888888889,0.875,0.8694444444444116,0.8444444444444343,1.0361842105263281,75.0,0
838,706.4333333333333,0.8694444444444116,0.841666666666697,0.8444444444444343,1.0296052631578683,66.66666666666667,0
839,707.275,0.841666666666697,0.8166666666667197,0.8444444444444343,0.9967105263158373,72.22222222222223,0
840,708.0916666666667,0.8166666666667197,0.8138888888888687,0.8444444444444343,0.9671052631579692,69.44444444444444,0
841,708.9055555555556,0.8138888888888687,0.8638888888888232,0.8444444444444343,0.9638157894736719,66.66666666666667,0
842,709.7694444444444,0.8638888888888232,0.8861111111111768,0.8444444444444343,1.0230263157894082,75.0,0
843,710.6555555555556,0.8861111111111768,0.8777777777777374,0.8444444444444343,1.0493421052632483,75.0,0
844,711.5333333333333,0.8777777777777374,0.8583333333333485,0.8444444444444343,1.0394736842104908,66.66666666666667,0
845,712.3916666666667,0.8583333333333485,0.8361111111111086,0.8444444444444343,1.0164473684210829,66.66666666666667,0
846,713.2277777777778,0.8361111111111086,0.8222222222221944,0.8444444444444343,0.9901315789473772,66.66666666666667,0
847,714.05,0.8222222222221944,0.8388888888889596,0.8444444444444343,0.9736842105262945,69.44444444444444,0
848,714.8888888888889,0.8388888888889596,0.841666666666697,0.8444444444444343,0.9934210526316746,66.66666666666667,0
849,715.7305555555556,0.841666666666697,0.8611111111110858,0.8444444444444343,0.9967105263158373,63.888888888888886,0
850,716.5916666666667,0.8611111111110858,0.8861111111110631,0.8444444444444343,1.0197368421052455,63.888888888888886,0
851,717.4777777777778,0.8861111111110631,0.877777777777851,0.8444444444444343,1.0493421052631136,72.22222222222223,0
852,718.3555555555556,0.877777777777851,0.8361111111111086,0.8444444444444343,1.0394736842106256,63.888888888888886,0
853,719.1916666666667,0.8361111111111086,0.8138888888888687,0.8444444444444343,0.9901315789473772,66.66666666666667,0
854,720.0055555555556,0.8138888888888687,0.8305555555555202,0.8444444444444343,0.9638157894736719,75.0,0
855,720.8361111111111,0.8305555555555202,0.8444444444444343,0.8444444444444343,0.9835526315789173,63.888888888888886,0
856,721.6805555555555,0.8444444444444343,0.8888888888889142,0.8444444444444343,1.0,72.22222222222223,0
857,722.5694444444445,0.8888888888889142,0.8805555555555884,0.8444444444444343,1.052631578947411,61.111111111111114,0
858,723.45,0.8805555555555884,0.8583333333332348,0.8444444444444343,1.0427631578947882,61.111111111111114,0
859,724.3083333333333,0.8583333333332348,0.8388888888889596,0.8444444444444343,1.016447368420948,61.111111111111114,0
860,725.1472222222222,0.8388888888889596,0.8388888888888459,0.8444444444444343,0.9934210526316746,66.66666666666667,0
861,725.9861111111111,0.8388888888888459,0.8250000000000455,0.8444444444444343,0.99342105263154,63.888888888888886,0
862,726.8111111111111,0.8250000000000455,0.8249999999999318,0.8444444444444343,0.9769736842105918,63.888888888888886,0
863,727.6361111111111,0.8249999999999318,0.8694444444445253,0.8444444444444343,0.9769736842104573,66.66666666666667,0
864,728.5055555555556,0.8694444444445253,0.875,0.8444444444444343,1.0296052631580028,66.66666666666667,0
865,729.3805555555556,0.875,0.8777777777777374,0.8444444444444343,1.0361842105263281,72.22222222222223,0
866,730.2583333333333,0.8777777777777374,0.841666666666697,0.8444444444444343,1.0394736842104908,69.44444444444444,0
867,731.1,0.841666666666697,0.8222222222221944,0.8444444444444343,0.9967105263158373,63.888888888888886,0
868,731.9222222222222,0.8222222222221944,0.8194444444444571,0.8444444444444343,0.9736842105262945,66.66666666666667,0
869,732.7416666666667,0.8194444444444571,0.8694444444444116,0.8444444444444343,0.9703947368421318,66.66666666666667,0
870,733.6111111111111,0.8694444444444116,0.8722222222222626,0.8444444444444343,1.0296052631578683,72.22222222222223,0
871,734.4833333333333,0.8722222222222626,0.8638888888888232,0.8444444444444343,1.0328947368421655,58.333333333333336,0
872,735.3472222222222,0.8638888888888232,0.8722222222222626,0.8444444444444343,1.0230263157894082,69.44444444444444,0
873,736.2194444444444,0.8722222222222626,0.8361111111111086,0.8444444444444343,1.0328947368421655,77.77777777777777,0
874,737.0555555555555,0.8361111111111086,0.8277777777777828,0.8444444444444343,0.9901315789473772,69.44444444444444,0
875,737.8833333333333,0.8277777777777828,0.8333333333333712,0.8444444444444343,0.9802631578947546,63.888888888888886,0
876,738.7166666666667,0.8333333333333712,0.8388888888888459,0.8444444444444343,0.9868421052632146,69.44444444444444,0
877,739.5555555555555,0.8388888888888459,0.8611111111110858,0.8444444444444343,0.99342105263154,69.44444444444444,0
878,740.4166666666666,0.8611111111110858,0.8944444444445026,0.8444444444444343,1.0197368421052455,75.0,0
879,741.3111111111111,0.8944444444445026,0.8777777777777374,0.8444444444444343,1.0592105263158709,72.22222222222223,0
880,742.1888888888889,0.8777777777777374,0.8361111111111086,0.8444444444444343,1.0394736842104908,72.22222222222223,0
881,743.025,0.8361111111111086,0.8194444444444571,0.8444444444444343,0.9901315789473772,69.44444444444444,0
882,743.8444444444444,0.8194444444444571,0.8250000000000455,0.8444444444444343,0.9703947368421318,69.44444444444444,0
883,744.6694444444445,0.8250000000000455,0.8527777777777601,0.8444444444444343,0.9769736842105918,69.44444444444444,0
884,745.5222222222222,0.8527777777777601,0.8888888888889142,0.8444444444444343,1.0098684210526228,77.77777777777777,0
885,746.4111111111112,0.8888888888889142,0.872222222222149,0.8444444444444343,1.052631578947411,69.44444444444444,0
886,747.2833333333333,0.872222222222149,0.8555555555556111,0.8444444444444343,1.032894736842031,72.22222222222223,0
887,748.1388888888889,0.8555555555556111,0.8527777777777601,0.8444444444444343,1.01315789473692,77.77777777777777,0
888,748.9916666666667,0.8527777777777601,0.8305555555555202,0.8444444444444343,1.0098684210526228,72.22222222222223,0
889,749.8222222222222,0.8305555555555202,0.8194444444444571,0.8444444444444343,0.9835526315789173,66.66666666666667,0
890,750.6416666666667,0.8194444444444571,0.8277777777777828,0.8444444444444343,0.9703947368421318,69.44444444444444,0
891,751.4694444444444,0.8277777777777828,0.8694444444444116,0.8444444444444343,0.9802631578947546,72.22222222222223,0
892,752.3388888888888,0.8694444444444116,0.8888888888889142,0.8444444444444343,1.0296052631578683,66.66666666666667,0
893,753.2277777777778,0.8888888888889142,0.8861111111111768,0.8444444444444343,1.052631578947411,75.0,0
894,754.1138888888889,0.8861111111111768,0.8416666666665833,0.8444444444444343,1.0493421052632483,69.44444444444444,0
895,754.9555555555555,0.8416666666665833,1.3888888888889142,0.8444444444444343,0.9967105263157027,72.22222222222223,0
896,756.3444444444444,1.3888888888889142,0.8527777777777601,0.8444444444444343,1.6447368421053128,72.22222222222223,0
897,757.1972222222222,0.8527777777777601,0.8361111111111086,0.8444444444444343,1.0098684210526228,72.22222222222223,0
898,758.0333333333333,0.8361111111111086,0.8638888888889369,0.8444444444444343,0.9901315789473772,75.0,0
899,758.8972222222222,0.8638888888889369,0.9027777777777146,0.8444444444444343,1.0230263157895427,72.22222222222223,0
900,759.8,0.9027777777777146,0.8472222222222854,0.8444444444444343,1.069078947368359,77.77777777777777,0
901,760.6472222222222,0.8472222222222854,0.8361111111111086,0.8444444444444343,1.0032894736842972,66.66666666666667,0
902,761.4833333333333,0.8361111111111086,0.8194444444444571,0.8444444444444343,0.9901315789473772,72.22222222222223,0
903,762.3027777777778,0.8194444444444571,0.8249999999999318,0.8444444444444343,0.9703947368421318,75.0,0
904,763.1277777777777,0.8249999999999318,0.8555555555556111,0.8444444444444343,0.9769736842104573,77.77777777777777,0
905,763.9833333333333,0.8555555555556111,0.908333333333303,0.8444444444444343,1.01315789473692,77.77777777777777,0
906,764.8916666666667,0.908333333333303,0.8805555555555884,0.8444444444444343,1.0756578947368192,86.11111111111111,0
907,765.7722222222222,0.8805555555555884,0.8444444444444343,0.8444444444444343,1.0427631578947882,77.77777777777777,0
908,766.6166666666667,0.8444444444444343,0.8305555555555202,0.8444444444444343,1.0,75.0,0
909,767.4472222222222,0.8305555555555202,0.8166666666667197,0.8444444444444343,0.9835526315789173,77.77777777777777,0
910,768.2638888888889,0.8166666666667197,0.8388888888888459,0.8444444444444343,0.9671052631579692,77.77777777777777,0
911,769.1027777777778,0.8388888888888459,0.8555555555556111,0.8444444444444343,0.99342105263154,75.0,0
912,769.9583333333334,0.8555555555556111,0.872222222222149,0.8444444444444343,1.01315789473692,77.77777777777777,0
913,770.8305555555555,0.872222222222149,0.8500000000000227,0.8444444444444343,1.032894736842031,77.77777777777777,0
914,771.6805555555555,0.8500000000000227,0.3472222222222854,0.8444444444444343,1.00657894736846,72.22222222222223,0
915,772.0277777777778,0.3472222222222854,0.5555555555555429,0.8444444444444343,0.4111842105263955,63.888888888888886,0
916,772.5833333333334,0.5555555555555429,0.8277777777777828,0.8444444444444343,0.6578947368420982,75.0,0
917,773.4111111111112,0.8277777777777828,0.8111111111110176,0.8444444444444343,0.9802631578947546,72.22222222222223,0
918,774.2222222222222,0.8111111111110176,0.8277777777777828,0.8444444444444343,0.9605263157893745,72.22222222222223,0
919,775.05,0.8277777777777828,0.8472222222222854,0.8444444444444343,0.9802631578947546,77.77777777777777,0
920,775.8972222222222,0.8472222222222854,0.8944444444443889,0.8444444444444343,1.0032894736842972,80.55555555555556,0
921,776.7916666666666,0.8944444444443889,0.32777777777778283,0.8444444444444343,1.0592105263157363,77.77777777777777,0
922,777.1194444444444,0.32777777777778283,0.5555555555555429,0.8444444444444343,0.38815789473685275,83.33333333333333,0
923,777.675,0.5555555555555429,0.8555555555556111,0.8444444444444343,0.6578947368420982,77.77777777777777,0
924,778.5305555555556,0.8555555555556111,0.8277777777777828,0.8444444444444343,1.01315789473692,75.0,0
925,779.3583333333333,0.8277777777777828,0.841666666666697,0.8444444444444343,0.9802631578947546,69.44444444444444,0
926,780.2,0.841666666666697,0.8305555555555202,0.8444444444444343,0.9967105263158373,77.77777777777777,0
927,781.0305555555556,0.8305555555555202,0.8333333333333712,0.8444444444444343,0.9835526315789173,72.22222222222223,0
928,781.8638888888889,0.8333333333333712,0.8694444444444116,0.8444444444444343,0.9868421052632146,72.22222222222223,0
929,782.7333333333333,0.8694444444444116,0.8527777777777601,0.8444444444444343,1.0296052631578683,80.55555555555556,0
930,783.5861111111111,0.8527777777777601,0.8944444444445026,0.8444444444444343,1.0098684210526228,72.22222222222223,0
931,784.4805555555556,0.8944444444445026,0.8361111111111086,0.8444444444444343,1.0592105263158709,83.33333333333333,0
932,785.3166666666667,0.8361111111111086,0.6388888888888005,0.8444444444444343,0.9901315789473772,55.55555555555556,0
933,785.9555555555555,0.6388888888888005,0.8138888888888687,0.8444444444444343,0.7565789473683254,72.22222222222223,0
934,786.7694444444444,0.8138888888888687,0.8694444444445253,0.8444444444444343,0.9638157894736719,72.22222222222223,0
935,787.6388888888889,0.8694444444445253,0.8777777777777374,0.8444444444444343,1.0296052631580028,80.55555555555556,0
936,788.5166666666667,0.8777777777777374,0.8666666666666742,0.8444444444444343,1.0394736842104908,75.0,0
937,789.3833333333333,0.8666666666666742,0.8666666666666742,0.8444444444444343,1.0263157894737054,80.55555555555556,0
938,790.25,0.8666666666666742,0.8361111111111086,0.8444444444444343,1.0263157894737054,75.0,0
939,791.0861111111111,0.8361111111111086,0.8277777777777828,0.8444444444444343,0.9901315789473772,72.22222222222223,0
940,791.9138888888889,0.8277777777777828,0.8361111111111086,0.8444444444444343,0.9802631578947546,69.44444444444444,0
941,792.75,0.8361111111111086,0.8361111111111086,0.8444444444444343,0.9901315789473772,63.888888888888886,0
942,793.5861111111111,0.8361111111111086,0.8555555555556111,0.8444444444444343,0.9901315789473772,66.66666666666667,0
943,794.4416666666667,0.8555555555556111,0.8944444444443889,0.8444444444444343,1.01315789473692,72.22222222222223,0
944,795.3361111111111,0.8944444444443889,0.8722222222222626,0.8444444444444343,1.0592105263157363,69.44444444444444,0
945,796.2083333333334,0.8722222222222626,0.8388888888888459,0.8444444444444343,1.0328947368421655,63.888888888888886,0
946,797.0472222222222,0.8388888888888459,0.8166666666667197,0.8444444444444343,0.99342105263154,61.111111111111114,0
947,797.8638888888889,0.8166666666667197,0.8249999999999318,0.8444444444444343,0.9671052631579692,63.888888888888886,0
948,798.6888888888889,0.8249999999999318,0.8527777777777601,0.8444444444444343,0.9769736842104573,72.22222222222223,0
949,799.5416666666666,0.8527777777777601,0.9472222222223081,0.8444444444444343,1.0098684210526228,75.0,0
950,800.4888888888889,0.9472222222223081,0.691666666666606,0.8444444444444343,1.1217105263159046,47.22222222222222,0
951,801.1805555555555,0.691666666666606,0.8527777777777601,0.8444444444444343,0.8190789473683591,75.0,0
952,802.0333333333333,0.8527777777777601,0.8583333333333485,0.8444444444444343,1.0098684210526228,72.22222222222223,0
953,802.8916666666667,0.8583333333333485,0.8333333333333712,0.8444444444444343,1.0164473684210829,83.33333333333333,0
954,803.725,0.8333333333333712,0.8249999999999318,0.8444444444444343,0.9868421052632146,75.0,0
955,804.55,0.8249999999999318,0.8194444444444571,0.8444444444444343,0.9769736842104573,66.66666666666667,0
956,805.3694444444444,0.8194444444444571,0.8694444444445253,0.8444444444444343,0.9703947368421318,75.0,0
957,806.2388888888889,0.8694444444445253,0.8805555555554747,0.8444444444444343,1.0296052631580028,75.0,0
958,807.1194444444444,0.8805555555554747,0.32777777777778283,0.8444444444444343,1.0427631578946537,77.77777777777777,0
959,807.4472222222222,0.32777777777778283,0.558333333333394,0.8444444444444343,0.38815789473685275,36.111111111111114,0
960,808.0055555555556,0.558333333333394,0.8416666666665833,0.8444444444444343,0.6611842105263955,75.0,0
961,808.8472222222222,0.8416666666665833,0.8166666666667197,0.8444444444444343,0.9967105263157027,75.0,0
962,809.6638888888889,0.8166666666667197,0.8361111111111086,0.8444444444444343,0.9671052631579692,75.0,0
963,810.5,0.8361111111111086,0.8277777777777828,0.8444444444444343,0.9901315789473772,75.0,0
964,811.3277777777778,0.8277777777777828,0.8916666666666515,0.8444444444444343,0.9802631578947546,69.44444444444444,0
965,812.2194444444444,0.8916666666666515,0.8666666666666742,0.8444444444444343,1.0559210526315737,77.77777777777777,0
966,813.0861111111111,0.8666666666666742,0.8722222222222626,0.8444444444444343,1.0263157894737054,72.22222222222223,0
967,813.9583333333334,0.8722222222222626,0.8472222222221717,0.8444444444444343,1.0328947368421655,75.0,0
968,814.8055555555555,0.8472222222221717,0.8305555555555202,0.8444444444444343,1.0032894736841627,77.77777777777777,0
969,815.6361111111111,0.8305555555555202,0.8166666666667197,0.8444444444444343,0.9835526315789173,69.44444444444444,0
970,816.4527777777778,0.8166666666667197,0.8222222222221944,0.8444444444444343,0.9671052631579692,80.55555555555556,0
971,817.275,0.8222222222221944,0.8638888888889369,0.8444444444444343,0.9736842105262945,69.44444444444444,0
972,818.1388888888889,0.8638888888889369,0.9055555555555657,0.8444444444444343,1.0230263157895427,80.55555555555556,0
973,819.0444444444445,0.9055555555555657,0.875,0.8444444444444343,1.0723684210526563,75.0,0
974,819.9194444444445,0.875,0.8416666666665833,0.8444444444444343,1.0361842105263281,66.66666666666667,0
975,820.7611111111111,0.8416666666665833,0.8277777777777828,0.8444444444444343,0.9967105263157027,80.55555555555556,0
976,821.5888888888888,0.8277777777777828,0.8166666666667197,0.8444444444444343,0.9802631578947546,77.77777777777777,0
977,822.4055555555556,0.8166666666667197,0.783333333333303,0.8444444444444343,0.9671052631579692,72.22222222222223,0
978,823.1888888888889,0.783333333333303,0.6805555555555429,0.8444444444444343,0.9276315789473436,47.22222222222222,0
979,823.8694444444444,0.6805555555555429,0.8722222222222626,0.8444444444444343,0.8059210526315737,75.0,0
980,824.7416666666667,0.8722222222222626,0.8638888888889369,0.8444444444444343,1.0328947368421655,69.44444444444444,0
981,825.6055555555556,0.8638888888889369,0.8777777777777374,0.8444444444444343,1.0230263157895427,77.77777777777777,0
982,826.4833333333333,0.8777777777777374,0.8305555555555202,0.8444444444444343,1.0394736842104908,77.77777777777777,0
983,827.3138888888889,0.8305555555555202,0.8166666666667197,0.8444444444444343,0.9835526315789173,72.22222222222223,0
984,828.1305555555556,0.8166666666667197,0.8222222222221944,0.8444444444444343,0.9671052631579692,72.22222222222223,0
985,828.9527777777778,0.8222222222221944,0.8472222222221717,0.8444444444444343,0.9736842105262945,72.22222222222223,0
986,829.8,0.8472222222221717,0.8638888888889369,0.8444444444444343,1.0032894736841627,75.0,0
987,830.6638888888889,0.8638888888889369,0.9249999999999545,0.8444444444444343,1.0230263157895427,75.0,0
988,831.5888888888888,0.9249999999999545,0.8583333333333485,0.8444444444444343,1.0953947368420645,83.33333333333333,0
989,832.4472222222222,0.8583333333333485,0.8222222222221944,0.8444444444444343,1.0164473684210829,72.22222222222223,0
990,833.2694444444444,0.8222222222221944,0.8333333333333712,0.8444444444444343,0.9736842105262945,72.22222222222223,0
991,834.1027777777778,0.8333333333333712,0.8361111111111086,0.8444444444444343,0.9868421052632146,77.77777777777777,0
992,834.9388888888889,0.8361111111111086,0.8472222222222854,0.8444444444444343,0.9901315789473772,63.888888888888886,0
993,835.7861111111112,0.8472222222222854,0.8583333333332348,0.8444444444444343,1.0032894736842972,83.33333333333333,0
994,836.6444444444444,0.8583333333332348,0.8833333333334394,0.8444444444444343,1.016447368420948,72.22222222222223,0
995,837.5277777777778,0.8833333333334394,0.8666666666665606,0.8444444444444343,1.0460526315790855,75.0,0
996,838.3944444444444,0.8666666666665606,0.8388888888889596,0.8444444444444343,1.0263157894735708,77.77777777777777,0
997,839.2333333333333,0.8388888888889596,0.816666666666606,0.8444444444444343,0.9934210526316746,66.66666666666667,0
998,840.05,0.816666666666606,0.8194444444444571,0.8444444444444343,0.9671052631578345,86.11111111111111,0
999,840.8694444444444,0.8194444444444571,0.8555555555556111,0.8444444444444343,0.9703947368421318,75.0,0
1000,841.725,0.8555555555556111,0.8916666666666515,0.8444444444444343,1.01315789473692,75.0,0
1001,842.6166666666667,0.8916666666666515,0.8833333333333258,0.8444444444444343,1.0559210526315737,75.0,0
1002,843.5,0.8833333333333258,0.8583333333333485,0.8444444444444343,1.046052631578951,72.22222222222223,0
1003,844.3583333333333,0.8583333333333485,0.8388888888888459,0.8444444444444343,1.0164473684210829,80.55555555555556,0
1004,845.1972222222222,0.8388888888888459,0.7611111111111768,0.8444444444444343,0.99342105263154,69.44444444444444,0
1005,845.9583333333334,0.7611111111111768,0.6527777777777146,0.8444444444444343,0.9013157894737728,52.77777777777778,0
1006,846.6111111111111,0.6527777777777146,0.8472222222222854,0.8444444444444343,0.7730263157894082,77.77777777777777,0
1007,847.4583333333334,0.8472222222222854,0.8611111111110858,0.8444444444444343,1.0032894736842972,69.44444444444444,0
1008,848.3194444444445,0.8611111111110858,0.8722222222222626,0.8444444444444343,1.0197368421052455,80.55555555555556,0
1009,849.1916666666667,0.8722222222222626,0.8916666666666515,0.8444444444444343,1.0328947368421655,72.22222222222223,0
1010,850.0833333333334,0.8916666666666515,0.8444444444444343,0.8444444444444343,1.0559210526315737,80.55555555555556,0
1011,850.9277777777778,0.8444444444444343,0.816666666666606,0.8444444444444343,1.0,75.0,0
1012,851.7444444444444,0.816666666666606,0.8222222222223081,0.8444444444444343,0.9671052631578345,72.22222222222223,0
1013,852.5666666666667,0.8222222222223081,0.8333333333332575,0.8444444444444343,0.9736842105264292,77.77777777777777,0
1014,853.4,0.8333333333332575,0.8861111111111768,0.8444444444444343,0.9868421052630799,66.66666666666667,0
1015,854.2861111111112,0.8861111111111768,0.8944444444443889,0.8444444444444343,1.0493421052632483,86.11111111111111,0
1016,855.1805555555555,0.8944444444443889,0.8694444444444116,0.8444444444444343,1.0592105263157363,75.0,0
1017,856.05,0.8694444444444116,0.8333333333333712,0.8444444444444343,1.0296052631578683,69.44444444444444,0
1018,856.8833333333333,0.8333333333333712,0.8388888888888459,0.8444444444444343,0.9868421052632146,77.77777777777777,0
1019,857.7222222222222,0.8388888888888459,0.8277777777777828,0.8444444444444343,0.99342105263154,69.44444444444444,0
1020,858.55,0.8277777777777828,0.8277777777777828,0.8444444444444343,0.9802631578947546,77.77777777777777,0
1021,859.3777777777777,0.8277777777777828,0.8555555555556111,0.8444444444444343,0.9802631578947546,69.44444444444444,0
1022,860.2333333333333,0.8555555555556111,0.8805555555555884,0.8444444444444343,1.01315789473692,75.0,0
1023,861.1138888888889,0.8805555555555884,0.8833333333333258,0.8444444444444343,1.0427631578947882,77.77777777777777,0
1024,861.9972222222223,0.8833333333333258,0.8638888888888232,0.8444444444444343,1.046052631578951,72.22222222222223,0
1025,862.8611111111111,0.8638888888888232,0.8166666666667197,0.8444444444444343,1.0230263157894082,72.22222222222223,0
1026,863.6777777777778,0.8166666666667197,0.8111111111111313,0.8444444444444343,0.9671052631579692,75.0,0
1027,864.4888888888889,0.8111111111111313,0.8611111111110858,0.8444444444444343,0.9605263157895091,75.0,0
1028,865.35,0.8611111111110858,0.875,0.8444444444444343,1.0197368421052455,80.55555555555556,0
1029,866.225,0.875,0.875,0.8444444444444343,1.0361842105263281,75.0,0
1030,867.1,0.875,0.8611111111110858,0.8444444444444343,1.0361842105263281,77.77777777777777,0
1031,867.9611111111111,0.8611111111110858,0.8472222222221717,0.8444444444444343,1.0197368421052455,75.0,0
1032,868.8083333333333,0.8472222222221717,0.8305555555556339,0.8444444444444343,1.0032894736841627,72.22222222222223,0
1033,869.6388888888889,0.8305555555556339,0.8333333333332575,0.8444444444444343,0.9835526315790519,75.0,0
1034,870.4722222222222,0.8333333333332575,0.8250000000000455,0.8444444444444343,0.9868421052630799,69.44444444444444,0
1035,871.2972222222222,0.8250000000000455,0.8472222222221717,0.8444444444444343,0.9769736842105918,80.55555555555556,0
1036,872.1444444444444,0.8472222222221717,0.900000000000091,0.8444444444444343,1.0032894736841627,80.55555555555556,0
1037,873.0444444444445,0.900000000000091,0.8805555555554747,0.8444444444444343,1.065789473684331,77.77777777777777,0
1038,873.925,0.8805555555554747,0.8472222222222854,0.8444444444444343,1.0427631578946537,77.77777777777777,0
1039,874.7722222222222,0.8472222222222854,0.8222222222221944,0.8444444444444343,1.0032894736842972,69.44444444444444,0
1040,875.5944444444444,0.8222222222221944,0.8250000000000455,0.8444444444444343,0.9736842105262945,77.77777777777777,0
1041,876.4194444444445,0.8250000000000455,0.8388888888888459,0.8444444444444343,0.9769736842105918,72.22222222222223,0
1042,877.2583333333333,0.8388888888888459,0.8805555555555884,0.8444444444444343,0.99342105263154,69.44444444444444,0
1043,878.1388888888889,0.8805555555555884,0.8694444444444116,0.8444444444444343,1.0427631578947882,77.77777777777777,0
1044,879.0083333333333,0.8694444444444116,0.8583333333333485,0.8444444444444343,1.0296052631578683,75.0,0
1045,879.8666666666667,0.8583333333333485,0.8638888888889369,0.8444444444444343,1.0164473684210829,80.55555555555556,0
1046,880.7305555555556,0.8638888888889369,0.7638888888888005,0.8444444444444343,1.0230263157895427,72.22222222222223,0
1047,881.4944444444444,0.7638888888888005,0.6388888888889142,0.8444444444444343,0.9046052631578009,47.22222222222222,0
1048,882.1333333333333,0.6388888888889142,0.8194444444444571,0.8444444444444343,0.75657894736846,69.44444444444444,0
1049,882.9527777777778,0.8194444444444571,0.8444444444444343,0.8444444444444343,0.9703947368421318,69.44444444444444,0
1050,883.7972222222222,0.8444444444444343,0.3305555555555202,0.8444444444444343,1.0,83.33333333333333,0
1051,884.1277777777777,0.3305555555555202,0.5444444444444798,0.8444444444444343,0.3914473684210154,36.111111111111114,0
1052,884.6722222222222,0.5444444444444798,0.8944444444445026,0.8444444444444343,0.6447368421053128,77.77777777777777,0
1053,885.5666666666667,0.8944444444445026,0.8638888888888232,0.8444444444444343,1.0592105263158709,88.88888888888889,0
1054,886.4305555555555,0.8638888888888232,0.8333333333333712,0.8444444444444343,1.0230263157894082,72.22222222222223,0
1055,887.2638888888889,0.8333333333333712,0.8222222222221944,0.8444444444444343,0.9868421052632146,63.888888888888886,0
1056,888.0861111111111,0.8222222222221944,0.8500000000000227,0.8444444444444343,0.9736842105262945,72.22222222222223,0
1057,888.9361111111111,0.8500000000000227,0.8500000000000227,0.8444444444444343,1.00657894736846,63.888888888888886,0
1058,889.7861111111112,0.8500000000000227,0.8583333333332348,0.8444444444444343,1.00657894736846,77.77777777777777,0
1059,890.6444444444444,0.8583333333332348,0.8722222222222626,0.8444444444444343,1.016447368420948,75.0,0
1060,891.5166666666667,0.8722222222222626,0.8611111111110858,0.8444444444444343,1.0328947368421655,72.22222222222223,0
1061,892.3777777777777,0.8611111111110858,0.841666666666697,0.8444444444444343,1.0197368421052455,66.66666666666667,0
1062,893.2194444444444,0.841666666666697,0.8194444444444571,0.8444444444444343,0.9967105263158373,72.22222222222223,0
1063,894.0388888888889,0.8194444444444571,0.8222222222221944,0.8444444444444343,0.9703947368421318,77.77777777777777,0
1064,894.8611111111111,0.8222222222221944,0.8444444444444343,0.8444444444444343,0.9736842105262945,77.77777777777777,0
1065,895.7055555555555,0.8444444444444343,0.900000000000091,0.8444444444444343,1.0,75.0,0
1066,896.6055555555556,0.900000000000091,0.32777777777766914,0.8444444444444343,1.065789473684331,77.77777777777777,0
1067,896.9333333333333,0.32777777777766914,0.5527777777778056,0.8444444444444343,0.3881578947367181,38.888888888888886,0
1068,897.4861111111111,0.5527777777778056,0.8500000000000227,0.8444444444444343,0.6546052631579354,77.77777777777777,0
1069,898.3361111111111,0.8500000000000227,0.841666666666697,0.8444444444444343,1.00657894736846,72.22222222222223,0
1070,899.1777777777778,0.841666666666697,0.816666666666606,0.8444444444444343,0.9967105263158373,72.22222222222223,0
1071,899.9944444444444,0.816666666666606,0.8361111111111086,0.8444444444444343,0.9671052631578345,80.55555555555556,0
1072,900.8305555555555,0.8361111111111086,0.8472222222222854,0.8444444444444343,0.9901315789473772,77.77777777777777,0
1073,901.6777777777778,0.8472222222222854,0.8666666666666742,0.8444444444444343,1.0032894736842972,72.22222222222223,0
1074,902.5444444444445,0.8666666666666742,0.8472222222221717,0.8444444444444343,1.0263157894737054,72.22222222222223,0
1075,903.3916666666667,0.8472222222221717,0.9138888888888914,0.8444444444444343,1.0032894736841627,72.22222222222223,0
1076,904.3055555555555,0.9138888888888914,0.8333333333333712,0.8444444444444343,1.082236842105279,80.55555555555556,0
1077,905.1388888888889,0.8333333333333712,0.8111111111111313,0.8444444444444343,0.9868421052632146,72.22222222222223,0
1078,905.95,0.8111111111111313,0.7777777777777146,0.8444444444444343,0.9605263157895091,69.44444444444444,0
1079,906.7277777777778,0.7777777777777146,0.6472222222222399,0.8444444444444343,0.9210526315788836,36.111111111111114,0
1080,907.375,0.6472222222222399,0.8833333333333258,0.8444444444444343,0.7664473684210827,77.77777777777777,0
1081,908.2583333333333,0.8833333333333258,0.8972222222222399,0.8444444444444343,1.046052631578951,77.77777777777777,0
1082,909.1555555555556,0.8972222222222399,0.8694444444444116,0.8444444444444343,1.0625000000000338,72.22222222222223,0
1083,910.025,0.8694444444444116,0.8361111111111086,0.8444444444444343,1.0296052631578683,80.55555555555556,0
1084,910.8611111111111,0.8361111111111086,0.8388888888889596,0.8444444444444343,0.9901315789473772,77.77777777777777,0
1085,911.7,0.8388888888889596,0.8277777777777828,0.8444444444444343,0.9934210526316746,72.22222222222223,0
1086,912.5277777777778,0.8277777777777828,0.8305555555555202,0.8444444444444343,0.9802631578947546,72.22222222222223,0
1087,913.3583333333333,0.8305555555555202,0.8500000000000227,0.8444444444444343,0.9835526315789173,75.0,0
1088,914.2083333333334,0.8500000000000227,0.8777777777777374,0.8444444444444343,1.00657894736846,72.22222222222223,0
1089,915.0861111111111,0.8777777777777374,0.8805555555555884,0.8444444444444343,1.0394736842104908,75.0,0
1090,915.9666666666667,0.8805555555555884,0.8638888888888232,0.8444444444444343,1.0427631578947882,72.22222222222223,0
1091,916.8305555555555,0.8638888888888232,0.8194444444444571,0.8444444444444343,1.0230263157894082,72.22222222222223,0
1092,917.65,0.8194444444444571,0.808333333333394,0.8444444444444343,0.9703947368421318,83.33333333333333,0
1093,918.4583333333334,0.808333333333394,0.8527777777777601,0.8444444444444343,0.9572368421053464,66.66666666666667,0
1094,919.3111111111111,0.8527777777777601,0.8805555555555884,0.8444444444444343,1.0098684210526228,80.55555555555556,0
1095,920.1916666666667,0.8805555555555884,0.8944444444443889,0.8444444444444343,1.0427631578947882,83.33333333333333,0
1096,921.0861111111111,0.8944444444443889,0.6833333333332803,0.8444444444444343,1.0592105263157363,38.888888888888886,0
1097,921.7694444444444,0.6833333333332803,0.8583333333333485,0.8444444444444343,0.8092105263157363,72.22222222222223,0
1098,922.6277777777777,0.8583333333333485,0.8250000000000455,0.8444444444444343,1.0164473684210829,69.44444444444444,0
1099,923.4527777777778,0.8250000000000455,0.8277777777777828,0.8444444444444343,0.9769736842105918,75.0,0
1100,924.2805555555556,0.8277777777777828,0.8250000000000455,0.8444444444444343,0.9802631578947546,75.0,0
1101,925.1055555555556,0.8250000000000455,0.8444444444444343,0.8444444444444343,0.9769736842105918,75.0,0
1102,925.95,0.8444444444444343,0.8805555555554747,0.8444444444444343,1.0,77.77777777777777,0
1103,926.8305555555555,0.8805555555554747,0.8972222222222399,0.8444444444444343,1.0427631578946537,75.0,0
1104,927.7277777777778,0.8972222222222399,0.8555555555556111,0.8444444444444343,1.0625000000000338,75.0,0
1105,928.5833333333334,0.8555555555556111,0.8194444444444571,0.8444444444444343,1.01315789473692,72.22222222222223,0
1106,929.4027777777778,0.8194444444444571,0.8249999999999318,0.8444444444444343,0.9703947368421318,72.22222222222223,0
1107,930.2277777777778,0.8249999999999318,0.7583333333333258,0.8444444444444343,0.9769736842104573,77.77777777777777,0
1108,930.9861111111111,0.7583333333333258,0.6750000000000682,0.8444444444444343,0.8980263157894754,36.111111111111114,0
1109,931.6611111111112,0.6750000000000682,0.8916666666666515,0.8444444444444343,0.7993421052632482,75.0,0
1110,932.5527777777778,0.8916666666666515,0.8777777777777374,0.8444444444444343,1.0559210526315737,75.0,0
1111,933.4305555555555,0.8777777777777374,0.8555555555556111,0.8444444444444343,1.0394736842104908,80.55555555555556,0
1112,934.2861111111112,0.8555555555556111,0.8527777777777601,0.8444444444444343,1.01315789473692,69.44444444444444,0
1113,935.1388888888889,0.8527777777777601,0.8194444444444571,0.8444444444444343,1.0098684210526228,80.55555555555556,0
1114,935.9583333333334,0.8194444444444571,0.8194444444444571,0.8444444444444343,0.9703947368421318,72.22222222222223,0
1115,936.7777777777778,0.8194444444444571,0.8361111111111086,0.8444444444444343,0.9703947368421318,69.44444444444444,0
1116,937.6138888888889,0.8361111111111086,0.8694444444444116,0.8444444444444343,0.9901315789473772,83.33333333333333,0
1117,938.4833333333333,0.8694444444444116,0.8888888888889142,0.8444444444444343,1.0296052631578683,72.22222222222223,0
1118,939.3722222222223,0.8888888888889142,0.8888888888888005,0.8444444444444343,1.052631578947411,77.77777777777777,0
1119,940.2611111111111,0.8888888888888005,0.8361111111111086,0.8444444444444343,1.0526315789472762,77.77777777777777,0
1120,941.0972222222222,0.8361111111111086,0.808333333333394,0.8444444444444343,0.9901315789473772,69.44444444444444,0
1121,941.9055555555556,0.808333333333394,0.8388888888888459,0.8444444444444343,0.9572368421053464,75.0,0
1122,942.7444444444444,0.8388888888888459,0.8583333333333485,0.8444444444444343,0.99342105263154,72.22222222222223,0
1123,943.6027777777778,0.8583333333333485,0.8666666666666742,0.8444444444444343,1.0164473684210829,75.0,0
1124,944.4694444444444,0.8666666666666742,0.8638888888889369,0.8444444444444343,1.0263157894737054,80.55555555555556,0
1125,945.3333333333334,0.8638888888889369,0.872222222222149,0.8444444444444343,1.0230263157895427,75.0,0
1126,946.2055555555555,0.872222222222149,0.841666666666697,0.8444444444444343,1.032894736842031,72.22222222222223,0
1127,947.0472222222222,0.841666666666697,0.8305555555555202,0.8444444444444343,0.9967105263158373,72.22222222222223,0
1128,947.8777777777777,0.8305555555555202,0.8194444444444571,0.8444444444444343,0.9835526315789173,77.77777777777777,0
1129,948.6972222222222,0.8194444444444571,0.8027777777778056,0.8444444444444343,0.9703947368421318,69.44444444444444,0
1130,949.5,0.8027777777778056,0.9027777777778283,0.8444444444444343,0.9506578947368864,75.0,0
1131,950.4027777777778,0.9027777777778283,0.8944444444443889,0.8444444444444343,1.0690789473684936,77.77777777777777,0
1132,951.2972222222222,0.8944444444443889,0.8694444444444116,0.8444444444444343,1.0592105263157363,75.0,0
1133,952.1666666666666,0.8694444444444116,0.8361111111111086,0.8444444444444343,1.0296052631578683,77.77777777777777,0
1134,953.0027777777777,0.8361111111111086,0.8333333333333712,0.8444444444444343,0.9901315789473772,66.66666666666667,0
1135,953.8361111111111,0.8333333333333712,0.8194444444444571,0.8444444444444343,0.9868421052632146,69.44444444444444,0
1136,954.6555555555556,0.8194444444444571,0.8555555555554974,0.8444444444444343,0.9703947368421318,75.0,0
1137,955.5111111111111,0.8555555555554974,0.8638888888889369,0.8444444444444343,1.0131578947367854,75.0,0
1138,956.375,0.8638888888889369,0.8666666666666742,0.8444444444444343,1.0230263157895427,75.0,0
1139,957.2416666666667,0.8666666666666742,0.875,0.8444444444444343,1.0263157894737054,83.33333333333333,0
1140,958.1166666666667,0.875,0.8611111111110858,0.8444444444444343,1.0361842105263281,83.33333333333333,0
1141,958.9777777777778,0.8611111111110858,0.8222222222221944,0.8444444444444343,1.0197368421052455,69.44444444444444,0
1142,959.8,0.8222222222221944,0.8111111111111313,0.8444444444444343,0.9736842105262945,69.44444444444444,0
1143,960.6111111111111,0.8111111111111313,0.8388888888889596,0.8444444444444343,0.9605263157895091,69.44444444444444,0
1144,961.45,0.8388888888889596,0.8611111111110858,0.8444444444444343,0.9934210526316746,72.22222222222223,0
1145,962.3111111111111,0.8611111111110858,0.8972222222222399,0.8444444444444343,1.0197368421052455,77.77777777777777,0
1146,963.2083333333334,0.8972222222222399,0.875,0.8444444444444343,1.0625000000000338,63.888888888888886,0
1147,964.0833333333334,0.875,0.8444444444444343,0.8444444444444343,1.0361842105263281,75.0,0
1148,964.9277777777778,0.8444444444444343,0.8222222222221944,0.8444444444444343,1.0,58.333333333333336,0
1149,965.75,0.8222222222221944,0.8472222222221717,0.8444444444444343,0.9736842105262945,72.22222222222223,0
1150,966.5972222222222,0.8472222222221717,0.841666666666697,0.8444444444444343,1.0032894736841627,61.111111111111114,0
1151,967.4388888888889,0.841666666666697,0.8500000000000227,0.8444444444444343,0.9967105263158373,69.44444444444444,0
1152,968.2888888888889,0.8500000000000227,0.8777777777777374,0.8444444444444343,1.00657894736846,69.44444444444444,0
1153,969.1666666666666,0.8777777777777374,0.8638888888889369,0.8444444444444343,1.0394736842104908,77.77777777777777,0
1154,970.0305555555556,0.8638888888889369,0.8583333333333485,0.8444444444444343,1.0230263157895427,66.66666666666667,0
1155,970.8888888888889,0.8583333333333485,0.8249999999999318,0.8444444444444343,1.0164473684210829,63.888888888888886,0
1156,971.7138888888888,0.8249999999999318,0.8194444444444571,0.8444444444444343,0.9769736842104573,58.333333333333336,0
1157,972.5333333333333,0.8194444444444571,0.6472222222222399,0.8444444444444343,0.9703947368421318,50.0,0
1158,973.1805555555555,0.6472222222222399,0.8861111111111768,0.8444444444444343,0.7664473684210827,63.888888888888886,0
1159,974.0666666666667,0.8861111111111768,0.8888888888888005,0.8444444444444343,1.0493421052632483,63.888888888888886,0
1160,974.9555555555555,0.8888888888888005,0.8638888888889369,0.8444444444444343,1.0526315789472762,63.888888888888886,0
1161,975.8194444444445,0.8638888888889369,0.8527777777777601,0.8444444444444343,1.0230263157895427,61.111111111111114,0
1162,976.6722222222222,0.8527777777777601,0.8277777777777828,0.8444444444444343,1.0098684210526228,66.66666666666667,0
1163,977.5,0.8277777777777828,0.8277777777777828,0.8444444444444343,0.9802631578947546,58.333333333333336,0
1164,978.3277777777778,0.8277777777777828,0.841666666666697,0.8444444444444343,0.9802631578947546,69.44444444444444,0
1165,979.1694444444445,0.841666666666697,0.849999999999909,0.8444444444444343,0.9967105263158373,63.888888888888886,0
1166,980.0194444444444,0.849999999999909,0.8638888888889369,0.8444444444444343,1.0065789473683253,63.888888888888886,0
1167,980.8833333333333,0.8638888888889369,0.8972222222222399,0.8444444444444343,1.0230263157895427,69.44444444444444,0
1168,981.7805555555556,0.8972222222222399,0.8555555555554974,0.8444444444444343,1.0625000000000338,72.22222222222223,0
1169,982.6361111111111,0.8555555555554974,0.8166666666667197,0.8444444444444343,1.0131578947367854,61.111111111111114,0
1170,983.4527777777778,0.8166666666667197,0.8194444444444571,0.8444444444444343,0.9671052631579692,63.888888888888886,0
1171,984.2722222222222,0.8194444444444571,0.8305555555555202,0.8444444444444343,0.9703947368421318,69.44444444444444,0
1172,985.1027777777778,0.8305555555555202,0.8666666666666742,0.8444444444444343,0.9835526315789173,63.888888888888886,0
1173,985.9694444444444,0.8666666666666742,0.9027777777778283,0.8444444444444343,1.0263157894737054,72.22222222222223,0
1174,986.8722222222223,0.9027777777778283,0.875,0.8444444444444343,1.0690789473684936,69.44444444444444,0
1175,987.7472222222223,0.875,0.8444444444444343,0.8444444444444343,1.0361842105263281,66.66666666666667,0
1176,988.5916666666667,0.8444444444444343,0.8416666666665833,0.8444444444444343,1.0,66.66666666666667,0
1177,989.4333333333333,0.8416666666665833,0.8027777777778056,0.8444444444444343,0.9967105263157027,66.66666666666667,0
1178,990.2361111111111,0.8027777777778056,0.6444444444445026,0.8444444444444343,0.9506578947368864,52.77777777777778,0
1179,990.8805555555556,0.6444444444445026,0.8361111111111086,0.8444444444444343,0.7631578947369201,66.66666666666667,0
1180,991.7166666666667,0.8361111111111086,0.872222222222149,0.8444444444444343,0.9901315789473772,63.888888888888886,0
1181,992.5888888888888,0.872222222222149,0.8805555555555884,0.8444444444444343,1.032894736842031,69.44444444444444,0
1182,993.4694444444444,0.8805555555555884,0.8805555555555884,0.8444444444444343,1.0427631578947882,69.44444444444444,0
1183,994.35,0.8805555555555884,0.8277777777777828,0.8444444444444343,1.0427631578947882,69.44444444444444,0
1184,995.1777777777778,0.8277777777777828,0.8138888888888687,0.8444444444444343,0.9802631578947546,63.888888888888886,0
1185,995.9916666666667,0.8138888888888687,0.8361111111111086,0.8444444444444343,0.9638157894736719,72.22222222222223,0
1186,996.8277777777778,0.8361111111111086,0.8611111111110858,0.8444444444444343,0.9901315789473772,69.44444444444444,0
1187,997.6888888888889,0.8611111111110858,0.8833333333333258,0.8444444444444343,1.0197368421052455,66.66666666666667,0
1188,998.5722222222222,0.8833333333333258,0.8583333333333485,0.8444444444444343,1.046052631578951,66.66666666666667,0
1189,999.4305555555555,0.8583333333333485,0.8694444444444116,0.8444444444444343,1.0164473684210829,69.44444444444444,0
1190,1000.3,0.8694444444444116,0.8333333333333712,0.8444444444444343,1.0296052631578683,66.66666666666667,0
1191,1001.1333333333333,0.8333333333333712,0.8305555555555202,0.8444444444444343,0.9868421052632146,61.111111111111114,0
1192,1001.9638888888888,0.8305555555555202,0.8194444444444571,0.8444444444444343,0.9835526315789173,63.888888888888886,0
1193,1002.7833333333333,0.8194444444444571,0.8333333333333712,0.8444444444444343,0.9703947368421318,66.66666666666667,0
1194,1003.6166666666667,0.8333333333333712,0.8777777777777374,0.8444444444444343,0.9868421052632146,66.66666666666667,0
1195,1004.4944444444444,0.8777777777777374,0.8972222222222399,0.8444444444444343,1.0394736842104908,75.0,0
1196,1005.3916666666667,0.8972222222222399,0.8666666666666742,0.8444444444444343,1.0625000000000338,69.44444444444444,0
1197,1006.2583333333333,0.8666666666666742,0.75,0.8444444444444343,1.0263157894737054,66.66666666666667,0
1198,1007.0083333333333,0.75,0.6361111111110631,0.8444444444444343,0.8881578947368527,30.555555555555557,0
1199,1007.6444444444444,0.6361111111110631,0.8222222222223081,0.8444444444444343,0.7532894736841627,69.44444444444444,0
1200,1008.4666666666667,0.8222222222223081,0.6277777777777374,0.8444444444444343,0.9736842105264292,66.66666666666667,0
1201,1009.0944444444444,0.6277777777777374,0.9277777777778056,0.8444444444444343,0.74342105263154,91.66666666666667,0
1202,1010.0222222222222,0.9277777777778056,0.8777777777777374,0.8444444444444343,1.098684210526362,63.888888888888886,0
1203,1010.9,0.8777777777777374,0.8611111111110858,0.8444444444444343,1.0394736842104908,66.66666666666667,0
1204,1011.7611111111111,0.8611111111110858,0.8722222222222626,0.8444444444444343,1.0197368421052455,69.44444444444444,0
1205,1012.6333333333333,0.8722222222222626,0.8277777777777828,0.8444444444444343,1.0328947368421655,72.22222222222223,0
1206,1013.4611111111111,0.8277777777777828,0.8111111111111313,0.8444444444444343,0.9802631578947546,63.888888888888886,0
1207,1014.2722222222222,0.8111111111111313,0.8305555555555202,0.8444444444444343,0.9605263157895091,66.66666666666667,0
1208,1015.1027777777778,0.8305555555555202,0.8500000000000227,0.8444444444444343,0.9835526315789173,72.22222222222223,0
1209,1015.9527777777778,0.8500000000000227,0.8916666666666515,0.8444444444444343,1.00657894736846,66.66666666666667,0
1210,1016.8444444444444,0.8916666666666515,0.32777777777778283,0.8444444444444343,1.0559210526315737,83.33333333333333,0
1211,1017.1722222222222,0.32777777777778283,0.5638888888888687,0.8444444444444343,0.38815789473685275,75.0,0
1212,1017.7361111111111,0.5638888888888687,0.8527777777777601,0.8444444444444343,0.6677631578947208,66.66666666666667,0
1213,1018.5888888888888,0.8527777777777601,0.8194444444444571,0.8444444444444343,1.0098684210526228,66.66666666666667,0
1214,1019.4083333333333,0.8194444444444571,0.8388888888889596,0.8444444444444343,0.9703947368421318,69.44444444444444,0
1215,1020.2472222222223,0.8388888888889596,0.8388888888888459,0.8444444444444343,0.9934210526316746,66.66666666666667,0
1216,1021.0861111111111,0.8388888888888459,0.7916666666666288,0.8444444444444343,0.99342105263154,69.44444444444444,0
1217,1021.8777777777777,0.7916666666666288,0.6805555555555429,0.8444444444444343,0.9374999999999664,58.333333333333336,0
1218,1022.5583333333333,0.6805555555555429,0.877777777777851,0.8444444444444343,0.8059210526315737,77.77777777777777,0
1219,1023.4361111111111,0.877777777777851,0.8666666666665606,0.8444444444444343,1.0394736842106256,63.888888888888886,0
1220,1024.3027777777777,0.8666666666665606,0.8472222222223991,0.8444444444444343,1.0263157894735708,69.44444444444444,0
1221,1025.15,0.8472222222223991,0.8111111111111313,0.8444444444444343,1.003289473684432,66.66666666666667,0
1222,1025.9611111111112,0.8111111111111313,0.8138888888888687,0.8444444444444343,0.9605263157895091,66.66666666666667,0
1223,1026.775,0.8138888888888687,0.8527777777776464,0.8444444444444343,0.9638157894736719,63.888888888888886,0
1224,1027.6277777777777,0.8527777777776464,0.8972222222223536,0.8444444444444343,1.0098684210524882,72.22222222222223,0
1225,1028.525,0.8972222222223536,0.8833333333332121,0.8444444444444343,1.0625000000001683,66.66666666666667,0
1226,1029.4083333333333,0.8833333333332121,0.8555555555556111,0.8444444444444343,1.0460526315788163,72.22222222222223,0
1227,1030.263888888889,0.8555555555556111,0.8444444444444343,0.8444444444444343,1.01315789473692,69.44444444444444,0
1228,1031.1083333333333,0.8444444444444343,0.8194444444443434,0.8444444444444343,1.0,63.888888888888886,0
1229,1031.9277777777777,0.8194444444443434,0.8333333333334849,0.8444444444444343,0.9703947368419972,63.888888888888886,0
1230,1032.7611111111112,0.8333333333334849,0.8388888888887323,0.8444444444444343,0.9868421052633493,72.22222222222223,0
1231,1033.6,0.8388888888887323,0.8583333333333485,0.8444444444444343,0.9934210526314053,61.111111111111114,0
1232,1034.4583333333333,0.8583333333333485,0.8805555555557021,0.8444444444444343,1.0164473684210829,75.0,0
1233,1035.338888888889,0.8805555555557021,0.8888888888889142,0.8444444444444343,1.0427631578949228,63.888888888888886,0
1234,1036.2277777777779,0.8888888888889142,0.8388888888887323,0.8444444444444343,1.052631578947411,63.888888888888886,0
1235,1037.0666666666666,0.8388888888887323,0.808333333333394,0.8444444444444343,0.9934210526314053,63.888888888888886,0
1236,1037.875,0.808333333333394,0.8250000000000455,0.8444444444444343,0.9572368421053464,72.22222222222223,0
1237,1038.7,0.8250000000000455,0.8361111111109949,0.8444444444444343,0.9769736842105918,69.44444444444444,0
1238,1039.536111111111,0.8361111111109949,0.3333333333334849,0.8444444444444343,0.9901315789472427,75.0,0
1239,1039.8694444444445,0.3333333333334849,0.5527777777776919,0.8444444444444343,0.3947368421054474,41.666666666666664,0
1240,1040.4222222222222,0.5527777777776919,0.33333333333325754,0.8444444444444343,0.6546052631578009,58.333333333333336,0
1241,1040.7555555555555,0.33333333333325754,0.5527777777779193,0.8444444444444343,0.3947368421051781,30.555555555555557,0
1242,1041.3083333333334,0.5527777777779193,0.8694444444442979,0.8444444444444343,0.6546052631580701,58.333333333333336,0
1243,1042.1777777777777,0.8694444444442979,0.8388888888889596,0.8444444444444343,1.0296052631577335,61.111111111111114,0
1244,1043.0166666666667,0.8388888888889596,0.841666666666697,0.8444444444444343,0.9934210526316746,63.888888888888886,0
1245,1043.8583333333333,0.841666666666697,0.8222222222223081,0.8444444444444343,0.9967105263158373,69.44444444444444,0
1246,1044.6805555555557,0.8222222222223081,0.8249999999998181,0.8444444444444343,0.9736842105264292,69.44444444444444,0
1247,1045.5055555555555,0.8249999999998181,0.8638888888890506,0.8444444444444343,0.9769736842103226,69.44444444444444,0
1248,1046.3694444444445,0.8638888888890506,0.8722222222220353,0.8444444444444343,1.0230263157896775,66.66666666666667,0
1249,1047.2416666666666,0.8722222222220353,0.8861111111111768,0.8444444444444343,1.0328947368418961,72.22222222222223,0
1250,1048.1277777777777,0.8861111111111768,0.8555555555556111,0.8444444444444343,1.0493421052632483,75.0,0
1251,1048.9833333333333,0.8555555555556111,0.816666666666606,0.8444444444444343,1.01315789473692,72.22222222222223,0
1252,1049.8,0.816666666666606,0.5972222222221717,0.8444444444444343,0.9671052631578345,61.111111111111114,0
1253,1050.3972222222221,0.5972222222221717,0.8472222222223991,0.8444444444444343,0.7072368421052118,75.0,0
1254,1051.2444444444445,0.8472222222223991,0.8777777777777374,0.8444444444444343,1.003289473684432,75.0,0
1255,1052.1222222222223,0.8777777777777374,0.8805555555554747,0.8444444444444343,1.0394736842104908,80.55555555555556,0
1256,1053.0027777777777,0.8805555555554747,0.8611111111110858,0.8444444444444343,1.0427631578946537,72.22222222222223,0
1257,1053.8638888888888,0.8611111111110858,0.8555555555556111,0.8444444444444343,1.0197368421052455,75.0,0
1258,1054.7194444444444,0.8555555555556111,0.8305555555555202,0.8444444444444343,1.01315789473692,75.0,0
1259,1055.55,0.8305555555555202,0.8277777777777828,0.8444444444444343,0.9835526315789173,69.44444444444444,0
1260,1056.3777777777777,0.8277777777777828,0.8277777777777828,0.8444444444444343,0.9802631578947546,77.77777777777777,0
1261,1057.2055555555555,0.8277777777777828,0.841666666666697,0.8444444444444343,0.9802631578947546,77.77777777777777,0
1262,1058.0472222222222,0.841666666666697,0.8916666666666515,0.8444444444444343,0.9967105263158373,69.44444444444444,0
1263,1058.9388888888889,0.8916666666666515,0.8638888888888232,0.8444444444444343,1.0559210526315737,77.77777777777777,0
1264,1059.8027777777777,0.8638888888888232,0.875,0.8444444444444343,1.0230263157894082,69.44444444444444,0
1265,1060.6777777777777,0.875,0.8194444444445708,0.8444444444444343,1.0361842105263281,75.0,0
1266,1061.4972222222223,0.8194444444445708,0.8305555555555202,0.8444444444444343,0.9703947368422665,75.0,0
1267,1062.3277777777778,0.8305555555555202,0.8305555555555202,0.8444444444444343,0.9835526315789173,72.22222222222223,0
1268,1063.1583333333333,0.8305555555555202,0.875,0.8444444444444343,0.9835526315789173,72.22222222222223,0
1269,1064.0333333333333,0.875,0.8777777777777374,0.8444444444444343,1.0361842105263281,83.33333333333333,0
1270,1064.911111111111,0.8777777777777374,0.32777777777778283,0.8444444444444343,1.0394736842104908,77.77777777777777,0
1271,1065.2388888888888,0.32777777777778283,0.4944444444445253,0.8444444444444343,0.38815789473685275,27.77777777777778,0
1272,1065.7333333333333,0.4944444444445253,0.6722222222222172,0.8444444444444343,0.5855263157895765,50.0,0
1273,1066.4055555555556,0.6722222222222172,0.849999999999909,0.8444444444444343,0.7960526315789509,77.77777777777777,0
1274,1067.2555555555555,0.849999999999909,0.8194444444445708,0.8444444444444343,1.0065789473683253,72.22222222222223,0
1275,1068.075,0.8194444444445708,0.816666666666606,0.8444444444444343,0.9703947368422665,75.0,0
1276,1068.8916666666667,0.816666666666606,0.3305555555555202,0.8444444444444343,0.9671052631578345,80.55555555555556,0
1277,1069.2222222222222,0.3305555555555202,0.5138888888889142,0.8444444444444343,0.3914473684210154,55.55555555555556,0
1278,1069.736111111111,0.5138888888889142,0.8694444444445253,0.8444444444444343,0.6085526315789845,77.77777777777777,0
1279,1070.6055555555556,0.8694444444445253,0.8972222222221262,0.8444444444444343,1.0296052631580028,80.55555555555556,0
1280,1071.5027777777777,0.8972222222221262,0.8722222222222626,0.8444444444444343,1.062499999999899,86.11111111111111,0
1281,1072.375,0.8722222222222626,0.8305555555555202,0.8444444444444343,1.0328947368421655,72.22222222222223,0
1282,1073.2055555555555,0.8305555555555202,0.816666666666606,0.8444444444444343,0.9835526315789173,72.22222222222223,0
1283,1074.0222222222221,0.816666666666606,0.8500000000001364,0.8444444444444343,0.9671052631578345,69.44444444444444,0
1284,1074.8722222222223,0.8500000000001364,0.8555555555556111,0.8444444444444343,1.0065789473685947,77.77777777777777,0
1285,1075.7277777777779,0.8555555555556111,0.8638888888888232,0.8444444444444343,1.01315789473692,69.44444444444444,0
1286,1076.5916666666667,0.8638888888888232,0.8722222222222626,0.8444444444444343,1.0230263157894082,83.33333333333333,0
1287,1077.463888888889,0.8722222222222626,0.32777777777778283,0.8444444444444343,1.0328947368421655,77.77777777777777,0
1288,1077.7916666666667,0.32777777777778283,0.533333333333303,0.8444444444444343,0.38815789473685275,30.555555555555557,0
1289,1078.325,0.533333333333303,0.8444444444444343,0.8444444444444343,0.6315789473683927,72.22222222222223,0
1290,1079.1694444444445,0.8444444444444343,0.6861111111111313,0.8444444444444343,1.0,75.0,0
1291,1079.8555555555556,0.6861111111111313,0.9638888888887323,0.8444444444444343,0.8125000000000336,83.33333333333333,0
1292,1080.8194444444443,0.9638888888887323,0.8333333333334849,0.8444444444444343,1.1414473684208808,75.0,0
1293,1081.6527777777778,0.8333333333334849,0.8999999999998636,0.8444444444444343,0.9868421052633493,75.0,0
1294,1082.5527777777777,0.8999999999998636,0.8972222222223536,0.8444444444444343,1.0657894736840616,77.77777777777777,0
1295,1083.45,0.8972222222223536,0.6222222222222626,0.8444444444444343,1.0625000000001683,66.66666666666667,0
1296,1084.0722222222223,0.6222222222222626,0.8361111111109949,0.8444444444444343,0.7368421052632146,75.0,0
1297,1084.9083333333333,0.8361111111109949,0.8305555555555202,0.8444444444444343,0.9901315789472427,77.77777777777777,0
1298,1085.7388888888888,0.8305555555555202,0.8277777777777828,0.8444444444444343,0.9835526315789173,66.66666666666667,0
1299,1086.5666666666666,0.8277777777777828,0.8472222222221717,0.8444444444444343,0.9802631578947546,69.44444444444444,0
1300,1087.4138888888888,0.8472222222221717,0.8611111111113132,0.8444444444444343,1.0032894736841627,80.55555555555556,0
1301,1088.275,0.8611111111113132,0.8611111111110858,0.8444444444444343,1.0197368421055146,72.22222222222223,0
1302,1089.1361111111112,0.8611111111110858,0.8833333333332121,0.8444444444444343,1.0197368421052455,77.77777777777777,0
1303,1090.0194444444444,0.8833333333332121,0.8583333333333485,0.8444444444444343,1.0460526315788163,77.77777777777777,0
1304,1090.8777777777777,0.8583333333333485,0.8222222222223081,0.8444444444444343,1.0164473684210829,69.44444444444444,0
1305,1091.7,0.8222222222223081,0.8111111111111313,0.8444444444444343,0.9736842105264292,69.44444444444444,0
1306,1092.5111111111112,0.8111111111111313,0.8388888888887323,0.8444444444444343,0.9605263157895091,77.77777777777777,0
1307,1093.35,0.8388888888887323,0.8666666666667879,0.8444444444444343,0.9934210526314053,69.44444444444444,0
1308,1094.2166666666667,0.8666666666667879,0.8972222222221262,0.8444444444444343,1.0263157894738402,75.0,0
1309,1095.1138888888888,0.8972222222221262,0.32777777777778283,0.8444444444444343,1.062499999999899,83.33333333333333,0
1310,1095.4416666666666,0.32777777777778283,0.5166666666666515,0.8444444444444343,0.38815789473685275,69.44444444444444,0
1311,1095.9583333333333,0.5166666666666515,0.8638888888890506,0.8444444444444343,0.6118421052631473,69.44444444444444,0
1312,1096.8222222222223,0.8638888888890506,0.8361111111109949,0.8444444444444343,1.0230263157896775,80.55555555555556,0
1313,1097.6583333333333,0.8361111111109949,0.8361111111112223,0.8444444444444343,0.9901315789472427,72.22222222222223,0
1314,1098.4944444444445,0.8361111111112223,0.8361111111109949,0.8444444444444343,0.9901315789475119,72.22222222222223,0
1315,1099.3305555555555,0.8361111111109949,0.8527777777778738,0.8444444444444343,0.9901315789472427,72.22222222222223,0
1316,1100.1833333333334,0.8527777777778738,0.8777777777777374,0.8444444444444343,1.0098684210527573,75.0,0
1317,1101.0611111111111,0.8777777777777374,0.8694444444445253,0.8444444444444343,1.0394736842104908,72.22222222222223,0
1318,1101.9305555555557,0.8694444444445253,0.8638888888888232,0.8444444444444343,1.0296052631580028,69.44444444444444,0
1319,1102.7944444444445,0.8638888888888232,0.8194444444443434,0.8444444444444343,1.0230263157894082,69.44444444444444,0
1320,1103.6138888888888,0.8194444444443434,0.8138888888888687,0.8444444444444343,0.9703947368419972,66.66666666666667,0
1321,1104.4277777777777,0.8138888888888687,0.8361111111112223,0.8444444444444343,0.9638157894736719,72.22222222222223,0
1322,1105.263888888889,0.8361111111112223,0.8833333333332121,0.8444444444444343,0.9901315789475119,63.888888888888886,0
1323,1106.1472222222221,0.8833333333332121,0.33055555555574756,0.8444444444444343,1.0460526315788163,66.66666666666667,0
1324,1106.4777777777779,0.33055555555574756,0.5583333333331666,0.8444444444444343,0.3914473684212847,38.888888888888886,0
1325,1107.036111111111,0.5583333333331666,0.7666666666666515,0.8444444444444343,0.6611842105261262,63.888888888888886,0
1326,1107.8027777777777,0.7666666666666515,0.7222222222223991,0.8444444444444343,0.9078947368420982,80.55555555555556,0
1327,1108.525,0.7222222222223991,0.8277777777777828,0.8444444444444343,0.8552631578949565,66.66666666666667,0
1328,1109.3527777777779,0.8277777777777828,0.8277777777777828,0.8444444444444343,0.9802631578947546,69.44444444444444,0
1329,1110.1805555555557,0.8277777777777828,0.8305555555555202,0.8444444444444343,0.9802631578947546,69.44444444444444,0
1330,1111.0111111111112,0.8305555555555202,0.8472222222221717,0.8444444444444343,0.9835526315789173,61.111111111111114,0
1331,1111.8583333333333,0.8472222222221717,0.8694444444445253,0.8444444444444343,1.0032894736841627,63.888888888888886,0
1332,1112.7277777777779,0.8694444444445253,0.9055555555555657,0.8444444444444343,1.0296052631580028,55.55555555555556,0
1333,1113.6333333333334,0.9055555555555657,0.8527777777776464,0.8444444444444343,1.0723684210526563,75.0,0
1334,1114.486111111111,0.8527777777776464,0.8138888888888687,0.8444444444444343,1.0098684210524882,66.66666666666667,0
1335,1115.3,0.8138888888888687,0.8250000000000455,0.8444444444444343,0.9638157894736719,66.66666666666667,0
1336,1116.125,0.8250000000000455,0.8250000000000455,0.8444444444444343,0.9769736842105918,58.333333333333336,0
1337,1116.95,0.8250000000000455,0.8666666666665606,0.8444444444444343,0.9769736842105918,66.66666666666667,0
1338,1117.8166666666666,0.8666666666665606,0.8833333333334394,0.8444444444444343,1.0263157894735708,77.77777777777777,0
1339,1118.7,0.8833333333334394,0.875,0.8444444444444343,1.0460526315790855,61.111111111111114,0
1340,1119.575,0.875,0.8555555555556111,0.8444444444444343,1.0361842105263281,63.888888888888886,0
1341,1120.4305555555557,0.8555555555556111,0.8555555555553838,0.8444444444444343,1.01315789473692,61.111111111111114,0
1342,1121.286111111111,0.8555555555553838,0.8222222222223081,0.8444444444444343,1.0131578947366509,69.44444444444444,0
1343,1122.1083333333333,0.8222222222223081,0.8138888888888687,0.8444444444444343,0.9736842105264292,61.111111111111114,0
1344,1122.9222222222222,0.8138888888888687,0.8472222222221717,0.8444444444444343,0.9638157894736719,69.44444444444444,0
1345,1123.7694444444444,0.8472222222221717,0.8666666666667879,0.8444444444444343,1.0032894736841627,61.111111111111114,0
1346,1124.6361111111112,0.8666666666667879,0.875,0.8444444444444343,1.0263157894738402,69.44444444444444,0
1347,1125.5111111111112,0.875,0.6861111111111313,0.8444444444444343,1.0361842105263281,50.0,0
1348,1126.1972222222223,0.6861111111111313,0.8361111111109949,0.8444444444444343,0.8125000000000336,66.66666666666667,0
1349,1127.0333333333333,0.8361111111109949,0.808333333333394,0.8444444444444343,0.9901315789472427,58.333333333333336,0
1350,1127.8416666666667,0.808333333333394,0.8444444444444343,0.8444444444444343,0.9572368421053464,66.66666666666667,0
1351,1128.6861111111111,0.8444444444444343,0.8527777777776464,0.8444444444444343,1.0,61.111111111111114,0
1352,1129.5388888888888,0.8527777777776464,0.8694444444445253,0.8444444444444343,1.0098684210524882,75.0,0
1353,1130.4083333333333,0.8694444444445253,0.8666666666667879,0.8444444444444343,1.0296052631580028,72.22222222222223,0
1354,1131.275,0.8666666666667879,0.8666666666665606,0.8444444444444343,1.0263157894738402,58.333333333333336,0
1355,1132.1416666666667,0.8666666666665606,0.849999999999909,0.8444444444444343,1.0263157894735708,69.44444444444444,0
1356,1132.9916666666666,0.849999999999909,0.8333333333334849,0.8444444444444343,1.0065789473683253,69.44444444444444,0
1357,1133.825,0.8333333333334849,0.816666666666606,0.8444444444444343,0.9868421052633493,63.888888888888886,0
1358,1134.6416666666667,0.816666666666606,0.8222222222223081,0.8444444444444343,0.9671052631578345,63.888888888888886,0
1359,1135.463888888889,0.8222222222223081,0.7333333333333485,0.8444444444444343,0.9736842105264292,63.888888888888886,0
1360,1136.1972222222223,0.7333333333333485,0.7305555555553838,0.8444444444444343,0.8684210526316073,50.0,0
1361,1136.9277777777777,0.7305555555553838,0.8805555555557021,0.8444444444444343,0.8651315789471753,69.44444444444444,0
1362,1137.8083333333334,0.8805555555557021,0.8361111111109949,0.8444444444444343,1.0427631578949228,66.66666666666667,0
1363,1138.6444444444444,0.8361111111109949,0.8305555555555202,0.8444444444444343,0.9901315789472427,69.44444444444444,0
1364,1139.475,0.8305555555555202,0.8222222222223081,0.8444444444444343,0.9835526315789173,63.888888888888886,0
1365,1140.2972222222222,0.8222222222223081,0.841666666666697,0.8444444444444343,0.9736842105264292,69.44444444444444,0
1366,1141.138888888889,0.841666666666697,0.8583333333333485,0.8444444444444343,0.9967105263158373,72.22222222222223,0
1367,1141.9972222222223,0.8583333333333485,0.8722222222222626,0.8444444444444343,1.0164473684210829,63.888888888888886,0
1368,1142.8694444444445,0.8722222222222626,0.8722222222220353,0.8444444444444343,1.0328947368421655,77.77777777777777,0
1369,1143.7416666666666,0.8722222222220353,0.8250000000000455,0.8444444444444343,1.0328947368418961,66.66666666666667,0
1370,1144.5666666666666,0.8250000000000455,0.6388888888889142,0.8444444444444343,0.9769736842105918,50.0,0
1371,1145.2055555555555,0.6388888888889142,0.808333333333394,0.8444444444444343,0.75657894736846,63.888888888888886,0
1372,1146.013888888889,0.808333333333394,0.8222222222223081,0.8444444444444343,0.9572368421053464,63.888888888888886,0
1373,1146.8361111111112,0.8222222222223081,0.8444444444444343,0.8444444444444343,0.9736842105264292,63.888888888888886,0
1374,1147.6805555555557,0.8444444444444343,0.8805555555554747,0.8444444444444343,1.0,66.66666666666667,0
1375,1148.5611111111111,0.8805555555554747,0.8972222222221262,0.8444444444444343,1.0427631578946537,61.111111111111114,0
1376,1149.4583333333333,0.8972222222221262,0.8638888888890506,0.8444444444444343,1.062499999999899,63.888888888888886,0
1377,1150.3222222222223,0.8638888888890506,0.8277777777777828,0.8444444444444343,1.0230263157896775,63.888888888888886,0
1378,1151.15,0.8277777777777828,0.8416666666664696,0.8444444444444343,0.9802631578947546,63.888888888888886,0
1379,1151.9916666666666,0.8416666666664696,0.8305555555557476,0.8444444444444343,0.996710526315568,66.66666666666667,0
1380,1152.8222222222223,0.8305555555557476,0.8416666666664696,0.8444444444444343,0.9835526315791865,63.888888888888886,0
1381,1153.6638888888888,0.8416666666664696,0.8666666666667879,0.8444444444444343,0.996710526315568,66.66666666666667,0
1382,1154.5305555555556,0.8666666666667879,0.875,0.8444444444444343,1.0263157894738402,72.22222222222223,0
1383,1155.4055555555556,0.875,0.7999999999999545,0.8444444444444343,1.0361842105263281,66.66666666666667,0
1384,1156.2055555555555,0.7999999999999545,0.6638888888890051,0.8444444444444343,0.9473684210525891,44.44444444444444,0
1385,1156.8694444444445,0.6638888888890051,0.8222222222220807,0.8444444444444343,0.7861842105264628,61.111111111111114,0
1386,1157.6916666666666,0.8222222222220807,0.8166666666668334,0.8444444444444343,0.9736842105261599,63.888888888888886,0
1387,1158.5083333333334,0.8166666666668334,0.8333333333332575,0.8444444444444343,0.9671052631581037,66.66666666666667,0
1388,1159.3416666666667,0.8333333333332575,0.8916666666666515,0.8444444444444343,0.9868421052630799,63.888888888888886,0
1389,1160.2333333333333,0.8916666666666515,0.8833333333332121,0.8444444444444343,1.0559210526315737,61.111111111111114,0
1390,1161.1166666666666,0.8833333333332121,0.8555555555556111,0.8444444444444343,1.0460526315788163,61.111111111111114,0
1391,1161.9722222222222,0.8555555555556111,0.8472222222221717,0.8444444444444343,1.01315789473692,61.111111111111114,0
1392,1162.8194444444443,0.8472222222221717,0.8250000000000455,0.8444444444444343,1.0032894736841627,61.111111111111114,0
1393,1163.6444444444444,0.8250000000000455,0.8027777777779193,0.8444444444444343,0.9769736842105918,61.111111111111114,0
1394,1164.4472222222223,0.8027777777779193,0.6416666666666515,0.8444444444444343,0.950657894737021,50.0,0
1395,1165.088888888889,0.6416666666666515,0.8527777777776464,0.8444444444444343,0.7598684210526228,61.111111111111114,0
1396,1165.9416666666666,0.8527777777776464,0.8611111111110858,0.8444444444444343,1.0098684210524882,63.888888888888886,0
1397,1166.8027777777777,0.8611111111110858,0.8972222222223536,0.8444444444444343,1.0197368421052455,69.44444444444444,0
1398,1167.7,0.8972222222223536,0.8555555555556111,0.8444444444444343,1.0625000000001683,72.22222222222223,0
1399,1168.5555555555557,0.8555555555556111,0.8222222222220807,0.8444444444444343,1.01315789473692,63.888888888888886,0
1400,1169.3777777777777,0.8222222222220807,0.8194444444445708,0.8444444444444343,0.9736842105261599,69.44444444444444,0
1401,1170.1972222222223,0.8194444444445708,0.8277777777777828,0.8444444444444343,0.9703947368422665,58.333333333333336,0
1402,1171.025,0.8277777777777828,0.8638888888888232,0.8444444444444343,0.9802631578947546,66.66666666666667,0
1403,1171.888888888889,0.8638888888888232,0.8055555555554292,0.8444444444444343,1.0230263157894082,61.111111111111114,0
1404,1172.6944444444443,0.8055555555554292,0.7388888888890506,0.8444444444444343,0.9539473684209144,83.33333333333333,0
1405,1173.4333333333334,0.7388888888890506,0.8583333333333485,0.8444444444444343,0.875000000000202,69.44444444444444,0
1406,1174.2916666666667,0.8583333333333485,0.8444444444444343,0.8444444444444343,1.0164473684210829,61.111111111111114,0
1407,1175.1361111111112,0.8444444444444343,0.8361111111109949,0.8444444444444343,1.0,61.111111111111114,0
1408,1175.9722222222222,0.8361111111109949,0.8277777777777828,0.8444444444444343,0.9901315789472427,58.333333333333336,0
1409,1176.8,0.8277777777777828,0.8333333333334849,0.8444444444444343,0.9802631578947546,69.44444444444444,0
1410,1177.6333333333334,0.8333333333334849,0.875,0.8444444444444343,0.9868421052633493,63.888888888888886,0
1411,1178.5083333333334,0.875,0.8722222222220353,0.8444444444444343,1.0361842105263281,63.888888888888886,0
1412,1179.3805555555555,0.8722222222220353,0.8833333333334394,0.8444444444444343,1.0328947368418961,50.0,0
1413,1180.263888888889,0.8833333333334394,0.8333333333332575,0.8444444444444343,1.0460526315790855,61.111111111111114,0
1414,1181.0972222222222,0.8333333333332575,0.8138888888888687,0.8444444444444343,0.9868421052630799,63.888888888888886,0
1415,1181.911111111111,0.8138888888888687,0.7777777777778283,0.8444444444444343,0.9638157894736719,69.44444444444444,0
1416,1182.6888888888889,0.7777777777778283,0.6638888888890051,0.8444444444444343,0.9210526315790182,47.22222222222222,0
1417,1183.3527777777779,0.6638888888890051,0.875,0.8444444444444343,0.7861842105264628,61.111111111111114,0
1418,1184.2277777777779,0.875,0.33333333333325754,0.8444444444444343,1.0361842105263281,61.111111111111114,0
1419,1184.5611111111111,0.33333333333325754,0.5361111111110404,0.8444444444444343,0.3947368421051781,61.111111111111114,0
1420,1185.0972222222222,0.5361111111110404,0.8722222222222626,0.8444444444444343,0.6348684210525554,61.111111111111114,0
1421,1185.9694444444444,0.8722222222222626,0.8444444444444343,0.8444444444444343,1.0328947368421655,63.888888888888886,0
1422,1186.8138888888889,0.8444444444444343,0.8361111111112223,0.8444444444444343,1.0,61.111111111111114,0
1423,1187.65,0.8361111111112223,0.8249999999998181,0.8444444444444343,0.9901315789475119,66.66666666666667,0
1424,1188.475,0.8249999999998181,0.8277777777777828,0.8444444444444343,0.9769736842103226,66.66666666666667,0
1425,1189.3027777777777,0.8277777777777828,0.8555555555556111,0.8444444444444343,0.9802631578947546,69.44444444444444,0
1426,1190.1583333333333,0.8555555555556111,0.9055555555555657,0.8444444444444343,1.01315789473692,63.888888888888886,0
1427,1191.0638888888889,0.9055555555555657,0.8722222222222626,0.8444444444444343,1.0723684210526563,63.888888888888886,0
1428,1191.9361111111111,0.8722222222222626,0.8361111111109949,0.8444444444444343,1.0328947368421655,61.111111111111114,0
1429,1192.7722222222221,0.8361111111109949,0.8222222222223081,0.8444444444444343,0.9901315789472427,69.44444444444444,0
1430,1193.5944444444444,0.8222222222223081,0.8277777777777828,0.8444444444444343,0.9736842105264292,63.888888888888886,0
1431,1194.4222222222222,0.8277777777777828,0.841666666666697,0.8444444444444343,0.9802631578947546,69.44444444444444,0
1432,1195.263888888889,0.841666666666697,0.8777777777777374,0.8444444444444343,0.9967105263158373,61.111111111111114,0
1433,1196.1416666666667,0.8777777777777374,0.875,0.8444444444444343,1.0394736842104908,61.111111111111114,0
1434,1197.0166666666667,0.875,0.8638888888888232,0.8444444444444343,1.0361842105263281,61.111111111111114,0
1435,1197.8805555555555,0.8638888888888232,0.6444444444446162,0.8444444444444343,1.0230263157894082,63.888888888888886,0
1436,1198.525,0.6444444444446162,0.8833333333332121,0.8444444444444343,0.7631578947370546,102.77777777777777,1
1437,1199.4083333333333,0.8833333333332121,0.816666666666606,0.8444444444444343,1.0460526315788163,66.66666666666667,0
1438,1200.225,0.816666666666606,0.8194444444445708,0.8444444444444343,0.9671052631578345,72.22222222222223,0
1439,1201.0444444444445,0.8194444444445708,0.8527777777776464,0.8444444444444343,0.9703947368422665,66.66666666666667,0
1440,1201.8972222222221,0.8527777777776464,0.8833333333334394,0.8444444444444343,1.0098684210524882,66.66666666666667,0
1441,1202.7805555555556,0.8833333333334394,0.8944444444443889,0.8444444444444343,1.0460526315790855,66.66666666666667,0
1442,1203.675,0.8944444444443889,0.8527777777778738,0.8444444444444343,1.0592105263157363,69.44444444444444,0
1443,1204.5277777777778,0.8527777777778738,0.816666666666606,0.8444444444444343,1.0098684210527573,63.888888888888886,0
1444,1205.3444444444444,0.816666666666606,0.8444444444444343,0.8444444444444343,0.9671052631578345,69.44444444444444,0
1445,1206.1888888888889,0.8444444444444343,0.6222222222222626,0.8444444444444343,1.0,61.111111111111114,0
1446,1206.8111111111111,0.6222222222222626,0.9194444444444798,0.8444444444444343,0.7368421052632146,91.66666666666667,0
1447,1207.7305555555556,0.9194444444444798,0.8666666666665606,0.8444444444444343,1.0888157894737391,63.888888888888886,0
1448,1208.5972222222222,0.8666666666665606,0.875,0.8444444444444343,1.0263157894735708,66.66666666666667,0
1449,1209.4722222222222,0.875,0.8666666666667879,0.8444444444444343,1.0361842105263281,66.66666666666667,0
1450,1210.338888888889,0.8666666666667879,0.8472222222221717,0.8444444444444343,1.0263157894738402,69.44444444444444,0
1451,1211.1861111111111,0.8472222222221717,0.8138888888888687,0.8444444444444343,1.0032894736841627,66.66666666666667,0
1452,1212.0,0.8138888888888687,0.8138888888888687,0.8444444444444343,0.9638157894736719,66.66666666666667,0
1453,1212.8138888888889,0.8138888888888687,0.8527777777778738,0.8444444444444343,0.9638157894736719,66.66666666666667,0
1454,1213.6666666666667,0.8527777777778738,0.8916666666666515,0.8444444444444343,1.0098684210527573,61.111111111111114,0
1455,1214.5583333333334,0.8916666666666515,0.8805555555554747,0.8444444444444343,1.0559210526315737,66.66666666666667,0
1456,1215.4388888888889,0.8805555555554747,0.849999999999909,0.8444444444444343,1.0427631578946537,66.66666666666667,0
1457,1216.2888888888888,0.849999999999909,0.841666666666697,0.8444444444444343,1.0065789473683253,66.66666666666667,0
1458,1217.1305555555555,0.841666666666697,0.8277777777777828,0.8444444444444343,0.9967105263158373,66.66666666666667,0
1459,1217.9583333333333,0.8277777777777828,0.8361111111112223,0.8444444444444343,0.9802631578947546,72.22222222222223,0
1460,1218.7944444444445,0.8361111111112223,0.841666666666697,0.8444444444444343,0.9901315789475119,66.66666666666667,0
1461,1219.6361111111112,0.841666666666697,0.8611111111110858,0.8444444444444343,0.9967105263158373,66.66666666666667,0
1462,1220.4972222222223,0.8611111111110858,0.8833333333332121,0.8444444444444343,1.0197368421052455,69.44444444444444,0
1463,1221.3805555555555,0.8833333333332121,0.8805555555557021,0.8444444444444343,1.0460526315788163,69.44444444444444,0
1464,1222.2611111111112,0.8805555555557021,0.8361111111109949,0.8444444444444343,1.0427631578949228,69.44444444444444,0
1465,1223.0972222222222,0.8361111111109949,0.808333333333394,0.8444444444444343,0.9901315789472427,72.22222222222223,0
1466,1223.9055555555556,0.808333333333394,0.8277777777777828,0.8444444444444343,0.9572368421053464,61.111111111111114,0
1467,1224.7333333333333,0.8277777777777828,0.8444444444444343,0.8444444444444343,0.9802631578947546,63.888888888888886,0
1468,1225.5777777777778,0.8444444444444343,0.8833333333334394,0.8444444444444343,1.0,63.888888888888886,0
1469,1226.4611111111112,0.8833333333334394,0.8777777777777374,0.8444444444444343,1.0460526315790855,77.77777777777777,0
1470,1227.338888888889,0.8777777777777374,0.8611111111110858,0.8444444444444343,1.0394736842104908,61.111111111111114,0
1471,1228.2,0.8611111111110858,0.849999999999909,0.8444444444444343,1.0197368421052455,63.888888888888886,0
1472,1229.05,0.849999999999909,0.8361111111112223,0.8444444444444343,1.0065789473683253,66.66666666666667,0
1473,1229.8861111111112,0.8361111111112223,0.8277777777777828,0.8444444444444343,0.9901315789475119,61.111111111111114,0
1474,1230.713888888889,0.8277777777777828,0.8333333333332575,0.8444444444444343,0.9802631578947546,61.111111111111114,0
1475,1231.5472222222222,0.8333333333332575,0.8722222222222626,0.8444444444444343,0.9868421052630799,63.888888888888886,0
1476,1232.4194444444445,0.8722222222222626,0.875,0.8444444444444343,1.0328947368421655,63.888888888888886,0
1477,1233.2944444444445,0.875,0.8833333333332121,0.8444444444444343,1.0361842105263281,63.888888888888886,0
1478,1234.1777777777777,0.8833333333332121,0.8361111111112223,0.8444444444444343,1.0460526315788163,69.44444444444444,0
1479,1235.013888888889,0.8361111111112223,0.808333333333394,0.8444444444444343,0.9901315789475119,75.0,0
1480,1235.8222222222223,0.808333333333394,0.8249999999998181,0.8444444444444343,0.9572368421053464,63.888888888888886,0
1481,1236.6472222222221,0.8249999999998181,0.8611111111113132,0.8444444444444343,0.9769736842103226,66.66666666666667,0
1482,1237.5083333333334,0.8611111111113132,0.8805555555554747,0.8444444444444343,1.0197368421055146,66.66666666666667,0
1483,1238.388888888889,0.8805555555554747,0.8666666666665606,0.8444444444444343,1.0427631578946537,61.111111111111114,0
1484,1239.2555555555555,0.8666666666665606,0.8722222222222626,0.8444444444444343,1.0263157894735708,58.333333333333336,0
1485,1240.1277777777777,0.8722222222222626,0.8444444444444343,0.8444444444444343,1.0328947368421655,63.888888888888886,0
1486,1240.9722222222222,0.8444444444444343,0.8333333333334849,0.8444444444444343,1.0,72.22222222222223,0
1487,1241.8055555555557,0.8333333333334849,0.816666666666606,0.8444444444444343,0.9868421052633493,63.888888888888886,0
1488,1242.6222222222223,0.816666666666606,0.8277777777777828,0.8444444444444343,0.9671052631578345,66.66666666666667,0
1489,1243.45,0.8277777777777828,0.875,0.8444444444444343,0.9802631578947546,61.111111111111114,0
1490,1244.325,0.875,0.8972222222221262,0.8444444444444343,1.0361842105263281,61.111111111111114,0
1491,1245.2222222222222,0.8972222222221262,0.8722222222222626,0.8444444444444343,1.062499999999899,72.22222222222223,0
1492,1246.0944444444444,0.8722222222222626,0.8305555555555202,0.8444444444444343,1.0328947368421655,69.44444444444444,0
1493,1246.925,0.8305555555555202,0.8222222222223081,0.8444444444444343,0.9835526315789173,61.111111111111114,0
1494,1247.7472222222223,0.8222222222223081,0.8194444444443434,0.8444444444444343,0.9736842105264292,66.66666666666667,0
1495,1248.5666666666666,0.8194444444443434,0.8500000000001364,0.8444444444444343,0.9703947368419972,66.66666666666667,0
1496,1249.4166666666667,0.8500000000001364,0.8694444444442979,0.8444444444444343,1.0065789473685947,72.22222222222223,0
1497,1250.286111111111,0.8694444444442979,0.8777777777777374,0.8444444444444343,1.0296052631577335,72.22222222222223,0
1498,1251.1638888888888,0.8777777777777374,0.8722222222222626,0.8444444444444343,1.0394736842104908,61.111111111111114,0
1499,1252.036111111111,0.8722222222222626,0.8722222222222626,0.8444444444444343,1.0328947368421655,77.77777777777777,0
1500,1252.9083333333333,0.8722222222222626,0.8194444444445708,0.8444444444444343,1.0328947368421655,69.44444444444444,0
1501,1253.7277777777779,0.8194444444445708,0.8055555555554292,0.8444444444444343,0.9703947368422665,72.22222222222223,0
1502,1254.5333333333333,0.8055555555554292,0.8361111111112223,0.8444444444444343,0.9539473684209144,75.0,0
1503,1255.3694444444445,0.8361111111112223,0.8583333333333485,0.8444444444444343,0.9901315789475119,69.44444444444444,0
1504,1256.2277777777779,0.8583333333333485,0.8861111111109494,0.8444444444444343,1.0164473684210829,75.0,0
1505,1257.1138888888888,0.8861111111109494,0.3333333333334849,0.8444444444444343,1.049342105262979,58.333333333333336,0
1506,1257.4472222222223,0.3333333333334849,0.5472222222222172,0.8444444444444343,0.3947368421054474,72.22222222222223,0
1507,1257.9944444444445,0.5472222222222172,0.8472222222221717,0.8444444444444343,0.6480263157894754,75.0,0
1508,1258.8416666666667,0.8472222222221717,0.8194444444443434,0.8444444444444343,1.0032894736841627,72.22222222222223,0
1509,1259.661111111111,0.8194444444443434,0.8472222222223991,0.8444444444444343,0.9703947368419972,61.111111111111114,0
1510,1260.5083333333334,0.8472222222223991,0.8388888888887323,0.8444444444444343,1.003289473684432,72.22222222222223,0
1511,1261.3472222222222,0.8388888888887323,0.8555555555556111,0.8444444444444343,0.9934210526314053,72.22222222222223,0
1512,1262.2027777777778,0.8555555555556111,0.8777777777777374,0.8444444444444343,1.01315789473692,61.111111111111114,0
1513,1263.0805555555555,0.8777777777777374,0.3305555555555202,0.8444444444444343,1.0394736842104908,72.22222222222223,0
1514,1263.411111111111,0.3305555555555202,0.3500000000001364,0.8444444444444343,0.3914473684210154,75.0,0
1515,1263.7611111111112,0.3500000000001364,0.9166666666665151,0.8444444444444343,0.4144736842106928,97.22222222222223,1
1516,1264.6777777777777,0.9166666666665151,0.841666666666697,0.8444444444444343,1.0855263157893071,72.22222222222223,0
1517,1265.5194444444444,0.841666666666697,0.8138888888888687,0.8444444444444343,0.9967105263158373,66.66666666666667,0
1518,1266.3333333333333,0.8138888888888687,0.8166666666668334,0.8444444444444343,0.9638157894736719,69.44444444444444,0
1519,1267.15,0.8166666666668334,0.8722222222220353,0.8444444444444343,0.9671052631581037,66.66666666666667,0
1520,1268.0222222222221,0.8722222222220353,0.8861111111111768,0.8444444444444343,1.0328947368418961,72.22222222222223,0
1521,1268.9083333333333,0.8861111111111768,0.8722222222222626,0.8444444444444343,1.0493421052632483,58.333333333333336,0
1522,1269.7805555555556,0.8722222222222626,0.841666666666697,0.8444444444444343,1.0328947368421655,61.111111111111114,0
1523,1270.6222222222223,0.841666666666697,0.8333333333332575,0.8444444444444343,0.9967105263158373,66.66666666666667,0
1524,1271.4555555555555,0.8333333333332575,0.8333333333332575,0.8444444444444343,0.9868421052630799,63.888888888888886,0
1525,1272.2888888888888,0.8333333333332575,0.8444444444446617,0.8444444444444343,0.9868421052630799,72.22222222222223,0
1526,1273.1333333333334,0.8444444444446617,0.8527777777776464,0.8444444444444343,1.0000000000002693,63.888888888888886,0
1527,1273.986111111111,0.8527777777776464,0.8666666666667879,0.8444444444444343,1.0098684210524882,75.0,0
1528,1274.8527777777779,0.8666666666667879,0.8861111111109494,0.8444444444444343,1.0263157894738402,61.111111111111114,0
1529,1275.7388888888888,0.8861111111109494,0.8638888888890506,0.8444444444444343,1.049342105262979,66.66666666666667,0
1530,1276.6027777777779,0.8638888888890506,0.8249999999998181,0.8444444444444343,1.0230263157896775,69.44444444444444,0
1531,1277.4277777777777,0.8249999999998181,0.808333333333394,0.8444444444444343,0.9769736842103226,69.44444444444444,0
1532,1278.236111111111,0.808333333333394,0.8388888888889596,0.8444444444444343,0.9572368421053464,63.888888888888886,0
1533,1279.075,0.8388888888889596,0.849999999999909,0.8444444444444343,0.9934210526316746,63.888888888888886,0
1534,1279.925,0.849999999999909,0.8944444444443889,0.8444444444444343,1.0065789473683253,63.888888888888886,0
1535,1280.8194444444443,0.8944444444443889,0.875,0.8444444444444343,1.0592105263157363,75.0,0
1536,1281.6944444444443,0.875,0.8444444444444343,0.8444444444444343,1.0361842105263281,66.66666666666667,0
1537,1282.5388888888888,0.8444444444444343,0.841666666666697,0.8444444444444343,1.0,69.44444444444444,0
1538,1283.3805555555555,0.841666666666697,0.841666666666697,0.8444444444444343,0.9967105263158373,66.66666666666667,0
1539,1284.2222222222222,0.841666666666697,0.8333333333334849,0.8444444444444343,0.9967105263158373,66.66666666666667,0
1540,1285.0555555555557,0.8333333333334849,0.8416666666664696,0.8444444444444343,0.9868421052633493,63.888888888888886,0
1541,1285.8972222222221,0.8416666666664696,0.8833333333334394,0.8444444444444343,0.996710526315568,63.888888888888886,0
1542,1286.7805555555556,0.8833333333334394,0.8722222222222626,0.8444444444444343,1.0460526315790855,63.888888888888886,0
1543,1287.6527777777778,0.8722222222222626,0.8694444444442979,0.8444444444444343,1.0328947368421655,66.66666666666667,0
1544,1288.5222222222221,0.8694444444442979,0.8222222222223081,0.8444444444444343,1.0296052631577335,66.66666666666667,0
1545,1289.3444444444444,0.8222222222223081,0.8138888888888687,0.8444444444444343,0.9736842105264292,63.888888888888886,0
1546,1290.1583333333333,0.8138888888888687,0.8333333333332575,0.8444444444444343,0.9638157894736719,69.44444444444444,0
1547,1290.9916666666666,0.8333333333332575,0.8722222222222626,0.8444444444444343,0.9868421052630799,69.44444444444444,0
1548,1291.8638888888888,0.8722222222222626,0.8861111111111768,0.8444444444444343,1.0328947368421655,63.888888888888886,0
1549,1292.75,0.8861111111111768,0.8638888888888232,0.8444444444444343,1.0493421052632483,69.44444444444444,0
1550,1293.6138888888888,0.8638888888888232,0.8666666666667879,0.8444444444444343,1.0230263157894082,66.66666666666667,0
1551,1294.4805555555556,0.8666666666667879,0.8305555555555202,0.8444444444444343,1.0263157894738402,66.66666666666667,0
1552,1295.3111111111111,0.8305555555555202,0.8361111111109949,0.8444444444444343,0.9835526315789173,66.66666666666667,0
1553,1296.1472222222221,0.8361111111109949,0.8222222222223081,0.8444444444444343,0.9901315789472427,66.66666666666667,0
1554,1296.9694444444444,0.8222222222223081,0.8444444444444343,0.8444444444444343,0.9736842105264292,66.66666666666667,0
1555,1297.8138888888889,0.8444444444444343,0.8777777777777374,0.8444444444444343,1.0,63.888888888888886,0
1556,1298.6916666666666,0.8777777777777374,0.900000000000091,0.8444444444444343,1.0394736842104908,69.44444444444444,0
1557,1299.5916666666667,0.900000000000091,0.8638888888888232,0.8444444444444343,1.065789473684331,63.888888888888886,0
1558,1300.4555555555555,0.8638888888888232,0.8138888888888687,0.8444444444444343,1.0230263157894082,66.66666666666667,0
1559,1301.2694444444444,0.8138888888888687,0.8222222222223081,0.8444444444444343,0.9638157894736719,63.888888888888886,0
1560,1302.0916666666667,0.8222222222223081,0.8277777777777828,0.8444444444444343,0.9736842105264292,63.888888888888886,0
1561,1302.9194444444445,0.8277777777777828,0.8555555555556111,0.8444444444444343,0.9802631578947546,75.0,0
1562,1303.775,0.8555555555556111,0.8805555555554747,0.8444444444444343,1.01315789473692,75.0,0
1563,1304.6555555555556,0.8805555555554747,0.875,0.8444444444444343,1.0427631578946537,66.66666666666667,0
1564,1305.5305555555556,0.875,0.8666666666665606,0.8444444444444343,1.0361842105263281,72.22222222222223,0
1565,1306.3972222222221,0.8666666666665606,0.8555555555556111,0.8444444444444343,1.0263157894735708,66.66666666666667,0
1566,1307.2527777777777,0.8555555555556111,0.8194444444445708,0.8444444444444343,1.01315789473692,63.888888888888886,0
1567,1308.0722222222223,0.8194444444445708,0.8138888888888687,0.8444444444444343,0.9703947368422665,61.111111111111114,0
1568,1308.8861111111112,0.8138888888888687,0.8472222222221717,0.8444444444444343,0.9638157894736719,66.66666666666667,0
1569,1309.7333333333333,0.8472222222221717,0.8638888888888232,0.8444444444444343,1.0032894736841627,66.66666666666667,0
1570,1310.5972222222222,0.8638888888888232,0.3305555555555202,0.8444444444444343,1.0230263157894082,66.66666666666667,0
1571,1310.9277777777777,0.3305555555555202,0.5611111111111313,0.8444444444444343,0.3914473684210154,38.888888888888886,0
1572,1311.4888888888888,0.5611111111111313,0.8666666666667879,0.8444444444444343,0.6644736842105582,72.22222222222223,0
1573,1312.3555555555556,0.8666666666667879,0.8305555555555202,0.8444444444444343,1.0263157894738402,63.888888888888886,0
1574,1313.1861111111111,0.8305555555555202,0.8194444444443434,0.8444444444444343,0.9835526315789173,55.55555555555556,0
1575,1314.0055555555555,0.8194444444443434,0.8500000000001364,0.8444444444444343,0.9703947368419972,69.44444444444444,0
1576,1314.8555555555556,0.8500000000001364,0.8527777777776464,0.8444444444444343,1.0065789473685947,66.66666666666667,0
1577,1315.7083333333333,0.8527777777776464,0.8666666666667879,0.8444444444444343,1.0098684210524882,61.111111111111114,0
1578,1316.575,0.8666666666667879,0.8805555555554747,0.8444444444444343,1.0263157894738402,80.55555555555556,0
1579,1317.4555555555555,0.8805555555554747,0.3305555555555202,0.8444444444444343,1.0427631578946537,77.77777777777777,0
1580,1317.786111111111,0.3305555555555202,0.5305555555555657,0.8444444444444343,0.3914473684210154,44.44444444444444,0
1581,1318.3166666666666,0.5305555555555657,0.8500000000001364,0.8444444444444343,0.62828947368423,55.55555555555556,0
1582,1319.1666666666667,0.8500000000001364,0.8194444444443434,0.8444444444444343,1.0065789473685947,72.22222222222223,0
1583,1319.986111111111,0.8194444444443434,0.8194444444445708,0.8444444444444343,0.9703947368419972,61.111111111111114,0
1584,1320.8055555555557,0.8194444444445708,0.8444444444444343,0.8444444444444343,0.9703947368422665,75.0,0
1585,1321.65,0.8444444444444343,0.8944444444443889,0.8444444444444343,1.0,75.0,0
1586,1322.5444444444445,0.8944444444443889,0.8777777777777374,0.8444444444444343,1.0592105263157363,69.44444444444444,0
1587,1323.4222222222222,0.8777777777777374,0.8527777777778738,0.8444444444444343,1.0394736842104908,63.888888888888886,0
1588,1324.275,0.8527777777778738,0.8333333333332575,0.8444444444444343,1.0098684210527573,66.66666666666667,0
1589,1325.1083333333333,0.8333333333332575,0.816666666666606,0.8444444444444343,0.9868421052630799,75.0,0
1590,1325.925,0.816666666666606,0.841666666666697,0.8444444444444343,0.9671052631578345,66.66666666666667,0
1591,1326.7666666666667,0.841666666666697,0.8472222222221717,0.8444444444444343,0.9967105263158373,69.44444444444444,0
1592,1327.6138888888888,0.8472222222221717,0.8722222222222626,0.8444444444444343,1.0032894736841627,69.44444444444444,0
1593,1328.486111111111,0.8722222222222626,0.8777777777777374,0.8444444444444343,1.0328947368421655,69.44444444444444,0
1594,1329.3638888888888,0.8777777777777374,0.8888888888889142,0.8444444444444343,1.0394736842104908,66.66666666666667,0
1595,1330.2527777777777,0.8888888888889142,0.8333333333334849,0.8444444444444343,1.052631578947411,69.44444444444444,0
1596,1331.0861111111112,0.8333333333334849,0.8027777777776919,0.8444444444444343,0.9868421052633493,69.44444444444444,0
1597,1331.888888888889,0.8027777777776919,0.8277777777777828,0.8444444444444343,0.9506578947367518,66.66666666666667,0
1598,1332.7166666666667,0.8277777777777828,0.8361111111109949,0.8444444444444343,0.9802631578947546,72.22222222222223,0
1599,1333.5527777777777,0.8361111111109949,0.8833333333334394,0.8444444444444343,0.9901315789472427,63.888888888888886,0
1600,1334.4361111111111,0.8833333333334394,0.8805555555554747,0.8444444444444343,1.0460526315790855,69.44444444444444,0
1601,1335.3166666666666,0.8805555555554747,0.8611111111110858,0.8444444444444343,1.0427631578946537,75.0,0
1602,1336.1777777777777,0.8611111111110858,0.8388888888889596,0.8444444444444343,1.0197368421052455,75.0,0
1603,1337.0166666666667,0.8388888888889596,0.8472222222221717,0.8444444444444343,0.9934210526316746,66.66666666666667,0
1604,1337.8638888888888,0.8472222222221717,0.8305555555555202,0.8444444444444343,1.0032894736841627,61.111111111111114,0
1605,1338.6944444444443,0.8305555555555202,0.8305555555557476,0.8444444444444343,0.9835526315789173,66.66666666666667,0
1606,1339.525,0.8305555555557476,0.875,0.8444444444444343,0.9835526315791865,75.0,0
1607,1340.4,0.875,0.8694444444442979,0.8444444444444343,1.0361842105263281,61.111111111111114,0
1608,1341.2694444444444,0.8694444444442979,0.8805555555557021,0.8444444444444343,1.0296052631577335,77.77777777777777,0
1609,1342.15,0.8805555555557021,0.8472222222221717,0.8444444444444343,1.0427631578949228,61.111111111111114,0
1610,1342.9972222222223,0.8472222222221717,0.8138888888888687,0.8444444444444343,1.0032894736841627,66.66666666666667,0
1611,1343.8111111111111,0.8138888888888687,0.8138888888888687,0.8444444444444343,0.9638157894736719,63.888888888888886,0
1612,1344.625,0.8138888888888687,0.8666666666665606,0.8444444444444343,0.9638157894736719,69.44444444444444,0
1613,1345.4916666666666,0.8666666666665606,0.8722222222222626,0.8444444444444343,1.0263157894735708,66.66666666666667,0
1614,1346.3638888888888,0.8722222222222626,0.8638888888890506,0.8444444444444343,1.0328947368421655,75.0,0
1615,1347.2277777777779,0.8638888888890506,0.8694444444442979,0.8444444444444343,1.0230263157896775,69.44444444444444,0
1616,1348.0972222222222,0.8694444444442979,0.841666666666697,0.8444444444444343,1.0296052631577335,75.0,0
1617,1348.9388888888889,0.841666666666697,0.8361111111112223,0.8444444444444343,0.9967105263158373,61.111111111111114,0
1618,1349.775,0.8361111111112223,0.8305555555555202,0.8444444444444343,0.9901315789475119,63.888888888888886,0
1619,1350.6055555555556,0.8305555555555202,0.8333333333332575,0.8444444444444343,0.9835526315789173,72.22222222222223,0
1620,1351.4388888888889,0.8333333333332575,0.8638888888888232,0.8444444444444343,0.9868421052630799,66.66666666666667,0
1621,1352.3027777777777,0.8638888888888232,0.9027777777778283,0.8444444444444343,1.0230263157894082,83.33333333333333,0
1622,1353.2055555555555,0.9027777777778283,0.8694444444445253,0.8444444444444343,1.0690789473684936,66.66666666666667,0
1623,1354.075,0.8694444444445253,0.8277777777777828,0.8444444444444343,1.0296052631580028,75.0,0
1624,1354.9027777777778,0.8277777777777828,0.8194444444443434,0.8444444444444343,0.9802631578947546,69.44444444444444,0
1625,1355.7222222222222,0.8194444444443434,0.8194444444445708,0.8444444444444343,0.9703947368419972,69.44444444444444,0
1626,1356.5416666666667,0.8194444444445708,0.8444444444444343,0.8444444444444343,0.9703947368422665,63.888888888888886,0
1627,1357.3861111111112,0.8444444444444343,0.8722222222222626,0.8444444444444343,1.0,63.888888888888886,0
1628,1358.2583333333334,0.8722222222222626,0.8805555555554747,0.8444444444444343,1.0328947368421655,72.22222222222223,0
1629,1359.138888888889,0.8805555555554747,0.8638888888888232,0.8444444444444343,1.0427631578946537,75.0,0
1630,1360.0027777777777,0.8638888888888232,0.8694444444445253,0.8444444444444343,1.0230263157894082,61.111111111111114,0
1631,1360.8722222222223,0.8694444444445253,0.8250000000000455,0.8444444444444343,1.0296052631580028,66.66666666666667,0
1632,1361.6972222222223,0.8250000000000455,0.8111111111111313,0.8444444444444343,0.9769736842105918,61.111111111111114,0
1633,1362.5083333333334,0.8111111111111313,0.8333333333332575,0.8444444444444343,0.9605263157895091,63.888888888888886,0
1634,1363.3416666666667,0.8333333333332575,0.8611111111110858,0.8444444444444343,0.9868421052630799,63.888888888888886,0
1635,1364.2027777777778,0.8611111111110858,0.8861111111111768,0.8444444444444343,1.0197368421052455,63.888888888888886,0
1636,1365.088888888889,0.8861111111111768,0.8861111111109494,0.8444444444444343,1.0493421052632483,61.111111111111114,0
1637,1365.975,0.8861111111109494,0.8444444444444343,0.8444444444444343,1.049342105262979,69.44444444444444,0
1638,1366.8194444444443,0.8444444444444343,0.8111111111111313,0.8444444444444343,1.0,66.66666666666667,0
1639,1367.6305555555555,0.8111111111111313,0.8388888888889596,0.8444444444444343,0.9605263157895091,61.111111111111114,0
1640,1368.4694444444444,0.8388888888889596,0.8388888888889596,0.8444444444444343,0.9934210526316746,63.888888888888886,0
1641,1369.3083333333334,0.8388888888889596,0.8638888888888232,0.8444444444444343,0.9934210526316746,58.333333333333336,0
1642,1370.1722222222222,0.8638888888888232,0.875,0.8444444444444343,1.0230263157894082,72.22222222222223,0
1643,1371.0472222222222,0.875,0.8722222222222626,0.8444444444444343,1.0361842105263281,63.888888888888886,0
1644,1371.9194444444445,0.8722222222222626,0.8611111111110858,0.8444444444444343,1.0328947368421655,66.66666666666667,0
1645,1372.7805555555556,0.8611111111110858,0.8472222222221717,0.8444444444444343,1.0197368421052455,66.66666666666667,0
1646,1373.6277777777777,0.8472222222221717,0.8138888888888687,0.8444444444444343,1.0032894736841627,69.44444444444444,0
1647,1374.4416666666666,0.8138888888888687,0.8194444444445708,0.8444444444444343,0.9638157894736719,66.66666666666667,0
1648,1375.2611111111112,0.8194444444445708,0.8722222222222626,0.8444444444444343,0.9703947368422665,63.888888888888886,0
1649,1376.1333333333334,0.8722222222222626,0.8888888888886868,0.8444444444444343,1.0328947368421655,55.55555555555556,0
1650,1377.0222222222221,0.8888888888886868,0.8722222222222626,0.8444444444444343,1.0526315789471417,69.44444444444444,0
1651,1377.8944444444444,0.8722222222222626,0.8333333333334849,0.8444444444444343,1.0328947368421655,63.888888888888886,0
1652,1378.7277777777779,0.8333333333334849,0.8305555555555202,0.8444444444444343,0.9868421052633493,66.66666666666667,0
1653,1379.5583333333334,0.8305555555555202,0.8277777777777828,0.8444444444444343,0.9835526315789173,69.44444444444444,0
1654,1380.3861111111112,0.8277777777777828,0.841666666666697,0.8444444444444343,0.9802631578947546,69.44444444444444,0
1655,1381.2277777777779,0.841666666666697,0.8611111111110858,0.8444444444444343,0.9967105263158373,66.66666666666667,0
1656,1382.088888888889,0.8611111111110858,0.7638888888889142,0.8444444444444343,1.0197368421052455,61.111111111111114,0
1657,1382.8527777777779,0.7638888888889142,0.7027777777777828,0.8444444444444343,0.9046052631579354,55.55555555555556,0
1658,1383.5555555555557,0.7027777777777828,0.8888888888886868,0.8444444444444343,0.8322368421052792,63.888888888888886,0
1659,1384.4444444444443,0.8888888888886868,0.8250000000000455,0.8444444444444343,1.0526315789471417,66.66666666666667,0
1660,1385.2694444444444,0.8250000000000455,0.8027777777779193,0.8444444444444343,0.9769736842105918,63.888888888888886,0
1661,1386.0722222222223,0.8027777777779193,0.8305555555555202,0.8444444444444343,0.950657894737021,63.888888888888886,0
1662,1386.9027777777778,0.8305555555555202,0.8444444444444343,0.8444444444444343,0.9835526315789173,66.66666666666667,0
1663,1387.7472222222223,0.8444444444444343,0.8861111111111768,0.8444444444444343,1.0,61.111111111111114,0
1664,1388.6333333333334,0.8861111111111768,0.3305555555555202,0.8444444444444343,1.0493421052632483,61.111111111111114,0
1665,1388.963888888889,0.3305555555555202,0.5527777777776919,0.8444444444444343,0.3914473684210154,63.888888888888886,0
1666,1389.5166666666667,0.5527777777776919,0.8583333333333485,0.8444444444444343,0.6546052631578009,61.111111111111114,0
1667,1390.375,0.8583333333333485,0.8277777777777828,0.8444444444444343,1.0164473684210829,69.44444444444444,0
1668,1391.2027777777778,0.8277777777777828,0.8444444444444343,0.8444444444444343,0.9802631578947546,63.888888888888886,0
1669,1392.0472222222222,0.8444444444444343,0.8333333333332575,0.8444444444444343,1.0,69.44444444444444,0
1670,1392.8805555555555,0.8333333333332575,0.8388888888889596,0.8444444444444343,0.9868421052630799,61.111111111111114,0
1671,1393.7194444444444,0.8388888888889596,0.8777777777777374,0.8444444444444343,0.9934210526316746,66.66666666666667,0
1672,1394.5972222222222,0.8777777777777374,0.875,0.8444444444444343,1.0394736842104908,66.66666666666667,0
1673,1395.4722222222222,0.875,0.8777777777777374,0.8444444444444343,1.0361842105263281,69.44444444444444,0
1674,1396.35,0.8777777777777374,0.841666666666697,0.8444444444444343,1.0394736842104908,63.888888888888886,0
1675,1397.1916666666666,0.841666666666697,0.7972222222222172,0.8444444444444343,0.9967105263158373,69.44444444444444,0
1676,1397.9888888888888,0.7972222222222172,0.6305555555557021,0.8444444444444343,0.9440789473684263,55.55555555555556,0
1677,1398.6194444444445,0.6305555555557021,0.8583333333333485,0.8444444444444343,0.7467105263159719,69.44444444444444,0
1678,1399.4777777777779,0.8583333333333485,0.8777777777777374,0.8444444444444343,1.0164473684210829,63.888888888888886,0
1679,1400.3555555555556,0.8777777777777374,0.8805555555554747,0.8444444444444343,1.0394736842104908,66.66666666666667,0
1680,1401.236111111111,0.8805555555554747,0.8583333333333485,0.8444444444444343,1.0427631578946537,69.44444444444444,0
1681,1402.0944444444444,0.8583333333333485,0.8444444444444343,0.8444444444444343,1.0164473684210829,72.22222222222223,0
1682,1402.9388888888889,0.8444444444444343,0.8305555555555202,0.8444444444444343,1.0,75.0,0
1683,1403.7694444444444,0.8305555555555202,0.841666666666697,0.8444444444444343,0.9835526315789173,75.0,0
1684,1404.611111111111,0.841666666666697,0.8333333333332575,0.8444444444444343,0.9967105263158373,66.66666666666667,0
1685,1405.4444444444443,0.8333333333332575,0.6444444444446162,0.8444444444444343,0.9868421052630799,66.66666666666667,0
1686,1406.088888888889,0.6444444444446162,0.9972222222222626,0.8444444444444343,0.7631578947370546,19.444444444444443,0
1687,1407.0861111111112,0.9972222222222626,0.8861111111109494,0.8444444444444343,1.180921052631641,69.44444444444444,0
1688,1407.9722222222222,0.8861111111109494,0.8472222222221717,0.8444444444444343,1.049342105262979,72.22222222222223,0
1689,1408.8194444444443,0.8472222222221717,0.808333333333394,0.8444444444444343,1.0032894736841627,75.0,0
1690,1409.6277777777777,0.808333333333394,0.8222222222223081,0.8444444444444343,0.9572368421053464,72.22222222222223,0
1691,1410.45,0.8222222222223081,0.8388888888887323,0.8444444444444343,0.9736842105264292,66.66666666666667,0
1692,1411.2888888888888,0.8388888888887323,0.875,0.8444444444444343,0.9934210526314053,66.66666666666667,0
1693,1412.1638888888888,0.875,0.875,0.8444444444444343,1.0361842105263281,72.22222222222223,0
1694,1413.0388888888888,0.875,0.8611111111113132,0.8444444444444343,1.0361842105263281,61.111111111111114,0
1695,1413.9,0.8611111111113132,0.3805555555554747,0.8444444444444343,1.0197368421055146,69.44444444444444,0
1696,1414.2805555555556,0.3805555555554747,1.0611111111111313,0.8444444444444343,0.4506578947367518,105.55555555555556,1
1697,1415.3416666666667,1.0611111111111313,0.8222222222220807,0.8444444444444343,1.25657894736846,61.111111111111114,0
1698,1416.1638888888888,0.8222222222220807,0.8194444444445708,0.8444444444444343,0.9736842105261599,63.888888888888886,0
1699,1416.9833333333333,0.8194444444445708,0.8527777777778738,0.8444444444444343,0.9703947368422665,69.44444444444444,0
1700,1417.8361111111112,0.8527777777778738,0.8694444444442979,0.8444444444444343,1.0098684210527573,75.0,0
1701,1418.7055555555555,0.8694444444442979,0.8666666666667879,0.8444444444444343,1.0296052631577335,75.0,0
1702,1419.5722222222223,0.8666666666667879,0.6944444444443434,0.8444444444444343,1.0263157894738402,58.333333333333336,0
1703,1420.2666666666667,0.6944444444443434,0.8333333333332575,0.8444444444444343,0.8223684210525217,66.66666666666667,0
1704,1421.1,0.8333333333332575,0.7916666666667425,0.8444444444444343,0.9868421052630799,63.888888888888886,0
1705,1421.8916666666667,0.7916666666667425,0.6611111111110404,0.8444444444444343,0.9375000000001009,47.22222222222222,0
1706,1422.5527777777777,0.6611111111110404,0.8444444444444343,0.8444444444444343,0.7828947368420308,61.111111111111114,0
1707,1423.3972222222221,0.8444444444444343,0.8666666666667879,0.8444444444444343,1.0,66.66666666666667,0
1708,1424.263888888889,0.8666666666667879,0.7805555555555657,0.8444444444444343,1.0263157894738402,63.888888888888886,0
1709,1425.0444444444445,0.7805555555555657,0.6861111111111313,0.8444444444444343,0.924342105263181,55.55555555555556,0
1710,1425.7305555555556,0.6861111111111313,0.8555555555556111,0.8444444444444343,0.8125000000000336,63.888888888888886,0
1711,1426.5861111111112,0.8555555555556111,0.8472222222221717,0.8444444444444343,1.01315789473692,63.888888888888886,0
1712,1427.4333333333334,0.8472222222221717,0.7055555555555202,0.8444444444444343,1.0032894736841627,77.77777777777777,0
1713,1428.138888888889,0.7055555555555202,0.6694444444444798,0.8444444444444343,0.8355263157894418,77.77777777777777,0
1714,1428.8083333333334,0.6694444444444798,1.5444444444444798,0.8444444444444343,0.7927631578947882,66.66666666666667,0
1715,1430.3527777777779,1.5444444444444798,0.8777777777777374,0.8444444444444343,1.8289473684211164,63.888888888888886,0
1716,1431.2305555555556,0.8777777777777374,0.8611111111110858,0.8444444444444343,1.0394736842104908,72.22222222222223,0
1717,1432.0916666666667,0.8611111111110858,0.8361111111109949,0.8444444444444343,1.0197368421052455,69.44444444444444,0
1718,1432.9277777777777,0.8361111111109949,0.8194444444445708,0.8444444444444343,0.9901315789472427,69.44444444444444,0
1719,1433.7472222222223,0.8194444444445708,0.8027777777776919,0.8444444444444343,0.9703947368422665,69.44444444444444,0
1720,1434.55,0.8027777777776919,0.8777777777777374,0.8444444444444343,0.9506578947367518,72.22222222222223,0
1721,1435.4277777777777,0.8777777777777374,0.8666666666667879,0.8444444444444343,1.0394736842104908,66.66666666666667,0
1722,1436.2944444444445,0.8666666666667879,0.8694444444442979,0.8444444444444343,1.0263157894738402,80.55555555555556,0
1723,1437.1638888888888,0.8694444444442979,0.8916666666668789,0.8444444444444343,1.0296052631577335,66.66666666666667,0
1724,1438.0555555555557,0.8916666666668789,0.849999999999909,0.8444444444444343,1.055921052631843,77.77777777777777,0
1725,1438.9055555555556,0.849999999999909,0.816666666666606,0.8444444444444343,1.0065789473683253,75.0,0
1726,1439.7222222222222,0.816666666666606,0.8138888888888687,0.8444444444444343,0.9671052631578345,69.44444444444444,0
1727,1440.536111111111,0.8138888888888687,0.8361111111112223,0.8444444444444343,0.9638157894736719,66.66666666666667,0
1728,1441.3722222222223,0.8361111111112223,0.875,0.8444444444444343,0.9901315789475119,72.22222222222223,0
1729,1442.2472222222223,0.875,0.8916666666666515,0.8444444444444343,1.0361842105263281,75.0,0
1730,1443.138888888889,0.8916666666666515,0.8638888888888232,0.8444444444444343,1.0559210526315737,69.44444444444444,0
1731,1444.0027777777777,0.8638888888888232,0.8361111111112223,0.8444444444444343,1.0230263157894082,72.22222222222223,0
1732,1444.838888888889,0.8361111111112223,0.8388888888887323,0.8444444444444343,0.9901315789475119,69.44444444444444,0
1733,1445.6777777777777,0.8388888888887323,0.8250000000000455,0.8444444444444343,0.9934210526314053,63.888888888888886,0
1734,1446.5027777777777,0.8250000000000455,0.8305555555555202,0.8444444444444343,0.9769736842105918,58.333333333333336,0
1735,1447.3333333333333,0.8305555555555202,0.8666666666667879,0.8444444444444343,0.9835526315789173,61.111111111111114,0
1736,1448.2,0.8666666666667879,0.8805555555554747,0.8444444444444343,1.0263157894738402,80.55555555555556,0
1737,1449.0805555555555,0.8805555555554747,0.8833333333334394,0.8444444444444343,1.0427631578946537,75.0,0
1738,1449.963888888889,0.8833333333334394,0.8638888888888232,0.8444444444444343,1.0460526315790855,72.22222222222223,0
1739,1450.8277777777778,0.8638888888888232,0.8194444444443434,0.8444444444444343,1.0230263157894082,72.22222222222223,0
1740,1451.6472222222221,0.8194444444443434,0.8000000000001819,0.8444444444444343,0.9703947368419972,66.66666666666667,0
1741,1452.4472222222223,0.8000000000001819,0.849999999999909,0.8444444444444343,0.9473684210528583,72.22222222222223,0
1742,1453.2972222222222,0.849999999999909,0.8722222222222626,0.8444444444444343,1.0065789473683253,80.55555555555556,0
1743,1454.1694444444445,0.8722222222222626,0.875,0.8444444444444343,1.0328947368421655,77.77777777777777,0
1744,1455.0444444444445,0.875,0.8583333333333485,0.8444444444444343,1.0361842105263281,69.44444444444444,0
1745,1455.9027777777778,0.8583333333333485,0.8472222222221717,0.8444444444444343,1.0164473684210829,61.111111111111114,0
1746,1456.75,0.8472222222221717,0.8333333333332575,0.8444444444444343,1.0032894736841627,69.44444444444444,0
1747,1457.5833333333333,0.8333333333332575,0.841666666666697,0.8444444444444343,0.9868421052630799,69.44444444444444,0
1748,1458.425,0.841666666666697,0.8277777777777828,0.8444444444444343,0.9967105263158373,63.888888888888886,0
1749,1459.2527777777777,0.8277777777777828,0.8500000000001364,0.8444444444444343,0.9802631578947546,63.888888888888886,0
1750,1460.1027777777779,0.8500000000001364,0.9027777777776009,0.8444444444444343,1.0065789473685947,66.66666666666667,0
1751,1461.0055555555555,0.9027777777776009,0.8833333333334394,0.8444444444444343,1.0690789473682245,61.111111111111114,0
1752,1461.888888888889,0.8833333333334394,0.8444444444444343,0.8444444444444343,1.0460526315790855,61.111111111111114,0
1753,1462.7333333333333,0.8444444444444343,0.8138888888888687,0.8444444444444343,1.0,63.888888888888886,0
1754,1463.5472222222222,0.8138888888888687,0.8194444444443434,0.8444444444444343,0.9638157894736719,72.22222222222223,0
1755,1464.3666666666666,0.8194444444443434,0.8388888888889596,0.8444444444444343,0.9703947368419972,66.66666666666667,0
1756,1465.2055555555555,0.8388888888889596,0.8722222222222626,0.8444444444444343,0.9934210526316746,66.66666666666667,0
1757,1466.0777777777778,0.8722222222222626,0.8722222222222626,0.8444444444444343,1.0328947368421655,63.888888888888886,0
1758,1466.95,0.8722222222222626,0.8611111111110858,0.8444444444444343,1.0328947368421655,58.333333333333336,0
1759,1467.8111111111111,0.8611111111110858,0.8638888888888232,0.8444444444444343,1.0197368421052455,66.66666666666667,0
1760,1468.675,0.8638888888888232,0.8388888888889596,0.8444444444444343,1.0230263157894082,66.66666666666667,0
1761,1469.513888888889,0.8388888888889596,0.8277777777777828,0.8444444444444343,0.9934210526316746,69.44444444444444,0
1762,1470.3416666666667,0.8277777777777828,0.8222222222220807,0.8444444444444343,0.9802631578947546,58.333333333333336,0
1763,1471.1638888888888,0.8222222222220807,0.8638888888890506,0.8444444444444343,0.9736842105261599,66.66666666666667,0
1764,1472.0277777777778,0.8638888888890506,0.8805555555554747,0.8444444444444343,1.0230263157896775,66.66666666666667,0
1765,1472.9083333333333,0.8805555555554747,0.8888888888889142,0.8444444444444343,1.0427631578946537,61.111111111111114,0
1766,1473.7972222222222,0.8888888888889142,0.8472222222221717,0.8444444444444343,1.052631578947411,75.0,0
1767,1474.6444444444444,0.8472222222221717,0.8166666666668334,0.8444444444444343,1.0032894736841627,63.888888888888886,0
1768,1475.4611111111112,0.8166666666668334,0.8249999999998181,0.8444444444444343,0.9671052631581037,69.44444444444444,0
1769,1476.286111111111,0.8249999999998181,0.8444444444444343,0.8444444444444343,0.9769736842103226,58.333333333333336,0
1770,1477.1305555555555,0.8444444444444343,0.8583333333333485,0.8444444444444343,1.0,63.888888888888886,0
1771,1477.9888888888888,0.8583333333333485,0.8722222222222626,0.8444444444444343,1.0164473684210829,63.888888888888886,0
1772,1478.861111111111,0.8722222222222626,0.8777777777777374,0.8444444444444343,1.0328947368421655,69.44444444444444,0
1773,1479.7388888888888,0.8777777777777374,0.8527777777778738,0.8444444444444343,1.0394736842104908,61.111111111111114,0
1774,1480.5916666666667,0.8527777777778738,0.8444444444444343,0.8444444444444343,1.0098684210527573,69.44444444444444,0
1775,1481.4361111111111,0.8444444444444343,0.8250000000000455,0.8444444444444343,1.0,69.44444444444444,0
1776,1482.2611111111112,0.8250000000000455,0.8222222222220807,0.8444444444444343,0.9769736842105918,72.22222222222223,0
1777,1483.0833333333333,0.8222222222220807,0.8611111111110858,0.8444444444444343,0.9736842105261599,66.66666666666667,0
1778,1483.9444444444443,0.8611111111110858,0.900000000000091,0.8444444444444343,1.0197368421052455,72.22222222222223,0
1779,1484.8444444444444,0.900000000000091,0.8722222222222626,0.8444444444444343,1.065789473684331,63.888888888888886,0
1780,1485.7166666666667,0.8722222222222626,0.8388888888889596,0.8444444444444343,1.0328947368421655,66.66666666666667,0
1781,1486.5555555555557,0.8388888888889596,0.8249999999998181,0.8444444444444343,0.9934210526316746,63.888888888888886,0
1782,1487.3805555555555,0.8249999999998181,0.8138888888888687,0.8444444444444343,0.9769736842103226,69.44444444444444,0
1783,1488.1944444444443,0.8138888888888687,0.8444444444444343,0.8444444444444343,0.9638157894736719,75.0,0
1784,1489.0388888888888,0.8444444444444343,0.8527777777778738,0.8444444444444343,1.0,66.66666666666667,0
1785,1489.8916666666667,0.8527777777778738,0.8777777777777374,0.8444444444444343,1.0098684210527573,72.22222222222223,0
1786,1490.7694444444444,0.8777777777777374,0.8805555555557021,0.8444444444444343,1.0394736842104908,66.66666666666667,0
1787,1491.65,0.8805555555557021,0.8805555555554747,0.8444444444444343,1.0427631578949228,69.44444444444444,0
1788,1492.5305555555556,0.8805555555554747,0.8305555555555202,0.8444444444444343,1.0427631578946537,63.888888888888886,0
1789,1493.361111111111,0.8305555555555202,0.8111111111111313,0.8444444444444343,0.9835526315789173,61.111111111111114,0
1790,1494.1722222222222,0.8111111111111313,0.8305555555555202,0.8444444444444343,0.9605263157895091,69.44444444444444,0
1791,1495.0027777777777,0.8305555555555202,0.8472222222221717,0.8444444444444343,0.9835526315789173,66.66666666666667,0
1792,1495.85,0.8472222222221717,0.8888888888889142,0.8444444444444343,1.0032894736841627,66.66666666666667,0
1793,1496.7388888888888,0.8888888888889142,0.8805555555557021,0.8444444444444343,1.052631578947411,69.44444444444444,0
1794,1497.6194444444445,0.8805555555557021,0.8555555555553838,0.8444444444444343,1.0427631578949228,69.44444444444444,0
1795,1498.475,0.8555555555553838,0.8222222222223081,0.8444444444444343,1.0131578947366509,66.66666666666667,0
1796,1499.2972222222222,0.8222222222223081,0.8444444444444343,0.8444444444444343,0.9736842105264292,63.888888888888886,0
1797,1500.1416666666667,0.8444444444444343,0.8305555555555202,0.8444444444444343,1.0,66.66666666666667,0
1798,1500.9722222222222,0.8305555555555202,0.841666666666697,0.8444444444444343,0.9835526315789173,66.66666666666667,0
1799,1501.8138888888889,0.841666666666697,0.7638888888889142,0.8444444444444343,0.9967105263158373,61.111111111111114,0
1800,1502.5777777777778,0.7638888888889142,0.691666666666606,0.8444444444444343,0.9046052631579354,25.0,0
1801,1503.2694444444444,0.691666666666606,0.8777777777777374,0.8444444444444343,0.8190789473683591,55.55555555555556,0
1802,1504.1472222222221,0.8777777777777374,0.8611111111113132,0.8444444444444343,1.0394736842104908,63.888888888888886,0
1803,1505.0083333333334,0.8611111111113132,0.8138888888888687,0.8444444444444343,1.0197368421055146,61.111111111111114,0
1804,1505.8222222222223,0.8138888888888687,0.8083333333331666,0.8444444444444343,0.9638157894736719,75.0,0
1805,1506.6305555555555,0.8083333333331666,0.8527777777778738,0.8444444444444343,0.9572368421050772,66.66666666666667,0
1806,1507.4833333333333,0.8527777777778738,0.3305555555555202,0.8444444444444343,1.0098684210527573,58.333333333333336,0
1807,1507.8138888888889,0.3305555555555202,0.375,0.8444444444444343,0.3914473684210154,63.888888888888886,0
1808,1508.1888888888889,0.375,0.933333333333394,0.8444444444444343,0.44407894736842635,102.77777777777777,1
1809,1509.1222222222223,0.933333333333394,0.8583333333333485,0.8444444444444343,1.1052631578948218,63.888888888888886,0
1810,1509.9805555555556,0.8583333333333485,0.849999999999909,0.8444444444444343,1.0164473684210829,66.66666666666667,0
1811,1510.8305555555555,0.849999999999909,0.8222222222223081,0.8444444444444343,1.0065789473683253,66.66666666666667,0
1812,1511.6527777777778,0.8222222222223081,0.8361111111109949,0.8444444444444343,0.9736842105264292,61.111111111111114,0
1813,1512.4888888888888,0.8361111111109949,0.8305555555555202,0.8444444444444343,0.9901315789472427,63.888888888888886,0
1814,1513.3194444444443,0.8305555555555202,0.8611111111113132,0.8444444444444343,0.9835526315789173,63.888888888888886,0
1815,1514.1805555555557,0.8611111111113132,0.8944444444443889,0.8444444444444343,1.0197368421055146,61.111111111111114,0
1816,1515.075,0.8944444444443889,0.3361111111109949,0.8444444444444343,1.0592105263157363,55.55555555555556,0
1817,1515.411111111111,0.3361111111109949,0.5555555555556566,0.8444444444444343,0.39802631578934083,69.44444444444444,0
1818,1515.9666666666667,0.5555555555556566,0.8527777777776464,0.8444444444444343,0.6578947368422328,61.111111111111114,0
1819,1516.8194444444443,0.8527777777776464,0.813888888889096,0.8444444444444343,1.0098684210524882,66.66666666666667,0
1820,1517.6333333333334,0.813888888889096,0.8194444444443434,0.8444444444444343,0.9638157894739411,66.66666666666667,0
1821,1518.4527777777778,0.8194444444443434,0.8305555555555202,0.8444444444444343,0.9703947368419972,69.44444444444444,0
1822,1519.2833333333333,0.8305555555555202,0.875,0.8444444444444343,0.9835526315789173,63.888888888888886,0
1823,1520.1583333333333,0.875,0.8722222222222626,0.8444444444444343,1.0361842105263281,72.22222222222223,0
1824,1521.0305555555556,0.8722222222222626,0.8666666666665606,0.8444444444444343,1.0328947368421655,66.66666666666667,0
1825,1521.8972222222221,0.8666666666665606,0.8555555555556111,0.8444444444444343,1.0263157894735708,61.111111111111114,0
1826,1522.7527777777777,0.8555555555556111,0.8388888888889596,0.8444444444444343,1.01315789473692,66.66666666666667,0
1827,1523.5916666666667,0.8388888888889596,0.8277777777777828,0.8444444444444343,0.9934210526316746,58.333333333333336,0
1828,1524.4194444444445,0.8277777777777828,0.8250000000000455,0.8444444444444343,0.9802631578947546,63.888888888888886,0
1829,1525.2444444444445,0.8250000000000455,0.8694444444442979,0.8444444444444343,0.9769736842105918,66.66666666666667,0
1830,1526.1138888888888,0.8694444444442979,0.3305555555555202,0.8444444444444343,1.0296052631577335,63.888888888888886,0
1831,1526.4444444444443,0.3305555555555202,0.5500000000001819,0.8444444444444343,0.3914473684210154,47.22222222222222,0
1832,1526.9944444444445,0.5500000000001819,0.8833333333332121,0.8444444444444343,0.6513157894739074,63.888888888888886,0
1833,1527.8777777777777,0.8833333333332121,0.3305555555555202,0.8444444444444343,1.0460526315788163,61.111111111111114,0
1834,1528.2083333333333,0.3305555555555202,0.5166666666666515,0.8444444444444343,0.3914473684210154,55.55555555555556,0
1835,1528.725,0.5166666666666515,0.8138888888888687,0.8444444444444343,0.6118421052631473,66.66666666666667,0
1836,1529.5388888888888,0.8138888888888687,0.8250000000000455,0.8444444444444343,0.9638157894736719,69.44444444444444,0
1837,1530.3638888888888,0.8250000000000455,0.8500000000001364,0.8444444444444343,0.9769736842105918,69.44444444444444,0
1838,1531.213888888889,0.8500000000001364,0.8611111111110858,0.8444444444444343,1.0065789473685947,66.66666666666667,0
1839,1532.075,0.8611111111110858,0.8694444444442979,0.8444444444444343,1.0197368421052455,69.44444444444444,0
1840,1532.9444444444443,0.8694444444442979,0.8722222222222626,0.8444444444444343,1.0296052631577335,63.888888888888886,0
1841,1533.8166666666666,0.8722222222222626,0.3305555555555202,0.8444444444444343,1.0328947368421655,63.888888888888886,0
1842,1534.1472222222221,0.3305555555555202,0.5166666666666515,0.8444444444444343,0.3914473684210154,50.0,0
1843,1534.6638888888888,0.5166666666666515,0.8444444444446617,0.8444444444444343,0.6118421052631473,72.22222222222223,0
1844,1535.5083333333334,0.8444444444446617,0.8249999999998181,0.8444444444444343,1.0000000000002693,66.66666666666667,0
1845,1536.3333333333333,0.8249999999998181,0.8250000000000455,0.8444444444444343,0.9769736842103226,63.888888888888886,0
1846,1537.1583333333333,0.8250000000000455,0.8666666666667879,0.8444444444444343,0.9769736842105918,63.888888888888886,0
1847,1538.025,0.8666666666667879,0.3305555555555202,0.8444444444444343,1.0263157894738402,69.44444444444444,0
1848,1538.3555555555556,0.3305555555555202,0.5694444444443434,0.8444444444444343,0.3914473684210154,72.22222222222223,0
1849,1538.925,0.5694444444443434,0.7277777777778738,0.8444444444444343,0.6743421052630463,66.66666666666667,0
1850,1539.6527777777778,0.7277777777778738,0.6749999999999545,0.8444444444444343,0.8618421052632819,52.77777777777778,0
1851,1540.3277777777778,0.6749999999999545,0.8305555555555202,0.8444444444444343,0.7993421052631136,63.888888888888886,0
1852,1541.1583333333333,0.8305555555555202,0.8111111111111313,0.8444444444444343,0.9835526315789173,61.111111111111114,0
1853,1541.9694444444444,0.8111111111111313,0.8388888888889596,0.8444444444444343,0.9605263157895091,63.888888888888886,0
1854,1542.8083333333334,0.8388888888889596,0.849999999999909,0.8444444444444343,0.9934210526316746,66.66666666666667,0
1855,1543.6583333333333,0.849999999999909,0.8694444444445253,0.8444444444444343,1.0065789473683253,61.111111111111114,0
1856,1544.5277777777778,0.8694444444445253,0.875,0.8444444444444343,1.0296052631580028,63.888888888888886,0
1857,1545.4027777777778,0.875,0.8888888888889142,0.8444444444444343,1.0361842105263281,66.66666666666667,0
1858,1546.2916666666667,0.8888888888889142,0.8388888888887323,0.8444444444444343,1.052631578947411,69.44444444444444,0
1859,1547.1305555555555,0.8388888888887323,0.808333333333394,0.8444444444444343,0.9934210526314053,69.44444444444444,0
1860,1547.9388888888889,0.808333333333394,0.8250000000000455,0.8444444444444343,0.9572368421053464,63.888888888888886,0
1861,1548.763888888889,0.8250000000000455,0.3305555555555202,0.8444444444444343,0.9769736842105918,66.66666666666667,0
1862,1549.0944444444444,0.3305555555555202,0.5138888888889142,0.8444444444444343,0.3914473684210154,50.0,0
1863,1549.6083333333333,0.5138888888889142,0.3305555555555202,0.8444444444444343,0.6085526315789845,61.111111111111114,0
1864,1549.9388888888889,0.3305555555555202,0.558333333333394,0.8444444444444343,0.3914473684210154,33.333333333333336,0
1865,1550.4972222222223,0.558333333333394,0.8861111111111768,0.8444444444444343,0.6611842105263955,61.111111111111114,0
1866,1551.3833333333334,0.8861111111111768,0.6833333333331666,0.8444444444444343,1.0493421052632483,41.666666666666664,0
1867,1552.0666666666666,0.6833333333331666,0.8305555555555202,0.8444444444444343,0.8092105263156018,63.888888888888886,0
1868,1552.8972222222221,0.8305555555555202,0.8361111111112223,0.8444444444444343,0.9835526315789173,63.888888888888886,0
1869,1553.7333333333333,0.8361111111112223,0.8250000000000455,0.8444444444444343,0.9901315789475119,63.888888888888886,0
1870,1554.5583333333334,0.8250000000000455,0.8333333333332575,0.8444444444444343,0.9769736842105918,63.888888888888886,0
1871,1555.3916666666667,0.8333333333332575,0.8638888888888232,0.8444444444444343,0.9868421052630799,69.44444444444444,0
1872,1556.2555555555555,0.8638888888888232,0.33055555555574756,0.8444444444444343,1.0230263157894082,63.888888888888886,0
1873,1556.5861111111112,0.33055555555574756,0.33888888888873225,0.8444444444444343,0.3914473684212847,66.66666666666667,0
1874,1556.925,0.33888888888873225,0.9388888888888687,0.8444444444444343,0.40131578947350355,97.22222222222223,1
1875,1557.8638888888888,0.9388888888888687,0.8694444444445253,0.8444444444444343,1.1118421052631473,66.66666666666667,0
1876,1558.7333333333333,0.8694444444445253,0.8222222222223081,0.8444444444444343,1.0296052631580028,66.66666666666667,0
1877,1559.5555555555557,0.8222222222223081,0.8083333333331666,0.8444444444444343,0.9736842105264292,66.66666666666667,0
1878,1560.3638888888888,0.8083333333331666,0.8444444444444343,0.8444444444444343,0.9572368421050772,72.22222222222223,0
1879,1561.2083333333333,0.8444444444444343,0.8722222222222626,0.8444444444444343,1.0,63.888888888888886,0
1880,1562.0805555555555,0.8722222222222626,0.8805555555557021,0.8444444444444343,1.0328947368421655,66.66666666666667,0
1881,1562.9611111111112,0.8805555555557021,0.8555555555553838,0.8444444444444343,1.0427631578949228,63.888888888888886,0
1882,1563.8166666666666,0.8555555555553838,0.8555555555556111,0.8444444444444343,1.0131578947366509,66.66666666666667,0
1883,1564.6722222222222,0.8555555555556111,0.8250000000000455,0.8444444444444343,1.01315789473692,75.0,0
1884,1565.4972222222223,0.8250000000000455,0.8388888888889596,0.8444444444444343,0.9769736842105918,61.111111111111114,0
1885,1566.3361111111112,0.8388888888889596,0.8249999999998181,0.8444444444444343,0.9934210526316746,66.66666666666667,0
1886,1567.161111111111,0.8249999999998181,0.8472222222223991,0.8444444444444343,0.9769736842103226,66.66666666666667,0
1887,1568.0083333333334,0.8472222222223991,0.8972222222221262,0.8444444444444343,1.003289473684432,63.888888888888886,0
1888,1568.9055555555556,0.8972222222221262,0.8916666666666515,0.8444444444444343,1.062499999999899,61.111111111111114,0
1889,1569.7972222222222,0.8916666666666515,0.8527777777778738,0.8444444444444343,1.0559210526315737,66.66666666666667,0
1890,1570.65,0.8527777777778738,0.8194444444443434,0.8444444444444343,1.0098684210527573,72.22222222222223,0
1891,1571.4694444444444,0.8194444444443434,0.8222222222223081,0.8444444444444343,0.9703947368419972,72.22222222222223,0
1892,1572.2916666666667,0.8222222222223081,0.8305555555555202,0.8444444444444343,0.9736842105264292,69.44444444444444,0
1893,1573.1222222222223,0.8305555555555202,0.8666666666665606,0.8444444444444343,0.9835526315789173,66.66666666666667,0
1894,1573.9888888888888,0.8666666666665606,0.8722222222222626,0.8444444444444343,1.0263157894735708,66.66666666666667,0
1895,1574.861111111111,0.8722222222222626,0.7777777777778283,0.8444444444444343,1.0328947368421655,63.888888888888886,0
1896,1575.638888888889,0.7777777777778283,0.6722222222222172,0.8444444444444343,0.9210526315790182,33.333333333333336,0
1897,1576.3111111111111,0.6722222222222172,0.8555555555556111,0.8444444444444343,0.7960526315789509,63.888888888888886,0
1898,1577.1666666666667,0.8555555555556111,0.8222222222220807,0.8444444444444343,1.01315789473692,63.888888888888886,0
1899,1577.9888888888888,0.8222222222220807,0.8138888888888687,0.8444444444444343,0.9736842105261599,69.44444444444444,0
1900,1578.8027777777777,0.8138888888888687,0.32777777777778283,0.8444444444444343,0.9638157894736719,63.888888888888886,0
1901,1579.1305555555555,0.32777777777778283,0.5222222222223536,0.8444444444444343,0.38815789473685275,52.77777777777778,0
1902,1579.6527777777778,0.5222222222223536,0.7944444444444798,0.8444444444444343,0.618421052631742,63.888888888888886,0
1903,1580.4472222222223,0.7944444444444798,0.6972222222220807,0.8444444444444343,0.9407894736842637,38.888888888888886,0
1904,1581.1444444444444,0.6972222222220807,0.8888888888889142,0.8444444444444343,0.8256578947366845,66.66666666666667,0
1905,1582.0333333333333,0.8888888888889142,0.8444444444444343,0.8444444444444343,1.052631578947411,66.66666666666667,0
1906,1582.8777777777777,0.8444444444444343,0.808333333333394,0.8444444444444343,1.0,66.66666666666667,0
1907,1583.6861111111111,0.808333333333394,0.8333333333332575,0.8444444444444343,0.9572368421053464,72.22222222222223,0
1908,1584.5194444444444,0.8333333333332575,0.32777777777778283,0.8444444444444343,0.9868421052630799,66.66666666666667,0
1909,1584.8472222222222,0.32777777777778283,0.4194444444444798,0.8444444444444343,0.38815789473685275,44.44444444444444,0
1910,1585.2666666666667,0.4194444444444798,0.6666666666667425,0.8444444444444343,0.4967105263158373,36.111111111111114,0
1911,1585.9333333333334,0.6666666666667425,0.8666666666665606,0.8444444444444343,0.7894736842106255,66.66666666666667,0
1912,1586.8,0.8666666666665606,0.875,0.8444444444444343,1.0263157894735708,66.66666666666667,0
1913,1587.675,0.875,0.8500000000001364,0.8444444444444343,1.0361842105263281,66.66666666666667,0
1914,1588.525,0.8500000000001364,0.8416666666664696,0.8444444444444343,1.0065789473685947,63.888888888888886,0
1915,1589.3666666666666,0.8416666666664696,0.7222222222223991,0.8444444444444343,0.996710526315568,66.66666666666667,0
1916,1590.088888888889,0.7222222222223991,0.7055555555555202,0.8444444444444343,0.8552631578949565,83.33333333333333,0
1917,1590.7944444444445,0.7055555555555202,0.8388888888889596,0.8444444444444343,0.8355263157894418,63.888888888888886,0
1918,1591.6333333333334,0.8388888888889596,0.8999999999998636,0.8444444444444343,0.9934210526316746,63.888888888888886,0
1919,1592.5333333333333,0.8999999999998636,0.8805555555554747,0.8444444444444343,1.0657894736840616,72.22222222222223,0
1920,1593.4138888888888,0.8805555555554747,0.8500000000001364,0.8444444444444343,1.0427631578946537,66.66666666666667,0
1921,1594.263888888889,0.8500000000001364,0.8305555555555202,0.8444444444444343,1.0065789473685947,63.888888888888886,0
1922,1595.0944444444444,0.8305555555555202,0.8138888888888687,0.8444444444444343,0.9835526315789173,63.888888888888886,0
1923,1595.9083333333333,0.8138888888888687,0.8333333333332575,0.8444444444444343,0.9638157894736719,72.22222222222223,0
1924,1596.7416666666666,0.8333333333332575,0.8555555555556111,0.8444444444444343,0.9868421052630799,66.66666666666667,0
1925,1597.5972222222222,0.8555555555556111,0.8722222222222626,0.8444444444444343,1.01315789473692,66.66666666666667,0
1926,1598.4694444444444,0.8722222222222626,0.8638888888888232,0.8444444444444343,1.0328947368421655,66.66666666666667,0
1927,1599.3333333333333,0.8638888888888232,0.3305555555555202,0.8444444444444343,1.0230263157894082,66.66666666666667,0
1928,1599.6638888888888,0.3305555555555202,0.5555555555556566,0.8444444444444343,0.3914473684210154,36.111111111111114,0
1929,1600.2194444444444,0.5555555555556566,0.3305555555555202,0.8444444444444343,0.6578947368422328,63.888888888888886,0
1930,1600.55,0.3305555555555202,0.5083333333334394,0.8444444444444343,0.3914473684210154,41.666666666666664,0
1931,1601.0583333333334,0.5083333333334394,0.8194444444443434,0.8444444444444343,0.6019736842106592,63.888888888888886,0
1932,1601.8777777777777,0.8194444444443434,0.8222222222223081,0.8444444444444343,0.9703947368419972,61.111111111111114,0
1933,1602.7,0.8222222222223081,0.849999999999909,0.8444444444444343,0.9736842105264292,63.888888888888886,0
1934,1603.55,0.849999999999909,0.8833333333334394,0.8444444444444343,1.0065789473683253,63.888888888888886,0
1935,1604.4333333333334,0.8833333333334394,0.8916666666666515,0.8444444444444343,1.0460526315790855,72.22222222222223,0
1936,1605.325,0.8916666666666515,0.8611111111110858,0.8444444444444343,1.0559210526315737,63.888888888888886,0
1937,1606.1861111111111,0.8611111111110858,0.8250000000000455,0.8444444444444343,1.0197368421052455,66.66666666666667,0
1938,1607.0111111111112,0.8250000000000455,0.8277777777777828,0.8444444444444343,0.9769736842105918,66.66666666666667,0
1939,1607.838888888889,0.8277777777777828,0.8361111111109949,0.8444444444444343,0.9802631578947546,69.44444444444444,0
1940,1608.675,0.8361111111109949,0.841666666666697,0.8444444444444343,0.9901315789472427,66.66666666666667,0
1941,1609.5166666666667,0.841666666666697,0.8611111111110858,0.8444444444444343,0.9967105263158373,63.888888888888886,0
1942,1610.3777777777777,0.8611111111110858,0.8861111111111768,0.8444444444444343,1.0197368421052455,72.22222222222223,0
1943,1611.263888888889,0.8861111111111768,0.8777777777777374,0.8444444444444343,1.0493421052632483,66.66666666666667,0
1944,1612.1416666666667,0.8777777777777374,0.8555555555556111,0.8444444444444343,1.0394736842104908,72.22222222222223,0
1945,1612.9972222222223,0.8555555555556111,0.8222222222220807,0.8444444444444343,1.01315789473692,66.66666666666667,0
1946,1613.8194444444443,0.8222222222220807,0.8111111111111313,0.8444444444444343,0.9736842105261599,66.66666666666667,0
1947,1614.6305555555555,0.8111111111111313,0.8527777777778738,0.8444444444444343,0.9605263157895091,66.66666666666667,0
1948,1615.4833333333333,0.8527777777778738,0.8888888888889142,0.8444444444444343,1.0098684210527573,72.22222222222223,0
1949,1616.3722222222223,0.8888888888889142,0.875,0.8444444444444343,1.052631578947411,72.22222222222223,0
1950,1617.2472222222223,0.875,0.8527777777776464,0.8444444444444343,1.0361842105263281,69.44444444444444,0
1951,1618.1,0.8527777777776464,0.8472222222223991,0.8444444444444343,1.0098684210524882,72.22222222222223,0
1952,1618.9472222222223,0.8472222222223991,0.8222222222220807,0.8444444444444343,1.003289473684432,63.888888888888886,0
1953,1619.7694444444444,0.8222222222220807,0.8388888888889596,0.8444444444444343,0.9736842105261599,69.44444444444444,0
1954,1620.6083333333333,0.8388888888889596,0.8333333333332575,0.8444444444444343,0.9934210526316746,69.44444444444444,0
1955,1621.4416666666666,0.8333333333332575,0.8555555555556111,0.8444444444444343,0.9868421052630799,69.44444444444444,0
1956,1622.2972222222222,0.8555555555556111,0.8972222222221262,0.8444444444444343,1.01315789473692,63.888888888888886,0
1957,1623.1944444444443,0.8972222222221262,0.8861111111111768,0.8444444444444343,1.062499999999899,69.44444444444444,0
1958,1624.0805555555555,0.8861111111111768,0.8444444444444343,0.8444444444444343,1.0493421052632483,66.66666666666667,0
1959,1624.925,0.8444444444444343,0.8111111111111313,0.8444444444444343,1.0,61.111111111111114,0
1960,1625.736111111111,0.8111111111111313,0.8250000000000455,0.8444444444444343,0.9605263157895091,61.111111111111114,0
1961,1626.5611111111111,0.8250000000000455,0.8444444444444343,0.8444444444444343,0.9769736842105918,61.111111111111114,0
1962,1627.4055555555556,0.8444444444444343,0.8805555555554747,0.8444444444444343,1.0,66.66666666666667,0
1963,1628.286111111111,0.8805555555554747,0.8666666666667879,0.8444444444444343,1.0427631578946537,63.888888888888886,0
1964,1629.1527777777778,0.8666666666667879,0.33333333333325754,0.8444444444444343,1.0263157894738402,66.66666666666667,0
1965,1629.486111111111,0.33333333333325754,0.5222222222223536,0.8444444444444343,0.3947368421051781,41.666666666666664,0
1966,1630.0083333333334,0.5222222222223536,0.8583333333331211,0.8444444444444343,0.618421052631742,69.44444444444444,0
1967,1630.8666666666666,0.8583333333331211,0.8305555555557476,0.8444444444444343,1.0164473684208135,66.66666666666667,0
1968,1631.6972222222223,0.8305555555557476,0.8249999999998181,0.8444444444444343,0.9835526315791865,69.44444444444444,0
1969,1632.5222222222221,0.8249999999998181,0.8277777777777828,0.8444444444444343,0.9769736842103226,63.888888888888886,0
1970,1633.35,0.8277777777777828,0.875,0.8444444444444343,0.9802631578947546,66.66666666666667,0
1971,1634.225,0.875,0.8861111111111768,0.8444444444444343,1.0361842105263281,66.66666666666667,0
1972,1635.111111111111,0.8861111111111768,0.8833333333334394,0.8444444444444343,1.0493421052632483,66.66666666666667,0
1973,1635.9944444444445,0.8833333333334394,0.841666666666697,0.8444444444444343,1.0460526315790855,63.888888888888886,0
1974,1636.8361111111112,0.841666666666697,0.8194444444443434,0.8444444444444343,0.9967105263158373,63.888888888888886,0
1975,1637.6555555555556,0.8194444444443434,0.8277777777777828,0.8444444444444343,0.9703947368419972,66.66666666666667,0
1976,1638.4833333333333,0.8277777777777828,0.849999999999909,0.8444444444444343,0.9802631578947546,63.888888888888886,0
1977,1639.3333333333333,0.849999999999909,0.8666666666667879,0.8444444444444343,1.0065789473683253,66.66666666666667,0
1978,1640.2,0.8666666666667879,0.8638888888888232,0.8444444444444343,1.0263157894738402,63.888888888888886,0
1979,1641.0638888888889,0.8638888888888232,0.8722222222222626,0.8444444444444343,1.0230263157894082,63.888888888888886,0
1980,1641.9361111111111,0.8722222222222626,0.8472222222221717,0.8444444444444343,1.0328947368421655,69.44444444444444,0
1981,1642.7833333333333,0.8472222222221717,0.841666666666697,0.8444444444444343,1.0032894736841627,61.111111111111114,0
1982,1643.625,0.841666666666697,0.816666666666606,0.8444444444444343,0.9967105263158373,66.66666666666667,0
1983,1644.4416666666666,0.816666666666606,0.8250000000000455,0.8444444444444343,0.9671052631578345,63.888888888888886,0
1984,1645.2666666666667,0.8250000000000455,0.8777777777777374,0.8444444444444343,0.9769736842105918,66.66666666666667,0
1985,1646.1444444444444,0.8777777777777374,0.3305555555555202,0.8444444444444343,1.0394736842104908,69.44444444444444,0
1986,1646.475,0.3305555555555202,0.5694444444445708,0.8444444444444343,0.3914473684210154,25.0,0
1987,1647.0444444444445,0.5694444444445708,0.8666666666665606,0.8444444444444343,0.6743421052633155,69.44444444444444,0
1988,1647.911111111111,0.8666666666665606,0.8388888888889596,0.8444444444444343,1.0263157894735708,58.333333333333336,0
1989,1648.75,0.8388888888889596,0.8277777777777828,0.8444444444444343,0.9934210526316746,66.66666666666667,0
1990,1649.5777777777778,0.8277777777777828,0.8194444444443434,0.8444444444444343,0.9802631578947546,61.111111111111114,0
1991,1650.3972222222221,0.8194444444443434,0.8472222222223991,0.8444444444444343,0.9703947368419972,61.111111111111114,0
1992,1651.2444444444445,0.8472222222223991,0.8527777777776464,0.8444444444444343,1.003289473684432,66.66666666666667,0
1993,1652.0972222222222,0.8527777777776464,0.8638888888890506,0.8444444444444343,1.0098684210524882,61.111111111111114,0
1994,1652.9611111111112,0.8638888888890506,0.8861111111109494,0.8444444444444343,1.0230263157896775,63.888888888888886,0
1995,1653.8472222222222,0.8861111111109494,0.3305555555555202,0.8444444444444343,1.049342105262979,66.66666666666667,0
1996,1654.1777777777777,0.3305555555555202,0.5305555555555657,0.8444444444444343,0.3914473684210154,72.22222222222223,0
1997,1654.7083333333333,0.5305555555555657,0.8222222222223081,0.8444444444444343,0.62828947368423,69.44444444444444,0
1998,1655.5305555555556,0.8222222222223081,0.8138888888888687,0.8444444444444343,0.9736842105264292,72.22222222222223,0
1999,1656.3444444444444,0.8138888888888687,0.8388888888889596,0.8444444444444343,0.9638157894736719,66.66666666666667,0
2000,1657.1833333333334,0.8388888888889596,0.8666666666665606,0.8444444444444343,0.9934210526316746,72.22222222222223,0
2001,1658.05,0.8666666666665606,0.900000000000091,0.8444444444444343,1.0263157894735708,66.66666666666667,0
2002,1658.95,0.900000000000091,0.32777777777778283,0.8444444444444343,1.065789473684331,69.44444444444444,0
2003,1659.2777777777778,0.32777777777778283,0.5388888888887777,0.8444444444444343,0.38815789473685275,63.888888888888886,0
2004,1659.8166666666666,0.5388888888887777,0.8388888888889596,0.8444444444444343,0.6381578947367181,63.888888888888886,0
2005,1660.6555555555556,0.8388888888889596,0.8333333333332575,0.8444444444444343,0.9934210526316746,69.44444444444444,0
2006,1661.4888888888888,0.8333333333332575,0.8277777777777828,0.8444444444444343,0.9868421052630799,66.66666666666667,0
2007,1662.3166666666666,0.8277777777777828,0.8333333333334849,0.8444444444444343,0.9802631578947546,69.44444444444444,0
2008,1663.15,0.8333333333334849,0.8472222222221717,0.8444444444444343,0.9868421052633493,58.333333333333336,0
2009,1663.9972222222223,0.8472222222221717,0.32777777777778283,0.8444444444444343,1.0032894736841627,66.66666666666667,0
2010,1664.325,0.32777777777778283,0.5527777777776919,0.8444444444444343,0.38815789473685275,61.111111111111114,0
2011,1664.8777777777777,0.5527777777776919,0.8777777777777374,0.8444444444444343,0.6546052631578009,61.111111111111114,0
2012,1665.7555555555555,0.8777777777777374,0.8694444444445253,0.8444444444444343,1.0394736842104908,63.888888888888886,0
2013,1666.625,0.8694444444445253,0.8222222222223081,0.8444444444444343,1.0296052631580028,63.888888888888886,0
2014,1667.4472222222223,0.8222222222223081,0.8138888888888687,0.8444444444444343,0.9736842105264292,63.888888888888886,0
2015,1668.2611111111112,0.8138888888888687,0.841666666666697,0.8444444444444343,0.9638157894736719,61.111111111111114,0
2016,1669.1027777777779,0.841666666666697,0.32777777777778283,0.8444444444444343,0.9967105263158373,69.44444444444444,0
2017,1669.4305555555557,0.32777777777778283,0.5499999999999545,0.8444444444444343,0.38815789473685275,66.66666666666667,0
2018,1669.9805555555556,0.5499999999999545,0.8861111111109494,0.8444444444444343,0.6513157894736381,63.888888888888886,0
2019,1670.8666666666666,0.8861111111109494,0.8555555555556111,0.8444444444444343,1.049342105262979,66.66666666666667,0
2020,1671.7222222222222,0.8555555555556111,0.8555555555556111,0.8444444444444343,1.01315789473692,63.888888888888886,0
2021,1672.5777777777778,0.8555555555556111,0.8250000000000455,0.8444444444444343,1.01315789473692,69.44444444444444,0
2022,1673.4027777777778,0.8250000000000455,0.8333333333332575,0.8444444444444343,0.9769736842105918,66.66666666666667,0
2023,1674.236111111111,0.8333333333332575,0.8222222222223081,0.8444444444444343,0.9868421052630799,66.66666666666667,0
2024,1675.0583333333334,0.8222222222223081,0.8388888888887323,0.8444444444444343,0.9736842105264292,63.888888888888886,0
2025,1675.8972222222221,0.8388888888887323,0.8916666666666515,0.8444444444444343,0.9934210526314053,63.888888888888886,0
2026,1676.7888888888888,0.8916666666666515,0.8944444444446162,0.8444444444444343,1.0559210526315737,63.888888888888886,0
2027,1677.6833333333334,0.8944444444446162,0.8555555555553838,0.8444444444444343,1.0592105263160057,66.66666666666667,0
2028,1678.5388888888888,0.8555555555553838,0.8222222222223081,0.8444444444444343,1.0131578947366509,58.333333333333336,0
2029,1679.361111111111,0.8222222222223081,0.8250000000000455,0.8444444444444343,0.9736842105264292,63.888888888888886,0
2030,1680.1861111111111,0.8250000000000455,0.8305555555555202,0.8444444444444343,0.9769736842105918,63.888888888888886,0
2031,1681.0166666666667,0.8305555555555202,0.8694444444445253,0.8444444444444343,0.9835526315789173,61.111111111111114,0
2032,1681.8861111111112,0.8694444444445253,0.32777777777778283,0.8444444444444343,1.0296052631580028,66.66666666666667,0
2033,1682.213888888889,0.32777777777778283,0.5444444444444798,0.8444444444444343,0.38815789473685275,33.333333333333336,0
2034,1682.7583333333334,0.5444444444444798,0.8666666666665606,0.8444444444444343,0.6447368421053128,69.44444444444444,0
2035,1683.625,0.8666666666665606,0.8583333333333485,0.8444444444444343,1.0263157894735708,58.333333333333336,0
2036,1684.4833333333333,0.8583333333333485,0.8444444444444343,0.8444444444444343,1.0164473684210829,63.888888888888886,0
2037,1685.3277777777778,0.8444444444444343,0.8194444444443434,0.8444444444444343,1.0,63.888888888888886,0
2038,1686.1472222222221,0.8194444444443434,0.8222222222223081,0.8444444444444343,0.9703947368419972,58.333333333333336,0
2039,1686.9694444444444,0.8222222222223081,0.849999999999909,0.8444444444444343,0.9736842105264292,61.111111111111114,0
2040,1687.8194444444443,0.849999999999909,0.875,0.8444444444444343,1.0065789473683253,66.66666666666667,0
2041,1688.6944444444443,0.875,0.8944444444446162,0.8444444444444343,1.0361842105263281,69.44444444444444,0
2042,1689.588888888889,0.8944444444446162,0.8611111111110858,0.8444444444444343,1.0592105263160057,75.0,0
2043,1690.45,0.8611111111110858,0.8277777777777828,0.8444444444444343,1.0197368421052455,69.44444444444444,0
2044,1691.2777777777778,0.8277777777777828,0.8250000000000455,0.8444444444444343,0.9802631578947546,69.44444444444444,0
2045,1692.1027777777779,0.8250000000000455,0.849999999999909,0.8444444444444343,0.9769736842105918,66.66666666666667,0
2046,1692.9527777777778,0.849999999999909,0.8527777777778738,0.8444444444444343,1.0065789473683253,66.66666666666667,0
2047,1693.8055555555557,0.8527777777778738,0.32777777777778283,0.8444444444444343,1.0098684210527573,69.44444444444444,0
2048,1694.1333333333334,0.32777777777778283,0.5361111111110404,0.8444444444444343,0.38815789473685275,41.666666666666664,0
2049,1694.6694444444445,0.5361111111110404,0.32777777777778283,0.8444444444444343,0.6348684210525554,75.0,0
2050,1694.9972222222223,0.32777777777778283,0.5444444444444798,0.8444444444444343,0.38815789473685275,102.77777777777777,1
2051,1695.5416666666667,0.5444444444444798,0.8527777777776464,0.8444444444444343,0.6447368421053128,72.22222222222223,0
2052,1696.3944444444444,0.8527777777776464,0.841666666666697,0.8444444444444343,1.0098684210524882,72.22222222222223,0
2053,1697.236111111111,0.841666666666697,0.8250000000000455,0.8444444444444343,0.9967105263158373,66.66666666666667,0
2054,1698.0611111111111,0.8250000000000455,0.7999999999999545,0.8444444444444343,0.9769736842105918,69.44444444444444,0
2055,1698.861111111111,0.7999999999999545,0.3500000000001364,0.8444444444444343,0.9473684210525891,66.66666666666667,0
2056,1699.2111111111112,0.3500000000001364,0.5194444444443889,0.8444444444444343,0.4144736842106928,47.22222222222222,0
2057,1699.7305555555556,0.5194444444443889,0.908333333333303,0.8444444444444343,0.61513157894731,72.22222222222223,0
2058,1700.638888888889,0.908333333333303,0.3305555555555202,0.8444444444444343,1.0756578947368192,72.22222222222223,0
2059,1700.9694444444444,0.3305555555555202,0.5527777777776919,0.8444444444444343,0.3914473684210154,100.0,1
2060,1701.5222222222221,0.5527777777776919,0.8444444444444343,0.8444444444444343,0.6546052631578009,72.22222222222223,0
2061,1702.3666666666666,0.8444444444444343,0.8305555555557476,0.8444444444444343,1.0,69.44444444444444,0
2062,1703.1972222222223,0.8305555555557476,0.8194444444443434,0.8444444444444343,0.9835526315791865,66.66666666666667,0
2063,1704.0166666666667,0.8194444444443434,0.8361111111112223,0.8444444444444343,0.9703947368419972,69.44444444444444,0
2064,1704.8527777777779,0.8361111111112223,0.8527777777776464,0.8444444444444343,0.9901315789475119,69.44444444444444,0
2065,1705.7055555555555,0.8527777777776464,0.8722222222222626,0.8444444444444343,1.0098684210524882,63.888888888888886,0
2066,1706.5777777777778,0.8722222222222626,0.8666666666665606,0.8444444444444343,1.0328947368421655,66.66666666666667,0
2067,1707.4444444444443,0.8666666666665606,0.8861111111111768,0.8444444444444343,1.0263157894735708,66.66666666666667,0
2068,1708.3305555555555,0.8861111111111768,0.8277777777777828,0.8444444444444343,1.0493421052632483,69.44444444444444,0
2069,1709.1583333333333,0.8277777777777828,0.8111111111111313,0.8444444444444343,0.9802631578947546,66.66666666666667,0
2070,1709.9694444444444,0.8111111111111313,0.8305555555555202,0.8444444444444343,0.9605263157895091,69.44444444444444,0
2071,1710.8,0.8305555555555202,0.8472222222221717,0.8444444444444343,0.9835526315789173,69.44444444444444,0
2072,1711.6472222222221,0.8472222222221717,0.8916666666666515,0.8444444444444343,1.0032894736841627,69.44444444444444,0
2073,1712.5388888888888,0.8916666666666515,0.32777777777778283,0.8444444444444343,1.0559210526315737,72.22222222222223,0
2074,1712.8666666666666,0.32777777777778283,0.5666666666668334,0.8444444444444343,0.38815789473685275,75.0,0
2075,1713.4333333333334,0.5666666666668334,0.8611111111110858,0.8444444444444343,0.6710526315791528,72.22222222222223,0
2076,1714.2944444444445,0.8611111111110858,0.8250000000000455,0.8444444444444343,1.0197368421052455,63.888888888888886,0
2077,1715.1194444444445,0.8250000000000455,0.8361111111109949,0.8444444444444343,0.9769736842105918,69.44444444444444,0
2078,1715.9555555555555,0.8361111111109949,0.8277777777777828,0.8444444444444343,0.9901315789472427,69.44444444444444,0
2079,1716.7833333333333,0.8277777777777828,0.8388888888889596,0.8444444444444343,0.9802631578947546,66.66666666666667,0
2080,1717.6222222222223,0.8388888888889596,0.8666666666665606,0.8444444444444343,0.9934210526316746,63.888888888888886,0
2081,1718.4888888888888,0.8666666666665606,1.4444444444445708,0.8444444444444343,1.0263157894735708,66.66666666666667,0
2082,1719.9333333333334,1.4444444444445708,0.8611111111110858,0.8444444444444343,1.7105263157896438,69.44444444444444,0
2083,1720.7944444444445,0.8611111111110858,0.816666666666606,0.8444444444444343,1.0197368421052455,66.66666666666667,0
2084,1721.611111111111,0.816666666666606,0.8138888888888687,0.8444444444444343,0.9671052631578345,69.44444444444444,0
2085,1722.425,0.8138888888888687,0.8444444444444343,0.8444444444444343,0.9638157894736719,66.66666666666667,0
2086,1723.2694444444444,0.8444444444444343,0.32777777777778283,0.8444444444444343,1.0,72.22222222222223,0
2087,1723.5972222222222,0.32777777777778283,0.5611111111111313,0.8444444444444343,0.38815789473685275,41.666666666666664,0
2088,1724.1583333333333,0.5611111111111313,0.32777777777778283,0.8444444444444343,0.6644736842105582,72.22222222222223,0
2089,1724.486111111111,0.32777777777778283,0.5611111111111313,0.8444444444444343,0.38815789473685275,30.555555555555557,0
2090,1725.0472222222222,0.5611111111111313,0.8555555555556111,0.8444444444444343,0.6644736842105582,69.44444444444444,0
2091,1725.9027777777778,0.8555555555556111,0.8527777777776464,0.8444444444444343,1.01315789473692,69.44444444444444,0
2092,1726.7555555555555,0.8527777777776464,0.8222222222223081,0.8444444444444343,1.0098684210524882,66.66666666666667,0
2093,1727.5777777777778,0.8222222222223081,0.8305555555555202,0.8444444444444343,0.9736842105264292,69.44444444444444,0
2094,1728.4083333333333,0.8305555555555202,0.8277777777777828,0.8444444444444343,0.9835526315789173,66.66666666666667,0
2095,1729.236111111111,0.8277777777777828,0.8500000000001364,0.8444444444444343,0.9802631578947546,72.22222222222223,0
2096,1730.0861111111112,0.8500000000001364,0.7055555555555202,0.8444444444444343,1.0065789473685947,66.66666666666667,0
2097,1730.7916666666667,0.7055555555555202,0.7777777777776009,0.8444444444444343,0.8355263157894418,86.11111111111111,0
2098,1731.5694444444443,0.7777777777776009,0.8583333333333485,0.8444444444444343,0.921052631578749,69.44444444444444,0
2099,1732.4277777777777,0.8583333333333485,0.8138888888888687,0.8444444444444343,1.0164473684210829,63.888888888888886,0
2100,1733.2416666666666,0.8138888888888687,0.8277777777777828,0.8444444444444343,0.9638157894736719,72.22222222222223,0
2101,1734.0694444444443,0.8277777777777828,0.8250000000000455,0.8444444444444343,0.9802631578947546,66.66666666666667,0
2102,1734.8944444444444,0.8250000000000455,0.8611111111110858,0.8444444444444343,0.9769736842105918,66.66666666666667,0
2103,1735.7555555555555,0.8611111111110858,0.8861111111111768,0.8444444444444343,1.0197368421052455,66.66666666666667,0
2104,1736.6416666666667,0.8861111111111768,1.4388888888888687,0.8444444444444343,1.0493421052632483,69.44444444444444,0
2105,1738.0805555555555,1.4388888888888687,0.8305555555555202,0.8444444444444343,1.703947368421049,72.22222222222223,0
2106,1738.911111111111,0.8305555555555202,0.8472222222223991,0.8444444444444343,0.9835526315789173,66.66666666666667,0
2107,1739.7583333333334,0.8472222222223991,0.8194444444443434,0.8444444444444343,1.003289473684432,66.66666666666667,0
2108,1740.5777777777778,0.8194444444443434,0.8333333333332575,0.8444444444444343,0.9703947368419972,66.66666666666667,0
2109,1741.411111111111,0.8333333333332575,0.8722222222222626,0.8444444444444343,0.9868421052630799,69.44444444444444,0
2110,1742.2833333333333,0.8722222222222626,0.8861111111111768,0.8444444444444343,1.0328947368421655,69.44444444444444,0
2111,1743.1694444444445,0.8861111111111768,1.4249999999999545,0.8444444444444343,1.0493421052632483,77.77777777777777,0
2112,1744.5944444444444,1.4249999999999545,0.8277777777777828,0.8444444444444343,1.6874999999999662,69.44444444444444,0
2113,1745.4222222222222,0.8277777777777828,0.8250000000000455,0.8444444444444343,0.9802631578947546,66.66666666666667,0
2114,1746.2472222222223,0.8250000000000455,0.8527777777776464,0.8444444444444343,0.9769736842105918,72.22222222222223,0
2115,1747.1,0.8527777777776464,0.8611111111113132,0.8444444444444343,1.0098684210524882,72.22222222222223,0
2116,1747.9611111111112,0.8611111111113132,0.8666666666665606,0.8444444444444343,1.0197368421055146,72.22222222222223,0
2117,1748.8277777777778,0.8666666666665606,0.8722222222222626,0.8444444444444343,1.0263157894735708,69.44444444444444,0
2118,1749.7,0.8722222222222626,0.8472222222221717,0.8444444444444343,1.0328947368421655,72.22222222222223,0
2119,1750.5472222222222,0.8472222222221717,0.841666666666697,0.8444444444444343,1.0032894736841627,69.44444444444444,0
2120,1751.388888888889,0.841666666666697,0.8194444444443434,0.8444444444444343,0.9967105263158373,69.44444444444444,0
2121,1752.2083333333333,0.8194444444443434,0.8194444444445708,0.8444444444444343,0.9703947368419972,72.22222222222223,0
2122,1753.0277777777778,0.8194444444445708,0.8583333333333485,0.8444444444444343,0.9703947368422665,69.44444444444444,0
2123,1753.8861111111112,0.8583333333333485,0.9055555555555657,0.8444444444444343,1.0164473684210829,69.44444444444444,0
2124,1754.7916666666667,0.9055555555555657,0.8805555555554747,0.8444444444444343,1.0723684210526563,69.44444444444444,0
2125,1755.6722222222222,0.8805555555554747,0.841666666666697,0.8444444444444343,1.0427631578946537,75.0,0
2126,1756.513888888889,0.841666666666697,0.8361111111109949,0.8444444444444343,0.9967105263158373,66.66666666666667,0
2127,1757.35,0.8361111111109949,0.6222222222222626,0.8444444444444343,0.9901315789472427,41.666666666666664,0
2128,1757.9722222222222,0.6222222222222626,0.32777777777778283,0.8444444444444343,0.7368421052632146,72.22222222222223,0
2129,1758.3,0.32777777777778283,0.5111111111111768,0.8444444444444343,0.38815789473685275,47.22222222222222,0
2130,1758.8111111111111,0.5111111111111768,0.8527777777776464,0.8444444444444343,0.6052631578948219,72.22222222222223,0
2131,1759.6638888888888,0.8527777777776464,0.8666666666667879,0.8444444444444343,1.0098684210524882,69.44444444444444,0
2132,1760.5305555555556,0.8666666666667879,0.8694444444445253,0.8444444444444343,1.0263157894738402,72.22222222222223,0
2133,1761.4,0.8694444444445253,0.8916666666666515,0.8444444444444343,1.0296052631580028,75.0,0
2134,1762.2916666666667,0.8916666666666515,0.8027777777776919,0.8444444444444343,1.0559210526315737,69.44444444444444,0
2135,1763.0944444444444,0.8027777777776919,0.34444444444443434,0.8444444444444343,0.9506578947367518,61.111111111111114,0
2136,1763.4388888888889,0.34444444444443434,0.4888888888888232,0.8444444444444343,0.4078947368420982,58.333333333333336,0
2137,1763.9277777777777,0.4888888888888232,0.8277777777777828,0.8444444444444343,0.5789473684209818,72.22222222222223,0
2138,1764.7555555555555,0.8277777777777828,0.841666666666697,0.8444444444444343,0.9802631578947546,72.22222222222223,0
2139,1765.5972222222222,0.841666666666697,0.8888888888889142,0.8444444444444343,0.9967105263158373,72.22222222222223,0
2140,1766.486111111111,0.8888888888889142,0.3305555555555202,0.8444444444444343,1.052631578947411,72.22222222222223,0
2141,1766.8166666666666,0.3305555555555202,0.4750000000001364,0.8444444444444343,0.3914473684210154,27.77777777777778,0
2142,1767.2916666666667,0.4750000000001364,0.691666666666606,0.8444444444444343,0.5625000000001683,41.666666666666664,0
2143,1767.9833333333333,0.691666666666606,0.8333333333332575,0.8444444444444343,0.8190789473683591,69.44444444444444,0
2144,1768.8166666666666,0.8333333333332575,0.8444444444444343,0.8444444444444343,0.9868421052630799,66.66666666666667,0
2145,1769.661111111111,0.8444444444444343,0.8222222222223081,0.8444444444444343,1.0,77.77777777777777,0
2146,1770.4833333333333,0.8222222222223081,0.8277777777777828,0.8444444444444343,0.9736842105264292,66.66666666666667,0
2147,1771.3111111111111,0.8277777777777828,0.8638888888888232,0.8444444444444343,0.9802631578947546,72.22222222222223,0
2148,1772.175,0.8638888888888232,0.3305555555555202,0.8444444444444343,1.0230263157894082,75.0,0
2149,1772.5055555555555,0.3305555555555202,0.5416666666667425,0.8444444444444343,0.3914473684210154,69.44444444444444,0
2150,1773.0472222222222,0.5416666666667425,0.8805555555554747,0.8444444444444343,0.64144736842115,75.0,0
2151,1773.9277777777777,0.8805555555554747,0.8583333333333485,0.8444444444444343,1.0427631578946537,75.0,0
2152,1774.786111111111,0.8583333333333485,0.8222222222223081,0.8444444444444343,1.0164473684210829,66.66666666666667,0
2153,1775.6083333333333,0.8222222222223081,0.808333333333394,0.8444444444444343,0.9736842105264292,72.22222222222223,0
2154,1776.4166666666667,0.808333333333394,0.8527777777776464,0.8444444444444343,0.9572368421053464,69.44444444444444,0
2155,1777.2694444444444,0.8527777777776464,0.3305555555555202,0.8444444444444343,1.0098684210524882,75.0,0
2156,1777.6,0.3305555555555202,0.5444444444444798,0.8444444444444343,0.3914473684210154,36.111111111111114,0
2157,1778.1444444444444,0.5444444444444798,0.3333333333334849,0.8444444444444343,0.6447368421053128,77.77777777777777,0
2158,1778.4777777777779,0.3333333333334849,0.5444444444442524,0.8444444444444343,0.3947368421054474,72.22222222222223,0
2159,1779.0222222222221,0.5444444444442524,0.8611111111113132,0.8444444444444343,0.6447368421050435,75.0,0
2160,1779.8833333333334,0.8611111111113132,0.8472222222221717,0.8444444444444343,1.0197368421055146,75.0,0
2161,1780.7305555555556,0.8472222222221717,0.8361111111109949,0.8444444444444343,1.0032894736841627,72.22222222222223,0
2162,1781.5666666666666,0.8361111111109949,0.8333333333334849,0.8444444444444343,0.9901315789472427,77.77777777777777,0
2163,1782.4,0.8333333333334849,0.8249999999998181,0.8444444444444343,0.9868421052633493,61.111111111111114,0
2164,1783.225,0.8249999999998181,0.8472222222223991,0.8444444444444343,0.9769736842103226,72.22222222222223,0
2165,1784.0722222222223,0.8472222222223991,0.8999999999998636,0.8444444444444343,1.003289473684432,75.0,0
2166,1784.9722222222222,0.8999999999998636,0.3333333333334849,0.8444444444444343,1.0657894736840616,75.0,0
2167,1785.3055555555557,0.3333333333334849,0.5416666666665151,0.8444444444444343,0.3947368421054474,36.111111111111114,0
2168,1785.8472222222222,0.5416666666665151,0.8444444444444343,0.8444444444444343,0.6414473684208808,69.44444444444444,0
2169,1786.6916666666666,0.8444444444444343,0.8194444444445708,0.8444444444444343,1.0,72.22222222222223,0
2170,1787.5111111111112,0.8194444444445708,0.8222222222220807,0.8444444444444343,0.9703947368422665,75.0,0
2171,1788.3333333333333,0.8222222222220807,0.841666666666697,0.8444444444444343,0.9736842105261599,63.888888888888886,0
2172,1789.175,0.841666666666697,0.8805555555557021,0.8444444444444343,0.9967105263158373,72.22222222222223,0
2173,1790.0555555555557,0.8805555555557021,0.8777777777777374,0.8444444444444343,1.0427631578949228,77.77777777777777,0
2174,1790.9333333333334,0.8777777777777374,0.8555555555553838,0.8444444444444343,1.0394736842104908,75.0,0
2175,1791.7888888888888,0.8555555555553838,0.8694444444445253,0.8444444444444343,1.0131578947366509,75.0,0
2176,1792.6583333333333,0.8694444444445253,0.32777777777778283,0.8444444444444343,1.0296052631580028,69.44444444444444,0
2177,1792.986111111111,0.32777777777778283,0.5,0.8444444444444343,0.38815789473685275,102.77777777777777,1
2178,1793.486111111111,0.5,0.7888888888890051,0.8444444444444343,0.5921052631579018,66.66666666666667,0
2179,1794.275,0.7888888888890051,1.402777777777601,0.8444444444444343,0.9342105263159383,63.888888888888886,0
2180,1795.6777777777777,1.402777777777601,0.841666666666697,0.8444444444444343,1.6611842105261263,69.44444444444444,0
2181,1796.5194444444444,0.841666666666697,0.9194444444444798,0.8444444444444343,0.9967105263158373,72.22222222222223,0
2182,1797.4388888888889,0.9194444444444798,0.8611111111110858,0.8444444444444343,1.0888157894737391,72.22222222222223,0
2183,1798.3,0.8611111111110858,0.7666666666666515,0.8444444444444343,1.0197368421052455,61.111111111111114,0
2184,1799.0666666666666,0.7666666666666515,0.6388888888889142,0.8444444444444343,0.9078947368420982,36.111111111111114,0
2185,1799.7055555555555,0.6388888888889142,0.8444444444444343,0.8444444444444343,0.75657894736846,69.44444444444444,0
2186,1800.55,0.8444444444444343,0.8444444444444343,0.8444444444444343,1.0,63.888888888888886,0
2187,1801.3944444444444,0.8444444444444343,0.8638888888890506,0.8444444444444343,1.0,63.888888888888886,0
2188,1802.2583333333334,0.8638888888890506,0.875,0.8444444444444343,1.0230263157896775,58.333333333333336,0
2189,1803.1333333333334,0.875,0.8638888888888232,0.8444444444444343,1.0361842105263281,66.66666666666667,0
2190,1803.9972222222223,0.8638888888888232,0.8527777777776464,0.8444444444444343,1.0230263157894082,61.111111111111114,0
2191,1804.85,0.8527777777776464,,0.8444444444444343,1.0098684210524882,69.44444444444444,0
