beat_index,peak_time_s,rr_prev_s,rr_next_s,rr_baseline_s,prematurity_index,qrs_width_ms,pvc_score,morphology_score,is_pvc_candidate
0,0.3,,0.6444444444444444,0.7138888888889028,,75.0,0.09993706483062195,0.996599646562092,0
1,0.9444444444444444,0.6444444444444444,0.6361111111111111,0.7138888888889028,0.9027237354085427,77.77777777777777,0.4265187559057011,0.9979585528584065,0
2,1.5805555555555555,0.6361111111111111,0.6555555555555557,0.7138888888889028,0.8910505836575702,80.55555555555556,0.4444252733900386,0.9962654239404991,0
3,2.236111111111111,0.6555555555555557,0.6666666666666665,0.7138888888889028,0.918287937743173,80.55555555555556,0.41986032412664775,0.9892998280137797,0
4,2.9027777777777777,0.6666666666666665,0.666666666666667,0.7138888888889028,0.9338521400778026,80.55555555555556,0.40410456541345036,0.9949443553109933,0
5,3.5694444444444446,0.666666666666667,0.655555555555555,0.7138888888889028,0.9338521400778033,77.77777777777777,0.39704874447631483,0.9968321464951738,0
6,4.225,0.655555555555555,0.6750000000000007,0.7138888888889028,0.918287937743172,83.33333333333333,0.4260611162280775,0.994216618244408,0
7,4.9,0.6750000000000007,0.6361111111111111,0.7138888888889028,0.9455252918287763,80.55555555555556,0.3932496227034486,0.9923288379912247,0
8,5.536111111111111,0.6361111111111111,0.6222222222222218,0.7138888888889028,0.8910505836575702,75.0,0.4316105004442898,0.9926666404124816,0
9,6.158333333333333,0.6222222222222218,0.6027777777777779,0.7138888888889028,0.8715953307392821,69.44444444444444,0.4365416617152564,0.9945271397793052,0
10,6.761111111111111,0.6027777777777779,0.6194444444444445,0.7138888888889028,0.8443579766536802,72.22222222222223,0.4659787928587939,0.9972577156146568,0
11,7.3805555555555555,0.6194444444444445,0.6222222222222227,0.7138888888889028,0.8677042801556252,83.33333333333333,0.47310769121438234,0.9925636461125019,0
12,8.002777777777778,0.6222222222222227,0.6472222222222221,0.7138888888889028,0.8715953307392833,83.33333333333333,0.46914116435118985,0.9958659384335188,0
13,8.65,0.6472222222222221,0.655555555555555,0.7138888888889028,0.9066147859922001,80.55555555555556,0.42982252658430126,0.9966773290981005,0
14,9.305555555555555,0.655555555555555,0.6472222222222221,0.7138888888889028,0.918287937743172,77.77777777777777,0.4120922818906557,0.995935761190348,0
15,9.952777777777778,0.6472222222222221,0.6333333333333329,0.7138888888889028,0.9066147859922001,83.33333333333333,0.4373866053591708,0.9925055415057902,0
16,10.58611111111111,0.6333333333333329,0.6333333333333346,0.7138888888889028,0.887159533073912,77.77777777777777,0.44112852805849706,0.9970137287088412,0
17,11.219444444444445,0.6333333333333346,0.6222222222222218,0.7138888888889028,0.8871595330739145,80.55555555555556,0.44772779931034634,0.9981696020932163,0
18,11.841666666666667,0.6222222222222218,0.5972222222222214,0.7138888888889028,0.8715953307392821,72.22222222222223,0.44212292477602555,0.9982394522827905,0
19,12.438888888888888,0.5972222222222214,0.5833333333333339,0.7138888888889028,0.8365758754863639,75.0,0.4789116540522048,0.9968367033406815,0
20,13.022222222222222,0.5833333333333339,0.6083333333333343,0.7138888888889028,0.8171206225680783,77.77777777777777,0.5011327436568799,0.9969663661957047,1
21,13.630555555555556,0.6083333333333343,0.6083333333333325,0.7138888888889028,0.8521400778209964,77.77777777777777,0.4720444621236036,0.9989784439886056,0
22,14.238888888888889,0.6083333333333325,0.6416666666666675,0.7138888888889028,0.8521400778209939,75.0,0.46556629303616187,0.9982866498019412,0
23,14.880555555555556,0.6416666666666675,0.6472222222222221,0.7138888888889028,0.8988326848248864,77.77777777777777,0.43028660209806047,0.9971373822808174,0
24,15.527777777777779,0.6472222222222221,0.6333333333333329,0.7138888888889028,0.9066147859922001,86.11111111111111,0.444830783726451,0.9900514807532386,0
25,16.16111111111111,0.6333333333333329,0.6333333333333329,0.7138888888889028,0.887159533073912,80.55555555555556,0.4479327633162133,0.9968031753874518,0
26,16.794444444444444,0.6333333333333329,0.594444444444445,0.7138888888889028,0.887159533073912,75.0,0.43418505551865305,0.9994239575381768,0
27,17.38888888888889,0.594444444444445,0.6138888888888872,0.7138888888889028,0.8326848249027083,58.333333333333336,0.45297852306050723,0.9610903518443605,0
28,18.002777777777776,0.6138888888888872,0.594444444444445,0.7138888888889028,0.8599221789883077,80.55555555555556,0.47235084539861355,0.9970992873985213,0
29,18.59722222222222,0.594444444444445,0.6138888888888907,0.7138888888889028,0.8326848249027083,75.0,0.48183474061716114,0.9986875512968697,0
30,19.211111111111112,0.6138888888888907,0.6027777777777779,0.7138888888889028,0.8599221789883127,77.77777777777777,0.46525544503386346,0.9992509414334412,0
31,19.81388888888889,0.6027777777777779,0.6194444444444436,0.7138888888889028,0.8443579766536802,77.77777777777777,0.47864461999666846,0.999160532043785,0
32,20.433333333333334,0.6194444444444436,0.6305555555555564,0.7138888888889028,0.867704280155624,80.55555555555556,0.4653253280769933,0.9981906627882828,0
33,21.06388888888889,0.6305555555555564,0.6666666666666643,0.7138888888889028,0.8832684824902564,83.33333333333333,0.458320981269461,0.9975835066100678,0
34,21.730555555555554,0.6666666666666643,0.6750000000000007,0.7138888888889028,0.9338521400777995,83.33333333333333,0.41066126044578266,0.9974884593356181,0
35,22.405555555555555,0.6750000000000007,0.625,0.7138888888889028,0.9455252918287763,77.77777777777777,0.3854495271888211,0.999178459692023,0
36,23.030555555555555,0.625,0.6111111111111107,0.7138888888889028,0.8754863813229402,80.55555555555556,0.45825405638999733,0.9988798431680213,0
37,23.641666666666666,0.6111111111111107,0.62777777777778,0.7138888888889028,0.856031128404652,72.22222222222223,0.4556914468764276,0.9992608076466427,0
38,24.269444444444446,0.62777777777778,0.6472222222222221,0.7138888888889028,0.8793774319066008,75.0,0.4412319257924086,0.9998554089809208,0
39,24.916666666666668,0.6472222222222221,0.6277777777777764,0.7138888888889028,0.9066147859922001,77.77777777777777,0.42259572307509113,0.999705004096116,0
40,25.544444444444444,0.6277777777777764,0.6277777777777764,0.7138888888889028,0.8793774319065958,80.55555555555556,0.454867483877423,0.9979822915805315,0
41,26.17222222222222,0.6277777777777764,0.658333333333335,0.7138888888889028,0.8793774319065958,77.77777777777777,0.4479189825754855,0.9991546185300628,0
42,26.830555555555556,0.658333333333335,0.6722222222222207,0.7138888888889028,0.9221789883268326,80.55555555555556,0.4147534518382378,0.9985869345092206,0
43,27.502777777777776,0.6722222222222207,0.6833333333333336,0.7138888888889028,0.9416342412451157,75.0,0.3825840213554939,0.9994193079610847,0
44,28.18611111111111,0.6833333333333336,0.6750000000000007,0.7138888888889028,0.9571984435797483,80.55555555555556,0.38100436148264605,0.998885672398725,0
45,28.86111111111111,0.6750000000000007,0.6361111111111128,0.7138888888889028,0.9455252918287763,83.33333333333333,0.3993316959406988,0.9980370873163772,0
46,29.497222222222224,0.6361111111111128,0.625,0.7138888888889028,0.8910505836575726,77.77777777777777,0.43722069622043513,0.9991449233411218,0
47,30.122222222222224,0.625,0.6388888888888893,0.7138888888889028,0.8754863813229402,72.22222222222223,0.43845670557548566,0.9993695028530886,0
48,30.761111111111113,0.6388888888888893,0.655555555555555,0.7138888888889028,0.8949416342412283,77.77777777777777,0.43358449518398395,0.9993316732280808,0
49,31.416666666666668,0.655555555555555,0.6611111111111079,0.7138888888889028,0.918287937743172,58.333333333333336,0.3771139389212541,0.9552731430531988,0
50,32.077777777777776,0.6611111111111079,0.6527777777777786,0.7138888888889028,0.9260700389104832,83.33333333333333,0.41817076234341266,0.9972356908178004,0
51,32.730555555555554,0.6527777777777786,0.6833333333333371,0.7138888888889028,0.9143968871595164,77.77777777777777,0.41525040283697273,0.999565532488058,0
52,33.41388888888889,0.6833333333333371,0.68611111111111,0.7138888888889028,0.9571984435797533,77.77777777777777,0.37422502219416753,0.9989302525918311,0
53,34.1,0.68611111111111,0.68333333333333,0.7138888888889028,0.9610894941634038,72.22222222222223,0.3574739367060191,0.9992584771753684,0
54,34.78333333333333,0.68333333333333,0.6750000000000043,0.7138888888889028,0.9571984435797433,77.77777777777777,0.37409137443763174,0.9998212376354676,0
55,35.458333333333336,0.6750000000000043,0.6444444444444386,0.7138888888889028,0.9455252918287813,80.55555555555556,0.3922296245865075,0.9991288254374665,0
56,36.102777777777774,0.6444444444444386,0.6416666666666728,0.7138888888889028,0.9027237354085346,75.0,0.4196526704568004,0.9998528677481711,0
57,36.74444444444445,0.6416666666666728,0.6527777777777786,0.7138888888889028,0.8988326848248939,75.0,0.42348826813648843,0.9985800205882933,0
58,37.397222222222226,0.6527777777777786,0.6999999999999957,0.7138888888889028,0.9143968871595164,77.77777777777777,0.41520628100135415,0.9998596780588487,0
59,38.09722222222222,0.6999999999999957,0.5805555555555557,0.7138888888889028,0.980544747081687,77.77777777777777,0.35173746590841615,0.9994054169949169,0
60,38.67777777777778,0.5805555555555557,0.7972222222222243,0.7138888888889028,0.8132295719844201,91.66666666666667,0.5575828191272046,0.8756625100057183,1
61,39.475,0.7972222222222243,0.6972222222222229,0.7138888888889028,1.1167315175097088,77.77777777777777,0.2363749558022795,0.9993312579614503,0
62,40.172222222222224,0.6972222222222229,0.6972222222222229,0.7138888888889028,0.9766536964980363,80.55555555555556,0.3624396810524383,0.9979877427629311,0
63,40.86944444444445,0.6972222222222229,0.6777777777777771,0.7138888888889028,0.9766536964980363,77.77777777777777,0.3553875928316084,0.999850649171745,0
64,41.547222222222224,0.6777777777777771,0.6749999999999972,0.7138888888889028,0.949416342412432,75.0,0.3751608631545911,0.9988621749799675,0
65,42.22222222222222,0.6749999999999972,0.6555555555555586,0.7138888888889028,0.9455252918287714,72.22222222222223,0.3725988348810917,0.9985080777286255,0
66,42.87777777777778,0.6555555555555586,0.6472222222222186,0.7138888888889028,0.918287937743177,75.0,0.40495944372576487,0.999608427519964,0
67,43.525,0.6472222222222186,0.69166666666667,0.7138888888889028,0.9066147859921951,75.0,0.4160371933337576,0.9995489476020794,0
68,44.21666666666667,0.69166666666667,0.7305555555555543,0.7138888888889028,0.9688715953307251,86.11111111111111,0.3840714284873171,0.9969445770173433,0
69,44.94722222222222,0.7305555555555543,0.7111111111111086,0.7138888888889028,1.023346303501924,77.77777777777777,0.31183440770760495,0.9994929963524711,0
70,45.65833333333333,0.7111111111111086,0.68888888888889,0.7138888888889028,0.9961089494163194,77.77777777777777,0.336926243434857,0.9998384861748324,0
71,46.34722222222222,0.68888888888889,0.6944444444444429,0.7138888888889028,0.9649805447470645,77.77777777777777,0.3665856634283652,0.9998778187312726,0
72,47.041666666666664,0.6944444444444429,0.6722222222222243,0.7138888888889028,0.9727626459143758,77.77777777777777,0.3592800408123382,0.9987435787050569,0
73,47.71388888888889,0.6722222222222243,0.6833333333333371,0.7138888888889028,0.9416342412451207,83.33333333333333,0.4030782781862545,0.9980769364958115,0
74,48.397222222222226,0.6833333333333371,0.6638888888888843,0.7138888888889028,0.9571984435797533,77.77777777777777,0.37418296206721746,0.9992106534381651,0
75,49.06111111111111,0.6638888888888843,0.6666666666666643,0.7138888888889028,0.9299610894941389,75.0,0.3938317910700451,0.9993280703413123,0
76,49.727777777777774,0.6666666666666643,0.6972222222222229,0.7138888888889028,0.9338521400777995,75.0,0.3901674098264296,0.9988281227248085,0
77,50.425,0.6972222222222229,0.7472222222222271,0.7138888888889028,0.9766536964980363,77.77777777777777,0.35558993545828216,0.9985016983272534,0
78,51.172222222222224,0.7472222222222271,0.7111111111111086,0.7138888888889028,1.0466926070038776,83.33333333333333,0.3050679658166837,0.998495742696317,0
79,51.88333333333333,0.7111111111111086,0.6944444444444429,0.7138888888889028,0.9961089494163194,86.11111111111111,0.35823105028463054,0.9963866548425305,0
80,52.577777777777776,0.6944444444444429,0.68611111111111,0.7138888888889028,0.9727626459143758,77.77777777777777,0.35935731536884685,0.9982284149949993,0
81,53.263888888888886,0.68611111111111,0.6638888888888914,0.7138888888889028,0.9610894941634038,75.0,0.3637459003892892,0.9999074618655683,0
82,53.92777777777778,0.6638888888888914,0.6805555555555571,0.7138888888889028,0.9299610894941489,75.0,0.39391025490913983,0.9988049780806174,0
83,54.608333333333334,0.6805555555555571,0.68888888888889,0.7138888888889028,0.9533073929960926,72.22222222222223,0.364971174874604,0.9993021645990139,0
84,55.297222222222224,0.68888888888889,0.6777777777777771,0.7138888888889028,0.9649805447470645,69.44444444444444,0.347807914569207,0.9978004142020893,0
85,55.975,0.6777777777777771,0.68888888888889,0.7138888888889028,0.949416342412432,75.0,0.3750360556527007,0.99969422499257,0
86,56.66388888888889,0.68888888888889,0.74444444444444,0.7138888888889028,0.9649805447470645,80.55555555555556,0.37361057130455144,0.9981961146200832,0
87,57.40833333333333,0.74444444444444,0.7250000000000014,0.7138888888889028,1.0428015564202069,86.11111111111111,0.31599927121136095,0.995249494163941,0
88,58.13333333333333,0.7250000000000014,0.6972222222222229,0.7138888888889028,1.0155642023346125,77.77777777777777,0.31887315595583443,0.9997666230586986,0
89,58.830555555555556,0.6972222222222229,0.6805555555555571,0.7138888888889028,0.9766536964980363,75.0,0.3489752884758143,0.9987197567740811,0
90,59.51111111111111,0.6805555555555571,0.6749999999999972,0.7138888888889028,0.9533073929960926,75.0,0.3714226792972374,0.9987542110267922,0
91,60.18611111111111,0.6749999999999972,0.6722222222222243,0.7138888888889028,0.9455252918287714,69.44444444444444,0.36666064417153804,0.9971752828837039,0
92,60.858333333333334,0.6722222222222243,0.6944444444444429,0.7138888888889028,0.9416342412451207,77.77777777777777,0.3891834894547475,0.999302442068986,0
93,61.55277777777778,0.6944444444444429,0.68888888888889,0.7138888888889028,0.9727626459143758,80.55555555555556,0.3660332228591759,0.9988733801228575,0
94,62.24166666666667,0.68888888888889,0.7027777777777757,0.7138888888889028,0.9649805447470645,77.77777777777777,0.36660186203388107,0.9997698280278335,0
95,62.94444444444444,0.7027777777777757,0.7250000000000014,0.7138888888889028,0.9844357976653476,75.0,0.34139185084696805,0.9997893144408123,0
96,63.669444444444444,0.7250000000000014,0.7416666666666671,0.7138888888889028,1.0155642023346125,80.55555555555556,0.32601521845802545,0.9973038881074772,0
97,64.41111111111111,0.7416666666666671,0.6944444444444429,0.7138888888889028,1.0389105058365564,75.0,0.2913449634224055,0.99980077561416,0
98,65.10555555555555,0.6944444444444429,0.6611111111111114,0.7138888888889028,0.9727626459143758,75.0,0.3526506747612636,0.9990597642759296,0
99,65.76666666666667,0.6611111111111114,0.6722222222222172,0.7138888888889028,0.9260700389104882,75.0,0.3975962628431534,0.9991130134130004,0
100,66.43888888888888,0.6722222222222172,0.6638888888888914,0.7138888888889028,0.9416342412451107,77.77777777777777,0.3891805734747941,0.9993218819354066,0
101,67.10277777777777,0.6638888888888914,0.6944444444444429,0.7138888888889028,0.9299610894941489,77.77777777777777,0.40044777434529477,0.9991011032758756,0
102,67.79722222222222,0.6944444444444429,0.7111111111111228,0.7138888888889028,0.9727626459143758,80.55555555555556,0.36612215980588625,0.9982804671447885,0
103,68.50833333333334,0.7111111111111228,0.7194444444444343,0.7138888888889028,0.9961089494163394,77.77777777777777,0.33698472786195377,0.9994485899940622,0
104,69.22777777777777,0.7194444444444343,0.7138888888888886,0.7138888888889028,1.0077821011672814,80.55555555555556,0.3328140696354098,0.9997630284781049,0
105,69.94166666666666,0.7138888888888886,0.7444444444444542,0.7138888888889028,0.9999999999999801,80.55555555555556,0.3402714873343163,0.9983564072660391,0
106,70.68611111111112,0.7444444444444542,0.6999999999999886,0.7138888888889028,1.0428015564202269,83.33333333333333,0.3086534290570704,0.9970479801631125,0
107,71.3861111111111,0.6999999999999886,0.6611111111111114,0.7138888888889028,0.980544747081677,80.55555555555556,0.3584963629565216,0.9994971184043295,0
108,72.04722222222222,0.6611111111111114,0.6666666666666714,0.7138888888889028,0.9260700389104882,77.77777777777777,0.4040906538287947,0.9996966616116829,0
109,72.71388888888889,0.6666666666666714,0.6805555555555571,0.7138888888889028,0.9338521400778095,77.77777777777777,0.39673119639451676,0.9989491337071214,0
110,73.39444444444445,0.6805555555555571,0.7111111111111086,0.7138888888889028,0.9533073929960926,80.55555555555556,0.3846380823005235,0.9996821275045611,0
111,74.10555555555555,0.7111111111111086,0.7249999999999943,0.7138888888889028,0.9961089494163194,80.55555555555556,0.34397745440582655,0.9979814280984205,0
112,74.83055555555555,0.7249999999999943,0.7222222222222285,0.7138888888889028,1.0155642023346025,75.0,0.312334679921473,0.9994768751848782,0
113,75.55277777777778,0.7222222222222285,0.7083333333333286,0.7138888888889028,1.0116731517509618,75.0,0.31585477770966114,0.9998324615541472,0
114,76.2611111111111,0.7083333333333286,0.5611111111111171,0.7138888888889028,0.9922178988326589,77.77777777777777,0.34059608089686844,0.9998111583438336,0
115,76.82222222222222,0.5611111111111171,0.8555555555555543,0.7138888888889028,0.7859922178988258,105.55555555555556,0.6138885522806569,0.87600386134208,1
116,77.67777777777778,0.8555555555555543,0.6666666666666714,0.7138888888889028,1.1984435797665118,77.77777777777777,0.188093005513576,0.9986425082597676,0
117,78.34444444444445,0.6666666666666714,0.6861111111111029,0.7138888888889028,0.9338521400778095,72.22222222222223,0.38396007601106613,0.9977482722485005,0
118,79.03055555555555,0.6861111111111029,0.6861111111111171,0.7138888888889028,0.961089494163394,75.0,0.36384515886762014,0.9992457386767591,0
119,79.71666666666667,0.6861111111111171,0.7249999999999943,0.7138888888889028,0.9610894941634138,72.22222222222223,0.35748865048616385,0.9991603853076728,0
120,80.44166666666666,0.7249999999999943,0.75,0.7138888888889028,1.0155642023346025,75.0,0.3124045008964021,0.999011402018684,0
121,81.19166666666666,0.75,0.7222222222222285,0.7138888888889028,1.0505836575875283,77.77777777777777,0.2879039653904317,0.9992601610793003,0
122,81.91388888888889,0.7222222222222285,0.7027777777777686,0.7138888888889028,1.0116731517509618,80.55555555555556,0.3292989959083426,0.9992349433959471,0
123,82.61666666666666,0.7027777777777686,0.7250000000000085,0.7138888888889028,0.9844357976653376,77.77777777777777,0.348157749471299,0.9985629117149606,0
124,83.34166666666667,0.7250000000000085,0.6972222222222229,0.7138888888889028,1.0155642023346225,77.77777777777777,0.31900513713934475,0.998886748501902,0
125,84.03888888888889,0.6972222222222229,0.6805555555555571,0.7138888888889028,0.9766536964980363,75.0,0.3489051089084263,0.9991876205566679,0
126,84.71944444444445,0.6805555555555571,0.6777777777777771,0.7138888888889028,0.9533073929960926,69.44444444444444,0.3591532384941662,0.9971676742266534,0
127,85.39722222222223,0.6777777777777771,0.7055555555555486,0.7138888888889028,0.949416342412432,69.44444444444444,0.362771748881143,0.998073461315675,0
128,86.10277777777777,0.7055555555555486,0.7277777777777743,0.7138888888889028,0.9883268482489983,72.22222222222223,0.33164110563296934,0.9977059086168678,0
129,86.83055555555555,0.7277777777777743,0.75555555555556,0.7138888888889028,1.0194552529182632,80.55555555555556,0.32212131661726345,0.9995869291643611,0
130,87.58611111111111,0.75555555555556,0.7222222222222285,0.7138888888889028,1.0583657587548494,80.55555555555556,0.28811720298064725,0.9990983091234359,0
131,88.30833333333334,0.7222222222222285,0.6944444444444429,0.7138888888889028,1.0116731517509618,77.77777777777777,0.32247888786155426,0.9995513153111508,0
132,89.00277777777778,0.6944444444444429,0.7055555555555486,0.7138888888889028,0.9727626459143758,69.44444444444444,0.3403008136613185,0.9980093627882841,0
133,89.70833333333333,0.7055555555555486,0.7083333333333428,0.7138888888889028,0.9883268482489983,75.0,0.33768724561725727,0.9998603846336154,0
134,90.41666666666667,0.7083333333333428,0.6916666666666629,0.7138888888889028,0.9922178988326787,72.22222222222223,0.3277400387307174,0.9991764421030904,0
135,91.10833333333333,0.6916666666666629,0.6722222222222172,0.7138888888889028,0.9688715953307151,72.22222222222223,0.3500462871526075,0.9988569742343247,0
136,91.78055555555555,0.6722222222222172,0.5611111111111171,0.7138888888889028,0.9416342412451107,75.0,0.38268668606289313,0.9987348765784553,0
137,92.34166666666667,0.5611111111111171,0.88055555555556,0.7138888888889028,0.7859922178988258,100.0,0.6033612012501502,0.850584259748483,1
138,93.22222222222223,0.88055555555556,0.7361111111111001,0.7138888888889028,1.2334630350194375,83.33333333333333,0.18631979927658,0.9972474703428731,0
139,93.95833333333333,0.7361111111111001,0.7277777777777885,0.7138888888889028,1.031128404669225,80.55555555555556,0.31174776954645234,0.9986674780838674,0
140,94.68611111111112,0.7277777777777885,0.6861111111111029,0.7138888888889028,1.0194552529182832,80.55555555555556,0.32214396122145494,0.9994359651362965,0
141,95.37222222222222,0.6861111111111029,0.6805555555555571,0.7138888888889028,0.961089494163394,75.0,0.3637993603549913,0.9995510620942849,0
142,96.05277777777778,0.6805555555555571,0.7138888888888886,0.7138888888889028,0.9533073929960926,77.77777777777777,0.3779745618576774,0.9989545820601498,0
143,96.76666666666667,0.7138888888888886,0.6916666666666629,0.7138888888889028,0.9999999999999801,72.22222222222223,0.3204485841446212,0.9990164161189956,0
144,97.45833333333333,0.6916666666666629,0.6833333333333371,0.7138888888889028,0.9688715953307151,75.0,0.35626388597892106,0.9998683913042349,0
145,98.14166666666667,0.6833333333333371,0.7194444444444485,0.7138888888889028,0.9571984435797533,80.55555555555556,0.3809570011593068,0.9992014078876211,0
146,98.86111111111111,0.7194444444444485,0.7277777777777743,0.7138888888889028,1.0077821011673014,86.11111111111111,0.347359892366945,0.996220076203884,0
147,99.58888888888889,0.7277777777777743,0.7388888888888943,0.7138888888889028,1.0194552529182632,80.55555555555556,0.32222439258420876,0.9988997560513921,0
148,100.32777777777778,0.7388888888888943,0.7222222222222143,0.7138888888889028,1.0350194552529057,80.55555555555556,0.3083024924053359,0.9986178901548112,0
149,101.05,0.7222222222222143,0.6916666666666629,0.7138888888889028,1.011673151750942,75.0,0.3159562127507273,0.9991562279471604,0
150,101.74166666666666,0.6916666666666629,0.6833333333333371,0.7138888888889028,0.9688715953307151,72.22222222222223,0.3501318065661818,0.998286844810496,0
151,102.425,0.6833333333333371,0.7138888888888886,0.7138888888889028,0.9571984435797533,77.77777777777777,0.37412234888179874,0.9996147413409564,0
152,103.13888888888889,0.7138888888888886,0.7027777777777828,0.7138888888889028,0.9999999999999801,77.77777777777777,0.33344598590601016,0.9987087350580282,0
153,103.84166666666667,0.7027777777777828,0.7083333333333286,0.7138888888889028,0.9844357976653576,80.55555555555556,0.3548063720729139,0.999389776100787,0
154,104.55,0.7083333333333286,0.7305555555555543,0.7138888888889028,0.9922178988326589,77.77777777777777,0.34072318504086513,0.9989637973838557,0
155,105.28055555555555,0.7305555555555543,0.7305555555555543,0.7138888888889028,1.023346303501924,80.55555555555556,0.31873867873142003,0.9986155379237558,0
156,106.0111111111111,0.7305555555555543,0.7388888888888943,0.7138888888889028,1.023346303501924,77.77777777777777,0.3120062852710758,0.9983471459293318,0
157,106.75,0.7388888888888943,0.7222222222222285,0.7138888888889028,1.0350194552529057,77.77777777777777,0.3014798646033909,0.9989510604377259,0
158,107.47222222222223,0.7222222222222285,0.6833333333333229,0.7138888888889028,1.0116731517509618,72.22222222222223,0.3096920556942069,0.9984551990785084,0
159,108.15555555555555,0.6833333333333229,0.6694444444444514,0.7138888888889028,0.9571984435797333,72.22222222222223,0.3611688493696389,0.9996297407405262,0
160,108.825,0.6694444444444514,0.7111111111111086,0.7138888888889028,0.93774319066147,72.22222222222223,0.3799856777142339,0.9992765505793226,0
161,109.53611111111111,0.7111111111111086,0.7138888888888886,0.7138888888889028,0.9961089494163194,80.55555555555556,0.34381539854835425,0.9990618004815692,0
162,110.25,0.7138888888888886,0.7249999999999943,0.7138888888889028,0.9999999999999801,80.55555555555556,0.3400675462886426,0.999716014237197,0
163,110.975,0.7249999999999943,0.7222222222222285,0.7138888888889028,1.0155642023346025,72.22222222222223,0.3059621944096717,0.9994980360182193,0
164,111.69722222222222,0.7222222222222285,0.7277777777777743,0.7138888888889028,1.0116731517509618,75.0,0.31584760599098427,0.9998802730119929,0
165,112.425,0.7277777777777743,0.7111111111111086,0.7138888888889028,1.0194552529182632,72.22222222222223,0.30264207746622845,0.9979558444262506,0
166,113.1361111111111,0.7111111111111086,0.7055555555555628,0.7138888888889028,0.9961089494163194,75.0,0.3303459334005008,0.9998276316342495,0
167,113.84166666666667,0.7055555555555628,0.6777777777777771,0.7138888888889028,0.9883268482490182,77.77777777777777,0.3444283543116868,0.9987992481069179,0
168,114.51944444444445,0.6777777777777771,0.6722222222222172,0.7138888888889028,0.949416342412432,75.0,0.3750947273504289,0.9993030803410485,0
169,115.19166666666666,0.6722222222222172,0.6972222222222229,0.7138888888889028,0.9416342412451107,72.22222222222223,0.3762321137708575,0.9993032826133587,0
170,115.88888888888889,0.6972222222222229,0.7444444444444542,0.7138888888889028,0.9766536964980363,77.77777777777777,0.35549672720771097,0.9991230866643949,0
171,116.63333333333334,0.7444444444444542,0.7277777777777743,0.7138888888889028,1.0428015564202269,80.55555555555556,0.30136800802784797,0.9993620494511086,0
172,117.36111111111111,0.7277777777777743,0.7027777777777686,0.7138888888889028,1.0194552529182632,80.55555555555556,0.32217533475840726,0.9992268082234022,0
173,118.06388888888888,0.7027777777777686,0.7222222222222285,0.7138888888889028,0.9844357976653376,80.55555555555556,0.3548907897920247,0.9988269913068414,0
174,118.78611111111111,0.7222222222222285,0.6916666666666629,0.7138888888889028,1.0116731517509618,80.55555555555556,0.32931852510186066,0.9991047487724934,0
175,119.47777777777777,0.6916666666666629,0.6972222222222229,0.7138888888889028,0.9688715953307151,75.0,0.35627257426251163,0.9998104694136309,0
176,120.175,0.6972222222222229,0.6888888888888971,0.7138888888889028,0.9766536964980363,77.77777777777777,0.3553867436759187,0.9998563102096766,0
177,120.8638888888889,0.6888888888888971,0.6888888888888829,0.7138888888889028,0.9649805447470744,72.22222222222223,0.3537636354569098,0.9990163411926203,0
178,121.55277777777778,0.6888888888888829,0.6972222222222229,0.7138888888889028,0.9649805447470545,69.44444444444444,0.3477670124326391,0.9980730951126067,0
179,122.25,0.6972222222222229,0.75833333333334,0.7138888888889028,0.9766536964980363,77.77777777777777,0.35552281354031595,0.9989491777803616,0
180,123.00833333333334,0.75833333333334,0.7305555555555543,0.7138888888889028,1.06225680933851,80.55555555555556,0.28504325544238757,0.9979661558063242,0
181,123.7388888888889,0.7305555555555543,0.7027777777777686,0.7138888888889028,1.023346303501924,80.55555555555556,0.318635870076173,0.9993009289587361,0
182,124.44166666666666,0.7027777777777686,0.7055555555555628,0.7138888888889028,0.9844357976653376,72.22222222222223,0.33507384875018215,0.9994472525074476,0
183,125.14722222222223,0.7055555555555628,0.6888888888888829,0.7138888888889028,0.9883268482490182,75.0,0.33780776201308743,0.9990569419946227,0
184,125.83611111111111,0.6888888888888829,0.6888888888888971,0.7138888888889028,0.9649805447470545,72.22222222222223,0.3537928961262164,0.998821270064037,0
185,126.525,0.6888888888888971,0.6361111111111057,0.7138888888889028,0.9649805447470744,72.22222222222223,0.3538841141695635,0.9982131497749289,0
186,127.16111111111111,0.6361111111111057,0.74166666666666,0.7138888888889028,0.8910505836575627,36.111111111111114,0.38883125941432023,0.8398508434296119,0
187,127.90277777777777,0.74166666666666,0.6833333333333371,0.7138888888889028,1.0389105058365464,77.77777777777777,0.297990888961389,0.9993741934572862,0
188,128.5861111111111,0.6833333333333371,0.7361111111111143,0.7138888888889028,0.9571984435797533,80.55555555555556,0.3808890279147008,0.9996545628516613,0
189,129.32222222222222,0.7361111111111143,0.7305555555555543,0.7138888888889028,1.031128404669245,80.55555555555556,0.3117288872808997,0.9987933598540994,0
190,130.05277777777778,0.7305555555555543,0.7111111111111086,0.7138888888889028,1.023346303501924,77.77777777777777,0.3118226704883067,0.999571244481126,0
191,130.76388888888889,0.7111111111111086,0.6666666666666572,0.7138888888889028,0.9961089494163194,80.55555555555556,0.3438384030335036,0.9989084372472403,0
192,131.43055555555554,0.6666666666666572,0.6722222222222456,0.7138888888889028,0.9338521400777896,72.22222222222223,0.38384835086110347,0.9984931065817122,0
193,132.1027777777778,0.6722222222222456,0.6638888888888914,0.7138888888889028,0.9416342412451506,75.0,0.3826618130270335,0.998900696817263,0
194,132.76666666666668,0.6638888888888914,0.6888888888888687,0.7138888888889028,0.9299610894941489,75.0,0.3937518933474096,0.9998607218254854,0
195,133.45555555555555,0.6888888888888687,0.6833333333333371,0.7138888888889028,0.9649805447470347,77.77777777777777,0.3666493693334006,0.9994531126978949,0
196,134.13888888888889,0.6833333333333371,0.7083333333333428,0.7138888888889028,0.9571984435797533,77.77777777777777,0.37410547868833804,0.999727209297361,0
197,134.84722222222223,0.7083333333333428,0.7194444444444343,0.7138888888889028,0.9922178988326787,80.55555555555556,0.34753879541893506,0.9986774099266496,0
198,135.56666666666666,0.7194444444444343,0.7472222222222342,0.7138888888889028,1.0077821011672814,83.33333333333333,0.3400892510780497,0.9975172231006593,0
199,136.3138888888889,0.7472222222222342,0.7055555555555486,0.7138888888889028,1.0466926070038876,80.55555555555556,0.2980626332864232,0.9989425553245095,0
200,137.01944444444445,0.7055555555555486,0.6666666666666572,0.7138888888889028,0.9883268482489983,77.77777777777777,0.34434271201693545,0.9993701967387186,0
201,137.6861111111111,0.6666666666666572,0.6694444444444514,0.7138888888889028,0.9338521400777896,75.0,0.3900407759666269,0.99967234845689,0
202,138.35555555555555,0.6694444444444514,0.6666666666666572,0.7138888888889028,0.93774319066147,77.77777777777777,0.3928848520450996,0.9996237190551764,0
203,139.0222222222222,0.6666666666666572,0.6972222222222229,0.7138888888889028,0.9338521400777896,75.0,0.3900655335483743,0.9995072979119072,0
204,139.71944444444443,0.6972222222222229,0.7166666666666686,0.7138888888889028,0.9766536964980363,77.77777777777777,0.3555994860630528,0.9984380276287823,0
205,140.4361111111111,0.7166666666666686,0.7027777777777828,0.7138888888889028,1.0038910505836407,69.44444444444444,0.3107906433165423,0.998265584984528,0
206,141.13888888888889,0.7027777777777828,0.700000000000017,0.7138888888889028,0.9844357976653576,77.77777777777777,0.3479685482744532,0.9998242530271394,0
207,141.8388888888889,0.700000000000017,0.7416666666666458,0.7138888888889028,0.9805447470817169,80.55555555555556,0.35856401233140645,0.9990461225715104,0
208,142.58055555555555,0.7416666666666458,0.6972222222222229,0.7138888888889028,1.0389105058365264,83.33333333333333,0.3119728576877295,0.9975674879186719,0
209,143.27777777777777,0.6972222222222229,0.6666666666666856,0.7138888888889028,0.9766536964980363,75.0,0.3488207764723986,0.9997498367968525,0
210,143.94444444444446,0.6666666666666856,0.6611111111110972,0.7138888888889028,0.9338521400778294,66.66666666666667,0.3720160372815812,0.9971760299423094,0
211,144.60555555555555,0.6611111111110972,0.6750000000000114,0.7138888888889028,0.9260700389104684,69.44444444444444,0.3851768246877636,0.9985264589617797,0
212,145.28055555555557,0.6750000000000114,0.6916666666666629,0.7138888888889028,0.9455252918287913,69.44444444444444,0.36670267907033566,0.9968950502249252,0
213,145.97222222222223,0.6916666666666629,0.7249999999999943,0.7138888888889028,0.9688715953307151,75.0,0.3562685970721199,0.9998369840162428,0
214,146.69722222222222,0.7249999999999943,0.7111111111111086,0.7138888888889028,1.0155642023346025,83.33333333333333,0.33308952174308154,0.9963972704473174,0
215,147.40833333333333,0.7111111111111086,0.6999999999999886,0.7138888888889028,0.9961089494163194,83.33333333333333,0.35099947734448694,0.9974233460808377,0
216,148.10833333333332,0.6999999999999886,0.7166666666666686,0.7138888888889028,0.980544747081677,75.0,0.34508224213513305,0.9998939873805768,0
217,148.825,0.7166666666666686,0.7083333333333428,0.7138888888889028,1.0038910505836407,77.77777777777777,0.3298207836963424,0.9986603793760986,0
218,149.53333333333333,0.7083333333333428,0.6666666666666572,0.7138888888889028,0.9922178988326787,72.22222222222223,0.3276907383718714,0.9995051111620636,0
219,150.2,0.6666666666666572,0.6527777777777999,0.7138888888889028,0.9338521400777896,72.22222222222223,0.38376072172854014,0.999077300798801,0
220,150.8527777777778,0.6527777777777999,0.6722222222222172,0.7138888888889028,0.9143968871595463,75.0,0.4086762032217469,0.9995139418197497,0
221,151.525,0.6722222222222172,0.674999999999983,0.7138888888889028,0.9416342412451107,77.77777777777777,0.3891282034940977,0.9996710151400491,0
222,152.2,0.674999999999983,0.7111111111111086,0.7138888888889028,0.9455252918287514,83.33333333333333,0.39938894003093356,0.9976554600483056,0
223,152.9111111111111,0.7111111111111086,0.7166666666666686,0.7138888888889028,0.9961089494163194,83.33333333333333,0.35100076407448383,0.9974147678808585,0
224,153.62777777777777,0.7166666666666686,0.7027777777777828,0.7138888888889028,1.0038910505836407,77.77777777777777,0.3296679402245005,0.9996793358550442,0
225,154.33055555555555,0.7027777777777828,0.6805555555555713,0.7138888888889028,0.9844357976653576,77.77777777777777,0.3480471616392874,0.9993001639282448,0
226,155.01111111111112,0.6805555555555713,0.6999999999999886,0.7138888888889028,0.9533073929961126,77.77777777777777,0.3778569470383862,0.999738680855296,0
227,155.7111111111111,0.6999999999999886,0.6666666666666572,0.7138888888889028,0.980544747081677,77.77777777777777,0.35176040164989736,0.9992525120517723,0
228,156.37777777777777,0.6666666666666572,0.6527777777777999,0.7138888888889028,0.9338521400777896,75.0,0.3900200725715941,0.9998103710904417,0
229,157.03055555555557,0.6527777777777999,0.669444444444423,0.7138888888889028,0.9143968871595463,75.0,0.40877702391818027,0.9988418038435274,0
230,157.7,0.669444444444423,0.6888888888888971,0.7138888888889028,0.9377431906614303,77.77777777777777,0.39298620897205233,0.9989480062090805,0
231,158.38888888888889,0.6888888888888971,0.7305555555555543,0.7138888888889028,0.9649805447470744,77.77777777777777,0.36665262959647815,0.9994313776104564,0
232,159.11944444444444,0.7305555555555543,0.73888888888888,0.7138888888889028,1.023346303501924,75.0,0.30519907763065074,0.9998489420958747,0
233,159.85833333333332,0.73888888888888,0.7027777777777828,0.7138888888889028,1.0350194552528857,77.77777777777777,0.30136030957027377,0.9997480939919581,0
234,160.5611111111111,0.7027777777777828,0.6833333333333371,0.7138888888889028,0.9844357976653576,77.77777777777777,0.3481170665260546,0.9988341313497967,0
235,161.24444444444444,0.6833333333333371,0.6944444444444571,0.7138888888889028,0.9571984435797533,75.0,0.3675083049392475,0.9998287795216735,0
236,161.9388888888889,0.6944444444444571,0.6888888888888687,0.7138888888889028,0.9727626459143957,75.0,0.3525289305743237,0.9998713921887352,0
237,162.62777777777777,0.6888888888888687,0.6861111111111313,0.7138888888889028,0.9649805447470347,72.22222222222223,0.3537965046940857,0.998797212945036,0
238,163.3138888888889,0.6861111111111313,0.6777777777777771,0.7138888888889028,0.9610894941634337,69.44444444444444,0.3516638602925638,0.9970715870229327,0
239,163.99166666666667,0.6777777777777771,0.7166666666666686,0.7138888888889028,0.949416342412432,75.0,0.37518004035681435,0.9987343269651456,0
240,164.70833333333334,0.7166666666666686,0.73888888888888,0.7138888888889028,1.0038910505836407,75.0,0.3232246337584711,0.9987551241922825,0
241,165.44722222222222,0.73888888888888,0.74444444444444,0.7138888888889028,1.0350194552528857,77.77777777777777,0.3015192064139763,0.998688781700608,0
242,166.19166666666666,0.74444444444444,0.7027777777777828,0.7138888888889028,1.0428015564202069,80.55555555555556,0.3013764884502404,0.9993055133019416,0
243,166.89444444444445,0.7027777777777828,0.6833333333333371,0.7138888888889028,0.9844357976653576,77.77777777777777,0.3480756728511412,0.9991100891825526,0
244,167.57777777777778,0.6833333333333371,0.6999999999999886,0.7138888888889028,0.9571984435797533,75.0,0.3675766604689946,0.9993730759900259,0
245,168.27777777777777,0.6999999999999886,0.7027777777777828,0.7138888888889028,0.980544747081677,75.0,0.345109970148293,0.9997091339595103,0
246,168.98055555555555,0.7027777777777828,0.6888888888888971,0.7138888888889028,0.9844357976653576,69.44444444444444,0.3292082527642988,0.9976304928379309,0
247,169.66944444444445,0.6888888888888971,0.6972222222222229,0.7138888888889028,0.9649805447470744,69.44444444444444,0.34777006448575015,0.9980527480917387,0
248,170.36666666666667,0.6972222222222229,0.7333333333333201,0.7138888888889028,0.9766536964980363,75.0,0.34884656808624165,0.9995778927045658,0
249,171.1,0.7333333333333201,0.7277777777777885,0.7138888888889028,1.0272373540855646,77.77777777777777,0.30833518196865606,0.9994600353072116,0
250,171.82777777777778,0.7277777777777885,0.7416666666666742,0.7138888888889028,1.0194552529182832,77.77777777777777,0.3155424240137298,0.9982951981244126,0
251,172.56944444444446,0.7416666666666742,0.6999999999999886,0.7138888888889028,1.0389105058365662,80.55555555555556,0.3047485087652308,0.9994744098282777,0
252,173.26944444444445,0.6999999999999886,0.6722222222222172,0.7138888888889028,0.980544747081677,75.0,0.34510346921724877,0.9997524734998051,0
253,173.94166666666666,0.6722222222222172,0.6833333333333371,0.7138888888889028,0.9416342412451107,72.22222222222223,0.3764494074105743,0.9978546583485803,0
254,174.625,0.6833333333333371,0.7083333333333428,0.7138888888889028,0.9571984435797533,75.0,0.3675671951640404,0.9994361780230541,0
255,175.33333333333334,0.7083333333333428,0.6944444444444287,0.7138888888889028,0.9922178988326787,75.0,0.33410890080903927,0.999179437492945,0
256,176.02777777777777,0.6944444444444287,0.6916666666666629,0.7138888888889028,0.9727626459143558,75.0,0.3525512660803646,0.9997224888153843,0
257,176.71944444444443,0.6916666666666629,0.7194444444444628,0.7138888888889028,0.9688715953307151,80.55555555555556,0.3697005765082456,0.9993210576084144,0
258,177.4388888888889,0.7194444444444628,0.7027777777777828,0.7138888888889028,1.0077821011673211,80.55555555555556,0.33295150680487495,0.9988467806814254,0
259,178.14166666666668,0.7027777777777828,0.7138888888888744,0.7138888888889028,0.9844357976653576,83.33333333333333,0.3620467433931687,0.9973760382059077,0
260,178.85555555555555,0.7138888888888744,0.6861111111111029,0.7138888888889028,0.9999999999999601,80.55555555555556,0.3402693694658185,0.9983705263894824,0
261,179.54166666666666,0.6861111111111029,0.6638888888888914,0.7138888888889028,0.961089494163394,75.0,0.3638305164675663,0.999343354677118,0
262,180.20555555555555,0.6638888888888914,0.6500000000000057,0.7138888888889028,0.9299610894941489,72.22222222222223,0.3875865702187765,0.998500800104372,0
263,180.85555555555555,0.6500000000000057,0.6916666666666629,0.7138888888889028,0.9105058365758657,72.22222222222223,0.40610797105552027,0.9987737075580871,0
264,181.54722222222222,0.6916666666666629,0.6972222222222229,0.7138888888889028,0.9688715953307151,80.55555555555556,0.3698064324608097,0.9986153512579873,0
265,182.24444444444444,0.6972222222222229,0.7027777777777828,0.7138888888889028,0.9766536964980363,83.33333333333333,0.36951920242929187,0.9970463378240606,0
266,182.94722222222222,0.7027777777777828,0.6972222222222229,0.7138888888889028,0.9844357976653576,72.22222222222223,0.3350566741976393,0.9995617495242733,0
267,183.64444444444445,0.6972222222222229,0.7138888888888744,0.7138888888889028,0.9766536964980363,75.0,0.34882615988428756,0.9997139473842598,0
268,184.35833333333332,0.7138888888888744,0.7138888888889028,0.7138888888889028,0.9999999999999601,72.22222222222223,0.32037684598505534,0.9994946705162266,0
269,185.07222222222222,0.7138888888889028,0.6972222222222229,0.7138888888889028,1.0,75.0,0.3268054705491678,0.999099249333895,0
270,185.76944444444445,0.6972222222222229,0.6666666666666572,0.7138888888889028,0.9766536964980363,72.22222222222223,0.3425135602320209,0.9993358691540364,0
271,186.4361111111111,0.6666666666666572,0.6611111111111256,0.7138888888889028,0.9338521400777896,75.0,0.3901102906542775,0.999208917205886,0
272,187.09722222222223,0.6611111111111256,0.7027777777777828,0.7138888888889028,0.9260700389105082,75.0,0.3975170299888964,0.9996412324412526,0
273,187.8,0.7027777777777828,0.7277777777777601,0.7138888888889028,0.9844357976653576,75.0,0.34138006600047943,0.9998678800840068,0
274,188.52777777777777,0.7277777777777601,0.7277777777777885,0.7138888888889028,1.0194552529182432,77.77777777777777,0.31534349850595955,0.9996213681764563,0
275,189.25555555555556,0.7277777777777885,0.7083333333333428,0.7138888888889028,1.0194552529182832,77.77777777777777,0.3153605348507871,0.9995077925440303,0
276,189.9638888888889,0.7083333333333428,0.7166666666666401,0.7138888888889028,0.9922178988326787,77.77777777777777,0.3407129796963418,0.9990318330138861,0
277,190.68055555555554,0.7166666666666401,0.6944444444444571,0.7138888888889028,1.003891050583601,77.77777777777777,0.3297725530416027,0.9989819170746104,0
278,191.375,0.6944444444444571,0.6944444444444571,0.7138888888889028,0.9727626459143957,80.55555555555556,0.3659478246619659,0.999442701437464,0
279,192.06944444444446,0.6944444444444571,0.6666666666666572,0.7138888888889028,0.9727626459143957,75.0,0.35255953367834153,0.9996673714952833,0
280,192.73611111111111,0.6666666666666572,0.674999999999983,0.7138888888889028,0.9338521400777896,75.0,0.39002583735139457,0.9997719392251054,0
281,193.4111111111111,0.674999999999983,0.700000000000017,0.7138888888889028,0.9455252918287514,75.0,0.3788664006284526,0.999186381991682,0
282,194.11111111111111,0.700000000000017,0.74444444444444,0.7138888888889028,0.9805447470817169,80.55555555555556,0.3585679204415739,0.9990200685037274,0
283,194.85555555555555,0.74444444444444,0.7222222222222285,0.7138888888889028,1.0428015564202069,80.55555555555556,0.3013681580599986,0.9993610492368867,0
284,195.57777777777778,0.7222222222222285,0.7055555555555486,0.7138888888889028,1.0116731517509618,80.55555555555556,0.3293408089802435,0.9989561895832746,0
285,196.28333333333333,0.7055555555555486,0.7055555555555486,0.7138888888889028,0.9883268482489983,77.77777777777777,0.3443728668083103,0.9991691647962198,0
286,196.98888888888888,0.7055555555555486,0.6750000000000114,0.7138888888889028,0.9883268482489983,80.55555555555556,0.3511131910255471,0.9993846850780261,0
287,197.6638888888889,0.6750000000000114,0.6833333333333371,0.7138888888889028,0.9455252918287913,75.0,0.3789213520587306,0.9988200391229054,0
288,198.34722222222223,0.6833333333333371,0.6944444444444287,0.7138888888889028,0.9571984435797533,75.0,0.3676472870838344,0.9989022318910945,0
289,199.04166666666666,0.6944444444444287,0.6861111111111313,0.7138888888889028,0.9727626459143558,75.0,0.35278495756248707,0.9981645456012345,0
290,199.7277777777778,0.6861111111111313,0.6861111111111029,0.7138888888889028,0.9610894941634337,75.0,0.36380065844780196,0.9995424081419585,0
291,200.4138888888889,0.6861111111111029,0.7416666666666742,0.7138888888889028,0.961089494163394,77.77777777777777,0.370407353103307,0.9993773652084708,0
292,201.15555555555557,0.7416666666666742,0.7333333333333201,0.7138888888889028,1.0389105058365662,83.33333333333333,0.3121987256459596,0.9960617015302393,0
293,201.88888888888889,0.7333333333333201,0.7111111111111086,0.7138888888889028,1.0272373540855646,80.55555555555556,0.31521875719925013,0.998720548833303,0
294,202.6,0.7111111111111086,0.6888888888888971,0.7138888888889028,0.9961089494163194,75.0,0.33054908226685215,0.9984733058585736,0
295,203.2888888888889,0.6888888888888971,0.6861111111111029,0.7138888888889028,0.9649805447470744,72.22222222222223,0.3538512197586957,0.998432445847381,0
296,203.975,0.6861111111111029,0.6805555555555713,0.7138888888889028,0.961089494163394,69.44444444444444,0.3516720957229431,0.9970166841539927,0
297,204.65555555555557,0.6805555555555713,0.7027777777777544,0.7138888888889028,0.9533073929961126,75.0,0.37129923977107915,0.9995771412010518,0
298,205.35833333333332,0.7027777777777544,0.6944444444444571,0.7138888888889028,0.9844357976653177,80.55555555555556,0.3549831010739953,0.9982115827604967,0
299,206.05277777777778,0.6944444444444571,0.6999999999999886,0.7138888888889028,0.9727626459143957,77.77777777777777,0.35917700132612634,0.9994305086130091,0
300,206.75277777777777,0.6999999999999886,0.7361111111111143,0.7138888888889028,0.980544747081677,77.77777777777777,0.3517889254018056,0.9990623537057175,0
301,207.48888888888888,0.7361111111111143,0.7583333333333542,0.7138888888889028,1.031128404669245,77.77777777777777,0.3051164580209895,0.9977252065234486,0
302,208.24722222222223,0.7583333333333542,0.7111111111111086,0.7138888888889028,1.0622568093385298,75.0,0.27149781492475605,0.9992384894240818,0
303,208.95833333333334,0.7111111111111086,0.669444444444423,0.7138888888889028,0.9961089494163194,72.22222222222223,0.32401395199445776,0.9995787650958686,0
304,209.62777777777777,0.669444444444423,0.6805555555555713,0.7138888888889028,0.9377431906614303,75.0,0.3862952552494277,0.9996747762569536,0
305,210.30833333333334,0.6805555555555713,0.6722222222222172,0.7138888888889028,0.9533073929961126,75.0,0.37135553126888005,0.9992018645490457,0
306,210.98055555555555,0.6722222222222172,0.6999999999999886,0.7138888888889028,0.9416342412451107,75.0,0.38257336676907294,0.9994903385372564,0
307,211.68055555555554,0.6999999999999886,0.7138888888889028,0.7138888888889028,0.980544747081677,75.0,0.34514164433872957,0.9994979726899333,0
308,212.39444444444445,0.7138888888889028,0.7305555555555543,0.7138888888889028,1.0,77.77777777777777,0.3333270130200307,0.9995018876311004,0
309,213.125,0.7305555555555543,0.7194444444444343,0.7138888888889028,1.023346303501924,75.0,0.3052134518364623,0.999753114057131,0
310,213.84444444444443,0.7194444444444343,0.7527777777777942,0.7138888888889028,1.0077821011672814,77.77777777777777,0.32614370427604394,0.9990811158104922,0
311,214.59722222222223,0.7527777777777942,0.7083333333333144,0.7138888888889028,1.0544747081712087,83.33333333333333,0.2985726208197734,0.9974914108934061,0
312,215.30555555555554,0.7083333333333144,0.6750000000000114,0.7138888888889028,0.992217898832639,75.0,0.33409014678486787,0.9993044643210045,0
313,215.98055555555555,0.6750000000000114,0.6833333333333371,0.7138888888889028,0.9455252918287913,69.44444444444444,0.3665970933982395,0.9975989547055661,0
314,216.6638888888889,0.6833333333333371,0.6888888888888971,0.7138888888889028,0.9571984435797533,75.0,0.36751983686020656,0.999751900048613,0
315,217.3527777777778,0.6888888888888971,0.7166666666666686,0.7138888888889028,0.9649805447470744,75.0,0.3600090155780465,0.9998425496303764,0
316,218.06944444444446,0.7166666666666686,0.7361111111110858,0.7138888888889028,1.0038910505836407,77.77777777777777,0.3297852343889393,0.9988973747587857,0
317,218.80555555555554,0.7361111111110858,0.7250000000000227,0.7138888888889028,1.0311284046692053,75.0,0.29832930734844537,0.9990932895710212,0
318,219.53055555555557,0.7250000000000227,0.7111111111111086,0.7138888888889028,1.0155642023346425,77.77777777777777,0.31896373347632123,0.999162772921937,0
319,220.24166666666667,0.7111111111111086,0.7305555555555543,0.7138888888889028,0.9961089494163194,77.77777777777777,0.3369903014290657,0.9994114328801076,0
320,220.97222222222223,0.7305555555555543,0.7027777777777828,0.7138888888889028,1.023346303501924,77.77777777777777,0.3118323310803805,0.9995068405339674,0
321,221.675,0.7027777777777828,0.6805555555555429,0.7138888888889028,0.9844357976653576,75.0,0.34153456772293955,0.9988378686009394,0
322,222.35555555555555,0.6805555555555429,0.6694444444444514,0.7138888888889028,0.9533073929960727,69.44444444444444,0.3591449162363633,0.9972231559454667,0
323,223.025,0.6694444444444514,0.6944444444444287,0.7138888888889028,0.93774319066147,72.22222222222223,0.3799802554376327,0.9993126990899976,0
324,223.71944444444443,0.6944444444444287,0.7138888888889028,0.7138888888889028,0.9727626459143558,72.22222222222223,0.3463909311380799,0.998329312518615,0
325,224.43333333333334,0.7138888888889028,0.74444444444444,0.7138888888889028,1.0,80.55555555555556,0.34011491467550276,0.9994002249913387,0
326,225.17777777777778,0.74444444444444,0.7194444444444343,0.7138888888889028,1.0428015564202069,80.55555555555556,0.3016346255295888,0.9975845994396187,0
327,225.8972222222222,0.7194444444444343,0.705555555555577,0.7138888888889028,1.0077821011672814,80.55555555555556,0.3329635988727544,0.998766166895808,0
328,226.6027777777778,0.705555555555577,0.7138888888888744,0.7138888888889028,0.988326848249038,77.77777777777777,0.34432821839310507,0.9994668208973371,0
329,227.31666666666666,0.7138888888888744,0.7055555555555486,0.7138888888889028,0.9999999999999601,77.77777777777777,0.33336269730276863,0.9992639924130962,0
330,228.0222222222222,0.7055555555555486,0.6833333333333371,0.7138888888889028,0.9883268482489983,72.22222222222223,0.33141198021208623,0.9992334114227552,0
331,228.70555555555555,0.6833333333333371,0.6722222222222172,0.7138888888889028,0.9571984435797533,72.22222222222223,0.36117537797093907,0.9995862167317291,0
332,229.37777777777777,0.6722222222222172,0.700000000000017,0.7138888888889028,0.9416342412451107,72.22222222222223,0.3763238705669231,0.9986915706395882,0
333,230.07777777777778,0.700000000000017,0.7111111111111086,0.7138888888889028,0.9805447470817169,80.55555555555556,0.3585408420426518,0.999200591163208,0
334,230.7888888888889,0.7111111111111086,0.7472222222222058,0.7138888888889028,0.9961089494163194,83.33333333333333,0.3513185184200264,0.9952964055772413,0
335,231.5361111111111,0.7472222222222058,0.7277777777777885,0.7138888888889028,1.0466926070038476,80.55555555555556,0.2984058218524856,0.9966546315509899,0
336,232.26388888888889,0.7277777777777885,0.7027777777777828,0.7138888888889028,1.0194552529182832,77.77777777777777,0.3153293589853335,0.9997156316470546,0
337,232.96666666666667,0.7027777777777828,0.6944444444444287,0.7138888888889028,0.9844357976653576,69.44444444444444,0.32911608390549973,0.9982449518965915,0
338,233.6611111111111,0.6944444444444287,0.7194444444444628,0.7138888888889028,0.9727626459143558,77.77777777777777,0.359141541843965,0.9996669051610059,0
339,234.38055555555556,0.7194444444444628,0.6777777777777771,0.7138888888889028,1.0077821011673211,75.0,0.31945461951347387,0.999795426124423,0
340,235.05833333333334,0.6777777777777771,1.3666666666666742,0.7138888888889028,0.949416342412432,77.77777777777777,0.3817035401479962,0.9991239164602246,0
341,236.425,1.3666666666666742,0.7055555555555486,0.7138888888889028,1.9143968871595065,80.55555555555556,0.1138134938721937,0.9973337908132565,0
342,237.13055555555556,0.7055555555555486,0.7472222222222058,0.7138888888889028,0.9883268482489983,75.0,0.33769304678740325,0.9998217101659754,0
343,237.87777777777777,0.7472222222222058,0.7194444444444628,0.7138888888889028,1.0466926070038476,83.33333333333333,0.30529143414862053,0.9970059538169105,0
344,238.59722222222223,0.7194444444444628,0.6861111111111029,0.7138888888889028,1.0077821011673211,75.0,0.3194903753052348,0.9995570541793504,0
345,239.28333333333333,0.6861111111111029,0.6611111111111256,0.7138888888889028,0.961089494163394,75.0,0.3639944229861469,0.9982506445532471,0
346,239.94444444444446,0.6611111111111256,0.6888888888888687,0.7138888888889028,0.9260700389105082,75.0,0.3975591557471373,0.9993603940529798,0
347,240.63333333333333,0.6888888888888687,0.6583333333333314,0.7138888888889028,0.9649805447470347,77.77777777777777,0.36665785518042643,0.9993965403843894,0
348,241.29166666666666,0.6583333333333314,0.6583333333333314,0.7138888888889028,0.9221789883268277,77.77777777777777,0.40819005574831746,0.9971918933786695,0
349,241.95,0.6583333333333314,0.6666666666666856,0.7138888888889028,0.9221789883268277,75.0,0.40131319659417647,0.9991580329699852,0
350,242.61666666666667,0.6666666666666856,0.6916666666666629,0.7138888888889028,0.9338521400778294,77.77777777777777,0.39677174009589866,0.9986788423644473,0
351,243.30833333333334,0.6916666666666629,0.6916666666666629,0.7138888888889028,0.9688715953307151,75.0,0.35629231409979156,0.9996788704984316,0
352,244.0,0.6916666666666629,0.6777777777777771,0.7138888888889028,0.9688715953307151,80.55555555555556,0.3697359032472803,0.9990855460148498,0
353,244.67777777777778,0.6777777777777771,0.6555555555555657,0.7138888888889028,0.949416342412432,83.33333333333333,0.39570809240244226,0.9971666540674561,0
354,245.33333333333334,0.6555555555555657,0.6361111111110915,0.7138888888889028,0.918287937743187,75.0,0.4049780285888844,0.9994845284324372,0
355,245.96944444444443,0.6361111111110915,0.6277777777777942,0.7138888888889028,0.8910505836575427,75.0,0.4305918952592597,0.9994573416461839,0
356,246.59722222222223,0.6277777777777942,0.6777777777777771,0.7138888888889028,0.8793774319066207,77.77777777777777,0.44798529147853355,0.9987125591762589,0
357,247.275,0.6777777777777771,0.6527777777777715,0.7138888888889028,0.949416342412432,77.77777777777777,0.3816560965180077,0.9994402073268146,0
358,247.92777777777778,0.6527777777777715,0.6555555555555657,0.7138888888889028,0.9143968871595064,80.55555555555556,0.4220687585622422,0.9992608427163767,0
359,248.58333333333334,0.6555555555555657,0.669444444444423,0.7138888888889028,0.918287937743187,80.55555555555556,0.4184380536440864,0.9987816312307665,0
360,249.25277777777777,0.669444444444423,0.6888888888888971,0.7138888888889028,0.9377431906614303,80.55555555555556,0.39996758950040856,0.9975564844167575,0
361,249.94166666666666,0.6888888888888971,0.6944444444444571,0.7138888888889028,0.9649805447470744,77.77777777777777,0.3666306047478917,0.9995782099343657,0
362,250.63611111111112,0.6944444444444571,0.6916666666666629,0.7138888888889028,0.9727626459143957,77.77777777777777,0.35921173764885195,0.9991989331281717,0
363,251.32777777777778,0.6916666666666629,0.63611111111112,0.7138888888889028,0.9688715953307151,75.0,0.35628052507576957,0.9997574639919113,0
364,251.9638888888889,0.63611111111112,0.6305555555555316,0.7138888888889028,0.8910505836575826,75.0,0.4306531742175491,0.9990488152573425,0
365,252.59444444444443,0.6305555555555316,0.6666666666666856,0.7138888888889028,0.8832684824902216,75.0,0.4378382636512584,0.9988489499918006,0
366,253.26111111111112,0.6666666666666856,0.6916666666666629,0.7138888888889028,0.9338521400778294,77.77777777777777,0.39664644431130713,0.9995141475950574,0
367,253.95277777777778,0.6916666666666629,0.6916666666666629,0.7138888888889028,0.9688715953307151,72.22222222222223,0.34994561393488305,0.9995281290191544,0
368,254.64444444444445,0.6916666666666629,0.6861111111111029,0.7138888888889028,0.9688715953307151,75.0,0.3563115659514716,0.9995505248205643,0
369,255.33055555555555,0.6861111111111029,0.7027777777778113,0.7138888888889028,0.961089494163394,77.77777777777777,0.3704244097811025,0.9992636540231676,0
370,256.03333333333336,0.7027777777778113,0.6972222222221944,0.7138888888889028,0.9844357976653973,80.55555555555556,0.355081907078479,0.9975528760634345,0
371,256.73055555555555,0.6972222222221944,0.6999999999999886,0.7138888888889028,0.9766536964979965,83.33333333333333,0.3696352360634051,0.9962727802635598,0
372,257.43055555555554,0.6999999999999886,0.6805555555555429,0.7138888888889028,0.980544747081677,75.0,0.34520412202392387,0.999081454788638,0
373,258.1111111111111,0.6805555555555429,0.6638888888888914,0.7138888888889028,0.9533073929960727,72.22222222222223,0.36508024227126984,0.9985750486213694,0
374,258.775,0.6638888888888914,0.6805555555555998,0.7138888888889028,0.9299610894941489,72.22222222222223,0.3876103849005348,0.9983420355593169,0
375,259.4555555555556,0.6805555555555998,0.73888888888888,0.7138888888889028,0.9533073929961523,75.0,0.37139294788249944,0.9989524204579939,0
376,260.19444444444446,0.73888888888888,0.7277777777777601,0.7138888888889028,1.0350194552528857,77.77777777777777,0.3015451561503894,0.9985157834578537,0
377,260.9222222222222,0.7277777777777601,0.7138888888889028,0.7138888888889028,1.0194552529182432,80.55555555555556,0.3221386671718587,0.9994712588005141,0
378,261.6361111111111,0.7138888888889028,0.7361111111110858,0.7138888888889028,1.0,77.77777777777777,0.3334857615870574,0.9984435638509226,0
379,262.3722222222222,0.7361111111110858,0.716666666666697,0.7138888888889028,1.0311284046692053,80.55555555555556,0.3117843568176385,0.9984235629427434,0
380,263.0888888888889,0.716666666666697,0.7138888888889028,0.7138888888889028,1.0038910505836804,77.77777777777777,0.3296450120630639,0.9998321902643754,0
381,263.8027777777778,0.7138888888889028,0.702777777777726,0.7138888888889028,1.0,72.22222222222223,0.32034302087790784,0.9997201712302941,0
382,264.50555555555553,0.702777777777726,0.6972222222222513,0.7138888888889028,0.9844357976652779,72.22222222222223,0.3351000734669671,0.9992724210625938,0
383,265.2027777777778,0.6972222222222513,0.6999999999999886,0.7138888888889028,0.9766536964980762,72.22222222222223,0.34258047938185027,0.9988897414882536,0
384,265.90277777777777,0.6999999999999886,0.7722222222222399,0.7138888888889028,0.980544747081677,77.77777777777777,0.3516804076692054,0.9997858052563855,0
385,266.675,0.7722222222222399,0.7555555555555316,0.7138888888889028,1.081712062256813,80.55555555555556,0.2692485978971167,0.9985263132428639,0
386,267.43055555555554,0.7555555555555316,0.7333333333333485,0.7138888888889028,1.0583657587548096,80.55555555555556,0.2881685443023532,0.9987560336456183,0
387,268.1638888888889,0.7333333333333485,0.7361111111110858,0.7138888888889028,1.0272373540856043,80.55555555555556,0.3151341540935363,0.9992845695378244,0
388,268.9,0.7361111111110858,0.7138888888889028,0.7138888888889028,1.0311284046692053,80.55555555555556,0.311659930649538,0.9992530707300802,0
389,269.6138888888889,0.7138888888889028,0.716666666666697,0.7138888888889028,1.0,75.0,0.32668120038061216,0.9999277171242662,0
390,270.3305555555556,0.716666666666697,0.7111111111111086,0.7138888888889028,1.0038910505836804,72.22222222222223,0.3167400243718038,0.9995237775244838,0
391,271.0416666666667,0.7111111111111086,0.7111111111111086,0.7138888888889028,0.9961089494163194,72.22222222222223,0.324069196019364,0.9992104715964936,0
392,271.7527777777778,0.7111111111111086,0.7194444444444343,0.7138888888889028,0.9961089494163194,72.22222222222223,0.32418893958594425,0.9984121811526253,0
393,272.47222222222223,0.7194444444444343,0.783333333333303,0.7138888888889028,1.0077821011672814,77.77777777777777,0.3261378421391802,0.9991201967229176,0
394,273.25555555555553,0.783333333333303,0.7555555555555884,0.7138888888889028,1.0972762645913758,80.55555555555556,0.2573496171486949,0.998356480955974,0
395,274.0111111111111,0.7555555555555884,0.7138888888889028,0.7138888888889028,1.0583657587548891,80.55555555555556,0.28823938161352963,0.998283784903998,0
396,274.725,0.7138888888889028,0.7111111111111086,0.7138888888889028,1.0,80.55555555555556,0.3400753426963987,0.9996640381853656,0
397,275.43611111111113,0.7111111111111086,0.6916666666666629,0.7138888888889028,0.9961089494163194,75.0,0.3303501479053921,0.9997995349349741,0
398,276.1277777777778,0.6916666666666629,0.7166666666666401,0.7138888888889028,0.9688715953307151,75.0,0.35634089227643906,0.999355015987448,0
399,276.84444444444443,0.7166666666666401,0.705555555555577,0.7138888888889028,1.003891050583601,77.77777777777777,0.32974432920872015,0.999170075960494,0
400,277.55,0.705555555555577,0.7166666666666401,0.7138888888889028,0.988326848249038,72.22222222222223,0.33141717257528086,0.9991987956678728,0
401,278.26666666666665,0.7166666666666401,0.7333333333333485,0.7138888888889028,1.003891050583601,75.0,0.32311102822477006,0.9995124944172036,0
402,279.0,0.7333333333333485,0.7805555555555657,0.7138888888889028,1.0272373540856043,77.77777777777777,0.3084669508071702,0.9985815763835466,0
403,279.78055555555557,0.7805555555555657,0.7249999999999659,0.7138888888889028,1.0933852140077749,80.55555555555556,0.26011105950326013,0.9994502808480914,0
404,280.50555555555553,0.7249999999999659,0.6972222222222513,0.7138888888889028,1.0155642023345628,77.77777777777777,0.31897560619493187,0.9990836214650196,0
405,281.2027777777778,0.6972222222222513,0.6916666666666629,0.7138888888889028,0.9766536964980762,77.77777777777777,0.3555935920728534,0.9984773208965242,0
406,281.89444444444445,0.6916666666666629,0.6777777777777487,0.7138888888889028,0.9688715953307151,77.77777777777777,0.36296719264251615,0.9990592683165589,0
407,282.5722222222222,0.6777777777777487,0.7027777777777828,0.7138888888889028,0.9494163424123921,75.0,0.3750070220132661,0.9998877825890573,0
408,283.275,0.7027777777777828,0.7111111111111086,0.7138888888889028,0.9844357976653576,75.0,0.34142347164207115,0.9995785091400621,0
409,283.9861111111111,0.7111111111111086,0.7138888888889028,0.7138888888889028,0.9961089494163194,77.77777777777777,0.3369567436369484,0.9996351514942231,0
410,284.7,0.7138888888889028,0.7194444444444343,0.7138888888889028,1.0,77.77777777777777,0.33330880446614247,0.9996232779903551,0
411,285.4194444444444,0.7194444444444343,0.7555555555555884,0.7138888888889028,1.0077821011672814,80.55555555555556,0.3330070658285385,0.9984763871905804,0
412,286.175,0.7555555555555884,0.7222222222222285,0.7138888888889028,1.0583657587548891,83.33333333333333,0.295366178242278,0.9970272116191623,0
413,286.89722222222224,0.7222222222222285,0.6861111111110745,0.7138888888889028,1.0116731517509618,77.77777777777777,0.32244421310857097,0.9997824803310396,0
414,287.5833333333333,0.6861111111110745,0.6916666666666629,0.7138888888889028,0.9610894941633541,72.22222222222223,0.3574964862752534,0.9991081467141265,0
415,288.275,0.6916666666666629,0.6861111111111313,0.7138888888889028,0.9688715953307151,77.77777777777777,0.3628798193916344,0.9996417566557705,0
416,288.9611111111111,0.6861111111111313,0.7083333333333144,0.7138888888889028,0.9610894941634337,72.22222222222223,0.3575833138646783,0.9985292961174492,0
417,289.6694444444444,0.7083333333333144,0.7138888888889028,0.7138888888889028,0.992217898832639,75.0,0.3340111896680891,0.9998308450995295,0
418,290.3833333333333,0.7138888888889028,0.7722222222222399,0.7138888888889028,1.0,52.77777777777778,0.29070107363345665,0.947355992428563,0
419,291.15555555555557,0.7722222222222399,0.7194444444444343,0.7138888888889028,1.081712062256813,83.33333333333333,0.2763282027551306,0.9975843517629248,0
420,291.875,0.7194444444444343,0.75,0.7138888888889028,1.0077821011672814,80.55555555555556,0.3331435806952244,0.9975662880793413,0
421,292.625,0.75,0.7222222222222285,0.7138888888889028,1.0505836575875283,80.55555555555556,0.2950036239786969,0.9970801188875844,0
422,293.34722222222223,0.7222222222222285,0.6888888888888687,0.7138888888889028,1.0116731517509618,75.0,0.3159935834347514,0.9989070900535452,0
423,294.0361111111111,0.6888888888888687,0.6777777777778056,0.7138888888889028,0.9649805447470347,69.44444444444444,0.3478039375347062,0.9978269277656198,0
424,294.7138888888889,0.6777777777778056,0.6972222222221944,0.7138888888889028,0.9494163424124719,75.0,0.37509961520995655,0.9992704946106078,0
425,295.4111111111111,0.6972222222221944,0.7111111111111086,0.7138888888889028,0.9766536964979965,75.0,0.3489382559037613,0.998966640588022,0
426,296.1222222222222,0.7111111111111086,0.7416666666666742,0.7138888888889028,0.9961089494163194,77.77777777777777,0.33709918703844943,0.9986855288175494,0
427,296.8638888888889,0.7416666666666742,0.73888888888888,0.7138888888889028,1.0389105058365662,83.33333333333333,0.3121042672989148,0.9966914238438711,0
428,297.60277777777776,0.73888888888888,0.7194444444444343,0.7138888888889028,1.0350194552528857,83.33333333333333,0.3152061687376416,0.9988487855130446,0
429,298.3222222222222,0.7194444444444343,0.7222222222222285,0.7138888888889028,1.0077821011672814,75.0,0.3195916382546142,0.9988819678503997,0
430,299.0444444444444,0.7222222222222285,0.7305555555555543,0.7138888888889028,1.0116731517509618,80.55555555555556,0.32929351042934746,0.9992715132559147,0
431,299.775,0.7305555555555543,0.6944444444444571,0.7138888888889028,1.023346303501924,72.22222222222223,0.29905223501876216,0.998365816929798,0
432,300.46944444444443,0.6944444444444571,0.6750000000000114,0.7138888888889028,0.9727626459143957,72.22222222222223,0.34633028491433726,0.9987336206766446,0
433,301.14444444444445,0.6750000000000114,0.7138888888889028,0.7138888888889028,0.9455252918287913,72.22222222222223,0.3725534982369886,0.9988103220225186,0
434,301.85833333333335,0.7138888888889028,0.7305555555555543,0.7138888888889028,1.0,77.77777777777777,0.3333897922550454,0.999083359397669,0
435,302.5888888888889,0.7305555555555543,0.7527777777777374,0.7138888888889028,1.023346303501924,80.55555555555556,0.31888144872299745,0.9976637379799064,0
436,303.34166666666664,0.7527777777777374,0.7444444444444684,0.7138888888889028,1.054474708171129,80.55555555555556,0.2914402762754704,0.998784970282389,0
437,304.0861111111111,0.7444444444444684,0.7277777777777601,0.7138888888889028,1.0428015564202469,80.55555555555556,0.3013969205082614,0.9991692995815701,0
438,304.81388888888887,0.7277777777777601,0.7138888888889028,0.7138888888889028,1.0194552529182432,75.0,0.3088398755436365,0.9990992664889854,0
439,305.52777777777777,0.7138888888889028,0.7194444444444343,0.7138888888889028,1.0,77.77777777777777,0.33332509428107304,0.9995146792241516,0
440,306.2472222222222,0.7194444444444343,0.6916666666666629,0.7138888888889028,1.0077821011672814,69.44444444444444,0.3073830780962471,0.9968895600855667,0
441,306.93888888888887,0.6916666666666629,0.6833333333333371,0.7138888888889028,0.9688715953307151,72.22222222222223,0.3499450643456484,0.999531792947385,0
442,307.6222222222222,0.6833333333333371,0.7138888888889028,0.7138888888889028,0.9571984435797533,75.0,0.36750083223287344,0.9998785975641671,0
443,308.3361111111111,0.7138888888889028,0.7277777777777601,0.7138888888889028,1.0,77.77777777777777,0.33338028284479654,0.999146755465995,0
444,309.06388888888887,0.7277777777777601,0.7583333333333258,0.7138888888889028,1.0194552529182432,80.55555555555556,0.32238557489513736,0.9978252073119895,0
445,309.8222222222222,0.7583333333333258,0.7388888888889369,0.7138888888889028,1.06225680933849,80.55555555555556,0.2848750124035378,0.9990877760654333,0
446,310.56111111111113,0.7388888888889369,0.7083333333333144,0.7138888888889028,1.0350194552529655,75.0,0.29477304543824434,0.9997836001020596,0
447,311.26944444444445,0.7083333333333144,0.6972222222221944,0.7138888888889028,0.992217898832639,72.22222222222223,0.3278279827075974,0.9985901489241404,0
448,311.96666666666664,0.6972222222221944,0.7277777777778169,0.7138888888889028,0.9766536964979965,75.0,0.34892754121545044,0.999038071843428,0
449,312.69444444444446,0.7277777777778169,0.6972222222221944,0.7138888888889028,1.019455252918323,75.0,0.30872237467361147,0.9998826056220023,0
450,313.39166666666665,0.6972222222221944,0.7027777777777828,0.7138888888889028,0.9766536964979965,77.77777777777777,0.35540535343965907,0.9997322451183283,0
451,314.09444444444443,0.7027777777777828,0.7361111111111427,0.7138888888889028,0.9844357976653576,77.77777777777777,0.3480951738429399,0.9989800825705615,0
452,314.8305555555556,0.7361111111111427,0.7416666666666174,0.7138888888889028,1.0311284046692848,77.77777777777777,0.30504566684368994,0.9981971477052102,0
453,315.5722222222222,0.7416666666666174,0.7638888888889142,0.7138888888889028,1.0389105058364867,77.77777777777777,0.29804896704387274,0.9989870062410773,0
454,316.3361111111111,0.7638888888889142,0.7361111111110858,0.7138888888889028,1.0700389105058512,77.77777777777777,0.27169857914643347,0.9991942422725415,0
455,317.0722222222222,0.7361111111110858,0.6972222222222513,0.7138888888889028,1.0311284046692053,72.22222222222223,0.2918851201559735,0.9995924616088332,0
456,317.76944444444445,0.6972222222222513,0.6805555555555429,0.7138888888889028,0.9766536964980762,66.66666666666667,0.3310127895038218,0.9958085068391476,0
457,318.45,0.6805555555555429,0.7333333333333485,0.7138888888889028,0.9533073929960727,72.22222222222223,0.36498995682933744,0.9991769515675853,0
458,319.18333333333334,0.7333333333333485,0.705555555555577,0.7138888888889028,1.0272373540856043,77.77777777777777,0.3083820281703473,0.9991477272956988,0
459,319.8888888888889,0.705555555555577,0.7083333333333144,0.7138888888889028,0.988326848249038,75.0,0.33782362466473054,0.9989511909835428,0
460,320.59722222222223,0.7083333333333144,0.7444444444444116,0.7138888888889028,0.992217898832639,77.77777777777777,0.3407044027503185,0.9990890126542917,0
461,321.34166666666664,0.7444444444444116,0.7361111111111427,0.7138888888889028,1.0428015564201671,80.55555555555556,0.3014657290601625,0.9987105759026911,0
462,322.0777777777778,0.7361111111111427,0.7444444444444116,0.7138888888889028,1.0311284046692848,77.77777777777777,0.30487138044828604,0.9993590570079028,0
463,322.8222222222222,0.7444444444444116,0.7305555555556111,0.7138888888889028,1.0428015564201671,75.0,0.2879526785842521,0.9997669759090837,0
464,323.5527777777778,0.7305555555556111,0.6972222222221944,0.7138888888889028,1.0233463035020034,69.44444444444444,0.2929378297774324,0.9982077856295719,0
465,324.25,0.6972222222221944,0.6750000000000114,0.7138888888889028,0.9766536964979965,69.44444444444444,0.3368025152564817,0.9964887694159394,0
466,324.925,0.6750000000000114,0.7416666666666742,0.7138888888889028,0.9455252918287913,75.0,0.37879207203655846,0.9996819059373865,0
467,325.6666666666667,0.7416666666666742,0.7222222222222285,0.7138888888889028,1.0389105058365662,80.55555555555556,0.30471665382998614,0.9996867760632421,0
468,326.3888888888889,0.7222222222222285,0.7222222222221717,0.7138888888889028,1.0116731517509618,77.77777777777777,0.32256177920081863,0.9989987063827217,0
469,327.1111111111111,0.7222222222221717,0.7388888888889369,0.7138888888889028,1.0116731517508823,77.77777777777777,0.3224726368457265,0.9995929887504904,0
470,327.85,0.7388888888889369,0.7249999999999659,0.7138888888889028,1.0350194552529655,80.55555555555556,0.3082613163342738,0.9988923972948733,0
471,328.575,0.7249999999999659,0.7138888888889028,0.7138888888889028,1.0155642023345628,80.55555555555556,0.32587123063179757,0.9982638069493002,0
472,329.2888888888889,0.7138888888889028,0.6944444444444571,0.7138888888889028,1.0,77.77777777777777,0.334594048677953,0.9910549832449516,0
473,329.98333333333335,0.6944444444444571,0.669444444444423,0.7138888888889028,0.9727626459143957,72.22222222222223,0.3465730207330408,0.9971153818852876,0
474,330.65277777777777,0.669444444444423,0.6583333333333599,0.7138888888889028,0.9377431906614303,72.22222222222223,0.38060244216102823,0.9951647876009493,0
475,331.31111111111113,0.6583333333333599,0.7194444444444343,0.7138888888889028,0.9221789883268675,75.0,0.40223359739758796,0.9930220276136545,0
476,332.03055555555557,0.7194444444444343,0.7055555555555202,0.7138888888889028,1.0077821011672814,80.55555555555556,0.3337165965421326,0.9937461824332865,0
477,332.7361111111111,0.7055555555555202,0.705555555555577,0.7138888888889028,0.9883268482489584,80.55555555555556,0.3525076684199911,0.9900881691153183,0
478,333.44166666666666,0.705555555555577,0.6999999999999886,0.7138888888889028,0.988326848249038,75.0,0.3384946276771114,0.99447783756767,0
479,334.14166666666665,0.6999999999999886,0.6805555555555429,0.7138888888889028,0.980544747081677,72.22222222222223,0.33934267321502565,0.9956957042692919,0
480,334.8222222222222,0.6805555555555429,0.6777777777778056,0.7138888888889028,0.9533073929960727,75.0,0.3718738503182023,0.9957464042204869,0
481,335.5,0.6777777777778056,0.6499999999999773,0.7138888888889028,0.9494163424124719,77.77777777777777,0.381862594782948,0.998063552226956,0
482,336.15,0.6499999999999773,0.625,0.7138888888889028,0.910505836575826,80.55555555555556,0.42646228794715885,0.9945709406924241,0
483,336.775,0.625,0.6333333333333826,0.7138888888889028,0.8754863813229402,77.77777777777777,0.4523772299949027,0.9929076707385999,0
484,337.40833333333336,0.6333333333333826,0.6416666666666515,0.7138888888889028,0.8871595330739817,75.0,0.4348030058340292,0.9953042887685755,0
485,338.05,0.6416666666666515,0.7055555555555202,0.7138888888889028,0.898832684824864,83.33333333333333,0.4451980884487554,0.9891338925798627,0
486,338.75555555555553,0.7055555555555202,1.3222222222222513,0.7138888888889028,0.9883268482489584,83.33333333333333,0.35981682604321796,0.9876158558672927,0
487,340.0777777777778,1.3222222222222513,0.6444444444444457,0.7138888888889028,1.8521400778210164,83.33333333333333,0.12205607043364115,0.9909428612694764,0
488,340.72222222222223,0.6444444444444457,0.6388888888888573,0.7138888888889028,0.9027237354085446,80.55555555555556,0.4333560514316419,0.9975275977488411,0
489,341.3611111111111,0.6388888888888573,0.6305555555555884,0.7138888888889028,0.8949416342411834,75.0,0.42735442825202574,0.9969858646717891,0
490,341.9916666666667,0.6305555555555884,0.6527777777777715,0.7138888888889028,0.8832684824903012,77.77777777777777,0.444740932816888,0.9967107436567426,0
491,342.64444444444445,0.6527777777777715,0.6166666666666742,0.7138888888889028,0.9143968871595064,80.55555555555556,0.42267530089718136,0.9952172271501158,0
492,343.2611111111111,0.6166666666666742,0.625,0.7138888888889028,0.8638132295719783,80.55555555555556,0.46878371043888634,0.99809913634124,0
493,343.8861111111111,0.625,0.6555555555555657,0.7138888888889028,0.8754863813229402,83.33333333333333,0.4653408847255736,0.9978897251709995,0
494,344.5416666666667,0.6555555555555657,0.7027777777777828,0.7138888888889028,0.918287937743187,86.11111111111111,0.43326281769344654,0.993379070171169,0
495,345.24444444444447,0.7027777777777828,0.6611111111110972,0.7138888888889028,0.9844357976653576,88.88888888888889,0.37684668538807403,0.9937734349371665,0
496,345.90555555555557,0.6611111111110972,0.6416666666666515,0.7138888888889028,0.9260700389104684,88.88888888888889,0.4333658860998621,0.9909985424721932,0
497,346.5472222222222,0.6416666666666515,0.6472222222222399,0.7138888888889028,0.898832684824864,83.33333333333333,0.44427491605065533,0.9952883752338633,0
498,347.19444444444446,0.6472222222222399,0.63611111111112,0.7138888888889028,0.906614785992225,80.55555555555556,0.42979611572894566,0.9968534014669812,0
499,347.8305555555556,0.63611111111112,0.6444444444444457,0.7138888888889028,0.8910505836575826,72.22222222222223,0.4243633928549934,0.998518615095713,0
500,348.475,0.6444444444444457,0.6527777777777715,0.7138888888889028,0.9027237354085446,72.22222222222223,0.41349828745177714,0.9984200118695963,0
501,349.1277777777778,0.6527777777777715,0.6388888888888573,0.7138888888889028,0.9143968871595064,77.77777777777777,0.41528935853673477,0.9993058278230409,0
502,349.76666666666665,0.6388888888888573,0.6500000000000341,0.7138888888889028,0.8949416342411834,77.77777777777777,0.43372490972899125,0.9983955762616434,0
503,350.4166666666667,0.6500000000000341,0.6833333333333371,0.7138888888889028,0.9105058365759056,80.55555555555556,0.42586275546500557,0.9985678239062772,0
504,351.1,0.6833333333333371,0.7055555555555202,0.7138888888889028,0.9571984435797533,83.33333333333333,0.38815378825955915,0.9974782314594257,0
505,351.80555555555554,0.7055555555555202,0.6694444444444798,0.7138888888889028,0.9883268482489584,80.55555555555556,0.3512578794746375,0.9984200954176757,0
506,352.475,0.6694444444444798,0.6361111111110631,0.7138888888889028,0.9377431906615099,80.55555555555556,0.3997442155254677,0.9990456442491853,0
507,353.1111111111111,0.6361111111110631,0.6444444444444457,0.7138888888889028,0.891050583657503,77.77777777777777,0.43715985512924294,0.9995505306161651,0
508,353.75555555555553,0.6444444444444457,0.6305555555555884,0.7138888888889028,0.9027237354085446,75.0,0.4196510417123231,0.9998637260446235,0
509,354.3861111111111,0.6305555555555884,0.6555555555555657,0.7138888888889028,0.8832684824903012,75.0,0.4377842365279137,0.9992091308136133,0
510,355.0416666666667,0.6555555555555657,0.669444444444423,0.7138888888889028,0.918287937743187,75.0,0.40507020329275134,0.9988700304066571,0
511,355.7111111111111,0.669444444444423,0.6638888888888914,0.7138888888889028,0.9377431906614303,75.0,0.38631370508389573,0.9995517773604997,0
512,356.375,0.6638888888888914,0.6722222222222172,0.7138888888889028,0.9299610894941489,77.77777777777777,0.40043258307719165,0.999202378396563,0
513,357.0472222222222,0.6722222222222172,0.7083333333333144,0.7138888888889028,0.9416342412451107,80.55555555555556,0.3960740055546791,0.998516683132892,0
514,357.75555555555553,0.7083333333333144,0.7083333333333712,0.7138888888889028,0.992217898832639,80.55555555555556,0.34760989283276655,0.9982034271680231,0
515,358.4638888888889,0.7083333333333712,0.6833333333333371,0.7138888888889028,0.9922178988327186,75.0,0.33401458794629213,0.9998081899110083,0
516,359.14722222222224,0.6833333333333371,0.6416666666666515,0.7138888888889028,0.9571984435797533,75.0,0.3675880289813305,0.9992972859077869,0
517,359.7888888888889,0.6416666666666515,0.6527777777777715,0.7138888888889028,0.898832684824864,72.22222222222223,0.41709693527612623,0.9987268304122267,0
518,360.44166666666666,0.6527777777777715,0.6499999999999773,0.7138888888889028,0.9143968871595064,75.0,0.4086678226107699,0.999569812559849,0
519,361.09166666666664,0.6499999999999773,0.6833333333333371,0.7138888888889028,0.910505836575826,77.77777777777777,0.41901909044197844,0.9990412423302415,0
520,361.775,0.6833333333333371,0.6916666666666629,0.7138888888889028,0.9571984435797533,77.77777777777777,0.3741275251900317,0.9995802326194034,0
521,362.46666666666664,0.6916666666666629,0.7027777777777828,0.7138888888889028,0.9688715953307151,75.0,0.3562701135184501,0.999826874374041,0
522,363.1694444444444,0.7027777777777828,0.6972222222222513,0.7138888888889028,0.9844357976653576,77.77777777777777,0.3480498417307663,0.999282296651719,0
523,363.8666666666667,0.6972222222222513,0.7305555555555543,0.7138888888889028,0.9766536964980762,80.55555555555556,0.3623811765083938,0.9983777730563068,0
524,364.59722222222223,0.7305555555555543,0.6944444444444571,0.7138888888889028,1.023346303501924,80.55555555555556,0.3189282344497439,0.99735183313493,0
525,365.2916666666667,0.6944444444444571,0.6638888888888914,0.7138888888889028,0.9727626459143957,77.77777777777777,0.359136534696586,0.9997002861432778,0
526,365.9555555555556,0.6638888888888914,0.6555555555555088,0.7138888888889028,0.9299610894941489,69.44444444444444,0.3816521308941152,0.9971429960268345,0
527,366.6111111111111,0.6555555555555088,0.672222222222274,0.7138888888889028,0.9182879377431074,75.0,0.40505277353124475,0.9989862288172067,0
528,367.28333333333336,0.672222222222274,0.702777777777726,0.7138888888889028,0.9416342412451904,75.0,0.38267393605090266,0.9988198766578799,0
529,367.9861111111111,0.702777777777726,0.7388888888889369,0.7138888888889028,0.9844357976652779,75.0,0.3413704268731431,0.999932140933421,0
530,368.725,0.7388888888889369,0.7083333333333144,0.7138888888889028,1.0350194552529655,77.77777777777777,0.3014224617199046,0.9993337463272824,0
531,369.43333333333334,0.7083333333333144,0.7027777777777828,0.7138888888889028,0.992217898832639,75.0,0.33401160386517353,0.9998280837856336,0
532,370.1361111111111,0.7027777777777828,0.73888888888888,0.7138888888889028,0.9844357976653576,75.0,0.3413869481650411,0.999821998986929,0
533,370.875,0.73888888888888,0.7138888888889028,0.7138888888889028,1.0350194552528857,77.77777777777777,0.30143917097529915,0.9992223512917889,0
534,371.5888888888889,0.7138888888889028,0.6805555555555429,0.7138888888889028,1.0,75.0,0.3267397794939796,0.9995371897018166,0
535,372.26944444444445,0.6805555555555429,0.669444444444423,0.7138888888889028,0.9533073929960727,69.44444444444444,0.35922076470876113,0.9967174994628145,0
536,372.93888888888887,0.669444444444423,0.6972222222222513,0.7138888888889028,0.9377431906614303,72.22222222222223,0.3801249502362381,0.9983480670995504,0
537,373.6361111111111,0.6972222222222513,0.7083333333333144,0.7138888888889028,0.9766536964980762,69.44444444444444,0.33660869157753537,0.9977809272750737,0
538,374.34444444444443,0.7083333333333144,0.7472222222222058,0.7138888888889028,0.992217898832639,77.77777777777777,0.34061388817029753,0.9996924431877647,0
539,375.09166666666664,0.7472222222222058,0.7305555555555543,0.7138888888889028,1.0466926070038476,80.55555555555556,0.298152549098238,0.9983431165793073,0
540,375.8222222222222,0.7305555555555543,0.7138888888889028,0.7138888888889028,1.023346303501924,77.77777777777777,0.3119422828855517,0.9987738284994927,0
541,376.5361111111111,0.7138888888889028,0.7194444444444343,0.7138888888889028,1.0,75.0,0.3266930144874256,0.9998489564121766,0
542,377.25555555555553,0.7194444444444343,0.7222222222222285,0.7138888888889028,1.0077821011672814,77.77777777777777,0.326150832952942,0.9990335912978388,0
543,377.97777777777776,0.7222222222222285,0.6861111111111313,0.7138888888889028,1.0116731517509618,72.22222222222223,0.3097442402503436,0.998107302037597,0
544,378.6638888888889,0.6861111111111313,0.6750000000000114,0.7138888888889028,0.9610894941634337,75.0,0.3639040830995282,0.9988529104637837,0
545,379.3388888888889,0.6750000000000114,0.7055555555555202,0.7138888888889028,0.9455252918287913,75.0,0.37879655547698327,0.9996520163345546,0
546,380.0444444444444,0.7055555555555202,0.716666666666697,0.7138888888889028,0.9883268482489584,77.77777777777777,0.34435979095678526,0.9992563371399719,0
547,380.7611111111111,0.716666666666697,0.7527777777777942,0.7138888888889028,1.0038910505836804,83.33333333333333,0.3438060101490278,0.996831955661488,0
548,381.5138888888889,0.7527777777777942,0.7333333333332916,0.7138888888889028,1.0544747081712087,83.33333333333333,0.2985778059452873,0.9974568433899802,0
549,382.2472222222222,0.7333333333332916,0.7222222222222285,0.7138888888889028,1.0272373540855246,77.77777777777777,0.3084504378707972,0.99869166262651,0
550,382.96944444444443,0.7222222222222285,0.6805555555555429,0.7138888888889028,1.0116731517509618,72.22222222222223,0.3097666497940746,0.9979579050793902,0
551,383.65,0.6805555555555429,0.716666666666697,0.7138888888889028,0.9533073929960727,72.22222222222223,0.3650263549292439,0.9989342975682092,0
552,384.3666666666667,0.716666666666697,0.6833333333333371,0.7138888888889028,1.0038910505836804,80.55555555555556,0.33644084666143986,0.9996776413385875,0
553,385.05,0.6833333333333371,0.6722222222222172,0.7138888888889028,0.9571984435797533,77.77777777777777,0.37424432785039946,0.9988015482169517,0
554,385.72222222222223,0.6722222222222172,0.7027777777777828,0.7138888888889028,0.9416342412451107,75.0,0.38266551298965407,0.998876030400049,0
555,386.425,0.7027777777777828,0.7249999999999659,0.7138888888889028,0.9844357976653576,80.55555555555556,0.35484545104422227,0.9991292496253976,0
556,387.15,0.7249999999999659,0.7472222222222626,0.7138888888889028,1.0155642023345628,77.77777777777777,0.31892101144262625,0.9994475864803904,0
557,387.89722222222224,0.7472222222222626,0.7472222222222058,0.7138888888889028,1.0466926070039273,80.55555555555556,0.2980809338739362,0.9988205514075278,0
558,388.64444444444445,0.7472222222222058,0.7027777777777828,0.7138888888889028,1.0466926070038476,77.77777777777777,0.2912165398088816,0.9994321634449647,0
559,389.34722222222223,0.7027777777777828,0.669444444444423,0.7138888888889028,0.9844357976653576,75.0,0.3414956721264265,0.9990971725776929,0
560,390.01666666666665,0.669444444444423,0.6999999999999886,0.7138888888889028,0.9377431906614303,75.0,0.386346477146934,0.9993332969402449,0
561,390.71666666666664,0.6999999999999886,0.6972222222222513,0.7138888888889028,0.980544747081677,77.77777777777777,0.35173103597729033,0.999448283202486,0
562,391.4138888888889,0.6972222222222513,0.6999999999999886,0.7138888888889028,0.9766536964980762,75.0,0.3488460945858971,0.9995810493732751,0
563,392.1138888888889,0.6999999999999886,0.6999999999999886,0.7138888888889028,0.980544747081677,75.0,0.34511608617308004,0.9996683604609302,0
564,392.81388888888887,0.6999999999999886,0.7333333333333485,0.7138888888889028,0.980544747081677,75.0,0.3451824177984793,0.9992261496249351,0
565,393.5472222222222,0.7333333333333485,0.7361111111111427,0.7138888888889028,1.0272373540856043,75.0,0.3017242795558656,0.9996531299559523,0
566,394.28333333333336,0.7361111111111427,0.7249999999999659,0.7138888888889028,1.0311284046692848,77.77777777777777,0.3048071822783397,0.999787044807545,0
567,395.0083333333333,0.7249999999999659,0.6777777777778056,0.7138888888889028,1.0155642023345628,77.77777777777777,0.31892213881680415,0.9994400706525376,0
568,395.68611111111113,0.6777777777778056,0.669444444444423,0.7138888888889028,0.9494163424124719,77.77777777777777,0.38168980608496517,0.999215476880175,0
569,396.35555555555555,0.669444444444423,0.6861111111111313,0.7138888888889028,0.9377431906614303,72.22222222222223,0.37999662431730885,0.9992035732257454,0
570,397.0416666666667,0.6861111111111313,0.7055555555555202,0.7138888888889028,0.9610894941634337,77.77777777777777,0.37048099040242805,0.9988864498807424,0
571,397.7472222222222,0.7055555555555202,0.7027777777777828,0.7138888888889028,0.9883268482489584,72.22222222222223,0.3313850572818389,0.9994128976246555,0
572,398.45,0.7027777777777828,0.7027777777777828,0.7138888888889028,0.9844357976653576,75.0,0.3414086616774933,0.9996772422372477,0
573,399.15277777777777,0.7027777777777828,0.7250000000000227,0.7138888888889028,0.9844357976653576,83.33333333333333,0.36204381789309,0.9973955415397662,0
574,399.8777777777778,0.7250000000000227,0.7027777777777828,0.7138888888889028,1.0155642023346425,83.33333333333333,0.332938572035368,0.9974036018318311,0
575,400.5805555555556,0.7027777777777828,0.7138888888888459,0.7138888888889028,0.9844357976653576,80.55555555555556,0.35500588976183695,0.9980596581746333,0
576,401.2944444444444,0.7138888888888459,0.6833333333333371,0.7138888888889028,0.9999999999999204,77.77777777777777,0.3333258242785959,0.9995098125744954,0
577,401.97777777777776,0.6833333333333371,0.6694444444444798,0.7138888888889028,0.9571984435797533,72.22222222222223,0.361208414899013,0.9993659705445697,0
578,402.64722222222224,0.6694444444444798,0.669444444444423,0.7138888888889028,0.9377431906615099,72.22222222222223,0.3801083642702705,0.9984586402054896,0
579,403.31666666666666,0.669444444444423,0.7250000000000227,0.7138888888889028,0.9377431906614303,77.77777777777777,0.39299677342547645,0.9988775765195864,0
580,404.0416666666667,0.7250000000000227,0.7138888888888459,0.7138888888889028,1.0155642023346425,77.77777777777777,0.3190692286050224,0.9984594720639293,0
581,404.75555555555553,0.7138888888888459,0.716666666666697,0.7138888888889028,0.9999999999999204,80.55555555555556,0.34015660132712167,0.9991223139810426,0
582,405.47222222222223,0.716666666666697,0.7222222222222285,0.7138888888889028,1.0038910505836804,77.77777777777777,0.32971055172421404,0.9993952591900411,0
583,406.19444444444446,0.7222222222222285,0.7138888888889028,0.7138888888889028,1.0116731517509618,80.55555555555556,0.3293495900666696,0.9988976490071004,0
584,406.90833333333336,0.7138888888889028,0.7055555555555202,0.7138888888889028,1.0,75.0,0.32672876129299266,0.9996106443750628,0
585,407.6138888888889,0.7055555555555202,0.7083333333333144,0.7138888888889028,0.9883268482489584,75.0,0.3377380076909798,0.9995219708090506,0
586,408.3222222222222,0.7083333333333144,0.6833333333333371,0.7138888888889028,0.992217898832639,69.44444444444444,0.32187735175601656,0.9973402890260669,0
587,409.00555555555553,0.6833333333333371,0.672222222222274,0.7138888888889028,0.9571984435797533,72.22222222222223,0.3612390647650859,0.9991616381040839,0
588,409.6777777777778,0.672222222222274,0.73888888888888,0.7138888888889028,0.9416342412451904,75.0,0.382566748375696,0.9995344611592577,0
589,410.4166666666667,0.73888888888888,0.7527777777777374,0.7138888888889028,1.0350194552528857,83.33333333333333,0.31541725297740264,0.997441557247971,0
590,411.1694444444444,0.7527777777777374,0.7250000000000227,0.7138888888889028,1.054474708171129,77.77777777777777,0.2845852810777314,0.9993339232039304,0
591,411.89444444444445,0.7250000000000227,0.7083333333333144,0.7138888888889028,1.0155642023346425,66.66666666666667,0.29421535278854255,0.9976111463228737,0
592,412.60277777777776,0.7083333333333144,0.7111111111111086,0.7138888888889028,0.992217898832639,75.0,0.3340203811493501,0.9997695685577895,0
593,413.31388888888887,0.7111111111111086,0.7000000000000455,0.7138888888889028,0.9961089494163194,69.44444444444444,0.31839343562811945,0.996128141296178,0
594,414.0138888888889,0.7000000000000455,0.6999999999999886,0.7138888888889028,0.9805447470817567,75.0,0.34521500991558873,0.9990088688436991,0
595,414.7138888888889,0.6999999999999886,0.6750000000000114,0.7138888888889028,0.980544747081677,77.77777777777777,0.3517053342411536,0.9996196281100643,0
596,415.3888888888889,0.6750000000000114,0.6833333333332803,0.7138888888889028,0.9455252918287913,72.22222222222223,0.37242625446365696,0.9996586138447294,0
597,416.0722222222222,0.6833333333332803,0.7416666666666742,0.7138888888889028,0.9571984435796735,75.0,0.3674944203877431,0.999921343198882,0
598,416.81388888888887,0.7416666666666742,0.7527777777777942,0.7138888888889028,1.0389105058365662,80.55555555555556,0.30483641154726604,0.9988883912813762,0
599,417.56666666666666,0.7527777777777942,0.7305555555555543,0.7138888888889028,1.0544747081712087,77.77777777777777,0.28459904032510697,0.999242194887644,0
600,418.2972222222222,0.7305555555555543,0.6916666666666629,0.7138888888889028,1.023346303501924,72.22222222222223,0.2990314030789762,0.9985046965283711,0
601,418.9888888888889,0.6916666666666629,0.6999999999999886,0.7138888888889028,0.9688715953307151,69.44444444444444,0.34406166398568305,0.9978337291052084,0
602,419.68888888888887,0.6999999999999886,0.6888888888889255,0.7138888888889028,0.980544747081677,72.22222222222223,0.3390298615620449,0.9977811152891636,0
603,420.3777777777778,0.6888888888889255,0.6999999999999886,0.7138888888889028,0.9649805447471143,72.22222222222223,0.3537795651247623,0.9989101434066814,0
604,421.0777777777778,0.6999999999999886,0.6833333333333371,0.7138888888889028,0.980544747081677,77.77777777777777,0.3517251752951356,0.9994873544168511,0
605,421.7611111111111,0.6833333333333371,0.6972222222221944,0.7138888888889028,0.9571984435797533,77.77777777777777,0.37410385397201396,0.9997380407395218,0
606,422.4583333333333,0.6972222222221944,0.7444444444444684,0.7138888888889028,0.9766536964979965,75.0,0.3487920871918094,0.9999410986677018,0
607,423.2027777777778,0.7444444444444684,0.75,0.7138888888889028,1.0428015564202469,80.55555555555556,0.3015070763213488,0.9984349274943203,0
608,423.9527777777778,0.75,0.7250000000000227,0.7138888888889028,1.0505836575875283,75.0,0.281347859571772,0.9990879451007404,0
609,424.6777777777778,0.7250000000000227,0.5249999999999773,0.7138888888889028,1.0155642023346425,75.0,0.31231635172206035,0.9995990631807186,0
610,425.2027777777778,0.5249999999999773,0.8444444444444343,0.7138888888889028,0.7354085603112379,102.77777777777777,0.6396200433287033,0.8724742094227462,1
611,426.0472222222222,0.8444444444444343,0.6722222222222172,0.7138888888889028,1.1828793774318693,75.0,0.1892644565903588,0.9996676993774509,0
612,426.71944444444443,0.6722222222222172,0.7138888888889028,0.7138888888889028,0.9416342412451107,77.77777777777777,0.3892461248705989,0.9988848726300414,0
613,427.43333333333334,0.7138888888889028,0.6916666666666629,0.7138888888889028,1.0,77.77777777777777,0.3334435006125459,0.9987253036809989,0
614,428.125,0.6916666666666629,0.544444444444423,0.7138888888889028,0.9688715953307151,77.77777777777777,0.3628686514694954,0.9997162094700307,0
615,428.6694444444444,0.544444444444423,0.8972222222222399,0.7138888888889028,0.7626459143968423,102.77777777777777,0.6247739948780764,0.8609198468607713,1
616,429.56666666666666,0.8972222222222399,0.7527777777777942,0.7138888888889028,1.2568093385214012,83.33333333333333,0.1773676123526963,0.9971867293074341,0
617,430.31944444444446,0.7527777777777942,0.7166666666666401,0.7138888888889028,1.0544747081712087,75.0,0.27799227318465325,0.9994077210543775,0
618,431.0361111111111,0.7166666666666401,0.6722222222222172,0.7138888888889028,1.003891050583601,77.77777777777777,0.32974092663579424,0.9991927597800001,0
619,431.7083333333333,0.6722222222222172,0.6722222222222172,0.7138888888889028,0.9416342412451107,75.0,0.3826484286406576,0.9989899260600255,0
620,432.38055555555553,0.6722222222222172,0.6638888888888914,0.7138888888889028,0.9416342412451107,77.77777777777777,0.3892339999038718,0.9989657057415551,0
621,433.0444444444444,0.6638888888888914,0.6916666666666629,0.7138888888889028,0.9299610894941489,75.0,0.39374727119435493,0.9998915361791832,0
622,433.7361111111111,0.6916666666666629,0.705555555555577,0.7138888888889028,0.9688715953307151,83.33333333333333,0.37681432409000376,0.9981514779701799,0
623,434.44166666666666,0.705555555555577,0.705555555555577,0.7138888888889028,0.988326848249038,77.77777777777777,0.3443031794894164,0.9996337469219279,0
624,435.14722222222224,0.705555555555577,0.6972222222221944,0.7138888888889028,0.988326848249038,75.0,0.33783529338446655,0.9988733995186359,0
625,435.84444444444443,0.6972222222221944,0.7333333333333485,0.7138888888889028,0.9766536964979965,80.55555555555556,0.3623708650614058,0.9984465160367352,0
626,436.5777777777778,0.7333333333333485,0.6833333333333371,0.7138888888889028,1.0272373540856043,80.55555555555556,0.3152450358560231,0.9985453577879124,0
627,437.2611111111111,0.6833333333333371,0.658333333333303,0.7138888888889028,0.9571984435797533,80.55555555555556,0.3810651392841549,0.9984804870553003,0
628,437.9194444444444,0.658333333333303,0.6611111111111541,0.7138888888889028,0.9221789883267878,75.0,0.40131102475576635,0.9991725118929731,0
629,438.5805555555556,0.6611111111111541,0.6749999999999545,0.7138888888889028,0.926070038910548,75.0,0.3975677912951618,0.9993028237325632,0
630,439.25555555555553,0.6749999999999545,0.6944444444444571,0.7138888888889028,0.9455252918287117,75.0,0.378784305133183,0.9997336852937347,0
631,439.95,0.6944444444444571,0.7277777777778169,0.7138888888889028,0.9727626459143957,75.0,0.3525187453730417,0.9999392935306157,0
632,440.6777777777778,0.7277777777778169,0.7305555555555543,0.7138888888889028,1.019455252918323,77.77777777777777,0.3155166566674438,0.9984669804327446,0
633,441.40833333333336,0.7305555555555543,0.702777777777726,0.7138888888889028,1.023346303501924,83.33333333333333,0.3257959827255417,0.9978222488697648,0
634,442.1111111111111,0.702777777777726,0.7361111111111427,0.7138888888889028,0.9844357976652779,77.77777777777777,0.34812126135456983,0.9988061658268675,0
635,442.84722222222223,0.7361111111111427,0.705555555555577,0.7138888888889028,1.0311284046692848,77.77777777777777,0.30509613642292593,0.9978606838436368,0
636,443.5527777777778,0.705555555555577,0.6722222222222172,0.7138888888889028,0.988326848249038,72.22222222222223,0.33149772948873435,0.9986617495781829,0
637,444.225,0.6722222222222172,0.669444444444423,0.7138888888889028,0.9416342412451107,69.44444444444444,0.3702736169727827,0.9981058616919111,0
638,444.89444444444445,0.669444444444423,0.6916666666666629,0.7138888888889028,0.9377431906614303,77.77777777777777,0.3928731500221364,0.9997017325418531,0
639,445.5861111111111,0.6916666666666629,0.7138888888889028,0.7138888888889028,0.9688715953307151,69.44444444444444,0.3442283032281851,0.9967228008218616,0
640,446.3,0.7138888888889028,0.7472222222222058,0.7138888888889028,1.0,77.77777777777777,0.33330198845746467,0.9996687180482073,0
641,447.0472222222222,0.7472222222222058,0.7194444444444343,0.7138888888889028,1.0466926070038476,77.77777777777777,0.2913035513236906,0.9988520866795711,0
642,447.76666666666665,0.7194444444444343,0.7111111111111086,0.7138888888889028,1.0077821011672814,77.77777777777777,0.32607081631932006,0.9995670355219848,0
643,448.47777777777776,0.7111111111111086,0.7277777777778169,0.7138888888889028,0.9961089494163194,77.77777777777777,0.33706460259827,0.9989160917520792,0
644,449.2055555555556,0.7277777777778169,0.7027777777777828,0.7138888888889028,1.019455252918323,75.0,0.3088458186283488,0.9990596459237533,0
645,449.90833333333336,0.7027777777777828,0.6888888888888687,0.7138888888889028,0.9844357976653576,75.0,0.34161219586814395,0.9983203476329101,0
646,450.59722222222223,0.6888888888888687,0.6722222222222172,0.7138888888889028,0.9649805447470347,69.44444444444444,0.34784511194181167,0.9975524317182498,0
647,451.26944444444445,0.6722222222222172,0.6999999999999886,0.7138888888889028,0.9416342412451107,69.44444444444444,0.37021993775320755,0.9984637231557458,0
648,451.96944444444443,0.6999999999999886,0.7222222222222285,0.7138888888889028,0.980544747081677,75.0,0.34518215424435045,0.9992279066524606,0
649,452.69166666666666,0.7222222222222285,0.7527777777777942,0.7138888888889028,1.0116731517509618,80.55555555555556,0.3293568576747425,0.9988491982866146,0
650,453.44444444444446,0.7527777777777942,0.7249999999999659,0.7138888888889028,1.0544747081712087,83.33333333333333,0.29858017242288415,0.9974410668726682,0
651,454.1694444444444,0.7249999999999659,0.7027777777777828,0.7138888888889028,1.0155642023345628,75.0,0.31228078646949337,0.9998361648649852,0
652,454.8722222222222,0.7027777777777828,0.7083333333333712,0.7138888888889028,0.9844357976653576,72.22222222222223,0.335168483779625,0.9988163523110354,0
653,455.5805555555556,0.7083333333333712,0.7138888888888459,0.7138888888889028,0.9922178988327186,77.77777777777777,0.3407085149485367,0.9990615979990023,0
654,456.2944444444444,0.7138888888888459,0.6916666666666629,0.7138888888889028,0.9999999999999204,72.22222222222223,0.32054052077114015,0.998403505275909,0
655,456.9861111111111,0.6916666666666629,0.6805555555555998,0.7138888888889028,0.9688715953307151,69.44444444444444,0.3439767404573793,0.998399885960567,0
656,457.6666666666667,0.6805555555555998,0.7194444444444343,0.7138888888889028,0.9533073929961523,72.22222222222223,0.36501705691777503,0.9989962843108227,0
657,458.3861111111111,0.7194444444444343,0.7305555555555543,0.7138888888889028,1.0077821011672814,77.77777777777777,0.32606869632751295,0.999581168800699,0
658,459.1166666666667,0.7305555555555543,0.7527777777777942,0.7138888888889028,1.023346303501924,80.55555555555556,0.31868893875653714,0.9989471377563084,0
659,459.86944444444447,0.7527777777777942,0.7305555555555543,0.7138888888889028,1.0544747081712087,77.77777777777777,0.2847605052964218,0.998165761745545,0
660,460.6,0.7305555555555543,0.6972222222221944,0.7138888888889028,1.023346303501924,75.0,0.30522304897756886,0.9996891331164206,0
661,461.2972222222222,0.6972222222221944,0.6944444444444571,0.7138888888889028,0.9766536964979965,72.22222222222223,0.34275161915648716,0.9977488096578488,0
662,461.9916666666667,0.6944444444444571,0.7194444444444343,0.7138888888889028,0.9727626459143957,77.77777777777777,0.3591351306047479,0.999709646755532,0
663,462.7111111111111,0.7194444444444343,0.6916666666666629,0.7138888888889028,1.0077821011672814,72.22222222222223,0.31313417150972,0.9994696702376935,0
664,463.40277777777777,0.6916666666666629,0.6833333333333371,0.7138888888889028,0.9688715953307151,75.0,0.3562915351633967,0.9996840634077307,0
665,464.0861111111111,0.6833333333333371,0.7277777777777601,0.7138888888889028,0.9571984435797533,77.77777777777777,0.37426404073494735,0.9986701289866325,0
666,464.81388888888887,0.7277777777777601,0.7305555555555543,0.7138888888889028,1.0194552529182432,80.55555555555556,0.32218099167600917,0.9991890954395108,0
667,465.5444444444444,0.7305555555555543,0.75,0.7138888888889028,1.023346303501924,77.77777777777777,0.31203332098887077,0.9981669078106992,0
668,466.2944444444444,0.75,0.7277777777778169,0.7138888888889028,1.0505836575875283,77.77777777777777,0.2879668499168828,0.9988409309029594,0
669,467.02222222222224,0.7277777777778169,0.6972222222221944,0.7138888888889028,1.019455252918323,72.22222222222223,0.3023913221667308,0.9996275464225393,0
670,467.71944444444443,0.6972222222221944,0.6888888888889255,0.7138888888889028,0.9766536964979965,72.22222222222223,0.34268098999905,0.9982196707074301,0
671,468.40833333333336,0.6888888888889255,0.7277777777777601,0.7138888888889028,0.9649805447471143,75.0,0.3600770020035797,0.9993893067932325,0
672,469.1361111111111,0.7277777777777601,0.7111111111111086,0.7138888888889028,1.0194552529182432,75.0,0.3088017725735803,0.9993532862893599,0
673,469.84722222222223,0.7111111111111086,0.7111111111111086,0.7138888888889028,0.9961089494163194,75.0,0.3303881797494316,0.999545989308044,0
674,470.55833333333334,0.7111111111111086,0.7444444444444684,0.7138888888889028,0.9961089494163194,80.55555555555556,0.34383260282447337,0.9989471053074418,0
675,471.3027777777778,0.7444444444444684,0.7361111111110858,0.7138888888889028,1.0428015564202469,83.33333333333333,0.308494567777548,0.9981070553598121,0
676,472.0388888888889,0.7361111111110858,0.75,0.7138888888889028,1.0311284046692053,80.55555555555556,0.31170880371931337,0.9989272502649109,0
677,472.7888888888889,0.75,0.7166666666666401,0.7138888888889028,1.0505836575875283,77.77777777777777,0.2878837514029166,0.9993949209960675,0
678,473.50555555555553,0.7166666666666401,0.705555555555577,0.7138888888889028,1.003891050583601,69.44444444444444,0.31080472608408094,0.9981716998678509,0
679,474.2111111111111,0.705555555555577,0.6833333333333371,0.7138888888889028,0.988326848249038,69.44444444444444,0.3255367139321508,0.9974811203801276,0
680,474.89444444444445,0.6833333333333371,0.7277777777777601,0.7138888888889028,0.9571984435797533,72.22222222222223,0.3611958326741451,0.9994498520436887,0
681,475.6222222222222,0.7277777777777601,0.716666666666697,0.7138888888889028,1.0194552529182432,80.55555555555556,0.32214046072231145,0.9994593017974955,0
682,476.3388888888889,0.716666666666697,0.7249999999999659,0.7138888888889028,1.0038910505836804,77.77777777777777,0.3297218840023296,0.9993197106692708,0
683,477.06388888888887,0.7249999999999659,0.7333333333333485,0.7138888888889028,1.0155642023345628,77.77777777777777,0.31890141331437033,0.9995782406687632,0
684,477.7972222222222,0.7333333333333485,0.7277777777777601,0.7138888888889028,1.0272373540856043,75.0,0.30169941835129716,0.9998188713197422,0
685,478.525,0.7277777777777601,0.7305555555555543,0.7138888888889028,1.0194552529182432,77.77777777777777,0.3154448646169504,0.9989455941031837,0
686,479.25555555555553,0.7305555555555543,0.716666666666697,0.7138888888889028,1.023346303501924,75.0,0.3051969702628124,0.9998629912147969,0
687,479.97222222222223,0.716666666666697,0.6805555555555429,0.7138888888889028,1.0038910505836804,69.44444444444444,0.31082207189764816,0.9980560611102425,0
688,480.65277777777777,0.6805555555555429,0.6722222222222172,0.7138888888889028,0.9533073929960727,75.0,0.37143172280427617,0.9986939209799945,0
689,481.325,0.6722222222222172,0.7250000000000227,0.7138888888889028,0.9416342412451107,72.22222222222223,0.3761619234883392,0.9997712178301474,0
690,482.05,0.7250000000000227,0.7277777777777601,0.7138888888889028,1.0155642023346425,80.55555555555556,0.3257511320867529,0.999064463915778,0
691,482.77777777777777,0.7277777777777601,0.7305555555555543,0.7138888888889028,1.0194552529182432,75.0,0.3087459207575858,0.9997256317293237,0
692,483.5083333333333,0.7305555555555543,0.7083333333333144,0.7138888888889028,1.023346303501924,72.22222222222223,0.29898131812118617,0.9988385962469715,0
693,484.21666666666664,0.7083333333333144,0.716666666666697,0.7138888888889028,0.992217898832639,77.77777777777777,0.3407091104214023,0.9990576281803996,0
694,484.93333333333334,0.716666666666697,0.6944444444444571,0.7138888888889028,1.0038910505836804,72.22222222222223,0.31687384548683617,0.9986316367576016,0
695,485.6277777777778,0.6944444444444571,0.6888888888888687,0.7138888888889028,0.9727626459143957,75.0,0.3527109341117092,0.9986580352728325,0
696,486.31666666666666,0.6888888888888687,0.6666666666666856,0.7138888888889028,0.9649805447470347,77.77777777777777,0.36666816300037103,0.9993278215847587,0
697,486.98333333333335,0.6666666666666856,0.6638888888888914,0.7138888888889028,0.9338521400778294,75.0,0.3900805125766271,0.9994074377232998,0
698,487.64722222222224,0.6638888888888914,0.7166666666666401,0.7138888888889028,0.9299610894941489,77.77777777777777,0.40037772050616866,0.9995681288700498,0
699,488.3638888888889,0.7166666666666401,0.6750000000000114,0.7138888888889028,1.003891050583601,83.33333333333333,0.34380593496959533,0.9968324568581979,0
700,489.0388888888889,0.6750000000000114,0.7916666666666856,0.7138888888889028,0.9455252918287913,63.888888888888886,0.38118857762935865,0.8234859233040726,0
701,489.8305555555556,0.7916666666666856,0.6944444444444002,0.7138888888889028,1.1089494163424174,75.0,0.23522150720129248,0.999853465133201,0
702,490.525,0.6944444444444002,0.7083333333333712,0.7138888888889028,0.972762645914316,77.77777777777777,0.35920946276746607,0.9992140990045864,0
703,491.23333333333335,0.7083333333333712,0.6722222222222172,0.7138888888889028,0.9922178988327186,83.33333333333333,0.3545990880207316,0.9978641968212419,0
704,491.90555555555557,0.6722222222222172,0.6916666666666629,0.7138888888889028,0.9416342412451107,80.55555555555556,0.3960994918392125,0.998346774569336,0
705,492.59722222222223,0.6916666666666629,0.6888888888888687,0.7138888888889028,0.9688715953307151,75.0,0.356290621759677,0.9996901527658619,0
706,493.2861111111111,0.6888888888888687,0.6861111111111313,0.7138888888889028,0.9649805447470347,75.0,0.36016174541751655,0.9988243507008306,0
707,493.97222222222223,0.6861111111111313,0.6999999999999886,0.7138888888889028,0.9610894941634337,75.0,0.3637844290812298,0.9996506039191061,0
708,494.6722222222222,0.6999999999999886,0.7555555555555884,0.7138888888889028,0.980544747081677,80.55555555555556,0.3588570491517907,0.9970925437692024,0
709,495.4277777777778,0.7555555555555884,0.7194444444444343,0.7138888888889028,1.0583657587548891,88.88888888888889,0.31013327576603356,0.9936435714914191,0
710,496.14722222222224,0.7194444444444343,0.6888888888888687,0.7138888888889028,1.0077821011672814,80.55555555555556,0.33306594777811294,0.9980838408600844,0
711,496.8361111111111,0.6888888888888687,0.6750000000000114,0.7138888888889028,0.9649805447470347,72.22222222222223,0.3537671984125541,0.9989925881552466,0
712,497.5111111111111,0.6750000000000114,0.6666666666666856,0.7138888888889028,0.9455252918287913,77.77777777777777,0.3854033904164329,0.9994860381745148,0
713,498.1777777777778,0.6666666666666856,0.6861111111110745,0.7138888888889028,0.9338521400778294,75.0,0.39014629542928914,0.9989688853722197,0
714,498.8638888888889,0.6861111111110745,0.6944444444444571,0.7138888888889028,0.9610894941633541,72.22222222222223,0.35742136255671536,0.99960897150438,0
715,499.55833333333334,0.6944444444444571,0.6833333333333371,0.7138888888889028,0.9727626459143957,75.0,0.35254570703660354,0.99975954910687,0
716,500.2416666666667,0.6833333333333371,0.6888888888888687,0.7138888888889028,0.9571984435797533,80.55555555555556,0.38091364306303105,0.9994904618627929,0
717,500.93055555555554,0.6888888888888687,0.7333333333333485,0.7138888888889028,0.9649805447470347,83.33333333333333,0.38061114540685026,0.9977810248451026,0
718,501.6638888888889,0.7333333333333485,0.7444444444444684,0.7138888888889028,1.0272373540856043,80.55555555555556,0.3154612506312451,0.9971039259530992,0
719,502.40833333333336,0.7444444444444684,0.7138888888888459,0.7138888888889028,1.0428015564202469,77.77777777777777,0.2946409624124478,0.999058005156942,0
720,503.1222222222222,0.7138888888888459,0.6611111111111541,0.7138888888889028,0.9999999999999204,72.22222222222223,0.3205476604441351,0.9983559074559427,0
721,503.78333333333336,0.6611111111111541,0.6861111111110745,0.7138888888889028,0.926070038910548,69.44444444444444,0.3852340244147034,0.9981451274483393,0
722,504.46944444444443,0.6861111111110745,0.6888888888889255,0.7138888888889028,0.9610894941633541,75.0,0.3639582678320875,0.9984916789138998,0
723,505.15833333333336,0.6888888888889255,0.7138888888888459,0.7138888888889028,0.9649805447471143,75.0,0.36003795507400366,0.9996496196570728,0
724,505.8722222222222,0.7138888888888459,0.7083333333333712,0.7138888888889028,0.9999999999999204,77.77777777777777,0.3334011614055171,0.9990075650616876,0
725,506.5805555555556,0.7083333333333712,0.7222222222222285,0.7138888888889028,0.9922178988327186,80.55555555555556,0.3474391428723566,0.9993417602369217,0
726,507.3027777777778,0.7222222222222285,0.7583333333333258,0.7138888888889028,1.0116731517509618,77.77777777777777,0.3224793958983989,0.9995479283988531,0
727,508.06111111111113,0.7583333333333258,0.7555555555555316,0.7138888888889028,1.06225680933849,83.33333333333333,0.2922398993402531,0.996243934060818,0
728,508.81666666666666,0.7555555555555316,0.7138888888889028,0.7138888888889028,1.0583657587548096,75.0,0.2747531370304654,0.9991614789585272,0
729,509.53055555555557,0.7138888888889028,0.5388888888888914,0.7138888888889028,1.0,72.22222222222223,0.3204834726683907,0.9987838259604084,0
730,510.06944444444446,0.5388888888888914,0.8444444444444343,0.7138888888889028,0.7548638132295609,94.44444444444444,0.610393674667195,0.8443204998434503,1
731,510.9138888888889,0.8444444444444343,0.7027777777777828,0.7138888888889028,1.1828793774318693,72.22222222222223,0.18305798125961423,0.9985821256704139,0
732,511.6166666666667,0.7027777777777828,0.7638888888889142,0.7138888888889028,0.9844357976653576,77.77777777777777,0.34809885636857013,0.9989555323996933,0
733,512.3805555555556,0.7638888888889142,0.7388888888888232,0.7138888888889028,1.0700389105058512,80.55555555555556,0.2785742061569481,0.9985077439324959,0
734,513.1194444444444,0.7388888888888232,0.7305555555556111,0.7138888888889028,1.035019455252806,75.0,0.2948059175508828,0.9995644526854094,0
735,513.85,0.7305555555556111,0.7666666666666515,0.7138888888889028,1.0233463035020034,75.0,0.3052995383552277,0.9991792039315495,0
736,514.6166666666667,0.7666666666666515,0.7388888888889369,0.7138888888889028,1.073929961089452,80.55555555555556,0.27536632232661684,0.9989421315059461,0
737,515.3555555555556,0.7388888888889369,0.6972222222221944,0.7138888888889028,1.0350194552529655,69.44444444444444,0.28239973824398545,0.9988895059098388,0
738,516.0527777777778,0.6972222222221944,0.6888888888888687,0.7138888888889028,0.9766536964979965,69.44444444444444,0.33683363463648136,0.9962813068826084,0
739,516.7416666666667,0.6888888888888687,0.7055555555555202,0.7138888888889028,0.9649805447470347,72.22222222222223,0.3538145036432969,0.9986772199502947,0
740,517.4472222222222,0.7055555555555202,0.7138888888889596,0.7138888888889028,0.9883268482489584,69.44444444444444,0.32561434225791336,0.99696359820888,0
741,518.1611111111112,0.7138888888889596,0.7611111111110631,0.7138888888889028,1.0000000000000797,72.22222222222223,0.32041092832084006,0.9992674549435823,0
742,518.9222222222222,0.7611111111110631,0.7388888888889369,0.7138888888889028,1.066147859922091,80.55555555555556,0.2816743277323346,0.9990206549579647,0
743,519.6611111111112,0.7388888888889369,0.724999999999909,0.7138888888889028,1.0350194552529655,75.0,0.2947888953561601,0.9996779339826214,0
744,520.3861111111111,0.724999999999909,0.7416666666666742,0.7138888888889028,1.015564202334483,75.0,0.3122728873915061,0.9998888253853866,0
745,521.1277777777777,0.7416666666666742,0.716666666666697,0.7138888888889028,1.0389105058365662,75.0,0.2913280653165615,0.9999134296530631,0
746,521.8444444444444,0.716666666666697,0.6944444444444571,0.7138888888889028,1.0038910505836804,69.44444444444444,0.3109605249182833,0.9971330409726749,0
747,522.5388888888889,0.6944444444444571,0.6861111111111313,0.7138888888889028,0.9727626459143957,66.66666666666667,0.3346649893852053,0.9963030903682287,0
748,523.225,0.6861111111111313,0.7138888888888459,0.7138888888889028,0.9610894941634337,69.44444444444444,0.3515476950948456,0.9978460216743874,0
749,523.9388888888889,0.7138888888888459,0.7416666666666742,0.7138888888889028,0.9999999999999204,69.44444444444444,0.3145364986055088,0.9975095868048386,0
750,524.6805555555555,0.7416666666666742,0.7722222222222399,0.7138888888889028,1.0389105058365662,77.77777777777777,0.29797718782942545,0.9994655343369279,0
751,525.4527777777778,0.7722222222222399,0.7333333333333485,0.7138888888889028,1.081712062256813,77.77777777777777,0.2622955608519744,0.9997288784804272,0
752,526.1861111111111,0.7333333333333485,0.7138888888888459,0.7138888888889028,1.0272373540856043,77.77777777777777,0.3083749006623239,0.9991952440158549,0
753,526.9,0.7138888888888459,0.7222222222222854,0.7138888888889028,0.9999999999999204,75.0,0.32680686039689755,0.9990899836828602,0
754,527.6222222222223,0.7222222222222854,0.7055555555555202,0.7138888888889028,1.0116731517510416,72.22222222222223,0.30962412773546943,0.9989080521362683,0
755,528.3277777777778,0.7055555555555202,0.5611111111111313,0.7138888888889028,0.9883268482489584,69.44444444444444,0.32562302356830175,0.9969057228062908,0
756,528.8888888888889,0.5611111111111313,0.8111111111111313,0.7138888888889028,0.7859922178988457,88.88888888888889,0.5740195186235254,0.8518969087142201,1
757,529.7,0.8111111111111313,0.7166666666665833,0.7138888888889028,1.1361867704280217,69.44444444444444,0.20431654571241314,0.9985763140489108,0
758,530.4166666666666,0.7166666666665833,0.7666666666666515,0.7138888888889028,1.0038910505835212,72.22222222222223,0.3167751298386017,0.9992897410801533,0
759,531.1833333333333,0.7666666666666515,0.7583333333334394,0.7138888888889028,1.073929961089452,77.77777777777777,0.2684974302925881,0.9995837300027525,0
760,531.9416666666667,0.7583333333334394,0.7222222222221717,0.7138888888889028,1.0622568093386493,75.0,0.27143899703973917,0.9996306086568674,0
761,532.6638888888889,0.7222222222221717,0.6972222222221944,0.7138888888889028,1.0116731517508823,77.77777777777777,0.32253635941160963,0.999168171644603,0
762,533.3611111111111,0.6972222222221944,0.7194444444444343,0.7138888888889028,0.9766536964979965,75.0,0.3488767652509564,0.9993765782733883,0
763,534.0805555555555,0.7194444444444343,0.6944444444444571,0.7138888888889028,1.0077821011672814,77.77777777777777,0.32609651701318393,0.9993956975628925,0
764,534.775,0.6944444444444571,0.6888888888888687,0.7138888888889028,0.9727626459143957,72.22222222222223,0.3463488316217124,0.99860997596081,0
765,535.4638888888888,0.6888888888888687,0.6972222222223081,0.7138888888889028,0.9649805447470347,69.44444444444444,0.3480430724628318,0.9962326949114491,0
766,536.1611111111112,0.6972222222223081,0.724999999999909,0.7138888888889028,0.9766536964981558,75.0,0.3488157320975758,0.9997834659615759,0
767,536.8861111111111,0.724999999999909,0.7472222222222626,0.7138888888889028,1.015564202334483,77.77777777777777,0.31904390296846735,0.9986283096419359,0
768,537.6333333333333,0.7472222222222626,0.75,0.7138888888889028,1.0466926070039273,77.77777777777777,0.29131765620089345,0.9987580541644276,0
769,538.3833333333333,0.75,0.7000000000000455,0.7138888888889028,1.0505836575875283,75.0,0.2812403315084898,0.9998047988559549,0
770,539.0833333333334,0.7000000000000455,0.6694444444443661,0.7138888888889028,0.9805447470817567,75.0,0.3451508845249399,0.9994363714480247,0
771,539.7527777777777,0.6694444444443661,0.7027777777777828,0.7138888888889028,0.9377431906613506,75.0,0.38628450436092987,0.9997464488474506,0
772,540.4555555555555,0.7027777777777828,0.6944444444444571,0.7138888888889028,0.9844357976653576,80.55555555555556,0.3548513869515265,0.9990896769100359,0
773,541.15,0.6944444444444571,0.6916666666667197,0.7138888888889028,0.9727626459143957,69.44444444444444,0.34025919392885057,0.9982868276712764,0
774,541.8416666666667,0.6916666666667197,0.7055555555555202,0.7138888888889028,0.9688715953307948,69.44444444444444,0.34408338738207644,0.9976889064620751,0
775,542.5472222222222,0.7055555555555202,0.7388888888889369,0.7138888888889028,0.9883268482489584,77.77777777777777,0.3443101645437055,0.9995871798938372,0
776,543.2861111111112,0.7388888888889369,0.7388888888888232,0.7138888888889028,1.0350194552529655,72.22222222222223,0.2884427046853872,0.9995237958757732,0
777,544.025,0.7388888888888232,0.7416666666666742,0.7138888888889028,1.035019455252806,75.0,0.29478520581901313,0.9997025308978741,0
778,544.7666666666667,0.7416666666666742,0.6972222222221944,0.7138888888889028,1.0389105058365662,77.77777777777777,0.2979967846572714,0.9993348888179548,0
779,545.4638888888888,0.6972222222221944,0.6694444444444798,0.7138888888889028,0.9766536964979965,80.55555555555556,0.3622805485464888,0.9990486261361822,0
780,546.1333333333333,0.6694444444444798,0.6916666666667197,0.7138888888889028,0.9377431906615099,72.22222222222223,0.380017045787485,0.9990674300907261,0
781,546.825,0.6916666666667197,0.7166666666665833,0.7138888888889028,0.9688715953307948,75.0,0.3563432292131092,0.9993394364091366,0
782,547.5416666666666,0.7166666666665833,0.7111111111111086,0.7138888888889028,1.0038910505835212,75.0,0.32313183462620865,0.9993737850747744,0
783,548.2527777777777,0.7111111111111086,0.7027777777777828,0.7138888888889028,0.9961089494163194,75.0,0.3304695995482534,0.999003190649232,0
784,548.9555555555555,0.7027777777777828,0.7416666666666742,0.7138888888889028,0.9844357976653576,75.0,0.3415214074054563,0.9989256040508279,0
785,549.6972222222222,0.7416666666666742,0.7305555555556111,0.7138888888889028,1.0389105058365662,72.22222222222223,0.28499570620780534,0.99966708113277,0
786,550.4277777777778,0.7305555555556111,0.7277777777777601,0.7138888888889028,1.0233463035020034,77.77777777777777,0.3118697651052222,0.9992572803678772,0
787,551.1555555555556,0.7277777777777601,0.6888888888888687,0.7138888888889028,1.0194552529182432,77.77777777777777,0.3153748896803291,0.9994120936806593,0
788,551.8444444444444,0.6888888888888687,0.6777777777778056,0.7138888888889028,0.9649805447470347,75.0,0.3600843306526202,0.9993404491334732,0
789,552.5222222222222,0.6777777777778056,0.7111111111111086,0.7138888888889028,0.9494163424124719,72.22222222222223,0.36884942313876445,0.998476365839888,0
790,553.2333333333333,0.7111111111111086,0.7361111111110858,0.7138888888889028,0.9961089494163194,77.77777777777777,0.3369320383410372,0.9997998534669643,0
791,553.9694444444444,0.7361111111110858,0.7416666666666742,0.7138888888889028,1.0311284046692053,75.0,0.2983325579820102,0.9990716186805892,0
792,554.7111111111111,0.7416666666666742,0.7333333333333485,0.7138888888889028,1.0389105058365662,75.0,0.2913707472251444,0.999628883595844,0
793,555.4444444444445,0.7333333333333485,0.75,0.7138888888889028,1.0272373540856043,77.77777777777777,0.3083012611160924,0.999686174324065,0
794,556.1944444444445,0.75,0.7416666666666742,0.7138888888889028,1.0505836575875283,77.77777777777777,0.2878786900841589,0.9994286631211191,0
795,556.9361111111111,0.7416666666666742,0.7305555555554974,0.7138888888889028,1.0389105058365662,80.55555555555556,0.3047587543092866,0.9994061062012389,0
796,557.6666666666666,0.7305555555554974,0.6888888888889824,0.7138888888889028,1.0233463035018442,75.0,0.30523061400123275,0.9996386996258084,0
797,558.3555555555556,0.6888888888889824,0.691666666666606,0.7138888888889028,0.9649805447471939,75.0,0.3601301598766907,0.9990349209719811,0
798,559.0472222222222,0.691666666666606,0.7250000000000227,0.7138888888889028,0.9688715953306355,75.0,0.3563719353603894,0.9991480620949557,0
799,559.7722222222222,0.7250000000000227,0.747222222222149,0.7138888888889028,1.0155642023346425,75.0,0.3122884667564515,0.999784962951444,0
800,560.5194444444444,0.747222222222149,0.7472222222222626,0.7138888888889028,1.046692607003768,75.0,0.284566728529586,0.9998846505377676,0
801,561.2666666666667,0.7472222222222626,0.7333333333333485,0.7138888888889028,1.0466926070039273,72.22222222222223,0.2782299446090824,0.9996678007615429,0
802,562.0,0.7333333333333485,0.7444444444444116,0.7138888888889028,1.0272373540856043,72.22222222222223,0.29537975431582336,0.9994878889775665,0
803,562.7444444444444,0.7444444444444116,0.716666666666697,0.7138888888889028,1.0428015564201671,75.0,0.2879883216714037,0.9995293553280731,0
804,563.4611111111111,0.716666666666697,0.7250000000000227,0.7138888888889028,1.0038910505836804,77.77777777777777,0.32971023774168823,0.9993973524068798,0
805,564.1861111111111,0.7250000000000227,0.6999999999999318,0.7138888888889028,1.0155642023346425,75.0,0.3122814034154184,0.999832051891665,0
806,564.8861111111111,0.6999999999999318,0.7000000000000455,0.7138888888889028,0.9805447470815974,75.0,0.345192471411483,0.9991591255387499,0
807,565.5861111111111,0.7000000000000455,0.7388888888889369,0.7138888888889028,0.9805447470817567,72.22222222222223,0.33885668081648357,0.9989356535923999,0
808,566.325,0.7388888888889369,0.7777777777777146,0.7138888888889028,1.0350194552529655,75.0,0.2947809660643621,0.9997307959279412,0
809,567.1027777777778,0.7777777777777146,0.752777777777851,0.7138888888889028,1.0894941634240147,75.0,0.24975559417811447,0.9992084931625083,0
810,567.8555555555556,0.752777777777851,0.7388888888888232,0.7138888888889028,1.0544747081712884,72.22222222222223,0.27163204929241136,0.9993471377568732,0
811,568.5944444444444,0.7388888888888232,0.7333333333333485,0.7138888888889028,1.035019455252806,75.0,0.29478988231562286,0.9996713542538093,0
812,569.3277777777778,0.7333333333333485,0.7055555555555202,0.7138888888889028,1.0272373540856043,75.0,0.3018504970544978,0.9988116799650715,0
813,570.0333333333333,0.7055555555555202,0.7277777777777601,0.7138888888889028,0.9883268482489584,75.0,0.3376886035477784,0.9998513317637264,0
814,570.7611111111111,0.7277777777777601,0.7111111111111086,0.7138888888889028,1.0194552529182432,77.77777777777777,0.31543415569845673,0.999016986893142,0
815,571.4722222222222,0.7111111111111086,0.7111111111111086,0.7138888888889028,0.9961089494163194,75.0,0.3303967531367429,0.9994888333926355,0
816,572.1833333333333,0.7111111111111086,0.7611111111111768,0.7138888888889028,0.9961089494163194,72.22222222222223,0.32407030063181513,0.999203107513486,0
817,572.9444444444445,0.7611111111111768,0.7861111111111541,0.7138888888889028,1.0661478599222503,77.77777777777777,0.27492708202502464,0.9988512779424414,0
818,573.7305555555556,0.7861111111111541,0.747222222222149,0.7138888888889028,1.101167315175136,77.77777777777777,0.24755751140663437,0.9992341747036826,0
819,574.4777777777778,0.747222222222149,0.7138888888889596,0.7138888888889028,1.046692607003768,72.22222222222223,0.27837425304047264,0.9987057445531893,0
820,575.1916666666667,0.7138888888889596,0.724999999999909,0.7138888888889028,1.0000000000000797,72.22222222222223,0.32049543312377704,0.9987040895906693,0
821,575.9166666666666,0.724999999999909,0.7055555555556339,0.7138888888889028,1.015564202334483,72.22222222222223,0.3062246306728738,0.9977484609309344,0
822,576.6222222222223,0.7055555555556339,0.7166666666665833,0.7138888888889028,0.9883268482491177,75.0,0.33777841386897584,0.9992525962880711,0
823,577.3388888888888,0.7166666666665833,0.716666666666697,0.7138888888889028,1.0038910505835212,77.77777777777777,0.3297371803886442,0.9992177347614952,0
824,578.0555555555555,0.716666666666697,0.7305555555556111,0.7138888888889028,1.0038910505836804,77.77777777777777,0.32976288151350086,0.9990463939281291,0
825,578.7861111111112,0.7305555555556111,0.7583333333333258,0.7138888888889028,1.0233463035020034,77.77777777777777,0.3117951377479337,0.9997547960831338,0
826,579.5444444444445,0.7583333333333258,0.7694444444443889,0.7138888888889028,1.06225680933849,80.55555555555556,0.28481469192537007,0.9994899125865515,0
827,580.3138888888889,0.7694444444443889,0.7333333333333485,0.7138888888889028,1.0778210116730529,72.22222222222223,0.2525429233662886,0.9988868171027578,0
828,581.0472222222222,0.7333333333333485,0.683333333333394,0.7138888888889028,1.0272373540856043,75.0,0.30185791558843966,0.9987622230721255,0
829,581.7305555555556,0.683333333333394,0.7027777777776691,0.7138888888889028,0.9571984435798329,72.22222222222223,0.3613348190894573,0.998523275941096,0
830,582.4333333333333,0.7027777777776691,0.6888888888889824,0.7138888888889028,0.9844357976651983,72.22222222222223,0.3352473602904994,0.9982905089062166,0
831,583.1222222222223,0.6888888888889824,0.7138888888888459,0.7138888888889028,0.9649805447471939,75.0,0.35999901681691554,0.9999092080371492,0
832,583.8361111111111,0.7138888888888459,0.7194444444444343,0.7138888888889028,0.9999999999999204,77.77777777777777,0.33331090302889105,0.9996092875725281,0
833,584.5555555555555,0.7194444444444343,0.7305555555556111,0.7138888888889028,1.0077821011672814,80.55555555555556,0.3328675703077787,0.9994063573289794,0
834,585.2861111111112,0.7305555555556111,0.7416666666666742,0.7138888888889028,1.0233463035020034,75.0,0.30519742647987586,0.9998599497672285,0
835,586.0277777777778,0.7416666666666742,0.75,0.7138888888889028,1.0389105058365662,80.55555555555556,0.30479939010544244,0.9991352008935335,0
836,586.7777777777778,0.75,0.7138888888888459,0.7138888888889028,1.0505836575875283,75.0,0.2812729340617221,0.999587448501073,0
837,587.4916666666667,0.7138888888888459,0.6777777777778056,0.7138888888889028,0.9999999999999204,72.22222222222223,0.32052177046094144,0.9985285073439003,0
838,588.1694444444445,0.6777777777778056,0.6861111111111313,0.7138888888889028,0.9494163424124719,72.22222222222223,0.36867091052807754,0.9996664499111341,0
839,588.8555555555556,0.6861111111111313,0.6888888888888687,0.7138888888889028,0.9610894941634337,75.0,0.3637718401003003,0.9997345304586365,0
840,589.5444444444445,0.6888888888888687,0.7361111111110858,0.7138888888889028,0.9649805447470347,77.77777777777777,0.36674871694313177,0.9987907952996873,0
841,590.2805555555556,0.7361111111110858,0.7361111111110858,0.7138888888889028,1.0311284046692053,83.33333333333333,0.31874161660391775,0.9982972352743688,0
842,591.0166666666667,0.7361111111110858,0.7277777777777601,0.7138888888889028,1.0311284046692053,75.0,0.2982148745696628,0.9998561747629053,0
843,591.7444444444444,0.7277777777777601,0.7277777777777601,0.7138888888889028,1.0194552529182432,75.0,0.30871407441997234,0.9999379406467468,0
844,592.4722222222222,0.7277777777777601,0.75,0.7138888888889028,1.0194552529182432,77.77777777777777,0.3154792123126661,0.9987166094650792,0
845,593.2222222222222,0.75,0.7000000000000455,0.7138888888889028,1.0505836575875283,77.77777777777777,0.2878233943632377,0.9997973012605939,0
846,593.9222222222222,0.7000000000000455,0.6749999999999545,0.7138888888889028,0.9805447470817567,77.77777777777777,0.3517348605763435,0.9994227858749585,0
847,594.5972222222222,0.6749999999999545,0.7000000000000455,0.7138888888889028,0.9455252918287117,77.77777777777777,0.38534753223131946,0.9998584260757828,0
848,595.2972222222222,0.7000000000000455,0.7000000000000455,0.7138888888889028,0.9805447470817567,75.0,0.3450838425183167,0.9998833181588462,0
849,595.9972222222223,0.7000000000000455,0.7555555555554747,0.7138888888889028,0.9805447470817567,77.77777777777777,0.3518943035247484,0.9983598328855927,0
850,596.7527777777777,0.7555555555554747,0.75,0.7138888888889028,1.05836575875473,83.33333333333333,0.29544902518258576,0.9964748986846668,0
851,597.5027777777777,0.75,0.7305555555556111,0.7138888888889028,1.0505836575875283,80.55555555555556,0.29473968879661144,0.998839686768154,0
852,598.2333333333333,0.7305555555556111,0.7305555555554974,0.7138888888889028,1.0233463035020034,72.22222222222223,0.2988439068937346,0.9997546710961696,0
853,598.9638888888888,0.7305555555554974,0.75,0.7138888888889028,1.0233463035018442,80.55555555555556,0.31868491148354317,0.9989739862434153,0
854,599.7138888888888,0.75,0.6944444444444571,0.7138888888889028,1.0505836575875283,72.22222222222223,0.27491597808938545,0.9995050790713166,0
855,600.4083333333333,0.6944444444444571,0.683333333333394,0.7138888888889028,0.9727626459143957,75.0,0.35264952036603053,0.9990674602440233,0
856,601.0916666666667,0.683333333333394,0.5416666666666288,0.7138888888889028,0.9571984435798329,77.77777777777777,0.3741988546642881,0.999104702790516,0
857,601.6333333333333,0.5416666666666288,0.8916666666666515,0.7138888888889028,0.7587548638131617,100.0,0.624132371693887,0.8336570703227779,1
858,602.525,0.8916666666666515,0.7555555555555884,0.7138888888889028,1.24902723735404,83.33333333333333,0.18022601772406294,0.9972050970126194,0
859,603.2805555555556,0.7555555555555884,0.7583333333333258,0.7138888888889028,1.0583657587548891,80.55555555555556,0.2881418201115836,0.9989341949169714,0
860,604.0388888888889,0.7583333333333258,0.7222222222221717,0.7138888888889028,1.06225680933849,77.77777777777777,0.27815723308523665,0.9987219564573888,0
861,604.7611111111111,0.7222222222221717,0.716666666666697,0.7138888888889028,1.0116731517508823,75.0,0.3159811287715561,0.9989901211420023,0
862,605.4777777777778,0.716666666666697,0.7305555555556111,0.7138888888889028,1.0038910505836804,77.77777777777777,0.32973734626316226,0.9992166289303863,0
863,606.2083333333334,0.7305555555556111,0.6999999999999318,0.7138888888889028,1.0233463035020034,72.22222222222223,0.29899814250181644,0.9987264337089572,0
864,606.9083333333333,0.6999999999999318,0.683333333333394,0.7138888888889028,0.9805447470815974,72.22222222222223,0.3387665742211841,0.9995363642287418,0
865,607.5916666666667,0.683333333333394,0.7250000000000227,0.7138888888889028,0.9571984435798329,77.77777777777777,0.3741610487257868,0.9993567423805243,0
866,608.3166666666667,0.7250000000000227,0.7416666666665606,0.7138888888889028,1.0155642023346425,80.55555555555556,0.32573660644570135,0.9991613015227885,0
867,609.0583333333333,0.7416666666665606,0.7583333333334394,0.7138888888889028,1.038910505836407,86.11111111111111,0.31944016763243577,0.9949592166506445,0
868,609.8166666666667,0.7583333333334394,1.4472222222221944,0.7138888888889028,1.0622568093386493,77.77777777777777,0.2781486342080186,0.9987792823046286,0
869,611.2638888888889,1.4472222222221944,0.7055555555555202,0.7138888888889028,2.027237354085525,72.22222222222223,0.0935082208315703,0.998906251179555,0
870,611.9694444444444,0.7055555555555202,0.7333333333333485,0.7138888888889028,0.9883268482489584,75.0,0.33770422301747205,0.9997472019657689,0
871,612.7027777777778,0.7333333333333485,0.6972222222221944,0.7138888888889028,1.0272373540856043,75.0,0.30175794223919516,0.9994287120670888,0
872,613.4,0.6972222222221944,0.7027777777777828,0.7138888888889028,0.9766536964979965,72.22222222222223,0.3425005873635725,0.9994223549439468,0
873,614.1027777777778,0.7027777777777828,0.7305555555556111,0.7138888888889028,0.9844357976653576,75.0,0.34146629554000446,0.9992930164871734,0
874,614.8333333333334,0.7305555555556111,0.7444444444444116,0.7138888888889028,1.0233463035020034,75.0,0.30519466973583137,0.9998783280608583,0
875,615.5777777777778,0.7444444444444116,0.7555555555555884,0.7138888888889028,1.0428015564201671,83.33333333333333,0.3084417030467426,0.9984594868989769,0
876,616.3333333333334,0.7555555555555884,0.7194444444444343,0.7138888888889028,1.0583657587548891,80.55555555555556,0.28827022869490787,0.9980781376948098,0
877,617.0527777777778,0.7194444444444343,0.6888888888888687,0.7138888888889028,1.0077821011672814,75.0,0.31952621911125345,0.9993180954728045,0
878,617.7416666666667,0.6888888888888687,0.7027777777777828,0.7138888888889028,0.9649805447470347,69.44444444444444,0.3477234474828369,0.998363528111415,0
879,618.4444444444445,0.7027777777777828,0.716666666666697,0.7138888888889028,0.9844357976653576,75.0,0.34152480019152504,0.998902985477036,0
880,619.1611111111112,0.716666666666697,0.7055555555555202,0.7138888888889028,1.0038910505836804,69.44444444444444,0.310844649700465,0.9979055424247969,0
881,619.8666666666667,0.7055555555555202,0.7083333333333712,0.7138888888889028,0.9883268482489584,72.22222222222223,0.3313772359875996,0.9994650395862508,0
882,620.575,0.7083333333333712,0.7444444444444116,0.7138888888889028,0.9922178988327186,72.22222222222223,0.32772051601462715,0.9993065935434411,0
883,621.3194444444445,0.7444444444444116,0.7388888888888232,0.7138888888889028,1.0428015564201671,75.0,0.2879400553271213,0.9998511309566227,0
884,622.0583333333333,0.7388888888888232,0.752777777777851,0.7138888888889028,1.035019455252806,80.55555555555556,0.30816594347714155,0.9995282163433613,0
885,622.8111111111111,0.752777777777851,0.7083333333332575,0.7138888888889028,1.0544747081712884,75.0,0.27793343586728286,0.9997999698363972,0
886,623.5194444444444,0.7083333333332575,0.6777777777778056,0.7138888888889028,0.9922178988325594,75.0,0.3341597122415435,0.9988406946103348,0
887,624.1972222222222,0.6777777777778056,0.7111111111111086,0.7138888888889028,0.9494163424124719,69.44444444444444,0.36274365515790435,0.9982607528036758,0
888,624.9083333333333,0.7111111111111086,0.7250000000000227,0.7138888888889028,0.9961089494163194,75.0,0.33034410819877963,0.9998397996457237,0
889,625.6333333333333,0.7250000000000227,0.7250000000000227,0.7138888888889028,1.0155642023346425,69.44444444444444,0.3001516271652924,0.9973144180718913,0
890,626.3583333333333,0.7250000000000227,0.7250000000000227,0.7138888888889028,1.0155642023346425,69.44444444444444,0.3000830928166665,0.9977713137293974,0
891,627.0833333333334,0.7250000000000227,0.7583333333333258,0.7138888888889028,1.0155642023346425,72.22222222222223,0.3059569210675462,0.9995331916321453,0
892,627.8416666666667,0.7583333333333258,0.7416666666666742,0.7138888888889028,1.06225680933849,72.22222222222223,0.26532819871602287,0.9979071882371893,0
893,628.5833333333334,0.7416666666666742,0.7361111111110858,0.7138888888889028,1.0389105058365662,75.0,0.291426049651499,0.9992602007534801,0
894,629.3194444444445,0.7361111111110858,0.6944444444444571,0.7138888888889028,1.0311284046692053,72.22222222222223,0.2918768289968605,0.9996477360029196,0
895,630.0138888888889,0.6944444444444571,0.6805555555555429,0.7138888888889028,0.9727626459143957,72.22222222222223,0.3462499017334499,0.9992695085492271,0
896,630.6944444444445,0.6805555555555429,0.716666666666697,0.7138888888889028,0.9533073929960727,72.22222222222223,0.3649754357773487,0.9992737585808436,0
897,631.4111111111112,0.716666666666697,0.7333333333332348,0.7138888888889028,1.0038910505836804,77.77777777777777,0.3296728575246279,0.999646553853949,0
898,632.1444444444444,0.7333333333332348,0.7416666666666742,0.7138888888889028,1.0272373540854451,75.0,0.3018434246299917,0.9988588294627312,0
899,632.8861111111111,0.7416666666666742,0.7277777777778738,0.7138888888889028,1.0389105058365662,72.22222222222223,0.2851542790802156,0.998609928650035,0
900,633.6138888888889,0.7277777777778738,0.747222222222149,0.7138888888889028,1.0194552529184027,75.0,0.3087547012173068,0.9996670953302165,0
901,634.3611111111111,0.747222222222149,0.7388888888889369,0.7138888888889028,1.046692607003768,69.44444444444444,0.2723368273446234,0.9980345162835715,0
902,635.1,0.7388888888889369,0.7222222222221717,0.7138888888889028,1.0350194552529655,72.22222222222223,0.28847531167976137,0.9993064159132785,0
903,635.8222222222222,0.7222222222221717,0.6916666666667197,0.7138888888889028,1.0116731517508823,69.44444444444444,0.30355953604886143,0.9984179304726866,0
904,636.5138888888889,0.6916666666667197,0.6861111111111313,0.7138888888889028,0.9688715953307948,72.22222222222223,0.3500574987957383,0.9987822299462754,0
905,637.2,0.6861111111111313,0.7305555555554974,0.7138888888889028,0.9610894941634337,72.22222222222223,0.3575599364811094,0.9986851453412416,0
906,637.9305555555555,0.7305555555554974,0.75,0.7138888888889028,1.0233463035018442,77.77777777777777,0.3118850923411704,0.9991550987958486,0
907,638.6805555555555,0.75,0.7527777777777374,0.7138888888889028,1.0505836575875283,75.0,0.2813785413607056,0.998883399841183,0
908,639.4333333333333,0.7527777777777374,0.7250000000000227,0.7138888888889028,1.054474708171129,72.22222222222223,0.27175170667504595,0.9985494218735418,0
909,640.1583333333333,0.7250000000000227,0.7305555555556111,0.7138888888889028,1.0155642023346425,72.22222222222223,0.3060303784244189,0.9990434759196608,0
910,640.8888888888889,0.7305555555556111,0.7222222222221717,0.7138888888889028,1.0233463035020034,69.44444444444444,0.2929712433909444,0.9979850282061584,0
911,641.6111111111111,0.7222222222221717,0.7222222222222854,0.7138888888889028,1.0116731517508823,72.22222222222223,0.30962217496247924,0.9989210706238472,0
912,642.3333333333334,0.7222222222222854,0.6861111111110176,0.7138888888889028,1.0116731517510416,72.22222222222223,0.3096805415634486,0.9985319599497404,0
913,643.0194444444444,0.6861111111110176,0.683333333333394,0.7138888888889028,0.9610894941632745,69.44444444444444,0.3514382521462883,0.998575641332458,0
914,643.7027777777778,0.683333333333394,0.75,0.7138888888889028,0.9571984435798329,75.0,0.3675617807942725,0.9994722738209955,0
915,644.4527777777778,0.75,0.7555555555555884,0.7138888888889028,1.0505836575875283,80.55555555555556,0.2948717971348155,0.9979589645134603,0
916,645.2083333333334,0.7555555555555884,0.7333333333333485,0.7138888888889028,1.0583657587548891,77.77777777777777,0.28134682555240914,0.9990831435814163,0
917,645.9416666666667,0.7333333333333485,0.724999999999909,0.7138888888889028,1.0272373540856043,72.22222222222223,0.2954908361261771,0.9987473435752084,0
918,646.6666666666666,0.724999999999909,0.7111111111111086,0.7138888888889028,1.015564202334483,75.0,0.3123169528737955,0.999595055503457,0
919,647.3777777777777,0.7111111111111086,0.7000000000000455,0.7138888888889028,0.9961089494163194,72.22222222222223,0.32426655067104504,0.9978947739186201,0
920,648.0777777777778,0.7000000000000455,0.7111111111111086,0.7138888888889028,0.9805447470817567,72.22222222222223,0.3387770868148419,0.9994662802700108,0
921,648.7888888888889,0.7111111111111086,0.6805555555555429,0.7138888888889028,0.9961089494163194,77.77777777777777,0.3369607861322541,0.9996082015255183,0
922,649.4694444444444,0.6805555555555429,0.6861111111111313,0.7138888888889028,0.9533073929960727,77.77777777777777,0.37790689160028895,0.9994057171095336,0
923,650.1555555555556,0.6861111111111313,0.7472222222222626,0.7138888888889028,0.9610894941634337,75.0,0.3638602801499051,0.9991449301279374,0
924,650.9027777777778,0.7472222222222626,0.7555555555554747,0.7138888888889028,1.0466926070039273,80.55555555555556,0.2982574934992076,0.9976434872390518,0
925,651.6583333333333,0.7555555555554747,0.6111111111110858,0.7138888888889028,1.05836575875473,75.0,0.2747103698645158,0.9994465933986364,0
926,652.2694444444444,0.6111111111110858,0.8250000000000455,0.7138888888889028,0.8560311284046173,88.88888888888889,0.520166910867042,0.8422361410585384,1
927,653.0944444444444,0.8250000000000455,0.7027777777777828,0.7138888888889028,1.1556420233463447,75.0,0.204570052753469,0.9996197408490448,0
928,653.7972222222222,0.7027777777777828,0.6972222222221944,0.7138888888889028,0.9844357976653576,69.44444444444444,0.3294506396186786,0.9960145804753988,0
929,654.4944444444444,0.6972222222221944,0.7055555555556339,0.7138888888889028,0.9766536964979965,75.0,0.34881905835502974,0.9997612909128993,0
930,655.2,0.7055555555556339,0.7111111111111086,0.7138888888889028,0.9883268482491177,80.55555555555556,0.3512556239759311,0.9984351320747126,0
931,655.9111111111112,0.7111111111111086,0.7194444444444343,0.7138888888889028,0.9961089494163194,80.55555555555556,0.34393421079583136,0.9982697188317218,0
932,656.6305555555556,0.7194444444444343,0.75,0.7138888888889028,1.0077821011672814,75.0,0.3195671810938603,0.999045015588759,0
933,657.3805555555556,0.75,0.7722222222222399,0.7138888888889028,1.0505836575875283,80.55555555555556,0.29476814863547357,0.9986499545090732,0
934,658.1527777777778,0.7722222222222399,0.7416666666665606,0.7138888888889028,1.081712062256813,75.0,0.2557001637496887,0.9998186043927078,0
935,658.8944444444444,0.7416666666665606,0.6944444444444571,0.7138888888889028,1.038910505836407,75.0,0.29144318129871577,0.9991459897729646,0
936,659.5888888888888,0.6944444444444571,0.7027777777777828,0.7138888888889028,0.9727626459143957,72.22222222222223,0.3463269114038405,0.9987561107466231,0
937,660.2916666666666,0.7027777777777828,0.6972222222223081,0.7138888888889028,0.9844357976653576,75.0,0.34151003127811125,0.9990014448997946,0
938,660.9888888888889,0.6972222222223081,0.7222222222221717,0.7138888888889028,0.9766536964981558,75.0,0.3488202466812734,0.9997533687369253,0
939,661.7111111111111,0.7222222222221717,0.7305555555556111,0.7138888888889028,1.0116731517508823,77.77777777777777,0.32250343528399605,0.9993876658286938,0
940,662.4416666666667,0.7305555555556111,0.7361111111110858,0.7138888888889028,1.0233463035020034,80.55555555555556,0.3186732137124837,0.9990519713828525,0
941,663.1777777777778,0.7361111111110858,0.7527777777777374,0.7138888888889028,1.0311284046692053,75.0,0.298330926763241,0.9990824934723834,0
942,663.9305555555555,0.7527777777777374,0.7666666666666515,0.7138888888889028,1.054474708171129,77.77777777777777,0.28462862874146316,0.9990449387790523,0
943,664.6972222222222,0.7666666666666515,0.7250000000000227,0.7138888888889028,1.073929961089452,75.0,0.2618910022631671,0.9997469954292679,0
944,665.4222222222222,0.7250000000000227,0.6805555555555429,0.7138888888889028,1.0155642023346425,75.0,0.31241794193506606,0.9989217950940139,0
945,666.1027777777778,0.6805555555555429,0.6944444444444571,0.7138888888889028,0.9533073929960727,77.77777777777777,0.37789731079354383,0.9994695891545013,0
946,666.7972222222222,0.6944444444444571,0.7000000000000455,0.7138888888889028,0.9727626459143957,75.0,0.3526674072361542,0.9989482144431989,0
947,667.4972222222223,0.7000000000000455,0.7388888888888232,0.7138888888889028,0.9805447470817567,75.0,0.34517219427874307,0.9992943064226703,0
948,668.2361111111111,0.7388888888888232,0.7416666666666742,0.7138888888889028,1.035019455252806,77.77777777777777,0.30150650547025165,0.9987734546592417,0
949,668.9777777777778,0.7416666666666742,0.7416666666666742,0.7138888888889028,1.0389105058365662,77.77777777777777,0.29795646631033007,0.9996036777975638,0
950,669.7194444444444,0.7416666666666742,0.7472222222222626,0.7138888888889028,1.0389105058365662,75.0,0.29144388299770607,0.999141311778766,0
951,670.4666666666667,0.7472222222222626,0.75,0.7138888888889028,1.0466926070039273,77.77777777777777,0.2912464116942797,0.9992330175418522,0
952,671.2166666666667,0.75,0.7055555555555202,0.7138888888889028,1.0505836575875283,72.22222222222223,0.27494326960886456,0.9993231356081225,0
953,671.9222222222222,0.7055555555555202,0.6861111111111313,0.7138888888889028,0.9883268482489584,72.22222222222223,0.3315540591540597,0.9982862184765167,0
954,672.6083333333333,0.6861111111111313,0.7055555555555202,0.7138888888889028,0.9610894941634337,75.0,0.36389225742808023,0.9989317482734366,0
955,673.3138888888889,0.7055555555555202,0.7055555555555202,0.7138888888889028,0.9883268482489584,75.0,0.33769633599810384,0.9997997820948903,0
956,674.0194444444444,0.7055555555555202,0.7583333333334394,0.7138888888889028,0.9883268482489584,80.55555555555556,0.35108402781508574,0.9995791064813542,0
957,674.7777777777778,0.7583333333334394,0.747222222222149,0.7138888888889028,1.0622568093386493,80.55555555555556,0.28500054919638085,0.9982508641122658,0
958,675.525,0.747222222222149,0.7361111111110858,0.7138888888889028,1.046692607003768,77.77777777777777,0.29117079224485565,0.9997371472055946,0
959,676.2611111111111,0.7361111111110858,0.7388888888889369,0.7138888888889028,1.0311284046692053,75.0,0.2983384509485816,0.9990323322367799,0
960,677.0,0.7388888888889369,0.7388888888889369,0.7138888888889028,1.0350194552529655,75.0,0.29481997635351204,0.9994707273336085,0
961,677.7388888888889,0.7388888888889369,0.6999999999999318,0.7138888888889028,1.0350194552529655,75.0,0.2948521990459604,0.9992559093839528,0
962,678.4388888888889,0.6999999999999318,0.6861111111111313,0.7138888888889028,0.9805447470815974,72.22222222222223,0.3389248546520698,0.9984811613561708,0
963,679.125,0.6861111111111313,0.7222222222221717,0.7138888888889028,0.9610894941634337,72.22222222222223,0.3574339160360971,0.9995252816413238,0
964,679.8472222222222,0.7222222222221717,0.7250000000000227,0.7138888888889028,1.0116731517508823,75.0,0.3158418485182039,0.99991865616435,0
965,680.5722222222222,0.7250000000000227,0.7722222222222399,0.7138888888889028,1.0155642023346425,77.77777777777777,0.31908143773932035,0.9983780778352762,0
966,681.3444444444444,0.7722222222222399,0.5944444444444343,0.7138888888889028,1.081712062256813,77.77777777777777,0.2625092274402592,0.998304434558529,0
967,681.9388888888889,0.5944444444444343,0.8944444444445026,0.7138888888889028,0.8326848249026934,100.0,0.5672952173217316,0.8535992925819407,1
968,682.8333333333334,0.8944444444445026,0.7138888888888459,0.7138888888889028,1.2529182879378002,75.0,0.1581825779746814,0.9992357154724391,0
969,683.5472222222222,0.7138888888888459,0.7472222222222626,0.7138888888889028,0.9999999999999204,77.77777777777777,0.33332361781436837,0.9995245223360127,0
970,684.2944444444445,0.7472222222222626,0.7111111111111086,0.7138888888889028,1.0466926070039273,72.22222222222223,0.27828919984562045,0.9992727658512892,0
971,685.0055555555556,0.7111111111111086,0.6888888888888687,0.7138888888889028,0.9961089494163194,66.66666666666667,0.31230908033478866,0.9974120756577004,0
972,685.6944444444445,0.6888888888888687,0.7388888888888232,0.7138888888889028,0.9649805447470347,69.44444444444444,0.3476734434878074,0.9986968880782785,0
973,686.4333333333333,0.7388888888888232,0.7472222222222626,0.7138888888889028,1.035019455252806,75.0,0.2948449323369105,0.9993043541118917,0
974,687.1805555555555,0.7472222222222626,0.7638888888889142,0.7138888888889028,1.0466926070039273,80.55555555555556,0.29810428867477434,0.9986648527352734,0
975,687.9444444444445,0.7638888888889142,0.7361111111110858,0.7138888888889028,1.0700389105058512,80.55555555555556,0.27861470774204156,0.9982377333652063,0
976,688.6805555555555,0.7361111111110858,0.7055555555555202,0.7138888888889028,1.0311284046692053,75.0,0.2982463067755028,0.9996466267239716,0
977,689.3861111111111,0.7055555555555202,0.7138888888889596,0.7138888888889028,0.9883268482489584,72.22222222222223,0.33147397981799565,0.9988200807169441,0
978,690.1,0.7138888888889596,0.7222222222221717,0.7138888888889028,1.0000000000000797,77.77777777777777,0.33340339318711454,0.9989926865167111,0
979,690.8222222222222,0.7222222222221717,0.7138888888889596,0.7138888888889028,1.0116731517508823,72.22222222222223,0.30967667151595696,0.998557760267329,0
980,691.5361111111112,0.7138888888889596,0.6972222222221944,0.7138888888889028,1.0000000000000797,75.0,0.32682378273591167,0.998977168088439,0
981,692.2333333333333,0.6972222222221944,0.7472222222222626,0.7138888888889028,0.9766536964979965,72.22222222222223,0.3426512397947628,0.998418005402678,0
982,692.9805555555556,0.7472222222222626,0.7444444444444116,0.7138888888889028,1.0466926070039273,77.77777777777777,0.2912402254489085,0.9992742591776607,0
983,693.725,0.7444444444444116,0.7583333333333258,0.7138888888889028,1.0428015564201671,77.77777777777777,0.29471834731001456,0.9985421058402921,0
984,694.4833333333333,0.7583333333333258,0.7194444444444343,0.7138888888889028,1.06225680933849,80.55555555555556,0.2848787636676578,0.9990627676379666,0
985,695.2027777777778,0.7194444444444343,0.691666666666606,0.7138888888889028,1.0077821011672814,75.0,0.3195299603125621,0.9992931541307468,0
986,695.8944444444444,0.691666666666606,0.7222222222222854,0.7138888888889028,0.9688715953306355,72.22222222222223,0.35008849363035716,0.9985755977165036,0
987,696.6166666666667,0.7222222222222854,0.7194444444444343,0.7138888888889028,1.0116731517510416,75.0,0.3158540894975834,0.9998370496341755,0
988,697.3361111111111,0.7194444444444343,0.7250000000000227,0.7138888888889028,1.0077821011672814,72.22222222222223,0.31325120743357393,0.9986894307453342,0
989,698.0611111111111,0.7250000000000227,0.7277777777777601,0.7138888888889028,1.0155642023346425,75.0,0.3123983672033719,0.9990522933053083,0
990,698.7888888888889,0.7277777777777601,0.7555555555555884,0.7138888888889028,1.0194552529182432,72.22222222222223,0.30240111580742096,0.9995622554850885,0
991,699.5444444444445,0.7555555555555884,0.7611111111110631,0.7138888888889028,1.0583657587548891,72.22222222222223,0.26853861611235397,0.9981295425001591,0
992,700.3055555555555,0.7611111111110631,0.7527777777777374,0.7138888888889028,1.066147859922091,75.0,0.26828384177495956,0.9992599581741219,0
993,701.0583333333333,0.7527777777777374,0.7000000000000455,0.7138888888889028,1.054474708171129,77.77777777777777,0.28458940837339813,0.9993064078994855,0
994,701.7583333333333,0.7000000000000455,0.6777777777778056,0.7138888888889028,0.9805447470817567,75.0,0.3452076763406698,0.9990577593431589,0
995,702.4361111111111,0.6777777777778056,0.716666666666697,0.7138888888889028,0.9494163424124719,72.22222222222223,0.3688899659747789,0.9982060802664583,0
996,703.1527777777778,0.716666666666697,0.7166666666665833,0.7138888888889028,1.0038910505836804,75.0,0.3230619521817397,0.9998396680369119,0
997,703.8694444444444,0.7166666666665833,0.7277777777777601,0.7138888888889028,1.0038910505835212,75.0,0.32311361093904406,0.9994952763225382,0
998,704.5972222222222,0.7277777777777601,0.7277777777778738,0.7138888888889028,1.0194552529182432,75.0,0.3087828559981842,0.9994793967920008,0
999,705.325,0.7277777777778738,0.7416666666666742,0.7138888888889028,1.0194552529184027,75.0,0.3088246016309629,0.999201092572509,0
1000,706.0666666666667,0.7416666666666742,0.7416666666665606,0.7138888888889028,1.0389105058365662,69.44444444444444,0.2790284725574797,0.9985279058929952,0
1001,706.8083333333333,0.7416666666665606,0.7361111111111995,0.7138888888889028,1.038910505836407,75.0,0.29141618025398053,0.9993259967378663,0
1002,707.5444444444445,0.7361111111111995,0.6972222222221944,0.7138888888889028,1.0311284046693645,72.22222222222223,0.2918684070631536,0.999703882226687,0
1003,708.2416666666667,0.6972222222221944,0.6722222222222172,0.7138888888889028,0.9766536964979965,77.77777777777777,0.3554341781288739,0.9995400805235628,0
1004,708.9138888888889,0.6722222222222172,0.7222222222221717,0.7138888888889028,0.9416342412451107,72.22222222222223,0.37622923430182875,0.9993224790735507,0
1005,709.6361111111111,0.7222222222221717,0.7333333333333485,0.7138888888889028,1.0116731517508823,77.77777777777777,0.32251447174896586,0.9993140893955617,0
1006,710.3694444444444,0.7333333333333485,0.7333333333333485,0.7138888888889028,1.0272373540856043,72.22222222222223,0.29536313046434215,0.999598714654108,0
1007,711.1027777777778,0.7333333333333485,0.7277777777777601,0.7138888888889028,1.0272373540856043,75.0,0.30174364269373455,0.9995240423701597,0
1008,711.8305555555555,0.7277777777777601,0.7388888888889369,0.7138888888889028,1.0194552529182432,77.77777777777777,0.3154351655836042,0.9990102543254921,0
1009,712.5694444444445,0.7388888888889369,0.7305555555554974,0.7138888888889028,1.0350194552529655,75.0,0.2947655321529842,0.9998336886704607,0
1010,713.3,0.7305555555554974,0.7138888888889596,0.7138888888889028,1.0233463035018442,75.0,0.3052612189823223,0.9994346664185448,0
1011,714.0138888888889,0.7138888888889596,0.6972222222221944,0.7138888888889028,1.0000000000000797,69.44444444444444,0.3145166840912663,0.9976416835654613,0
1012,714.7111111111111,0.6972222222221944,0.6861111111111313,0.7138888888889028,0.9766536964979965,77.77777777777777,0.3554294966673895,0.999571290266792,0
1013,715.3972222222222,0.6861111111111313,0.7416666666666742,0.7138888888889028,0.9610894941634337,77.77777777777777,0.3703805953714866,0.9995557500870189,0
1014,716.1388888888889,0.7416666666666742,0.747222222222149,0.7138888888889028,1.0389105058365662,80.55555555555556,0.30486254207779484,0.9987141877445174,0
1015,716.8861111111111,0.747222222222149,0.7361111111111995,0.7138888888889028,1.046692607003768,80.55555555555556,0.29804585317778504,0.999054422716117,0
1016,717.6222222222223,0.7361111111111995,0.7388888888888232,0.7138888888889028,1.0311284046693645,72.22222222222223,0.2918838957945838,0.9996006240171522,0
1017,718.3611111111111,0.7388888888888232,0.7250000000000227,0.7138888888889028,1.035019455252806,75.0,0.2947973555003752,0.9996215330221268,0
1018,719.0861111111111,0.7250000000000227,0.7277777777777601,0.7138888888889028,1.0155642023346425,77.77777777777777,0.31891936843991336,0.9994585398313229,0
1019,719.8138888888889,0.7277777777777601,0.7055555555555202,0.7138888888889028,1.0194552529182432,75.0,0.3087960763144464,0.9993912613502529,0
1020,720.5194444444444,0.7055555555555202,0.6944444444444571,0.7138888888889028,0.9883268482489584,69.44444444444444,0.32561068677316846,0.9969879681071794,0
1021,721.2138888888888,0.6944444444444571,0.7027777777777828,0.7138888888889028,0.9727626459143957,72.22222222222223,0.3462852615671579,0.999033776324507,0
1022,721.9166666666666,0.7027777777777828,0.7583333333333258,0.7138888888889028,0.9844357976653576,75.0,0.3414124279496979,0.9996521337558837,0
1023,722.675,0.7583333333333258,0.752777777777851,0.7138888888889028,1.06225680933849,83.33333333333333,0.29216628428263697,0.9967347011115923,0
1024,723.4277777777778,0.752777777777851,0.7333333333333485,0.7138888888889028,1.0544747081712884,80.55555555555556,0.29160223399558194,0.997705252147413,0
1025,724.1611111111112,0.7333333333333485,0.7361111111110858,0.7138888888889028,1.0272373540856043,75.0,0.30169364994207004,0.9998573273812564,0
1026,724.8972222222222,0.7361111111110858,0.6999999999999318,0.7138888888889028,1.0311284046692053,77.77777777777777,0.30484904987765704,0.9995079274792347,0
1027,725.5972222222222,0.6999999999999318,0.7138888888889596,0.7138888888889028,0.9805447470815974,72.22222222222223,0.33876369725815036,0.9995555439823003,0
1028,726.3111111111111,0.7138888888889596,0.7055555555555202,0.7138888888889028,1.0000000000000797,77.77777777777777,0.3333286771660918,0.9994907933235293,0
1029,727.0166666666667,0.7055555555555202,0.7000000000000455,0.7138888888889028,0.9883268482489584,69.44444444444444,0.3254415051364875,0.9981158456850522,0
1030,727.7166666666667,0.7000000000000455,0.7083333333332575,0.7138888888889028,0.9805447470817567,72.22222222222223,0.3388717958374961,0.9988348867856495,0
1031,728.425,0.7083333333332575,0.7666666666667652,0.7138888888889028,0.9922178988325594,77.77777777777777,0.34064152835271333,0.9995081753054937,0
1032,729.1916666666667,0.7666666666667652,0.747222222222149,0.7138888888889028,1.0739299610896114,80.55555555555556,0.2754884827234985,0.998127728859215,0
1033,729.9388888888889,0.747222222222149,0.7111111111111086,0.7138888888889028,1.046692607003768,80.55555555555556,0.2981057308714404,0.9986552380917482,0
1034,730.65,0.7111111111111086,0.7138888888889596,0.7138888888889028,0.9961089494163194,75.0,0.33033472561903926,0.9999023501773262,0
1035,731.3638888888889,0.7138888888889596,0.691666666666606,0.7138888888889028,1.0000000000000797,77.77777777777777,0.3332808187036721,0.9998098497396608,0
1036,732.0555555555555,0.691666666666606,0.7055555555555202,0.7138888888889028,0.9688715953306355,75.0,0.35632551766262244,0.9994575134134022,0
1037,732.7611111111111,0.7055555555555202,0.716666666666697,0.7138888888889028,0.9883268482489584,75.0,0.3377438246852371,0.9994831908473351,0
1038,733.4777777777778,0.716666666666697,0.7111111111111086,0.7138888888889028,1.0038910505836804,69.44444444444444,0.3108478230836809,0.9978843865366906,0
1039,734.1888888888889,0.7111111111111086,0.7277777777777601,0.7138888888889028,0.9961089494163194,75.0,0.33050232102480054,0.9987850474722508,0
1040,734.9166666666666,0.7277777777777601,0.7861111111111541,0.7138888888889028,1.0194552529182432,80.55555555555556,0.32216582812319194,0.9992901857916257,0
1041,735.7027777777778,0.7861111111111541,0.7444444444444116,0.7138888888889028,1.101167315175136,80.55555555555556,0.2544188973317993,0.9986426169326352,0
1042,736.4472222222222,0.7444444444444116,0.7083333333333712,0.7138888888889028,1.0428015564201671,77.77777777777777,0.2947082273255341,0.9986095724034951,0
1043,737.1555555555556,0.7083333333333712,0.7000000000000455,0.7138888888889028,0.9922178988327186,72.22222222222223,0.3277225410998103,0.9992930929755535,0
1044,737.8555555555556,0.7000000000000455,0.6944444444443434,0.7138888888889028,0.9805447470817567,72.22222222222223,0.33873333911603476,0.9997579315953916,0
1045,738.55,0.6944444444443434,0.7111111111111086,0.7138888888889028,0.9727626459142364,72.22222222222223,0.34629391317477465,0.9989760989414129,0
1046,739.2611111111111,0.7111111111111086,0.719444444444548,0.7138888888889028,0.9961089494163194,75.0,0.3303322432282287,0.9999188994493967,0
1047,739.9805555555556,0.719444444444548,0.7333333333332348,0.7138888888889028,1.0077821011674406,72.22222222222223,0.31321251326233085,0.9989473918859718,0
1048,740.7138888888888,0.7333333333332348,0.7416666666666742,0.7138888888889028,1.0272373540854451,75.0,0.30169429342637766,0.999853037486825,0
1049,741.4555555555555,0.7416666666666742,0.7722222222222399,0.7138888888889028,1.0389105058365662,77.77777777777777,0.29800465092279743,0.9992824470477815,0
1050,742.2277777777778,0.7722222222222399,0.7305555555556111,0.7138888888889028,1.081712062256813,80.55555555555556,0.2691772113835442,0.9990022233333471,0
1051,742.9583333333334,0.7305555555556111,0.6999999999999318,0.7138888888889028,1.0233463035020034,77.77777777777777,0.31181165710478814,0.9996446670374375,0
1052,743.6583333333333,0.6999999999999318,0.6888888888888687,0.7138888888889028,0.9805447470815974,72.22222222222223,0.3389471110122206,0.9983327856218321,0
1053,744.3472222222222,0.6888888888888687,0.6944444444444571,0.7138888888889028,0.9649805447470347,72.22222222222223,0.3537542679714265,0.9990787910960972,0
1054,745.0416666666666,0.6944444444444571,0.7277777777777601,0.7138888888889028,0.9727626459143957,72.22222222222223,0.3462682976969864,0.9991468687923168,0
1055,745.7694444444444,0.7277777777777601,0.7416666666666742,0.7138888888889028,1.0194552529182432,75.0,0.3087839670664042,0.9994719896705341,0
1056,746.5111111111111,0.7416666666666742,0.7444444444445253,0.7138888888889028,1.0389105058365662,72.22222222222223,0.28506601548573457,0.9991983526132417,0
1057,747.2555555555556,0.7444444444445253,0.7305555555554974,0.7138888888889028,1.0428015564203263,75.0,0.2880292861907162,0.9992562585317337,0
1058,747.9861111111111,0.7305555555554974,0.7583333333333258,0.7138888888889028,1.0233463035018442,77.77777777777777,0.3118257195455416,0.9995509174333739,0
1059,748.7444444444444,0.7583333333333258,0.7055555555556339,0.7138888888889028,1.06225680933849,80.55555555555556,0.28489221729455766,0.9989730767919676,0
1060,749.45,0.7055555555556339,0.6861111111110176,0.7138888888889028,0.9883268482491177,77.77777777777777,0.34438299481989043,0.9991016447182648,0
1061,750.1361111111111,0.6861111111110176,0.683333333333394,0.7138888888889028,0.9610894941632745,66.66666666666667,0.3458494064474744,0.9965561783972012,0
1062,750.8194444444445,0.683333333333394,0.691666666666606,0.7138888888889028,0.9571984435798329,72.22222222222223,0.36123978495734005,0.9991568368218777,0
1063,751.5111111111111,0.691666666666606,0.7277777777778738,0.7138888888889028,0.9688715953306355,72.22222222222223,0.34998677227268205,0.9992537401010043,0
1064,752.2388888888889,0.7277777777778738,0.7638888888888005,0.7138888888889028,1.0194552529184027,77.77777777777777,0.31534660686410854,0.9996006457878295,0
1065,753.0027777777777,0.7638888888888005,0.7333333333333485,0.7138888888889028,1.070038910505692,75.0,0.26510212902451796,0.9992909883165492,0
1066,753.7361111111111,0.7333333333333485,0.7138888888889596,0.7138888888889028,1.0272373540856043,77.77777777777777,0.30830929334466345,0.9996326261335914,0
1067,754.45,0.7138888888889596,0.7388888888888232,0.7138888888889028,1.0000000000000797,75.0,0.32671115595228156,0.9997280133126399,0
1068,755.1888888888889,0.7388888888888232,0.7055555555555202,0.7138888888889028,1.035019455252806,77.77777777777777,0.30142881277721506,0.9992914059461525,0
1069,755.8944444444444,0.7055555555555202,0.683333333333394,0.7138888888889028,0.9883268482489584,75.0,0.3378432768197034,0.99882017661756,0
1070,756.5777777777778,0.683333333333394,0.6749999999999545,0.7138888888889028,0.9571984435798329,75.0,0.36773619656227596,0.9983095020343058,0
1071,757.2527777777777,0.6749999999999545,0.7055555555556339,0.7138888888889028,0.9455252918287117,72.22222222222223,0.3725126367976497,0.999082731618623,0
1072,757.9583333333334,0.7055555555556339,0.7277777777777601,0.7138888888889028,0.9883268482491177,72.22222222222223,0.331534775639306,0.9984147752405361,0
1073,758.6861111111111,0.7277777777777601,0.7527777777777374,0.7138888888889028,1.0194552529182432,77.77777777777777,0.3154089775697061,0.9991848410848129,0
1074,759.4388888888889,0.7527777777777374,0.7305555555556111,0.7138888888889028,1.054474708171129,83.33333333333333,0.29869047782280156,0.9967056975403349,0
1075,760.1694444444445,0.7305555555556111,0.6999999999999318,0.7138888888889028,1.0233463035020034,80.55555555555556,0.31881134826443047,0.9981310743698741,0
1076,760.8694444444444,0.6999999999999318,0.716666666666697,0.7138888888889028,0.9805447470815974,75.0,0.34509688857278226,0.9997963444634217,0
1077,761.5861111111111,0.716666666666697,0.7083333333333712,0.7138888888889028,1.0038910505836804,77.77777777777777,0.3297142906334854,0.999370333128232,0
1078,762.2944444444445,0.7083333333333712,0.6888888888888687,0.7138888888889028,0.9922178988327186,72.22222222222223,0.3278364439345146,0.9985337407441914,0
1079,762.9833333333333,0.6888888888888687,0.6833333333332803,0.7138888888889028,0.9649805447470347,72.22222222222223,0.35394024926351636,0.9978389158154981,0
1080,763.6666666666666,0.6833333333332803,0.7194444444444343,0.7138888888889028,0.9571984435796735,77.77777777777777,0.37412427612235444,0.9996018930710975,0
1081,764.3861111111111,0.7194444444444343,0.7305555555556111,0.7138888888889028,1.0077821011672814,77.77777777777777,0.32604147962893776,0.9997626134578669,0
1082,765.1166666666667,0.7305555555556111,0.7444444444444116,0.7138888888889028,1.0233463035020034,83.33333333333333,0.32571588705626964,0.9983562199977664,0
1083,765.8611111111111,0.7444444444444116,0.7250000000000227,0.7138888888889028,1.0428015564201671,80.55555555555556,0.3015193726880765,0.9983529517165978,0
1084,766.5861111111111,0.7250000000000227,0.7027777777777828,0.7138888888889028,1.0155642023346425,80.55555555555556,0.3257897366280396,0.9988071003071999,0
1085,767.2888888888889,0.7027777777777828,0.6861111111111313,0.7138888888889028,0.9844357976653576,72.22222222222223,0.33516291874073656,0.9988534525702919,0
1086,767.975,0.6861111111111313,0.7083333333332575,0.7138888888889028,0.9610894941634337,77.77777777777777,0.3704010979819105,0.9994190660175262,0
1087,768.6833333333333,0.7083333333332575,0.6944444444444571,0.7138888888889028,0.9922178988325594,69.44444444444444,0.32175734791324634,0.9981403146450358,0
1088,769.3777777777777,0.6944444444444571,0.6888888888889824,0.7138888888889028,0.9727626459143957,75.0,0.35254347422873233,0.9997744344926778,0
1089,770.0666666666667,0.6888888888889824,0.7333333333332348,0.7138888888889028,0.9649805447471939,77.77777777777777,0.366722930502975,0.9989627048997105,0
1090,770.8,0.7333333333332348,0.7361111111111995,0.7138888888889028,1.0272373540854451,83.33333333333333,0.3222473705482791,0.9981185307473117,0
1091,771.5361111111112,0.7361111111111995,0.7583333333333258,0.7138888888889028,1.0311284046693645,77.77777777777777,0.3050787529118321,0.997976573917122,0
1092,772.2944444444445,0.7583333333333258,0.724999999999909,0.7138888888889028,1.06225680933849,80.55555555555556,0.2849061907324897,0.9988799205390873,0
1093,773.0194444444444,0.724999999999909,0.7027777777777828,0.7138888888889028,1.015564202334483,75.0,0.31237596844027715,0.9992016183935795,0
1094,773.7222222222222,0.7027777777777828,0.6972222222223081,0.7138888888889028,0.9844357976653576,72.22222222222223,0.3352180036338706,0.9984862199493982,0
1095,774.4194444444445,0.6972222222223081,0.7305555555554974,0.7138888888889028,0.9766536964981558,75.0,0.3488844473751501,0.9993253641110804,0
1096,775.15,0.7305555555554974,0.716666666666697,0.7138888888889028,1.0233463035018442,72.22222222222223,0.29898428573961705,0.9988188121245789,0
1097,775.8666666666667,0.716666666666697,0.7138888888888459,0.7138888888889028,1.0038910505836804,77.77777777777777,0.32967511208104344,0.999631523477845,0
1098,776.5805555555555,0.7138888888888459,0.75,0.7138888888889028,0.9999999999999204,80.55555555555556,0.3401656335132881,0.9990620994065997,0
1099,777.3305555555555,0.75,0.7444444444445253,0.7138888888889028,1.0505836575875283,80.55555555555556,0.2948645534319577,0.9980072558658455,0
1100,778.075,0.7444444444445253,0.7611111111110631,0.7138888888889028,1.0428015564203263,83.33333333333333,0.3086125219466909,0.9973206942317324,0
1101,778.8361111111111,0.7611111111110631,0.7111111111111086,0.7138888888889028,1.066147859922091,77.77777777777777,0.2748632589112293,0.9992767653686145,0
1102,779.5472222222222,0.7111111111111086,0.6888888888888687,0.7138888888889028,0.9961089494163194,75.0,0.330377431369622,0.9996176451734413,0
1103,780.2361111111111,0.6888888888888687,0.7111111111111086,0.7138888888889028,0.9649805447470347,69.44444444444444,0.34780603394148846,0.9978129517204049,0
1104,780.9472222222222,0.7111111111111086,0.7333333333333485,0.7138888888889028,0.9961089494163194,77.77777777777777,0.3369217556744336,0.9998684045776551,0
1105,781.6805555555555,0.7333333333333485,0.7250000000000227,0.7138888888889028,1.0272373540856043,69.44444444444444,0.28943651457462927,0.9981887543435812,0
1106,782.4055555555556,0.7250000000000227,0.7305555555554974,0.7138888888889028,1.0155642023346425,75.0,0.3123091282621377,0.9996472195802029,0
1107,783.1361111111111,0.7305555555554974,0.752777777777851,0.7138888888889028,1.0233463035018442,75.0,0.30521756807806,0.9997256724469602,0
1108,783.8888888888889,0.752777777777851,0.7333333333333485,0.7138888888889028,1.0544747081712884,77.77777777777777,0.2845201838705761,0.9997679045840668,0
1109,784.6222222222223,0.7333333333333485,0.7388888888888232,0.7138888888889028,1.0272373540856043,77.77777777777777,0.3083566792841671,0.9993167198702338,0
1110,785.3611111111111,0.7388888888888232,0.7000000000000455,0.7138888888889028,1.035019455252806,77.77777777777777,0.30136858146036916,0.9996929480584584,0
1111,786.0611111111111,0.7000000000000455,0.6833333333332803,0.7138888888889028,0.9805447470817567,72.22222222222223,0.3388113315363822,0.9992379821264087,0
1112,786.7444444444444,0.6833333333332803,0.7222222222222854,0.7138888888889028,0.9571984435796735,72.22222222222223,0.36131482760604483,0.9986565524982032,0
1113,787.4666666666667,0.7222222222222854,0.7444444444444116,0.7138888888889028,1.0116731517510416,75.0,0.31585808433479085,0.999810417386126,0
1114,788.2111111111111,0.7444444444444116,0.7416666666666742,0.7138888888889028,1.0428015564201671,72.22222222222223,0.2817090536731329,0.9989290660712113,0
1115,788.9527777777778,0.7416666666666742,0.7333333333333485,0.7138888888889028,1.0389105058365662,75.0,0.29148573911476194,0.9988622709983936,0
1116,789.6861111111111,0.7333333333333485,0.75,0.7138888888889028,1.0272373540856043,72.22222222222223,0.29546397551763887,0.9989264142987966,0
1117,790.4361111111111,0.75,0.7277777777777601,0.7138888888889028,1.0505836575875283,75.0,0.2813055038500861,0.9993703165786462,0
1118,791.1638888888889,0.7277777777777601,0.7138888888888459,0.7138888888889028,1.0194552529182432,72.22222222222223,0.30256759693800483,0.9984523812811963,0
1119,791.8777777777777,0.7138888888888459,0.6916666666667197,0.7138888888889028,0.9999999999999204,72.22222222222223,0.3203422182056513,0.9997255223791681,0
1120,792.5694444444445,0.6916666666667197,0.6861111111111313,0.7138888888889028,0.9688715953307948,75.0,0.3562924470519433,0.9996779841502426,0
1121,793.2555555555556,0.6861111111111313,0.7194444444444343,0.7138888888889028,0.9610894941634337,72.22222222222223,0.35766858403259255,0.9979608283313541,0
1122,793.975,0.7194444444444343,0.7527777777777374,0.7138888888889028,1.0077821011672814,80.55555555555556,0.332858092155656,0.9994695450097972,0
1123,794.7277777777778,0.7527777777777374,0.7472222222222626,0.7138888888889028,1.054474708171129,75.0,0.2779371320389845,0.9997753286926185,0
1124,795.475,0.7472222222222626,0.7250000000000227,0.7138888888889028,1.0466926070039273,72.22222222222223,0.2784491495027462,0.9982064348037845,0
1125,796.2,0.7250000000000227,0.7305555555554974,0.7138888888889028,1.0155642023346425,72.22222222222223,0.3060551675852908,0.9988782148471813,0
1126,796.9305555555555,0.7305555555554974,0.716666666666697,0.7138888888889028,1.0233463035018442,72.22222222222223,0.29904638528531324,0.9984048151532707,0
1127,797.6472222222222,0.716666666666697,0.7138888888888459,0.7138888888889028,1.0038910505836804,72.22222222222223,0.3169555064732386,0.9980872301815852,0
1128,798.3611111111111,0.7138888888888459,0.6916666666667197,0.7138888888889028,0.9999999999999204,72.22222222222223,0.32049824760149564,0.9986853264068725,0
1129,799.0527777777778,0.6916666666667197,0.691666666666606,0.7138888888889028,0.9688715953307948,75.0,0.3562968763019062,0.9996484558171567,0
1130,799.7444444444444,0.691666666666606,0.7444444444445253,0.7138888888889028,0.9688715953306355,75.0,0.35630769788205724,0.9995763119505034,0
1131,800.4888888888889,0.7444444444445253,0.7611111111110631,0.7138888888889028,1.0428015564203263,80.55555555555556,0.3014527384738525,0.9987971798105015,0
1132,801.25,0.7611111111110631,0.7444444444444116,0.7138888888889028,1.066147859922091,77.77777777777777,0.2748709940317314,0.9992251978986011,0
1133,801.9944444444444,0.7444444444444116,0.7222222222222854,0.7138888888889028,1.0428015564201671,69.44444444444444,0.2756597652794135,0.9983369224540617,0
1134,802.7166666666667,0.7222222222222854,0.7138888888888459,0.7138888888889028,1.0116731517510416,72.22222222222223,0.30958942106812587,0.9991394299185586,0
1135,803.4305555555555,0.7138888888888459,0.7083333333333712,0.7138888888889028,0.9999999999999204,69.44444444444444,0.314647732265977,0.9967680290683842,0
1136,804.1388888888889,0.7083333333333712,0.716666666666697,0.7138888888889028,0.9922178988327186,72.22222222222223,0.3278952432891062,0.9981417450469142,0
1137,804.8555555555556,0.716666666666697,0.6972222222221944,0.7138888888889028,1.0038910505836804,69.44444444444444,0.31085851766304873,0.9978130893409052,0
1138,805.5527777777778,0.6972222222221944,0.6944444444444571,0.7138888888889028,0.9766536964979965,75.0,0.3489884697147506,0.9986318818480935,0
1139,806.2472222222223,0.6944444444444571,0.7638888888888005,0.7138888888889028,0.9727626459143957,77.77777777777777,0.35912947218540636,0.9997473695511421,0
1140,807.0111111111111,0.7638888888888005,0.752777777777851,0.7138888888889028,1.070038910505692,77.77777777777777,0.27189206466343424,0.9979043388267319,0
1141,807.7638888888889,0.752777777777851,0.7250000000000227,0.7138888888889028,1.0544747081712884,77.77777777777777,0.28460481075041844,0.9992037253851176,0
1142,808.4888888888889,0.7250000000000227,0.724999999999909,0.7138888888889028,1.0155642023346425,72.22222222222223,0.3061627514433082,0.9981609891270656,0
1143,809.2138888888888,0.724999999999909,0.7000000000000455,0.7138888888889028,1.015564202334483,75.0,0.3122889108154841,0.9997820025588665,0
1144,809.9138888888889,0.7000000000000455,0.7055555555555202,0.7138888888889028,0.9805447470817567,69.44444444444444,0.3328635547830952,0.9979690942397095,0
1145,810.6194444444444,0.7055555555555202,0.7222222222222854,0.7138888888889028,0.9883268482489584,75.0,0.33774709581420226,0.999461383320901,0
1146,811.3416666666667,0.7222222222222854,0.7111111111111086,0.7138888888889028,1.0116731517510416,69.44444444444444,0.3036129421557342,0.9980618897592237,0
1147,812.0527777777778,0.7111111111111086,0.7166666666665833,0.7138888888889028,0.9961089494163194,75.0,0.3304329430073226,0.9992475675887705,0
1148,812.7694444444444,0.7166666666665833,0.7722222222222399,0.7138888888889028,1.0038910505835212,77.77777777777777,0.3298176556813695,0.9986812328099932,0
1149,813.5416666666666,0.7722222222222399,0.75,0.7138888888889028,1.081712062256813,80.55555555555556,0.269358090811007,0.9977963604835953,0
1150,814.2916666666666,0.75,0.7111111111111086,0.7138888888889028,1.0505836575875283,77.77777777777777,0.28799668262575767,0.9986420461771272,0
1151,815.0027777777777,0.7111111111111086,0.7055555555556339,0.7138888888889028,0.9961089494163194,72.22222222222223,0.32410721779247975,0.9989569931090552,0
1152,815.7083333333334,0.7055555555556339,0.6944444444444571,0.7138888888889028,0.9883268482491177,75.0,0.337774830544078,0.9992764851207235,0
1153,816.4027777777778,0.6944444444444571,0.7111111111111086,0.7138888888889028,0.9727626459143957,72.22222222222223,0.34633269599973865,0.9987175467739686,0
1154,817.1138888888889,0.7111111111111086,0.7194444444444343,0.7138888888889028,0.9961089494163194,75.0,0.33034286648672617,0.9998480777260801,0
1155,817.8333333333334,0.7194444444444343,0.7277777777777601,0.7138888888889028,1.0077821011672814,72.22222222222223,0.31330205866329075,0.9983504225472221,0
1156,818.5611111111111,0.7277777777777601,0.7305555555554974,0.7138888888889028,1.0194552529182432,77.77777777777777,0.3154758409743974,0.9987390850535374,0
1157,819.2916666666666,0.7305555555554974,0.7694444444445026,0.7138888888889028,1.0233463035018442,77.77777777777777,0.3119384025281884,0.998799697549062,0
1158,820.0611111111111,0.7694444444445026,0.7444444444444116,0.7138888888889028,1.077821011673212,80.55555555555556,0.27247131925169377,0.9975235236108909,0
1159,820.8055555555555,0.7444444444444116,0.6972222222221944,0.7138888888889028,1.0428015564201671,77.77777777777777,0.2946296900472652,0.999133154258621,0
1160,821.5027777777777,0.6972222222221944,0.6888888888889824,0.7138888888889028,0.9766536964979965,72.22222222222223,0.34263382596077824,0.9985340976292418,0
1161,822.1916666666667,0.6888888888889824,0.6972222222221944,0.7138888888889028,0.9649805447471939,77.77777777777777,0.3666477334110752,0.9994640188457092,0
1162,822.8888888888889,0.6972222222221944,0.716666666666697,0.7138888888889028,0.9766536964979965,75.0,0.34889545619284623,0.9992519719941226,0
1163,823.6055555555556,0.716666666666697,0.7361111111110858,0.7138888888889028,1.0038910505836804,75.0,0.32316730532669824,0.9991373137371886,0
1164,824.3416666666667,0.7361111111110858,0.7333333333333485,0.7138888888889028,1.0311284046692053,69.44444444444444,0.28599041395170505,0.99796977006201,0
1165,825.075,0.7333333333333485,0.7333333333332348,0.7138888888889028,1.0272373540856043,77.77777777777777,0.3083302645011578,0.9994928184236291,0
1166,825.8083333333333,0.7333333333332348,0.7722222222222399,0.7138888888889028,1.0272373540854451,77.77777777777777,0.30844346566567393,0.998738143994474,0
1167,826.5805555555555,0.7722222222222399,0.7222222222222854,0.7138888888889028,1.081712062256813,80.55555555555556,0.26927616882861954,0.9983425070328449,0
1168,827.3027777777778,0.7222222222222854,0.6888888888888687,0.7138888888889028,1.0116731517510416,75.0,0.3158876646971984,0.9996132149700755,0
1169,827.9916666666667,0.6888888888888687,0.691666666666606,0.7138888888889028,0.9649805447470347,69.44444444444444,0.3477103026964175,0.9984511600208779,0
1170,828.6833333333333,0.691666666666606,0.7027777777777828,0.7138888888889028,0.9688715953306355,75.0,0.3563612084749779,0.9992195746643662,0
1171,829.3861111111111,0.7027777777777828,0.7277777777778738,0.7138888888889028,0.9844357976653576,75.0,0.3414278143788787,0.9995495575613452,0
1172,830.1138888888889,0.7277777777778738,0.7527777777777374,0.7138888888889028,1.0194552529184027,77.77777777777777,0.31533464778008435,0.9996803730146575,0
1173,830.8666666666667,0.7527777777777374,0.7388888888889369,0.7138888888889028,1.054474708171129,75.0,0.2780164399708504,0.9992466091468459,0
1174,831.6055555555556,0.7388888888889369,0.7333333333332348,0.7138888888889028,1.0350194552529655,72.22222222222223,0.2884606360862469,0.9994042532033753,0
1175,832.3388888888888,0.7333333333332348,0.7583333333333258,0.7138888888889028,1.0272373540854451,77.77777777777777,0.3082901460090773,0.9997602750384518,0
1176,833.0972222222222,0.7583333333333258,0.7027777777777828,0.7138888888889028,1.06225680933849,80.55555555555556,0.2848215521366979,0.9994441778443659,0
1177,833.8,0.7027777777777828,0.6805555555556566,0.7138888888889028,0.9844357976653576,72.22222222222223,0.33504903204339265,0.9996126972192511,0
1178,834.4805555555556,0.6805555555556566,0.6944444444443434,0.7138888888889028,0.9533073929962319,69.44444444444444,0.35905644950244797,0.9978129341705453,0
1179,835.175,0.6944444444443434,0.7000000000000455,0.7138888888889028,0.9727626459142364,75.0,0.3526523062045891,0.9990488879879837,0
1180,835.875,0.7000000000000455,0.7333333333333485,0.7138888888889028,0.9805447470817567,75.0,0.34510763490005003,0.9997247022806239,0
1181,836.6083333333333,0.7333333333333485,0.7638888888889142,0.7138888888889028,1.0272373540856043,77.77777777777777,0.3083009813977019,0.9996880391133351,0
1182,837.3722222222223,0.7638888888889142,0.7388888888888232,0.7138888888889028,1.0700389105058512,75.0,0.26512164988867387,0.9991608492213144,0
1183,838.1111111111111,0.7388888888888232,0.7083333333333712,0.7138888888889028,1.035019455252806,77.77777777777777,0.30134985815189125,0.999817770114978,0
1184,838.8194444444445,0.7083333333333712,0.7305555555554974,0.7138888888889028,0.9922178988327186,75.0,0.3340994320884332,0.9992425622967348,0
1185,839.55,0.7305555555554974,0.7027777777777828,0.7138888888889028,1.0233463035018442,77.77777777777777,0.3118099452634929,0.9996560793136984,0
1186,840.2527777777777,0.7027777777777828,0.6861111111111313,0.7138888888889028,0.9844357976653576,69.44444444444444,0.3290852500979808,0.9984505106133843,0
1187,840.9388888888889,0.6861111111111313,0.6944444444444571,0.7138888888889028,0.9610894941634337,69.44444444444444,0.3516864412952525,0.9969210470050083,0
1188,841.6333333333333,0.6944444444444571,0.7250000000000227,0.7138888888889028,0.9727626459143957,72.22222222222223,0.3463275694307094,0.9987517239008302,0
1189,842.3583333333333,0.7250000000000227,0.7527777777777374,0.7138888888889028,1.0155642023346425,75.0,0.3123817261186245,0.9991632338702908,0
1190,843.1111111111111,0.7527777777777374,0.7694444444445026,0.7138888888889028,1.054474708171129,75.0,0.277944216932144,0.9997280960715553,0
1191,843.8805555555556,0.7694444444445026,0.7333333333333485,0.7138888888889028,1.077821011673212,77.77777777777777,0.2655029310710709,0.9988284297516581,0
1192,844.6138888888889,0.7333333333333485,0.7027777777777828,0.7138888888889028,1.0272373540856043,77.77777777777777,0.30833009771893954,0.9994939303050843,0
1193,845.3166666666667,0.7027777777777828,1.4277777777776919,0.7138888888889028,0.9844357976653576,72.22222222222223,0.33511255702263126,0.9991891973576605,0
1194,846.7444444444444,1.4277777777776919,0.7027777777777828,0.7138888888889028,1.9999999999998408,72.22222222222223,0.0935446711201586,0.9990652364901631,0
1195,847.4472222222222,0.7027777777777828,0.7111111111111086,0.7138888888889028,0.9844357976653576,69.44444444444444,0.3296486422821065,0.994694562719213,0
1196,848.1583333333333,0.7111111111111086,0.7472222222222626,0.7138888888889028,0.9961089494163194,72.22222222222223,0.32403482976138315,0.9994395799830327,0
1197,848.9055555555556,0.7472222222222626,0.7638888888889142,0.7138888888889028,1.0466926070039273,72.22222222222223,0.2782931172007491,0.9992466501504315,0
1198,849.6694444444445,0.7638888888889142,0.7555555555554747,0.7138888888889028,1.0700389105058512,75.0,0.26509187971787723,0.9993593170266253,0
1199,850.425,0.7555555555554747,0.7333333333333485,0.7138888888889028,1.05836575875473,80.55555555555556,0.28802401020667284,0.9997195942839325,0
1200,851.1583333333333,0.7333333333333485,0.6944444444444571,0.7138888888889028,1.0272373540856043,75.0,0.3017878631791101,0.9992292391343225,0
1201,851.8527777777778,0.6944444444444571,0.7194444444444343,0.7138888888889028,0.9727626459143957,72.22222222222223,0.34636621934105727,0.9984940578318445,0
1202,852.5722222222222,0.7194444444444343,0.7111111111111086,0.7138888888889028,1.0077821011672814,77.77777777777777,0.32616389105214466,0.9989465373031543,0
1203,853.2833333333333,0.7111111111111086,0.716666666666697,0.7138888888889028,0.9961089494163194,72.22222222222223,0.3242225317263453,0.9981882335499517,0
1204,854.0,0.716666666666697,0.7305555555556111,0.7138888888889028,1.0038910505836804,72.22222222222223,0.3168014570476904,0.9991142263519064,0
1205,854.7305555555556,0.7305555555556111,0.7583333333333258,0.7138888888889028,1.0233463035020034,75.0,0.3052486207077757,0.9995186549145628,0
1206,855.4888888888889,0.7583333333333258,0.7583333333333258,0.7138888888889028,1.06225680933849,72.22222222222223,0.2652496007304571,0.9984311748076274,0
1207,856.2472222222223,0.7583333333333258,0.7527777777777374,0.7138888888889028,1.06225680933849,75.0,0.27151480617175117,0.9991252144443343,0
1208,857.0,0.7527777777777374,0.7027777777777828,0.7138888888889028,1.054474708171129,75.0,0.2779533233212313,0.9996673868109733,0
1209,857.7027777777778,0.7027777777777828,0.6861111111111313,0.7138888888889028,0.9844357976653576,75.0,0.3415043184411579,0.9990395304794835,0
1210,858.3888888888889,0.6861111111111313,0.7194444444444343,0.7138888888889028,0.9610894941634337,72.22222222222223,0.35754135685864225,0.9988090094910229,0
1211,859.1083333333333,0.7194444444444343,0.716666666666697,0.7138888888889028,1.0077821011672814,75.0,0.3195002050908096,0.9994915222757633,0
1212,859.825,0.716666666666697,0.7305555555554974,0.7138888888889028,1.0038910505836804,72.22222222222223,0.3168447969089395,0.9988252939435791,0
1213,860.5555555555555,0.7305555555554974,0.7416666666666742,0.7138888888889028,1.0233463035018442,75.0,0.30524580184985206,0.9995374473016796,0
1214,861.2972222222222,0.7416666666666742,0.7444444444444116,0.7138888888889028,1.0389105058365662,77.77777777777777,0.29799975517878935,0.9993150853411686,0
1215,862.0416666666666,0.7444444444444116,0.7444444444445253,0.7138888888889028,1.0428015564201671,72.22222222222223,0.2817220351726331,0.9988425227412101,0
1216,862.7861111111112,0.7444444444445253,0.7333333333332348,0.7138888888889028,1.0428015564203263,75.0,0.28796322408832653,0.9996966725476653,0
1217,863.5194444444444,0.7333333333332348,0.6916666666667197,0.7138888888889028,1.0272373540854451,75.0,0.30172668892462867,0.9996370674984848,0
1218,864.2111111111111,0.6916666666667197,0.6805555555555429,0.7138888888889028,0.9688715953307948,75.0,0.3563520852045499,0.9992803964661983,0
1219,864.8916666666667,0.6805555555555429,0.716666666666697,0.7138888888889028,0.9533073929960727,75.0,0.37129043575741694,0.9996358346257226,0
1220,865.6083333333333,0.716666666666697,0.7361111111110858,0.7138888888889028,1.0038910505836804,77.77777777777777,0.3297026047212965,0.9994482392094914,0
1221,866.3444444444444,0.7361111111110858,0.7361111111110858,0.7138888888889028,1.0311284046692053,75.0,0.29829888242895847,0.9992961223676005,0
1222,867.0805555555555,0.7361111111110858,0.7250000000000227,0.7138888888889028,1.0311284046692053,75.0,0.29820952175639387,0.9998918601846978,0
1223,867.8055555555555,0.7250000000000227,0.7444444444444116,0.7138888888889028,1.0155642023346425,77.77777777777777,0.31890410964094557,0.9995602651577751,0
1224,868.55,0.7444444444444116,0.7111111111111086,0.7138888888889028,1.0428015564201671,75.0,0.2880140398353175,0.9993579009019813,0
1225,869.2611111111111,0.7111111111111086,0.719444444444548,0.7138888888889028,0.9961089494163194,72.22222222222223,0.3241273131030893,0.9988230243716583,0
1226,869.9805555555556,0.719444444444548,0.6805555555555429,0.7138888888889028,1.0077821011674406,75.0,0.31951247143299455,0.9994097466602141,0
1227,870.6611111111112,0.6805555555555429,0.6777777777776919,0.7138888888889028,0.9533073929960727,72.22222222222223,0.364965151520695,0.9993423202918685,0
1228,871.3388888888888,0.6777777777776919,0.7305555555556111,0.7138888888889028,0.9494163424123125,77.77777777777777,0.38165476939309667,0.9994490548269896,0
1229,872.0694444444445,0.7305555555556111,0.7527777777777374,0.7138888888889028,1.0233463035020034,83.33333333333333,0.3258576468794922,0.9974111545096159,0
1230,872.8222222222222,0.7527777777777374,0.7388888888889369,0.7138888888889028,1.054474708171129,77.77777777777777,0.2845612351237092,0.9994942295640789,0
1231,873.5611111111111,0.7388888888889369,0.7277777777777601,0.7138888888889028,1.0350194552529655,72.22222222222223,0.28853025344116645,0.9989401375039114,0
1232,874.2888888888889,0.7277777777777601,0.7277777777777601,0.7138888888889028,1.0194552529182432,75.0,0.30877722150537906,0.9995169600773686,0
1233,875.0166666666667,0.7277777777777601,0.716666666666697,0.7138888888889028,1.0194552529182432,72.22222222222223,0.3025546913586926,0.9985384184766108,0
1234,875.7333333333333,0.716666666666697,0.7111111111111086,0.7138888888889028,1.0038910505836804,72.22222222222223,0.3167231753453981,0.9996361043671886,0
1235,876.4444444444445,0.7111111111111086,0.691666666666606,0.7138888888889028,0.9961089494163194,72.22222222222223,0.3242446580269525,0.9980407248792368,0
1236,877.1361111111111,0.691666666666606,0.6944444444444571,0.7138888888889028,0.9688715953306355,75.0,0.35642782245800886,0.9987754814441596,0
1237,877.8305555555555,0.6944444444444571,0.752777777777851,0.7138888888889028,0.9727626459143957,75.0,0.3525627930711352,0.9996456422099922,0
1238,878.5833333333334,0.752777777777851,0.747222222222149,0.7138888888889028,1.0544747081712884,77.77777777777777,0.28467947714716496,0.9987059494068076,0
1239,879.3305555555555,0.747222222222149,0.7472222222222626,0.7138888888889028,1.046692607003768,80.55555555555556,0.29823071860407785,0.9978219865408317,0
1240,880.0777777777778,0.7472222222222626,0.7277777777777601,0.7138888888889028,1.0466926070039273,72.22222222222223,0.2782238419132595,0.9997084854003623,0
1241,880.8055555555555,0.7277777777777601,0.7138888888888459,0.7138888888889028,1.0194552529182432,77.77777777777777,0.3153451265143895,0.9996105147869232,0
1242,881.5194444444444,0.7138888888888459,0.7138888888889596,0.7138888888889028,0.9999999999999204,72.22222222222223,0.3204312146592038,0.9991322126888178,0
1243,882.2333333333333,0.7138888888889596,0.7222222222221717,0.7138888888889028,1.0000000000000797,72.22222222222223,0.3203968839017698,0.9993610844040508,0
1244,882.9555555555555,0.7222222222221717,0.7055555555556339,0.7138888888889028,1.0116731517508823,72.22222222222223,0.30962602826267155,0.9988953819558983,0
1245,883.6611111111112,0.7055555555556339,0.7166666666665833,0.7138888888889028,0.9883268482491177,75.0,0.3377965220664652,0.9991318749714754,0
1246,884.3777777777777,0.7166666666665833,0.775000000000091,0.7138888888889028,1.0038910505835212,75.0,0.32307916016629606,0.9997249481408581,0
1247,885.1527777777778,0.775000000000091,0.75,0.7138888888889028,1.0856031128405732,80.55555555555556,0.2662139042543366,0.9985156674353606,0
1248,885.9027777777778,0.75,0.7305555555554974,0.7138888888889028,1.0505836575875283,77.77777777777777,0.28786200856125976,0.9995398732737798,0
1249,886.6333333333333,0.7305555555554974,0.7222222222222854,0.7138888888889028,1.0233463035018442,75.0,0.30520723694213325,0.9997945466864717,0
1250,887.3555555555556,0.7222222222222854,0.6944444444443434,0.7138888888889028,1.0116731517510416,72.22222222222223,0.30949370895986283,0.9997775106403122,0
1251,888.05,0.6944444444443434,0.7111111111111086,0.7138888888889028,0.9727626459142364,72.22222222222223,0.34628018725123644,0.9990676050983345,0
1252,888.7611111111111,0.7111111111111086,0.7222222222222854,0.7138888888889028,0.9961089494163194,72.22222222222223,0.323996662635889,0.9996940274863271,0
1253,889.4833333333333,0.7222222222222854,0.7111111111111086,0.7138888888889028,1.0116731517510416,69.44444444444444,0.30362998325476986,0.9979482824323191,0
1254,890.1944444444445,0.7111111111111086,0.7277777777777601,0.7138888888889028,0.9961089494163194,72.22222222222223,0.3241068623629506,0.9989593626392496,0
1255,890.9222222222222,0.7277777777777601,0.7777777777778283,0.7138888888889028,1.0194552529182432,77.77777777777777,0.3154704855780514,0.9987747876958442,0
1256,891.7,0.7777777777778283,0.7388888888888232,0.7138888888889028,1.0894941634241742,80.55555555555556,0.26314719112391727,0.9989617833560182,0
1257,892.4388888888889,0.7388888888888232,0.7027777777777828,0.7138888888889028,1.035019455252806,77.77777777777777,0.3013622551843502,0.9997351232319178,0
1258,893.1416666666667,0.7027777777777828,0.6972222222221944,0.7138888888889028,0.9844357976653576,72.22222222222223,0.3351170727281606,0.9991590926541313,0
1259,893.8388888888888,0.6972222222221944,0.6944444444444571,0.7138888888889028,0.9766536964979965,75.0,0.34884097705272427,0.9996151662616026,0
1260,894.5333333333333,0.6944444444444571,0.7055555555556339,0.7138888888889028,0.9727626459143957,75.0,0.3526257434625553,0.9992259729338582,0
1261,895.2388888888889,0.7055555555556339,0.7194444444444343,0.7138888888889028,0.9883268482491177,77.77777777777777,0.34434497815013415,0.999355089183307,0
1262,895.9583333333334,0.7194444444444343,0.724999999999909,0.7138888888889028,1.0077821011672814,75.0,0.3194577890755457,0.9997742957108562,0
1263,896.6833333333333,0.724999999999909,0.7277777777778738,0.7138888888889028,1.015564202334483,75.0,0.31243783023161603,0.9987892064513204,0
1264,897.4111111111112,0.7277777777778738,0.7722222222221262,0.7138888888889028,1.0194552529184027,77.77777777777777,0.31550967926434353,0.9985134964529296,0
1265,898.1833333333333,0.7722222222221262,0.7277777777778738,0.7138888888889028,1.0817120622566538,75.0,0.25575015161892034,0.9994853519319965,0
1266,898.9111111111112,0.7277777777778738,0.6833333333332803,0.7138888888889028,1.0194552529184027,75.0,0.3088302373252683,0.9991635212771397,0
1267,899.5944444444444,0.6833333333332803,0.6888888888888687,0.7138888888889028,0.9571984435796735,75.0,0.36755780586783443,0.9994987733316066,0
1268,900.2833333333333,0.6888888888888687,0.6805555555555429,0.7138888888889028,0.9649805447470347,75.0,0.3601150052687395,0.9991359516926779,0
1269,900.9638888888888,0.6805555555555429,0.716666666666697,0.7138888888889028,0.9533073929960727,75.0,0.37138515287806007,0.9990043871547685,0
1270,901.6805555555555,0.716666666666697,0.7138888888888459,0.7138888888889028,1.0038910505836804,77.77777777777777,0.32967610595817054,0.9996248976303312,0
1271,902.3944444444444,0.7138888888888459,0.7333333333333485,0.7138888888889028,0.9999999999999204,72.22222222222223,0.3203715409837047,0.9995300371921456,0
1272,903.1277777777777,0.7333333333333485,0.7305555555556111,0.7138888888889028,1.0272373540856043,75.0,0.30175413382355587,0.9994541015046843,0
1273,903.8583333333333,0.7305555555556111,0.7611111111110631,0.7138888888889028,1.0233463035020034,77.77777777777777,0.31192706217313343,0.9988752999151357,0
1274,904.6194444444444,0.7611111111110631,0.716666666666697,0.7138888888889028,1.066147859922091,77.77777777777777,0.2749381803675597,0.998777288993079,0
1275,905.3361111111111,0.716666666666697,0.6833333333332803,0.7138888888889028,1.0038910505836804,75.0,0.3231154542265246,0.9994829877383462,0
1276,906.0194444444444,0.6833333333332803,0.6944444444444571,0.7138888888889028,0.9571984435796735,75.0,0.36750947554278496,0.9998209754986032,0
1277,906.7138888888888,0.6944444444444571,0.6861111111111313,0.7138888888889028,0.9727626459143957,75.0,0.352523656876141,0.9999065501766202,0
1278,907.4,0.6861111111111313,0.7305555555556111,0.7138888888889028,0.9610894941634337,77.77777777777777,0.37039754390542645,0.9994427598607533,0
1279,908.1305555555556,0.7305555555556111,0.7388888888888232,0.7138888888889028,1.0233463035020034,77.77777777777777,0.31193390618079786,0.9988296731973727,0
1280,908.8694444444444,0.7388888888888232,0.7361111111111995,0.7138888888889028,1.035019455252806,77.77777777777777,0.30146274239275767,0.9990652085092016,0
1281,909.6055555555556,0.7361111111111995,0.7277777777777601,0.7138888888889028,1.0311284046693645,75.0,0.2982049456918325,0.9999223672808283,0
1282,910.3333333333334,0.7277777777777601,0.747222222222149,0.7138888888889028,1.0194552529182432,75.0,0.3088425243596997,0.9990816077152307,0
1283,911.0805555555555,0.747222222222149,0.6972222222223081,0.7138888888889028,1.046692607003768,77.77777777777777,0.29129706547056794,0.9988953257008457,0
1284,911.7777777777778,0.6972222222223081,0.6722222222222172,0.7138888888889028,0.9766536964981558,75.0,0.348807314011023,0.9998395865385947,0
1285,912.45,0.6722222222222172,0.6833333333332803,0.7138888888889028,0.9416342412451107,72.22222222222223,0.3762280842467543,0.9993301461073804,0
1286,913.1333333333333,0.6833333333332803,0.6888888888888687,0.7138888888889028,0.9571984435796735,75.0,0.36751733248931323,0.9997685958550813,0
1287,913.8222222222222,0.6888888888888687,0.7305555555556111,0.7138888888889028,0.9649805447470347,75.0,0.3601315833210657,0.9990254313438365,0
1288,914.5527777777778,0.7305555555556111,0.7527777777777374,0.7138888888889028,1.0233463035020034,80.55555555555556,0.3188332489972094,0.9979850694846815,0
1289,915.3055555555555,0.7527777777777374,0.7222222222222854,0.7138888888889028,1.054474708171129,75.0,0.277969223437545,0.9995613860355488,0
1290,916.0277777777778,0.7222222222222854,0.7138888888888459,0.7138888888889028,1.0116731517510416,75.0,0.3159517505323145,0.9991859760693017,0
1291,916.7416666666667,0.7138888888888459,0.5861111111111086,0.7138888888889028,0.9999999999999204,77.77777777777777,0.33335121282346536,0.9993405556086992,0
1292,917.3277777777778,0.5861111111111086,0.8472222222221717,0.7138888888889028,0.8210116731517314,102.77777777777777,0.5795260322065849,0.8828193853911253,1
1293,918.175,0.8472222222221717,0.6666666666667425,0.7138888888889028,1.1867704280154703,77.77777777777777,0.1938597466597118,0.9993610359635268,0
1294,918.8416666666667,0.6666666666667425,0.6972222222221944,0.7138888888889028,0.933852140077909,72.22222222222223,0.3837718524661086,0.9990030958809124,0
1295,919.5388888888889,0.6972222222221944,0.7055555555555202,0.7138888888889028,0.9766536964979965,77.77777777777777,0.35544553231098175,0.9994643859761771,0
1296,920.2444444444444,0.7055555555555202,0.7361111111111995,0.7138888888889028,0.9883268482489584,77.77777777777777,0.3442682311539767,0.9998667358253623,0
1297,920.9805555555556,0.7361111111111995,0.7444444444444116,0.7138888888889028,1.0311284046693645,77.77777777777777,0.3048841585402561,0.9992738697276287,0
1298,921.725,0.7444444444444116,0.7277777777777601,0.7138888888889028,1.0428015564201671,77.77777777777777,0.29470675266951285,0.9986194034436368,0
1299,922.4527777777778,0.7277777777777601,0.6944444444444571,0.7138888888889028,1.0194552529182432,75.0,0.30875123048473047,0.9996902335483591,0
1300,923.1472222222222,0.6944444444444571,0.7055555555555202,0.7138888888889028,0.9727626459143957,75.0,0.352645568715282,0.9990938045823468,0
1301,923.8527777777778,0.7055555555555202,0.6861111111111313,0.7138888888889028,0.9883268482489584,77.77777777777777,0.3442881105302837,0.9997342066499826,0
1302,924.5388888888889,0.6861111111111313,0.6777777777778056,0.7138888888889028,0.9610894941634337,72.22222222222223,0.35740819111606253,0.9996967811082207,0
1303,925.2166666666667,0.6777777777778056,0.6861111111111313,0.7138888888889028,0.9494163424124719,75.0,0.3752190462073705,0.9984742879611813,0
1304,925.9027777777778,0.6861111111111313,0.7138888888888459,0.7138888888889028,0.9610894941634337,75.0,0.3638186654126278,0.9994223617097862,0
1305,926.6166666666667,0.7138888888888459,0.7416666666666742,0.7138888888889028,0.9999999999999204,75.0,0.32674822759709743,0.999480869014861,0
1306,927.3583333333333,0.7416666666666742,0.7472222222222626,0.7138888888889028,1.0389105058365662,77.77777777777777,0.2979656574326046,0.999542403649067,0
1307,928.1055555555556,0.7472222222222626,0.7222222222221717,0.7138888888889028,1.0466926070039273,77.77777777777777,0.29136127957396907,0.9984672316772569,0
1308,928.8277777777778,0.7222222222221717,0.691666666666606,0.7138888888889028,1.0116731517508823,77.77777777777777,0.32249242118405574,0.999461093161629,0
1309,929.5194444444444,0.691666666666606,0.6972222222223081,0.7138888888889028,0.9688715953306355,72.22222222222223,0.3499462146906101,0.999524123981484,0
1310,930.2166666666667,0.6972222222223081,0.6944444444444571,0.7138888888889028,0.9766536964981558,75.0,0.34888339115830685,0.9993324055567022,0
1311,930.9111111111112,0.6944444444444571,0.6944444444444571,0.7138888888889028,0.9727626459143957,75.0,0.3525759240140794,0.9995581025903642,0
1312,931.6055555555556,0.6944444444444571,0.5527777777776919,0.7138888888889028,0.9727626459143957,75.0,0.35257688060151204,0.999551725340813,0
1313,932.1583333333333,0.5527777777776919,0.877777777777851,0.7138888888889028,0.7743190661477245,97.22222222222223,0.6059512940078237,0.8384528009345026,1
1314,933.0361111111112,0.877777777777851,0.724999999999909,0.7138888888889028,1.2295719844358763,75.0,0.1672314821145735,0.9999258592651057,0
1315,933.7611111111111,0.724999999999909,0.7555555555555884,0.7138888888889028,1.015564202334483,80.55555555555556,0.32578395128045445,0.9988456692920737,0
1316,934.5166666666667,0.7555555555555884,0.7000000000000455,0.7138888888889028,1.0583657587548891,80.55555555555556,0.2882184316527851,0.9984234513089618,0
1317,935.2166666666667,0.7000000000000455,0.6833333333332803,0.7138888888889028,0.9805447470817567,75.0,0.34521306836930304,0.9990218124856038,0
1318,935.9,0.6833333333332803,0.6916666666667197,0.7138888888889028,0.9571984435796735,72.22222222222223,0.3612912498210573,0.9988137377314534,0
1319,936.5916666666667,0.6916666666667197,0.7166666666665833,0.7138888888889028,0.9688715953307948,75.0,0.35625529815151136,0.9999256434864554,0
1320,937.3083333333333,0.7166666666665833,0.7000000000000455,0.7138888888889028,1.0038910505835212,69.44444444444444,0.31077106285901623,0.9983961213687771,0
1321,938.0083333333333,0.7000000000000455,0.7055555555555202,0.7138888888889028,0.9805447470817567,75.0,0.3450809149795022,0.9999028350842759,0
1322,938.7138888888888,0.7055555555555202,0.7388888888889369,0.7138888888889028,0.9883268482489584,77.77777777777777,0.34444542791835947,0.9986854240628107,0
1323,939.4527777777778,0.7388888888889369,0.7305555555554974,0.7138888888889028,1.0350194552529655,80.55555555555556,0.30834264389731253,0.9983502135412816,0
1324,940.1833333333333,0.7305555555554974,0.7388888888889369,0.7138888888889028,1.0233463035018442,80.55555555555556,0.3186520568932233,0.999193016845548,0
1325,940.9222222222222,0.7388888888889369,0.7027777777777828,0.7138888888889028,1.0350194552529655,80.55555555555556,0.3081551553257506,0.9996001373516945,0
1326,941.625,0.7027777777777828,0.6861111111111313,0.7138888888889028,0.9844357976653576,72.22222222222223,0.3351020082226631,0.9992595226907814,0
1327,942.3111111111111,0.6861111111111313,0.6944444444444571,0.7138888888889028,0.9610894941634337,66.66666666666667,0.3458089224824487,0.9968260714963504,0
1328,943.0055555555556,0.6944444444444571,0.7333333333333485,0.7138888888889028,0.9727626459143957,72.22222222222223,0.3461848143680863,0.9997034243183178,0
1329,943.7388888888889,0.7333333333333485,0.7194444444444343,0.7138888888889028,1.0272373540856043,75.0,0.30182754332848716,0.9989647048051421,0
1330,944.4583333333334,0.7194444444444343,0.7194444444444343,0.7138888888889028,1.0077821011672814,75.0,0.3194773916244343,0.999643612051599,0
1331,945.1777777777778,0.7194444444444343,0.7555555555554747,0.7138888888889028,1.0077821011672814,80.55555555555556,0.332971883686832,0.9987109348019572,0
1332,945.9333333333333,0.7555555555554747,0.7277777777778738,0.7138888888889028,1.05836575875473,80.55555555555556,0.2881457862253746,0.9989077541592541,0
1333,946.6611111111112,0.7277777777778738,0.7277777777777601,0.7138888888889028,1.0194552529184027,77.77777777777777,0.3153735368197905,0.9994211127499497,0
1334,947.3888888888889,0.7277777777777601,0.7083333333332575,0.7138888888889028,1.0194552529182432,77.77777777777777,0.3154080939983149,0.9991907315607542,0
1335,948.0972222222222,0.7083333333332575,0.6888888888889824,0.7138888888889028,0.9922178988325594,69.44444444444444,0.3218967259449423,0.9972111277670628,0
1336,948.7861111111112,0.6888888888889824,0.6944444444444571,0.7138888888889028,0.9649805447471939,72.22222222222223,0.3538670948143258,0.9983266121424135,0
1337,949.4805555555556,0.6944444444444571,0.75,0.7138888888889028,0.9727626459143957,75.0,0.3525376058903927,0.9998135567482758,0
1338,950.2305555555556,0.75,0.7444444444444116,0.7138888888889028,1.0505836575875283,77.77777777777777,0.28788014571301757,0.9994189589287278,0
1339,950.975,0.7444444444444116,0.7277777777777601,0.7138888888889028,1.0428015564201671,77.77777777777777,0.2945761333846341,0.9994901986761615,0
1340,951.7027777777778,0.7277777777777601,0.7416666666666742,0.7138888888889028,1.0194552529182432,77.77777777777777,0.31545007379842877,0.9989108662266615,0
1341,952.4444444444445,0.7416666666666742,0.7222222222221717,0.7138888888889028,1.0389105058365662,80.55555555555556,0.3047650024212005,0.9993644521218128,0
1342,953.1666666666666,0.7222222222221717,0.7194444444444343,0.7138888888889028,1.0116731517508823,75.0,0.3159018378847085,0.9995187270543195,0
1343,953.8861111111111,0.7194444444444343,0.7055555555556339,0.7138888888889028,1.0077821011672814,75.0,0.31947686677252096,0.9996471110643543,0
1344,954.5916666666667,0.7055555555556339,0.6944444444444571,0.7138888888889028,0.9883268482491177,69.44444444444444,0.32555887054716526,0.9973334096128615,0
1345,955.2861111111112,0.6944444444444571,0.7055555555555202,0.7138888888889028,0.9727626459143957,72.22222222222223,0.3464518322776466,0.9979233049212491,0
1346,955.9916666666667,0.7055555555555202,0.7694444444443889,0.7138888888889028,0.9883268482489584,77.77777777777777,0.34439170955788734,0.9990435464659582,0
1347,956.7611111111111,0.7694444444443889,0.7555555555555884,0.7138888888889028,1.0778210116730529,80.55555555555556,0.27217338442394173,0.9995097557967472,0
1348,957.5166666666667,0.7555555555555884,0.7250000000000227,0.7138888888889028,1.0583657587548891,77.77777777777777,0.28135064518492453,0.9990576793646468,0
1349,958.2416666666667,0.7250000000000227,0.7277777777777601,0.7138888888889028,1.0155642023346425,77.77777777777777,0.31887835716837815,0.9997319483082245,0
1350,958.9694444444444,0.7277777777777601,0.7027777777777828,0.7138888888889028,1.0194552529182432,75.0,0.3087351922168477,0.9997971553342444,0
1351,959.6722222222222,0.7027777777777828,0.7222222222221717,0.7138888888889028,0.9844357976653576,75.0,0.34138148886517117,0.9998583943193953,0
1352,960.3944444444444,0.7222222222221717,0.7000000000000455,0.7138888888889028,1.0116731517508823,75.0,0.31596503033103546,0.9990974440788065,0
1353,961.0944444444444,0.7000000000000455,0.7027777777777828,0.7138888888889028,0.9805447470817567,72.22222222222223,0.33894917673574104,0.9983190141306831,0
1354,961.7972222222222,0.7027777777777828,0.7277777777777601,0.7138888888889028,0.9844357976653576,72.22222222222223,0.33529219273472743,0.9979916259436861,0
1355,962.525,0.7277777777777601,0.783333333333303,0.7138888888889028,1.0194552529182432,77.77777777777777,0.3154648373564055,0.9988124425068166,0
1356,963.3083333333333,0.783333333333303,0.7472222222222626,0.7138888888889028,1.0972762645913758,77.77777777777777,0.2505309000400849,0.9986635799499889,0
1357,964.0555555555555,0.7472222222222626,0.7222222222222854,0.7138888888889028,1.0466926070039273,77.77777777777777,0.29122777844552594,0.9993572392002108,0
1358,964.7777777777778,0.7222222222222854,0.7138888888888459,0.7138888888889028,1.0116731517510416,75.0,0.3158584297842994,0.9998081143894023,0
1359,965.4916666666667,0.7138888888888459,0.691666666666606,0.7138888888889028,0.9999999999999204,75.0,0.3266944613794002,0.9998393104661756,0
1360,966.1833333333333,0.691666666666606,0.7111111111111086,0.7138888888889028,0.9688715953306355,75.0,0.35629422361590324,0.9996661403915305,0
1361,966.8944444444444,0.7111111111111086,0.6972222222223081,0.7138888888889028,0.9961089494163194,77.77777777777777,0.3370382242473676,0.9990919474247617,0
1362,967.5916666666667,0.6972222222223081,0.7083333333332575,0.7138888888889028,0.9766536964981558,75.0,0.3488797372682059,0.999356764824042,0
1363,968.3,0.7083333333332575,0.7388888888889369,0.7138888888889028,0.9922178988325594,75.0,0.33417517379305084,0.998737617600286,0
1364,969.0388888888889,0.7388888888889369,0.7722222222222399,0.7138888888889028,1.0350194552529655,77.77777777777777,0.3014483483990287,0.9991611684664554,0
1365,969.8111111111111,0.7722222222222399,0.7361111111110858,0.7138888888889028,1.081712062256813,77.77777777777777,0.26242596466914436,0.9988595196992942,0
1366,970.5472222222222,0.7361111111110858,0.7000000000000455,0.7138888888889028,1.0311284046692053,75.0,0.29822727934474863,0.9997734762623328,0
1367,971.2472222222223,0.7000000000000455,0.7083333333332575,0.7138888888889028,0.9805447470817567,75.0,0.34517550582695267,0.9992722294346061,0
1368,971.9555555555555,0.7083333333332575,0.6861111111111313,0.7138888888889028,0.9922178988325594,75.0,0.3341090462597914,0.9991784678220156,0
1369,972.6416666666667,0.6861111111111313,0.7111111111111086,0.7138888888889028,0.9610894941634337,77.77777777777777,0.3703962292371271,0.9994515243160819,0
1370,973.3527777777778,0.7111111111111086,0.7138888888889596,0.7138888888889028,0.9961089494163194,80.55555555555556,0.3440139072336507,0.9977384092462597,0
1371,974.0666666666667,0.7138888888889596,0.7333333333332348,0.7138888888889028,1.0000000000000797,77.77777777777777,0.33337573763738587,0.9991770568482357,0
1372,974.8,0.7333333333332348,0.7444444444445253,0.7138888888889028,1.0272373540854451,75.0,0.30172634544131216,0.9996393573872615,0
1373,975.5444444444445,0.7444444444445253,0.7694444444443889,0.7138888888889028,1.0428015564203263,77.77777777777777,0.29457704557980097,0.9994841173741267,0
1374,976.3138888888889,0.7694444444443889,0.7361111111110858,0.7138888888889028,1.0778210116730529,77.77777777777777,0.2654399973167878,0.9992479881143881,0
1375,977.05,0.7361111111110858,0.6916666666667197,0.7138888888889028,1.0311284046692053,75.0,0.29832998214652673,0.9990887909171455,0
1376,977.7416666666667,0.6916666666667197,0.6972222222221944,0.7138888888889028,0.9688715953307948,72.22222222222223,0.34996835418121164,0.999376527376453,0
1377,978.4388888888889,0.6972222222221944,0.7000000000000455,0.7138888888889028,0.9766536964979965,72.22222222222223,0.3425745528610904,0.9989292516271606,0
1378,979.1388888888889,0.7000000000000455,0.7250000000000227,0.7138888888889028,0.9805447470817567,75.0,0.3451219774206446,0.9996290854766601,0
1379,979.8638888888889,0.7250000000000227,0.7277777777777601,0.7138888888889028,1.0155642023346425,80.55555555555556,0.32569480372636217,0.9994399863183829,0
1380,980.5916666666667,0.7277777777777601,0.7361111111110858,0.7138888888889028,1.0194552529182432,80.55555555555556,0.32227555219963894,0.9985586919486459,0
1381,981.3277777777778,0.7361111111110858,0.7527777777777374,0.7138888888889028,1.0311284046692053,80.55555555555556,0.31170058849237614,0.9989820184444924,0
1382,982.0805555555555,0.7527777777777374,0.7555555555555884,0.7138888888889028,1.054474708171129,77.77777777777777,0.28471703230550166,0.9984555816854623,0
1383,982.8361111111111,0.7555555555555884,0.716666666666697,0.7138888888889028,1.0583657587548891,72.22222222222223,0.26837899446788616,0.9991936867966111,0
1384,983.5527777777778,0.716666666666697,0.6833333333332803,0.7138888888889028,1.0038910505836804,69.44444444444444,0.310841610042923,0.9979258068084103,0
1385,984.2361111111111,0.6833333333332803,0.7000000000000455,0.7138888888889028,0.9571984435796735,69.44444444444444,0.3554592822858784,0.9967727883906997,0
1386,984.9361111111111,0.7000000000000455,0.716666666666697,0.7138888888889028,0.9805447470817567,72.22222222222223,0.3389797748298003,0.9981150268369547,0
1387,985.6527777777778,0.716666666666697,0.7416666666665606,0.7138888888889028,1.0038910505836804,72.22222222222223,0.31693096250876474,0.9982508566114112,0
1388,986.3944444444444,0.7416666666665606,0.7333333333333485,0.7138888888889028,1.038910505836407,80.55555555555556,0.30473973481703454,0.9995329028171829,0
1389,987.1277777777777,0.7333333333333485,0.7277777777778738,0.7138888888889028,1.0272373540856043,77.77777777777777,0.3084076899175771,0.9989766489808338,0
1390,987.8555555555556,0.7277777777778738,0.7583333333333258,0.7138888888889028,1.0194552529184027,75.0,0.3088420213260989,0.9990849612716026,0
1391,988.6138888888889,0.7583333333333258,0.7222222222221717,0.7138888888889028,1.06225680933849,77.77777777777777,0.2780585978096909,0.9993795249610272,0
1392,989.3361111111111,0.7222222222221717,0.6888888888888687,0.7138888888889028,1.0116731517508823,72.22222222222223,0.30965849866235867,0.9986789126246509,0
1393,990.025,0.6888888888888687,0.6805555555555429,0.7138888888889028,0.9649805447470347,69.44444444444444,0.34787162704307606,0.9973756643764875,0
1394,990.7055555555555,0.6805555555555429,0.7000000000000455,0.7138888888889028,0.9533073929960727,72.22222222222223,0.365022921395121,0.998957187795695,0
1395,991.4055555555556,0.7000000000000455,0.7138888888888459,0.7138888888889028,0.9805447470817567,69.44444444444444,0.33296593491660675,0.9972865600162993,0
1396,992.1194444444444,0.7138888888888459,0.7611111111111768,0.7138888888889028,0.9999999999999204,75.0,0.32681891982559147,0.9990095874915675,0
1397,992.8805555555556,0.7611111111111768,0.7444444444444116,0.7138888888889028,1.0661478599222503,77.77777777777777,0.27485576798638955,0.9993267048666754,0
1398,993.625,0.7444444444444116,0.7250000000000227,0.7138888888889028,1.0428015564201671,77.77777777777777,0.294546900110177,0.9996850871725427,0
1399,994.35,0.7250000000000227,0.7583333333333258,0.7138888888889028,1.0155642023346425,75.0,0.31237680018163294,0.9991960734502345,0
1400,995.1083333333333,0.7583333333333258,0.7222222222221717,0.7138888888889028,1.06225680933849,77.77777777777777,0.2780167990082239,0.9996581836374738,0
1401,995.8305555555555,0.7222222222221717,0.6972222222223081,0.7138888888889028,1.0116731517508823,69.44444444444444,0.303635017721285,0.9979147193231963,0
1402,996.5277777777778,0.6972222222223081,0.6999999999999318,0.7138888888889028,0.9766536964981558,69.44444444444444,0.33682982078983936,0.9963067325258725,0
1403,997.2277777777778,0.6999999999999318,0.7222222222222854,0.7138888888889028,0.9805447470815974,75.0,0.345148669252417,0.9994511399325232,0
1404,997.95,0.7222222222222854,0.7555555555554747,0.7138888888889028,1.0116731517510416,75.0,0.31587115973677027,0.9997232480395966,0
1405,998.7055555555555,0.7555555555554747,0.775000000000091,0.7138888888889028,1.05836575875473,75.0,0.274687129459129,0.9996015294345486,0
1406,999.4805555555556,0.775000000000091,0.7527777777777374,0.7138888888889028,1.0856031128405732,75.0,0.2527374178307804,0.9993283070927257,0
1407,1000.2333333333333,0.7527777777777374,0.7222222222221717,0.7138888888889028,1.054474708171129,75.0,0.27798624161391966,0.9994479315263842,0
1408,1000.9555555555555,0.7222222222221717,0.7361111111111995,0.7138888888889028,1.0116731517508823,75.0,0.31595192241701436,0.9991848301722803,0
1409,1001.6916666666667,0.7361111111111995,0.7111111111111086,0.7138888888889028,1.0311284046693645,75.0,0.29821663487586836,0.999844439387256,0
1410,1002.4027777777778,0.7111111111111086,0.6944444444443434,0.7138888888889028,0.9961089494163194,75.0,0.3304293274069956,0.9992716715909506,0
1411,1003.0972222222222,0.6944444444443434,0.7027777777777828,0.7138888888889028,0.9727626459142364,69.44444444444444,0.3404216674669702,0.9972036707514964,0
1412,1003.8,0.7027777777777828,0.7305555555556111,0.7138888888889028,0.9844357976653576,75.0,0.3414250523675705,0.9995679709700664,0
1413,1004.5305555555556,0.7305555555556111,0.7694444444443889,0.7138888888889028,1.0233463035020034,75.0,0.30520309937923523,0.999822130438166,0
1414,1005.3,0.7694444444443889,0.7638888888889142,0.7138888888889028,1.0778210116730529,77.77777777777777,0.26541402940426373,0.9994211075312154,0
1415,1006.0638888888889,0.7638888888889142,0.7361111111110858,0.7138888888889028,1.0700389105058512,75.0,0.26501228267841714,0.9998899639563592,0
1416,1006.8,0.7361111111110858,0.7111111111111086,0.7138888888889028,1.0311284046692053,69.44444444444444,0.2859026483469213,0.9985548740939014,0
1417,1007.5111111111111,0.7111111111111086,0.7361111111111995,0.7138888888889028,0.9961089494163194,75.0,0.3304279342735385,0.9992809591473311,0
1418,1008.2472222222223,0.7361111111111995,0.7027777777777828,0.7138888888889028,1.0311284046693645,72.22222222222223,0.2919051401342381,0.9994589950861237,0
1419,1008.95,0.7027777777777828,0.6972222222221944,0.7138888888889028,0.9844357976653576,75.0,0.34140744830740577,0.9996853313711647,0
1420,1009.6472222222222,0.6972222222221944,0.7250000000000227,0.7138888888889028,0.9766536964979965,72.22222222222223,0.3424750273751423,0.9995927548668149,0
1421,1010.3722222222223,0.7250000000000227,0.7388888888888232,0.7138888888889028,1.0155642023346425,77.77777777777777,0.3189396397424977,0.9993233978140937,0
1422,1011.1111111111111,0.7388888888888232,0.7583333333333258,0.7138888888889028,1.035019455252806,77.77777777777777,0.3014834610106868,0.9989270843896743,0
1423,1011.8694444444444,0.7583333333333258,0.7472222222222626,0.7138888888889028,1.06225680933849,77.77777777777777,0.2780683485681001,0.9993145199049659,0
1424,1012.6166666666667,0.7472222222222626,0.7083333333333712,0.7138888888889028,1.0466926070039273,75.0,0.2847116037597277,0.9989188156692415,0
1425,1013.325,0.7083333333333712,0.691666666666606,0.7138888888889028,0.9922178988327186,69.44444444444444,0.3218244762796563,0.9976927922013006,0
1426,1014.0166666666667,0.691666666666606,0.7222222222222854,0.7138888888889028,0.9688715953306355,72.22222222222223,0.349970960874901,0.9993591494195448,0
1427,1014.7388888888889,0.7222222222222854,0.691666666666606,0.7138888888889028,1.0116731517510416,75.0,0.3158489705110375,0.9998711762111484,0
1428,1015.4305555555555,0.691666666666606,0.6944444444444571,0.7138888888889028,0.9688715953306355,77.77777777777777,0.36287792673353547,0.9996543743769399,0
1429,1016.125,0.6944444444444571,0.7388888888889369,0.7138888888889028,0.9727626459143957,77.77777777777777,0.35916927707109086,0.9994820036465789,0
1430,1016.8638888888889,0.7388888888889369,0.7333333333332348,0.7138888888889028,1.0350194552529655,77.77777777777777,0.3013976214399832,0.9994993481934251,0
1431,1017.5972222222222,0.7333333333332348,0.7444444444445253,0.7138888888889028,1.0272373540854451,75.0,0.30175747014081367,0.9994318593905847,0
1432,1018.3416666666667,0.7444444444445253,0.7388888888888232,0.7138888888889028,1.0428015564203263,75.0,0.28796829526670675,0.9996628646917968,0
1433,1019.0805555555555,0.7388888888888232,0.7027777777777828,0.7138888888889028,1.035019455252806,75.0,0.29497870905139056,0.9984125093486911,0
1434,1019.7833333333333,0.7027777777777828,0.6750000000000682,0.7138888888889028,0.9844357976653576,75.0,0.3415169308111554,0.9989554480128338,0
1435,1020.4583333333334,0.6750000000000682,0.7138888888888459,0.7138888888889028,0.9455252918288709,75.0,0.37890686088364695,0.9989166469562848,0
1436,1021.1722222222222,0.7138888888888459,0.7055555555555202,0.7138888888889028,0.9999999999999204,75.0,0.32669057809253815,0.9998651990452563,0
1437,1021.8777777777777,0.7055555555555202,0.7111111111111086,0.7138888888889028,0.9883268482489584,75.0,0.3377840384970441,0.9992150987686219,0
1438,1022.5888888888888,0.7111111111111086,0.7277777777778738,0.7138888888889028,0.9961089494163194,75.0,0.3303980053950328,0.999480485004036,0
1439,1023.3166666666667,0.7277777777778738,0.7416666666666742,0.7138888888889028,1.0194552529184027,77.77777777777777,0.3154429431866127,0.9989584036378015,0
1440,1024.0583333333334,0.7416666666666742,0.7388888888888232,0.7138888888889028,1.0389105058365662,75.0,0.291481029295666,0.9988936697923667,0
1441,1024.7972222222222,0.7388888888888232,0.7305555555556111,0.7138888888889028,1.035019455252806,75.0,0.29480807527039926,0.9995500678886332,0
1442,1025.5277777777778,0.7305555555556111,0.6888888888888687,0.7138888888889028,1.0233463035020034,72.22222222222223,0.29891268458239656,0.9992961531717564,0
1443,1026.2166666666667,0.6888888888888687,0.6861111111111313,0.7138888888889028,0.9649805447470347,75.0,0.36001964456405045,0.9997716897239382,0
1444,1026.9027777777778,0.6861111111111313,0.716666666666697,0.7138888888889028,0.9610894941634337,75.0,0.3638049435109676,0.9995138410541875,0
1445,1027.6194444444445,0.716666666666697,0.7388888888888232,0.7138888888889028,1.0038910505836804,75.0,0.32307885202952125,0.9997270023850352,0
1446,1028.3583333333333,0.7388888888888232,0.7388888888888232,0.7138888888889028,1.035019455252806,75.0,0.2947593730693344,0.9998747492290656,0
1447,1029.0972222222222,0.7388888888888232,0.7222222222221717,0.7138888888889028,1.035019455252806,75.0,0.2948965655472842,0.9989601327094002,0
1448,1029.8194444444443,0.7222222222221717,0.6694444444444798,0.7138888888889028,1.0116731517508823,77.77777777777777,0.32258156101738644,0.998866827606091,0
1449,1030.4888888888888,0.6694444444444798,0.808333333333394,0.7138888888889028,0.9377431906615099,72.22222222222223,0.4073492918281578,0.8168524564862407,0
1450,1031.2972222222222,0.808333333333394,0.7083333333332575,0.7138888888889028,1.1322957198444208,75.0,0.2192388328306568,0.9993955195449992,0
1451,1032.0055555555555,0.7083333333332575,0.6944444444445708,0.7138888888889028,0.9922178988325594,75.0,0.3341170606452308,0.9991250385857529,0
1452,1032.7,0.6944444444445708,0.683333333333394,0.7138888888889028,0.9727626459145549,75.0,0.35259274385304124,0.999445970329601,0
1453,1033.3833333333334,0.683333333333394,0.724999999999909,0.7138888888889028,0.9571984435798329,77.77777777777777,0.3741735034877835,0.9992737106338798,0
1454,1034.1083333333333,0.724999999999909,0.7444444444445253,0.7138888888889028,1.015564202334483,77.77777777777777,0.3190668963842109,0.9984750202036459,0
1455,1034.8527777777779,0.7444444444445253,0.7472222222220353,0.7138888888889028,1.0428015564203263,75.0,0.2879431518682422,0.9998304873482271,0
1456,1035.6,0.7472222222220353,0.7194444444444343,0.7138888888889028,1.0466926070036089,72.22222222222223,0.2782411835599265,0.9995928744244114,0
1457,1036.3194444444443,0.7194444444444343,0.7333333333333485,0.7138888888889028,1.0077821011672814,75.0,0.31945560031937786,0.9997888874186416,0
1458,1037.0527777777777,0.7333333333333485,0.7083333333334849,0.7138888888889028,1.0272373540856043,75.0,0.30181152667943906,0.999071482465463,0
1459,1037.7611111111112,0.7083333333334849,0.7055555555555202,0.7138888888889028,0.9922178988328778,77.77777777777777,0.3406196354835009,0.999654127764906,0
1460,1038.4666666666667,0.7055555555555202,0.6361111111111768,0.7138888888889028,0.9883268482489584,77.77777777777777,0.3443634582194802,0.9992318887220055,0
1461,1039.1027777777779,0.6361111111111768,0.7416666666665606,0.7138888888889028,0.8910505836576622,38.888888888888886,0.38773803095747766,0.867336351876388,0
1462,1039.8444444444444,0.7416666666665606,0.7333333333333485,0.7138888888889028,1.038910505836407,72.22222222222223,0.2850221934700494,0.9994904993854064,0
1463,1040.5777777777778,0.7333333333333485,0.7611111111111768,0.7138888888889028,1.0272373540856043,80.55555555555556,0.315201386756531,0.9988363517845265,0
1464,1041.338888888889,0.7611111111111768,0.7444444444442979,0.7138888888889028,1.0661478599222503,77.77777777777777,0.2749275320952199,0.998848277474473,0
1465,1042.0833333333333,0.7444444444442979,0.7194444444444343,0.7138888888889028,1.042801556420008,75.0,0.28805510267217393,0.9990841486571947,0
1466,1042.8027777777777,0.7194444444444343,0.7138888888889596,0.7138888888889028,1.0077821011672814,75.0,0.31945014979433656,0.9998252242522505,0
1467,1043.5166666666667,0.7138888888889596,0.6861111111111313,0.7138888888889028,1.0000000000000797,72.22222222222223,0.3205853983633434,0.9981043213268936,0
1468,1044.2027777777778,0.6861111111111313,0.7055555555555202,0.7138888888889028,0.9610894941634337,75.0,0.3637709903686279,0.9997401953364522,0
1469,1044.9083333333333,0.7055555555555202,0.6972222222223081,0.7138888888889028,0.9883268482489584,80.55555555555556,0.3511346053151238,0.9992419231477668,0
1470,1045.6055555555556,0.6972222222223081,0.6972222222220807,0.7138888888889028,0.9766536964981558,77.77777777777777,0.3553792992309468,0.9999059398420604,0
1471,1046.3027777777777,0.6972222222220807,0.7444444444445253,0.7138888888889028,0.9766536964978373,72.22222222222223,0.3424671267100554,0.9996454259684093,0
1472,1047.0472222222222,0.7444444444445253,0.7694444444443889,0.7138888888889028,1.0428015564203263,80.55555555555556,0.3015424274845535,0.998199253072495,0
1473,1047.8166666666666,0.7694444444443889,0.7361111111110858,0.7138888888889028,1.0778210116730529,75.0,0.25880762429679677,0.9995842201447037,0
1474,1048.5527777777777,0.7361111111110858,0.7000000000000455,0.7138888888889028,1.0311284046692053,77.77777777777777,0.3048732271148944,0.9993467458976524,0
1475,1049.2527777777777,0.7000000000000455,0.7055555555555202,0.7138888888889028,0.9805447470817567,72.22222222222223,0.33886805529711067,0.9988598237215525,0
1476,1049.9583333333333,0.7055555555555202,0.6861111111111313,0.7138888888889028,0.9883268482489584,75.0,0.33784257791023425,0.998824836014021,0
1477,1050.6444444444444,0.6861111111111313,0.7027777777777828,0.7138888888889028,0.9610894941634337,75.0,0.3638898274890355,0.9989479478670684,0
1478,1051.3472222222222,0.7027777777777828,0.7083333333334849,0.7138888888889028,0.9844357976653576,77.77777777777777,0.34813745343112634,0.9986982186493187,0
1479,1052.0555555555557,0.7083333333334849,0.7138888888887323,0.7138888888889028,0.9922178988328778,75.0,0.33401152722927163,0.9998285946901433,0
1480,1052.7694444444444,0.7138888888887323,0.7527777777777374,0.7138888888889028,0.9999999999997611,77.77777777777777,0.33332050486988046,0.9995452753002592,0
1481,1053.5222222222221,0.7527777777777374,0.7666666666666515,0.7138888888889028,1.054474708171129,80.55555555555556,0.29139383704857913,0.9990945651283312,0
1482,1054.2888888888888,0.7666666666666515,0.7222222222223991,0.7138888888889028,1.073929961089452,75.0,0.26188667188625053,0.9997758646087117,0
1483,1055.0111111111112,0.7222222222223991,0.6861111111111313,0.7138888888889028,1.0116731517512008,72.22222222222223,0.3095728161621894,0.9992501292904913,0
1484,1055.6972222222223,0.6861111111111313,0.6972222222220807,0.7138888888889028,0.9610894941634337,72.22222222222223,0.3575463932260214,0.9987754337084951,0
1485,1056.3944444444444,0.6972222222220807,0.6944444444445708,0.7138888888889028,0.9766536964978373,72.22222222222223,0.3425067606850713,0.9993811994683035,0
1486,1057.088888888889,0.6944444444445708,0.716666666666697,0.7138888888889028,0.9727626459145549,75.0,0.35264183146393435,0.9991187195903133,0
1487,1057.8055555555557,0.716666666666697,0.7222222222221717,0.7138888888889028,1.0038910505836804,75.0,0.3231691749354971,0.9991248496785295,0
1488,1058.5277777777778,0.7222222222221717,0.5805555555555202,0.7138888888889028,1.0116731517508823,77.77777777777777,0.32245406731296405,0.9997167856355738,0
1489,1059.1083333333333,0.5805555555555202,0.9166666666667425,0.7138888888889028,0.8132295719843704,100.0,0.5798020357071721,0.8734423569310927,1
1490,1060.025,0.9166666666667425,0.7611111111109494,0.7138888888889028,1.284046692607085,80.55555555555556,0.16116455179382128,0.9983863245783271,0
1491,1060.786111111111,0.7611111111109494,0.7277777777778738,0.7138888888889028,1.0661478599219318,75.0,0.26823272617165084,0.9996007288637178,0
1492,1061.513888888889,0.7277777777778738,0.6888888888888687,0.7138888888889028,1.0194552529184027,69.44444444444444,0.2965240725571067,0.9978218109109374,0
1493,1062.2027777777778,0.6888888888888687,0.6972222222223081,0.7138888888889028,0.9649805447470347,69.44444444444444,0.3477994803165912,0.9978566425530533,0
1494,1062.9,0.6972222222223081,0.7138888888887323,0.7138888888889028,0.9766536964981558,69.44444444444444,0.33669881884327507,0.9971800788363012,0
1495,1063.6138888888888,0.7138888888887323,0.7361111111110858,0.7138888888889028,0.9999999999997611,72.22222222222223,0.32047536740801674,0.9988378610310586,0
1496,1064.35,0.7361111111110858,0.7305555555556111,0.7138888888889028,1.0311284046692053,75.0,0.2982354850107879,0.999718771822071,0
1497,1065.0805555555555,0.7305555555556111,0.7333333333333485,0.7138888888889028,1.0233463035020034,75.0,0.3052061816448695,0.9998015820006041,0
1498,1065.8138888888889,0.7333333333333485,0.7444444444445253,0.7138888888889028,1.0272373540856043,72.22222222222223,0.29547410759170784,0.9988588671383367,0
1499,1066.5583333333334,0.7444444444445253,0.7333333333333485,0.7138888888889028,1.0428015564203263,77.77777777777777,0.29458502326207386,0.9994309328256408,0
1500,1067.2916666666667,0.7333333333333485,0.6972222222220807,0.7138888888889028,1.0272373540856043,72.22222222222223,0.2954624897304796,0.9989363195465248,0
1501,1067.9888888888888,0.6972222222220807,0.683333333333394,0.7138888888889028,0.9766536964978373,66.66666666666667,0.33090345295549867,0.9965374171628252,0
1502,1068.6722222222222,0.683333333333394,0.6972222222223081,0.7138888888889028,0.9571984435798329,69.44444444444444,0.3553725514438427,0.9973509940032473,0
1503,1069.3694444444445,0.6972222222223081,0.7083333333332575,0.7138888888889028,0.9766536964981558,66.66666666666667,0.3308930435547986,0.9966068131654611,0
1504,1070.0777777777778,0.7083333333332575,0.7611111111111768,0.7138888888889028,0.9922178988325594,75.0,0.33400479748367545,0.9998734596627883,0
1505,1070.838888888889,0.7611111111111768,0.7388888888888232,0.7138888888889028,1.0661478599222503,80.55555555555556,0.28176612589446476,0.9984086672095593,0
1506,1071.5777777777778,0.7388888888888232,0.7194444444444343,0.7138888888889028,1.035019455252806,77.77777777777777,0.3013637634649962,0.9997250680276114,0
1507,1072.2972222222222,0.7194444444444343,0.7388888888888232,0.7138888888889028,1.0077821011672814,75.0,0.31943893323949446,0.9999000012845312,0
1508,1073.036111111111,0.7388888888888232,0.7138888888889596,0.7138888888889028,1.035019455252806,75.0,0.2947647899033841,0.9998386370020675,0
1509,1073.75,0.7138888888889596,0.6861111111111313,0.7138888888889028,1.0000000000000797,72.22222222222223,0.32048205570683397,0.9987932723702896,0
1510,1074.4361111111111,0.6861111111111313,0.6694444444444798,0.7138888888889028,0.9610894941634337,69.44444444444444,0.352005928361674,0.994791133228865,0
1511,1075.1055555555556,0.6694444444444798,0.7055555555555202,0.7138888888889028,0.9377431906615099,69.44444444444444,0.374029915341145,0.9980609001577136,0
1512,1075.8111111111111,0.7055555555555202,0.7222222222221717,0.7138888888889028,0.9883268482489584,69.44444444444444,0.3258063437868475,0.9956835880159858,0
1513,1076.5333333333333,0.7222222222221717,0.75,0.7138888888889028,1.0116731517508823,72.22222222222223,0.3094939449557609,0.9997759373353028,0
1514,1077.2833333333333,0.75,0.7361111111110858,0.7138888888889028,1.0505836575875283,80.55555555555556,0.29471729081613707,0.9989890066379833,0
1515,1078.0194444444444,0.7361111111110858,0.7111111111112223,0.7138888888889028,1.0311284046692053,80.55555555555556,0.31163797619028955,0.9993994337917367,0
1516,1078.7305555555556,0.7111111111112223,0.7277777777776464,0.7138888888889028,0.9961089494164788,75.0,0.33047880886690995,0.9989417951905226,0
1517,1079.4583333333333,0.7277777777776464,0.7083333333334849,0.7138888888889028,1.019455252918084,75.0,0.3087238958703002,0.9998724643121931,0
1518,1080.1666666666667,0.7083333333334849,0.691666666666606,0.7138888888889028,0.9922178988328778,69.44444444444444,0.32177395754320104,0.9980295837766671,0
1519,1080.8583333333333,0.691666666666606,0.683333333333394,0.7138888888889028,0.9688715953306355,69.44444444444444,0.3442142717715863,0.9968163438663635,0
1520,1081.5416666666667,0.683333333333394,0.7222222222221717,0.7138888888889028,0.9571984435798329,72.22222222222223,0.3613796065445948,0.9982246929068463,0
1521,1082.263888888889,0.7222222222221717,0.7527777777777374,0.7138888888889028,1.0116731517508823,72.22222222222223,0.30959940809696695,0.9990728497272621,0
1522,1083.0166666666667,0.7527777777777374,0.7638888888889142,0.7138888888889028,1.054474708171129,75.0,0.2780363830195838,0.9991136554886235,0
1523,1083.7805555555556,0.7638888888889142,0.7361111111110858,0.7138888888889028,1.0700389105058512,75.0,0.2650274228984732,0.9997890291559854,0
1524,1084.5166666666667,0.7361111111110858,0.7027777777777828,0.7138888888889028,1.0311284046692053,77.77777777777777,0.3048651568841025,0.9994005474362648,0
1525,1085.2194444444444,0.7027777777777828,0.716666666666697,0.7138888888889028,0.9844357976653576,75.0,0.3414910104308631,0.9991282505481157,0
1526,1085.9361111111111,0.716666666666697,0.7027777777777828,0.7138888888889028,1.0038910505836804,75.0,0.32306349997552575,0.9998293494116719,0
1527,1086.638888888889,0.7027777777777828,0.6972222222223081,0.7138888888889028,0.9844357976653576,72.22222222222223,0.33525280304689026,0.9982542238626003,0
1528,1087.3361111111112,0.6972222222223081,0.6999999999998181,0.7138888888889028,0.9766536964981558,72.22222222222223,0.34250401262873614,0.9993995198418398,0
1529,1088.036111111111,0.6999999999998181,0.6138888888890506,0.7138888888889028,0.9805447470814381,72.22222222222223,0.3388090926010207,0.9992529083641775,0
1530,1088.65,0.6138888888890506,0.8694444444442979,0.7138888888889028,0.8599221789885366,86.11111111111111,0.5079661288398426,0.85309326372513,1
1531,1089.5194444444444,0.8694444444442979,0.7555555555557021,0.7138888888889028,1.2178988326845959,75.0,0.1724190388944403,0.9988158058194362,0
1532,1090.275,0.7555555555557021,0.7222222222221717,0.7138888888889028,1.0583657587550486,77.77777777777777,0.281333237945029,0.9991737276297266,0
1533,1090.9972222222223,0.7222222222221717,0.6805555555554292,0.7138888888889028,1.0116731517508823,77.77777777777777,0.32248114680456336,0.9995362556915783,0
1534,1091.6777777777777,0.6805555555554292,0.7138888888889596,0.7138888888889028,0.9533073929959135,72.22222222222223,0.3651110346022474,0.9983697664158764,0
1535,1092.3916666666667,0.7138888888889596,0.7055555555555202,0.7138888888889028,1.0000000000000797,75.0,0.32671679118485764,0.9996904450954661,0
1536,1093.0972222222222,0.7055555555555202,0.6972222222223081,0.7138888888889028,0.9883268482489584,69.44444444444444,0.32549053264933386,0.9977889955994099,0
1537,1093.7944444444445,0.6972222222223081,0.7083333333332575,0.7138888888889028,0.9766536964981558,72.22222222222223,0.34261197720647063,0.9986797559902765,0
1538,1094.5027777777777,0.7083333333332575,0.7416666666667879,0.7138888888889028,0.9922178988325594,77.77777777777777,0.3406229559276895,0.9996319914723193,0
1539,1095.2444444444445,0.7416666666667879,0.599999999999909,0.7138888888889028,1.0389105058367256,75.0,0.29134272984285103,0.9998156661435341,0
1540,1095.8444444444444,0.599999999999909,0.9027777777778283,0.7138888888889028,0.8404669260698951,97.22222222222223,0.5524801502151129,0.8609403405661793,1
1541,1096.7472222222223,0.9027777777778283,0.6944444444443434,0.7138888888889028,1.264591439688762,77.77777777777777,0.16066232989535953,0.9988817105335803,0
1542,1097.4416666666666,0.6944444444443434,0.6861111111111313,0.7138888888889028,0.9727626459142364,75.0,0.3526286105448241,0.9992068590530842,0
1543,1098.1277777777777,0.6861111111111313,0.716666666666697,0.7138888888889028,0.9610894941634337,72.22222222222223,0.3574718031590943,0.9992727008213422,0
1544,1098.8444444444444,0.716666666666697,0.7138888888889596,0.7138888888889028,1.0038910505836804,75.0,0.3230679229460099,0.9997998629417777,0
1545,1099.5583333333334,0.7138888888889596,0.7027777777777828,0.7138888888889028,1.0000000000000797,75.0,0.32674597551230267,0.9994958829124991,0
1546,1100.2611111111112,0.7027777777777828,0.7222222222221717,0.7138888888889028,0.9844357976653576,69.44444444444444,0.3291656339021858,0.9979146185853511,0
1547,1100.9833333333333,0.7222222222221717,0.7416666666665606,0.7138888888889028,1.0116731517508823,75.0,0.3159113244862597,0.999455483043978,0
1548,1101.725,0.7416666666665606,0.7388888888890506,0.7138888888889028,1.038910505836407,75.0,0.2913954187560738,0.9994644067239113,0
1549,1102.463888888889,0.7388888888890506,0.7361111111110858,0.7138888888889028,1.0350194552531247,77.77777777777777,0.3014281002120945,0.999296156378412,0
1550,1103.2,0.7361111111110858,0.7000000000000455,0.7138888888889028,1.0311284046692053,75.0,0.2983329968688217,0.9990686927685125,0
1551,1103.9,0.7000000000000455,0.6805555555554292,0.7138888888889028,0.9805447470817567,72.22222222222223,0.33874819908353854,0.9996588651453667,0
1552,1104.5805555555555,0.6805555555554292,0.7138888888889596,0.7138888888889028,0.9533073929959135,72.22222222222223,0.3649622046423821,0.9993619661483117,0
1553,1105.2944444444445,0.7138888888889596,0.724999999999909,0.7138888888889028,1.0000000000000797,75.0,0.32670837881430664,0.999746527565806,0
1554,1106.0194444444444,0.724999999999909,0.6388888888889142,0.7138888888889028,1.015564202334483,75.0,0.31230062523177726,0.9997039064502453,0
1555,1106.6583333333333,0.6388888888889142,0.8305555555555202,0.7138888888889028,0.894941634241263,77.77777777777777,0.45520342541803976,0.8552054716674933,0
1556,1107.4888888888888,0.8305555555555202,0.7416666666667879,0.7138888888889028,1.1634241245135466,75.0,0.19999144739701002,0.9997155330538028,0
1557,1108.2305555555556,0.7416666666667879,0.7388888888888232,0.7138888888889028,1.0389105058367256,69.44444444444444,0.27909004010338784,0.9981174555860088,0
1558,1108.9694444444444,0.7388888888888232,0.7222222222221717,0.7138888888889028,1.035019455252806,75.0,0.2947795614468039,0.9997401600459356,0
1559,1109.6916666666666,0.7222222222221717,0.6916666666668334,0.7138888888889028,1.0116731517508823,75.0,0.31585619759010264,0.9998229956850251,0
1560,1110.3833333333334,0.6916666666668334,0.6833333333331666,0.7138888888889028,0.968871595330954,75.0,0.35641188849232247,0.9988817078800286,0
1561,1111.0666666666666,0.6833333333331666,0.7111111111112223,0.7138888888889028,0.9571984435795143,69.44444444444444,0.3552294077049957,0.9983052855976081,0
1562,1111.7777777777778,0.7111111111112223,0.7361111111110858,0.7138888888889028,0.9961089494164788,77.77777777777777,0.3369231881220504,0.9998588549258776,0
1563,1112.513888888889,0.7361111111110858,0.75,0.7138888888889028,1.0311284046692053,75.0,0.29830694460801266,0.9992423745072392,0
1564,1113.263888888889,0.75,0.7277777777776464,0.7138888888889028,1.0505836575875283,75.0,0.2812278544303534,0.9998879793768645,0
1565,1113.9916666666666,0.7277777777776464,0.7333333333333485,0.7138888888889028,1.019455252918084,75.0,0.3087562280909013,0.9996569161748523,0
1566,1114.725,0.7333333333333485,0.7194444444444343,0.7138888888889028,1.0272373540856043,75.0,0.30171805996302137,0.9996945939082477,0
1567,1115.4444444444443,0.7194444444444343,0.716666666666697,0.7138888888889028,1.0077821011672814,75.0,0.31949280045043627,0.9995408865449189,0
1568,1116.161111111111,0.716666666666697,0.6916666666668334,0.7138888888889028,1.0038910505836804,77.77777777777777,0.3296895751581423,0.9995351029638526,0
1569,1116.8527777777779,0.6916666666668334,0.691666666666606,0.7138888888889028,0.968871595330954,75.0,0.3564590552051506,0.998567263127841,0
1570,1117.5444444444445,0.691666666666606,0.7277777777776464,0.7138888888889028,0.9688715953306355,72.22222222222223,0.3500344054505497,0.9989361855818868,0
1571,1118.2722222222221,0.7277777777776464,0.7583333333334394,0.7138888888889028,1.019455252918084,77.77777777777777,0.3153492192688295,0.999583229758289,0
1572,1119.0305555555556,0.7583333333334394,0.7416666666665606,0.7138888888889028,1.0622568093386493,72.22222222222223,0.2650474772409138,0.9997786647370357,0
1573,1119.7722222222221,0.7416666666665606,0.7194444444444343,0.7138888888889028,1.038910505836407,77.77777777777777,0.2980187970648744,0.999188139434865,0
1574,1120.4916666666666,0.7194444444444343,0.716666666666697,0.7138888888889028,1.0077821011672814,75.0,0.3194763702891694,0.9996504209533646,0
1575,1121.2083333333333,0.716666666666697,0.6916666666668334,0.7138888888889028,1.0038910505836804,72.22222222222223,0.3167510211067913,0.9994504659579004,0
1576,1121.9,0.6916666666668334,0.7027777777777828,0.7138888888889028,0.968871595330954,75.0,0.35625378092498095,0.9999357583289721,0
1577,1122.6027777777779,0.7027777777777828,0.6944444444443434,0.7138888888889028,0.9844357976653576,75.0,0.34140295145483557,0.9997153103882992,0
1578,1123.2972222222222,0.6944444444443434,0.6972222222223081,0.7138888888889028,0.9727626459142364,75.0,0.3525766165707869,0.999553485546665,0
1579,1123.9944444444445,0.6972222222223081,0.7305555555553838,0.7138888888889028,0.9766536964981558,72.22222222222223,0.34252640080298663,0.9992502653468367,0
1580,1124.725,0.7305555555553838,0.775000000000091,0.7138888888889028,1.023346303501685,80.55555555555556,0.31879712399731086,0.9982259028192566,0
1581,1125.5,0.775000000000091,0.7333333333333485,0.7138888888889028,1.0856031128405732,75.0,0.2526717263733045,0.9997662501425653,0
1582,1126.2333333333333,0.7333333333333485,0.7083333333332575,0.7138888888889028,1.0272373540856043,75.0,0.3016934375986736,0.999858743003899,0
1583,1126.9416666666666,0.7083333333332575,0.7055555555555202,0.7138888888889028,0.9922178988325594,77.77777777777777,0.3406529354820972,0.9994321277762679,0
1584,1127.6472222222221,0.7055555555555202,0.683333333333394,0.7138888888889028,0.9883268482489584,75.0,0.3377084776636331,0.9997188376580286,0
1585,1128.3305555555555,0.683333333333394,0.7055555555555202,0.7138888888889028,0.9571984435798329,75.0,0.36754739720393026,0.999568164423277,0
1586,1129.036111111111,0.7055555555555202,0.7083333333334849,0.7138888888889028,0.9883268482489584,75.0,0.33773463946512805,0.9995444256480623,0
1587,1129.7444444444445,0.7083333333334849,0.716666666666697,0.7138888888889028,0.9922178988328778,72.22222222222223,0.3278972153183582,0.9981285981842323,0
1588,1130.4611111111112,0.716666666666697,0.7277777777776464,0.7138888888889028,1.0038910505836804,72.22222222222223,0.3169330417888137,0.9982369947444181,0
1589,1131.1888888888889,0.7277777777776464,0.775000000000091,0.7138888888889028,1.019455252918084,77.77777777777777,0.3153572561231694,0.9995296507293563,0
1590,1131.963888888889,0.775000000000091,0.7361111111110858,0.7138888888889028,1.0856031128405732,77.77777777777777,0.2593396709508619,0.9991928743951402,0
1591,1132.7,0.7361111111110858,0.5194444444443889,0.7138888888889028,1.0311284046692053,75.0,0.29824060161420307,0.9996846611326364,0
1592,1133.2194444444444,0.5194444444443889,0.8722222222222626,0.7138888888889028,0.7276264591438768,102.77777777777777,0.6473694953546889,0.8500487665754738,1
1593,1134.0916666666667,0.8722222222222626,0.683333333333394,0.7138888888889028,1.2217898832685152,77.77777777777777,0.17720668446306928,0.9993926186130212,0
1594,1134.775,0.683333333333394,0.724999999999909,0.7138888888889028,0.9571984435798329,75.0,0.3675853473969389,0.9993151631365529,0
1595,1135.5,0.724999999999909,0.7222222222221717,0.7138888888889028,1.015564202334483,75.0,0.3122812316954203,0.999833196692625,0
1596,1136.2222222222222,0.7222222222221717,0.7472222222222626,0.7138888888889028,1.0116731517508823,72.22222222222223,0.30961475062984845,0.998970566174719,0
1597,1136.9694444444444,0.7472222222222626,0.7333333333333485,0.7138888888889028,1.0466926070039273,75.0,0.2847269455433846,0.9988165371115285,0
1598,1137.7027777777778,0.7333333333333485,0.775000000000091,0.7138888888889028,1.0272373540856043,77.77777777777777,0.3083213941552239,0.9995519540631882,0
1599,1138.4777777777779,0.775000000000091,0.7305555555553838,0.7138888888889028,1.0856031128405732,75.0,0.2526717733393555,0.9997659370355585,0
1600,1139.2083333333333,0.7305555555553838,0.683333333333394,0.7138888888889028,1.023346303501685,75.0,0.3052016681157175,0.9998316721968694,0
1601,1139.8916666666667,0.683333333333394,0.6944444444445708,0.7138888888889028,0.9571984435798329,72.22222222222223,0.3611441816439468,0.9997941922444995,0
1602,1140.5861111111112,0.6944444444445708,0.6972222222220807,0.7138888888889028,0.9727626459145549,75.0,0.3525355002613774,0.9998275942740262,0
1603,1141.2833333333333,0.6972222222220807,0.7305555555556111,0.7138888888889028,0.9766536964978373,77.77777777777777,0.35547865186452204,0.9992435889535903,0
1604,1142.013888888889,0.7305555555556111,1.474999999999909,0.7138888888889028,1.0233463035020034,77.77777777777777,0.31194239594445156,0.9987730747730148,0
1605,1143.4888888888888,1.474999999999909,0.7416666666667879,0.7138888888889028,2.0661478599220113,77.77777777777777,0.10627952256125661,0.999649756899468,0
1606,1144.2305555555556,0.7416666666667879,0.7694444444443889,0.7138888888889028,1.0389105058367256,75.0,0.29139404087700066,0.9994735925825367,0
1607,1145.0,0.7694444444443889,0.7055555555555202,0.7138888888889028,1.0778210116730529,72.22222222222223,0.2525210929019448,0.9990323535317165,0
1608,1145.7055555555555,0.7055555555555202,0.6777777777779193,0.7138888888889028,0.9883268482489584,75.0,0.3377814728115121,0.999232203338835,0
1609,1146.3833333333334,0.6777777777779193,0.6972222222220807,0.7138888888889028,0.9494163424126311,75.0,0.37505750575500285,0.999551224309275,0
1610,1147.0805555555555,0.6972222222220807,0.6972222222223081,0.7138888888889028,0.9766536964978373,75.0,0.3488985653786015,0.9992312440901028,0
1611,1147.7777777777778,0.6972222222223081,0.7388888888888232,0.7138888888889028,0.9766536964981558,77.77777777777777,0.35544078519545086,0.9994960334120335,0
1612,1148.5166666666667,0.7388888888888232,0.7416666666667879,0.7138888888889028,1.035019455252806,80.55555555555556,0.30830906794472474,0.9985740532261398,0
1613,1149.2583333333334,0.7416666666667879,0.7277777777776464,0.7138888888889028,1.0389105058367256,77.77777777777777,0.2979733228303966,0.999491300996188,0
1614,1149.986111111111,0.7277777777776464,0.7361111111110858,0.7138888888889028,1.019455252918084,75.0,0.3088587880275808,0.9989731832636555,0
1615,1150.7222222222222,0.7361111111110858,0.7388888888890506,0.7138888888889028,1.0311284046692053,77.77777777777777,0.30488322378327704,0.9992801014417682,0
1616,1151.4611111111112,0.7388888888890506,0.6833333333331666,0.7138888888889028,1.0350194552531247,75.0,0.2948911722376409,0.9989960881051445,0
1617,1152.1444444444444,0.6833333333331666,0.6749999999999545,0.7138888888889028,0.9571984435795143,75.0,0.3675511353577741,0.9995432433996989,0
1618,1152.8194444444443,0.6749999999999545,0.6916666666668334,0.7138888888889028,0.9455252918287117,75.0,0.3787736017355421,0.9998050412780073,0
1619,1153.5111111111112,0.6916666666668334,0.7000000000000455,0.7138888888889028,0.968871595330954,75.0,0.3563271674424379,0.9994465148792588,0
1620,1154.2111111111112,0.7000000000000455,0.7388888888888232,0.7138888888889028,0.9805447470817567,80.55555555555556,0.3585287277786907,0.9992813529226959,0
1621,1154.95,0.7388888888888232,0.7472222222222626,0.7138888888889028,1.035019455252806,80.55555555555556,0.30833893863345535,0.9983749153012691,0
1622,1155.6972222222223,0.7472222222222626,0.7277777777776464,0.7138888888889028,1.0466926070039273,75.0,0.2846190264059107,0.9995359980280214,0
1623,1156.425,0.7277777777776464,0.7055555555555202,0.7138888888889028,1.019455252918084,75.0,0.30879705471597924,0.9993847386743328,0
1624,1157.1305555555555,0.7055555555555202,0.7250000000001364,0.7138888888889028,0.9883268482489584,75.0,0.3376821285385893,0.9998944984916539,0
1625,1157.8555555555556,0.7250000000001364,0.6888888888888687,0.7138888888889028,1.0155642023348017,75.0,0.31228416519611496,0.9998136400193826,0
1626,1158.5444444444445,0.6888888888888687,0.6749999999999545,0.7138888888889028,0.9649805447470347,72.22222222222223,0.35370825604514633,0.9993855372712983,0
1627,1159.2194444444444,0.6749999999999545,0.6972222222223081,0.7138888888889028,0.9455252918287117,75.0,0.37886036418189784,0.999226624968969,0
1628,1159.9166666666667,0.6972222222223081,0.716666666666697,0.7138888888889028,0.9766536964981558,77.77777777777777,0.35540511824158993,0.9997338131044395,0
1629,1160.6333333333334,0.716666666666697,0.75,0.7138888888889028,1.0038910505836804,80.55555555555556,0.3366750092721675,0.9981165572670703,0
1630,1161.3833333333334,0.75,0.7416666666665606,0.7138888888889028,1.0505836575875283,83.33333333333333,0.3018128943976549,0.9979403870013508,0
1631,1162.125,0.7416666666665606,0.7194444444444343,0.7138888888889028,1.038910505836407,75.0,0.29135131676717047,0.9997584199832668,0
1632,1162.8444444444444,0.7194444444444343,0.6972222222223081,0.7138888888889028,1.0077821011672814,72.22222222222223,0.3133135139400759,0.998274054035321,0
1633,1163.5416666666667,0.6972222222223081,0.7138888888887323,0.7138888888889028,0.9766536964981558,75.0,0.3489244266936244,0.999058835321252,0
1634,1164.2555555555555,0.7138888888887323,0.6861111111111313,0.7138888888889028,0.9999999999997611,75.0,0.326812700102759,0.9990510523114446,0
1635,1164.9416666666666,0.6861111111111313,0.6805555555556566,0.7138888888889028,0.9610894941634337,77.77777777777777,0.3703413335054,0.9998174958609296,0
1636,1165.6222222222223,0.6805555555556566,0.7000000000000455,0.7138888888889028,0.9533073929962319,75.0,0.3713086501514676,0.999514405331028,0
1637,1166.3222222222223,0.7000000000000455,0.724999999999909,0.7138888888889028,0.9805447470817567,75.0,0.3451016724356956,0.9997644520429865,0
1638,1167.0472222222222,0.724999999999909,1.4861111111110858,0.7138888888889028,1.015564202334483,80.55555555555556,0.3257927317281405,0.9987871329741668,0
1639,1168.5333333333333,1.4861111111110858,0.716666666666697,0.7138888888889028,2.0817120622567336,77.77777777777777,0.10623207420383847,0.9998157328290393,0
1640,1169.25,0.716666666666697,0.7111111111112223,0.7138888888889028,1.0038910505836804,72.22222222222223,0.316948023131287,0.9981371191279295,0
1641,1169.9611111111112,0.7111111111112223,0.7222222222221717,0.7138888888889028,0.9961089494164788,75.0,0.33046901121382855,0.9990071128777323,0
1642,1170.6833333333334,0.7222222222221717,0.691666666666606,0.7138888888889028,1.0116731517508823,72.22222222222223,0.3096425703382494,0.998785101452046,0
1643,1171.375,0.691666666666606,0.6944444444443434,0.7138888888889028,0.9688715953306355,72.22222222222223,0.3499427559902754,0.9995471819837154,0
1644,1172.0694444444443,0.6944444444443434,0.7361111111113132,0.7138888888889028,0.9727626459142364,80.55555555555556,0.36593170488501187,0.9995501666181752,0
1645,1172.8055555555557,0.7361111111113132,0.7305555555553838,0.7138888888889028,1.0311284046695237,80.55555555555556,0.311706554054029,0.9989422480315828,0
1646,1173.536111111111,0.7305555555553838,0.7555555555557021,0.7138888888889028,1.023346303501685,80.55555555555556,0.3187469395126932,0.9985604660500411,0
1647,1174.2916666666667,0.7555555555557021,0.724999999999909,0.7138888888889028,1.0583657587550486,80.55555555555556,0.2882521180344661,0.9981988754301978,0
1648,1175.0166666666667,0.724999999999909,0.691666666666606,0.7138888888889028,1.015564202334483,75.0,0.31243011897148465,0.998840614852196,0
1649,1175.7083333333333,0.691666666666606,0.6888888888888687,0.7138888888889028,0.9688715953306355,69.44444444444444,0.3440970963188175,0.9975975135514887,0
1650,1176.3972222222221,0.6888888888888687,0.716666666666697,0.7138888888889028,0.9649805447470347,75.0,0.36000904485156865,0.999842354473817,0
1651,1177.1138888888888,0.716666666666697,0.7027777777777828,0.7138888888889028,1.0038910505836804,72.22222222222223,0.3167982691338219,0.9991354791110297,0
1652,1177.8166666666666,0.7027777777777828,0.7055555555555202,0.7138888888889028,0.9844357976653576,77.77777777777777,0.34806222015252125,0.9991997738400191,0
1653,1178.5222222222221,0.7055555555555202,0.7416666666667879,0.7138888888889028,0.9883268482489584,77.77777777777777,0.3443136253648469,0.9995641077528945,0
1654,1179.263888888889,0.7416666666667879,0.7333333333333485,0.7138888888889028,1.0389105058367256,80.55555555555556,0.304975629489921,0.9979602716627438,0
1655,1179.9972222222223,0.7333333333333485,0.7444444444442979,0.7138888888889028,1.0272373540856043,77.77777777777777,0.3084173329036152,0.9989123624072463,0
1656,1180.7416666666666,0.7444444444442979,0.716666666666697,0.7138888888889028,1.042801556420008,77.77777777777777,0.2946333043521332,0.9991090588937572,0
1657,1181.4583333333333,0.716666666666697,0.6888888888888687,0.7138888888889028,1.0038910505836804,75.0,0.32316989768082804,0.9991200313763231,0
1658,1182.1472222222221,0.6888888888888687,0.683333333333394,0.7138888888889028,0.9649805447470347,69.44444444444444,0.34788463645095685,0.9972889349906154,0
1659,1182.8305555555555,0.683333333333394,0.7305555555556111,0.7138888888889028,0.9571984435798329,75.0,0.36750351144299714,0.9998607361628311,0
1660,1183.5611111111111,0.7305555555556111,0.7222222222221717,0.7138888888889028,1.0233463035020034,72.22222222222223,0.29898928090896154,0.9987855109946567,0
1661,1184.2833333333333,0.7222222222221717,0.7138888888889596,0.7138888888889028,1.0116731517508823,77.77777777777777,0.3224795963884153,0.9995465917992321,0
1662,1184.9972222222223,0.7138888888889596,0.7388888888888232,0.7138888888889028,1.0000000000000797,77.77777777777777,0.3332849867312845,0.9997820628889114,0
1663,1185.736111111111,0.7388888888888232,0.7361111111110858,0.7138888888889028,1.035019455252806,80.55555555555556,0.30831075673599345,0.9985627946176816,0
1664,1186.4722222222222,0.7361111111110858,0.7333333333333485,0.7138888888889028,1.0311284046692053,77.77777777777777,0.30490663870606105,0.9991240019565412,0
1665,1187.2055555555555,0.7333333333333485,0.6944444444445708,0.7138888888889028,1.0272373540856043,75.0,0.3017464898377067,0.9995050614103453,0
1666,1187.9,0.6944444444445708,0.6833333333331666,0.7138888888889028,0.9727626459145549,72.22222222222223,0.34622337039832674,0.9994463841156972,0
1667,1188.5833333333333,0.6833333333331666,0.6972222222223081,0.7138888888889028,0.9571984435795143,72.22222222222223,0.36135191527731075,0.9984093013574542,0
1668,1189.2805555555556,0.6972222222223081,0.7388888888888232,0.7138888888889028,0.9766536964981558,75.0,0.3488049493631257,0.9998553508579098,0
1669,1190.0194444444444,0.7388888888888232,0.7333333333333485,0.7138888888889028,1.035019455252806,75.0,0.29485400086118474,0.9992438972833966,0
1670,1190.7527777777777,0.7333333333333485,0.7250000000001364,0.7138888888889028,1.0272373540856043,80.55555555555556,0.31515209392705085,0.9991649706477275,0
1671,1191.4777777777779,0.7250000000001364,0.7361111111110858,0.7138888888889028,1.0155642023348017,80.55555555555556,0.3258166581336897,0.9986276236018942,0
1672,1192.213888888889,0.7361111111110858,0.7222222222221717,0.7138888888889028,1.0311284046692053,77.77777777777777,0.3049249536855328,0.9990019020933962,0
1673,1192.9361111111111,0.7222222222221717,0.7194444444444343,0.7138888888889028,1.0116731517508823,77.77777777777777,0.3224974047133455,0.9994278696330308,0
1674,1193.6555555555556,0.7194444444444343,0.6861111111111313,0.7138888888889028,1.0077821011672814,75.0,0.3194436630833266,0.9998684689923167,0
1675,1194.3416666666667,0.6861111111111313,0.6861111111111313,0.7138888888889028,0.9610894941634337,69.44444444444444,0.3515464560059346,0.9978542822671275,0
1676,1195.0277777777778,0.6861111111111313,0.6972222222220807,0.7138888888889028,0.9610894941634337,75.0,0.363937128629244,0.998632606932345,0
1677,1195.725,0.6972222222220807,0.7527777777779647,0.7138888888889028,0.9766536964978373,75.0,0.34887117360560327,0.9994138559100909,0
1678,1196.4777777777779,0.7527777777779647,0.7277777777776464,0.7138888888889028,1.0544747081714476,77.77777777777777,0.28464854316497973,0.9989121759538113,0
1679,1197.2055555555555,0.7277777777776464,0.7194444444444343,0.7138888888889028,1.019455252918084,77.77777777777777,0.31544811325547795,0.9989239365139658,0
1680,1197.925,0.7194444444444343,0.7277777777778738,0.7138888888889028,1.0077821011672814,77.77777777777777,0.3262131362139526,0.9986182362244347,0
1681,1198.6527777777778,0.7277777777778738,0.7000000000000455,0.7138888888889028,1.0194552529184027,77.77777777777777,0.3154541581844947,0.9988836369852552,0
1682,1199.3527777777779,0.7000000000000455,0.7027777777777828,0.7138888888889028,0.9805447470817567,75.0,0.34510645508682475,0.9997325677021257,0
1683,1200.0555555555557,0.7027777777777828,0.6999999999998181,0.7138888888889028,0.9844357976653576,75.0,0.3414241294408973,0.9995741238145543,0
1684,1200.7555555555555,0.6999999999998181,0.6916666666668334,0.7138888888889028,0.9805447470814381,72.22222222222223,0.3389564261034756,0.9982706850144784,0
1685,1201.4472222222223,0.6916666666668334,0.6944444444443434,0.7138888888889028,0.968871595330954,72.22222222222223,0.35022620713479713,0.9976575076848637,0
1686,1202.1416666666667,0.6944444444443434,0.7666666666666515,0.7138888888889028,0.9727626459142364,77.77777777777777,0.3591821718162871,0.9993960386796217,0
1687,1202.9083333333333,0.7666666666666515,0.7444444444445253,0.7138888888889028,1.073929961089452,80.55555555555556,0.2755232634947395,0.9978958570517951,0
1688,1203.6527777777778,0.7444444444445253,0.716666666666697,0.7138888888889028,1.0428015564203263,77.77777777777777,0.2945695637262783,0.9995339963976111,0
1689,1204.3694444444445,0.716666666666697,0.7194444444444343,0.7138888888889028,1.0038910505836804,72.22222222222223,0.31673945472049125,0.9995275751999011,0
1690,1205.088888888889,0.7194444444444343,0.6972222222220807,0.7138888888889028,1.0077821011672814,75.0,0.3194429323898996,0.99987334028183,0
1691,1205.786111111111,0.6972222222220807,0.7055555555555202,0.7138888888889028,0.9766536964978373,72.22222222222223,0.3425429289846944,0.9991400774708161,0
1692,1206.4916666666666,0.7055555555555202,0.7194444444446617,0.7138888888889028,0.9883268482489584,72.22222222222223,0.33147845187911396,0.9987902669761552,0
1693,1207.2111111111112,0.7194444444446617,0.7055555555555202,0.7138888888889028,1.0077821011675998,69.44444444444444,0.30713907534435525,0.9985162450962134,0
1694,1207.9166666666667,0.7055555555555202,0.7055555555555202,0.7138888888889028,0.9883268482489584,75.0,0.3378357216475208,0.9988705444321104,0
1695,1208.6222222222223,0.7055555555555202,0.7694444444443889,0.7138888888889028,0.9883268482489584,77.77777777777777,0.3443902424939636,0.9990533268921165,0
1696,1209.3916666666667,0.7694444444443889,0.75,0.7138888888889028,1.0778210116730529,80.55555555555556,0.27244060140932685,0.9977283092275129,0
1697,1210.1416666666667,0.75,0.7194444444444343,0.7138888888889028,1.0505836575875283,77.77777777777777,0.2879713572964111,0.9988108817061044,0
1698,1210.861111111111,0.7194444444444343,0.6972222222223081,0.7138888888889028,1.0077821011672814,72.22222222222223,0.3133657271306526,0.997925966098143,0
1699,1211.5583333333334,0.6972222222223081,0.7000000000000455,0.7138888888889028,0.9766536964981558,75.0,0.3488836336500304,0.9993307889452121,0
1700,1212.2583333333334,0.7000000000000455,0.7027777777777828,0.7138888888889028,0.9805447470817567,69.44444444444444,0.3328076545308136,0.9983417625882534,0
1701,1212.9611111111112,0.7027777777777828,0.7194444444444343,0.7138888888889028,0.9844357976653576,69.44444444444444,0.3291276591951297,0.9981677832990581,0
1702,1213.6805555555557,0.7194444444444343,0.7138888888887323,0.7138888888889028,1.0077821011672814,69.44444444444444,0.3072722675990066,0.9976282967338367,0
1703,1214.3944444444444,0.7138888888887323,0.7194444444444343,0.7138888888889028,0.9999999999997611,75.0,0.32668650889838646,0.9998923270072615,0
1704,1215.1138888888888,0.7194444444444343,0.7583333333334394,0.7138888888889028,1.0077821011672814,77.77777777777777,0.3261503365361253,0.9990369007432833,0
1705,1215.8722222222223,0.7583333333334394,0.7444444444442979,0.7138888888889028,1.0622568093386493,80.55555555555556,0.28497602511697734,0.998414357974956,0
1706,1216.6166666666666,0.7444444444442979,0.7138888888889596,0.7138888888889028,1.042801556420008,75.0,0.28799377213402017,0.999493018911553,0
1707,1217.3305555555555,0.7138888888889596,0.6861111111111313,0.7138888888889028,1.0000000000000797,69.44444444444444,0.31477404426463984,0.9959259490763046,0
1708,1218.0166666666667,0.6861111111111313,0.6944444444445708,0.7138888888889028,0.9610894941634337,72.22222222222223,0.35765166764224615,0.9980736042669969,0
1709,1218.7111111111112,0.6944444444445708,0.7083333333332575,0.7138888888889028,0.9727626459145549,69.44444444444444,0.3403768121579786,0.9975027061427384,0
1710,1219.4194444444445,0.7083333333332575,0.7333333333333485,0.7138888888889028,0.9922178988325594,72.22222222222223,0.32777170522287,0.9989653321561572,0
1711,1220.1527777777778,0.7333333333333485,0.7222222222221717,0.7138888888889028,1.0272373540856043,75.0,0.3017831422069073,0.9992607122823416,0
1712,1220.875,0.7222222222221717,0.7305555555556111,0.7138888888889028,1.0116731517508823,77.77777777777777,0.3224900030031697,0.9994772143675359,0
1713,1221.6055555555556,0.7305555555556111,0.7555555555554747,0.7138888888889028,1.0233463035020034,77.77777777777777,0.3118907441248166,0.999117420237248,0
1714,1222.361111111111,0.7555555555554747,0.7361111111110858,0.7138888888889028,1.05836575875473,77.77777777777777,0.2812806863384114,0.9995240716756237,0
1715,1223.0972222222222,0.7361111111110858,0.7055555555555202,0.7138888888889028,1.0311284046692053,75.0,0.29830583161821883,0.9992497944391981,0
1716,1223.8027777777777,0.7055555555555202,0.6861111111111313,0.7138888888889028,0.9883268482489584,69.44444444444444,0.3256232357905025,0.9969043079916189,0
1717,1224.4888888888888,0.6861111111111313,0.7000000000000455,0.7138888888889028,0.9610894941634337,75.0,0.3639404766909431,0.9986102865210178,0
1718,1225.1888888888889,0.7000000000000455,0.716666666666697,0.7138888888889028,0.9805447470817567,66.66666666666667,0.32741053434558426,0.9950441295624327,0
1719,1225.9055555555556,0.716666666666697,0.75,0.7138888888889028,1.0038910505836804,75.0,0.3231321237586893,0.9993718575239148,0
1720,1226.6555555555556,0.75,0.7361111111110858,0.7138888888889028,1.0505836575875283,75.0,0.2812644695263887,0.9996438787366291,0
1721,1227.3916666666667,0.7361111111110858,0.7222222222221717,0.7138888888889028,1.0311284046692053,77.77777777777777,0.3049794148567333,0.9986388276187261,0
1722,1228.1138888888888,0.7222222222221717,0.7472222222222626,0.7138888888889028,1.0116731517508823,77.77777777777777,0.3225571224568307,0.9990297513431292,0
1723,1228.861111111111,0.7472222222222626,0.7222222222221717,0.7138888888889028,1.0466926070039273,80.55555555555556,0.2979870216131921,0.9994466331458216,0
1724,1229.5833333333333,0.7222222222221717,0.6888888888888687,0.7138888888889028,1.0116731517508823,72.22222222222223,0.3096412388432087,0.9987939780856506,0
1725,1230.2722222222221,0.6888888888888687,0.6722222222222172,0.7138888888889028,0.9649805447470347,72.22222222222223,0.3541386129712686,0.9965164910971501,0
1726,1230.9444444444443,0.6722222222222172,0.7000000000000455,0.7138888888889028,0.9416342412451107,72.22222222222223,0.37638964999425156,0.9982530411240653,0
1727,1231.6444444444444,0.7000000000000455,0.716666666666697,0.7138888888889028,0.9805447470817567,69.44444444444444,0.3330337438191538,0.9968345006659858,0
1728,1232.361111111111,0.716666666666697,0.7527777777777374,0.7138888888889028,1.0038910505836804,72.22222222222223,0.31672957577743305,0.9995934348202888,0
1729,1233.1138888888888,0.7527777777777374,0.7250000000001364,0.7138888888889028,1.054474708171129,80.55555555555556,0.29133817099520026,0.9994656721508568,0
1730,1233.838888888889,0.7250000000001364,0.7111111111109949,0.7138888888889028,1.0155642023348017,75.0,0.31231255613370823,0.9996243671020943,0
1731,1234.55,0.7111111111109949,0.7444444444445253,0.7138888888889028,0.9961089494161602,75.0,0.3304441075922949,0.9991731370232861,0
1732,1235.2944444444445,0.7444444444445253,0.7138888888889596,0.7138888888889028,1.0428015564203263,77.77777777777777,0.29459755876447774,0.999347362809615,0
1733,1236.0083333333334,0.7138888888889596,0.691666666666606,0.7138888888889028,1.0000000000000797,69.44444444444444,0.3144287328164343,0.9982280253976747,0
1734,1236.7,0.691666666666606,0.6805555555554292,0.7138888888889028,0.9688715953306355,69.44444444444444,0.34435907207347966,0.9958510085204078,0
1735,1237.3805555555555,0.6805555555554292,0.716666666666697,0.7138888888889028,0.9533073929959135,72.22222222222223,0.36507322312078744,0.9986218429589426,0
1736,1238.0972222222222,0.716666666666697,0.7444444444445253,0.7138888888889028,1.0038910505836804,72.22222222222223,0.3168351152001715,0.9988898386686992,0
1737,1238.8416666666667,0.7444444444445253,0.7638888888889142,0.7138888888889028,1.0428015564203263,72.22222222222223,0.2816343094057959,0.9994273611858687,0
1738,1239.6055555555556,0.7638888888889142,0.7305555555556111,0.7138888888889028,1.0700389105058512,75.0,0.2650415316974599,0.9996949704960738,0
1739,1240.3361111111112,0.7305555555556111,0.7083333333332575,0.7138888888889028,1.0233463035020034,75.0,0.30518747135424845,0.9999263172714112,0
1740,1241.0444444444445,0.7083333333332575,0.7194444444444343,0.7138888888889028,0.9922178988325594,75.0,0.33401170481715015,0.9998274107729571,0
1741,1241.763888888889,0.7194444444444343,0.7055555555555202,0.7138888888889028,1.0077821011672814,77.77777777777777,0.3261849458352196,0.9988061720826547,0
1742,1242.4694444444444,0.7055555555555202,0.6888888888888687,0.7138888888889028,0.9883268482489584,69.44444444444444,0.3254992995611824,0.9977305495204198,0
1743,1243.1583333333333,0.6888888888888687,0.691666666666606,0.7138888888889028,0.9649805447470347,69.44444444444444,0.3480640819419602,0.9960926317172598,0
1744,1243.85,0.691666666666606,0.7194444444444343,0.7138888888889028,0.9688715953306355,69.44444444444444,0.3440857353214866,0.9976732535336947,0
1745,1244.5694444444443,0.7194444444444343,0.7555555555557021,0.7138888888889028,1.0077821011672814,75.0,0.31945203407097006,0.999812662408027,0
1746,1245.325,0.7555555555557021,0.7638888888889142,0.7138888888889028,1.0583657587550486,77.77777777777777,0.2813102263899851,0.9993271379966859,0
1747,1246.088888888889,0.7638888888889142,0.724999999999909,0.7138888888889028,1.0700389105058512,75.0,0.265120316236292,0.9991697402371934,0
1748,1246.8138888888889,0.724999999999909,0.6944444444445708,0.7138888888889028,1.015564202334483,77.77777777777777,0.31889270550328164,0.9996362927431741,0
1749,1247.5083333333334,0.6944444444445708,0.7222222222221717,0.7138888888889028,0.9727626459145549,72.22222222222223,0.34626209101020416,0.9991882467031807,0
1750,1248.2305555555556,0.7222222222221717,0.7027777777777828,0.7138888888889028,1.0116731517508823,77.77777777777777,0.32250306776274357,0.9993901159703769,0
1751,1248.9333333333334,0.7027777777777828,0.6972222222220807,0.7138888888889028,0.9844357976653576,72.22222222222223,0.335063582950763,0.9995156911701155,0
1752,1249.6305555555555,0.6972222222220807,0.7111111111112223,0.7138888888889028,0.9766536964978373,69.44444444444444,0.3365835847288914,0.9979483062675567,0
1753,1250.3416666666667,0.7111111111112223,0.7305555555556111,0.7138888888889028,0.9961089494164788,72.22222222222223,0.324025444248804,0.9995021500658955,0
1754,1251.0722222222223,0.7305555555556111,0.75,0.7138888888889028,1.0233463035020034,72.22222222222223,0.298838895978201,0.9997880771997267,0
1755,1251.8222222222223,0.75,0.7611111111109494,0.7138888888889028,1.0505836575875283,77.77777777777777,0.287882123574842,0.9994057731832318,0
1756,1252.5833333333333,0.7611111111109494,0.7083333333334849,0.7138888888889028,1.0661478599219318,75.0,0.2682056000795943,0.9997815694774279,0
1757,1253.2916666666667,0.7083333333334849,0.6777777777776919,0.7138888888889028,0.9922178988328778,72.22222222222223,0.32774449085327384,0.9991467612847946,0
1758,1253.9694444444444,0.6777777777776919,0.7138888888889596,0.7138888888889028,0.9494163424123125,72.22222222222223,0.368807916108217,0.9987530793778956,0
1759,1254.6833333333334,0.7138888888889596,0.6972222222220807,0.7138888888889028,1.0000000000000797,75.0,0.3267115748710185,0.9997252205210605,0
1760,1255.3805555555555,0.6972222222220807,0.7027777777777828,0.7138888888889028,0.9766536964978373,75.0,0.3488463831486299,0.9995791256232465,0
1761,1256.0833333333333,0.7027777777777828,0.7277777777778738,0.7138888888889028,0.9844357976653576,69.44444444444444,0.32918088470947626,0.9978129465367479,0
1762,1256.8111111111111,0.7277777777778738,0.7444444444445253,0.7138888888889028,1.0194552529184027,77.77777777777777,0.31534609666031393,0.9996040471464602,0
1763,1257.5555555555557,0.7444444444445253,0.7555555555554747,0.7138888888889028,1.0428015564203263,75.0,0.2879390560258044,0.9998577929644794,0
1764,1258.3111111111111,0.7555555555554747,0.7416666666665606,0.7138888888889028,1.05836575875473,77.77777777777777,0.2813793071158766,0.9988665998258557,0
1765,1259.0527777777777,0.7416666666665606,0.7055555555557476,0.7138888888889028,1.038910505836407,75.0,0.2914308016784805,0.9992285205745332,0
1766,1259.7583333333334,0.7055555555557476,0.6805555555554292,0.7138888888889028,0.988326848249277,69.44444444444444,0.32554641007266033,0.9974164794418883,0
1767,1260.4388888888889,0.6805555555554292,0.7277777777778738,0.7138888888889028,0.9533073929959135,72.22222222222223,0.3649774536448055,0.9992603061321557,0
1768,1261.1666666666667,0.7277777777778738,0.7111111111109949,0.7138888888889028,1.0194552529184027,75.0,0.3087859507522328,0.9994587650973765,0
1769,1261.8777777777777,0.7111111111109949,0.7111111111112223,0.7138888888889028,0.9961089494161602,75.0,0.3303675670690661,0.9996834071781449,0
1770,1262.588888888889,0.7111111111112223,0.7388888888888232,0.7138888888889028,0.9961089494164788,77.77777777777777,0.33698128874856426,0.9994715174157853,0
1771,1263.3277777777778,0.7388888888888232,0.7388888888888232,0.7138888888889028,1.035019455252806,77.77777777777777,0.30149430174844305,0.9988548128046324,0
1772,1264.0666666666666,0.7388888888888232,0.75,0.7138888888889028,1.035019455252806,80.55555555555556,0.3081705391028081,0.9994975788389172,0
1773,1264.8166666666666,0.75,0.7111111111112223,0.7138888888889028,1.0505836575875283,77.77777777777777,0.28797565698261585,0.998782217131406,0
1774,1265.5277777777778,0.7111111111112223,0.691666666666606,0.7138888888889028,0.9961089494164788,72.22222222222223,0.3240889916604034,0.9990785006552327,0
1775,1266.2194444444444,0.691666666666606,0.6861111111111313,0.7138888888889028,0.9688715953306355,72.22222222222223,0.3500974534463489,0.998515865609892,0
1776,1266.9055555555556,0.6861111111111313,0.7194444444444343,0.7138888888889028,0.9610894941634337,72.22222222222223,0.35753894272788983,0.9988251036960388,0
1777,1267.625,0.7194444444444343,0.7222222222221717,0.7138888888889028,1.0077821011672814,77.77777777777777,0.3260797681785918,0.9995073564601732,0
1778,1268.3472222222222,0.7222222222221717,0.7277777777778738,0.7138888888889028,1.0116731517508823,77.77777777777777,0.3225589751887431,0.9990173997970466,0
1779,1269.075,0.7277777777778738,0.7361111111110858,0.7138888888889028,1.0194552529184027,80.55555555555556,0.3222060186937457,0.9990222486536336,0
1780,1269.8111111111111,0.7361111111110858,0.7222222222221717,0.7138888888889028,1.0311284046692053,77.77777777777777,0.30484903533389945,0.9995080244376184,0
1781,1270.5333333333333,0.7222222222221717,0.7305555555556111,0.7138888888889028,1.0116731517508823,75.0,0.3158736681083196,0.9997065255635788,0
1782,1271.263888888889,0.7305555555556111,0.7055555555555202,0.7138888888889028,1.0233463035020034,77.77777777777777,0.3118173818155815,0.9996065022988152,0
1783,1271.9694444444444,0.7055555555555202,0.683333333333394,0.7138888888889028,0.9883268482489584,72.22222222222223,0.33144451219434745,0.9990165315412652,0
1784,1272.6527777777778,0.683333333333394,0.683333333333394,0.7138888888889028,0.9571984435798329,72.22222222222223,0.3614699699346983,0.9976222703061561,0
1785,1273.3361111111112,0.683333333333394,0.7361111111110858,0.7138888888889028,0.9571984435798329,75.0,0.36761513520625916,0.9991165777410844,0
1786,1274.0722222222223,0.7361111111110858,0.7305555555553838,0.7138888888889028,1.0311284046692053,77.77777777777777,0.3048398229665795,0.9995694402197512,0
1787,1274.8027777777777,0.7305555555553838,0.7194444444444343,0.7138888888889028,1.023346303501685,80.55555555555556,0.3187122015518602,0.9987920524555944,0
1788,1275.5222222222221,0.7194444444444343,0.7361111111113132,0.7138888888889028,1.0077821011672814,75.0,0.3194752125650083,0.9996581391144388,0
1789,1276.2583333333334,0.7361111111113132,0.7138888888887323,0.7138888888889028,1.0311284046695237,80.55555555555556,0.3116573889248476,0.9992700155594587,0
1790,1276.9722222222222,0.7138888888887323,0.7111111111112223,0.7138888888889028,0.9999999999997611,75.0,0.32671027958018684,0.9997338557952589,0
1791,1277.6833333333334,0.7111111111112223,0.7027777777777828,0.7138888888889028,0.9961089494164788,72.22222222222223,0.32408220268865634,0.9991237604668795,0
1792,1278.3861111111112,0.7027777777777828,0.6861111111111313,0.7138888888889028,0.9844357976653576,69.44444444444444,0.3293037856479934,0.9969936069466336,0
1793,1279.0722222222223,0.6861111111111313,0.6861111111111313,0.7138888888889028,0.9610894941634337,69.44444444444444,0.3516212089534789,0.9973559292834988,0
1794,1279.7583333333334,0.6861111111111313,0.7583333333332121,0.7138888888889028,0.9610894941634337,77.77777777777777,0.3703633942907647,0.9996704239584981,0
1795,1280.5166666666667,0.7583333333332121,0.7444444444445253,0.7138888888889028,1.0622568093383309,80.55555555555556,0.2849299169439122,0.9987217457971507,0
1796,1281.2611111111112,0.7444444444445253,0.716666666666697,0.7138888888889028,1.0428015564203263,77.77777777777777,0.2946981217822067,0.9986769426914215,0
1797,1281.9777777777779,0.716666666666697,0.7277777777776464,0.7138888888889028,1.0038910505836804,77.77777777777777,0.3297386998661484,0.9992076049104786,0
1798,1282.7055555555555,0.7277777777776464,0.7083333333332575,0.7138888888889028,1.019455252918084,77.77777777777777,0.3153564694683252,0.9995348950949842,0
1799,1283.4138888888888,0.7083333333332575,0.7000000000000455,0.7138888888889028,0.9922178988325594,75.0,0.3341232771646169,0.9990835951231786,0
1800,1284.1138888888888,0.7000000000000455,0.7027777777777828,0.7138888888889028,0.9805447470817567,72.22222222222223,0.3388155539246537,0.9992098328712657,0
1801,1284.8166666666666,0.7027777777777828,0.6972222222223081,0.7138888888889028,0.9844357976653576,69.44444444444444,0.3291136615006421,0.9982611012623092,0
1802,1285.513888888889,0.6972222222223081,0.691666666666606,0.7138888888889028,0.9766536964981558,69.44444444444444,0.3366546883864071,0.9974742818820874,0
1803,1286.2055555555555,0.691666666666606,0.7527777777777374,0.7138888888889028,0.9688715953306355,75.0,0.3563009673751751,0.9996211819963847,0
1804,1286.9583333333333,0.7527777777777374,0.7444444444445253,0.7138888888889028,1.054474708171129,86.11111111111111,0.3057563618257447,0.9967735992166971,0
1805,1287.7027777777778,0.7444444444445253,0.7194444444444343,0.7138888888889028,1.0428015564203263,80.55555555555556,0.3014535620948836,0.9987916890036276,0
1806,1288.4222222222222,0.7194444444444343,0.7083333333332575,0.7138888888889028,1.0077821011672814,75.0,0.3195472419358477,0.9991779433088426,0
1807,1289.1305555555555,0.7083333333332575,0.6944444444445708,0.7138888888889028,0.9922178988325594,72.22222222222223,0.32770185047145445,0.9994310304989276,0
1808,1289.825,0.6944444444445708,0.6972222222220807,0.7138888888889028,0.9727626459145549,69.44444444444444,0.34029430484495604,0.9980527548962221,0
1809,1290.5222222222221,0.6972222222220807,0.7111111111112223,0.7138888888889028,0.9766536964978373,72.22222222222223,0.3424947832794643,0.9994610488390168,0
1810,1291.2333333333333,0.7111111111112223,0.6972222222223081,0.7138888888889028,0.9961089494164788,72.22222222222223,0.3242547718290366,0.997973299531011,0
1811,1291.9305555555557,0.6972222222223081,0.7055555555555202,0.7138888888889028,0.9766536964981558,75.0,0.3487978073333372,0.9999029643898332,0
1812,1292.6361111111112,0.7055555555555202,0.75,0.7138888888889028,0.9883268482489584,75.0,0.33768057171230165,0.9999048773335717,0
1813,1293.3861111111112,0.75,0.7472222222222626,0.7138888888889028,1.0505836575875283,80.55555555555556,0.2948453989931177,0.9981349521247789,0
1814,1294.1333333333334,0.7472222222222626,0.7222222222221717,0.7138888888889028,1.0466926070039273,77.77777777777777,0.29121495313054996,0.9994427413000507,0
1815,1294.8555555555556,0.7222222222221717,0.6861111111111313,0.7138888888889028,1.0116731517508823,69.44444444444444,0.30367535330455103,0.9976458154347557,0
1816,1295.5416666666667,0.6861111111111313,0.6833333333331666,0.7138888888889028,0.9610894941634337,72.22222222222223,0.3576505442156617,0.9980810937775597,0
1817,1296.225,0.6833333333331666,0.6888888888888687,0.7138888888889028,0.9571984435795143,72.22222222222223,0.36160069483820273,0.9967507709515078,0
1818,1296.9138888888888,0.6888888888888687,0.7111111111112223,0.7138888888889028,0.9649805447470347,75.0,0.36004253894906574,0.9996190604905029,0
1819,1297.625,0.7111111111112223,0.7000000000000455,0.7138888888889028,0.9961089494164788,75.0,0.33033696042853367,0.9998874514463647,0
1820,1298.325,0.7000000000000455,0.7055555555555202,0.7138888888889028,0.9805447470817567,75.0,0.345211499381982,0.9990322724010774,0
1821,1299.0305555555556,0.7055555555555202,0.7416666666665606,0.7138888888889028,0.9883268482489584,72.22222222222223,0.3313615727886026,0.9995694609128974,0
1822,1299.7722222222221,0.7416666666665606,0.7583333333334394,0.7138888888889028,1.038910505836407,80.55555555555556,0.30492037462365257,0.9983286374397291,0
1823,1300.5305555555556,0.7583333333334394,0.7083333333332575,0.7138888888889028,1.0622568093386493,75.0,0.2715174031718406,0.9991079011095245,0
1824,1301.2388888888888,0.7083333333332575,0.6777777777779193,0.7138888888889028,0.9922178988325594,72.22222222222223,0.32778784156066176,0.9988577565708787,0
1825,1301.9166666666667,0.6777777777779193,0.6888888888888687,0.7138888888889028,0.9494163424126311,72.22222222222223,0.3688429102040422,0.9985197854036789,0
1826,1302.6055555555556,0.6888888888888687,0.6861111111111313,0.7138888888889028,0.9649805447470347,77.77777777777777,0.3667397341761959,0.9988506804125933,0
1827,1303.2916666666667,0.6861111111111313,0.716666666666697,0.7138888888889028,0.9610894941634337,77.77777777777777,0.3703388648318317,0.999833953684718,0
1828,1304.0083333333334,0.716666666666697,0.724999999999909,0.7138888888889028,1.0038910505836804,77.77777777777777,0.3297106655049243,0.9993945006519729,0
1829,1304.7333333333333,0.724999999999909,0.7305555555556111,0.7138888888889028,1.015564202334483,77.77777777777777,0.31904726154436186,0.9986059191359726,0
1830,1305.463888888889,0.7305555555556111,0.7472222222222626,0.7138888888889028,1.0233463035020034,75.0,0.3052437644461554,0.9995510299920313,0
1831,1306.2111111111112,0.7472222222222626,0.7555555555554747,0.7138888888889028,1.0466926070039273,80.55555555555556,0.29814611838247884,0.9983859880172437,0
1832,1306.9666666666667,0.7555555555554747,0.7027777777777828,0.7138888888889028,1.05836575875473,75.0,0.27479044722442353,0.9989127443325851,0
1833,1307.6694444444445,0.7027777777777828,0.6777777777776919,0.7138888888889028,0.9844357976653576,72.22222222222223,0.33523644852779183,0.9983632539899233,0
1834,1308.3472222222222,0.6777777777776919,0.7000000000000455,0.7138888888889028,0.9494163424123125,72.22222222222223,0.3688588783723268,0.9984133309504972,0
1835,1309.0472222222222,0.7000000000000455,0.6972222222223081,0.7138888888889028,0.9805447470817567,75.0,0.34513707984898406,0.9995284026210638,0
1836,1309.7444444444445,0.6972222222223081,0.7333333333333485,0.7138888888889028,0.9766536964981558,80.55555555555556,0.3622459249335668,0.9992794502213127,0
1837,1310.4777777777779,0.7333333333333485,0.7416666666665606,0.7138888888889028,1.0272373540856043,80.55555555555556,0.31514202272274316,0.9992321120097787,0
1838,1311.2194444444444,0.7416666666665606,0.7388888888888232,0.7138888888889028,1.038910505836407,77.77777777777777,0.2980758263907377,0.9988079439291095,0
1839,1311.9583333333333,0.7388888888888232,0.7305555555556111,0.7138888888889028,1.035019455252806,72.22222222222223,0.28855297679415814,0.9987886484849064,0
1840,1312.6888888888889,0.7305555555556111,0.7472222222222626,0.7138888888889028,1.0233463035020034,77.77777777777777,0.3119840960811404,0.9984950738617557,0
1841,1313.4361111111111,0.7472222222222626,0.7027777777777828,0.7138888888889028,1.0466926070039273,72.22222222222223,0.2782488817766117,0.9995415529780141,0
1842,1314.138888888889,0.7027777777777828,0.6749999999999545,0.7138888888889028,0.9844357976653576,75.0,0.3414089291691655,0.9996754589594332,0
1843,1314.8138888888889,0.6749999999999545,0.7000000000000455,0.7138888888889028,0.9455252918287117,75.0,0.3788068320797879,0.999583505649702,0
1844,1315.513888888889,0.7000000000000455,0.7111111111109949,0.7138888888889028,0.9805447470817567,75.0,0.3450883521473111,0.9998532539655502,0
1845,1316.225,0.7111111111109949,0.6472222222223536,0.7138888888889028,0.9961089494161602,80.55555555555556,0.34385081769554987,0.9988256728345961,0
1846,1316.8722222222223,0.6472222222223536,0.8527777777776464,0.7138888888889028,0.9066147859923843,88.88888888888889,0.46573864410102983,0.8985556265895319,0
1847,1317.725,0.8527777777776464,0.7305555555556111,0.7138888888889028,1.1945525291826722,75.0,0.18325599148591876,0.9998179872500985,0
1848,1318.4555555555555,0.7305555555556111,0.716666666666697,0.7138888888889028,1.0233463035020034,72.22222222222223,0.29893207629711377,0.9991668750736417,0
1849,1319.1722222222222,0.716666666666697,0.7361111111110858,0.7138888888889028,1.0038910505836804,72.22222222222223,0.31673639907330375,0.999547946181151,0
1850,1319.9083333333333,0.7361111111110858,0.7000000000000455,0.7138888888889028,1.0311284046692053,72.22222222222223,0.2920361991365527,0.9985852684049719,0
1851,1320.6083333333333,0.7000000000000455,0.6694444444444798,0.7138888888889028,0.9805447470817567,75.0,0.34509289952416217,0.9998229381198764,0
1852,1321.2777777777778,0.6694444444444798,0.7027777777777828,0.7138888888889028,0.9377431906615099,72.22222222222223,0.37997181007906616,0.999369001480185,0
1853,1321.9805555555556,0.7027777777777828,0.724999999999909,0.7138888888889028,0.9844357976653576,77.77777777777777,0.3480996747055743,0.9989500768196657,0
1854,1322.7055555555555,0.724999999999909,0.7583333333334394,0.7138888888889028,1.015564202334483,83.33333333333333,0.33287518454682197,0.9978261850897774,0
1855,1323.463888888889,0.7583333333334394,0.7388888888888232,0.7138888888889028,1.0622568093386493,83.33333333333333,0.2919784653857185,0.9979868270901684,0
1856,1324.2027777777778,0.7388888888888232,0.716666666666697,0.7138888888889028,1.035019455252806,75.0,0.29481493577491924,0.9995043311918336,0
1857,1324.9194444444445,0.716666666666697,0.7027777777777828,0.7138888888889028,1.0038910505836804,75.0,0.3231871246347984,0.9990051850165212,0
1858,1325.6222222222223,0.7027777777777828,0.7194444444444343,0.7138888888889028,0.9844357976653576,75.0,0.34139848129010875,0.9997451114864782,0
1859,1326.3416666666667,0.7194444444444343,0.6888888888888687,0.7138888888889028,1.0077821011672814,75.0,0.3195031952541065,0.9994715878537843,0
1860,1327.0305555555556,0.6888888888888687,0.683333333333394,0.7138888888889028,0.9649805447470347,75.0,0.3600078237960417,0.9998504948439965,0
1861,1327.713888888889,0.683333333333394,0.7138888888887323,0.7138888888889028,0.9571984435798329,75.0,0.36750997401144014,0.9998176523732112,0
1862,1328.4277777777777,0.7138888888887323,0.7250000000001364,0.7138888888889028,0.9999999999997611,80.55555555555556,0.3401355632811103,0.9992625676221125,0
1863,1329.1527777777778,0.7250000000001364,0.7527777777777374,0.7138888888889028,1.0155642023348017,77.77777777777777,0.31899304763920727,0.9989673451683918,0
1864,1329.9055555555556,0.7527777777777374,0.7361111111110858,0.7138888888889028,1.054474708171129,80.55555555555556,0.2915321831842479,0.9981722575572058,0
1865,1330.6416666666667,0.7361111111110858,0.7027777777777828,0.7138888888889028,1.0311284046692053,75.0,0.2982153100467183,0.9998532715825351,0
1866,1331.3444444444444,0.7027777777777828,0.691666666666606,0.7138888888889028,0.9844357976653576,75.0,0.34154159800702044,0.9987910000404,0
1867,1332.036111111111,0.691666666666606,0.7222222222223991,0.7138888888889028,0.9688715953306355,75.0,0.3562801249971269,0.9997601311833723,0
1868,1332.7583333333334,0.7222222222223991,0.6972222222220807,0.7138888888889028,1.0116731517512008,77.77777777777777,0.3225801977746701,0.9988759158889116,0
1869,1333.4555555555555,0.6972222222220807,0.6944444444445708,0.7138888888889028,0.9766536964978373,77.77777777777777,0.3553984240599796,0.9997784409838729,0
1870,1334.15,0.6944444444445708,0.7333333333333485,0.7138888888889028,0.9727626459145549,77.77777777777777,0.3592211859269761,0.9991359446063262,0
1871,1334.8833333333334,0.7333333333333485,0.7333333333331211,0.7138888888889028,1.0272373540856043,80.55555555555556,0.3152134054676844,0.9987562270435038,0
1872,1335.6166666666666,0.7333333333331211,0.7472222222222626,0.7138888888889028,1.027237354085286,83.33333333333333,0.32229064713368183,0.9978300201789119,0
1873,1336.3638888888888,0.7472222222222626,0.7277777777778738,0.7138888888889028,1.0466926070039273,75.0,0.28460242344447473,0.9996466844375944,0
1874,1337.0916666666667,0.7277777777778738,0.6972222222220807,0.7138888888889028,1.0194552529184027,75.0,0.30879764721767644,0.9993807886610855,0
1875,1337.7888888888888,0.6972222222220807,0.683333333333394,0.7138888888889028,0.9766536964978373,69.44444444444444,0.3365872185685305,0.9979240806699623,0
1876,1338.4722222222222,0.683333333333394,0.7194444444444343,0.7138888888889028,0.9571984435798329,75.0,0.3676625926751885,0.9988001946148886,0
1877,1339.1916666666666,0.7194444444444343,0.7000000000000455,0.7138888888889028,1.0077821011672814,72.22222222222223,0.31331356451331743,0.9982737168803772,0
1878,1339.8916666666667,0.7000000000000455,0.7027777777777828,0.7138888888889028,0.9805447470817567,77.77777777777777,0.35168742716603557,0.9997390086103446,0
1879,1340.5944444444444,0.7027777777777828,0.7388888888888232,0.7138888888889028,0.9844357976653576,77.77777777777777,0.3480065662598196,0.9995707997913632,0
1880,1341.3333333333333,0.7388888888888232,0.7305555555556111,0.7138888888889028,1.035019455252806,80.55555555555556,0.3083500348075943,0.9983009408070094,0
1881,1342.0638888888889,0.7305555555556111,0.7416666666667879,0.7138888888889028,1.0233463035020034,80.55555555555556,0.3187166743588415,0.9987622337404671,0
1882,1342.8055555555557,0.7416666666667879,0.7055555555555202,0.7138888888889028,1.0389105058367256,77.77777777777777,0.2980763148833372,0.9988046873099174,0
1883,1343.5111111111112,0.7055555555555202,0.6861111111111313,0.7138888888889028,0.9883268482489584,72.22222222222223,0.3314231830954638,0.999158725533823,0
1884,1344.1972222222223,0.6861111111111313,0.6861111111111313,0.7138888888889028,0.9610894941634337,72.22222222222223,0.35755586227492236,0.9987123067158219,0
1885,1344.8833333333334,0.6861111111111313,0.724999999999909,0.7138888888889028,0.9610894941634337,75.0,0.36388430594202265,0.9989847581804874,0
1886,1345.6083333333333,0.724999999999909,0.7138888888889596,0.7138888888889028,1.015564202334483,75.0,0.3123090411450214,0.9996478003619511,0
1887,1346.3222222222223,0.7138888888889596,0.7111111111109949,0.7138888888889028,1.0000000000000797,75.0,0.3267288612808635,0.9996099777887603,0
1888,1347.0333333333333,0.7111111111109949,0.7333333333333485,0.7138888888889028,0.9961089494161602,77.77777777777777,0.3370106710907871,0.9992756351362962,0
1889,1347.7666666666667,0.7333333333333485,0.7305555555556111,0.7138888888889028,1.0272373540856043,80.55555555555556,0.3152670793408061,0.9983984012226924,0
1890,1348.4972222222223,0.7305555555556111,0.7277777777776464,0.7138888888889028,1.0233463035020034,80.55555555555556,0.3187106666612255,0.9988022850579071,0
1891,1349.225,0.7277777777776464,0.6888888888888687,0.7138888888889028,1.019455252918084,75.0,0.3087276481792696,0.9998474489190635,0
1892,1349.9138888888888,0.6888888888888687,0.6750000000001819,0.7138888888889028,0.9649805447470347,72.22222222222223,0.35373088126022245,0.9992347025041244,0
1893,1350.588888888889,0.6750000000001819,0.6888888888888687,0.7138888888889028,0.9455252918290302,72.22222222222223,0.3725456972963758,0.9988623282917337,0
1894,1351.2777777777778,0.6888888888888687,0.7333333333333485,0.7138888888889028,0.9649805447470347,77.77777777777777,0.3667709452293638,0.9986426067248069,0
1895,1352.0111111111112,0.7333333333333485,0.7194444444444343,0.7138888888889028,1.0272373540856043,72.22222222222223,0.2953306160002689,0.9998154777479298,0
1896,1352.7305555555556,0.7194444444444343,0.7111111111109949,0.7138888888889028,1.0077821011672814,77.77777777777777,0.3260474423391099,0.9997228620567192,0
1897,1353.4416666666666,0.7111111111109949,0.7333333333333485,0.7138888888889028,0.9961089494161602,77.77777777777777,0.33708237437714395,0.9987976132272505,0
1898,1354.175,0.7333333333333485,0.7138888888889596,0.7138888888889028,1.0272373540856043,80.55555555555556,0.31530144608394234,0.9981692896017842,0
1899,1354.888888888889,0.7138888888889596,0.7194444444444343,0.7138888888889028,1.0000000000000797,80.55555555555556,0.34029855422472516,0.9981759613293588,0
1900,1355.6083333333333,0.7194444444444343,0.6944444444443434,0.7138888888889028,1.0077821011672814,75.0,0.3194488517058202,0.9998338781756927,0
1901,1356.3027777777777,0.6944444444443434,0.6805555555556566,0.7138888888889028,0.9727626459142364,72.22222222222223,0.3463045287882784,0.9989053281847213,0
1902,1356.9833333333333,0.6805555555556566,0.691666666666606,0.7138888888889028,0.9533073929962319,69.44444444444444,0.3591833205992448,0.9969671268585667,0
1903,1357.675,0.691666666666606,0.7472222222222626,0.7138888888889028,0.9688715953306355,77.77777777777777,0.3629496703380644,0.9991760836800803,0
1904,1358.4222222222222,0.7472222222222626,0.7361111111110858,0.7138888888889028,1.0466926070039273,77.77777777777777,0.2912346836809028,0.9993112042976986,0
1905,1359.1583333333333,0.7361111111110858,0.7194444444444343,0.7138888888889028,1.0311284046692053,77.77777777777777,0.3048563393887599,0.9994593307385489,0
1906,1359.8777777777777,0.7194444444444343,0.7277777777778738,0.7138888888889028,1.0077821011672814,77.77777777777777,0.32609526772433944,0.999404026155189,0
1907,1360.6055555555556,0.7277777777778738,0.7083333333332575,0.7138888888889028,1.0194552529184027,77.77777777777777,0.3154949276763672,0.9986118403727717,0
1908,1361.3138888888889,0.7083333333332575,0.7027777777777828,0.7138888888889028,0.9922178988325594,77.77777777777777,0.3406654380402402,0.9993487773886479,0
1909,1362.0166666666667,0.7027777777777828,0.691666666666606,0.7138888888889028,0.9844357976653576,75.0,0.34146817894050274,0.9992804604838514,0
1910,1362.7083333333333,0.691666666666606,0.6888888888888687,0.7138888888889028,0.9688715953306355,72.22222222222223,0.3499939769401536,0.9992057089845274,0
1911,1363.3972222222221,0.6888888888888687,0.6944444444445708,0.7138888888889028,0.9649805447470347,72.22222222222223,0.35381462590493223,0.9986764048727257,0
1912,1364.0916666666667,0.6944444444445708,0.7666666666666515,0.7138888888889028,0.9727626459145549,77.77777777777777,0.3591544194579098,0.9995810544001016,0
1913,1364.8583333333333,0.7666666666666515,0.7444444444445253,0.7138888888889028,1.073929961089452,80.55555555555556,0.27536258062925506,0.9989670761550247,0
1914,1365.6027777777779,0.7444444444445253,0.7138888888887323,0.7138888888889028,1.0428015564203263,80.55555555555556,0.30138182938542485,0.9992699070666862,0
1915,1366.3166666666666,0.7138888888887323,0.716666666666697,0.7138888888889028,0.9999999999997611,77.77777777777777,0.3333001419763535,0.9996810279237724,0
1916,1367.0333333333333,0.716666666666697,0.6944444444445708,0.7138888888889028,1.0038910505836804,75.0,0.3231407957880805,0.9993140439946399,0
1917,1367.7277777777779,0.6944444444445708,0.7083333333332575,0.7138888888889028,0.9727626459145549,77.77777777777777,0.3591300629130188,0.9997434313660416,0
1918,1368.4361111111111,0.7083333333332575,0.6888888888888687,0.7138888888889028,0.9922178988325594,77.77777777777777,0.34065381485776397,0.9994262652718229,0
1919,1369.125,0.6888888888888687,0.691666666666606,0.7138888888889028,0.9649805447470347,72.22222222222223,0.353886706563308,0.9981958671502206,0
1920,1369.8166666666666,0.691666666666606,0.7138888888889596,0.7138888888889028,0.9688715953306355,69.44444444444444,0.3440041720136342,0.9982170089193776,0
1921,1370.5305555555556,0.7138888888889596,0.7694444444443889,0.7138888888889028,1.0000000000000797,75.0,0.3267409977874335,0.9995290677449604,0
1922,1371.3,0.7694444444443889,0.7305555555556111,0.7138888888889028,1.0778210116730529,80.55555555555556,0.2723720913930219,0.9981850426695463,0
1923,1372.0305555555556,0.7305555555556111,0.7083333333332575,0.7138888888889028,1.0233463035020034,80.55555555555556,0.3187342109260045,0.9986453232927137,0
1924,1372.7388888888888,0.7083333333332575,0.7000000000000455,0.7138888888889028,0.9922178988325594,75.0,0.33402209745317835,0.9997581265327691,0
1925,1373.4388888888889,0.7000000000000455,0.6777777777776919,0.7138888888889028,0.9805447470817567,75.0,0.3450930677346871,0.9998218167163766,0
1926,1374.1166666666666,0.6777777777776919,0.7027777777777828,0.7138888888889028,0.9494163424123125,72.22222222222223,0.36870892368499836,0.9994130288660199,0
1927,1374.8194444444443,0.7027777777777828,0.7027777777777828,0.7138888888889028,0.9844357976653576,75.0,0.3414936684629691,0.9991105303340759,0
1928,1375.5222222222221,0.7027777777777828,0.7027777777777828,0.7138888888889028,0.9844357976653576,69.44444444444444,0.32912108019595593,0.9982116432935499,0
1929,1376.225,0.7027777777777828,0.7194444444444343,0.7138888888889028,0.9844357976653576,69.44444444444444,0.3291429649020929,0.9980657452526371,0
1930,1376.9444444444443,0.7194444444444343,0.7666666666668789,0.7138888888889028,1.0077821011672814,77.77777777777777,0.3261795237359457,0.9988423194111471,0
1931,1377.7111111111112,0.7666666666668789,0.7277777777776464,0.7138888888889028,1.0739299610897706,80.55555555555556,0.275511865036959,0.9979718467686256,0
1932,1378.4388888888889,0.7277777777776464,0.7055555555555202,0.7138888888889028,1.019455252918084,80.55555555555556,0.3221416684412869,0.9994512503386249,0
1933,1379.1444444444444,0.7055555555555202,0.6944444444445708,0.7138888888889028,0.9883268482489584,72.22222222222223,0.33136325160011326,0.9995582688361601,0
1934,1379.838888888889,0.6944444444445708,0.6861111111111313,0.7138888888889028,0.9727626459145549,72.22222222222223,0.3462654223725674,0.9991660376207593,0
1935,1380.525,0.6861111111111313,0.6972222222220807,0.7138888888889028,0.9610894941634337,69.44444444444444,0.35162963072488485,0.9972997841407923,0
1936,1381.2222222222222,0.6972222222220807,0.7277777777778738,0.7138888888889028,0.9766536964978373,72.22222222222223,0.34247442509820414,0.999596770047418,0
1937,1381.95,0.7277777777778738,0.7222222222221717,0.7138888888889028,1.0194552529184027,75.0,0.3087525999184215,0.9996811039894516,0
1938,1382.6722222222222,0.7222222222221717,0.7194444444444343,0.7138888888889028,1.0116731517508823,77.77777777777777,0.32244511297158723,0.9997764812447523,0
1939,1383.3916666666667,0.7194444444444343,0.7583333333334394,0.7138888888889028,1.0077821011672814,77.77777777777777,0.3260757503647583,0.9995341418857301,0
1940,1384.15,0.7583333333334394,0.7305555555553838,0.7138888888889028,1.0622568093386493,80.55555555555556,0.2848237021420603,0.9994298444744025,0
1941,1384.8805555555555,0.7305555555553838,0.6972222222223081,0.7138888888889028,1.023346303501685,72.22222222222223,0.2989906637742198,0.9987762918948531,0
1942,1385.5777777777778,0.6972222222223081,0.6805555555556566,0.7138888888889028,0.9766536964981558,72.22222222222223,0.34279831000178806,0.9974375373548272,0
1943,1386.2583333333334,0.6805555555556566,0.6888888888888687,0.7138888888889028,0.9533073929962319,69.44444444444444,0.35915947518671215,0.9971260962754509,0
1944,1386.9472222222223,0.6888888888888687,0.7055555555555202,0.7138888888889028,0.9649805447470347,69.44444444444444,0.3480769651373133,0.9960067437482393,0
1945,1387.6527777777778,0.7055555555555202,0.7416666666665606,0.7138888888889028,0.9883268482489584,69.44444444444444,0.3254200579817448,0.9982588267166705,0
1946,1388.3944444444444,0.7416666666665606,0.7361111111110858,0.7138888888889028,1.038910505836407,77.77777777777777,0.29799085419381094,0.9993744252419547,0
1947,1389.1305555555555,0.7361111111110858,0.716666666666697,0.7138888888889028,1.0311284046692053,77.77777777777777,0.30480404099337527,0.9998079867077798,0
1948,1389.8472222222222,0.716666666666697,0.75,0.7138888888889028,1.0038910505836804,77.77777777777777,0.3296614737153418,0.9997224459158558,0
1949,1390.5972222222222,0.75,0.7333333333333485,0.7138888888889028,1.0505836575875283,77.77777777777777,0.2879755681362397,0.9987828094405804,0
1950,1391.3305555555555,0.7333333333333485,0.691666666666606,0.7138888888889028,1.0272373540856043,72.22222222222223,0.29546057898520345,0.9989490578483662,0
1951,1392.0222222222221,0.691666666666606,0.6638888888890051,0.7138888888889028,0.9688715953306355,66.66666666666667,0.3382878200302386,0.9970475878813313,0
1952,1392.6861111111111,0.6638888888890051,0.6972222222223081,0.7138888888889028,0.9299610894943081,66.66666666666667,0.3757475832245079,0.9972282128958474,0
1953,1393.3833333333334,0.6972222222223081,0.7138888888887323,0.7138888888889028,0.9766536964981558,69.44444444444444,0.33651917225918004,0.9983777227302678,0
1954,1394.0972222222222,0.7138888888887323,0.7361111111110858,0.7138888888889028,0.9999999999997611,77.77777777777777,0.3332945199101492,0.9997185083651343,0
1955,1394.8333333333333,0.7361111111110858,0.7277777777778738,0.7138888888889028,1.0311284046692053,77.77777777777777,0.3049025727208526,0.9991511085245977,0
1956,1395.5611111111111,0.7277777777778738,0.7194444444444343,0.7138888888889028,1.0194552529184027,77.77777777777777,0.3154826127082853,0.9986939401599841,0
1957,1396.2805555555556,0.7194444444444343,0.7333333333333485,0.7138888888889028,1.0077821011672814,77.77777777777777,0.32609674868454125,0.9993941530871768,0
1958,1397.013888888889,0.7333333333333485,0.7055555555555202,0.7138888888889028,1.0272373540856043,77.77777777777777,0.3083859716940221,0.9991214371378672,0
1959,1397.7194444444444,0.7055555555555202,0.683333333333394,0.7138888888889028,0.9883268482489584,69.44444444444444,0.32562307567066046,0.9969053754572326,0
1960,1398.4027777777778,0.683333333333394,0.6722222222222172,0.7138888888889028,0.9571984435798329,72.22222222222223,0.36134850870578594,0.9984320118322387,0
1961,1399.075,0.6722222222222172,0.7000000000000455,0.7138888888889028,0.9416342412451107,72.22222222222223,0.3763664340501314,0.998407814084866,0
1962,1399.775,0.7000000000000455,0.7166666666664696,0.7138888888889028,0.9805447470817567,77.77777777777777,0.35171769980519574,0.9995371910159437,0
1963,1400.4916666666666,0.7166666666664696,0.7527777777779647,0.7138888888889028,1.003891050583362,80.55555555555556,0.3367224125356535,0.9978005355124733,0
1964,1401.2444444444445,0.7527777777779647,0.7333333333333485,0.7138888888889028,1.0544747081714476,80.55555555555556,0.29147085587439425,0.9985811062877665,0
1965,1401.9777777777779,0.7333333333333485,0.724999999999909,0.7138888888889028,1.0272373540856043,77.77777777777777,0.3083143935782633,0.999598624576259,0
1966,1402.7027777777778,0.724999999999909,0.7138888888889596,0.7138888888889028,1.015564202334483,72.22222222222223,0.30603054641076777,0.9990423560116416,0
1967,1403.4166666666667,0.7138888888889596,0.7222222222221717,0.7138888888889028,1.0000000000000797,77.77777777777777,0.333409988024841,0.9989487209318682,0
1968,1404.138888888889,0.7222222222221717,0.691666666666606,0.7138888888889028,1.0116731517508823,72.22222222222223,0.30964063153978794,0.9987980267751224,0
1969,1404.8305555555555,0.691666666666606,0.6805555555556566,0.7138888888889028,0.9688715953306355,69.44444444444444,0.344013097548787,0.998157505351692,0
1970,1405.5111111111112,0.6805555555556566,0.716666666666697,0.7138888888889028,0.9533073929962319,75.0,0.371267672520079,0.9997875895402855,0
1971,1406.2277777777779,0.716666666666697,0.724999999999909,0.7138888888889028,1.0038910505836804,80.55555555555556,0.3364919191339946,0.9993371581882227,0
1972,1406.9527777777778,0.724999999999909,0.7611111111111768,0.7138888888889028,1.015564202334483,86.11111111111111,0.3403864274233551,0.9949250276088728,0
1973,1407.713888888889,0.7611111111111768,0.7416666666665606,0.7138888888889028,1.0661478599222503,80.55555555555556,0.28174936814190776,0.9985203855599392,0
1974,1408.4555555555555,0.7416666666665606,0.7083333333332575,0.7138888888889028,1.038910505836407,75.0,0.29133822671150555,0.9998456870210327,0
1975,1409.1638888888888,0.7083333333332575,0.6944444444445708,0.7138888888889028,0.9922178988325594,69.44444444444444,0.32182809025464443,0.9976686990357151,0
1976,1409.8583333333333,0.6944444444445708,0.7305555555556111,0.7138888888889028,0.9727626459145549,75.0,0.3525843150944762,0.9995021620533678,0
1977,1410.588888888889,0.7305555555556111,0.6999999999998181,0.7138888888889028,1.0233463035020034,75.0,0.30528978922906685,0.999244198105955,0
1978,1411.2888888888888,0.6999999999998181,0.683333333333394,0.7138888888889028,0.9805447470814381,77.77777777777777,0.35170386125363284,0.9996294480283887,0
1979,1411.9722222222222,0.683333333333394,0.7388888888890506,0.7138888888889028,0.9571984435798329,75.0,0.36751376816085246,0.9997923580437958,0
1980,1412.7111111111112,0.7388888888890506,0.7305555555553838,0.7138888888889028,1.0350194552531247,83.33333333333333,0.31529139492238434,0.998280610946685,0
1981,1413.4416666666666,0.7305555555553838,0.7527777777777374,0.7138888888889028,1.023346303501685,80.55555555555556,0.3188934854968487,0.9975834928223377,0
1982,1414.1944444444443,0.7527777777777374,0.7305555555556111,0.7138888888889028,1.054474708171129,80.55555555555556,0.2915116502747722,0.998309143620377,0
1983,1414.925,0.7305555555556111,0.6944444444445708,0.7138888888889028,1.0233463035020034,77.77777777777777,0.31180087073177815,0.9997165761908378,0
1984,1415.6194444444445,0.6944444444445708,0.6972222222220807,0.7138888888889028,0.9727626459145549,69.44444444444444,0.3403061734686678,0.9979736307381435,0
1985,1416.3166666666666,0.6972222222220807,0.7250000000001364,0.7138888888889028,0.9766536964978373,75.0,0.3488374153269569,0.9996389111010666,0
1986,1417.0416666666667,0.7250000000001364,0.7055555555555202,0.7138888888889028,1.0155642023348017,69.44444444444444,0.30014600918516315,0.9973518712717814,0
1987,1417.7472222222223,0.7055555555555202,0.7000000000000455,0.7138888888889028,0.9883268482489584,77.77777777777777,0.34435906506011654,0.9992611764510968,0
1988,1418.4472222222223,0.7000000000000455,0.7361111111110858,0.7138888888889028,0.9805447470817567,75.0,0.34510638927769155,0.9997330064296803,0
1989,1419.1833333333334,0.7361111111110858,0.6611111111110404,0.7138888888889028,1.0311284046692053,80.55555555555556,0.3118096090814083,0.9982552145176116,0
1990,1419.8444444444444,0.6611111111110404,0.8305555555555202,0.7138888888889028,0.9260700389103887,72.22222222222223,0.4102557194107697,0.8722545603841931,0
1991,1420.675,0.8305555555555202,0.7055555555555202,0.7138888888889028,1.1634241245135466,77.77777777777777,0.20668906632699632,0.9989443282901852,0
1992,1421.3805555555555,0.7055555555555202,0.7000000000000455,0.7138888888889028,0.9883268482489584,75.0,0.33768181530000374,0.9998965867488909,0
1993,1422.0805555555555,0.7000000000000455,0.7000000000000455,0.7138888888889028,0.9805447470817567,72.22222222222223,0.3388767468964183,0.9988018797261682,0
1994,1422.7805555555556,0.7000000000000455,0.7305555555556111,0.7138888888889028,0.9805447470817567,75.0,0.34509852226385507,0.9997854531885902,0
1995,1423.5111111111112,0.7305555555556111,0.7194444444444343,0.7138888888889028,1.0233463035020034,72.22222222222223,0.2990966930255646,0.998069430217303,0
1996,1424.2305555555556,0.7194444444444343,0.724999999999909,0.7138888888889028,1.0077821011672814,75.0,0.31957440701003337,0.9989968428142717,0
1997,1424.9555555555555,0.724999999999909,0.7416666666667879,0.7138888888889028,1.015564202334483,77.77777777777777,0.31897224175212613,0.9991060510842109,0
1998,1425.6972222222223,0.7416666666667879,0.7333333333333485,0.7138888888889028,1.0389105058367256,75.0,0.2913399113659957,0.9998344559892366,0
1999,1426.4305555555557,0.7333333333333485,0.7361111111110858,0.7138888888889028,1.0272373540856043,77.77777777777777,0.3085079869747565,0.9983080019329709,0
2000,1427.1666666666667,0.7361111111110858,0.691666666666606,0.7138888888889028,1.0311284046692053,75.0,0.2982068720746772,0.9999095247294756,0
2001,1427.8583333333333,0.691666666666606,0.6805555555554292,0.7138888888889028,0.9688715953306355,69.44444444444444,0.3439402404533067,0.9986432193215609,0
2002,1428.5388888888888,0.6805555555554292,0.7000000000000455,0.7138888888889028,0.9533073929959135,66.66666666666667,0.35329499833293115,0.9969441743753553,0
2003,1429.2388888888888,0.7000000000000455,0.7277777777778738,0.7138888888889028,0.9805447470817567,72.22222222222223,0.33875121508375694,0.999638758477244,0
2004,1429.9666666666667,0.7277777777778738,0.7222222222221717,0.7138888888889028,1.0194552529184027,69.44444444444444,0.29643411177739903,0.9984215494423219,0
2005,1430.6888888888889,0.7222222222221717,0.7222222222221717,0.7138888888889028,1.0116731517508823,75.0,0.3159133370662137,0.9994420658442846,0
2006,1431.411111111111,0.7222222222221717,0.7388888888890506,0.7138888888889028,1.0116731517508823,77.77777777777777,0.3224933152640923,0.9994551326280519,0
2007,1432.15,0.7388888888890506,0.7166666666664696,0.7138888888889028,1.0350194552531247,77.77777777777777,0.30135975229591117,0.9997518091529674,0
2008,1432.8666666666666,0.7166666666664696,0.7250000000001364,0.7138888888889028,1.003891050583362,77.77777777777777,0.329715222767227,0.9993641189052649,0
2009,1433.5916666666667,0.7250000000001364,0.6861111111111313,0.7138888888889028,1.0155642023348017,77.77777777777777,0.31892894986318815,0.9993946636751858,0
2010,1434.2777777777778,0.6861111111111313,0.6722222222222172,0.7138888888889028,0.9610894941634337,69.44444444444444,0.35145663344685685,0.9984530993276458,0
2011,1434.95,0.6722222222222172,0.7083333333332575,0.7138888888889028,0.9416342412451107,69.44444444444444,0.37035575294369616,0.9975582885524883,0
2012,1435.6583333333333,0.7083333333332575,0.7361111111110858,0.7138888888889028,0.9922178988325594,75.0,0.33414831776198956,0.9989166578073612,0
2013,1436.3944444444444,0.7361111111110858,0.7388888888890506,0.7138888888889028,1.0311284046692053,77.77777777777777,0.30489097116682684,0.9992284522181027,0
2014,1437.1333333333334,0.7388888888890506,0.7111111111109949,0.7138888888889028,1.0350194552531247,72.22222222222223,0.2886294455072307,0.9982788570625454,0
2015,1437.8444444444444,0.7111111111109949,0.7333333333333485,0.7138888888889028,0.9961089494161602,72.22222222222223,0.3241370149385263,0.9987583454697428,0
2016,1438.5777777777778,0.7333333333333485,0.7111111111109949,0.7138888888889028,1.0272373540856043,75.0,0.3017115342075662,0.9997380989446154,0
2017,1439.2888888888888,0.7111111111109949,0.7027777777777828,0.7138888888889028,0.9961089494161602,75.0,0.33034745926881376,0.9998174591798272,0
2018,1439.9916666666666,0.7027777777777828,0.6861111111111313,0.7138888888889028,0.9844357976653576,75.0,0.3414239648890693,0.9995752208267411,0
2019,1440.6777777777777,0.6861111111111313,0.6750000000001819,0.7138888888889028,0.9610894941634337,72.22222222222223,0.3575709119528229,0.9986119755298183,0
2020,1441.3527777777779,0.6750000000001819,0.7055555555555202,0.7138888888889028,0.9455252918290302,69.44444444444444,0.36671619719287907,0.9968049294064324,0
2021,1442.0583333333334,0.7055555555555202,0.75,0.7138888888889028,0.9883268482489584,77.77777777777777,0.3443523675163586,0.9993058267428163,0
2022,1442.8083333333334,0.75,0.7416666666665606,0.7138888888889028,1.0505836575875283,75.0,0.2812828927294552,0.9995210573828524,0
2023,1443.55,0.7416666666665606,0.7111111111112223,0.7138888888889028,1.038910505836407,75.0,0.2914301079633649,0.9992331453419708,0
2024,1444.2611111111112,0.7111111111112223,0.7222222222221717,0.7138888888889028,0.9961089494164788,72.22222222222223,0.32409172120458046,0.999060303694052,0
2025,1444.9833333333333,0.7222222222221717,0.7027777777777828,0.7138888888889028,1.0116731517508823,75.0,0.3159001052831061,0.9995302777316691,0
2026,1445.6861111111111,0.7027777777777828,0.6972222222223081,0.7138888888889028,0.9844357976653576,72.22222222222223,0.3351300292360279,0.9990727159350159,0
2027,1446.3833333333334,0.6972222222223081,0.686111111110904,0.7138888888889028,0.9766536964981558,75.0,0.348814667366857,0.9997905641663678,0
2028,1447.0694444444443,0.686111111110904,0.6916666666668334,0.7138888888889028,0.9610894941631152,69.44444444444444,0.3514038112269242,0.9988052474625759,0
2029,1447.7611111111112,0.6916666666668334,0.724999999999909,0.7138888888889028,0.968871595330954,72.22222222222223,0.35014034701360985,0.9982299084927786,0
2030,1448.486111111111,0.724999999999909,0.7583333333334394,0.7138888888889028,1.015564202334483,77.77777777777777,0.3190034600034044,0.9988979294090221,0
2031,1449.2444444444445,0.7583333333334394,0.7416666666665606,0.7138888888889028,1.0622568093386493,77.77777777777777,0.27809101173341916,0.9991634321352917,0
2032,1449.986111111111,0.7416666666665606,0.7222222222221717,0.7138888888889028,1.038910505836407,75.0,0.2913937360426323,0.9994756248135213,0
2033,1450.7083333333333,0.7222222222221717,0.7111111111112223,0.7138888888889028,1.0116731517508823,72.22222222222223,0.30962270874794023,0.9989175120541072,0
2034,1451.4194444444445,0.7111111111112223,0.6861111111111313,0.7138888888889028,0.9961089494164788,72.22222222222223,0.3240481914223285,0.9993505022423987,0
2035,1452.1055555555556,0.6861111111111313,0.7055555555555202,0.7138888888889028,0.9610894941634337,75.0,0.36377088246174794,0.9997409147156522,0
2036,1452.8111111111111,0.7055555555555202,0.6944444444443434,0.7138888888889028,0.9883268482489584,75.0,0.33773368711221935,0.9995507746674535,0
2037,1453.5055555555555,0.6944444444443434,0.6972222222223081,0.7138888888889028,0.9727626459142364,72.22222222222223,0.34621319376303483,0.9995142283530116,0
2038,1454.2027777777778,0.6972222222223081,0.7333333333333485,0.7138888888889028,0.9766536964981558,72.22222222222223,0.342509794611134,0.9993609732925206,0
2039,1454.9361111111111,0.7333333333333485,0.7583333333332121,0.7138888888889028,1.0272373540856043,80.55555555555556,0.3152094776665494,0.9987824123844037,0
2040,1455.6944444444443,0.7583333333332121,0.6027777777778738,0.7138888888889028,1.0622568093383309,75.0,0.2714104967190571,0.9998206107965083,0
2041,1456.2972222222222,0.6027777777778738,0.8222222222223081,0.7138888888889028,0.8443579766538145,94.44444444444444,0.5365488276329315,0.8966598675220123,1
2042,1457.1194444444445,0.8222222222223081,0.6888888888888687,0.7138888888889028,1.1517509727627437,77.77777777777777,0.21374583022591104,0.9979327347333413,0
2043,1457.8083333333334,0.6888888888888687,0.6722222222222172,0.7138888888889028,0.9649805447470347,77.77777777777777,0.3671927173437851,0.9958307926286649,0
2044,1458.4805555555556,0.6722222222222172,0.7027777777777828,0.7138888888889028,0.9416342412451107,77.77777777777777,0.38934723311375524,0.9982108176756657,0
2045,1459.1833333333334,0.7027777777777828,0.6888888888888687,0.7138888888889028,0.9844357976653576,77.77777777777777,0.34805175638490177,0.9992695322908158,0
2046,1459.8722222222223,0.6888888888888687,0.6972222222220807,0.7138888888889028,0.9649805447470347,75.0,0.36021942395477763,0.9984398271190904,0
2047,1460.5694444444443,0.6972222222220807,0.7194444444444343,0.7138888888889028,0.9766536964978373,75.0,0.3488360177256084,0.9996482284433899,0
2048,1461.2888888888888,0.7194444444444343,0.7527777777779647,0.7138888888889028,1.0077821011672814,80.55555555555556,0.33320400368852904,0.9971634681239769,0
2049,1462.0416666666667,0.7527777777779647,0.7111111111109949,0.7138888888889028,1.0544747081714476,80.55555555555556,0.2915095176799486,0.9983233609174044,0
2050,1462.7527777777777,0.7111111111109949,0.6638888888890051,0.7138888888889028,0.9961089494161602,80.55555555555556,0.34388436927951893,0.998601995608136,0
2051,1463.4166666666667,0.6638888888890051,0.6694444444444798,0.7138888888889028,0.9299610894943081,80.55555555555556,0.40726706309774924,0.9987901933218781,0
2052,1464.0861111111112,0.6694444444444798,0.6694444444442524,0.7138888888889028,0.9377431906615099,77.77777777777777,0.3929595640436439,0.999125639064625,0
2053,1464.7555555555555,0.6694444444442524,0.6861111111111313,0.7138888888889028,0.9377431906611914,75.0,0.38636564905247744,0.9992054842381558,0
2054,1465.4416666666666,0.6861111111111313,0.6972222222223081,0.7138888888889028,0.9610894941634337,75.0,0.36386725206973386,0.9990984506624127,0
2055,1466.138888888889,0.6972222222223081,0.7111111111109949,0.7138888888889028,0.9766536964981558,77.77777777777777,0.35541383742444305,0.9996756852187523,0
2056,1466.85,0.7111111111109949,0.7055555555557476,0.7138888888889028,0.9961089494161602,75.0,0.3304789654556959,0.9989407512672799,0
2057,1467.5555555555557,0.7055555555557476,0.7388888888888232,0.7138888888889028,0.988326848249277,77.77777777777777,0.34449111454881653,0.9983808465244182,0
2058,1468.2944444444445,0.7388888888888232,0.7111111111109949,0.7138888888889028,1.035019455252806,80.55555555555556,0.3084712011470686,0.9974931652105139,0
2059,1469.0055555555555,0.7111111111109949,0.6722222222222172,0.7138888888889028,0.9961089494161602,75.0,0.33041769524717013,0.999349219324118,0
2060,1469.6777777777777,0.6722222222222172,0.6638888888890051,0.7138888888889028,0.9416342412451107,69.44444444444444,0.3704034456041153,0.9972403374830271,0
2061,1470.3416666666667,0.6638888888890051,0.658333333333303,0.7138888888889028,0.9299610894943081,72.22222222222223,0.38754736549059693,0.9987621649578833,0
2062,1471.0,0.658333333333303,0.6805555555556566,0.7138888888889028,0.9221789883267878,69.44444444444444,0.3892399334094758,0.9962636453809636,0
2063,1471.6805555555557,0.6805555555556566,0.686111111110904,0.7138888888889028,0.9533073929962319,72.22222222222223,0.36498297788956496,0.9992234778317115,0
2064,1472.3666666666666,0.686111111110904,0.688888888889096,0.7138888888889028,0.9610894941631152,80.55555555555556,0.37740729049398086,0.9978621310024876,0
2065,1473.0555555555557,0.688888888889096,0.6888888888888687,0.7138888888889028,0.9649805447473531,80.55555555555556,0.3740419006378372,0.9953205857296603,0
2066,1473.7444444444445,0.6888888888888687,0.691666666666606,0.7138888888889028,0.9649805447470347,77.77777777777777,0.36684084290365154,0.9981766222295554,0
2067,1474.4361111111111,0.691666666666606,0.7000000000000455,0.7138888888889028,0.9688715953306355,80.55555555555556,0.36997929166914434,0.997462956536266,0
2068,1475.1361111111112,0.7000000000000455,0.6388888888889142,0.7138888888889028,0.9805447470817567,75.0,0.3451601171034332,0.999374820924736,0
2069,1475.775,0.6388888888889142,0.6222222222220353,0.7138888888889028,0.894941634241263,77.77777777777777,0.43372999125491485,0.9983616994216596,0
2070,1476.3972222222221,0.6222222222220353,0.5972222222223991,0.7138888888889028,0.8715953307390207,75.0,0.4483487565131723,0.9991959832820392,0
2071,1476.9944444444445,0.5972222222223991,0.599999999999909,0.7138888888889028,0.8365758754866127,75.0,0.4786550784886968,0.9985472070960302,0
2072,1477.5944444444444,0.599999999999909,0.6083333333333485,0.7138888888889028,0.8404669260698951,72.22222222222223,0.4692021597474722,0.9975449986802549,0
2073,1478.2027777777778,0.6083333333333485,0.6333333333334394,0.7138888888889028,0.8521400778210163,77.77777777777777,0.47230059456846457,0.997270894356086,0
2074,1478.8361111111112,0.6333333333334394,0.6666666666665151,0.7138888888889028,0.8871595330740614,83.33333333333333,0.4551620827326504,0.9948631168504423,0
2075,1479.5027777777777,0.6666666666665151,0.683333333333394,0.7138888888889028,0.9338521400775905,75.0,0.3902412725343956,0.9983357046730416,0
2076,1480.1861111111111,0.683333333333394,0.6638888888887777,0.7138888888889028,0.9571984435798329,72.22222222222223,0.3614747751043434,0.9975902358418557,0
2077,1480.85,0.6638888888887777,0.6944444444445708,0.7138888888889028,0.9299610894939896,75.0,0.39397671426172,0.9983619157311024,0
2078,1481.5444444444445,0.6944444444445708,0.6305555555554747,0.7138888888889028,0.9727626459145549,77.77777777777777,0.359295710238505,0.9986391158628005,0
2079,1482.175,0.6305555555554747,0.6416666666666515,0.7138888888889028,0.8832684824901419,72.22222222222223,0.4314706081361274,0.9988379108478251,0
2080,1482.8166666666666,0.6416666666666515,0.6305555555557021,0.7138888888889028,0.898832684824864,69.44444444444444,0.4113684212797315,0.9959961908129125,0
2081,1483.4472222222223,0.6305555555557021,0.658333333333303,0.7138888888889028,0.8832684824904604,69.44444444444444,0.4254334176824045,0.9981651142954244,0
2082,1484.1055555555556,0.658333333333303,0.6694444444444798,0.7138888888889028,0.9221789883267878,69.44444444444444,0.38914527133334037,0.9968947258885332,0
2083,1484.775,0.6694444444444798,0.691666666666606,0.7138888888889028,0.9377431906615099,75.0,0.3864095962366727,0.9989125030081418,0
2084,1485.4666666666667,0.691666666666606,0.6777777777776919,0.7138888888889028,0.9688715953306355,77.77777777777777,0.36320943170751446,0.9974443412170799,0
2085,1486.1444444444444,0.6777777777776919,0.6694444444444798,0.7138888888889028,0.9494163424123125,75.0,0.37510443957496736,0.9992383321782272,0
2086,1486.8138888888889,0.6694444444444798,0.658333333333303,0.7138888888889028,0.9377431906615099,69.44444444444444,0.37415028423367686,0.9972584408741679,0
2087,1487.4722222222222,0.658333333333303,0.6805555555556566,0.7138888888889028,0.9221789883267878,72.22222222222223,0.3950024279373824,0.9987677481035323,0
2088,1488.1527777777778,0.6805555555556566,0.6444444444443889,0.7138888888889028,0.9533073929962319,69.44444444444444,0.3589214117477763,0.9987131858683564,0
2089,1488.7972222222222,0.6444444444443889,0.6416666666666515,0.7138888888889028,0.9027237354084648,75.0,0.41968363080485416,0.9996464654282485,0
2090,1489.4388888888889,0.6416666666666515,0.6749999999999545,0.7138888888889028,0.898832684824864,72.22222222222223,0.41701840014146535,0.9992503979766327,0
2091,1490.1138888888888,0.6749999999999545,0.6972222222223081,0.7138888888889028,0.9455252918287117,75.0,0.3788359305256526,0.9993895160106039,0
2092,1490.8111111111111,0.6972222222223081,0.7277777777776464,0.7138888888889028,0.9766536964981558,77.77777777777777,0.35557671893483805,0.9985898084827856,0
2093,1491.5388888888888,0.7277777777776464,0.7333333333333485,0.7138888888889028,1.019455252918084,75.0,0.3089012462603254,0.998690128378692,0
2094,1492.2722222222221,0.7333333333333485,0.6916666666668334,0.7138888888889028,1.0272373540856043,77.77777777777777,0.3082927676753805,0.9997427972621444,0
2095,1492.963888888889,0.6916666666668334,0.6611111111110404,0.7138888888889028,0.968871595330954,75.0,0.3562955247039113,0.9996574664694364,0
2096,1493.625,0.6611111111110404,0.6777777777776919,0.7138888888889028,0.9260700389103887,72.22222222222223,0.39128019347429094,0.9987580666273848,0
2097,1494.3027777777777,0.6777777777776919,0.683333333333394,0.7138888888889028,0.9494163424123125,77.77777777777777,0.381630939447364,0.9996079211318741,0
2098,1494.986111111111,0.683333333333394,0.6722222222222172,0.7138888888889028,0.9571984435798329,72.22222222222223,0.36125360237411097,0.9990647207100716,0
2099,1495.6583333333333,0.6722222222222172,0.6722222222222172,0.7138888888889028,0.9416342412451107,69.44444444444444,0.37047520918993604,0.9967619135775556,0
2100,1496.3305555555555,0.6722222222222172,0.716666666666697,0.7138888888889028,0.9416342412451107,69.44444444444444,0.3702310626094016,0.9983895574477856,0
2101,1497.0472222222222,0.716666666666697,0.716666666666697,0.7138888888889028,1.0038910505836804,75.0,0.32313525253528774,0.9993509990132585,0
2102,1497.763888888889,0.716666666666697,0.7222222222221717,0.7138888888889028,1.0038910505836804,80.55555555555556,0.33661752225029457,0.9984998040795561,0
2103,1498.486111111111,0.7222222222221717,0.6944444444445708,0.7138888888889028,1.0116731517508823,77.77777777777777,0.32263922705165016,0.9984823873776664,0
2104,1499.1805555555557,0.6944444444445708,0.6722222222222172,0.7138888888889028,0.9727626459145549,75.0,0.35265627696490004,0.9990224162505421,0
2105,1499.8527777777779,0.6722222222222172,0.6805555555554292,0.7138888888889028,0.9416342412451107,69.44444444444444,0.37037918204392806,0.9974020945509424,0
2106,1500.5333333333333,0.6805555555554292,0.716666666666697,0.7138888888889028,0.9533073929959135,72.22222222222223,0.364918421056841,0.9996538567185855,0
2107,1501.25,0.716666666666697,0.7055555555555202,0.7138888888889028,1.0038910505836804,75.0,0.32313811861767766,0.999331891797326,0
2108,1501.9555555555555,0.7055555555555202,0.7111111111112223,0.7138888888889028,0.9883268482489584,72.22222222222223,0.3314310044026644,0.9991065834858193,0
2109,1502.6666666666667,0.7111111111112223,0.7472222222220353,0.7138888888889028,0.9961089494164788,77.77777777777777,0.3370070432262004,0.999299820898211,0
2110,1503.4138888888888,0.7472222222220353,0.7416666666667879,0.7138888888889028,1.0466926070036089,80.55555555555556,0.29800973023133515,0.9992952423600312,0
2111,1504.1555555555556,0.7416666666667879,0.7611111111111768,0.7138888888889028,1.0389105058367256,80.55555555555556,0.3048632088025357,0.9987097429119793,0
2112,1504.9166666666667,0.7611111111111768,0.7138888888887323,0.7138888888889028,1.0661478599222503,77.77777777777777,0.27483615005264267,0.9994574910916546,0
2113,1505.6305555555555,0.7138888888887323,0.6972222222223081,0.7138888888889028,0.9999999999997611,75.0,0.3267987794157368,0.9991438568915925,0
2114,1506.3277777777778,0.6972222222223081,0.7222222222221717,0.7138888888889028,0.9766536964981558,69.44444444444444,0.33682287159890134,0.9963530604654594,0
2115,1507.05,0.7222222222221717,0.7472222222222626,0.7138888888889028,1.0116731517508823,75.0,0.31596357617703663,0.9991071384387986,0
2116,1507.7972222222222,0.7472222222222626,0.7388888888888232,0.7138888888889028,1.0466926070039273,69.44444444444444,0.2723342962651627,0.9980513901457279,0
2117,1508.536111111111,0.7388888888888232,0.7472222222222626,0.7138888888889028,1.035019455252806,75.0,0.29486483473954994,0.9991716714276286,0
2118,1509.2833333333333,0.7472222222222626,0.7555555555554747,0.7138888888889028,1.0466926070039273,75.0,0.28457839532861834,0.9998068718766371,0
2119,1510.0388888888888,0.7555555555554747,0.7527777777779647,0.7138888888889028,1.05836575875473,75.0,0.2747606763679193,0.99911121670928,0
2120,1510.7916666666667,0.7527777777779647,0.75,0.7138888888889028,1.0544747081714476,77.77777777777777,0.28456077451655315,0.9994973002766551,0
2121,1511.5416666666667,0.75,0.7111111111109949,0.7138888888889028,1.0505836575875283,75.0,0.28128165840816816,0.9995292861914329,0
2122,1512.2527777777777,0.7111111111109949,0.7000000000000455,0.7138888888889028,0.9961089494161602,72.22222222222223,0.32402570103316186,0.9995004381721726,0
2123,1512.9527777777778,0.7000000000000455,0.7472222222222626,0.7138888888889028,0.9805447470817567,72.22222222222223,0.33897397825753156,0.9981536706520799,0
2124,1513.7,0.7472222222222626,0.6416666666666515,0.7138888888889028,1.0466926070039273,75.0,0.28459433406163115,0.9997006136565518,0
2125,1514.3416666666667,0.6416666666666515,0.8666666666665606,0.7138888888889028,0.898832684824864,88.88888888888889,0.4754768493561882,0.8823391632276043,0
2126,1515.2083333333333,0.8666666666665606,0.7472222222222626,0.7138888888889028,1.2140077821009951,77.77777777777777,0.18061554563947066,0.9996680208767721,0
2127,1515.9555555555555,0.7472222222222626,0.7472222222222626,0.7138888888889028,1.0466926070039273,80.55555555555556,0.29809776482958983,0.9987083450365035,0
2128,1516.7027777777778,0.7472222222222626,0.724999999999909,0.7138888888889028,1.0466926070039273,75.0,0.28473490829279813,0.9987634521154387,0
2129,1517.4277777777777,0.724999999999909,0.7194444444444343,0.7138888888889028,1.015564202334483,75.0,0.3124284420206071,0.9988517945247131,0
2130,1518.1472222222221,0.7194444444444343,0.688888888889096,0.7138888888889028,1.0077821011672814,69.44444444444444,0.30751718018594243,0.9959955461542643,0
2131,1518.8361111111112,0.688888888889096,0.686111111110904,0.7138888888889028,0.9649805447473531,72.22222222222223,0.35373630523884,0.9991985426446317,0
2132,1519.5222222222221,0.686111111110904,0.7305555555556111,0.7138888888889028,0.9610894941631152,75.0,0.36380421701588095,0.9995186843568107,0
2133,1520.2527777777777,0.7305555555556111,0.7388888888888232,0.7138888888889028,1.0233463035020034,83.33333333333333,0.3258769809763282,0.9972822605307091,0
2134,1520.9916666666666,0.7388888888888232,0.7222222222223991,0.7138888888889028,1.035019455252806,75.0,0.2947731951677937,0.9997826019060034,0
2135,1521.713888888889,0.7222222222223991,0.7361111111110858,0.7138888888889028,1.0116731517512008,75.0,0.3159913918574282,0.9989217005675664,0
2136,1522.45,0.7361111111110858,0.7138888888887323,0.7138888888889028,1.0311284046692053,75.0,0.2982360310606974,0.9997151314893409,0
2137,1523.1638888888888,0.7138888888887323,0.716666666666697,0.7138888888889028,0.9999999999997611,75.0,0.3267222907771855,0.9996537811486013,0
2138,1523.8805555555555,0.716666666666697,0.7138888888889596,0.7138888888889028,1.0038910505836804,72.22222222222223,0.3168240864033259,0.9989633639810035,0
2139,1524.5944444444444,0.7138888888889596,0.7027777777777828,0.7138888888889028,1.0000000000000797,69.44444444444444,0.3144594858685589,0.9980230050501777,0
2140,1525.2972222222222,0.7027777777777828,0.7055555555555202,0.7138888888889028,0.9844357976653576,69.44444444444444,0.32941399759220025,0.9962588606519215,0
2141,1526.0027777777777,0.7055555555555202,0.7694444444443889,0.7138888888889028,0.9883268482489584,77.77777777777777,0.3442842285473379,0.9997600865362875,0
2142,1526.7722222222221,0.7694444444443889,0.7611111111111768,0.7138888888889028,1.0778210116730529,83.33333333333333,0.2794973873686417,0.9969384737389009,0
2143,1527.5333333333333,0.7611111111111768,0.7361111111110858,0.7138888888889028,1.0661478599222503,77.77777777777777,0.2748598484967264,0.9992995014644298,0
2144,1528.2694444444444,0.7361111111110858,0.7361111111110858,0.7138888888889028,1.0311284046692053,77.77777777777777,0.3049049973929554,0.9991349440439123,0
2145,1529.0055555555555,0.7361111111110858,0.7000000000000455,0.7138888888889028,1.0311284046692053,75.0,0.2982679077666679,0.9995026201162043,0
2146,1529.7055555555555,0.7000000000000455,0.7277777777778738,0.7138888888889028,0.9805447470817567,77.77777777777777,0.35168864699464325,0.9997308764196269,0
2147,1530.4333333333334,0.7277777777778738,0.7111111111109949,0.7138888888889028,1.0194552529184027,77.77777777777777,0.3153335015330729,0.9996880146614007,0
2148,1531.1444444444444,0.7111111111109949,0.7111111111112223,0.7138888888889028,0.9961089494161602,69.44444444444444,0.3181181226129802,0.9979635613981044,0
2149,1531.8555555555556,0.7111111111112223,0.7444444444442979,0.7138888888889028,0.9961089494164788,72.22222222222223,0.32413680492813673,0.9987597455370102,0
2150,1532.6,0.7444444444442979,0.7972222222222172,0.7138888888889028,1.042801556420008,80.55555555555556,0.3015203150160753,0.9983466695308619,0
2151,1533.3972222222221,0.7972222222222172,0.7555555555557021,0.7138888888889028,1.1167315175096988,77.77777777777777,0.23638540552762474,0.9992615931258619,0
2152,1534.1527777777778,0.7555555555557021,0.7277777777776464,0.7138888888889028,1.0583657587550486,75.0,0.27471566432534567,0.9994112969913242,0
2153,1534.8805555555555,0.7277777777776464,0.7333333333333485,0.7138888888889028,1.019455252918084,72.22222222222223,0.3024049589549965,0.9995366345022175,0
2154,1535.6138888888888,0.7333333333333485,0.7055555555555202,0.7138888888889028,1.0272373540856043,72.22222222222223,0.29550630493279784,0.9986442181977366,0
2155,1536.3194444444443,0.7055555555555202,0.7250000000001364,0.7138888888889028,0.9883268482489584,75.0,0.33769419933301875,0.9998140265287909,0
2156,1537.0444444444445,0.7250000000001364,0.716666666666697,0.7138888888889028,1.0155642023348017,75.0,0.31237468204330676,0.9992101943714372,0
2157,1537.7611111111112,0.716666666666697,0.7305555555553838,0.7138888888889028,1.0038910505836804,75.0,0.3231629142837388,0.9991665873569182,0
2158,1538.4916666666666,0.7305555555553838,0.7694444444446162,0.7138888888889028,1.023346303501685,72.22222222222223,0.29904069419373075,0.9984427557647801,0
2159,1539.2611111111112,0.7694444444446162,0.7805555555555657,0.7138888888889028,1.0778210116733715,80.55555555555556,0.2723715570464836,0.9981886049781148,0
2160,1540.0416666666667,0.7805555555555657,0.75,0.7138888888889028,1.0933852140077749,75.0,0.24673716038293958,0.9995790051505522,0
2161,1540.7916666666667,0.75,0.716666666666697,0.7138888888889028,1.0505836575875283,69.44444444444444,0.26897110041438355,0.99821686399605,0
2162,1541.5083333333334,0.716666666666697,0.7194444444444343,0.7138888888889028,1.0038910505836804,69.44444444444444,0.3109376725334378,0.9972853902049782,0
2163,1542.2277777777779,0.7194444444444343,0.724999999999909,0.7138888888889028,1.0077821011672814,66.66666666666667,0.30147546735557107,0.9969951974293907,0
2164,1542.9527777777778,0.724999999999909,0.7444444444445253,0.7138888888889028,1.015564202334483,72.22222222222223,0.3061266038033331,0.9984019733945391,0
2165,1543.6972222222223,0.7444444444445253,0.7416666666665606,0.7138888888889028,1.0428015564203263,72.22222222222223,0.2818854134060274,0.9977533345176586,0
2166,1544.4388888888889,0.7416666666665606,0.75,0.7138888888889028,1.038910505836407,75.0,0.2914377164959134,0.9991824217916473,0
2167,1545.1888888888889,0.75,0.7944444444444798,0.7138888888889028,1.0505836575875283,75.0,0.2812318461529833,0.9998613678926651,0
2168,1545.9833333333333,0.7944444444444798,0.7722222222221262,0.7138888888889028,1.1128404669260978,80.55555555555556,0.24599143517342842,0.9985990804051239,0
2169,1546.7555555555555,0.7722222222221262,0.7222222222223991,0.7138888888889028,1.0817120622566538,77.77777777777777,0.26236186095588143,0.9992868777885473,0
2170,1547.4777777777779,0.7222222222223991,0.7111111111109949,0.7138888888889028,1.0116731517512008,72.22222222222223,0.3097113339091493,0.998326677644092,0
2171,1548.1888888888889,0.7111111111109949,0.716666666666697,0.7138888888889028,0.9961089494161602,72.22222222222223,0.3240364815070153,0.9994285683464831,0
2172,1548.9055555555556,0.716666666666697,0.7444444444445253,0.7138888888889028,1.0038910505836804,75.0,0.3230889833037599,0.9996594605567776,0
2173,1549.65,0.7444444444445253,0.75,0.7138888888889028,1.0428015564203263,75.0,0.2879452059816552,0.9998167932588076,0
2174,1550.4,0.75,0.7444444444442979,0.7138888888889028,1.0505836575875283,75.0,0.28129388821170764,0.9994477541678362,0
2175,1551.1444444444444,0.7444444444442979,0.7583333333334394,0.7138888888889028,1.042801556420008,75.0,0.2880859743404733,0.9988783375351988,0
2176,1551.9027777777778,0.7583333333334394,0.7888888888887777,0.7138888888889028,1.0622568093386493,77.77777777777777,0.2780665765218082,0.9993263335460313,0
2177,1552.6916666666666,0.7888888888887777,0.7305555555556111,0.7138888888889028,1.1050583657585777,75.0,0.23805325961528404,0.9997178957143908,0
2178,1553.4222222222222,0.7305555555556111,0.7000000000000455,0.7138888888889028,1.0233463035020034,75.0,0.3052362419649429,0.9996011798667811,0
2179,1554.1222222222223,0.7000000000000455,0.7027777777777828,0.7138888888889028,0.9805447470817567,75.0,0.34522348385841395,0.9989523758915311,0
2180,1554.825,0.7027777777777828,0.7055555555555202,0.7138888888889028,0.9844357976653576,72.22222222222223,0.3350259204384569,0.9997667745854892,0
2181,1555.5305555555556,0.7055555555555202,0.75,0.7138888888889028,0.9883268482489584,77.77777777777777,0.3443476604951112,0.9993372068844657,0
2182,1556.2805555555556,0.75,0.7472222222222626,0.7138888888889028,1.0505836575875283,80.55555555555556,0.2947994874815321,0.9984410288686827,0
2183,1557.0277777777778,0.7472222222222626,0.75,0.7138888888889028,1.0466926070039273,75.0,0.2845799879293893,0.999796254538164,0
2184,1557.7777777777778,0.75,0.7388888888888232,0.7138888888889028,1.0505836575875283,75.0,0.2812733111196976,0.9995849347812364,0
2185,1558.5166666666667,0.7388888888888232,0.7611111111111768,0.7138888888889028,1.035019455252806,77.77777777777777,0.3014669497977944,0.99903715914229,0
2186,1559.2777777777778,0.7611111111111768,0.7000000000000455,0.7138888888889028,1.0661478599222503,72.22222222222223,0.2620449878307472,0.9983902418893322,0
2187,1559.9777777777779,0.7000000000000455,0.6777777777776919,0.7138888888889028,0.9805447470817567,72.22222222222223,0.33894288813083245,0.9983609381634071,0
2188,1560.6555555555556,0.6777777777776919,0.7055555555555202,0.7138888888889028,0.9494163424123125,75.0,0.375050004528614,0.9996012324872496,0
2189,1561.361111111111,0.7055555555555202,0.7027777777777828,0.7138888888889028,0.9883268482489584,77.77777777777777,0.34431405639092516,0.9995612342457058,0
2190,1562.0638888888889,0.7027777777777828,0.7472222222222626,0.7138888888889028,0.9844357976653576,77.77777777777777,0.34801912536001894,0.9994870724567013,0
2191,1562.8111111111111,0.7472222222222626,0.7527777777777374,0.7138888888889028,1.0466926070039273,80.55555555555556,0.2980926343417313,0.9987425482888939,0
2192,1563.5638888888889,0.7527777777777374,0.7472222222222626,0.7138888888889028,1.054474708171129,80.55555555555556,0.29146631610958335,0.9986113713883028,0
2193,1564.3111111111111,0.7472222222222626,0.7138888888889596,0.7138888888889028,1.0466926070039273,75.0,0.28463269362576044,0.999444883229023,0
2194,1565.025,0.7138888888889596,0.7416666666665606,0.7138888888889028,1.0000000000000797,75.0,0.32682196167819483,0.9989893084732181,0
2195,1565.7666666666667,0.7416666666665606,0.7000000000000455,0.7138888888889028,1.038910505836407,75.0,0.2913580480023077,0.999713545082352,0
2196,1566.4666666666667,0.7000000000000455,0.6805555555554292,0.7138888888889028,0.9805447470817567,75.0,0.3451778250704847,0.9992567678110592,0
2197,1567.1472222222221,0.6805555555554292,0.7027777777777828,0.7138888888889028,0.9533073929959135,77.77777777777777,0.37789433519239374,0.9994894264965257,0
2198,1567.85,0.7027777777777828,0.7055555555557476,0.7138888888889028,0.9844357976653576,80.55555555555556,0.3549549839826135,0.9983990300361228,0
2199,1568.5555555555557,0.7055555555557476,0.7472222222220353,0.7138888888889028,0.988326848249277,80.55555555555556,0.3512459164299785,0.9984998490467236,0
2200,1569.3027777777777,0.7472222222220353,0.7305555555556111,0.7138888888889028,1.0466926070036089,80.55555555555556,0.2980853797165788,0.9987909124584069,0
2201,1570.0333333333333,0.7305555555556111,0.7027777777777828,0.7138888888889028,1.0233463035020034,77.77777777777777,0.31192573597133494,0.998884141260459,0
2202,1570.736111111111,0.7027777777777828,0.683333333333394,0.7138888888889028,0.9844357976653576,75.0,0.34145326324701564,0.9993798984404322,0
2203,1571.4194444444445,0.683333333333394,0.6722222222222172,0.7138888888889028,0.9571984435798329,75.0,0.3675568235394865,0.9995053221862354,0
2204,1572.0916666666667,0.6722222222222172,0.6444444444443889,0.7138888888889028,0.9416342412451107,80.55555555555556,0.3962173253658399,0.997561217725153,0
2205,1572.736111111111,0.6444444444443889,0.650000000000091,0.7138888888889028,0.9027237354084648,77.77777777777777,0.42677760552059507,0.9962328887596001,0
2206,1573.3861111111112,0.650000000000091,0.6194444444442979,0.7138888888889028,0.9105058365759852,72.22222222222223,0.4062960780892983,0.9975196606654797,0
2207,1574.0055555555555,0.6194444444442979,0.7000000000000455,0.7138888888889028,0.8677042801554199,75.0,0.4520453915210031,0.9976929699964172,0
2208,1574.7055555555555,0.7000000000000455,0.683333333333394,0.7138888888889028,0.9805447470817567,72.22222222222223,0.33908425442596046,0.997418496195887,0
2209,1575.388888888889,0.683333333333394,0.7111111111109949,0.7138888888889028,0.9571984435798329,80.55555555555556,0.3816486534919209,0.994590392336349,0
2210,1576.1,0.7111111111109949,0.6472222222223536,0.7138888888889028,0.9961089494161602,80.55555555555556,0.3447426137873479,0.9928803655559427,0
2211,1576.7472222222223,0.6472222222223536,0.6777777777776919,0.7138888888889028,0.9066147859923843,80.55555555555556,0.4300205730995415,0.9953570189953405,0
2212,1577.425,0.6777777777776919,0.6305555555557021,0.7138888888889028,0.9494163424123125,72.22222222222223,0.36907770179401705,0.9969545081392286,0
2213,1578.0555555555557,0.6305555555557021,0.686111111110904,0.7138888888889028,0.8832684824904604,75.0,0.4378026607308773,0.9990863027928858,0
2214,1578.7416666666666,0.686111111110904,0.6277777777779647,0.7138888888889028,0.9610894941631152,72.22222222222223,0.35846834194630517,0.9926291089086485,0
2215,1579.3694444444445,0.6277777777779647,0.658333333333303,0.7138888888889028,0.8793774319068596,80.55555555555556,0.4547981222304537,0.9984447025587303,0
2216,1580.0277777777778,0.658333333333303,0.6694444444444798,0.7138888888889028,0.9221789883267878,75.0,0.40131167114813376,0.9991682026105235,0
2217,1580.6972222222223,0.6694444444444798,0.691666666666606,0.7138888888889028,0.9377431906615099,77.77777777777777,0.39346567351801115,0.9957515759021769,0
2218,1581.388888888889,0.691666666666606,0.6805555555554292,0.7138888888889028,0.9688715953306355,75.0,0.35678183219465115,0.9964154165332108,0
2219,1582.0694444444443,0.6805555555554292,0.7000000000000455,0.7138888888889028,0.9533073929959135,77.77777777777777,0.3796401482301184,0.987850672911695,0
2220,1582.7694444444444,0.7000000000000455,0.650000000000091,0.7138888888889028,0.9805447470817567,86.11111111111111,0.3741379052290169,0.9886493691899911,0
2221,1583.4194444444445,0.650000000000091,0.6222222222222626,0.7138888888889028,0.9105058365759852,86.11111111111111,0.4408918238996159,0.9918032336111756,0
2222,1584.0416666666667,0.6222222222222626,0.658333333333303,0.7138888888889028,0.8715953307393393,69.44444444444444,0.436967086082289,0.9916909773320799,0
2223,1584.7,0.658333333333303,0.6444444444443889,0.7138888888889028,0.9221789883267878,91.66666666666667,0.44621629215786823,0.9785443577361845,0
2224,1585.3444444444444,0.6444444444443889,0.691666666666606,0.7138888888889028,0.9027237354084648,63.888888888888886,0.4043669488624283,0.9415383996964413,0
2225,1586.036111111111,0.691666666666606,0.6305555555557021,0.7138888888889028,0.9688715953306355,86.11111111111111,0.3872756604763519,0.975583030424352,0
2226,1586.6666666666667,0.6305555555557021,0.6749999999999545,0.7138888888889028,0.8832684824904604,88.88888888888889,0.47530198066587626,0.97944052066335,0
2227,1587.3416666666667,0.6749999999999545,0.6666666666667425,0.7138888888889028,0.9455252918287117,91.66666666666667,0.42342972053182604,0.980837877826672,0
2228,1588.0083333333334,0.6666666666667425,0.6888888888888687,0.7138888888889028,0.933852140077909,88.88888888888889,0.4261264487183912,0.989450880881486,0
2229,1588.6972222222223,0.6888888888888687,0.6749999999999545,0.7138888888889028,0.9649805447470347,86.11111111111111,0.3885938168161256,0.9917370104792503,0
2230,1589.3722222222223,0.6749999999999545,0.6361111111111768,0.7138888888889028,0.9455252918287117,83.33333333333333,0.39999093296548244,0.9936421738182348,0
2231,1590.0083333333334,0.6361111111111768,0.6222222222220353,0.7138888888889028,0.8910505836576622,86.11111111111111,0.4587796607812997,0.9939987072676606,0
2232,1590.6305555555555,0.6222222222220353,0.6611111111112677,0.7138888888889028,0.8715953307390207,83.33333333333333,0.46904509199404437,0.9965064208160551,0
2233,1591.2916666666667,0.6611111111112677,0.6888888888888687,0.7138888888889028,0.9260700389107073,86.11111111111111,0.42590553223549443,0.9928443532318076,0
2234,1591.9805555555556,0.6888888888888687,0.6944444444443434,0.7138888888889028,0.9649805447470347,86.11111111111111,0.38817508037982523,0.9945285867212528,0
2235,1592.675,0.6944444444443434,0.683333333333394,0.7138888888889028,0.9727626459142364,86.11111111111111,0.3807492293705641,0.994195869317297,0
2236,1593.3583333333333,0.683333333333394,0.7138888888889596,0.7138888888889028,0.9571984435798329,88.88888888888889,0.4030083381006639,0.9935115758821764,0
2237,1594.0722222222223,0.7138888888889596,0.7027777777777828,0.7138888888889028,1.0000000000000797,91.66666666666667,0.3700785137805732,0.9893525896479195,0
2238,1594.775,0.7027777777777828,0.6999999999998181,0.7138888888889028,0.9844357976653576,91.66666666666667,0.3844994928464876,0.9911453296345094,0
2239,1595.475,0.6999999999998181,0.6861111111111313,0.7138888888889028,0.9805447470814381,86.11111111111111,0.3734166971165857,0.9934574232748916,0
2240,1596.161111111111,0.6861111111111313,0.6750000000001819,0.7138888888889028,0.9610894941634337,80.55555555555556,0.37755127670419714,0.9969022229323337,0
2241,1596.8361111111112,0.6750000000001819,0.6944444444443434,0.7138888888889028,0.9455252918290302,77.77777777777777,0.3856798808022584,0.9976427689341414,0
2242,1597.5305555555556,0.6944444444443434,0.75,0.7138888888889028,0.9727626459142364,88.88888888888889,0.38830250793692367,0.9917305605428772,0
2243,1598.2805555555556,0.75,0.7388888888888232,0.7138888888889028,1.0505836575875283,86.11111111111111,0.30967472672111807,0.9927019665409126,0
2244,1599.0194444444444,0.7388888888888232,0.7250000000001364,0.7138888888889028,1.035019455252806,86.11111111111111,0.3232482491220416,0.9924087113134975,0
2245,1599.7444444444445,0.7250000000001364,0.7333333333333485,0.7138888888889028,1.0155642023348017,88.88888888888889,0.34822839090854846,0.9905351527069495,0
2246,1600.4777777777779,0.7333333333333485,0.724999999999909,0.7138888888889028,1.0272373540856043,88.88888888888889,0.3373773443302727,0.9923157155636952,0
2247,1601.2027777777778,0.724999999999909,0.716666666666697,0.7138888888889028,1.015564202334483,88.88888888888889,0.34818788950663826,0.9908051620549623,0
2248,1601.9194444444445,0.716666666666697,0.691666666666606,0.7138888888889028,1.0038910505836804,86.11111111111111,0.35134471946151097,0.9937476886075834,0
2249,1602.611111111111,0.691666666666606,0.6972222222223081,0.7138888888889028,0.9688715953306355,83.33333333333333,0.3771579695248354,0.995860508405146,0
2250,1603.3083333333334,0.6972222222223081,0.724999999999909,0.7138888888889028,0.9766536964981558,80.55555555555556,0.3624860709536998,0.9976784767537594,0
2251,1604.0333333333333,0.724999999999909,0.7666666666666515,0.7138888888889028,1.015564202334483,88.88888888888889,0.3481286178926371,0.9912003061483035,0
2252,1604.8,0.7666666666666515,0.7527777777777374,0.7138888888889028,1.073929961089452,83.33333333333333,0.28304758856883594,0.9939890941313057,0
2253,1605.5527777777777,0.7527777777777374,0.7361111111110858,0.7138888888889028,1.054474708171129,86.11111111111111,0.3061168938588402,0.9943700523293937,0
2254,1606.2888888888888,0.7361111111110858,0.7361111111113132,0.7138888888889028,1.0311284046692053,86.11111111111111,0.3263844369010932,0.9945188949891822,0
2255,1607.025,0.7361111111113132,0.7138888888887323,0.7138888888889028,1.0311284046695237,83.33333333333333,0.3190750085208981,0.9960746224926089,0
2256,1607.7388888888888,0.7138888888887323,0.7222222222223991,0.7138888888889028,0.9999999999997611,86.11111111111111,0.3549808238381226,0.9937233631781668,0
2257,1608.4611111111112,0.7222222222223991,0.7027777777775555,0.7138888888889028,1.0116731517512008,86.11111111111111,0.3441672093435314,0.9935427197626914,0
2258,1609.1638888888888,0.7027777777775555,0.7027777777777828,0.7138888888889028,0.9844357976650391,83.33333333333333,0.3623402673146216,0.9954192120649079,0
2259,1609.8666666666666,0.7027777777777828,0.7555555555557021,0.7138888888889028,0.9844357976653576,83.33333333333333,0.36238642718402675,0.9951114796001875,0
2260,1610.6222222222223,0.7555555555557021,0.7722222222221262,0.7138888888889028,1.0583657587550486,91.66666666666667,0.3181419846611067,0.988642789943475,0
2261,1611.3944444444444,0.7722222222221262,0.6527777777778283,0.7138888888889028,1.0817120622566538,86.11111111111111,0.28400568044149693,0.9935749622172987,0
2262,1612.0472222222222,0.6527777777778283,0.808333333333394,0.7138888888889028,0.914396887159586,80.55555555555556,0.44176581591688585,0.8679471270182482,0
2263,1612.8555555555556,0.808333333333394,0.7083333333332575,0.7138888888889028,1.1322957198444208,83.33333333333333,0.24007168867470313,0.9957958213245199,0
2264,1613.5638888888889,0.7083333333332575,0.7027777777777828,0.7138888888889028,0.9922178988325594,77.77777777777777,0.34096965065567475,0.997320693285751,0
2265,1614.2666666666667,0.7027777777777828,0.716666666666697,0.7138888888889028,0.9844357976653576,80.55555555555556,0.3552493202807304,0.9964367880486769,0
2266,1614.9833333333333,0.716666666666697,0.6972222222223081,0.7138888888889028,1.0038910505836804,86.11111111111111,0.3510737359689409,0.995554245224717,0
2267,1615.6805555555557,0.6972222222223081,0.6944444444443434,0.7138888888889028,0.9766536964981558,83.33333333333333,0.36964456194826734,0.9962106076967956,0
2268,1616.375,0.6944444444443434,0.7527777777777374,0.7138888888889028,0.9727626459142364,86.11111111111111,0.380845850223123,0.9935517303002376,0
2269,1617.1277777777777,0.7527777777777374,0.7638888888889142,0.7138888888889028,1.054474708171129,88.88888888888889,0.31420269135056217,0.9883546173858915,0
2270,1617.8916666666667,0.7638888888889142,0.7222222222221717,0.7138888888889028,1.0700389105058512,88.88888888888889,0.3008215383544638,0.9915112768865053,0
2271,1618.6138888888888,0.7222222222221717,0.7000000000000455,0.7138888888889028,1.0116731517508823,80.55555555555556,0.32976533313449835,0.9961260285553968,0
2272,1619.3138888888889,0.7000000000000455,0.6972222222223081,0.7138888888889028,0.9805447470817567,83.33333333333333,0.3659384222006333,0.9961387943498987,0
2273,1620.0111111111112,0.6972222222223081,0.7000000000000455,0.7138888888889028,0.9766536964981558,80.55555555555556,0.36263925166911937,0.9966572719842954,0
2274,1620.7111111111112,0.7000000000000455,0.5527777777776919,0.7138888888889028,0.9805447470817567,83.33333333333333,0.3660966128411268,0.9950841900799419,0
2275,1621.263888888889,0.5527777777776919,0.8777777777777374,0.7138888888889028,0.7743190661477245,111.11111111111111,0.6354880229708898,0.8779315886595676,1
2276,1622.1416666666667,0.8777777777777374,0.7138888888889596,0.7138888888889028,1.2295719844357171,86.11111111111111,0.1955100846012052,0.9938616451238164,0
2277,1622.8555555555556,0.7138888888889596,0.7888888888887777,0.7138888888889028,1.0000000000000797,88.88888888888889,0.36263271840599415,0.9906006143916792,0
2278,1623.6444444444444,0.7888888888887777,0.7472222222222626,0.7138888888889028,1.1050583657585777,91.66666666666667,0.2813432959745565,0.9898579485097986,0
2279,1624.3916666666667,0.7472222222222626,0.724999999999909,0.7138888888889028,1.0466926070039273,88.88888888888889,0.32067102416127646,0.9895390304293732,0
2280,1625.1166666666666,0.724999999999909,0.7027777777777828,0.7138888888889028,1.015564202334483,80.55555555555556,0.3262167010590434,0.9959606707681479,0
2281,1625.8194444444443,0.7027777777777828,0.7111111111112223,0.7138888888889028,0.9844357976653576,83.33333333333333,0.36232421284537203,0.9955262418578856,0
2282,1626.5305555555556,0.7111111111112223,0.724999999999909,0.7138888888889028,0.9961089494164788,83.33333333333333,0.35115342526440724,0.9963970266137041,0
2283,1627.2555555555555,0.724999999999909,0.7388888888890506,0.7138888888889028,1.015564202334483,86.11111111111111,0.34077950655182904,0.9923045000857131,0
2284,1627.9944444444445,0.7388888888890506,0.7416666666665606,0.7138888888889028,1.0350194552531247,83.33333333333333,0.3158061720501905,0.994848763427977,0
2285,1628.736111111111,0.7416666666665606,0.7527777777777374,0.7138888888889028,1.038910505836407,86.11111111111111,0.31966850973049443,0.99343693599692,0
2286,1629.4888888888888,0.7527777777777374,0.7777777777778283,0.7138888888889028,1.054474708171129,88.88888888888889,0.3137874277930426,0.9911230411026886,0
2287,1630.2666666666667,0.7777777777778283,0.7388888888888232,0.7138888888889028,1.0894941634241742,91.66666666666667,0.29341039781025624,0.9869167641379728,0
2288,1631.0055555555555,0.7388888888888232,0.7000000000000455,0.7138888888889028,1.035019455252806,88.88888888888889,0.3306427314304207,0.9910020442589473,0
2289,1631.7055555555555,0.7000000000000455,0.7055555555555202,0.7138888888889028,0.9805447470817567,86.11111111111111,0.373273842988034,0.9944097841298769,0
2290,1632.411111111111,0.7055555555555202,0.6916666666668334,0.7138888888889028,0.9883268482489584,88.88888888888889,0.37333959828552654,0.9925277176158622,0
2291,1633.1027777777779,0.6916666666668334,0.7305555555553838,0.7138888888889028,0.968871595330954,86.11111111111111,0.3846980792652433,0.9927669051630359,0
2292,1633.8333333333333,0.7305555555553838,0.7388888888890506,0.7138888888889028,1.023346303501685,91.66666666666667,0.34852693217063274,0.9897368736879915,0
2293,1634.5722222222223,0.7388888888890506,0.7416666666665606,0.7138888888889028,1.0350194552531247,86.11111111111111,0.3231777465991721,0.9928787281307495,0
2294,1635.3138888888889,0.7416666666665606,0.7416666666667879,0.7138888888889028,1.038910505836407,86.11111111111111,0.3196343530796251,0.9936646470027155,0
2295,1636.0555555555557,0.7416666666667879,0.7749999999998636,0.7138888888889028,1.0389105058367256,91.66666666666667,0.334705013928002,0.9894740674330851,0
2296,1636.8305555555555,0.7749999999998636,0.7222222222221717,0.7138888888889028,1.0856031128402548,88.88888888888889,0.2882498524819127,0.9929284268572806,0
2297,1637.5527777777777,0.7222222222221717,0.6861111111111313,0.7138888888889028,1.0116731517508823,86.11111111111111,0.344150667505709,0.9936529986834621,0
2298,1638.2388888888888,0.6861111111111313,0.7000000000000455,0.7138888888889028,0.9610894941634337,86.11111111111111,0.3919120463760082,0.9945929577230636,0
2299,1638.9388888888889,0.7000000000000455,0.7027777777777828,0.7138888888889028,0.9805447470817567,86.11111111111111,0.3733970459090687,0.9935884313229791,0
2300,1639.6416666666667,0.7027777777777828,0.7416666666667879,0.7138888888889028,0.9844357976653576,88.88888888888889,0.37704692495806513,0.992438504470559,0
2301,1640.3833333333334,0.7416666666667879,0.7611111111109494,0.7138888888889028,1.0389105058367256,88.88888888888889,0.32772727595032125,0.9876017095308562,0
2302,1641.1444444444444,0.7611111111109494,0.7472222222222626,0.7138888888889028,1.0661478599219318,88.88888888888889,0.3040461434971403,0.9911942974642451,0
2303,1641.8916666666667,0.7472222222222626,0.7583333333334394,0.7138888888889028,1.0466926070039273,86.11111111111111,0.31273485428258074,0.9945569479527008,0
2304,1642.65,0.7583333333334394,0.7694444444443889,0.7138888888889028,1.0622568093386493,91.66666666666667,0.3146426897535394,0.9903462857554233,0
2305,1643.4194444444445,0.7694444444443889,0.7222222222221717,0.7138888888889028,1.0778210116730529,86.11111111111111,0.286906329065743,0.9947193241208754,0
2306,1644.1416666666667,0.7222222222221717,0.7000000000000455,0.7138888888889028,1.0116731517508823,80.55555555555556,0.32973038379939473,0.9963590241227542,0
2307,1644.8416666666667,0.7000000000000455,0.7361111111110858,0.7138888888889028,0.9805447470817567,80.55555555555556,0.35898985654210297,0.996207161166614,0
2308,1645.5777777777778,0.7361111111110858,0.75,0.7138888888889028,1.0311284046692053,83.33333333333333,0.31918534009142935,0.995339078690958,0
2309,1646.3277777777778,0.75,0.7805555555555657,0.7138888888889028,1.0505836575875283,86.11111111111111,0.30949629768085096,0.9938914934760268,0
2310,1647.1083333333333,0.7805555555555657,0.7638888888889142,0.7138888888889028,1.0933852140077749,91.66666666666667,0.28998575062800824,0.989995365373985,0
2311,1647.8722222222223,0.7638888888889142,0.7555555555554747,0.7138888888889028,1.0700389105058512,91.66666666666667,0.30844177716525645,0.9891002959013211,0
2312,1648.6277777777777,0.7555555555554747,0.7583333333334394,0.7138888888889028,1.05836575875473,86.11111111111111,0.3030727820485926,0.9928236479406041,0
2313,1649.3861111111112,0.7583333333334394,0.7333333333333485,0.7138888888889028,1.0622568093386493,86.11111111111111,0.29983232822839706,0.9928015365016277,0
2314,1650.1194444444445,0.7333333333333485,0.7222222222221717,0.7138888888889028,1.0272373540856043,83.33333333333333,0.32257977245285707,0.9959025180491727,0
2315,1650.8416666666667,0.7222222222221717,0.716666666666697,0.7138888888889028,1.0116731517508823,77.77777777777777,0.32280299661756257,0.9973905902715835,0
2316,1651.5583333333334,0.716666666666697,0.7416666666665606,0.7138888888889028,1.0038910505836804,83.33333333333333,0.3441099662063254,0.9948055819461703,0
2317,1652.3,0.7416666666665606,0.783333333333303,0.7138888888889028,1.038910505836407,83.33333333333333,0.31241232472087405,0.9946377076984061,0
2318,1653.0833333333333,0.783333333333303,0.7944444444444798,0.7138888888889028,1.0972762645913758,88.88888888888889,0.2798330314193292,0.989786133422526,0
2319,1653.8777777777777,0.7944444444444798,0.7583333333334394,0.7138888888889028,1.1128404669260978,83.33333333333333,0.25367600158453246,0.9936240419045838,0
2320,1654.6361111111112,0.7583333333334394,0.7277777777776464,0.7138888888889028,1.0622568093386493,86.11111111111111,0.2996689739047502,0.9938905653259397,0
2321,1655.3638888888888,0.7277777777776464,0.6361111111111768,0.7138888888889028,1.019455252918084,86.11111111111111,0.3369577273486652,0.9941067235589062,0
2322,1656.0,0.6361111111111768,0.8222222222223081,0.7138888888889028,0.8910505836576622,97.22222222222223,0.505837804528142,0.873937815611094,1
2323,1656.8222222222223,0.8222222222223081,0.7055555555555202,0.7138888888889028,1.1517509727627437,83.33333333333333,0.2280936720990919,0.9936868748823409,0
2324,1657.5277777777778,0.7055555555555202,0.7416666666665606,0.7138888888889028,0.9883268482489584,83.33333333333333,0.3586853475638851,0.9951590457295116,0
2325,1658.2694444444444,0.7416666666665606,0.7444444444445253,0.7138888888889028,1.038910505836407,88.88888888888889,0.32703494817240025,0.9922172280521917,0
2326,1659.013888888889,0.7444444444445253,0.783333333333303,0.7138888888889028,1.0428015564203263,88.88888888888889,0.32372478260445187,0.9916359665439534,0
2327,1659.7972222222222,0.783333333333303,0.7722222222221262,0.7138888888889028,1.0972762645913758,91.66666666666667,0.28708750008072126,0.989813620100013,0
2328,1660.5694444444443,0.7722222222221262,0.7277777777778738,0.7138888888889028,1.0817120622566538,83.33333333333333,0.27663225187784657,0.9955573576123183,0
2329,1661.2972222222222,0.7277777777778738,0.7055555555555202,0.7138888888889028,1.0194552529184027,80.55555555555556,0.3226062329152902,0.9963541538433369,0
2330,1662.0027777777777,0.7055555555555202,0.7416666666667879,0.7138888888889028,0.9883268482489584,86.11111111111111,0.3658167357560797,0.9947902528108639,0
2331,1662.7444444444445,0.7416666666667879,0.7138888888887323,0.7138888888889028,1.0389105058367256,88.88888888888889,0.32711471782157575,0.9916854303891598,0
2332,1663.4583333333333,0.7138888888887323,0.7055555555555202,0.7138888888889028,0.9999999999997611,83.33333333333333,0.34779400344433653,0.9944617041074237,0
2333,1664.1638888888888,0.7055555555555202,0.7472222222222626,0.7138888888889028,0.9883268482489584,88.88888888888889,0.37337568097637475,0.992287166343541,0
2334,1664.911111111111,0.7472222222222626,0.7472222222222626,0.7138888888889028,1.0466926070039273,91.66666666666667,0.32817028310621316,0.9879345818832292,0
2335,1665.6583333333333,0.7472222222222626,0.7666666666666515,0.7138888888889028,1.0466926070039273,88.88888888888889,0.32046222365166754,0.990931033826766,0
2336,1666.425,0.7666666666666515,0.7444444444445253,0.7138888888889028,1.073929961089452,91.66666666666667,0.305254021718745,0.9894004942493061,0
2337,1667.1694444444445,0.7444444444445253,0.7138888888889596,0.7138888888889028,1.0428015564203263,80.55555555555556,0.30191608210808585,0.9957082222489463,0
2338,1667.8833333333334,0.7138888888889596,0.6999999999998181,0.7138888888889028,1.0000000000000797,80.55555555555556,0.34050344694196943,0.9968100098810637,0
2339,1668.5833333333333,0.6999999999998181,0.7555555555557021,0.7138888888889028,0.9805447470814381,86.11111111111111,0.37350569459778005,0.9928641067335957,0
2340,1669.338888888889,0.7555555555557021,0.7305555555553838,0.7138888888889028,1.0583657587550486,86.11111111111111,0.3028229457691275,0.9944892231352584,0
2341,1670.0694444444443,0.7305555555553838,0.7305555555556111,0.7138888888889028,1.023346303501685,86.11111111111111,0.3334398618775235,0.9940368495539756,0
2342,1670.8,0.7305555555556111,0.7694444444443889,0.7138888888889028,1.0233463035020034,91.66666666666667,0.34861360660199847,0.9891590441436352,0
2343,1671.5694444444443,0.7694444444443889,0.7527777777779647,0.7138888888889028,1.0778210116730529,91.66666666666667,0.302630102927727,0.9861746577957262,0
2344,1672.3222222222223,0.7527777777779647,0.7555555555554747,0.7138888888889028,1.0544747081714476,91.66666666666667,0.3214234433475507,0.9886068818242714,0
2345,1673.0777777777778,0.7555555555554747,0.716666666666697,0.7138888888889028,1.05836575875473,88.88888888888889,0.31052082041731577,0.9910599404837604,0
2346,1673.7944444444445,0.716666666666697,0.6972222222220807,0.7138888888889028,1.0038910505836804,83.33333333333333,0.34415983432701097,0.9944731278082665,0
2347,1674.4916666666666,0.6972222222220807,0.7083333333334849,0.7138888888889028,0.9766536964978373,80.55555555555556,0.36267681724184236,0.99640683483484,0
2348,1675.2,0.7083333333334849,0.7416666666665606,0.7138888888889028,0.9922178988328778,86.11111111111111,0.36233081995800176,0.9934931122677556,0
2349,1675.9416666666666,0.7416666666665606,0.5472222222222172,0.7138888888889028,1.038910505836407,86.11111111111111,0.31958113147445244,0.9940194577038666,0
2350,1676.4888888888888,0.5472222222222172,0.9388888888888687,0.7138888888889028,0.7665369649805227,113.88888888888889,0.646282579734432,0.8848420751727559,1
2351,1677.4277777777777,0.9388888888888687,0.7444444444445253,0.7138888888889028,1.3151750972762106,91.66666666666667,0.18227914636728046,0.9888615647181892,0
2352,1678.1722222222222,0.7444444444445253,0.7583333333334394,0.7138888888889028,1.0428015564203263,91.66666666666667,0.331246949369966,0.9898787991939593,0
2353,1678.9305555555557,0.7583333333334394,0.7388888888888232,0.7138888888889028,1.0622568093386493,91.66666666666667,0.31503264727582037,0.9877465689402167,0
2354,1679.6694444444445,0.7388888888888232,0.7000000000000455,0.7138888888889028,1.035019455252806,88.88888888888889,0.33040476357941057,0.9925884965990148,0
2355,1680.3694444444445,0.7000000000000455,0.6972222222220807,0.7138888888889028,0.9805447470817567,86.11111111111111,0.3734361617949028,0.9933276587507518,0
2356,1681.0666666666666,0.6972222222220807,0.7305555555556111,0.7138888888889028,0.9766536964978373,83.33333333333333,0.3697261146162847,0.9956669232453781,0
2357,1681.7972222222222,0.7305555555556111,0.7666666666666515,0.7138888888889028,1.0233463035020034,86.11111111111111,0.333716868776757,0.9921901368905006,0
2358,1682.5638888888889,0.7666666666666515,0.7611111111111768,0.7138888888889028,1.073929961089452,88.88888888888889,0.29740124225500525,0.9933617462541373,0
2359,1683.325,0.7611111111111768,0.7388888888888232,0.7138888888889028,1.0661478599222503,86.11111111111111,0.2966414110003576,0.9926692991064097,0
2360,1684.0638888888889,0.7388888888888232,0.75,0.7138888888889028,1.035019455252806,86.11111111111111,0.32320024433928646,0.9927287431985314,0
2361,1684.8138888888889,0.75,0.7361111111110858,0.7138888888889028,1.0505836575875283,83.33333333333333,0.3021813208512829,0.9954842106438309,0
2362,1685.55,0.7361111111110858,0.7333333333333485,0.7138888888889028,1.0311284046692053,83.33333333333333,0.31935874172865975,0.9941830677760886,0
2363,1686.2833333333333,0.7333333333333485,0.691666666666606,0.7138888888889028,1.0272373540856043,86.11111111111111,0.329877867084099,0.9944223488702092,0
2364,1686.975,0.691666666666606,0.6888888888888687,0.7138888888889028,0.9688715953306355,86.11111111111111,0.3843975690394347,0.9947703066704671,0
2365,1687.6638888888888,0.6888888888888687,0.7694444444446162,0.7138888888889028,0.9649805447470347,83.33333333333333,0.38112843955430736,0.9943323971953887,0
2366,1688.4333333333334,0.7694444444446162,0.5972222222221717,0.7138888888889028,1.0778210116733715,91.66666666666667,0.30250243940361676,0.9870257479547743,0
2367,1689.0305555555556,0.5972222222221717,0.9194444444444798,0.7138888888889028,0.8365758754862943,111.11111111111111,0.5767180395601555,0.9573043165250952,1
2368,1689.95,0.9194444444444798,0.7444444444442979,0.7138888888889028,1.287937743190686,86.11111111111111,0.17459891744102737,0.9943462388757274,0
2369,1690.6944444444443,0.7444444444442979,0.7444444444445253,0.7138888888889028,1.042801556420008,86.11111111111111,0.31646320572790254,0.9921565973881501,0
2370,1691.4388888888889,0.7444444444445253,0.7277777777778738,0.7138888888889028,1.0428015564203263,83.33333333333333,0.3089753497005004,0.9949018425396694,0
2371,1692.1666666666667,0.7277777777778738,0.7305555555553838,0.7138888888889028,1.0194552529184027,83.33333333333333,0.3297994605452279,0.9946547072172389,0
2372,1692.8972222222221,0.7305555555553838,0.7083333333334849,0.7138888888889028,1.023346303501685,80.55555555555556,0.31896638016362044,0.9970975283771926,0
2373,1693.6055555555556,0.7083333333334849,0.7277777777776464,0.7138888888889028,0.9922178988328778,83.33333333333333,0.35492701840659757,0.9956779942478002,0
2374,1694.3333333333333,0.7277777777776464,0.8000000000001819,0.7138888888889028,1.019455252918084,86.11111111111111,0.3371344076739,0.9929288547240072,0
2375,1695.1333333333334,0.8000000000001819,0.7666666666666515,0.7138888888889028,1.1206225680936182,94.44444444444444,0.2776495910612296,0.9897277924192396,0
2376,1695.9,0.7666666666666515,0.7388888888888232,0.7138888888889028,1.073929961089452,91.66666666666667,0.30543736226546714,0.9881782239378251,0
2377,1696.638888888889,0.7388888888888232,0.7388888888888232,0.7138888888889028,1.035019455252806,88.88888888888889,0.33078878735858297,0.9900283380711987,0
2378,1697.3777777777777,0.7388888888888232,0.7250000000001364,0.7138888888889028,1.035019455252806,88.88888888888889,0.3305284734007998,0.9917637644564197,0
2379,1698.1027777777779,0.7250000000001364,0.7361111111110858,0.7138888888889028,1.0155642023348017,88.88888888888889,0.34817227665223927,0.9909092477490106,0
2380,1698.838888888889,0.7361111111110858,0.7305555555553838,0.7138888888889028,1.0311284046692053,86.11111111111111,0.32654241548215107,0.9934657044487962,0
2381,1699.5694444444443,0.7305555555553838,0.7416666666667879,0.7138888888889028,1.023346303501685,86.11111111111111,0.3334989642530462,0.9936428337171576,0
2382,1700.3111111111111,0.7416666666667879,0.7638888888889142,0.7138888888889028,1.0389105058367256,83.33333333333333,0.3122269375582269,0.9958736221141915,0
2383,1701.075,0.7638888888889142,0.7861111111110404,0.7138888888889028,1.0700389105058512,94.44444444444444,0.3159223663628368,0.9878963805505896,0
2384,1701.861111111111,0.7861111111110404,0.7611111111111768,0.7138888888889028,1.1011673151749768,86.11111111111111,0.26916533747297866,0.9937622152616916,0
2385,1702.6222222222223,0.7611111111111768,0.7194444444444343,0.7138888888889028,1.0661478599222503,83.33333333333333,0.289389776562032,0.993839733665931,0
2386,1703.3416666666667,0.7194444444444343,0.7083333333332575,0.7138888888889028,1.0077821011672814,80.55555555555556,0.3333862170605226,0.9959487123106863,0
2387,1704.05,0.7083333333332575,0.716666666666697,0.7138888888889028,0.9922178988325594,77.77777777777777,0.34107207482030755,0.9966378655215321,0
2388,1704.7666666666667,0.716666666666697,0.7388888888888232,0.7138888888889028,1.0038910505836804,83.33333333333333,0.34406355917418513,0.9951149621604389,0
2389,1705.5055555555555,0.7388888888888232,0.7305555555556111,0.7138888888889028,1.035019455252806,86.11111111111111,0.3229147749121558,0.9946318727127359,0
2390,1706.236111111111,0.7305555555556111,0.7472222222222626,0.7138888888889028,1.0233463035020034,88.88888888888889,0.34099816641501146,0.991538034303448,0
2391,1706.9833333333333,0.7472222222222626,0.7944444444444798,0.7138888888889028,1.0466926070039273,88.88888888888889,0.3204231716940341,0.9911913802109891,0
2392,1707.7777777777778,0.7944444444444798,0.7694444444443889,0.7138888888889028,1.1128404669260978,91.66666666666667,0.27600842162830064,0.9881955293968566,0
2393,1708.5472222222222,0.7694444444443889,0.7361111111110858,0.7138888888889028,1.0778210116730529,86.11111111111111,0.28722937957995576,0.9925656540261237,0
2394,1709.2833333333333,0.7361111111110858,0.7222222222221717,0.7138888888889028,1.0311284046692053,83.33333333333333,0.319360555546272,0.9941709756586736,0
2395,1710.0055555555555,0.7222222222221717,0.7194444444444343,0.7138888888889028,1.0116731517508823,83.33333333333333,0.3369803628403376,0.9942812347566221,0
2396,1710.725,0.7194444444444343,0.7416666666667879,0.7138888888889028,1.0077821011672814,86.11111111111111,0.34773438138912527,0.9937234827228054,0
2397,1711.4666666666667,0.7416666666667879,0.7583333333332121,0.7138888888889028,1.0389105058367256,86.11111111111111,0.3198434645140873,0.9922705707711055,0
2398,1712.225,0.7583333333332121,0.7638888888889142,0.7138888888889028,1.0622568093383309,86.11111111111111,0.29990568518113203,0.9923124901518217,0
2399,1712.9888888888888,0.7638888888889142,0.7694444444446162,0.7138888888889028,1.0700389105058512,83.33333333333333,0.28605921724704797,0.9948630742386502,0
2400,1713.7583333333334,0.7694444444446162,0.8027777777776919,0.7138888888889028,1.0778210116733715,91.66666666666667,0.3023661656449924,0.9879342396789367,0
2401,1714.5611111111111,0.8027777777776919,0.7416666666665606,0.7138888888889028,1.1245136186769007,86.11111111111111,0.25252204310327003,0.9945920709968823,0
2402,1715.3027777777777,0.7416666666665606,0.7055555555557476,0.7138888888889028,1.038910505836407,83.33333333333333,0.3123325193074593,0.9951697437878377,0
2403,1716.0083333333334,0.7055555555557476,0.724999999999909,0.7138888888889028,0.988326848249277,83.33333333333333,0.35862620292386244,0.9955533433276502,0
2404,1716.7333333333333,0.724999999999909,0.7277777777778738,0.7138888888889028,1.015564202334483,83.33333333333333,0.33338212660604416,0.9944465713616293,0
2405,1717.4611111111112,0.7277777777778738,0.75,0.7138888888889028,1.0194552529184027,86.11111111111111,0.3369249622076405,0.9943251578304715,0
2406,1718.2111111111112,0.75,0.7555555555554747,0.7138888888889028,1.0505836575875283,91.66666666666667,0.3246375307200839,0.9892304326358853,0
2407,1718.9666666666667,0.7555555555554747,0.7527777777777374,0.7138888888889028,1.05836575875473,88.88888888888889,0.31065523573448534,0.9901638383692966,0
2408,1719.7194444444444,0.7527777777777374,0.7722222222221262,0.7138888888889028,1.054474708171129,88.88888888888889,0.3137959769622739,0.9910660466411465,0
2409,1720.4916666666666,0.7722222222221262,0.7527777777779647,0.7138888888889028,1.0817120622566538,91.66666666666667,0.2989102255775163,0.9904918207319144,0
2410,1721.2444444444445,0.7527777777779647,0.7138888888887323,0.7138888888889028,1.0544747081714476,86.11111111111111,0.30608833953737236,0.9945604144707157,0
2411,1721.9583333333333,0.7138888888887323,0.6944444444445708,0.7138888888889028,0.9999999999997611,77.77777777777777,0.33373708668902285,0.9967680631726434,0
2412,1722.6527777777778,0.6944444444445708,0.7111111111109949,0.7138888888889028,0.9727626459145549,83.33333333333333,0.37352437395038396,0.9951877770871458,0
2413,1723.3638888888888,0.7111111111109949,0.7388888888890506,0.7138888888889028,0.9961089494161602,83.33333333333333,0.35123873510997655,0.995828294311905,0
2414,1724.1027777777779,0.7388888888890506,0.7638888888886868,0.7138888888889028,1.0350194552531247,86.11111111111111,0.32311447653585157,0.9933005285528863,0
2415,1724.8666666666666,0.7638888888886868,0.7555555555557021,0.7138888888889028,1.0700389105055326,88.88888888888889,0.3008695695282959,0.9911910690626831,0
2416,1725.6222222222223,0.7555555555557021,0.7416666666665606,0.7138888888889028,1.0583657587550486,88.88888888888889,0.31038699496263217,0.9919521101798713,0
2417,1726.3638888888888,0.7416666666665606,0.7666666666666515,0.7138888888889028,1.038910505836407,88.88888888888889,0.32720741790254343,0.9910674298512374,0
2418,1727.1305555555555,0.7666666666666515,0.7277777777778738,0.7138888888889028,1.073929961089452,88.88888888888889,0.2976793035281453,0.9915080044332035,0
2419,1727.8583333333333,0.7277777777778738,0.7027777777777828,0.7138888888889028,1.0194552529184027,86.11111111111111,0.3371620402161081,0.9927446377740206,0
2420,1728.5611111111111,0.7027777777777828,0.716666666666697,0.7138888888889028,0.9844357976653576,83.33333333333333,0.36249964064655554,0.9943567231833288,0
2421,1729.2777777777778,0.716666666666697,0.7277777777776464,0.7138888888889028,1.0038910505836804,88.88888888888889,0.35874864227378656,0.9922780848603903,0
2422,1730.0055555555555,0.7277777777776464,0.7722222222223536,0.7138888888889028,1.019455252918084,88.88888888888889,0.3445231640569558,0.9915603605049458,0
2423,1730.7777777777778,0.7722222222223536,0.7777777777778283,0.7138888888889028,1.0817120622569723,94.44444444444444,0.3068897260788497,0.9859618300211632,0
2424,1731.5555555555557,0.7777777777778283,0.7527777777777374,0.7138888888889028,1.0894941634241742,88.88888888888889,0.28555561282075703,0.9908913863145333,0
2425,1732.3083333333334,0.7527777777777374,0.7527777777777374,0.7138888888889028,1.054474708171129,86.11111111111111,0.30624615786196435,0.993508292308566,0
2426,1733.0611111111111,0.7527777777777374,0.7555555555554747,0.7138888888889028,1.054474708171129,88.88888888888889,0.313776423865567,0.9911964006191925,0
2427,1733.8166666666666,0.7555555555554747,0.7083333333334849,0.7138888888889028,1.05836575875473,83.33333333333333,0.29568035066020276,0.9949327288338865,0
2428,1734.525,0.7083333333334849,0.6944444444443434,0.7138888888889028,0.9922178988328778,86.11111111111111,0.36224209392977547,0.9940846191225975,0
2429,1735.2194444444444,0.6944444444443434,0.7333333333333485,0.7138888888889028,0.9727626459142364,86.11111111111111,0.3811427647178664,0.9915723003352817,0
2430,1735.9527777777778,0.7333333333333485,0.7388888888888232,0.7138888888889028,1.0272373540856043,88.88888888888889,0.33755322190034637,0.9911431984298709,0
2431,1736.6916666666666,0.7388888888888232,0.7777777777778283,0.7138888888889028,1.035019455252806,91.66666666666667,0.3386120244965961,0.9862640349045448,0
2432,1737.4694444444444,0.7777777777778283,0.7555555555554747,0.7138888888889028,1.0894941634241742,91.66666666666667,0.2934657438729497,0.9865477903866829,0
2433,1738.225,0.7555555555554747,0.7388888888890506,0.7138888888889028,1.05836575875473,88.88888888888889,0.31071849572605037,0.9897421050921964,0
2434,1738.963888888889,0.7388888888890506,0.7361111111110858,0.7138888888889028,1.0350194552531247,83.33333333333333,0.31584839147252025,0.9945673006124456,0
2435,1739.7,0.7361111111110858,0.7416666666665606,0.7138888888889028,1.0311284046692053,86.11111111111111,0.3266240145939482,0.992921710370149,0
2436,1740.4416666666666,0.7416666666665606,0.7194444444444343,0.7138888888889028,1.038910505836407,80.55555555555556,0.30522492285500785,0.9962983158973607,0
2437,1741.161111111111,0.7194444444444343,0.7083333333334849,0.7138888888889028,1.0077821011672814,83.33333333333333,0.3403054729864228,0.9960757437115055,0
2438,1741.8694444444445,0.7083333333334849,0.7611111111109494,0.7138888888889028,0.9922178988328778,83.33333333333333,0.35515704062129705,0.9941445128164703,0
2439,1742.6305555555555,0.7611111111109494,0.775000000000091,0.7138888888889028,1.0661478599219318,83.33333333333333,0.2894658014449235,0.9933329011150633,0
2440,1743.4055555555556,0.775000000000091,0.783333333333303,0.7138888888889028,1.0856031128405732,88.88888888888889,0.2885919127002346,0.9906480254001548,0
2441,1744.1888888888889,0.783333333333303,0.7555555555554747,0.7138888888889028,1.0972762645913758,91.66666666666667,0.2872103315384099,0.988994743715422,0
2442,1744.9444444444443,0.7555555555554747,0.7194444444444343,0.7138888888889028,1.05836575875473,86.11111111111111,0.3032206330052138,0.9918379748964629,0
2443,1745.6638888888888,0.7194444444444343,0.7305555555556111,0.7138888888889028,1.0077821011672814,83.33333333333333,0.3405163295014474,0.9946700336113415,0
2444,1746.3944444444444,0.7305555555556111,0.7416666666667879,0.7138888888889028,1.0233463035020034,88.88888888888889,0.3411639255069992,0.9904329736901964,0
2445,1747.1361111111112,0.7416666666667879,0.724999999999909,0.7138888888889028,1.0389105058367256,83.33333333333333,0.31226841466344196,0.9955971080794245,0
2446,1747.861111111111,0.724999999999909,0.7416666666667879,0.7138888888889028,1.015564202334483,80.55555555555556,0.32626926896646735,0.9956102180519879,0
2447,1748.6027777777779,0.7416666666667879,0.7666666666666515,0.7138888888889028,1.0389105058367256,86.11111111111111,0.3197191865596211,0.9930990904675465,0
2448,1749.3694444444445,0.7666666666666515,0.783333333333303,0.7138888888889028,1.073929961089452,86.11111111111111,0.2902936153079444,0.9928560442332321,0
2449,1750.1527777777778,0.783333333333303,0.783333333333303,0.7138888888889028,1.0972762645913758,88.88888888888889,0.27962005470730034,0.991205978169385,0
2450,1750.9361111111111,0.783333333333303,0.7305555555556111,0.7138888888889028,1.0972762645913758,83.33333333333333,0.2647897904191271,0.9950107300599131,0
2451,1751.6666666666667,0.7305555555556111,0.7083333333332575,0.7138888888889028,1.0233463035020034,80.55555555555556,0.3191785936098695,0.9956827720669472,0
2452,1752.375,0.7083333333332575,0.7472222222222626,0.7138888888889028,0.9922178988325594,83.33333333333333,0.35497734939692327,0.9953424543142992,0
2453,1753.1222222222223,0.7472222222222626,0.7444444444442979,0.7138888888889028,1.0466926070039273,88.88888888888889,0.32056379952878544,0.9902538613126468,0
2454,1753.8666666666666,0.7444444444442979,0.6555555555555657,0.7138888888889028,1.042801556420008,88.88888888888889,0.3238963045363344,0.9904924869999153,0
2455,1754.5222222222221,0.6555555555555657,0.8611111111113132,0.7138888888889028,0.918287937743187,94.44444444444444,0.4573141863815697,0.9779837843048969,0
2456,1755.3833333333334,0.8611111111113132,0.7638888888886868,0.7138888888889028,1.2062256809341119,88.88888888888889,0.21340467546600164,0.9914789837641402,0
2457,1756.1472222222221,0.7638888888886868,0.7777777777778283,0.7138888888889028,1.0700389105055326,88.88888888888889,0.30099839332406275,0.9903322437575706,0
2458,1756.925,0.7777777777778283,0.7277777777778738,0.7138888888889028,1.0894941634241742,88.88888888888889,0.2854995729144323,0.9912649856900316,0
2459,1757.6527777777778,0.7277777777778738,0.7083333333332575,0.7138888888889028,1.0194552529184027,80.55555555555556,0.32269890130302464,0.9957363645917742,0
2460,1758.361111111111,0.7083333333332575,0.7027777777777828,0.7138888888889028,0.9922178988325594,77.77777777777777,0.3410576617581964,0.9967339526022734,0
2461,1759.0638888888889,0.7027777777777828,0.75,0.7138888888889028,0.9844357976653576,86.11111111111111,0.3696811742385735,0.9936536275991928,0
2462,1759.8138888888889,0.75,0.7333333333333485,0.7138888888889028,1.0505836575875283,86.11111111111111,0.3095598173958361,0.993468028709459,0
2463,1760.5472222222222,0.7333333333333485,0.7388888888888232,0.7138888888889028,1.0272373540856043,88.88888888888889,0.33774289677396724,0.9898786992723982,0
2464,1761.286111111111,0.7388888888888232,0.7583333333334394,0.7138888888889028,1.035019455252806,91.66666666666667,0.33847224305812523,0.9871959111610171,0
2465,1762.0444444444445,0.7583333333334394,0.7416666666665606,0.7138888888889028,1.0622568093386493,91.66666666666667,0.3150151235447975,0.9878633938137025,0
2466,1762.786111111111,0.7416666666665606,0.7416666666667879,0.7138888888889028,1.038910505836407,91.66666666666667,0.3348178932584598,0.9887215385652288,0
2467,1763.5277777777778,0.7416666666667879,0.716666666666697,0.7138888888889028,1.0389105058367256,88.88888888888889,0.3274769515590553,0.9892705388059624,0
2468,1764.2444444444445,0.716666666666697,0.7055555555555202,0.7138888888889028,1.0038910505836804,86.11111111111111,0.3513458064609871,0.9937404419444091,0
2469,1764.95,0.7055555555555202,0.724999999999909,0.7138888888889028,0.9883268482489584,80.55555555555556,0.3515363764663504,0.9965634488062566,0
2470,1765.675,0.724999999999909,0.7694444444443889,0.7138888888889028,1.015564202334483,86.11111111111111,0.3406564003918085,0.9931252078191836,0
2471,1766.4444444444443,0.7694444444443889,0.7638888888889142,0.7138888888889028,1.0778210116730529,86.11111111111111,0.28688050422960765,0.994891489695111,0
2472,1767.2083333333333,0.7638888888889142,0.7527777777779647,0.7138888888889028,1.0700389105058512,86.11111111111111,0.2937495177354102,0.9907681993455517,0
2473,1767.9611111111112,0.7527777777779647,0.7694444444443889,0.7138888888889028,1.0544747081714476,86.11111111111111,0.30646606627966544,0.9920422361887618,0
2474,1768.7305555555556,0.7694444444443889,0.7333333333333485,0.7138888888889028,1.0778210116730529,86.11111111111111,0.28732347657142343,0.9919383407496726,0
2475,1769.463888888889,0.7333333333333485,0.7333333333333485,0.7138888888889028,1.0272373540856043,86.11111111111111,0.3300860229381304,0.9930346431766665,0
2476,1770.1972222222223,0.7333333333333485,0.7194444444444343,0.7138888888889028,1.0272373540856043,88.88888888888889,0.33765254270151446,0.990481059755417,0
2477,1770.9166666666667,0.7194444444444343,0.7083333333332575,0.7138888888889028,1.0077821011672814,86.11111111111111,0.347746064947376,0.9936455923344674,0
2478,1771.625,0.7083333333332575,0.7555555555554747,0.7138888888889028,0.9922178988325594,83.33333333333333,0.3550665703272009,0.9947476481124484,0
2479,1772.3805555555555,0.7555555555554747,0.7861111111112677,0.7138888888889028,1.05836575875473,91.66666666666667,0.31816323376249106,0.9885011292693591,0
2480,1773.1666666666667,0.7861111111112677,0.7694444444443889,0.7138888888889028,1.1011673151752952,88.88888888888889,0.27650765276317213,0.9927033283268143,0
2481,1773.9361111111111,0.7694444444443889,0.7444444444445253,0.7138888888889028,1.0778210116730529,83.33333333333333,0.27975460362551985,0.9952236986930465,0
2482,1774.6805555555557,0.7444444444445253,0.75,0.7138888888889028,1.0428015564203263,83.33333333333333,0.30914731246789784,0.993755424090353,0
2483,1775.4305555555557,0.75,0.7388888888888232,0.7138888888889028,1.0505836575875283,83.33333333333333,0.30217657793084857,0.9955158301133933,0
2484,1776.1694444444445,0.7388888888888232,0.7416666666665606,0.7138888888889028,1.035019455252806,83.33333333333333,0.31567199714058203,0.9957432628272445,0
2485,1776.911111111111,0.7416666666665606,0.7222222222223991,0.7138888888889028,1.038910505836407,80.55555555555556,0.3053232794783567,0.995642605075035,0
2486,1777.6333333333334,0.7222222222223991,0.7388888888888232,0.7138888888889028,1.0116731517512008,80.55555555555556,0.3297390052823846,0.9963015475675334,0
2487,1778.3722222222223,0.7388888888888232,0.7777777777778283,0.7138888888889028,1.035019455252806,86.11111111111111,0.32289193474146094,0.9947841405173685,0
2488,1779.15,0.7777777777778283,0.7472222222220353,0.7138888888889028,1.0894941634241742,86.11111111111111,0.27908519488638206,0.9861376242090556,0
2489,1779.8972222222221,0.7472222222220353,0.7055555555557476,0.7138888888889028,1.0466926070036089,88.88888888888889,0.3208934937154515,0.9880559000700357,0
2490,1780.6027777777779,0.7055555555557476,0.686111111110904,0.7138888888889028,0.988326848249277,86.11111111111111,0.36677840376642545,0.9883791327398803,0
2491,1781.2888888888888,0.686111111110904,0.6638888888890051,0.7138888888889028,0.9610894941631152,86.11111111111111,0.3922318862338215,0.9924606920063532,0
2492,1781.9527777777778,0.6638888888890051,0.6749999999999545,0.7138888888889028,0.9299610894943081,83.33333333333333,0.4147920190453625,0.9948792245779432,0
2493,1782.6277777777777,0.6749999999999545,0.6694444444444798,0.7138888888889028,0.9455252918287117,80.55555555555556,0.3982416040955483,0.9590489620443091,0
2494,1783.2972222222222,0.6694444444444798,0.6666666666667425,0.7138888888889028,0.9377431906615099,77.77777777777777,0.39451357621394045,0.9887655579293146,0
2495,1783.963888888889,0.6666666666667425,0.6722222222222172,0.7138888888889028,0.933852140077909,86.11111111111111,0.41898309746238166,0.9891833409202391,0
2496,1784.6361111111112,0.6722222222222172,0.7388888888888232,0.7138888888889028,0.9416342412451107,91.66666666666667,0.4264840637217186,0.9854926540435097,0
2497,1785.375,0.7388888888888232,0.7083333333332575,0.7138888888889028,1.035019455252806,94.44444444444444,0.3462389901176707,0.984084276730519,0
2498,1786.0833333333333,0.7083333333332575,0.6972222222223081,0.7138888888889028,0.9922178988325594,86.11111111111111,0.36247418162582634,0.9925373678175956,0
2499,1786.7805555555556,0.6972222222223081,0.6722222222222172,0.7138888888889028,0.9766536964981558,77.77777777777777,0.35575174178437474,0.9974229894858742,0
2500,1787.4527777777778,0.6722222222222172,0.658333333333303,0.7138888888889028,0.9416342412451107,83.33333333333333,0.4034179032471508,0.9958127694232339,0
2501,1788.111111111111,0.658333333333303,0.658333333333303,0.7138888888889028,0.9221789883267878,77.77777777777777,0.40817628260893263,0.9972837143081557,0
2502,1788.7694444444444,0.658333333333303,0.683333333333394,0.7138888888889028,0.9221789883267878,83.33333333333333,0.42248705526700847,0.9932849825578557,0
2503,1789.4527777777778,0.683333333333394,0.6944444444443434,0.7138888888889028,0.9571984435798329,88.88888888888889,0.40353531853671465,0.9899983729751716,0
2504,1790.1472222222221,0.6944444444443434,0.6861111111111313,0.7138888888889028,0.9727626459142364,88.88888888888889,0.3882926811951735,0.9917960721545447,0
2505,1790.8333333333333,0.6861111111111313,0.7250000000001364,0.7138888888889028,0.9610894941634337,86.11111111111111,0.39204228592824875,0.9937246940414595,0
2506,1791.5583333333334,0.7250000000001364,0.7388888888888232,0.7138888888889028,1.0155642023348017,94.44444444444444,0.36393736753233236,0.9828659322682951,0
2507,1792.2972222222222,0.7388888888888232,0.7055555555555202,0.7138888888889028,1.035019455252806,86.11111111111111,0.3234035045316027,0.9913736752497564,0
2508,1793.0027777777777,0.7055555555555202,0.6666666666667425,0.7138888888889028,0.9883268482489584,83.33333333333333,0.3588462665031068,0.9940862528013672,0
2509,1793.6694444444445,0.6666666666667425,0.6722222222222172,0.7138888888889028,0.933852140077909,83.33333333333333,0.41079719501343687,0.9965822288838879,0
2510,1794.3416666666667,0.6722222222222172,0.6749999999999545,0.7138888888889028,0.9416342412451107,83.33333333333333,0.4034770677394485,0.9954183394745826,0
2511,1795.0166666666667,0.6749999999999545,0.7000000000000455,0.7138888888889028,0.9455252918287117,86.11111111111111,0.40741984118015967,0.9912899140830365,0
2512,1795.7166666666667,0.7000000000000455,0.7194444444444343,0.7138888888889028,0.9805447470817567,88.88888888888889,0.38127221612535206,0.9889771782157342,0
2513,1796.4361111111111,0.7194444444444343,0.7333333333333485,0.7138888888889028,1.0077821011672814,88.88888888888889,0.35529264867207644,0.9912249158377751,0
2514,1797.1694444444445,0.7333333333333485,0.7472222222222626,0.7138888888889028,1.0272373540856043,86.11111111111111,0.3299704832667499,0.9938049076525368,0
2515,1797.9166666666667,0.7472222222222626,0.7694444444443889,0.7138888888889028,1.0466926070039273,91.66666666666667,0.32805619451549967,0.9886951724879858,0
2516,1798.6861111111111,0.7694444444443889,0.7277777777776464,0.7138888888889028,1.0778210116730529,86.11111111111111,0.2871617845898328,0.9930162872936099,0
2517,1799.4138888888888,0.7277777777776464,0.6972222222223081,0.7138888888889028,1.019455252918084,83.33333333333333,0.32977879129653836,0.9947925022104354,0
2518,1800.111111111111,0.6972222222223081,0.7111111111112223,0.7138888888889028,0.9766536964981558,80.55555555555556,0.3627248286738519,0.9960867586194115,0
2519,1800.8222222222223,0.7111111111112223,0.7277777777776464,0.7138888888889028,0.9961089494164788,80.55555555555556,0.3443136133814142,0.995740368260171,0
2520,1801.55,0.7277777777776464,0.591666666666697,0.7138888888889028,1.019455252918084,83.33333333333333,0.32997224814043535,0.9935027899177886,0
2521,1802.1416666666667,0.591666666666697,0.933333333333394,0.7138888888889028,0.8287937743190925,113.88888888888889,0.6019369970200531,0.8760350820930722,1
2522,1803.075,0.933333333333394,0.75,0.7138888888889028,1.307392996109009,88.88888888888889,0.17699689316602535,0.98930902314057,0
2523,1803.825,0.75,0.7944444444444798,0.7138888888889028,1.0505836575875283,86.11111111111111,0.3096296808836956,0.9930022721237292,0
2524,1804.6194444444445,0.7944444444444798,0.7416666666665606,0.7138888888889028,1.1128404669260978,91.66666666666667,0.27623167427139805,0.986707178442874,0
2525,1805.361111111111,0.7416666666665606,,0.7138888888889028,1.038910505836407,88.88888888888889,0.32889450065480674,0.9798202115028154,0
