beat_index,peak_time_s,rr_prev_s,rr_next_s,rr_baseline_s,prematurity_index,aa_ratio,morph_index,qrs_width_ms,width_index,pause_index,pvc_score,morphology_score,is_pvc_candidate
0,0.675,,1.2472222222222222,1.122222222222149,,0.038356054468262464,1.057541472908909,63.888888888888886,1.045454545437438,1.1113861386139339,0.0038105205167084932,0.9971990505201026,0
1,1.9222222222222223,1.2472222222222222,1.1833333333333333,1.122222222222149,1.1113861386139339,0.03595637452023183,0.9913782269251452,61.111111111111114,0.9999999999836364,1.0544554455446233,3.935496337994192e-15,0.9983452670508758,0
2,3.1055555555555556,1.1833333333333333,1.2055555555555553,1.122222222222149,1.0544554455446233,0.03741281147229344,1.0315346637858933,61.111111111111114,0.9999999999836364,1.074257425742644,1.1221252876544852e-12,0.9984271762850618,0
3,4.311111111111111,1.2055555555555553,1.2111111111111112,1.122222222222149,1.074257425742644,0.03917724243363574,1.0801830178351346,66.66666666666667,1.0909090908912398,1.0792079207921499,1.1548155487428602e-10,0.9975934459985518,0
4,5.522222222222222,1.2111111111111112,1.2638888888888893,1.122222222222149,1.0792079207921499,0.036549090353067734,1.0077204076724475,58.333333333333336,0.9545454545298347,1.12623762376245,4.507555285515434e-14,0.9986495508397517,0
5,6.786111111111111,1.2638888888888893,1.2277777777777779,1.2111111111111112,1.0435779816513764,0.03557643447531023,0.980902635514774,58.333333333333336,0.9545454545298347,1.0137614678899083,9.024912648054732e-16,0.9975577627435397,0
6,8.01388888888889,1.2277777777777779,1.1722222222222225,1.2194444444444446,1.0068337129840546,0.038159487932987055,1.0521218001578505,61.111111111111114,0.9999999999836364,0.9612756264236904,4.5213778467750876e-13,0.99659626479244,0
7,9.186111111111112,1.1722222222222225,1.2111111111111104,1.2111111111111112,0.9678899082568808,0.03655154681588521,1.0077881365184447,61.111111111111114,0.9999999999836364,0.9999999999999992,1.0122390122282998e-12,0.9995224802896658,0
8,10.397222222222222,1.2111111111111104,1.144444444444444,1.2111111111111108,0.9999999999999997,0.036607519876355334,1.0093314087249687,58.333333333333336,0.9545454545298347,0.9449541284403667,1.1944356331642422e-14,0.9984311941966557,0
9,11.541666666666666,1.144444444444444,1.2166666666666668,1.2111111111111104,0.9449541284403671,0.03504556472946954,0.9662656562758462,58.333333333333336,0.9545454545298347,1.0045871559633035,3.784639973376108e-13,0.9975007058912564,0
10,12.758333333333333,1.2166666666666668,1.1750000000000007,1.2111111111111108,1.004587155963303,0.03580471725998715,0.9871967790520539,58.333333333333336,0.9545454545298347,0.9701834862385329,9.450638818883032e-15,0.9971182221014838,0
11,13.933333333333334,1.1750000000000007,1.2249999999999996,1.2083333333333328,0.9724137931034493,0.037177010648814415,1.0250332351683726,63.888888888888886,1.045454545437438,1.0137931034482761,1.8637758003592353e-11,0.9983087153546066,0
12,15.158333333333333,1.2249999999999996,1.169444444444446,1.2111111111111108,1.0114678899082568,0.036914638340177976,1.0177991856402733,58.333333333333336,0.9545454545298347,0.965596330275231,1.4319019128500483e-14,0.9977532947681238,0
13,16.32777777777778,1.169444444444446,1.2444444444444436,1.2111111111111108,0.965596330275231,0.0372582271587164,1.027272512088196,63.888888888888886,1.045454545437438,1.0275229357798161,3.415855445720872e-11,0.9988032796397031,0
14,17.572222222222223,1.2444444444444436,1.1944444444444429,1.2138888888888886,1.0251716247139584,0.03820733942122892,1.0534411468439926,61.111111111111114,0.9999999999836364,0.9839816933638433,3.470636863837917e-13,0.9956552778701673,0
15,18.766666666666666,1.1944444444444429,1.2305555555555578,1.2027777777777766,0.993071593533487,0.034203245511671906,0.9430414868820346,55.55555555555556,0.9090909090760331,1.023094688221712,2.7121395695272514e-15,0.9965790872609306,0
16,19.997222222222224,1.2305555555555578,1.2055555555555557,1.2027777777777766,1.023094688221712,0.03678885531158405,1.0143311342160521,61.111111111111114,0.9999999999836364,1.002309468822172,9.995719936440814e-14,0.9971126660497641,0
17,21.20277777777778,1.2055555555555557,1.2194444444444414,1.208333333333333,0.9977011494252878,0.037155695598265315,1.0244455430747692,61.111111111111114,0.9999999999836364,1.0091954022988483,8.555538547581898e-13,0.9969479111123298,0
18,22.42222222222222,1.2194444444444414,1.1861111111111136,1.2111111111111112,1.0068807339449515,0.03649972268875223,1.0063592574405462,58.333333333333336,0.9545454545298347,0.9793577981651396,9.923471244765222e-15,0.9989491079000252,0
19,23.608333333333334,1.1861111111111136,1.2138888888888886,1.2111111111111112,0.9793577981651396,0.036028090321698514,0.9933555532003667,58.333333333333336,0.9545454545298347,1.002293577981651,9.117869220059971e-14,0.9977831109187507,0
20,24.822222222222223,1.2138888888888886,1.1638888888888879,1.2097222222222221,1.0034443168771525,0.037562931363421925,1.035673723785099,63.888888888888886,1.045454545437438,0.9621125143513195,1.5989520905229648e-12,0.9976248022379232,0
21,25.98611111111111,1.1638888888888879,1.2166666666666686,1.2097222222222221,0.9621125143513195,0.035440816684146725,0.9771634230069186,55.55555555555556,0.9090909090760331,1.0057405281285894,3.0666475489635886e-14,0.9977713619986817,0
22,27.20277777777778,1.2166666666666686,1.18611111111111,1.2097222222222221,1.0057405281285894,0.033788022958287006,0.9315930968747931,58.333333333333336,0.9545454545298347,0.9804822043628005,1.2045289201153718e-15,0.9970519597162487,0
23,28.38888888888889,1.18611111111111,1.2222222222222214,1.2097222222222221,0.9804822043628005,0.03674895538342748,1.0132310255271728,55.55555555555556,0.9090909090760331,1.0103329506314576,6.021660221237207e-14,0.9969132530696106,0
24,29.61111111111111,1.2222222222222214,1.1833333333333336,1.2097222222222221,1.0103329506314576,0.03569221807076364,0.9840949856084419,58.333333333333336,0.9545454545298347,0.9781859931113666,4.616216060121005e-15,0.9980979545106513,0
25,30.794444444444444,1.1833333333333336,1.1972222222222229,1.2097222222222221,0.9781859931113666,0.03614885729492786,0.9966853034710415,58.333333333333336,0.9545454545298347,0.9896670493685424,1.1344125237702091e-13,0.9973918510243376,0
26,31.991666666666667,1.1972222222222229,1.2055555555555557,1.2013888888888893,0.9965317919075146,0.03778670815639497,1.0418436294890177,63.888888888888886,1.045454545437438,1.0034682080924853,1.0063986970176853e-11,0.9973893478425199,0
27,33.19722222222222,1.2055555555555557,1.2083333333333357,1.2013888888888893,1.0034682080924853,0.03682440487459145,1.015311295959623,58.333333333333336,0.9545454545298347,1.0057803468208109,8.627209461143509e-14,0.996908680377026,0
28,34.40555555555556,1.2083333333333357,1.18055555555555,1.2013888888888893,1.0057803468208109,0.03474050319839897,0.9578545924850392,55.55555555555556,0.9090909090760331,0.9826589595375673,3.761196068630129e-16,0.9991230463726604,0
29,35.58611111111111,1.18055555555555,1.1805555555555571,1.2013888888888893,0.9826589595375673,0.036541848746709335,1.0075207443035046,58.333333333333336,0.9545454545298347,0.9826589595375732,1.220992707981483e-13,0.9978988183783897,0
30,36.766666666666666,1.1805555555555571,1.2083333333333357,1.1916666666666664,0.9906759906759922,0.03439428086360053,0.9483086555274289,55.55555555555556,0.9090909090760331,1.0139860139860162,3.3861196622509988e-15,0.9974186289239941,0
31,37.975,1.2083333333333357,1.1916666666666629,1.2013888888888893,1.0057803468208109,0.03403773128588828,0.9384779789678556,55.55555555555556,0.9090909090760331,0.9919075144508636,3.397827933983099e-16,0.9977211117396418,0
32,39.166666666666664,1.1916666666666629,1.18611111111111,1.1944444444444429,0.9976744186046493,0.033645639100672455,0.9276673324397483,52.77777777777778,0.8636363636222314,0.9930232558139539,2.1303982413255044e-16,0.9949956653379339,0
33,40.352777777777774,1.18611111111111,1.2611111111111128,1.1944444444444429,0.9930232558139539,0.03771314557304387,1.0398153843051323,61.111111111111114,0.9999999999836364,1.055813953488375,8.765333944782405e-12,0.997222483072207,0
34,41.61388888888889,1.2611111111111128,1.2166666666666686,1.1944444444444429,1.055813953488375,0.03453124323699575,0.9520849404478013,58.333333333333336,0.9545454545298347,1.0186046511627935,1.801752634164388e-16,0.9985064906607214,0
35,42.830555555555556,1.2166666666666686,1.2388888888888872,1.2013888888888893,1.0127167630057816,0.034091866521090274,0.9399705792148169,55.55555555555556,0.9090909090760331,1.031213872832368,7.428732527908798e-16,0.9966921879036228,0
36,44.06944444444444,1.2388888888888872,1.25277777777778,1.2069444444444457,1.026467203682391,0.03443994549325862,0.9495677068135411,52.77777777777778,0.8636363636222314,1.0379746835443044,7.44089592103137e-17,0.9964977244120785,0
37,45.32222222222222,1.25277777777778,1.25277777777778,1.2083333333333357,1.036781609195402,0.037763860084908146,1.0412136694081837,61.111111111111114,0.9999999999836364,1.036781609195402,1.1210999441074385e-13,0.9985369302879784,0
38,46.575,1.25277777777778,1.2027777777777757,1.2125000000000021,1.0332187857961055,0.03493131522567856,0.9631156036911048,55.55555555555556,0.9090909090760331,0.9919816723940401,1.405611868345803e-16,0.9966163846852879,0
39,47.77777777777778,1.2027777777777757,1.25,1.2125000000000021,0.9919816723940401,0.034995959458755846,0.9648979548325703,58.333333333333336,0.9545454545298347,1.0309278350515445,2.1929389931014086e-14,0.9977223378955632,0
40,49.02777777777778,1.25,1.2194444444444414,1.2277777777777779,1.0180995475113122,0.03928061457567765,1.0830331631086327,66.66666666666667,1.0909090908912398,0.9932126696832554,2.661971337802882e-11,0.9971752362227275,0
41,50.24722222222222,1.2194444444444414,1.2472222222222271,1.2291666666666643,0.9920903954802255,0.036213596353200976,0.9984702691039778,58.333333333333336,0.9545454545298347,1.014689265536729,2.3482282538269707e-14,0.9986468046059647,0
42,51.49444444444445,1.2472222222222271,1.2361111111111072,1.2430555555555571,1.0033519553072652,0.03639260991058211,1.003405976484938,58.333333333333336,0.9545454545298347,0.9944134078212246,5.9511509964220964e-15,0.9984451271319577,0
43,52.730555555555554,1.2361111111111072,1.2000000000000028,1.2430555555555571,0.9944134078212246,0.038372065299460564,1.0579829186791392,61.111111111111114,0.9999999999836364,0.9653631284916212,5.492730294036352e-13,0.997077658294788,0
44,53.93055555555556,1.2000000000000028,1.2583333333333329,1.2374999999999972,0.9696969696969743,0.03730129848987384,1.028460061736455,61.111111111111114,0.9999999999836364,1.0168350168350189,2.47171575741556e-12,0.9976680401199931,0
45,55.18888888888889,1.2583333333333329,1.24722222222222,1.2430555555555571,1.0122905027932945,0.037867033826296734,1.0440583444391853,63.888888888888886,1.045454545437438,1.0033519553072596,1.1732819577003895e-12,0.9966518451797125,0
46,56.43611111111111,1.24722222222222,1.2638888888888928,1.2472222222222236,0.9999999999999971,0.03783615405035467,1.0432069366448855,61.111111111111114,0.9999999999836364,1.0133630289532314,6.00954670141457e-13,0.9962436570363344,0
47,57.7,1.2638888888888928,1.24722222222222,1.2472222222222236,1.0133630289532314,0.03441000210669555,0.9487421168625206,55.55555555555556,0.9090909090760331,0.9999999999999971,7.707584244474386e-17,0.9976974358536392,0
48,58.94722222222222,1.24722222222222,1.1916666666666629,1.24722222222222,1.0,0.036470210165915215,1.0055455471331907,61.111111111111114,0.9999999999836364,0.9554565701559007,2.6671154908643017e-14,0.9977589352940051,0
49,60.138888888888886,1.1916666666666629,1.2305555555555614,1.24722222222222,0.9554565701559007,0.03644396152560782,1.0048218276026664,61.111111111111114,0.9999999999836364,0.9866369710467771,9.114291352890769e-13,0.9980945023435559,0
50,61.36944444444445,1.2305555555555614,1.2194444444444414,1.2416666666666636,0.9910514541387097,0.03584756146991859,0.9883780665829184,58.333333333333336,0.9545454545298347,0.982102908277405,9.317368349027935e-15,0.9976011501922746,0
51,62.58888888888889,1.2194444444444414,1.2638888888888857,1.2416666666666636,0.982102908277405,0.034930794550480995,0.9631012477928517,58.333333333333336,0.9545454545298347,1.0178970917225951,1.2954576105415894e-14,0.9975324806528121,0
52,63.852777777777774,1.2638888888888857,1.2083333333333428,1.2416666666666636,1.0178970917225951,0.03740424928279901,1.0312985897002034,58.333333333333336,0.9545454545298347,0.9731543624161174,1.2401986210187291e-14,0.9959944850047138,0
53,65.06111111111112,1.2083333333333428,1.3222222222222229,1.2388888888888907,0.9753363228699614,0.03816868563276755,1.0523753963399418,61.111111111111114,0.9999999999836364,1.0672645739910303,1.238569403289036e-11,0.9977587312494989,0
54,66.38333333333334,1.3222222222222229,1.2888888888888772,1.24722222222222,1.0601336302895348,0.035954573475992936,0.9913285690809384,61.111111111111114,0.9999999999836364,1.033407572383066,5.828966811418019e-16,0.9992168634547638,0
55,67.67222222222222,1.2888888888888772,1.25833333333334,1.24722222222222,1.033407572383066,0.038875037388653486,1.0718507122103347,63.888888888888886,1.045454545437438,1.0089086859688268,4.83222457273863e-13,0.997819043165175,0
56,68.93055555555556,1.25833333333334,1.2138888888888886,1.25277777777778,1.004434589800447,0.03509446558302285,0.9676139357433304,58.333333333333336,0.9545454545298347,0.9689578713968938,8.996863152006406e-16,0.9975486688519061,0
57,70.14444444444445,1.2138888888888886,1.2111111111111086,1.2388888888888907,0.9798206278026889,0.03651517895590115,1.0067854129394094,61.111111111111114,0.9999999999836364,0.9775784753363194,1.2467808632298655e-13,0.9993347471887897,0
58,71.35555555555555,1.2111111111111086,1.1666666666666714,1.2250000000000014,0.9886621315192712,0.037485007737872084,1.0335252372715404,61.111111111111114,0.9999999999836364,0.9523809523809551,4.869260376849649e-13,0.996912735887005,0
59,72.52222222222223,1.1666666666666714,1.1972222222222229,1.2250000000000014,0.9523809523809551,0.03379318793092262,0.9317355039300631,58.333333333333336,0.9545454545298347,0.9773242630385481,1.8255643714380418e-14,0.9982429974418046,0
60,73.71944444444445,1.1972222222222229,1.1472222222222115,1.216666666666665,0.9840182648401845,0.03516930789830529,0.9696774653069667,55.55555555555556,0.9090909090760331,0.9429223744292162,1.6736886111382672e-15,0.997387741002133,0
61,74.86666666666666,1.1472222222222115,1.2305555555555685,1.2124999999999986,0.946162657502856,0.03707870349164313,1.0223227401178863,61.111111111111114,0.9999999999836364,1.0148911798396454,1.458367281104156e-11,0.9986204330970483,0
62,76.09722222222223,1.2305555555555685,1.2694444444444315,1.2124999999999986,1.0148911798396454,0.03703808577224968,1.0212028407072447,61.111111111111114,0.9999999999836364,1.0469644902634498,2.7124889790883233e-13,0.998302035416964,0
63,77.36666666666666,1.2694444444444315,1.1805555555555571,1.2222222222222285,1.0386363636363476,0.03688703277560429,1.0170380534064067,58.333333333333336,0.9545454545298347,0.9659090909090872,1.3575675507726081e-15,0.9979352593080045,0
64,78.54722222222222,1.1805555555555571,1.2444444444444542,1.2124999999999986,0.973654066437574,0.03738125446386704,1.0306645835434254,61.111111111111114,0.9999999999836364,1.0263459335624376,6.201141596745563e-12,0.9974307377713245,0
65,79.79166666666667,1.2444444444444542,1.1472222222222115,1.2124999999999986,1.0263459335624376,0.03633479366721416,1.0018118845999138,61.111111111111114,0.9999999999836364,0.946162657502856,9.426731313946779e-15,0.9979357564106133,0
66,80.93888888888888,1.1472222222222115,1.2111111111111228,1.2041666666666657,0.952710495963083,0.03750577221558819,1.0340977491383763,61.111111111111114,0.9999999999836364,1.0057670126874385,2.433271292789918e-11,0.9975443758748165,0
67,82.15,1.2111111111111228,1.24166666666666,1.2041666666666657,1.0057670126874385,0.03739840881691875,1.0311375581505535,61.111111111111114,0.9999999999836364,1.031141868512106,7.202535009381839e-13,0.9982901612901841,0
68,83.39166666666667,1.24166666666666,1.1916666666666629,1.2041666666666728,1.0311418685120999,0.03683778263603364,1.0156801435310412,61.111111111111114,0.9999999999836364,0.9896193771626216,3.0133505418564535e-14,0.9982130191149028,0
69,84.58333333333333,1.1916666666666629,1.2138888888888886,1.2041666666666728,0.9896193771626216,0.038033081526174635,1.0486365611389066,63.888888888888886,1.045454545437438,1.0080738177623936,2.7681442207883045e-11,0.9966868796632067,0
70,85.79722222222222,1.2138888888888886,1.1972222222222229,1.2125000000000057,1.0011454753722746,0.03384877617785755,0.9332681661747847,55.55555555555556,0.9090909090760331,0.9873997709049215,4.55982346522901e-16,0.9960507049522747,0
71,86.99444444444444,1.1972222222222229,1.2111111111111086,1.2125000000000057,0.9873997709049215,0.03714037282042899,1.02402306810265,58.333333333333336,0.9545454545298347,0.9988545246277137,1.4591699701825556e-13,0.998051922218474,0
72,88.20555555555555,1.2111111111111086,1.2277777777777885,1.2111111111111157,0.9999999999999941,0.037286246036842316,1.0280450400776704,63.888888888888886,1.045454545437438,1.0137614678899134,3.3507949019628835e-12,0.9978644867052961,0
73,89.43333333333334,1.2277777777777885,1.2361111111111143,1.2111111111111157,1.0137614678899134,0.03432642067764412,0.9464376351108842,58.333333333333336,0.9545454545298347,1.020642201834861,2.484833831208587e-15,0.9971241316492294,0
74,90.66944444444445,1.2361111111111143,1.23333333333332,1.2125000000000057,1.0194730813287494,0.037647307996237535,1.038000130653166,61.111111111111114,0.9999999999836364,1.0171821305841768,1.9829027742696015e-13,0.9983113262722036,0
75,91.90277777777777,1.23333333333332,1.1972222222222229,1.2125000000000057,1.0171821305841768,0.03716106707112047,1.0245936436913128,63.888888888888886,1.045454545437438,0.9873997709049215,4.472803692093935e-13,0.9982391711376875,0
76,93.1,1.1972222222222229,1.2222222222222285,1.2125000000000057,0.9873997709049215,0.036584040739487164,1.0086840491012947,61.111111111111114,0.9999999999836364,1.0080183276059569,4.0382679296867285e-13,0.9987450731739174,0
77,94.32222222222222,1.2222222222222285,1.2222222222222285,1.2180555555555586,1.0034207525655672,0.03603819329553956,0.9936341093236369,61.111111111111114,0.9999999999836364,1.0034207525655672,8.303275601806437e-14,0.9976941570503013,0
78,95.54444444444445,1.2222222222222285,1.23888888888888,1.2180555555555586,1.0034207525655672,0.038018518523526744,1.0482350344572984,63.888888888888886,1.045454545437438,1.0171037628278123,5.0208314068822535e-12,0.9978538831624588,0
79,96.78333333333333,1.23888888888888,1.1749999999999972,1.2222222222222285,1.0136363636363512,0.037144437575254444,1.0241351402869432,58.333333333333336,0.9545454545298347,0.9613636363636291,9.482308533747923e-15,0.9979207878779248,0
80,97.95833333333333,1.1749999999999972,1.1777777777777771,1.2222222222222285,0.9613636363636291,0.03543691888076299,0.9770559539570204,58.333333333333336,0.9545454545298347,0.9636363636363582,5.66650201695891e-14,0.9980346408296947,0
81,99.1361111111111,1.1777777777777771,1.2166666666666686,1.2222222222222285,0.9636363636363582,0.033992986932791416,0.9372443012673098,55.55555555555556,0.9090909090760331,0.9954545454545418,3.570947333539571e-15,0.9974762615226047,0
82,100.35277777777777,1.2166666666666686,1.2722222222222257,1.2222222222222285,0.9954545454545418,0.03400810740877734,0.9376611984343131,55.55555555555556,0.9090909090760331,1.0409090909090883,1.5810117717638588e-15,0.996342391080219,0
83,101.625,1.2722222222222257,1.24166666666666,1.2222222222222285,1.0409090909090883,0.035559579341759406,0.9804379108967566,58.333333333333336,0.9545454545298347,1.0159090909090802,6.102672273433445e-16,0.9981296979846025,0
84,102.86666666666666,1.24166666666666,1.2444444444444542,1.2222222222222285,1.0159090909090802,0.03779084487287778,1.04195768577825,63.888888888888886,1.045454545437438,1.018181818181821,2.3337234922315986e-12,0.9966508426714383,0
85,104.11111111111111,1.2444444444444542,1.2611111111111057,1.2222222222222285,1.018181818181821,0.036972748260453804,1.0194013746957187,61.111111111111114,0.9999999999836364,1.0318181818181722,7.79711242944979e-14,0.9990521602779495,0
86,105.37222222222222,1.2611111111111057,1.2111111111111086,1.2305555555555543,1.024830699774263,0.03700600660850554,1.0203183637571003,58.333333333333336,0.9545454545298347,0.984198645598193,3.2025157418129726e-15,0.9985875576208247,0
87,106.58333333333333,1.2111111111111086,1.2666666666666657,1.2305555555555543,0.984198645598193,0.039202504845170176,1.0808795453657614,63.888888888888886,1.045454545437438,1.0293453724604968,1.5330074709662966e-10,0.9954932106907177,0
88,107.85,1.2666666666666657,1.2472222222222342,1.24027777777777,1.0212765957446865,0.03654788456065457,1.007687161930613,61.111111111111114,0.9999999999836364,1.005599104143353,1.2098252900796108e-14,0.9990797540639393,0
89,109.09722222222223,1.2472222222222342,1.2249999999999943,1.2430555555555571,1.003351955307271,0.03413836502176467,0.9412526217390798,58.333333333333336,0.9545454545298347,0.9854748603351897,6.334842945484665e-16,0.9974527194589733,0
90,110.32222222222222,1.2249999999999943,1.2666666666666657,1.2430555555555571,0.9854748603351897,0.035983486713230144,0.992125756067929,61.111111111111114,0.9999999999836364,1.0189944134078193,2.752068863597079e-13,0.9964323677295306,0
91,111.58888888888889,1.2666666666666657,1.2888888888888914,1.2458333333333442,1.0167224080267463,0.03688371437563643,1.0169465594913425,61.111111111111114,0.9999999999836364,1.0345596432552884,5.4040444536808396e-14,0.9980973679990497,0
92,112.87777777777778,1.2888888888888914,1.25555555555556,1.25416666666667,1.0276854928017711,0.03743595328213472,1.032172722731335,61.111111111111114,0.9999999999836364,1.0011074197120717,1.401001388604559e-14,0.9984946627299467,0
93,114.13333333333334,1.25555555555556,1.1888888888888829,1.251388888888897,1.0033296337402855,0.03745037510991948,1.0325703569825366,61.111111111111114,0.9999999999836364,0.9500554938956605,1.7755649652385214e-13,0.9943415372962645,0
94,115.32222222222222,1.1888888888888829,1.2305555555555543,1.251388888888897,0.9500554938956605,0.03761439494653638,1.0370926620529302,63.888888888888886,1.045454545437438,0.9833518312985498,2.6653956819444602e-11,0.9976972933698831,0
95,116.55277777777778,1.2305555555555543,1.1666666666666714,1.251388888888897,0.9833518312985498,0.03747144650093312,1.033151330969505,61.111111111111114,0.9999999999836364,0.9322974472807968,1.2647974573058718e-13,0.9981518490474814,0
96,117.71944444444445,1.1666666666666714,1.2305555555555543,1.2388888888888943,0.9417040358744392,0.03876617309596103,1.0688491390288068,61.111111111111114,0.9999999999836364,0.9932735426008915,7.545953445431408e-11,0.9967276068885995,0
97,118.95,1.2305555555555543,1.1805555555555571,1.2388888888888943,0.9932735426008915,0.03732517635698341,1.0291184150291242,61.111111111111114,0.9999999999836364,0.9529147982062752,8.795687702484178e-14,0.9988880415163486,0
98,120.13055555555556,1.1805555555555571,1.1999999999999886,1.2305555555555543,0.95936794582393,0.03560524108032401,0.981696882470518,55.55555555555556,0.9090909090760331,0.9751693002257253,1.403071367721059e-14,0.9977548797778009,0
99,121.33055555555555,1.1999999999999886,1.1972222222222229,1.2277777777777743,0.9773755656108533,0.036754946509862295,1.0133962110438297,61.111111111111114,0.9999999999836364,0.975113122171949,3.2794337449619515e-13,0.998746738236429,0
100,122.52777777777777,1.1972222222222229,1.2388888888888943,1.2152777777777715,0.9851428571428628,0.033166368258351245,0.9144530224817192,55.55555555555556,0.9090909090760331,1.0194285714285811,7.803114208452503e-16,0.9971344627150974,0
101,123.76666666666667,1.2388888888888943,1.1666666666666714,1.2152777777777715,1.0194285714285811,0.03561065144467562,0.9818460553915784,58.333333333333336,0.9545454545298347,0.9600000000000088,2.200920245750207e-15,0.9968496590051298,0
102,124.93333333333334,1.1666666666666714,1.24166666666666,1.1986111111111057,0.9733487833140292,0.035900672941657295,0.9898424399349113,61.111111111111114,0.9999999999836364,1.0359212050984927,1.830475441361168e-12,0.9981253097702173,0
103,126.175,1.24166666666666,1.2194444444444485,1.1986111111111057,1.0359212050984927,0.034470919100915536,0.9504217017073564,55.55555555555556,0.9090909090760331,1.0173812282734727,9.995837795781468e-17,0.9983695905211235,0
104,127.39444444444445,1.2194444444444485,1.2111111111111086,1.2097222222222186,1.0080367393800294,0.035490594828105154,0.9785358908587418,55.55555555555556,0.9090909090760331,1.0011481056257185,1.01482202141326e-15,0.9983207100445066,0
105,128.60555555555555,1.2111111111111086,1.2416666666666742,1.2055555555555486,1.0046082949308792,0.03460831467634574,0.9542099307425365,55.55555555555556,0.9090909090760331,1.0299539170507035,9.12871759453193e-16,0.9986699461945083,0
106,129.84722222222223,1.2416666666666742,1.1777777777777771,1.2152777777777786,1.0217142857142913,0.03646429908059131,1.00538256848571,58.333333333333336,0.9545454545298347,0.969142857142856,4.427110872448799e-15,0.9974298481770554,0
107,131.025,1.1777777777777771,1.2194444444444343,1.2055555555555486,0.9769585253456272,0.03619867659133701,0.998058905965725,58.333333333333336,0.9545454545298347,1.0115207373271864,2.2991810820667535e-13,0.9972555688461635,0
108,132.24444444444444,1.2194444444444343,1.2472222222222342,1.2152777777777715,1.0034285714285682,0.03571411313439481,0.9846986696464104,58.333333333333336,0.9545454545298347,1.0262857142857296,1.2639358723325837e-14,0.9986211694769943,0
109,133.49166666666667,1.2472222222222342,1.2083333333333144,1.2194444444444414,1.0227790432801946,0.034942873396060996,0.9634342820510099,55.55555555555556,0.9090909090760331,0.990888382687914,2.874232400055485e-16,0.9959581862048704,0
110,134.7,1.2083333333333144,1.2111111111111086,1.2194444444444414,0.990888382687914,0.03668219171395816,1.0113902379298507,61.111111111111114,0.9999999999836364,0.9931662870159457,2.294773529185057e-13,0.9985631821645776,0
111,135.9111111111111,1.2111111111111086,1.1638888888888914,1.2152777777777715,0.9965714285714317,0.03412255170951519,0.9408166219012518,55.55555555555556,0.9090909090760331,0.9577142857142927,3.5980331707917174e-16,0.9968643206523713,0
112,137.075,1.1638888888888914,1.2222222222222285,1.2152777777777715,0.9577142857142927,0.03558931576082047,0.9812577944027334,61.111111111111114,0.9999999999836364,1.0057142857142962,1.1836394494743607e-12,0.9981457078275691,0
113,138.29722222222222,1.2222222222222285,1.1750000000000114,1.2152777777777715,1.0057142857142962,0.03805470638037666,1.049232795044643,61.111111111111114,0.9999999999836364,0.9668571428571572,3.6776706896848865e-13,0.9976656066802454,0
114,139.47222222222223,1.1750000000000114,1.2083333333333144,1.2111111111111086,0.9701834862385436,0.03621644817746697,0.998548898735637,58.333333333333336,0.9545454545298347,0.997706422018335,2.9971018071853206e-13,0.9967290922737311,0
115,140.68055555555554,1.2083333333333144,1.1916666666666913,1.2097222222222115,0.9988518943742757,0.03522268126160825,0.9711490594535498,58.333333333333336,0.9545454545298347,0.9850746268657008,5.474223166239932e-15,0.998667980848934,0
116,141.87222222222223,1.1916666666666913,1.2027777777777544,1.2083333333333144,0.98620689655176,0.037239827056543495,1.0267651900650274,61.111111111111114,0.9999999999836364,0.995402298850571,1.1860078891201553e-12,0.9977703542674221,0
117,143.075,1.2027777777777544,1.2333333333333485,1.2083333333333144,0.995402298850571,0.034777067755221824,0.9588627393295146,58.333333333333336,0.9545454545298347,1.0206896551724423,1.092319119812453e-14,0.9980951787677459,0
118,144.30833333333334,1.2333333333333485,1.1944444444444287,1.2083333333333144,1.0206896551724423,0.036170476856574305,0.9972813914520444,58.333333333333336,0.9545454545298347,0.9885057471264392,4.301949472514241e-15,0.9983329023162413,0
119,145.50277777777777,1.1944444444444287,1.2361111111111143,1.2055555555555344,0.9907834101382531,0.03543268923936573,0.9769393355702979,55.55555555555556,0.9090909090760331,1.0253456221198363,8.329158726388865e-15,0.9974191707588096,0
120,146.73888888888888,1.2361111111111143,1.1666666666666856,1.2055555555555344,1.0253456221198363,0.03648373540491081,1.0059184609108756,61.111111111111114,0.9999999999836364,0.9677419354839036,2.0642762130727854e-14,0.9981128505740318,0
121,147.90555555555557,1.1666666666666856,1.1666666666666572,1.1986111111110915,0.9733487833140526,0.035327143257419195,0.9740292538438337,55.55555555555556,0.9090909090760331,0.9733487833140289,1.815328147677063e-14,0.9963581447762702,0
122,149.07222222222222,1.1666666666666572,1.2194444444444343,1.1986111111110915,0.9733487833140289,0.037148373471704674,1.0242436596272897,61.111111111111114,0.9999999999836364,1.0173812282734729,3.906112846369103e-12,0.9986393912770029,0
123,150.29166666666666,1.2194444444444343,1.188888888888897,1.1986111111110915,1.0173812282734729,0.03546069009108178,0.9777113665410796,58.333333333333336,0.9545454545298347,0.9918887601390729,3.7392955553228364e-15,0.9982466308534403,0
124,151.48055555555555,1.188888888888897,1.23888888888888,1.1986111111110915,0.9918887601390729,0.03836817363509611,1.0578756188924145,63.888888888888886,1.045454545437438,1.0336037079953746,1.160538887212681e-10,0.9954300116426,0
125,152.71944444444443,1.23888888888888,1.1500000000000057,1.1986111111110915,1.0336037079953746,0.03556281165392721,0.9805270312251696,58.333333333333336,0.9545454545298347,0.9594438006952696,1.1704347851972021e-15,0.9972900512491504,0
126,153.86944444444444,1.1500000000000057,1.2138888888889028,1.1986111111110915,0.9594438006952696,0.037198292619202676,1.0256200151858386,58.333333333333336,0.9545454545298347,1.0127462340672355,1.9835164326992283e-12,0.9982760569734794,0
127,155.08333333333334,1.2138888888889028,1.2361111111111143,1.2041666666666657,1.0080738177624113,0.037950059738529066,1.0463475096499721,63.888888888888886,1.045454545437438,1.0265282583621718,6.8171978478970274e-12,0.997803494746721,0
128,156.31944444444446,1.2361111111111143,1.2083333333333144,1.2041666666666657,1.0265282583621718,0.03652162289755534,1.0069630833396312,58.333333333333336,0.9545454545298347,1.0034602076124417,6.782648088874332e-15,0.9981157906786593,0
129,157.52777777777777,1.2083333333333144,1.2027777777777828,1.2111111111111086,0.997706422018335,0.034591923336374154,0.953757993700085,58.333333333333336,0.9545454545298347,0.9931192660550521,5.0394945174899765e-15,0.9974633783400833,0
130,158.73055555555555,1.2027777777777828,1.188888888888897,1.2055555555555486,0.9976958525345722,0.03873256402427724,1.0679224799220681,61.111111111111114,0.9999999999836364,0.9861751152073858,2.330689894552984e-12,0.998033353041109,0
131,159.91944444444445,1.188888888888897,1.23888888888888,1.2055555555555486,0.9861751152073858,0.03303233849280181,0.9107575945333084,55.55555555555556,0.9090909090760331,1.027649769585252,1.3830816654515654e-15,0.9963295645588777,0
132,161.15833333333333,1.23888888888888,1.1638888888888914,1.2111111111111086,1.0229357798165086,0.03384013193540736,0.9330298297499441,55.55555555555556,0.9090909090760331,0.9610091743119307,3.665960250077837e-17,0.9975525793800974,0
133,162.32222222222222,1.1638888888888914,1.2138888888888744,1.2055555555555486,0.9654377880184408,0.03644496622248561,1.0048495287995358,61.111111111111114,0.9999999999836364,1.0069124423963072,2.4462625935334215e-12,0.9981579620688279,0
134,163.5361111111111,1.2138888888888744,1.1722222222222456,1.2111111111110944,1.0022935779816533,0.037617646137951787,1.0371823029142186,63.888888888888886,1.045454545437438,0.9678899082569135,2.171787272589598e-12,0.9973413600427253,0
135,164.70833333333334,1.1722222222222456,1.1833333333333371,1.2055555555555486,0.9723502304147715,0.038271729928857454,1.055216502344522,61.111111111111114,0.9999999999836364,0.9815668202765065,9.589359688255694e-12,0.9973649296008363,0
136,165.89166666666668,1.1833333333333371,1.2194444444444343,1.2055555555555486,0.9815668202765065,0.03764441664276254,1.0379204111341738,63.888888888888886,1.045454545437438,1.0115207373271864,1.9702075040872735e-11,0.9979532888671969,0
137,167.11111111111111,1.2194444444444343,1.186111111111103,1.2055555555555486,1.0115207373271864,0.038261771047132055,1.0549419190852578,61.111111111111114,0.9999999999836364,0.9838709677419344,4.868963305454388e-13,0.9981143380257673,0
138,168.29722222222222,1.186111111111103,1.200000000000017,1.19583333333334,0.9918699186991746,0.036796321331299175,1.014536985041841,61.111111111111114,0.9999999999836364,1.0034843205575,5.215034133698726e-13,0.9990991833343428,0
139,169.49722222222223,1.200000000000017,1.1416666666666515,1.194444444444457,1.0046511627907013,0.03360672996923441,0.9265945416967734,52.77777777777778,0.8636363636222314,0.9558139534883493,7.301459077790041e-17,0.9943533175646704,0
140,170.63888888888889,1.1416666666666515,1.2222222222222285,1.1875,0.961403508771917,0.037405388846976834,1.0313300094172677,61.111111111111114,0.9999999999836364,1.0292397660818766,3.1405857081612254e-11,0.9977076867087625,0
141,171.86111111111111,1.2222222222222285,1.1916666666666629,1.19305555555556,1.024447031431899,0.03709642200534843,1.0228112695910407,61.111111111111114,0.9999999999836364,0.9988358556460932,1.2746151790282712e-13,0.9978204932631969,0
142,173.05277777777778,1.1916666666666629,1.2027777777777828,1.1888888888888829,1.0023364485981328,0.03700249783954217,1.0202216210459674,61.111111111111114,0.9999999999836364,1.0116822429906636,8.766650057799585e-13,0.9974577199201766,0
143,174.25555555555556,1.2027777777777828,1.1666666666666572,1.19583333333334,1.0058072009291508,0.03600620161050643,0.9927520443099174,61.111111111111114,0.9999999999836364,0.9756097560975476,4.389645588752204e-14,0.999574945963408,0
144,175.42222222222222,1.1666666666666572,1.1722222222222172,1.1888888888888829,0.9813084112149503,0.03787101156000702,1.044168017303747,61.111111111111114,0.9999999999836364,0.9859813084112157,7.992825151736938e-12,0.9967040145990094,0
145,176.59444444444443,1.1722222222222172,1.2027777777777828,1.1888888888888829,0.9859813084112157,0.03458824868254979,0.9536566772619965,55.55555555555556,0.9090909090760331,1.0116822429906636,1.2129352562487497e-14,0.9955668823992134,0
146,177.79722222222222,1.2027777777777828,1.1527777777777715,1.19583333333334,1.0058072009291508,0.03517155849595414,0.969739518101121,58.333333333333336,0.9545454545298347,0.9639953542392461,9.317724102865781e-15,0.9962243217543012,0
147,178.95,1.1527777777777715,1.2333333333333485,1.1888888888888829,0.9696261682242987,0.039364604545933,1.08534890903414,63.888888888888886,1.045454545437438,1.0373831775701114,2.7383562084537516e-09,0.9954892890224554,0
148,180.18333333333334,1.2333333333333485,1.1638888888888914,1.19583333333334,1.0313588850174285,0.03709832720205433,1.022863799095404,61.111111111111114,0.9999999999836364,0.9732868757258968,5.1446880474292564e-14,0.9975243712421213,0
149,181.34722222222223,1.1638888888888914,1.1833333333333371,1.18194444444444,0.9847238542890775,0.0372186187310674,1.0261804405626906,58.333333333333336,0.9545454545298347,1.0011750881316168,6.447474390318397e-13,0.9976891028780366,0
150,182.53055555555557,1.1833333333333371,1.2083333333333144,1.1875,0.9964912280701786,0.035985464066157026,0.9921802750416803,61.111111111111114,0.9999999999836364,1.0175438596491069,3.26459318562497e-13,0.9986378975620811,0
151,183.73888888888888,1.2083333333333144,1.205555555555577,1.1875,1.0175438596491069,0.036297811211933324,1.0007922155862032,58.333333333333336,0.9545454545298347,1.0152046783625912,3.100843963110139e-14,0.9972529993834504,0
152,184.94444444444446,1.205555555555577,1.2027777777777544,1.19305555555556,1.0104772991851132,0.0367852471417384,1.0142316508540126,61.111111111111114,0.9999999999836364,1.008149010477276,1.7731148038539757e-13,0.9990084064672038,0
153,186.1472222222222,1.2027777777777544,1.200000000000017,1.1930555555555458,1.0081490104772879,0.0336964782325776,0.92906905352868,52.77777777777778,0.8636363636222314,1.0058207217695219,1.7540231216799963e-16,0.9945858435353357,0
154,187.34722222222223,1.200000000000017,1.23888888888888,1.2013888888888857,0.998843930635855,0.034868376352504275,0.9613802722144267,58.333333333333336,0.9545454545298347,1.0312138728323652,2.5062209049069896e-14,0.9967323293364961,0
155,188.5861111111111,1.23888888888888,1.194444444444457,1.2027777777777686,1.0300230946882223,0.03642291097119468,1.0042414281161123,58.333333333333336,0.9545454545298347,0.9930715935335054,4.150691410991251e-15,0.9981780656622237,0
156,189.78055555555557,1.194444444444457,1.22777777777776,1.2013888888888857,0.9942196531792039,0.03597679692812477,0.9919413073468116,55.55555555555556,0.9090909090760331,1.021965317919063,2.1423355507665422e-14,0.9961932365919932,0
157,191.00833333333333,1.22777777777776,1.2111111111111086,1.2041666666666657,1.019607843137241,0.03632908846114281,1.0016545823925938,58.333333333333336,0.9545454545298347,1.0057670126874265,6.014780958452787e-15,0.999213405225132,0
158,192.21944444444443,1.2111111111111086,1.1777777777777771,1.2041666666666657,1.0057670126874265,0.036451734851786995,1.0050361513888557,55.55555555555556,0.9090909090760331,0.9780853517877742,5.233652680209028e-15,0.9969997248933214,0
159,193.3972222222222,1.1777777777777771,1.2388888888889085,1.2041666666666657,0.9780853517877742,0.03669156426824197,1.0116486551471489,61.111111111111114,0.9999999999836364,1.0288350634371566,2.4622532745349757e-12,0.9979165757462225,0
160,194.63611111111112,1.2388888888889085,1.23333333333332,1.2069444444444457,1.0264672036824087,0.03633907863606015,1.0019300284582324,58.333333333333336,0.9545454545298347,1.0218642117376173,7.167649550873356e-15,0.9982131198616133,0
161,195.86944444444444,1.23333333333332,1.200000000000017,1.2083333333333428,1.0206896551723947,0.037051087631344404,1.0215613240134191,61.111111111111114,0.9999999999836364,0.9931034482758684,8.955987671312518e-14,0.9976428957523191,0
162,197.06944444444446,1.200000000000017,1.2166666666666401,1.2069444444444315,0.9942462600690697,0.03486031192765296,0.9611579223441479,58.333333333333336,0.9545454545298347,1.008055235903326,1.2854253523143094e-14,0.9975275689148596,0
163,198.2861111111111,1.2166666666666401,1.2416666666666742,1.2138888888888744,1.002288329519441,0.03766668683511723,1.0385344381072619,63.888888888888886,1.045454545437438,1.0228832951945266,5.1441637408111696e-12,0.9977242342785066,0
164,199.52777777777777,1.2416666666666742,1.2083333333333428,1.2222222222222001,1.0159090909091155,0.03817436006451971,1.0525318500470893,61.111111111111114,0.9999999999836364,0.9886363636363893,4.852766409199627e-13,0.9958178137728324,0
165,200.73611111111111,1.2083333333333428,1.2527777777777658,1.2138888888888744,0.9954233409611181,0.03556971401805729,0.9807173411105286,61.111111111111114,0.9999999999836364,1.0320366132723138,1.0735466335343169e-13,0.9991004471259193,0
166,201.98888888888888,1.2527777777777658,1.1833333333333371,1.2222222222222001,1.0250000000000088,0.03685484231662562,1.0161505078578914,61.111111111111114,0.9999999999836364,0.9681818181818388,2.7283134518968355e-14,0.9970060603758568,0
167,203.17222222222222,1.1833333333333371,1.2027777777777828,1.2138888888888744,0.9748283752860559,0.03644279931412002,1.0047897834608566,61.111111111111114,0.9999999999836364,0.9908466819222128,8.007194625229974e-13,0.9979195785135121,0
168,204.375,1.2027777777777828,1.194444444444457,1.2124999999999915,0.9919816723940547,0.03675672409762043,1.0134452221530803,61.111111111111114,0.9999999999836364,0.9851088201603839,3.3684022910339395e-13,0.9978112926314923,0
169,205.56944444444446,1.194444444444457,1.1888888888888687,1.2124999999999915,0.9851088201603839,0.03594137310638681,0.9909646125032942,55.55555555555556,0.9090909090760331,0.9805269186712388,1.0042668262201689e-14,0.9967517420499099,0
170,206.75833333333333,1.1888888888888687,1.2388888888889085,1.2055555555555628,0.9861751152073506,0.03970701192787572,1.094789661271423,66.66666666666667,1.0909090908912398,1.0276497695852636,3.777465007459568e-09,0.9953740867661218,0
171,207.99722222222223,1.2388888888889085,1.1833333333333087,1.2055555555555628,1.0276497695852636,0.03838489338067242,1.0583366106343586,61.111111111111114,0.9999999999836364,0.9815668202764714,2.482425343845046e-13,0.9972685086169739,0
172,209.18055555555554,1.1833333333333087,1.2305555555555543,1.2055555555555628,0.9815668202764714,0.03600472362972128,0.9927112938730404,58.333333333333336,0.9545454545298347,1.0207373271889328,9.901091448452637e-14,0.9985552574897565,0
173,210.4111111111111,1.2305555555555543,1.25555555555556,1.2055555555555628,1.0207373271889328,0.03847174891679336,1.0607313650707315,63.888888888888886,1.045454545437438,1.0414746543778777,6.7278092819034185e-12,0.9978165138942054,0
174,211.66666666666666,1.25555555555556,1.2861111111111256,1.2055555555555628,1.0414746543778777,0.036734676281174786,1.0128373264609505,61.111111111111114,0.9999999999836364,1.0668202764977015,9.078148118218249e-14,0.9972277983993572,0
175,212.95277777777778,1.2861111111111256,1.2194444444444343,1.2166666666666686,1.0570776255707865,0.03588583291385859,0.9894332752000651,58.333333333333336,0.9545454545298347,1.0022831050228211,1.8434670215831923e-16,0.9990488454654396,0
176,214.17222222222222,1.2194444444444343,1.2305555555555543,1.2111111111111086,1.006880733944948,0.03496745394824963,0.9641120095630508,55.55555555555556,0.9090909090760331,1.0160550458715607,9.357078735902874e-16,0.9979311828473463,0
177,215.40277777777777,1.2305555555555543,1.2361111111111143,1.2249999999999943,1.0045351473922939,0.03442027619759862,0.9490253909734024,58.333333333333336,0.9545454545298347,1.0090702947845878,2.289014001605259e-15,0.9974414407138864,0
178,216.63888888888889,1.2361111111111143,1.2027777777777828,1.2305555555555543,1.004514672686234,0.03426179736156956,0.944655860686659,58.333333333333336,0.9545454545298347,0.9774266365688539,5.543187424135074e-16,0.9987476760686277,0
179,217.84166666666667,1.2027777777777828,1.25,1.2305555555555543,0.9774266365688539,0.033275416436365855,0.9174596656934455,55.55555555555556,0.9090909090760331,1.015801354401807,8.958609026526033e-16,0.9969980714931317,0
180,219.09166666666667,1.25,1.2111111111111086,1.2333333333333343,1.0135135135135127,0.03673389536779301,1.0128157953545989,61.111111111111114,0.9999999999836364,0.9819819819819792,2.7700150861758276e-14,0.9983527110961297,0
181,220.30277777777778,1.2111111111111086,1.2722222222222115,1.2305555555555543,0.984198645598193,0.03382954825188874,0.9327380196455877,55.55555555555556,0.9090909090760331,1.0338600451467193,2.2209339402279316e-15,0.9959060711836584,0
182,221.575,1.2722222222222115,1.2805555555555657,1.2333333333333343,1.031531531531522,0.03594839397856775,0.991158189856603,61.111111111111114,0.9999999999836364,1.0382882882882958,1.1526368442062e-14,0.9980545891183396,0
183,222.85555555555555,1.2805555555555657,1.25,1.2430555555555571,1.03016759776537,0.03662365552794414,1.0097762960050638,58.333333333333336,0.9545454545298347,1.0055865921787697,2.1767147969747576e-15,0.997331638196908,0
184,224.10555555555555,1.25,1.2305555555555543,1.2430555555555571,1.0055865921787697,0.036460021400949075,1.0052646256031013,63.888888888888886,1.045454545437438,0.98994413407821,3.018379816921435e-13,0.9968021793143054,0
185,225.3361111111111,1.2305555555555543,1.2194444444444343,1.2333333333333343,0.997747747747746,0.03483662275296831,0.9605047716216529,55.55555555555556,0.9090909090760331,0.9887387387387297,4.1537783696279603e-16,0.9980207144303243,0
186,226.55555555555554,1.2194444444444343,1.2388888888889085,1.2333333333333343,0.9887387387387297,0.03570841043924505,0.9845414366694571,58.333333333333336,0.9545454545298347,1.0045045045045196,2.1664480376760303e-14,0.9971200257202784,0
187,227.79444444444445,1.2388888888889085,1.2138888888888744,1.2375000000000114,1.0011223344556743,0.037370891515563776,1.0303788594833196,61.111111111111114,0.9999999999836364,0.9809203142536268,1.3589395450944175e-13,0.9978551927673536,0
188,229.00833333333333,1.2138888888888744,1.2138888888889028,1.2347222222222314,0.983127109111342,0.03465696112198458,0.9555511957523476,55.55555555555556,0.9090909090760331,0.983127109111365,1.742719043482414e-15,0.9960524066807933,0
189,230.22222222222223,1.2138888888889028,1.2138888888888744,1.2347222222222314,0.983127109111365,0.03591530892621642,0.9902459788515884,58.333333333333336,0.9545454545298347,0.983127109111342,1.6994074536805757e-14,0.9983389770783802,0
190,231.4361111111111,1.2138888888888744,1.1972222222222229,1.2249999999999943,0.9909297052154122,0.03800660344966665,1.047906515663212,61.111111111111114,0.9999999999836364,0.9773242630385538,1.4181691845166489e-12,0.9963314019903018,0
191,232.63333333333333,1.1972222222222229,1.24444444444444,1.2249999999999943,0.9773242630385538,0.03700358790230566,1.0202516759250848,61.111111111111114,0.9999999999836364,1.015873015873017,1.826659917075757e-12,0.9972217318859364,0
192,233.87777777777777,1.24444444444444,1.2250000000000227,1.2249999999999943,1.015873015873017,0.03625975086665281,0.9997428273171183,61.111111111111114,0.9999999999836364,1.000000000000023,2.1046973029421184e-14,0.9988801939207208,0
193,235.1027777777778,1.2250000000000227,1.23888888888888,1.2222222222222285,1.0022727272727407,0.03889706834080709,1.0724581429253315,61.111111111111114,0.9999999999836364,1.0136363636363512,3.678956011360368e-12,0.9962991010952109,0
194,236.34166666666667,1.23888888888888,1.1972222222222229,1.2222222222222285,1.0136363636363512,0.034559390077094645,0.952860996565892,55.55555555555556,0.9090909090760331,0.97954545454545,1.1071350601368226e-16,0.9983887353327054,0
195,237.5388888888889,1.1972222222222229,1.2027777777777828,1.2166666666666686,0.9840182648401816,0.03688818293853739,1.0170697653491292,61.111111111111114,0.9999999999836364,0.9885844748858473,5.372024439870282e-13,0.9982044897718949,0
196,238.74166666666667,1.2027777777777828,1.2166666666666686,1.2138888888888886,0.9908466819222013,0.03782535817335159,1.0429092760062861,63.888888888888886,1.045454545437438,1.0022883295194527,1.8488275146943955e-11,0.9958080985868243,0
197,239.95833333333334,1.2166666666666686,1.2138888888888744,1.2138888888888886,1.0022883295194527,0.03511827816213147,0.968270488935086,58.333333333333336,0.9545454545298347,0.9999999999999883,3.4527468503655484e-15,0.9992166515729556,0
198,241.17222222222222,1.2138888888888744,1.194444444444457,1.2138888888888886,0.9999999999999883,0.03625987877220306,0.9997463538900643,58.333333333333336,0.9545454545298347,0.9839816933638551,1.6225575096289087e-14,0.9982071450117935,0
199,242.36666666666667,1.194444444444457,1.2055555555555486,1.2138888888888744,0.9839816933638665,0.03736943800713354,1.0303387837907725,61.111111111111114,0.9999999999836364,0.9931350114416537,1.2637419322808485e-12,0.9977870286302455,0
200,243.57222222222222,1.2055555555555486,1.24444444444444,1.2097222222222115,0.9965556831228504,0.03751406309738986,1.0343263428108433,61.111111111111114,0.9999999999836364,1.0287026406429447,1.529822058962682e-12,0.9976888232501997,0
201,244.81666666666666,1.24444444444444,1.2277777777777885,1.2152777777777715,1.0240000000000016,0.03569220102684744,0.9840945156787659,58.333333333333336,0.9545454545298347,1.0102857142857284,1.9391663127414204e-15,0.9988352689732931,0
202,246.04444444444445,1.2277777777777885,1.23888888888888,1.2152777777777715,1.0102857142857284,0.0383263735691295,1.0567231201815108,61.111111111111114,0.9999999999836364,1.0194285714285694,4.4415890236571e-12,0.9936745139974185,0
203,247.28333333333333,1.23888888888888,1.2111111111111086,1.2152777777777715,1.0194285714285694,0.03747544360571056,1.0332615379272412,63.888888888888886,1.045454545437438,0.9965714285714317,5.466674205326094e-13,0.9983703428376343,0
204,248.49444444444444,1.2111111111111086,1.1833333333333371,1.2124999999999915,0.9988545246277254,0.03689236362515917,1.0171850339696653,58.333333333333336,0.9545454545298347,0.9759450171821406,3.55404352052769e-14,0.9979115059418524,0
205,249.67777777777778,1.1833333333333371,1.2111111111111086,1.2124999999999915,0.9759450171821406,0.038187869758360915,1.052904335218503,61.111111111111114,0.9999999999836364,0.9988545246277254,6.928357193514145e-12,0.9975327408308889,0
206,250.88888888888889,1.2111111111111086,1.2194444444444343,1.2124999999999915,0.9988545246277254,0.03603373850253233,0.9935112831251741,58.333333333333336,0.9545454545298347,1.0057273768613961,2.1134708702097785e-14,0.9981201760055921,0
207,252.10833333333332,1.2194444444444343,1.1611111111111256,1.2124999999999915,1.0057273768613961,0.036834940041213855,1.015601768370867,58.333333333333336,0.9545454545298347,0.9576174112256773,1.2138656372380138e-14,0.9984797305091464,0
208,253.26944444444445,1.1611111111111256,1.1972222222222229,1.2111111111111086,0.9587155963302892,0.03580905562054444,0.9873163950104046,58.333333333333336,0.9545454545298347,0.9885321100917457,3.4469334938419527e-13,0.996875996798708,0
209,254.46666666666667,1.1972222222222229,1.2277777777777885,1.2111111111111086,0.9885321100917457,0.03473910832260372,0.9578161333936784,58.333333333333336,0.9545454545298347,1.0137614678899192,2.2174304425514983e-14,0.9967530152757095,0
210,255.69444444444446,1.2277777777777885,1.1722222222222172,1.2152777777777715,1.0102857142857284,0.036049552690563605,0.9939473071097914,58.333333333333336,0.9545454545298347,0.9645714285714294,4.134351721922242e-15,0.9983105489198791,0
211,256.8666666666667,1.1722222222222172,1.2527777777777942,1.2111111111111086,0.9678899082568786,0.03357362111901754,0.9256816745442448,55.55555555555556,0.9090909090760331,1.0344036697247863,1.2422819832557958e-14,0.9951745586705801,0
212,258.11944444444447,1.2527777777777942,1.1999999999999886,1.2111111111111086,1.0344036697247863,0.03656494036374255,1.0081574193481018,61.111111111111114,0.9999999999836364,0.9908256880733872,1.4800855514611987e-14,0.9981298384189354,0
213,259.31944444444446,1.1999999999999886,1.169444444444423,1.2055555555555486,0.9953917050691208,0.03282834150523189,0.9051330516105689,50.0,0.8181818181684297,0.9700460829492965,9.554841837758215e-18,0.9930925767567467,0
214,260.4888888888889,1.169444444444423,1.2027777777777828,1.1986111111111057,0.9756662804171359,0.037404442094421606,1.0313039058436437,63.888888888888886,1.045454545437438,1.0034762456547017,3.118101610244395e-11,0.9973570873973323,0
215,261.69166666666666,1.2027777777777828,1.1916666666666629,1.2013888888888857,1.0011560693641688,0.03861011417082141,1.0645463297894127,63.888888888888886,1.045454545437438,0.9919075144508666,2.950599833906331e-11,0.9955807866032265,0
216,262.8833333333333,1.1916666666666629,1.1833333333333371,1.1986111111111057,0.9942062572421797,0.03862990271760543,1.0650919335852884,66.66666666666667,1.0909090908912398,0.9872537659328001,2.4330035208741663e-10,0.9965057768519697,0
217,264.06666666666666,1.1833333333333371,1.1222222222222058,1.1944444444444429,0.9906976744186091,0.03657734925679668,1.0084995535748769,58.333333333333336,0.9545454545298347,0.9395348837209178,7.518530746987787e-14,0.996440468720369,0
218,265.18888888888887,1.1222222222222058,1.1722222222222172,1.1944444444444429,0.9395348837209178,0.03424135304416565,0.944092176182617,55.55555555555556,0.9090909090760331,0.9813953488372064,3.903673310165848e-14,0.9980115819789358,0
219,266.3611111111111,1.1722222222222172,1.1333333333333826,1.1875,0.9871345029239723,0.03834992636956672,1.0573725108347156,63.888888888888886,1.045454545437438,0.9543859649123222,4.115940921423089e-11,0.9963296698414081,0
220,267.49444444444447,1.1333333333333826,1.2111111111111086,1.1777777777777771,0.9622641509434385,0.03552514951569253,0.9794886221996908,61.111111111111114,0.9999999999836364,1.0283018867924512,4.195421787756004e-12,0.9981679891088019,0
221,268.7055555555556,1.2111111111111086,1.136111111111063,1.1875,1.0198830409356703,0.03567999347184083,0.9837579326834271,55.55555555555556,0.9090909090760331,0.95672514619879,6.401013159324171e-16,0.9982278077359186,0
222,269.84166666666664,1.136111111111063,1.2000000000000455,1.1777777777777771,0.9646226415093937,0.03665984059911059,1.0107739797863908,58.333333333333336,0.9545454545298347,1.018867924528341,2.576666527712157e-12,0.9972137658236582,0
223,271.0416666666667,1.2000000000000455,1.1833333333333371,1.1777777777777771,1.018867924528341,0.03778977498571272,1.0419281871745987,63.888888888888886,1.045454545437438,1.0047169811320793,4.521673400287307e-12,0.9976213850844646,0
224,272.225,1.1833333333333371,1.147222222222183,1.1833333333333371,1.0,0.03868563998533376,1.0666287045860208,61.111111111111114,0.9999999999836364,0.9694835680750812,3.53899613607378e-12,0.9976554214375507,0
225,273.3722222222222,1.147222222222183,1.1555555555555657,1.1777777777777771,0.9740566037735522,0.035040810567274136,0.9661345759611403,58.333333333333336,0.9545454545298347,0.9811320754717072,1.10098562211558e-13,0.9973546648544008,0
226,274.52777777777777,1.1555555555555657,1.125,1.1638888888888914,0.9928400954654003,0.036985379826084866,1.0197496483830886,61.111111111111114,0.9999999999836364,0.9665871121718356,1.3563325809706761e-12,0.9980582256776482,0
227,275.65277777777777,1.125,1.11388888888888,1.1513888888888744,0.9770808202653923,0.03867710369874946,1.0663933446874942,63.888888888888886,1.045454545437438,0.9674306393244919,3.5482733418135126e-10,0.9977379929606701,0
228,276.76666666666665,1.11388888888888,1.1333333333333258,1.1513888888888744,0.9674306393244919,0.035670533194235,0.9834970967853638,58.333333333333336,0.9545454545298347,0.9843184559710553,1.3634732448988829e-12,0.9962085649793175,0
229,277.9,1.1333333333333258,1.0833333333333712,1.141666666666623,0.9927007299270385,0.03625854331405497,0.999709533044007,61.111111111111114,0.9999999999836364,0.9489051094891205,8.715932164372886e-13,0.9983116281940367,0
230,278.98333333333335,1.0833333333333712,1.0972222222222285,1.141666666666623,0.9489051094891205,0.03767786395601571,1.0388426102866408,58.333333333333336,0.9545454545298347,0.9610705596107478,1.9858266073202735e-11,0.9981637535424768,0
231,280.0805555555556,1.0972222222222285,1.0472222222222172,1.1347222222221944,0.9669522643819142,0.03622045860792909,0.9986594731051,58.333333333333336,0.9545454545298347,0.922888616891083,8.790896070982879e-13,0.9977103439570321,0
232,281.1277777777778,1.0472222222222172,1.055555555555543,1.1291666666666629,0.9274292742927416,0.03773835899545205,1.040510561122463,61.111111111111114,0.9999999999836364,0.9348093480934729,6.182027667556156e-10,0.9987074087402192,0
233,282.18333333333334,1.055555555555543,1.0166666666666515,1.11944444444444,0.9429280397022257,0.03871480946139614,1.0674329565119982,63.888888888888886,1.045454545437438,0.9081885856079305,1.0615279322223614e-08,0.9979020510920878,0
234,283.2,1.0166666666666515,1.0305555555555657,1.1055555555555543,0.9195979899497361,0.037726080152028746,1.0401720125845721,63.888888888888886,1.045454545437438,0.9321608040201107,3.9561019349321214e-08,0.9976900298777501,0
235,284.23055555555555,1.0305555555555657,1.0305555555555657,1.0902777777777999,0.9452229299362959,0.03759205683550807,1.0364767624468216,61.111111111111114,0.9999999999836364,0.9452229299362959,1.8764725329134535e-09,0.9964048896496408,0
236,285.2611111111111,1.0305555555555657,1.0027777777777942,1.069444444444457,0.9636363636363617,0.03707159212710819,1.0221266677369043,61.111111111111114,0.9999999999836364,0.937662337662342,3.452656771596452e-10,0.9972933633937346,0
237,286.2638888888889,1.0027777777777942,0.9944444444444116,1.05138888888888,0.9537648612946075,0.03663708396954034,1.0101465409142807,58.333333333333336,0.9545454545298347,0.9458388375164892,1.7318846357028406e-10,0.9966113982014762,0
238,287.2583333333333,0.9944444444444116,0.9805555555555543,1.0388888888888914,0.9572192513368645,0.038329729004558985,1.0568156352270635,63.888888888888886,1.045454545437438,0.9438502673796756,5.0995577538515136e-08,0.998198377341754,0
239,288.2388888888889,0.9805555555555543,1.0,1.0305555555555657,0.9514824797843561,0.036731897314614355,1.0127607056397991,58.333333333333336,0.9545454545298347,0.970350404312659,6.855278567030609e-10,0.9968628402724853,0
240,289.2388888888889,1.0,0.9694444444444343,1.0236111111111086,0.9769335142469495,0.03347027519811554,0.9228322522320448,50.0,0.8181818181684297,0.9470827679782828,3.5202167515593213e-14,0.9941031470136759,0
241,290.2083333333333,0.9694444444444343,0.9805555555555543,1.0097222222222229,0.960110041265464,0.03432774011298239,0.9464740141809004,58.333333333333336,0.9545454545298347,0.971114167812928,4.463110436780937e-11,0.9969899223176293,0
242,291.18888888888887,0.9805555555555543,0.9361111111111313,1.001388888888897,0.9791955617198242,0.03749021788403036,1.033668889837444,58.333333333333336,0.9545454545298347,0.934812760055491,2.45983372559877e-10,0.9988779080696332,0
243,292.125,0.9361111111111313,0.9388888888888687,0.9972222222222058,0.9387186629526819,0.038514667895445547,1.0619147141020333,63.888888888888886,1.045454545437438,0.9415041782729757,3.0927824923310254e-07,0.9989798397420181,0
244,293.06388888888887,0.9388888888888687,0.9277777777778056,0.987499999999983,0.950773558368491,0.034555273579257445,0.9527474977390098,55.55555555555556,0.9090909090760331,0.9395218002813384,3.050579927554864e-11,0.9970992996713081,0
245,293.9916666666667,0.9277777777778056,0.9388888888888687,0.9805555555555543,0.9461756373937973,0.03869554943946936,1.0669019250428058,61.111111111111114,0.9999999999836364,0.9575070821529551,1.897192589694896e-07,0.9980784333897036,0
246,294.93055555555554,0.9388888888888687,0.9222222222222172,0.9749999999999943,0.9629629629629478,0.03594346232689059,0.991022215855866,58.333333333333336,0.9545454545298347,0.9458689458689462,6.311742239972773e-10,0.9970792483019072,0
247,295.85277777777776,0.9222222222222172,0.955555555555577,0.9541666666666515,0.9665211062591076,0.038993293181927256,1.0751112249907155,61.111111111111114,0.9999999999836364,1.0014556040757299,2.003538384087733e-07,0.9983262254303042,0
248,296.80833333333334,0.955555555555577,0.9250000000000114,0.9472222222222229,1.0087976539589663,0.03712732595289662,1.023663343837516,61.111111111111114,0.9999999999836364,0.9765395894428266,2.2451369652287667e-09,0.9983836475421974,0
249,297.73333333333335,0.9250000000000114,0.9555555555555202,0.9388888888888687,0.9852071005917493,0.0335071159150236,0.9238480132784321,52.77777777777778,0.8636363636222314,1.0177514792899252,1.0418287760272094e-11,0.994435066530418,0
250,298.68888888888887,0.9555555555555202,0.9611111111111086,0.9388888888888687,1.0177514792899252,0.038778156303936454,1.069179536396007,63.888888888888886,1.045454545437438,1.0236686390532739,1.2904459367746313e-07,0.9970169788133733,0
251,299.65,0.9611111111111086,0.8833333333333826,0.9388888888888687,1.0236686390532739,0.03773084689740889,1.040303439839022,61.111111111111114,0.9999999999836364,0.9408284023669367,1.986192321723479e-09,0.9984645957667435,0
252,300.53333333333336,0.8833333333333826,1.055555555555543,0.9375,0.9422222222222748,0.03962229652962685,1.0924539140658205,119.44444444444444,1.954545454513471,1.1259259259259125,0.9601314663887024,0.18567083756341513,1
253,301.5888888888889,1.055555555555543,1.0,0.9388888888888687,1.1242603550295966,0.035815730663263226,0.9875004372589209,58.333333333333336,0.9545454545298347,1.0650887573964727,1.366978253682094e-12,0.9980798077223207,0
254,302.5888888888889,1.0,0.9638888888889028,0.9472222222221944,1.0557184750733448,0.0361354228722793,0.9963148936540672,58.333333333333336,0.9545454545298347,1.0175953079179332,1.8286826913849197e-11,0.9975940242279768,0
255,303.5527777777778,0.9638888888889028,0.6027777777777601,0.9555555555555486,1.00872093023258,0.03907405272041873,1.0773379024337353,63.888888888888886,1.045454545437438,0.6308139534883582,2.461192494251918e-08,0.9978359328806855,0
256,304.15555555555557,0.6027777777777601,1.0777777777777828,0.9555555555555486,0.6308139534883582,0.041501059283803994,1.1442545895483032,125.0,2.0454545454210744,1.1279069767441996,0.9414147734642029,0.1888248080903514,1
257,305.23333333333335,1.0777777777777828,1.0055555555555316,0.9583333333333428,1.1246376811594145,0.034575078357326476,0.9532935490589411,58.333333333333336,0.9545454545298347,1.0492753623188051,1.2642836810013852e-13,0.9973076033461958,0
258,306.2388888888889,1.0055555555555316,0.9638888888889028,0.9625000000000057,1.0447330447330136,0.037508100409935984,1.034161941405123,61.111111111111114,0.9999999999836364,1.00144300144301,2.477263949529629e-10,0.998796078608315,0
259,307.2027777777778,0.9638888888889028,1.0083333333333258,0.9638888888889028,1.0,0.03796259360337675,1.0466930895610453,63.888888888888886,1.045454545437438,1.0461095100864324,8.203105750226314e-08,0.9977132576707171,0
260,308.2111111111111,1.0083333333333258,0.9944444444444684,0.9819444444444514,1.026874115983012,0.035822264780044175,0.987680593940323,58.333333333333336,0.9545454545298347,1.01272984441303,1.1382108797142187e-11,0.9980680818090004,0
261,309.2055555555556,0.9944444444444684,1.022222222222183,0.9972222222222342,0.9972144846796778,0.03787143216239061,1.0441796140247972,63.888888888888886,1.045454545437438,1.0250696378829567,2.8090818560144726e-08,0.9975631795417189,0
262,310.22777777777776,1.022222222222183,1.0833333333333712,1.0027777777777658,1.0193905817174247,0.03728693683796222,1.0280640866361332,61.111111111111114,0.9999999999836364,1.08033240997235,5.640611866475354e-10,0.999323716638086,0
263,311.31111111111113,1.0833333333333712,1.033333333333303,1.0027777777777658,1.08033240997235,0.02916911097099047,0.804241859788507,44.44444444444444,0.7272727272608265,1.030470914127406,4.8188319791672886e-17,0.9755670668812901,0
264,312.34444444444443,1.033333333333303,1.0527777777778056,1.0069444444444287,1.0262068965517102,0.03589985634654362,0.9898199250226958,102.77777777777777,1.681818181790661,1.0455172413793543,0.9209587574005127,0.20481795845575607,1
265,313.39722222222224,1.0527777777778056,1.0,1.0152777777777544,1.0369357045144152,0.039498457863931156,1.0890394720243102,119.44444444444444,1.954545454513471,0.9849521203830596,0.9257822036743164,0.17428176326891442,1
266,314.39722222222224,1.0,1.022222222222183,1.0152777777777544,0.9849521203830596,0.039126777511396905,1.0787916143413565,141.66666666666666,2.3181818181438842,1.0068399452804224,0.9455927610397339,0.1823272942375604,1
267,315.4194444444444,1.022222222222183,1.0166666666667084,1.0152777777777544,1.0068399452804224,0.04035645350403343,1.1126958669680074,127.77777777777777,2.090909090874876,1.0013679890561518,0.935549259185791,0.17245916860823712,1
268,316.43611111111113,1.0166666666667084,1.0361111111110972,1.0194444444444457,0.9972752043597127,0.041477192678638135,1.1435965467665223,155.55555555555554,2.5454545454128925,1.016348773841947,0.9488959312438965,0.18658243992625,1
269,317.47222222222223,1.0361111111110972,1.0277777777777715,1.022222222222183,1.0135869565217643,0.040689917047554,1.121890022411393,150.0,2.4545454545052894,1.005434782608728,0.9484443664550781,0.1825838475767635,1
270,318.5,1.0277777777777715,1.0583333333333371,1.0249999999999773,1.0027100271002871,0.04260774982293661,1.1747679246406046,161.11111111111111,2.636363636320496,1.0325203252032786,0.9518097043037415,0.1829108424691554,1
271,319.55833333333334,1.0583333333333371,1.0388888888888914,1.0305555555555372,1.0269541778975961,0.04076194969643141,1.1238760847070959,158.33333333333334,2.5909090908666945,1.0080862533692927,0.9534704089164734,0.1807206426881136,1
272,320.59722222222223,1.0388888888888914,1.0305555555555657,1.0347222222222001,1.0040268456376078,0.04130977978024745,1.13898068922845,161.11111111111111,2.636363636320496,0.9959731543624472,0.9467609524726868,0.17895727608441148,1
273,321.6277777777778,1.0305555555555657,1.088888888888846,1.0319444444444343,0.9986541049798311,0.03979762211387137,1.097287937772664,158.33333333333334,2.5909090908666945,1.055181695827694,0.9616929292678833,0.18813979967078276,1
274,322.71666666666664,1.088888888888846,1.0444444444444798,1.0333333333333314,1.0537634408601755,0.040596974125605645,1.119327428423655,125.0,2.0454545454210744,1.0107526881720792,0.9401609897613525,0.17665785524222083,1
275,323.7611111111111,1.0444444444444798,1.0749999999999886,1.0333333333333314,1.0107526881720792,0.04000152555645443,1.102909901501465,150.0,2.4545454545052894,1.0403225806451522,0.9564664959907532,0.17705918301850365,1
276,324.8361111111111,1.0749999999999886,1.0611111111111313,1.0374999999999943,1.0361445783132477,0.04253378146232069,1.1727284914893366,125.0,2.0454545454210744,1.0227576974565178,0.9392126798629761,0.19252002402407364,1
277,325.89722222222224,1.0611111111111313,1.0722222222221944,1.0416666666666856,1.0186666666666675,0.04081675353984364,1.1253871196163616,163.88888888888889,2.6818181817742976,1.029333333333288,0.958488404750824,0.18419897513537886,1
278,326.96944444444443,1.0722222222221944,1.1111111111111427,1.0513888888889085,1.019815059445133,0.03991690913504652,1.1005768832552312,122.22222222222223,1.9999999999672728,1.0568031704095215,0.9452033638954163,0.17419450153372845,1
279,328.0805555555556,1.1111111111111427,1.0805555555555202,1.0597222222222342,1.0484927916120756,0.03901407967416328,1.0756843438352017,152.77777777777777,2.499999999959091,1.0196592398426811,0.9525304436683655,0.18088586107401722,1
280,329.1611111111111,1.0805555555555202,1.1694444444444798,1.0666666666666629,1.0130208333333037,0.03734533910388885,1.0296743361569844,155.55555555555554,2.5454545454128925,1.0963541666667038,0.9520440697669983,0.1751972167939671,1
281,330.3305555555556,1.1694444444444798,1.0944444444444343,1.0736111111110915,1.0892626131953955,0.046512611623180225,1.2824315870528151,119.44444444444444,1.954545454513471,1.0194049159120402,0.9169903993606567,0.25071767018849844,1
282,331.425,1.0944444444444343,1.0888888888889028,1.0777777777777544,1.0154639175257858,0.03518892504881667,0.9702183434169206,72.22222222222223,1.1818181817988431,1.0103092783505503,0.16174766421318054,0.3548456287105909,0
283,332.5138888888889,1.0888888888889028,1.0722222222221944,1.084722222222183,1.003841229193391,0.034200069856721076,0.9429539286891832,55.55555555555556,0.9090909090760331,0.9884763124199845,2.5215454249887144e-14,0.9976101664866398,0
284,333.5861111111111,1.0722222222221944,1.0361111111110972,1.0777777777777544,0.9948453608247381,0.03613414731807551,0.9962797244613505,61.111111111111114,0.9999999999836364,0.9613402061855749,6.831202704199457e-12,0.9985452239416764,0
285,334.6222222222222,1.0361111111110972,1.0833333333333712,1.0777777777777544,0.9613402061855749,0.035839088288511796,0.9881444466011609,58.333333333333336,0.9545454545298347,1.0051546391753148,2.461587877977678e-11,0.9974881871718811,0
286,335.7055555555556,1.0833333333333712,1.0472222222222172,1.0819444444444457,1.0012836970475307,0.03656103516386079,1.0080497463642089,63.888888888888886,1.045454545437438,0.9679075738125744,4.233324454872012e-11,0.9987214735275736,0
287,336.7527777777778,1.0472222222222172,1.0749999999999886,1.0819444444444457,0.9679075738125744,0.03312372279324357,0.913277214682714,55.55555555555556,0.9090909090760331,0.9935815147625043,8.827721810922978e-14,0.9975260201206833,0
288,337.8277777777778,1.0749999999999886,1.0833333333333144,1.0819444444444457,0.9935815147625043,0.03468415137459394,0.9563008771309957,58.333333333333336,0.9545454545298347,1.001283697047478,5.599206536789636e-13,0.9978770793833571,0
289,338.9111111111111,1.0833333333333144,1.0749999999999886,1.0819444444444173,1.0012836970475043,0.03787742712823752,1.0443449054005571,66.66666666666667,1.0909090908912398,0.9935815147625304,3.696708494871359e-09,0.9978574857002367,0
290,339.9861111111111,1.0749999999999886,1.0611111111111313,1.0791666666666515,0.9961389961389996,0.0364182673712959,1.0041133961914361,58.333333333333336,0.9545454545298347,0.9832689832690158,2.372410210990661e-12,0.9985051632717945,0
291,341.0472222222222,1.0611111111111313,1.0388888888888914,1.0749999999999886,0.9870801033592024,0.03515298771961988,0.9692274903018634,55.55555555555556,0.9090909090760331,0.9664082687338627,1.3019630946270455e-13,0.9991257867740102,0
292,342.0861111111111,1.0388888888888914,1.0527777777778056,1.0736111111110915,0.9676584734799683,0.034517221511405106,0.951698337692658,52.77777777777778,0.8636363636222314,0.9805950840880128,2.1806439032961977e-13,0.9958327060862501,0
293,343.1388888888889,1.0527777777778056,1.0861111111111086,1.0666666666666629,0.9869791666666963,0.037315377258715074,1.0288482372707615,61.111111111111114,0.9999999999836364,1.0182291666666679,1.3877016202812342e-10,0.999150137450397,0
294,344.225,1.0861111111111086,1.10277777777776,1.06805555555556,1.0169050715214498,0.036659857863762225,1.0107744558021172,63.888888888888886,1.045454545437438,1.032509752925857,8.863774297873661e-11,0.9983739749234786,0
295,345.3277777777778,1.10277777777776,1.0777777777777828,1.0749999999999886,1.025839793281648,0.034946836675206615,0.9635435563787089,55.55555555555556,0.9090909090760331,1.0025839793281808,3.2074139215887074e-14,0.9972224229461008,0
296,346.40555555555557,1.0777777777777828,1.10277777777776,1.0749999999999886,1.0025839793281808,0.03902722780178821,1.0760468600128228,66.66666666666667,1.0909090908912398,1.025839793281648,4.048381185839389e-08,0.9972088350986639,0
297,347.5083333333333,1.10277777777776,1.0305555555555657,1.0763888888888857,1.0245161290322446,0.036247922044483925,0.99941668662844,58.333333333333336,0.9545454545298347,0.9574193548387219,1.805543019782474e-13,0.9991527729476335,0
298,348.5388888888889,1.0305555555555657,1.069444444444457,1.0763888888888857,0.9574193548387219,0.035246040770952135,0.971793120743493,58.333333333333336,0.9545454545298347,0.9935483870967888,1.402043411924403e-11,0.9975205747678352,0
299,349.60833333333335,1.069444444444457,1.055555555555543,1.0722222222222229,0.9974093264248817,0.03722805240721413,1.0264405430134107,58.333333333333336,0.9545454545298347,0.9844559585492104,6.732790540364686e-12,0.9987395365054452,0
300,350.6638888888889,1.055555555555543,1.0749999999999886,1.0652777777777942,0.9908735332463875,0.03646351637959769,1.0053609880918681,58.333333333333336,0.9545454545298347,1.009126466753559,8.71814773151236e-12,0.9984787337529366,0
301,351.7388888888889,1.0749999999999886,1.0749999999999886,1.0722222222222229,1.0025906735751184,0.0384534886629177,1.0602278989022982,63.888888888888886,1.045454545437438,1.0025906735751184,1.4378910284662538e-09,0.9978164939414154,0
302,352.81388888888887,1.0749999999999886,1.036111111111154,1.0749999999999886,1.0,0.0367605321984829,1.0135502179523332,61.111111111111114,0.9999999999836364,0.963824289405735,1.2807627354505247e-11,0.998305559712698,0
303,353.85,1.036111111111154,1.0833333333333144,1.0749999999999886,0.963824289405735,0.035198903359292266,0.9704934623597784,55.55555555555556,0.9090909090760331,1.0077519379844893,1.864215812968917e-12,0.9978194378625787,0
304,354.93333333333334,1.0833333333333144,1.0583333333333371,1.0749999999999886,1.0077519379844893,0.03862188999798398,1.0648710093158884,63.888888888888886,1.045454545437438,0.9844961240310217,6.184870393610709e-10,0.9987616861963919,0
305,355.9916666666667,1.0583333333333371,1.0583333333333371,1.0722222222222229,0.9870466321243553,0.036533172363539035,1.0072815217045006,58.333333333333336,0.9545454545298347,0.9870466321243553,5.860605837432198e-12,0.998773506997157,0
306,357.05,1.0583333333333371,1.0777777777777828,1.063888888888897,0.9947780678851134,0.041429323262194666,1.142276705769456,66.66666666666667,1.0909090908912398,1.0130548302872031,3.865623511956073e-06,0.9962234673405655,0
307,358.1277777777778,1.0777777777777828,1.0638888888888687,1.063888888888897,1.0130548302872031,0.03890630552406761,1.0727128277339304,61.111111111111114,0.9999999999836364,0.9999999999999732,1.8067308760194578e-10,0.9987763906428095,0
308,359.19166666666666,1.0638888888888687,1.0472222222222172,1.0666666666666629,0.9973958333333179,0.039476170319873015,1.0884249666353298,63.888888888888886,1.045454545437438,0.981770833333332,1.1393767707090774e-08,0.997340058578329,0
309,360.2388888888889,1.0472222222222172,1.055555555555543,1.061111111111103,0.9869109947644008,0.037863554125780435,1.043962403194438,61.111111111111114,0.9999999999836364,0.994764397905755,2.3583907049484765e-10,0.9990790813972392,0
310,361.2944444444444,1.055555555555543,1.0500000000000114,1.061111111111103,0.994764397905755,0.0363121717120101,1.0011881589284848,58.333333333333336,0.9545454545298347,0.9895287958115367,4.146274903277236e-12,0.9988432451164071,0
311,362.34444444444443,1.0500000000000114,1.0638888888889255,1.0583333333333371,0.9921259842519757,0.03594149838222076,0.9909680665705017,58.333333333333336,0.9545454545298347,1.005249343832052,6.149352294732013e-12,0.9979976399539507,0
312,363.40833333333336,1.0638888888889255,1.0527777777777487,1.0583333333333371,1.005249343832052,0.03608619901839545,0.9949577085196669,55.55555555555556,0.9090909090760331,0.994750656167948,4.5397407079199315e-13,0.9985555933212846,0
313,364.4611111111111,1.0527777777777487,1.0638888888888687,1.0583333333333371,0.994750656167948,0.03698383414535578,1.0197070313439394,61.111111111111114,0.9999999999836364,1.0052493438319983,5.378140294221012e-11,0.9994676423534328,0
314,365.525,1.0638888888888687,1.1166666666666742,1.0583333333333371,1.0052493438319983,0.036922456288543834,1.0180147397358281,61.111111111111114,0.9999999999836364,1.055118110236224,9.418248819725861e-11,0.9985500011674069,0
315,366.64166666666665,1.1166666666666742,1.0638888888889255,1.061111111111103,1.0523560209424236,0.035223473248170954,0.9711708958662794,58.333333333333336,0.9545454545298347,1.0026178010471627,3.1546292000080717e-14,0.9992809826582734,0
316,367.7055555555556,1.0638888888889255,1.125,1.0638888888888687,1.0000000000000535,0.035865009146233744,0.9888591286098908,61.111111111111114,0.9999999999836364,1.0574412532637276,2.4583689250956553e-11,0.999261558687275,0
317,368.8305555555556,1.125,1.0499999999999545,1.0638888888888687,1.0574412532637276,0.03730372896021656,1.0285270739258403,63.888888888888886,1.045454545437438,0.9869451697127697,6.58626495356196e-12,0.9989068331898647,0
318,369.88055555555553,1.0499999999999545,1.1083333333333485,1.0597222222222058,0.9908256880733669,0.03502920993353388,0.965814726814443,55.55555555555556,0.9090909090760331,1.0458715596330581,1.1135989049296247e-12,0.9974846310557983,0
319,370.9888888888889,1.1083333333333485,1.0722222222222513,1.063888888888897,1.0417754569190663,0.03757799247873141,1.0360889842775782,63.888888888888886,1.045454545437438,1.0078328981723432,3.280068924804702e-11,0.9988530441171071,0
320,372.06111111111113,1.0722222222222513,1.1416666666666515,1.0638888888889255,1.0078328981723164,0.03765755595855503,1.03828268435463,63.888888888888886,1.045454545437438,1.073107049608304,1.8878274499201098e-09,0.9977680714245271,0
321,373.2027777777778,1.1416666666666515,1.0888888888889028,1.0680555555555884,1.0689206762028138,0.03631814966607822,1.0013529812606519,61.111111111111114,0.9999999999836364,1.0195058517555082,2.8923022830917855e-13,0.9984559133875971,0
322,374.2916666666667,1.0888888888889028,1.158333333333303,1.080555555555577,1.0077120822622037,0.03688064260901504,1.0168618656759267,63.888888888888886,1.045454545437438,1.0719794344472513,2.586610925447985e-10,0.9988933014474686,0
323,375.45,1.158333333333303,1.11388888888888,1.0986111111111256,1.0543615676358624,0.034984483924745825,0.9645815548976027,58.333333333333336,0.9545454545298347,1.0139064475347446,1.0015160867239605e-14,0.998041106001904,0
324,376.56388888888887,1.11388888888888,1.1055555555555543,1.1111111111111143,1.0024999999999893,0.03705518619603737,1.0216743283931005,61.111111111111114,0.9999999999836364,0.994999999999996,6.1160620838662805e-12,0.9986684414725567,0
325,377.6694444444444,1.1055555555555543,1.13611111111112,1.1069444444444514,0.9987452948557015,0.03821962049950385,1.0537797570005332,63.888888888888886,1.045454545437438,1.0263488080301144,4.4335779492143956e-10,0.9981242559714667,0
326,378.80555555555554,1.13611111111112,1.11388888888888,1.1111111111111143,1.022500000000005,0.04025037674929904,1.1097711509356003,61.111111111111114,0.9999999999836364,1.0024999999999893,1.9890460112303998e-10,0.9970235089450581,0
327,379.9194444444444,1.11388888888888,1.1222222222222626,1.1111111111111143,1.0024999999999893,0.04166333450991004,1.1487287927480827,66.66666666666667,1.0909090908912398,1.0100000000000335,6.050079264241504e-07,0.9956226604302465,0
328,381.0416666666667,1.1222222222222626,1.0694444444444002,1.11388888888888,1.007481296758149,0.03703041948341163,1.0209914681220835,61.111111111111114,0.9999999999836364,0.9600997506234094,2.2724782125504994e-12,0.9985049720648255,0
329,382.1111111111111,1.0694444444444002,1.0944444444444912,1.11388888888888,0.9600997506234094,0.03460948504024587,0.9542421996601805,55.55555555555556,0.9090909090760331,0.9825436408978053,2.1609932810209842e-13,0.9977616976545429,0
330,383.2055555555556,1.0944444444444912,1.1055555555555543,1.11388888888888,0.9825436408978053,0.03709637812758185,1.0228100598066001,61.111111111111114,0.9999999999836364,0.9925187032419021,1.7503812635433214e-11,0.9990881910043504,0
331,384.31111111111113,1.1055555555555543,1.10277777777776,1.1097222222222172,0.996245306633295,0.03490044631917068,0.9622644955855398,58.333333333333336,0.9545454545298347,0.9937421777221412,1.3323475894604087e-13,0.998981240853689,0
332,385.4138888888889,1.10277777777776,1.0972222222222285,1.1097222222222172,0.9937421777221412,0.03874335040375646,1.0682198786978272,66.66666666666667,1.0909090908912398,0.9887359198998851,6.568699362219377e-09,0.997778803772168,0
333,386.5111111111111,1.0972222222222285,1.0666666666666629,1.1055555555555543,0.9924623115577957,0.035351513565503666,0.9747011845693524,61.111111111111114,0.9999999999836364,0.9648241206030127,8.924087597367292e-13,0.999618364983246,0
334,387.5777777777778,1.0666666666666629,1.033333333333303,1.1041666666666572,0.9660377358490615,0.03439131901174729,0.9482269922485844,55.55555555555556,0.9090909090760331,0.9358490566037542,7.821539504395889e-14,0.9977101075214541,0
335,388.6111111111111,1.033333333333303,1.1083333333333485,1.0999999999999943,0.9393939393939167,0.033509932393355306,0.9239256683627367,55.55555555555556,0.9090909090760331,1.0075757575757767,4.718099283658461e-13,0.9981417367608325,0
336,389.71944444444443,1.1083333333333485,1.11388888888888,1.0999999999999943,1.0075757575757767,0.0372505374422035,1.0270604935623064,61.111111111111114,0.9999999999836364,1.0126262626262599,8.333287185302574e-12,0.9993776425786195,0
337,390.8333333333333,1.11388888888888,1.1222222222222626,1.0999999999999943,1.0126262626262599,0.035107448438902296,0.9679718950986306,61.111111111111114,0.9999999999836364,1.0202020202020623,8.54826355100452e-13,0.9985793542141175,0
338,391.9555555555556,1.1222222222222626,1.1083333333332916,1.0999999999999943,1.0202020202020623,0.03703986704164742,1.021251953325543,61.111111111111114,0.9999999999836364,1.007575757575725,3.6986707099839755e-12,0.998527474921912,0
339,393.06388888888887,1.1083333333332916,1.0944444444444912,1.1041666666666572,1.0037735849056313,0.03391009907793774,0.9349589425325956,55.55555555555556,0.9090909090760331,0.99119496855351,8.982842003872268e-15,0.9977350040943744,0
340,394.15833333333336,1.0944444444444912,1.1166666666666174,1.1041666666666572,0.99119496855351,0.037468620050374477,1.033073400933991,61.111111111111114,0.9999999999836364,1.0113207547169452,2.6052713805735372e-11,0.9994070581358525,0
341,395.275,1.1166666666666174,1.0722222222222513,1.1055555555555259,1.010050251256264,0.03539529201066413,0.9759082305499281,61.111111111111114,0.9999999999836364,0.969849246231208,6.619510170037535e-13,0.9977732270829507,0
342,396.34722222222223,1.0722222222222513,1.1444444444444457,1.10277777777776,0.9722921914358102,0.03534983480210573,0.974654898215317,58.333333333333336,0.9545454545298347,1.0377833753148793,2.952872972181164e-12,0.9990288955500499,0
343,397.4916666666667,1.1444444444444457,1.0944444444444343,1.10833333333332,1.0325814536340987,0.03702648593254469,1.0208830134534463,63.888888888888886,1.045454545437438,0.9874686716792007,4.0474464058082305e-12,0.9988621862721447,0
344,398.5861111111111,1.0944444444444343,1.1611111111110972,1.10833333333332,0.9874686716792007,0.03449318348048501,0.9510355684120976,55.55555555555556,0.9090909090760331,1.0476190476190477,1.0769962260339869e-13,0.9981923575082556,0
345,399.7472222222222,1.1611111111110972,1.1222222222222626,1.1111111111111143,1.0449999999999846,0.035390613788474114,0.9757792440299637,61.111111111111114,0.9999999999836364,1.0100000000000335,1.0315495880446404e-13,0.997885857257885,0
346,400.86944444444447,1.1222222222222626,1.1944444444444002,1.1152777777777487,1.006226650062329,0.035779641947685646,0.9865054101645965,61.111111111111114,0.9999999999836364,1.0709838107098264,3.364718009421508e-12,0.9994924136743903,0
347,402.06388888888887,1.1944444444444002,1.1333333333333258,1.11944444444444,1.0669975186103866,0.03844981393690384,1.060126580473823,63.888888888888886,1.045454545437438,1.012406947890816,2.3475902211772537e-12,0.9986523546973198,0
348,403.1972222222222,1.1333333333333258,1.150000000000034,1.11944444444444,1.012406947890816,0.03668101698358375,1.0113578486211057,58.333333333333336,0.9545454545298347,1.027295285359836,6.691690387569671e-13,0.998131328243766,0
349,404.34722222222223,1.150000000000034,1.10277777777776,1.1277777777777942,1.0197044334975522,0.039361061557771845,1.085251222841689,61.111111111111114,0.9999999999836364,0.977832512315241,1.3976994041320356e-11,0.9985540506901225,0
350,405.45,1.10277777777776,1.1861111111111313,1.1277777777777942,0.977832512315241,0.03694087965211445,1.0185227031151824,58.333333333333336,0.9545454545298347,1.0517241379310371,1.4292628712497812e-11,0.9973606930569385,0
351,406.6361111111111,1.1861111111111313,1.1277777777777942,1.1388888888888857,1.041463414634167,0.03881000135054839,1.070057558339758,61.111111111111114,0.9999999999836364,0.9902439024390416,1.2394690308836775e-12,0.9987139619333711,0
352,407.7638888888889,1.1277777777777942,1.1749999999999545,1.1388888888888857,0.9902439024390416,0.03901144097626919,1.0756115904590746,61.111111111111114,0.9999999999836364,1.0317073170731337,1.2045893449386114e-10,0.9981785519199007,0
353,408.93888888888887,1.1749999999999545,1.1000000000000227,1.14166666666668,1.029197080291919,0.03553025775798337,0.9796294651031417,55.55555555555556,0.9090909090760331,0.9635036496350452,2.4995124886680303e-15,0.997233088832721,0
354,410.0388888888889,1.1000000000000227,1.1416666666666515,1.14166666666668,0.9635036496350452,0.03720085069279433,1.02569054561321,61.111111111111114,0.9999999999836364,0.9999999999999751,3.127727243867895e-11,0.9990537718192596,0
355,411.18055555555554,1.1416666666666515,1.080555555555577,1.1374999999999886,1.0036630036630003,0.03757106864127352,1.035898082336153,61.111111111111114,0.9999999999836364,0.9499389499389783,1.7421668491515718e-12,0.9988069828909606,0
356,412.2611111111111,1.080555555555577,1.1305555555555316,1.1374999999999886,0.9499389499389783,0.03656484588840414,1.0081548145027932,61.111111111111114,0.9999999999836364,0.9938949938949827,4.434294598176791e-11,0.9989486975351352,0
357,413.39166666666665,1.1305555555555316,1.0777777777777828,1.1319444444444287,0.998773006134962,0.03496799638575047,0.9641269654849137,58.333333333333336,0.9545454545298347,0.9521472392638214,6.351290885364333e-14,0.996975382731861,0
358,414.46944444444443,1.0777777777777828,1.1222222222222058,1.1291666666666629,0.9544895448954567,0.03512988324439995,0.9685904607352511,55.55555555555556,0.9090909090760331,0.9938499384993738,3.465887245170801e-13,0.9981930931139464,0
359,415.59166666666664,1.1222222222222058,1.1000000000000227,1.125,0.9975308641975162,0.03710277048658315,1.0229863079855988,61.111111111111114,0.9999999999836364,0.977777777777798,4.677752109272237e-12,0.9983173156678669,0
360,416.69166666666666,1.1000000000000227,1.125,1.125,0.977777777777798,0.037166733485601254,1.024749876348691,63.888888888888886,1.045454545437438,1.0,2.3798635284677516e-10,0.9976559133817747,0
361,417.81666666666666,1.125,1.194444444444457,1.123611111111103,1.001236093943147,0.0370920515759397,1.0226907694400678,61.111111111111114,0.9999999999836364,1.0630407911001427,1.6817847461880753e-11,0.9987675037229,0
362,419.0111111111111,1.194444444444457,1.1194444444444116,1.123611111111103,1.0630407911001427,0.03590533547731105,0.9899709939504667,61.111111111111114,0.9999999999836364,0.9962917181705591,1.8792508442943244e-14,0.9989857855321724,0
363,420.13055555555553,1.1194444444444116,1.1166666666666742,1.1208333333333087,0.9987608426270063,0.03522679530793238,0.9712624906880589,55.55555555555556,0.9090909090760331,0.9962825278810695,4.310403284844312e-14,0.9972836528617224,0
364,421.2472222222222,1.1166666666666742,1.1000000000000227,1.1208333333333087,0.9962825278810695,0.036100311664629584,0.995346818111151,61.111111111111114,0.9999999999836364,0.9814126394052464,1.963053200895737e-12,0.9984540923536543,0
365,422.34722222222223,1.1000000000000227,1.1055555555555543,1.118055555555543,0.9838509316770501,0.03607840419907413,0.9947427921310964,58.333333333333336,0.9545454545298347,0.9888198757764075,8.081671725064521e-13,0.9990160531459256,0
366,423.4527777777778,1.1055555555555543,1.055555555555543,1.118055555555543,0.9888198757764075,0.03874572515649396,1.0682853546583404,63.888888888888886,1.045454545437438,0.9440993788819869,4.6108952767021094e-10,0.9980352095762395,0
367,424.5083333333333,1.055555555555543,1.0666666666666629,1.1111111111111143,0.949999999999986,0.03741537198309609,1.0316052614113054,61.111111111111114,0.9999999999836364,0.9599999999999939,1.9172191612071288e-10,0.9989054835223199,0
368,425.575,1.0666666666666629,1.0777777777777828,1.1111111111111143,0.9599999999999939,0.03526412406446481,0.9722917078145971,55.55555555555556,0.9090909090760331,0.9700000000000017,6.827629824360248e-13,0.996599693889714,0
369,426.65277777777777,1.0777777777777828,1.091666666666697,1.1027777777777885,0.9773299748110782,0.03611682432344319,0.9958021001198318,58.333333333333336,0.9545454545298347,0.9899244332493882,3.7314357333173565e-12,0.9976631078852229,0
370,427.74444444444447,1.091666666666697,1.0666666666666629,1.1027777777777885,0.9899244332493882,0.03883009348144914,1.0706115324646053,66.66666666666667,1.0909090908912398,0.9672544080604405,1.3679799515387003e-08,0.9972218866763574,0
371,428.81111111111113,1.0666666666666629,1.10277777777776,1.0958333333333599,0.973384030418224,0.03679449337220266,1.0144865851093625,61.111111111111114,0.9999999999836364,1.0063371356146618,7.582180716614317e-11,0.9983803073994313,0
372,429.9138888888889,1.10277777777776,1.0749999999999886,1.0958333333333599,1.0063371356146618,0.03747670842830708,1.033296411231345,61.111111111111114,0.9999999999836364,0.9809885931558594,7.443597821454873e-12,0.999549184035346,0
373,430.9888888888889,1.0749999999999886,1.1277777777777942,1.08472222222224,0.9910371318821757,0.0348156155047212,0.9599255661595427,55.55555555555556,0.9090909090760331,1.0396927016645308,2.385499838029187e-13,0.9982016002910821,0
374,432.1166666666667,1.1277777777777942,1.099999999999966,1.08472222222224,1.0396927016645308,0.03550142209219094,0.9788344168924434,55.55555555555556,0.9090909090760331,1.0140845070422055,1.2511945486301003e-14,0.9986642153250485,0
375,433.21666666666664,1.099999999999966,1.1416666666667084,1.08472222222224,1.0140845070422055,0.038286776694604285,1.055631367195222,66.66666666666667,1.0909090908912398,1.0524967989756935,5.813343584293307e-09,0.9973867236224045,0
376,434.35833333333335,1.1416666666667084,1.13611111111112,1.08472222222224,1.0524967989756935,0.03508353024150623,0.9673124298315633,55.55555555555556,0.9090909090760331,1.0473751600512076,6.286458729471605e-15,0.9988350255312657,0
377,435.49444444444447,1.13611111111112,1.10277777777776,1.0958333333333314,1.0367553865652823,0.03603698572851538,0.9936008146527671,61.111111111111114,0.9999999999836364,1.0063371356146877,6.565491965197789e-13,0.997654695353853,0
378,436.59722222222223,1.10277777777776,1.0944444444444343,1.101388888888863,1.0012610340479269,0.033975359166225814,0.9367582738467026,55.55555555555556,0.9090909090760331,0.9936948297604177,2.0342350037522855e-14,0.9965750736714484,0
379,437.69166666666666,1.0944444444444343,1.1416666666666515,1.101388888888863,0.9936948297604177,0.0388716134673943,1.0717563088943067,61.111111111111114,0.9999999999836364,1.03656998738967,2.61380861399374e-10,0.9989734012419718,0
380,438.8333333333333,1.1416666666666515,1.1305555555555884,1.10277777777776,1.035264483627207,0.03802857792242128,1.048512389145391,61.111111111111114,0.9999999999836364,1.0251889168766206,8.270613360839008e-12,0.9974662081864853,0
381,439.9638888888889,1.1305555555555884,1.13611111111112,1.1152777777777771,1.0136986301370163,0.03669465419807859,1.0117338497532131,61.111111111111114,0.9999999999836364,1.018679950186808,2.126550021144813e-12,0.9991504716187625,0
382,441.1,1.13611111111112,1.1055555555555543,1.1291666666666913,1.006150061500601,0.03515182560807169,0.9691954489155582,55.55555555555556,0.9090909090760331,0.9790897908978865,7.524997504726894e-15,0.9988692382701194,0
383,442.2055555555556,1.1055555555555543,1.1083333333332916,1.1291666666666913,0.9790897908978865,0.0358925117568808,0.9896174222293922,58.333333333333336,0.9545454545298347,0.9815498154980966,5.081146549519577e-13,0.9991840559196796,0
384,443.31388888888887,1.1083333333332916,1.1333333333333258,1.11944444444444,0.9900744416873116,0.035476067479768905,0.9781353472269746,58.333333333333336,0.9545454545298347,1.012406947890816,5.597583486137425e-13,0.9979213866540936,0
385,444.4472222222222,1.1333333333333258,0.9611111111111654,1.131944444444457,1.001226993865013,0.037710576722739766,1.0397445567455215,63.888888888888886,1.045454545437438,0.8490797546012655,1.0927521908177251e-11,0.9984550891461798,0
386,445.40833333333336,0.9611111111111654,1.2999999999999545,1.11944444444444,0.858560794044717,0.03558800642188905,0.9812216937077775,61.111111111111114,0.9999999999836364,1.161290322580609,5.434636136669724e-07,0.999407162899705,0
387,446.7083333333333,1.2999999999999545,1.1694444444444798,1.11944444444444,1.161290322580609,0.03509098043562939,0.9675178443189417,55.55555555555556,0.9090909090760331,1.0446650124069836,1.3459839500480707e-18,0.9986989721679986,0
388,447.8777777777778,1.1694444444444798,1.158333333333303,1.131944444444457,1.033128834355848,0.035184573909489314,0.9700983751262068,58.333333333333336,0.9545454545298347,1.0233128834355447,1.719170765219092e-14,0.9982612194318831,0
389,449.0361111111111,1.158333333333303,1.1583333333333599,1.1347222222222229,1.0208078335373043,0.03571584688563563,0.9847464721085325,58.333333333333336,0.9545454545298347,1.0208078335373545,4.15813420479548e-14,0.9992056559891738,0
390,450.19444444444446,1.1583333333333599,1.1444444444444457,1.1347222222222229,1.0208078335373545,0.0350622459750332,0.9667255865071462,61.111111111111114,0.9999999999836364,1.008567931456549,1.2900262997585232e-13,0.9982700309869035,0
391,451.3388888888889,1.1444444444444457,1.13611111111112,1.1402777777777828,1.0036540803897653,0.035362336907107626,0.9749996024535776,61.111111111111114,0.9999999999836364,0.9963459196102348,3.3021803065406974e-13,0.9986747014633571,0
392,452.475,1.13611111111112,1.1305555555555316,1.1402777777777828,0.9963459196102348,0.0345287590771726,0.952016447948384,58.333333333333336,0.9545454545298347,0.9914738124238479,3.4705423349610035e-14,0.9986196340376817,0
393,453.60555555555555,1.1305555555555316,1.1055555555555543,1.1402777777777828,0.9914738124238479,0.03572284799493803,0.9849395045657625,61.111111111111114,0.9999999999836364,0.9695493300852565,5.623523023114141e-13,0.9992290452186561,0
394,454.7111111111111,1.1055555555555543,1.14722222222224,1.1402777777777828,0.9695493300852565,0.03568397873728357,0.9838678132106262,61.111111111111114,0.9999999999836364,1.0060901339829587,4.8690769298420644e-12,0.9989433913359725,0
395,455.85833333333335,1.14722222222224,1.0944444444444343,1.1458333333333428,1.0012121212121283,0.03635190449403783,1.002283659115115,61.111111111111114,0.9999999999836364,0.9551515151514984,5.488332227923665e-13,0.9982243736027213,0
396,456.9527777777778,1.0944444444444343,1.169444444444423,1.1458333333333428,0.9551515151514984,0.0355197160332166,0.9793388118727352,58.333333333333336,0.9545454545298347,1.0206060606060334,2.4970004362800946e-12,0.9983863304523315,0
397,458.1222222222222,1.169444444444423,1.1166666666666742,1.1458333333333428,1.0206060606060334,0.03446308893951215,0.9502058108776439,55.55555555555556,0.9090909090760331,0.974545454545453,8.36108339817088e-16,0.9982298435305721,0
398,459.2388888888889,1.1166666666666742,1.1777777777778056,1.1402777777777828,0.9792935444579803,0.03652083379043436,1.0069413263179936,63.888888888888886,1.045454545437438,1.0328867235079369,6.229940868740513e-11,0.998948543113226,0
399,460.4166666666667,1.1777777777778056,1.1916666666666629,1.1402777777777828,1.0328867235079369,0.03566224086787191,0.9832684632838883,58.333333333333336,0.9545454545298347,1.0450669914738044,2.9613190019725164e-14,0.9987082951162196,0
400,461.60833333333335,1.1916666666666629,1.1833333333333371,1.1402777777777828,1.0450669914738044,0.034386925062732304,0.9481058436221782,58.333333333333336,0.9545454545298347,1.037758830694274,2.666692016742322e-15,0.998843067857303,0
401,462.7916666666667,1.1833333333333371,1.1749999999999545,1.14166666666668,1.0364963503649547,0.034590276648111526,0.9537125917119288,58.333333333333336,0.9545454545298347,1.029197080291919,4.4878994624579244e-15,0.998934968650923,0
402,463.96666666666664,1.1749999999999545,1.1916666666667197,1.1583333333333314,1.0143884892085955,0.03628496091501153,1.0004379111061834,61.111111111111114,0.9999999999836364,1.0287769784173137,3.926218887766869e-13,0.9990185295175934,0
403,465.15833333333336,1.1916666666667197,1.1166666666666174,1.1722222222221887,1.0165876777251928,0.03697958177322667,1.0195897862323886,61.111111111111114,0.9999999999836364,0.9526066350710752,1.5227356593532082e-13,0.9981729486987306,0
404,466.275,1.1166666666666174,1.1833333333333371,1.1722222222221887,0.9526066350710752,0.035107750251717904,0.9679802165898262,58.333333333333336,0.9545454545298347,1.009478672985814,9.057120830234522e-13,0.9975330201627738,0
405,467.4583333333333,1.1833333333333371,1.1305555555555884,1.17638888888888,1.0059031877213804,0.033880431884263755,0.9341409676879457,55.55555555555556,0.9090909090760331,0.9610389610389962,5.805134480655835e-16,0.9967718661708294,0
406,468.5888888888889,1.1305555555555884,1.2194444444444343,1.17638888888888,0.9610389610389962,0.037602757902574814,1.0367718090146802,63.888888888888886,1.045454545437438,1.0365997638724904,2.6200677738508205e-10,0.998800264079459,0
407,469.80833333333334,1.2194444444444343,1.1194444444444684,1.1805555555555713,1.0329411764705658,0.03942641484333992,1.0870531237628667,63.888888888888886,1.045454545437438,0.9482352941176547,8.291557544726214e-12,0.9963446046639688,0
408,470.9277777777778,1.1194444444444684,1.1861111111110745,1.1805555555555713,0.9482352941176547,0.03471643566393692,0.9571910097417897,52.77777777777778,0.8636363636222314,1.0047058823528967,2.8524827221402746e-14,0.996281479695028,0
409,472.1138888888889,1.1861111111110745,1.1277777777777942,1.1833333333333371,1.0023474178403413,0.03574311273485311,0.985498237813877,58.333333333333336,0.9545454545298347,0.9530516431924991,1.446097338013083e-14,0.9979011250958072,0
410,473.2416666666667,1.1277777777777942,1.169444444444423,1.1791666666666458,0.9564193168433759,0.03610713087398386,0.995534835278312,58.333333333333336,0.9545454545298347,0.9917550058892808,7.791303409734884e-13,0.9988271020031239,0
411,474.4111111111111,1.169444444444423,1.1166666666666742,1.1722222222221887,0.9976303317535646,0.03676568055293828,1.01369216681619,61.111111111111114,0.9999999999836364,0.9526066350711238,4.977568379173347e-13,0.9978349146422969,0
412,475.52777777777777,1.1166666666666742,1.1777777777778056,1.1500000000000057,0.971014492753625,0.03495075209855072,0.9636515112407975,58.333333333333336,0.9545454545298347,1.0241545893719999,4.2953043465771e-13,0.998432547572962,0
413,476.7055555555556,1.1777777777778056,1.125,1.1500000000000057,1.0241545893719999,0.038218917130859544,1.0537603639341084,61.111111111111114,0.9999999999836364,0.9782608695652125,1.044271331733515e-12,0.9987066106398423,0
414,477.8305555555556,1.125,1.1444444444444457,1.1500000000000057,0.9782608695652125,0.03484955559244205,0.9608613519398208,55.55555555555556,0.9090909090760331,0.9951690821256001,2.934912919248453e-14,0.9978841956285608,0
415,478.975,1.1444444444444457,1.1111111111110858,1.137500000000017,1.006105006104992,0.03732181273167183,1.0290256741746324,61.111111111111114,0.9999999999836364,0.9768009768009399,1.8118950350504148e-12,0.9987652916940502,0
416,480.0861111111111,1.1111111111110858,1.13611111111112,1.13611111111112,0.9779951100244201,0.03531910078158267,0.9738075091451179,58.333333333333336,0.9545454545298347,1.0,3.750599548817124e-13,0.9986216378532993,0
417,481.22222222222223,1.13611111111112,1.0972222222222285,1.131944444444457,1.0036809815950887,0.03516495914493431,0.9695575628011168,58.333333333333336,0.9545454545298347,0.9693251533742279,6.399567019973323e-14,0.9974375275235807,0
418,482.31944444444446,1.0972222222222285,1.099999999999966,1.131944444444457,0.9693251533742279,0.034306012244404695,0.9458749399941161,55.55555555555556,0.9090909090760331,0.9717791411042535,2.683152535061257e-14,0.9987263724269302,0
419,483.4194444444444,1.099999999999966,1.0972222222222285,1.126388888888897,0.9765721331688898,0.03973825837838827,1.0956511789055048,66.66666666666667,1.0909090908912398,0.9741060419235497,6.92863579843106e-08,0.996766460547158,0
420,484.51666666666665,1.0972222222222285,1.091666666666697,1.1208333333333371,0.978934324659234,0.03547294334280902,0.9780492094725071,58.333333333333336,0.9545454545298347,0.97397769516731,3.934037069632662e-13,0.9990568196079883,0
421,485.60833333333335,1.091666666666697,1.1083333333332916,1.11388888888888,0.9800498753117557,0.03768254502885135,1.0389716754037395,61.111111111111114,0.9999999999836364,0.9950124688279006,5.3129486921044133e-11,0.9985646331833319,0
422,486.71666666666664,1.1083333333332916,1.0666666666667197,1.1097222222221887,0.998748435544423,0.0349518350970667,0.9636813713466303,55.55555555555556,0.9090909090760331,0.9612015018774235,1.9289305124969153e-14,0.9981358780535032,0
423,487.78333333333336,1.0666666666667197,1.0944444444444343,1.1041666666666288,0.9660377358491378,0.0353399415443991,0.9743821243215477,55.55555555555556,0.9090909090760331,0.991194968553484,7.355077918241859e-13,0.9970809045101315,0
424,488.8777777777778,1.0944444444444343,1.0583333333333371,1.0986111111110972,0.9962073324905217,0.03825062900098728,1.0546347139763248,63.888888888888886,1.045454545437438,0.9633375474083595,5.557665438971071e-10,0.9970822726037923,0
425,489.93611111111113,1.0583333333333371,1.0805555555555202,1.0972222222222285,0.9645569620253144,0.037241724768005344,1.026817513188517,58.333333333333336,0.9545454545298347,0.9848101265822405,2.5652667490216885e-11,0.9985303085762461,0
426,491.01666666666665,1.0805555555555202,1.0722222222222513,1.0958333333333314,0.9860583016476246,0.037621778328244496,1.0372962344087133,63.888888888888886,1.045454545437438,0.9784537389100408,4.2668299449211133e-10,0.9980620271113477,0
427,492.0888888888889,1.0722222222222513,1.11388888888888,1.0930555555555657,0.9809402795425842,0.03475558009110557,0.9582702879871149,58.333333333333336,0.9545454545298347,1.0190597204574159,1.39762940803978e-12,0.9976140753157609,0
428,493.2027777777778,1.11388888888888,1.1222222222222058,1.0930555555555657,1.0190597204574159,0.037854207724871455,1.0437047070700396,58.333333333333336,0.9545454545298347,1.026683608640382,5.32518170184848e-12,0.9976824610103006,0
429,494.325,1.1222222222222058,1.1611111111110972,1.0930555555555657,1.026683608640382,0.03680197849083609,1.0146929625247207,55.55555555555556,0.9090909090760331,1.0622617534942596,5.615752004042851e-13,0.9967971258505065,0
430,495.4861111111111,1.1611111111110972,1.172222222222274,1.0930555555555657,1.0622617534942596,0.03664681416059534,1.0104148187839064,61.111111111111114,0.9999999999836364,1.072426937738284,8.936453465245575e-13,0.9980877169222214,0
431,496.65833333333336,1.172222222222274,1.136111111111063,1.101388888888863,1.064312736443956,0.036848155622259966,1.0159661443537098,63.888888888888886,1.045454545437438,1.031525851197963,1.5668655609091253e-12,0.9983106995397258,0
432,497.7944444444444,1.136111111111063,1.1555555555555657,1.1041666666666572,1.0289308176100282,0.03340720649742722,0.9210933411906194,52.77777777777778,0.8636363636222314,1.0465408805031629,9.164341682711078e-16,0.9961604139130541,0
433,498.95,1.1555555555555657,1.1555555555555657,1.118055555555543,1.033540372670828,0.035531549316518064,0.9796650755624046,58.333333333333336,0.9545454545298347,1.033540372670828,4.7267525044849754e-14,0.9983716326608115,0
434,500.10555555555555,1.1555555555555657,1.1833333333333371,1.1291666666666345,1.0233702337023751,0.038239180680780784,1.0543190643720746,66.66666666666667,1.0909090908912398,1.0479704797048304,6.082830905640435e-10,0.9970491083964963,0
435,501.2888888888889,1.1833333333333371,1.1999999999999886,1.1458333333333144,1.0327272727272931,0.03571110481619863,0.984615725211685,58.333333333333336,0.9545454545298347,1.0472727272727347,2.8356660688186666e-14,0.9986125460768653,0
436,502.4888888888889,1.1999999999999886,1.1777777777778056,1.1555555555555657,1.0384615384615195,0.03496614256754255,0.9640758525728773,58.333333333333336,0.9545454545298347,1.0192307692307843,4.0330220174751574e-15,0.9981255368916981,0
437,503.6666666666667,1.1777777777778056,1.1499999999999773,1.1583333333333314,1.016786570743431,0.034477390022346864,0.9506001159857913,55.55555555555556,0.9090909090760331,0.9928057553956654,8.258947106599772e-16,0.9985635040561602,0
438,504.81666666666666,1.1499999999999773,1.2138888888889028,1.1583333333333314,0.9928057553956654,0.03660217054255773,1.0091839185197893,61.111111111111114,0.9999999999836364,1.0479616306954573,3.352968727318717e-12,0.9991817956383082,0
439,506.03055555555557,1.2138888888889028,1.158333333333303,1.1666666666666856,1.0404761904761854,0.034777476415810915,0.9588740067950372,58.333333333333336,0.9545454545298347,0.9928571428571007,7.731676508472259e-16,0.9992323944433585,0
440,507.18888888888887,1.158333333333303,1.227777777777817,1.1652777777777885,0.9940405244338146,0.03686469592167728,1.016422188460713,63.888888888888886,1.045454545437438,1.0536352800953754,3.8937592733434556e-11,0.9976541101470144,0
441,508.4166666666667,1.227777777777817,1.1916666666666629,1.1680555555555543,1.0511296076100227,0.03658680353277824,1.0087602239979803,61.111111111111114,0.9999999999836364,1.0202140309155745,2.6893980477945417e-14,0.9990689852166876,0
442,509.60833333333335,1.1916666666666629,1.213888888888846,1.1805555555555713,1.0094117647058656,0.03451865982876706,0.9517379945416891,55.55555555555556,0.9090909090760331,1.028235294117597,1.5799627214586843e-15,0.9981776376391429,0
443,510.8222222222222,1.213888888888846,1.1861111111111313,1.1875,1.022222222222186,0.035434014620109804,0.9769758785652353,61.111111111111114,0.9999999999836364,0.9988304093567422,1.646600878649901e-14,0.9993100860414763,0
444,512.0083333333333,1.1861111111111313,1.22777777777776,1.188888888888897,0.9976635514018792,0.03392900596535875,0.9354802374845539,52.77777777777778,0.8636363636222314,1.0327102803738097,6.010741140689976e-16,0.9961398170340019,0
445,513.2361111111111,1.22777777777776,1.2000000000000455,1.1958333333333258,1.0267131242740917,0.034351158406823144,0.9471196962591198,55.55555555555556,0.9090909090760331,1.0034843205575357,1.442022108979121e-16,0.9981797558969292,0
446,514.4361111111111,1.2000000000000455,1.2250000000000227,1.1958333333333542,1.003484320557512,0.03198575566197808,0.8819015309007384,50.0,0.8181818181684297,1.0243902439024402,7.902288829471201e-18,0.9934531084169942,0
447,515.6611111111112,1.2250000000000227,1.191666666666606,1.2069444444444457,1.014959723820501,0.03387138811577427,0.9338916156526124,55.55555555555556,0.9090909090760331,0.9873417721518475,1.2178717801472155e-16,0.9975879945272861,0
448,516.8527777777778,1.191666666666606,1.1888888888888687,1.2069444444444457,0.9873417721518475,0.03584489643912551,0.988304587164106,58.333333333333336,0.9545454545298347,0.985040276179499,2.5840661126716805e-14,0.9987424404249696,0
449,518.0416666666666,1.1888888888888687,1.1555555555555657,1.1958333333333542,0.9941927990708136,0.03492205093839953,0.9628601715787476,55.55555555555556,0.9090909090760331,0.9663182346109092,9.826392163405696e-16,0.9990418272695363,0
450,519.1972222222222,1.1555555555555657,1.1527777777778283,1.1958333333333542,0.9663182346109092,0.03617559723072557,0.9974225688514626,61.111111111111114,0.9999999999836364,0.9639953542392822,1.083352700083362e-12,0.9982089384399537,0
451,520.35,1.1527777777778283,1.1611111111110404,1.1916666666666345,0.9673659673660359,0.03651446121084016,1.0067656234907945,58.333333333333336,0.9545454545298347,0.9743589743589414,2.8520434169725106e-13,0.9987972402932402,0
452,521.5111111111111,1.1611111111110404,1.216666666666697,1.1902777777777374,0.9754959159859714,0.035203714424320014,0.9706261115820782,58.333333333333336,0.9545454545298347,1.0221703617270146,9.645296985150847e-14,0.9987952397567066,0
453,522.7277777777778,1.216666666666697,1.161111111111154,1.1902777777777374,1.0221703617270146,0.03561596080142182,0.9819924433616503,58.333333333333336,0.9545454545298347,0.9754959159860669,4.247890982787524e-15,0.9975865446654832,0
454,523.8888888888889,1.161111111111154,1.25,1.1902777777777374,0.9754959159860669,0.03815152357585827,1.051902209324395,66.66666666666667,1.0909090908912398,1.0501750291715644,2.3290491757421705e-09,0.9967399247409403,0
455,525.1388888888889,1.25,1.191666666666606,1.1902777777777374,1.0501750291715644,0.03633741933253216,1.0018842786458149,63.888888888888886,1.045454545437438,1.001166861143507,5.295317610505383e-14,0.9982332997925222,0
456,526.3305555555555,1.191666666666606,1.1388888888889142,1.1902777777777374,1.001166861143507,0.036957934108917026,1.0189929234132995,61.111111111111114,0.9999999999836364,0.9568261376896686,2.1369741371422835e-13,0.998555765835277,0
457,527.4694444444444,1.1388888888889142,1.1888888888888687,1.1750000000000114,0.9692671394799176,0.036401471212357345,1.0036502976034989,61.111111111111114,0.9999999999836364,1.0118203309692402,3.474632474104178e-12,0.9992464381212673,0
458,528.6583333333333,1.1888888888888687,1.113888888888937,1.1750000000000114,1.0118203309692402,0.03510805402672348,0.9679885921819272,55.55555555555556,0.9090909090760331,0.9479905437352563,8.098648238914264e-16,0.998080323368568,0
459,529.7722222222222,1.113888888888937,1.125,1.1611111111110972,0.9593301435407227,0.038166405844229596,1.0523125387034677,66.66666666666667,1.0909090908912398,0.968899521531112,5.407625902620339e-09,0.9974553206501415,0
460,530.8972222222222,1.125,1.0416666666666288,1.1611111111110972,0.968899521531112,0.035208043932890364,0.970745483476136,55.55555555555556,0.9090909090760331,0.8971291866028489,1.6495807405583415e-14,0.9972768171344221,0
461,531.9388888888889,1.0416666666666288,1.0805555555555202,1.1611111111110972,0.8971291866028489,0.03557826301232713,0.9809530513814977,58.333333333333336,0.9545454545298347,0.9306220095693587,3.3002066357479265e-11,0.9976223031366468,0
462,533.0194444444444,1.0805555555555202,1.1861111111111313,1.150000000000034,0.9396135265699896,0.03816055358076003,1.052151181874272,61.111111111111114,0.9999999999836364,1.031400966183562,8.812296448112988e-10,0.9986181006553878,0
463,534.2055555555555,1.1861111111111313,1.091666666666697,1.150000000000034,1.031400966183562,0.03791217197629016,1.0453028797880424,61.111111111111114,0.9999999999836364,0.9492753623188388,3.1385644408930824e-13,0.9984573357702031,0
464,535.2972222222222,1.091666666666697,1.1416666666666515,1.131944444444457,0.9644171779141264,0.039096067806142,1.0779448956843385,66.66666666666667,1.0909090908912398,1.00858895705519,1.1194045157481014e-07,0.9961932515021067,0
465,536.4388888888889,1.1416666666666515,1.10277777777776,1.131944444444457,1.00858895705519,0.03742250288601955,1.0318018724987958,61.111111111111114,0.9999999999836364,0.9742331288343293,1.5543816234142582e-12,0.9994199734938624,0
466,537.5416666666666,1.10277777777776,1.1055555555556111,1.1194444444444684,0.9851116625309805,0.036341192191432975,1.0019883027644152,61.111111111111114,0.9999999999836364,0.9875930521092097,5.1925555868970186e-12,0.9989147545014292,0
467,538.6472222222222,1.1055555555556111,1.0749999999999318,1.109722222222274,0.9962453066332952,0.03603203516481257,0.9934643192154083,58.333333333333336,0.9545454545298347,0.9687108886106568,4.5414553736557173e-13,0.9981506990609113,0
468,539.7222222222222,1.0749999999999318,0.9833333333333485,1.1041666666666856,0.9735849056602989,0.03649019906565616,1.006096674999884,61.111111111111114,0.9999999999836364,0.8905660377358475,1.3301095468098989e-11,0.9974132420026708,0
469,540.7055555555555,0.9833333333333485,1.0861111111111086,1.0972222222222285,0.8962025316455783,0.03724499262811999,1.0269076136341133,61.111111111111114,0.9999999999836364,0.9898734177215109,2.9436117543468754e-08,0.9986641326623182,0
470,541.7916666666666,1.0861111111111086,1.036111111111154,1.0888888888889028,0.9974489795918217,0.039403071183633044,1.0864094994742965,63.888888888888886,1.045454545437438,0.9515306122449253,2.1987913711996043e-09,0.998013755212164,0
471,542.8277777777778,1.036111111111154,1.0138888888889142,1.0888888888889028,0.9515306122449253,0.03850280884313573,1.0615877399170996,66.66666666666667,1.0909090908912398,0.9311224489796032,1.3799171938444488e-07,0.9979133568166328,0
472,543.8416666666667,1.0138888888889142,1.0638888888888687,1.0888888888889028,0.9311224489796032,0.03757051844659887,1.0358829125358522,61.111111111111114,0.9999999999836364,0.9770408163264995,2.7332267560353785e-09,0.9989772888517605,0
473,544.9055555555556,1.0638888888888687,1.011111111111063,1.0805555555555202,0.9845758354755919,0.03679790805131208,1.014580733603647,61.111111111111114,0.9999999999836364,0.9357326478148962,2.0990757743089006e-11,0.9984424469195663,0
474,545.9166666666666,1.011111111111063,1.0500000000000682,1.0694444444444002,0.9454545454545397,0.03486548645337591,0.9613005927942375,58.333333333333336,0.9545454545298347,0.9818181818182862,2.201369815602039e-11,0.9975904694124552,0
475,546.9666666666667,1.0500000000000682,1.0277777777777146,1.0569444444444684,0.9934296977661392,0.0355017029052662,0.9788421593851825,52.77777777777778,0.8636363636222314,0.9724047306175265,1.3249915487706376e-12,0.9912777220163913,0
476,547.9944444444444,1.0277777777777146,1.0055555555555884,1.0430555555556111,0.9853528628494209,0.03583743290828499,0.988098804960811,77.77777777777777,1.2727272727064463,0.9640479360851998,0.00036373327020555735,0.9873163748956979,0
477,549.0,1.0055555555555884,1.0638888888888687,1.0319444444444343,0.9744279946164612,0.03653534332326939,1.0073413787461774,58.333333333333336,0.9545454545298347,1.0309555854643242,3.3265490362310857e-10,0.996140756214888,0
478,550.0638888888889,1.0638888888888687,1.0527777777778056,1.0319444444444343,1.0309555854643242,0.03753868764553241,1.0350052833659502,61.111111111111114,0.9999999999836364,1.0201884253028632,2.0373802644968464e-10,0.9951861195375956,0
479,551.1166666666667,1.0527777777778056,1.0083333333333258,1.0430555555556111,1.0093209054593604,0.039628297175681365,1.0926193620545377,61.111111111111114,0.9999999999836364,0.9667110519307002,2.3078253263975057e-07,0.9868343307571072,0
480,552.125,1.0083333333333258,1.069444444444457,1.0319444444444343,0.9771197846567989,0.03860373453512883,1.0643704324136143,61.111111111111114,0.9999999999836364,1.03633916554511,4.848170931381901e-08,0.9947658484872437,0
481,553.1944444444445,1.069444444444457,1.0583333333332803,1.0388888888888914,1.029411764705892,0.0358954250937915,0.98969774786899,58.333333333333336,0.9545454545298347,1.0187165775400535,4.883241814385153e-12,0.9948245339442117,0
482,554.2527777777777,1.0583333333332803,0.9694444444444343,1.051388888888937,1.006605019814963,0.0346219324263386,0.954585395205313,55.55555555555556,0.9090909090760331,0.9220607661822469,9.898467001568864e-14,0.9955956321661544,0
483,555.2222222222222,0.9694444444444343,1.0055555555555884,1.0388888888888914,0.9331550802138917,0.03645834115061708,1.0052182982517721,61.111111111111114,0.9999999999836364,0.9679144385027031,6.055029366791587e-09,0.997384115502073,0
484,556.2277777777778,1.0055555555555884,0.9805555555556111,1.0388888888888914,0.9679144385027031,0.03482281319848689,0.9601240187838296,55.55555555555556,0.9090909090760331,0.9438502673797303,3.5701563233514477e-12,0.9952823236051465,0
485,557.2083333333334,0.9805555555556111,1.02222222222224,1.0180555555555202,0.9631650750341945,0.035971681628214985,0.9918002698528368,58.333333333333336,0.9545454545298347,1.0040927694407071,2.832915013684101e-10,0.9971467001745679,0
486,558.2305555555556,1.02222222222224,1.0777777777776691,1.0152777777777828,1.0068399452804502,0.03576155902877683,0.9860068334219562,58.333333333333336,0.9545454545298347,1.0615595075238276,2.192649534160651e-11,0.9983486985718251,0
487,559.3083333333333,1.0777777777776691,1.1027777777778738,1.0375000000000227,1.0388219544844777,0.03749313556880141,1.0337493353549256,58.333333333333336,0.9545454545298347,1.062918340026843,1.853827681641551e-11,0.9972351041164003,0
488,560.4111111111112,1.1027777777778738,1.088888888888846,1.0375000000000227,1.062918340026843,0.034843819868280224,0.9607032082969881,58.333333333333336,0.9545454545298347,1.049531459169949,9.515396012359928e-14,0.9981319391562196,0
489,561.5,1.088888888888846,1.1305555555555884,1.04027777777776,1.0467289719625934,0.03675814157560414,1.0134843044251098,61.111111111111114,0.9999999999836364,1.0867823765020528,4.450707510872398e-11,0.9965898011370706,0
490,562.6305555555556,1.1305555555555884,1.1055555555554974,1.0638888888888687,1.0626631853786412,0.034008891546424454,0.9376828184391282,58.333333333333336,0.9545454545298347,1.039164490861584,2.2533426066360072e-14,0.9963961985550595,0
491,563.7361111111111,1.1055555555554974,1.1111111111110858,1.0680555555554747,1.035110533159972,0.03445319026593516,0.9499328876591434,58.333333333333336,0.9545454545298347,1.0403120936281436,6.655905617240429e-14,0.9990262235058529,0
492,564.8472222222222,1.1111111111110858,1.127777777777851,1.0833333333332575,1.0256410256410742,0.03432151218582502,0.9463022996667128,55.55555555555556,0.9090909090760331,1.0410256410257814,4.312130215617174e-14,0.9956871767304039,0
493,565.975,1.127777777777851,1.122222222222149,1.0958333333333599,1.0291508238276719,0.03534116373847525,0.9744158222850475,58.333333333333336,0.9545454545298347,1.0240811153357765,1.0366977187727805e-13,0.9980590113058541,0
494,567.0972222222222,1.122222222222149,1.1388888888889142,1.1041666666666856,1.016352201257778,0.03382707293815279,0.9326697710477975,55.55555555555556,0.9090909090760331,1.0314465408805082,1.5129841417259662e-14,0.9959787201119594,0
495,568.2361111111111,1.1388888888889142,1.1305555555555884,1.1083333333332916,1.0275689223058257,0.03605092624137288,0.993985178235122,58.333333333333336,0.9545454545298347,1.0200501253133512,1.651987195042809e-13,0.9979201441064488,0
496,569.3666666666667,1.1305555555555884,1.136111111111063,1.1166666666666174,1.0124378109453478,0.03456156641979216,0.9529210020251029,58.333333333333336,0.9545454545298347,1.017412935323385,7.944559859149672e-14,0.9970795095637945,0
497,570.5027777777777,1.136111111111063,1.150000000000091,1.125,1.0098765432098338,0.03648963283504359,1.006081063061578,58.333333333333336,0.9545454545298347,1.022222222222303,6.771900748492321e-13,0.9971602311393994,0
498,571.6527777777778,1.150000000000091,1.1305555555554747,1.1291666666667197,1.0184501845018776,0.03715343073599092,1.0243830969806962,61.111111111111114,0.9999999999836364,1.0012300123000044,1.4430237603793583e-12,0.9986095449409713,0
499,572.7833333333333,1.1305555555554747,1.1444444444445026,1.1305555555555316,0.9999999999999497,0.03256042640379266,0.8977461778844139,50.0,0.8181818181684297,1.0122850122850853,8.455378679279475e-17,0.9947543524832716,0
500,573.9277777777778,1.1444444444445026,1.1138888888888232,1.1305555555555316,1.0122850122850853,0.036854874028998265,1.016151382221789,61.111111111111114,0.9999999999836364,0.985257985257948,1.2948314295768704e-12,0.9982389472172601,0
501,575.0416666666666,1.1138888888888232,1.1083333333333485,1.1305555555555316,0.985257985257948,0.03450872454728245,0.9514640619810892,55.55555555555556,0.9090909090760331,0.9803439803440146,1.7946786702691293e-14,0.9980686286295462,0
502,576.15,1.1083333333333485,1.1083333333333485,1.1305555555555316,0.9803439803440146,0.03664842132536705,1.0104591310423867,58.333333333333336,0.9545454545298347,0.9803439803440146,1.6070819805133474e-12,0.9980433473606085,0
503,577.2583333333333,1.1083333333333485,1.125,1.1305555555555316,0.9803439803440146,0.03367108952771143,0.9283690438767062,55.55555555555556,0.9090909090760331,0.9950859950860163,1.511991757924963e-14,0.997518462506027,0
504,578.3833333333333,1.125,1.125,1.1305555555555316,0.9950859950860163,0.03554470753841562,0.9800278700562417,55.55555555555556,0.9090909090760331,0.9950859950860163,4.310535083170905e-14,0.9979634580277668,0
505,579.5083333333333,1.125,1.1111111111110858,1.1277777777777374,0.9975369458128437,0.03799326747116254,1.0475388201182598,61.111111111111114,0.9999999999836364,0.9852216748768602,1.213156918672409e-11,0.998549814854961,0
506,580.6194444444444,1.1111111111110858,1.1166666666666742,1.125,0.9876543209876318,0.036746714769907485,1.013169248012384,61.111111111111114,0.9999999999836364,0.9925925925925994,7.107975666387212e-12,0.9985526567771056,0
507,581.7361111111111,1.1166666666666742,1.0888888888889596,1.1208333333333371,0.9962825278810443,0.03399574419802333,0.9373203237460288,55.55555555555556,0.9090909090760331,0.9714993804213733,1.4143886596326184e-14,0.9957749089284931,0
508,582.825,1.0888888888889596,1.1527777777777146,1.1152777777777487,0.9763387297634761,0.036874016306395266,1.0166791672746025,61.111111111111114,0.9999999999836364,1.0336239103362095,6.449178691081414e-11,0.9980031958566753,0
509,583.9777777777778,1.1527777777777146,1.1083333333333485,1.1152777777777487,1.0336239103362095,0.03609840894940287,0.9952943570253776,58.333333333333336,0.9545454545298347,0.993773349937773,6.422714736355889e-14,0.9977368721209023,0
510,585.0861111111111,1.1083333333333485,1.14722222222224,1.1124999999999545,0.9962546816479945,0.03711624261867849,1.0233577575159751,61.111111111111114,0.9999999999836364,1.031210986267224,1.787326710245285e-11,0.9987369028871433,0
511,586.2333333333333,1.14722222222224,1.0833333333333712,1.11388888888888,1.029925187032443,0.03591909269081233,0.9903503036586982,55.55555555555556,0.9090909090760331,0.9725685785536577,6.5494628831105385e-15,0.9988398191340504,0
512,587.3166666666667,1.0833333333333712,1.1083333333332348,1.11388888888888,0.9725685785536577,0.03568883393384613,0.9840016792141871,61.111111111111114,0.9999999999836364,0.9950124688278497,6.684333208467619e-12,0.9993816285382778,0
513,588.425,1.1083333333332348,1.1111111111111995,1.11388888888888,0.9950124688278497,0.03269737594880922,0.9015221091046298,52.77777777777778,0.8636363636222314,0.9975062344140524,3.4864305978207734e-15,0.9925856138903819,0
514,589.5361111111112,1.1111111111111995,1.0972222222221717,1.1111111111111427,1.000000000000051,0.03552641956383553,0.9795236395809734,61.111111111111114,0.9999999999836364,0.9874999999999264,9.380590922092313e-13,0.9992607308683502,0
515,590.6333333333333,1.0972222222221717,1.091666666666697,1.1097222222222172,0.9887359198998338,0.036675454123850725,1.01120447114375,61.111111111111114,0.9999999999836364,0.9837296620776288,2.1460114935090147e-11,0.99633057863006,0
516,591.725,1.091666666666697,1.055555555555543,1.1083333333332916,0.984962406015102,0.035845458545167325,0.9883200853810012,61.111111111111114,0.9999999999836364,0.9523809523809768,2.1929118677183057e-12,0.9991323647933477,0
517,592.7805555555556,1.055555555555543,1.1055555555554974,1.1027777777777032,0.957178841309877,0.03637684520968185,1.002971316944452,61.111111111111114,0.9999999999836364,1.0025188916876724,1.173592056868955e-10,0.9982296700217483,0
518,593.8861111111111,1.1055555555554974,1.1333333333333258,1.1069444444443661,0.998745294855727,0.035875003859872905,0.9891346998157875,58.333333333333336,0.9545454545298347,1.0238393977415963,7.063979392749054e-13,0.99872723341572,0
519,595.0194444444444,1.1333333333333258,1.1027777777778738,1.1069444444443661,1.0238393977415963,0.03594506929733141,0.9910665227563141,55.55555555555556,0.9090909090760331,0.996235884567284,2.7926139252085723e-14,0.9977843542013622,0
520,596.1222222222223,1.1027777777778738,1.1166666666666742,1.1041666666666856,0.9987421383648497,0.03646512357702277,1.0054053012506574,61.111111111111114,0.9999999999836364,1.0113207547169707,8.404350132495964e-12,0.9981315547344826,0
521,597.2388888888889,1.1166666666666742,1.1055555555554974,1.1041666666666856,1.0113207547169707,0.037946722942406266,1.046255508521717,61.111111111111114,0.9999999999836364,1.0012578616351504,1.5433985686708063e-11,0.9983967686074393,0
522,598.3444444444444,1.1055555555554974,1.0499999999999545,1.1055555555554974,1.0,0.03694513176613889,1.0186399411103497,61.111111111111114,0.9999999999836364,0.9497487437186017,5.168455507326142e-12,0.9977176493450963,0
523,599.3944444444444,1.0499999999999545,1.1305555555555884,1.1041666666666856,0.9509433962263576,0.03335703904226335,0.919710139368597,55.55555555555556,0.9090909090760331,1.0238993710691946,4.443823510124484e-13,0.9964488521468651,0
524,600.525,1.1305555555555884,1.0611111111111313,1.1041666666666856,1.0238993710691946,0.03564783275812445,0.9828712072622406,58.333333333333336,0.9545454545298347,0.9610062893081779,7.401006619622147e-14,0.9972652143614477,0
525,601.5861111111111,1.0611111111111313,1.1499999999999773,1.1041666666666856,0.9610062893081779,0.03568821587366049,0.9839846382466493,58.333333333333336,0.9545454545298347,1.0415094339622257,1.2378914733546242e-11,0.9982978551029023,0
526,602.7361111111111,1.1499999999999773,1.0666666666667197,1.1055555555554974,1.0402010050251598,0.03856485489410345,1.0632984547713316,61.111111111111114,0.9999999999836364,0.9648241206031137,2.885190567361584e-12,0.998450390564025,0
527,603.8027777777778,1.0666666666667197,1.0944444444444343,1.1055555555554974,0.9648241206031137,0.037064814594297626,1.0219397996627362,63.888888888888886,1.045454545437438,0.9899497487437615,1.1023411072841327e-09,0.9973737230547683,0
528,604.8972222222222,1.0944444444444343,1.1055555555554974,1.1041666666666856,0.9911949685534329,0.035358085988703436,0.9748823974236885,58.333333333333336,0.9545454545298347,1.0012578616351504,6.877270020827497e-13,0.9977726500974167,0
529,606.0027777777777,1.1055555555554974,1.0833333333333712,1.1041666666666856,1.0012578616351504,0.03597620448852133,0.9919249727821773,58.333333333333336,0.9545454545298347,0.9811320754717155,3.8928346765727817e-13,0.9986044165881913,0
530,607.0861111111111,1.0833333333333712,1.1000000000000227,1.099999999999966,0.9848484848485498,0.034707207536049084,0.9569365746051733,58.333333333333336,0.9545454545298347,1.0000000000000517,6.426382321254864e-13,0.9973852230998397,0
531,608.1861111111111,1.1000000000000227,1.0749999999999318,1.0972222222222285,1.0025316455696351,0.03513362991959075,0.9686937629245591,58.333333333333336,0.9545454545298347,0.9797468354429701,1.418038592364973e-13,0.9990329901150043,0
532,609.2611111111111,1.0749999999999318,1.0722222222223081,1.0888888888889028,0.9872448979591084,0.03807419798091978,1.0497702115290413,61.111111111111114,0.9999999999836364,0.9846938775510867,3.166982509572591e-10,0.9960870171256345,0
533,610.3333333333334,1.0722222222223081,0.7194444444444343,1.0888888888889028,0.9846938775510867,0.03599530356822676,0.9924515668013716,61.111111111111114,0.9999999999836364,0.660714285714268,1.3945616579927322e-12,0.9992664123236734,0
534,611.0527777777778,0.7194444444444343,1.39722222222224,1.0791666666666515,0.6666666666666666,0.03947507386066771,1.0883947353954633,130.55555555555554,2.1363636363286775,1.2947232947233294,0.9530537128448486,0.25775068646469423,1
535,612.45,1.39722222222224,1.0833333333332575,1.0888888888889028,1.2831632653061222,0.03374720670934639,0.9304677236678331,55.55555555555556,0.9090909090760331,0.9948979591835911,9.728418475705915e-22,0.9958549539907098,0
536,613.5333333333333,1.0833333333332575,1.0861111111111086,1.0833333333333144,0.9999999999999475,0.035778356686750896,0.9864699733408446,58.333333333333336,0.9545454545298347,1.0025641025641179,2.0337674686704554e-12,0.9967169877786202,0
537,614.6194444444444,1.0861111111111086,0.7722222222222399,1.08472222222224,1.0012804097310952,0.033832328283517565,0.932814669832481,55.55555555555556,0.9090909090760331,0.7119078104993645,1.05974187267205e-15,0.996693224871807,0
538,615.3916666666667,0.7722222222222399,1.2944444444444798,1.0833333333333144,0.7128205128205416,0.04352526816888379,1.2000654615339472,116.66666666666667,1.9090909090596695,1.1948717948718484,0.9291544556617737,0.22504036909445946,1
539,616.6861111111111,1.2944444444444798,1.10277777777776,1.0833333333333144,1.1948717948718484,0.023577014874850567,0.6500582863176392,38.888888888888886,0.6363636363532231,1.0179487179487194,2.6127608344158013e-22,0.9423041740060576,0
540,617.7888888888889,1.10277777777776,1.1333333333333258,1.084722222222183,1.016645326504502,0.03534509193072018,0.9745241292073877,58.333333333333336,0.9545454545298347,1.0448143405890191,4.710599857231379e-13,0.9983630069005159,0
541,618.9222222222222,1.1333333333333258,1.0722222222221944,1.084722222222183,1.0448143405890191,0.03605406260941199,0.9940716532211874,58.333333333333336,0.9545454545298347,0.9884763124199845,7.804239025854809e-14,0.997978921181084,0
542,619.9944444444444,1.0722222222221944,1.0750000000000455,1.084722222222183,0.9884763124199845,0.03398022773516199,0.9368925085492834,55.55555555555556,0.9090909090760331,0.99103713188228,6.314462570444074e-14,0.9971928980321725,0
543,621.0694444444445,1.0750000000000455,1.055555555555543,1.084722222222183,0.99103713188228,0.03636489942439959,1.0026419513843705,58.333333333333336,0.9545454545298347,0.9731113956466304,1.84991648735644e-12,0.9988639431115776,0
544,622.125,1.055555555555543,1.1055555555556111,1.084722222222183,0.9731113956466304,0.03641008991334866,1.0038879298070005,61.111111111111114,0.9999999999836364,1.0192061459667974,9.238409343081955e-11,0.9983343400248436,0
545,623.2305555555556,1.1055555555556111,1.0749999999999318,1.084722222222183,1.0192061459667974,0.035110172816542745,0.968047010810676,58.333333333333336,0.9545454545298347,0.9910371318821752,9.105286376221919e-14,0.9989192784837151,0
546,624.3055555555555,1.0749999999999318,1.125,1.080555555555577,0.9948586118251099,0.03791376368975849,1.0453467660278832,63.888888888888886,1.045454545437438,1.041131105398437,2.4536119802576195e-09,0.9968763118221577,0
547,625.4305555555555,1.125,1.069444444444457,1.0888888888889028,1.0331632653061094,0.03336601032269308,0.9199574927851843,55.55555555555556,0.9090909090760331,0.9821428571428562,2.3846694323386873e-15,0.9955348623325774,0
548,626.5,1.069444444444457,1.0972222222221717,1.0888888888889028,0.9821428571428562,0.033293490993850004,0.917958011897427,55.55555555555556,0.9090909090760331,1.0076530612244305,1.6915436336795847e-13,0.9939574410289236,0
549,627.5972222222222,1.0972222222221717,1.094444444444548,1.0861111111111086,1.0102301790280888,0.030242244472834762,0.8338299704506024,50.0,0.8181818181684297,1.0076726342711975,5.452295494938768e-16,0.9845526334742789,0
550,628.6916666666667,1.094444444444548,1.1138888888888232,1.0847222222222968,1.0089628681178238,0.028867254939993932,0.7959191770712151,47.22222222222222,0.772727272714628,1.026888604353262,2.583590514259709e-16,0.9781488851849076,0
551,629.8055555555555,1.1138888888888232,1.1305555555555884,1.0847222222222968,1.026888604353262,0.027993427614846026,0.77182627572054,41.666666666666664,0.6818181818070248,1.0422535211267192,1.2493708866946618e-13,0.9452493930706456,0
552,630.9361111111111,1.1305555555555884,1.1138888888888232,1.0958333333333599,1.0316856780735157,0.02686075405464982,0.7405965446707515,63.888888888888886,1.045454545437438,1.016476552598141,1.4601976090489188e-06,0.4017030246523371,0
553,632.05,1.1138888888888232,1.1000000000000227,1.1013888888888914,1.0113493064312118,0.04770351960650693,1.315266939912907,88.88888888888889,1.454545454521653,0.9987389659520991,0.8859109282493591,0.160985960922911,1
554,633.15,1.1000000000000227,1.0972222222222854,1.102777777777817,0.9974811083123277,0.047831208613901784,1.3187875424051776,86.11111111111111,1.4090909090678514,0.9949622166247071,0.8987088799476624,0.15773414223206356,1
555,634.2472222222223,1.0972222222222854,1.1444444444443889,1.098611111111154,0.9987357774968579,0.04360146296199846,1.2021662812051976,102.77777777777777,1.681818181790661,1.041719342604207,0.8938310742378235,0.23413435177338926,1
556,635.3916666666667,1.1444444444443889,1.1444444444445026,1.106944444444423,1.0338770388958294,0.04378775505861985,1.2073026702572909,80.55555555555556,1.318181818160248,1.033877038895932,0.833137035369873,0.2278582208626873,1
557,636.5361111111112,1.1444444444445026,1.1111111111110858,1.106944444444423,1.033877038895932,0.039355262611194146,1.0850913360496268,75.0,1.2272727272526447,1.00376411543287,0.5709242820739746,0.22440308507026102,1
558,637.6472222222222,1.1111111111110858,1.1138888888888232,1.1124999999999545,0.9987515605493315,0.02385276399992094,0.6576611573616764,38.888888888888886,0.6363636363532231,1.0012484394506684,1.920486941655444e-18,0.9490313338724397,0
559,638.7611111111111,1.1138888888888232,1.1305555555555884,1.1138888888888232,1.0,0.03611419914093096,0.9957297193857046,61.111111111111114,0.9999999999836364,1.014962593516299,5.254615752930958e-12,0.9974292538516898,0
560,639.8916666666667,1.1305555555555884,1.0777777777777828,1.1138888888888232,1.014962593516299,0.03557579665072382,0.9808850496091869,58.333333333333336,0.9545454545298347,0.9675810473816078,5.016624119694342e-14,0.9989174588169519,0
561,640.9694444444444,1.0777777777777828,1.1194444444444116,1.1138888888888232,0.9675810473816078,0.038191557792813566,1.0530060205832066,63.888888888888886,1.045454545437438,1.0049875311720997,6.977755262482788e-09,0.9956407389597941,0
562,642.0888888888888,1.1194444444444116,1.0500000000000682,1.1138888888888232,1.0049875311720997,0.035527956237827875,0.9795660082891154,58.333333333333336,0.9545454545298347,0.9426433915213138,1.1279851022411719e-13,0.9972506271592914,0
563,643.1388888888889,1.0500000000000682,1.10277777777776,1.1124999999999545,0.943820224719201,0.03383808011224988,0.9329732575056351,55.55555555555556,0.9090909090760331,0.9912609238452181,8.096776287630503e-13,0.9952709127086261,0
564,644.2416666666667,1.10277777777776,1.091666666666697,1.1124999999999545,0.9912609238452181,0.03882101720063937,1.0703612840094614,63.888888888888886,1.045454545437438,0.9812734082397677,1.1108490793887427e-09,0.9971925623519216,0
565,645.3333333333334,1.091666666666697,1.1083333333333485,1.1124999999999545,0.9812734082397677,0.033640461251813476,0.9275245703651622,55.55555555555556,0.9090909090760331,0.9962546816479945,2.7251409746961892e-14,0.9973159010070309,0
566,646.4416666666667,1.1083333333333485,1.1055555555554974,1.1097222222222172,0.9987484355444487,0.03866357376055781,1.0660203013450045,63.888888888888886,1.045454545437438,0.9962453066332438,1.1468218596988322e-09,0.99597389032025,0
567,647.5472222222222,1.1055555555554974,1.0638888888888687,1.106944444444423,0.9987452948556758,0.03745308942747721,1.0326451953210398,61.111111111111114,0.9999999999836364,0.9611041405269766,8.71966127774515e-12,0.9984640199155834,0
568,648.6111111111111,1.0638888888888687,1.0861111111111086,1.1041666666666288,0.9635220125786311,0.0341493908985472,0.9415566238616744,55.55555555555556,0.9090909090760331,0.9836477987421698,4.3782506916820174e-13,0.9948785085670795,0
569,649.6972222222222,1.0861111111111086,1.069444444444457,1.0972222222222285,0.9898734177215109,0.037540898890604996,1.0350662511428355,63.888888888888886,1.045454545437438,0.9746835443038033,2.800604748109947e-10,0.9979283038423198,0
570,650.7666666666667,1.069444444444457,1.113888888888937,1.0888888888889028,0.9821428571428562,0.03579304868022439,0.986875056518281,58.333333333333336,0.9545454545298347,1.0229591836735004,5.992381070518693e-12,0.9972787346585552,0
571,651.8805555555556,1.113888888888937,1.0972222222221717,1.0972222222222285,1.0151898734177593,0.03904267040955145,1.0764726388992567,61.111111111111114,0.9999999999836364,0.9999999999999482,6.767685023501002e-11,0.998107490260028,0
572,652.9777777777778,1.0972222222221717,1.1083333333333485,1.0944444444444343,1.0025380710659528,0.03713961424186501,1.0240021528051046,61.111111111111114,0.9999999999836364,1.0126903553299724,1.5027278033041824e-11,0.9988780034725921,0
573,654.0861111111111,1.1083333333333485,1.055555555555543,1.099999999999966,1.0075757575758026,0.033831566469646725,0.9327936653320384,52.77777777777778,0.8636363636222314,0.9595959595959779,1.516632609091322e-15,0.995612242937809,0
574,655.1416666666667,1.055555555555543,1.1277777777777374,1.0944444444444343,0.9644670050761395,0.03512968215485205,0.968584916355371,58.333333333333336,0.9545454545298347,1.0304568527918507,4.730752681952888e-12,0.9987867688506997,0
575,656.2694444444444,1.1277777777777374,1.069444444444457,1.1013888888888346,1.0239596469104804,0.037836117338651776,1.0432059244409744,61.111111111111114,0.9999999999836364,0.9709962168979156,8.161763799530153e-12,0.9966206466343339,0
576,657.3388888888888,1.069444444444457,1.14722222222224,1.0916666666666401,0.9796437659033432,0.033714741866865176,0.9295726129008031,55.55555555555556,0.9090909090760331,1.050890585241772,1.8252658770274294e-13,0.9974852095339237,0
577,658.4861111111111,1.14722222222224,1.0861111111111086,1.0916666666666401,1.050890585241772,0.037607856501784775,1.0369123860420368,61.111111111111114,0.9999999999836364,0.9949109414758488,1.5356866169338734e-12,0.9976997163781278,0
578,659.5722222222222,1.0861111111111086,1.1111111111110858,1.0916666666666401,0.9949109414758488,0.032560627583718166,0.8977517247561578,52.77777777777778,0.8636363636222314,1.0178117048346071,1.834537626723017e-15,0.996857836308872,0
579,660.6833333333333,1.1111111111110858,1.113888888888937,1.10277777777776,1.0075566750629656,0.03732847928786051,1.0292094824351206,61.111111111111114,0.9999999999836364,1.0100755667506895,9.320581632887848e-12,0.9989478739417937,0
580,661.7972222222222,1.113888888888937,1.1194444444444116,1.1097222222222172,1.0037546933667563,0.03428551796603502,0.945309877981515,55.55555555555556,0.9090909090760331,1.0087609511889613,1.9220409159105382e-14,0.9970988416404387,0
581,662.9166666666666,1.1194444444444116,1.125,1.1097222222222172,1.0087609511889613,0.03836807071845004,1.0578727813059374,61.111111111111114,0.9999999999836364,1.0137672090112686,6.245359784884386e-11,0.9966321108975029,0
582,664.0416666666666,1.125,1.1111111111111995,1.1125000000000114,1.0112359550561694,0.03410313397038295,0.9402812419012191,58.333333333333336,0.9545454545298347,0.9987515605493826,3.687115445859951e-14,0.9974040963424231,0
583,665.1527777777778,1.1111111111111995,1.1166666666665606,1.1125000000000682,0.9987515605493316,0.03681994155688212,1.0151882347206655,58.333333333333336,0.9545454545298347,1.003745318351903,2.250218240906765e-12,0.9972835945649132,0
584,666.2694444444444,1.1166666666665606,1.1527777777778283,1.1152777777777487,1.0012453300123842,0.03494145564475646,0.9633951922430616,58.333333333333336,0.9545454545298347,1.0336239103363114,3.456822501857193e-13,0.997265294498666,0
585,667.4222222222222,1.1527777777778283,1.136111111111063,1.1152777777777487,1.0336239103363114,0.03631449960813483,1.001252342972716,55.55555555555556,0.9090909090760331,1.018679950186783,2.1993603498745434e-14,0.9980930696652858,0
586,668.5583333333333,1.136111111111063,1.14722222222224,1.118055555555486,1.0161490683230017,0.03694951608377407,1.0187608241832802,61.111111111111114,0.9999999999836364,1.0260869565218187,3.771793207624219e-12,0.9981528013955092,0
587,669.7055555555555,1.14722222222224,1.1222222222222626,1.118055555555486,1.0260869565218187,0.035032233322790714,0.9658980867838709,55.55555555555556,0.9090909090760331,1.0037267080746326,5.3874620049691475e-15,0.9980084758354337,0
588,670.8277777777778,1.1222222222222626,1.158333333333303,1.1208333333333371,1.001239157373019,0.035799460422847075,0.9870518391365953,58.333333333333336,0.9545454545298347,1.0334572490706013,5.403614296468906e-13,0.9980689695871101,0
589,671.9861111111111,1.158333333333303,1.161111111111154,1.1236111111111313,1.0309023485784465,0.03443484900160217,0.9494271878950094,55.55555555555556,0.9090909090760331,1.033374536464791,6.635190240669199e-15,0.9958311147615194,0
590,673.1472222222222,1.161111111111154,1.1666666666666288,1.1305555555555316,1.027027027027087,0.03621267100288131,0.9984447556262862,61.111111111111114,0.9999999999836364,1.0319410319410203,6.062748502018434e-13,0.9981440162953468,0
591,674.3138888888889,1.1666666666666288,1.1555555555555657,1.1416666666666515,1.0218978102189584,0.035433156948123753,0.9769522310939827,58.333333333333336,0.9545454545298347,1.0121654501216768,3.1880670114470613e-14,0.9978217779692646,0
592,675.4694444444444,1.1555555555555657,1.1416666666666515,1.150000000000034,1.004830917874375,0.033662991125461506,0.9281457571919227,52.77777777777778,0.8636363636222314,0.9927536231883631,8.724850167698712e-16,0.9940117295152202,0
593,676.6111111111111,1.1416666666666515,1.2027777777777828,1.150000000000034,0.9927536231883631,0.0353496548200224,0.9746499358040329,61.111111111111114,0.9999999999836364,1.0458937198067366,1.0654935050577463e-12,0.9991800841358214,0
594,677.8138888888889,1.2027777777777828,1.1916666666667197,1.154166666666697,1.0421179302045498,0.03725845733653833,1.0272788584811243,63.888888888888886,1.045454545437438,1.0324909747292608,2.3064336898692694e-12,0.9974578260688951,0
595,679.0055555555556,1.1916666666667197,1.194444444444457,1.1569444444444343,1.0300120048019756,0.03489561915006466,0.9621314023464898,58.333333333333336,0.9545454545298347,1.0324129651860943,8.682257962978977e-15,0.998010763540272,0
596,680.2,1.194444444444457,1.1333333333333258,1.1597222222222285,1.0299401197604843,0.037435808375614735,1.0321687274128202,61.111111111111114,0.9999999999836364,0.9772455089820241,2.0322656860312371e-13,0.9986193195088218,0
597,681.3333333333334,1.1333333333333258,1.14722222222224,1.1597222222222285,0.9772455089820241,0.03465438194789548,0.9554800835484755,58.333333333333336,0.9545454545298347,0.9892215568862374,1.339395310157379e-13,0.9970284306216138,0
598,682.4805555555556,1.14722222222224,1.1638888888887777,1.1597222222222285,0.9892215568862374,0.0370683988703084,1.0220386242312245,61.111111111111114,0.9999999999836364,1.003592814371156,4.432313890911921e-12,0.9979108923811052,0
599,683.6444444444444,1.1638888888887777,1.094444444444548,1.162499999999966,1.0011947431301607,0.036859930198109944,1.0162907893793751,61.111111111111114,0.9999999999836364,0.9414575866189937,5.352887729424827e-13,0.9976243646348146,0
600,684.7388888888889,1.094444444444548,1.1194444444444116,1.1597222222221717,0.9437125748504298,0.03603375081185949,0.9935116225142003,58.333333333333336,0.9545454545298347,0.965269461077858,3.701493538760259e-12,0.9972013143383414,0
601,685.8583333333333,1.1194444444444116,1.0361111111110404,1.1513888888889028,0.9722557297948934,0.036768800386087805,1.0137781859073065,61.111111111111114,0.9999999999836364,0.8998793727381665,2.9440716357853614e-12,0.9975962790447221,0
602,686.8944444444444,1.0361111111110404,1.0972222222222854,1.1444444444444457,0.9053398058251799,0.03814688568599475,1.0517743348350752,63.888888888888886,1.045454545437438,0.958737864077724,6.589997525452418e-08,0.9976267106930128,0
603,687.9916666666667,1.0972222222222854,1.0777777777777828,1.1402777777777828,0.9622411693057759,0.03636476347614624,1.0026382030604597,58.333333333333336,0.9545454545298347,0.9451887941534716,1.245531238910913e-12,0.9985193816707472,0
604,689.0694444444445,1.0777777777777828,1.069444444444457,1.1263888888888687,0.9568434032059403,0.036113880005813885,0.995720920289279,58.333333333333336,0.9545454545298347,0.9494451294698186,2.614703592529466e-12,0.9981826369068248,0
605,690.1388888888889,1.069444444444457,1.1499999999999773,1.1083333333333485,0.9649122807017526,0.03636708656734229,1.0027022546246582,61.111111111111114,0.9999999999836364,1.0375939849623712,1.2563002027565773e-10,0.9976904461053726,0
606,691.2888888888889,1.1499999999999773,1.0527777777778056,1.1083333333333485,1.0375939849623712,0.035552693092597634,0.9802480453284046,58.333333333333336,0.9545454545298347,0.9498746867168041,1.543961322453182e-14,0.9978748029808937,0
607,692.3416666666667,1.0527777777778056,1.1166666666666742,1.0958333333334167,0.9607097591887989,0.035181055906308496,0.9700013778120379,55.55555555555556,0.9090909090760331,1.019011406844036,2.5565758277751316e-12,0.9961072644750653,0
608,693.4583333333334,1.1166666666666742,1.1138888888888232,1.0958333333334167,1.019011406844036,0.036045588326409035,0.9938380028665554,58.333333333333336,0.9545454545298347,1.0164765525980883,6.105441130964395e-13,0.9969248530725554,0
609,694.5722222222222,1.1138888888888232,1.1055555555556111,1.0958333333334167,1.0164765525980883,0.037127810991966215,1.023676717187283,61.111111111111114,0.9999999999836364,1.008871989860557,5.1132713514701056e-12,0.9990104535007108,0
610,695.6777777777778,1.1055555555556111,1.1333333333333258,1.1013888888889483,1.0037831021437542,0.03722056669744228,1.0262341492993639,58.333333333333336,0.9545454545298347,1.0290037831020815,7.001127542288765e-12,0.9969208642437251,0
611,696.8111111111111,1.1333333333333258,1.0444444444444798,1.1013888888889483,1.0290037831020815,0.03564350482952699,0.982751878930715,55.55555555555556,0.9090909090760331,0.94829760403529,7.150116815898139e-15,0.9981349793303164,0
612,697.8555555555556,1.0444444444444798,1.1055555555554974,1.1013888888889483,0.94829760403529,0.033463977364201876,0.9226586102700254,52.77777777777778,0.8636363636222314,1.003783102143651,1.5734896025021428e-13,0.9948416212391922,0
613,698.9611111111111,1.1055555555554974,1.0638888888888687,1.1055555555555543,0.9999999999999486,0.03727851923335238,1.027831999000925,61.111111111111114,0.9999999999836364,0.9623115577889275,1.1776140826369463e-11,0.9971689625063612,0
614,700.025,1.0638888888888687,1.0861111111111086,1.1055555555555543,0.9623115577889275,0.03488329889412334,0.9617917119952422,58.333333333333336,0.9545454545298347,0.9824120603015064,1.860652907789695e-12,0.9977700483410326,0
615,701.1111111111111,1.0861111111111086,1.1000000000000227,1.1055555555555543,0.9824120603015064,0.03614438362393945,0.9965619567746208,58.333333333333336,0.9545454545298347,0.994974874371881,5.112783460492487e-12,0.9960568095638227,0
616,702.2111111111111,1.1000000000000227,1.055555555555543,1.10277777777776,0.9974811083123792,0.03756804860174716,1.0358148147244755,63.888888888888886,1.045454545437438,0.9571788413098276,1.105427138714532e-10,0.997976693576376,0
617,703.2666666666667,1.055555555555543,1.091666666666697,1.10277777777776,0.9571788413098276,0.03435769927447636,0.9473000390735197,58.333333333333336,0.9545454545298347,0.9899244332494136,4.3496868433468006e-12,0.9954775308037007,0
618,704.3583333333333,1.091666666666697,1.1138888888888232,1.0958333333333599,0.9961977186311822,0.03566446800703086,0.9833298692876908,58.333333333333336,0.9545454545298347,1.016476552598141,8.169982702518896e-13,0.9987589003403453,0
619,705.4722222222222,1.1138888888888232,1.1444444444445026,1.0958333333333599,1.016476552598141,0.03722702168495638,1.0264121242526771,63.888888888888886,1.045454545437438,1.0443599493029427,7.814871666456114e-11,0.9985833900546688,0
620,706.6166666666667,1.1444444444445026,1.088888888888846,1.0958333333333599,1.0443599493029427,0.038437107415845786,1.0597762401382078,61.111111111111114,0.9999999999836364,0.9936628643852345,3.597443523628563e-12,0.9986416541276997,0
621,707.7055555555555,1.088888888888846,1.1083333333333485,1.0902777777777715,0.9987261146496479,0.03766133982872877,1.0383870120726997,63.888888888888886,1.045454545437438,1.0165605095541599,4.218776994413531e-10,0.9977022830421789,0
622,708.8138888888889,1.1083333333333485,1.058333333333394,1.0958333333333599,1.0114068441064532,0.03399315770691822,0.9372490097996159,52.77777777777778,0.8636363636222314,0.9657794676806403,2.5896996864522214e-15,0.9947752433885275,0
623,709.8722222222223,1.058333333333394,1.099999999999909,1.0902777777777715,0.9707006369427365,0.03520719875648038,0.9707221805291079,58.333333333333336,0.9545454545298347,1.0089171974521518,6.898806612781749e-12,0.9963455809637434,0
624,710.9722222222222,1.099999999999909,1.0777777777777828,1.095833333333303,1.0038022813687661,0.036045487767451416,0.9938352302855475,61.111111111111114,0.9999999999836364,0.9835234474018062,2.3102906306776694e-12,0.9989262315036823,0
625,712.05,1.0777777777777828,1.1166666666666742,1.095833333333303,0.9835234474018062,0.034924134186124216,0.9629176102516701,55.55555555555556,0.9090909090760331,1.0190114068441416,3.0861888023446526e-13,0.9970231884327918,0
626,713.1666666666666,1.1166666666666742,1.1083333333333485,1.095833333333303,1.0190114068441416,0.0372714640311515,1.0276374751107433,61.111111111111114,0.9999999999836364,1.0114068441065056,1.1676477493227644e-11,0.9969920977426514,0
627,714.275,1.1083333333333485,1.1333333333333258,1.1041666666666288,1.0037735849057086,0.03415848483497797,0.941807359112233,55.55555555555556,0.9090909090760331,1.026415094339651,3.990427102249991e-14,0.9962773925295696,0
628,715.4083333333333,1.1333333333333258,1.1111111111110858,1.1083333333333485,1.0225563909774227,0.035797180337066845,0.9869889733046475,58.333333333333336,0.9545454545298347,1.002506265664124,1.28076138561882e-13,0.9978478623475298,0
629,716.5194444444444,1.1111111111110858,1.1777777777778056,1.1083333333333485,1.002506265664124,0.035604870031044324,0.9816866520125839,58.333333333333336,0.9545454545298347,1.0626566416040206,1.2311189394320632e-12,0.9978533032780643,0
630,717.6972222222222,1.1777777777778056,1.1527777777778283,1.1083333333333485,1.0626566416040206,0.03403677545933841,0.9384516252088101,52.77777777777778,0.8636363636222314,1.0401002506265977,1.6493872888211005e-16,0.9957491393119633,0
631,718.85,1.1527777777778283,1.1555555555555657,1.1097222222222172,1.0387984981227036,0.03662023677785878,1.0096820352670683,58.333333333333336,0.9545454545298347,1.041301627033806,2.1924800028879504e-13,0.9980978938719465,0
632,720.0055555555556,1.1555555555555657,1.122222222222149,1.11388888888888,1.037406483790541,0.03343100695203691,0.9217495600893765,55.55555555555556,0.9090909090760331,1.0074812967580469,8.082352913195868e-16,0.9967261966318652,0
633,721.1277777777777,1.122222222222149,1.1777777777778056,1.1194444444444116,1.0024813895781277,0.035524464787175046,0.9794697430731758,58.333333333333336,0.9545454545298347,1.0521091811414949,6.226524829587576e-13,0.9978518197928274,0
634,722.3055555555555,1.1777777777778056,1.1000000000000227,1.1277777777777374,1.0443349753695201,0.038262807433849855,1.054970494024762,63.888888888888886,1.045454545437438,0.9753694581281339,1.0530986672974141e-11,0.996124798897639,0
635,723.4055555555556,1.1000000000000227,1.1499999999999773,1.1277777777777374,0.9753694581281339,0.031984491838136196,0.8818666851339938,52.77777777777778,0.8636363636222314,1.0197044334975534,3.7546755560626064e-15,0.9939532556686417,0
636,724.5555555555555,1.1499999999999773,1.088888888888846,1.1416666666666515,1.0072992700729861,0.036361791248749525,1.002556253710285,61.111111111111114,0.9999999999836364,0.953771289537688,2.905699769337189e-13,0.9991539959689193,0
637,725.6444444444444,1.088888888888846,1.1222222222222626,1.1416666666666515,0.953771289537688,0.03342050147815891,0.9214599063574541,55.55555555555556,0.9090909090760331,0.9829683698297321,5.1965230756694306e-14,0.9967461724037285,0
638,726.7666666666667,1.1222222222222626,1.1333333333333258,1.13611111111112,0.9877750611247222,0.03716964983490866,1.0248302850451754,61.111111111111114,0.9999999999836364,0.9975550122249245,1.0772048184004568e-11,0.9979059388747664,0
639,727.9,1.1333333333333258,1.1166666666666742,1.1416666666666515,0.9927007299270139,0.03533669045233436,0.9742924861995257,58.333333333333336,0.9545454545298347,0.9781021897810416,1.0980726419286546e-13,0.9979405182182282,0
640,729.0166666666667,1.1166666666666742,1.1361111111111768,1.1277777777777942,0.9901477832512239,0.036522235815639126,1.0069799825307,58.333333333333336,0.9545454545298347,1.00738916256162,1.2187293275262023e-12,0.9981318287325014,0
641,730.1527777777778,1.1361111111111768,1.0833333333332575,1.1277777777777942,1.00738916256162,0.034393487327473854,0.9482867763905926,58.333333333333336,0.9545454545298347,0.9605911330048449,3.149909532425971e-14,0.9964011854979605,0
642,731.2361111111111,1.0833333333332575,1.1111111111110858,1.1222222222222058,0.9653465346534119,0.03781738779598033,1.0426895191845353,63.888888888888886,1.045454545437438,0.9900990099009821,1.1069467564794877e-09,0.9979277857668003,0
643,732.3472222222222,1.1111111111110858,1.1055555555556111,1.1194444444444684,0.9925558312654649,0.03351021603439325,0.9239334888272032,55.55555555555556,0.9090909090760331,0.9875930521092097,8.259959522729978e-15,0.9971718593365655,0
644,733.4527777777778,1.1055555555556111,1.1222222222222626,1.11388888888888,0.992518703241953,0.038076089315398666,1.0498223588282953,61.111111111111114,0.9999999999836364,1.007481296758149,5.234990912983406e-11,0.9982131183907014,0
645,734.575,1.1222222222222626,1.1194444444444116,1.1194444444444684,1.0024813895781783,0.033851306384765134,0.9333379282704148,55.55555555555556,0.9090909090760331,0.9999999999999493,9.404820265667205e-15,0.9966153198965303,0
646,735.6944444444445,1.1194444444444116,1.1277777777777374,1.118055555555543,1.0012422360248268,0.03697379840610425,1.0194303289923308,61.111111111111114,0.9999999999836364,1.0086956521738883,6.511793274738276e-12,0.9984668360569081,0
647,736.8222222222222,1.1277777777777374,1.1111111111110858,1.1208333333333371,1.0061957868648923,0.033694299870217825,0.9290089923839554,58.333333333333336,0.9545454545298347,0.9913258983890695,2.171710483970732e-14,0.9974187821158003,0
648,737.9333333333333,1.1111111111110858,1.1638888888888914,1.118055555555543,0.9937888198757651,0.037653779930326654,1.0381785728522936,61.111111111111114,0.9999999999836364,1.0409937888198897,3.88528723083148e-11,0.9987477133133092,0
649,739.0972222222222,1.1638888888888914,1.0777777777777828,1.118055555555543,1.0409937888198897,0.03570674545467832,0.9844955302211666,58.333333333333336,0.9545454545298347,0.9639751552795185,1.3628063013206102e-14,0.9977882985595021,0
650,740.175,1.0777777777777828,1.1555555555555657,1.1152777777777487,0.9663760896637906,0.03633273538286788,1.0017551342096715,61.111111111111114,0.9999999999836364,1.0361145703611818,5.5940668763909684e-11,0.9986208333302853,0
651,741.3305555555555,1.1555555555555657,1.0750000000000455,1.1152777777777487,1.0361145703611818,0.03758430599423531,1.036263058607636,58.333333333333336,0.9545454545298347,0.9638854296389202,1.8864090519689347e-13,0.997794435681931,0
652,742.4055555555556,1.0750000000000455,1.1166666666666742,1.1152777777777487,0.9638854296389202,0.038108699601120996,1.0507214797121525,63.888888888888886,1.045454545437438,1.0012453300124862,3.096454648243707e-09,0.9976303301179359,0
653,743.5222222222222,1.1166666666666742,1.1111111111110858,1.118055555555543,0.9987577639751734,0.034399041039853924,0.9484399016599132,55.55555555555556,0.9090909090760331,0.9937888198757651,1.596981688599744e-14,0.997395310094132,0
654,744.6333333333333,1.1111111111110858,1.1055555555556111,1.118055555555543,0.9937888198757651,0.035945850229362176,0.9910880543768498,61.111111111111114,0.9999999999836364,0.9888198757764584,1.7248711139949968e-12,0.9993653649092374,0
655,745.7388888888889,1.1055555555556111,1.136111111111063,1.11388888888888,0.992518703241953,0.03474765325638724,0.9580517317101531,55.55555555555556,0.9090909090760331,1.0199501246882443,1.040713535857031e-13,0.996250790601896,0
656,746.875,1.136111111111063,1.1305555555555884,1.11388888888888,1.0199501246882443,0.037103025402318655,1.0229933364447594,63.888888888888886,1.045454545437438,1.014962593516247,1.7340818017630433e-11,0.9982305031965639,0
657,748.0055555555556,1.1305555555555884,1.125,1.11388888888888,1.014962593516247,0.035026246023719246,0.9657330067941127,55.55555555555556,0.9090909090760331,1.0099750623441477,2.1786807180936875e-14,0.9968946390123367,0
658,749.1305555555556,1.125,1.1305555555554747,1.1208333333333371,1.0037174721189557,0.03785064230853318,1.0436064024947078,61.111111111111114,0.9999999999836364,1.0086741016108292,1.14986084889801e-11,0.9988870155281422,0
659,750.2611111111111,1.1305555555554747,1.1333333333333258,1.1208333333333371,1.0086741016108292,0.0334547118021453,0.9224031430098892,55.55555555555556,0.9090909090760331,1.011152416356867,5.185856728577836e-15,0.9964244818030954,0
660,751.3944444444444,1.1333333333333258,1.1333333333334394,1.1277777777777374,1.0049261083744134,0.03765248715033307,1.0381429287153376,63.888888888888886,1.045454545437438,1.0049261083745142,5.6601806575073965e-11,0.9977134521650837,0
661,752.5277777777778,1.1333333333334394,1.1472222222221262,1.1277777777777374,1.0049261083745142,0.0361931373491726,0.9979061796647912,61.111111111111114,0.9999999999836364,1.0172413793102961,2.4739797883921444e-12,0.9976575811652058,0
662,753.675,1.1472222222221262,1.0888888888889596,1.1305555555555316,1.0147420147419515,0.03620550498065599,0.9982471762400819,58.333333333333336,0.9545454545298347,0.9631449631450462,6.862145942622411e-14,0.9983065673529922,0
663,754.7638888888889,1.0888888888889596,1.1749999999999545,1.1305555555555316,0.9631449631450462,0.03524664471181395,0.9718097724173267,61.111111111111114,0.9999999999836364,1.0393120393120212,1.957696157961486e-11,0.9977172740672354,0
664,755.9388888888889,1.1749999999999545,1.1194444444444116,1.131944444444457,1.0380368098158992,0.03380403740459726,0.9320346423197966,52.77777777777778,0.8636363636222314,0.9889570552146839,8.123489994721559e-17,0.995864936267666,0
665,757.0583333333333,1.1194444444444116,1.1722222222223309,1.131944444444457,0.9889570552146839,0.03664774768012896,1.0104405575006816,63.888888888888886,1.045454545437438,1.035582822085974,7.253744827018238e-11,0.9981490791179868,0
666,758.2305555555556,1.1722222222223309,1.1083333333332348,1.131944444444457,1.035582822085974,0.036971946681863314,1.019379273814515,61.111111111111114,0.9999999999836364,0.9791411042943805,3.532850281848937e-13,0.9975530310099405,0
667,759.3388888888888,1.1083333333332348,1.125,1.1319444444444002,0.9791411042944297,0.03647964459202479,1.0058056702616587,61.111111111111114,0.9999999999836364,0.9938650306748854,9.390370425688133e-12,0.9980015862478788,0
668,760.4638888888888,1.125,1.1361111111111768,1.1319444444444002,0.9938650306748854,0.03623942195919736,0.9991823248610887,58.333333333333336,0.9545454545298347,1.0036809815951893,5.676196817260004e-13,0.9980604574188253,0
669,761.6,1.1361111111111768,1.1611111111110404,1.1333333333333826,1.0024509803921713,0.03485592642968811,0.9610370067275266,55.55555555555556,0.9090909090760331,1.0245098039214617,1.7429227549062287e-14,0.9980234529267784,0
670,762.7611111111111,1.1611111111110404,1.1805555555556566,1.1347222222223081,1.0232558139533485,0.0380711831657476,1.0496870879616687,63.888888888888886,1.045454545437438,1.0403916768665953,1.1618368073174068e-10,0.9951524287668602,0
671,763.9416666666667,1.1805555555556566,1.125,1.1416666666666515,1.034063260340735,0.03742309675977751,1.0318182466055026,61.111111111111114,0.9999999999836364,0.9854014598540277,2.9517393303896133e-13,0.9989691490143038,0
672,765.0666666666667,1.125,1.1388888888888005,1.1305555555555884,0.9950859950859662,0.034715514540057904,0.9571656127942346,58.333333333333336,0.9545454545298347,1.0073710073709,2.464986765052246e-13,0.9958035214069687,0
673,766.2055555555555,1.1388888888888005,1.1416666666666515,1.1374999999999886,1.0012210012209335,0.03654263361911647,1.0075423845668996,61.111111111111114,0.9999999999836364,1.0036630036630003,1.52544860423931e-12,0.9990656478074922,0
674,767.3472222222222,1.1416666666666515,1.1361111111111768,1.1374999999999886,1.0036630036630003,0.03531014352480346,0.9735605423843592,58.333333333333336,0.9545454545298347,0.9987789987790665,9.543040457252877e-14,0.9975441138532355,0
675,768.4833333333333,1.1361111111111768,1.1333333333333258,1.1374999999999886,0.9987789987790665,0.03695298653538845,1.0188565104201157,61.111111111111114,0.9999999999836364,0.9963369963369997,4.133049371496389e-12,0.9977120899888319,0
676,769.6166666666667,1.1333333333333258,1.125,1.1361111111111768,0.9975550122248745,0.03650038315500748,1.0063774676153432,58.333333333333336,0.9545454545298347,0.9902200488996983,3.8108909474268704e-13,0.9983433375069136,0
677,770.7416666666667,1.125,1.1277777777777374,1.1361111111111768,0.9902200488996983,0.03481968248230006,0.960037699628917,58.333333333333336,0.9545454545298347,0.9926650366747236,9.949080947112277e-14,0.9981930561552166,0
678,771.8694444444444,1.1277777777777374,1.1388888888889142,1.1361111111111768,0.9926650366747236,0.037173634421745885,1.0249401468620694,61.111111111111114,0.9999999999836364,1.0024449877750254,6.598437508192889e-12,0.998572373658448,0
679,773.0083333333333,1.1388888888889142,1.1222222222222626,1.1374999999999886,1.0012210012210334,0.033632700252904046,0.9273105864627066,55.55555555555556,0.9090909090760331,0.9865689865690319,2.2236467749997503e-15,0.9978578495317015,0
680,774.1305555555556,1.1222222222222626,1.14722222222224,1.1347222222222513,0.9889840881273053,0.038874724841015555,1.0718420947418814,63.888888888888886,1.045454545437438,1.0110159118726947,1.9943007245615263e-09,0.9950091335430824,0
681,775.2777777777778,1.14722222222224,1.0972222222221717,1.1347222222222513,1.0110159118726947,0.03437011218232033,0.9476422839948594,58.333333333333336,0.9545454545298347,0.9669522643818157,1.1458634605401863e-14,0.9979861448893774,0
682,776.375,1.0972222222221717,1.1277777777777374,1.1347222222222513,0.9669522643818157,0.03439847202389299,0.9484242129248289,58.333333333333336,0.9545454545298347,0.9938800489595473,7.131587529719818e-13,0.9960604501763872,0
683,777.5027777777777,1.1277777777777374,1.1000000000000227,1.1305555555555316,0.9975429975429829,0.034178834138156707,0.9423684239129444,55.55555555555556,0.9090909090760331,0.9729729729730138,6.62436643015271e-15,0.9972616172527901,0
684,778.6027777777778,1.1000000000000227,1.127777777777851,1.1277777777777374,0.9753694581281339,0.036208755781211285,0.998336806324694,58.333333333333336,0.9545454545298347,1.0000000000001008,2.3068209668852813e-12,0.9977394695368413,0
685,779.7305555555556,1.127777777777851,1.088888888888846,1.1277777777777374,1.0000000000001008,0.036621266458988604,1.0097104253221394,61.111111111111114,0.9999999999836364,0.9655172413793068,2.120337109015602e-12,0.9977548045170351,0
686,780.8194444444445,1.088888888888846,1.0944444444444343,1.1263888888888687,0.9667077681874021,0.03580504989893853,0.9872059504720937,58.333333333333336,0.9545454545298347,0.9716399506781835,1.5626247041114483e-12,0.9979332864890702,0
687,781.9138888888889,1.0944444444444343,1.0833333333333712,1.125,0.9728395061728305,0.03654942796078501,1.0077297160897898,61.111111111111114,0.9999999999836364,0.9629629629629967,1.1858274778786537e-11,0.9978650722282782,0
688,782.9972222222223,1.0833333333333712,1.1638888888888914,1.1111111111111427,0.9750000000000064,0.035285321658691644,0.9728761614381918,55.55555555555556,0.9090909090760331,1.0474999999999726,8.265404962022604e-13,0.9971718323524466,0
689,784.1611111111112,1.1638888888888914,1.136111111111063,1.1111111111111427,1.0474999999999726,0.036206462321137486,0.9982735717407899,58.333333333333336,0.9545454545298347,1.0224999999999278,7.974543470229759e-14,0.9968670767257736,0
690,785.2972222222222,1.136111111111063,1.14722222222224,1.11388888888888,1.0199501246882443,0.03847700332211716,1.0608762379368912,66.66666666666667,1.0909090908912398,1.029925187032443,2.0154589108756227e-09,0.9958808552898384,0
691,786.4444444444445,1.14722222222224,1.1194444444444116,1.11388888888888,1.029925187032443,0.034572064869206984,0.953210462080662,55.55555555555556,0.9090909090760331,1.0049875311720484,3.997288662045814e-15,0.9971366209187016,0
692,787.5638888888889,1.1194444444444116,1.125,1.1236111111110745,0.9962917181705843,0.0357576715159118,0.9858996480991111,58.333333333333336,0.9545454545298347,1.0012360939431724,2.8899639300562774e-13,0.998593341149385,0
693,788.6888888888889,1.125,1.1666666666667425,1.1222222222222058,1.0024752475247671,0.03495636571826575,0.9638062882569449,58.333333333333336,0.9545454545298347,1.0396039603961225,3.826098238148695e-13,0.996574221994018,0
694,789.8555555555556,1.1666666666667425,1.136111111111063,1.1263888888889255,1.0357583230579868,0.035214298121492196,0.9709179220628865,58.333333333333336,0.9545454545298347,1.0086313193587408,9.433025615777826e-15,0.9991311044586051,0
695,790.9916666666667,1.136111111111063,1.1527777777777146,1.1305555555555316,1.0049140049139837,0.037254205409769765,1.027161625648919,61.111111111111114,0.9999999999836364,1.0196560196559854,5.465572005397545e-12,0.9984607743523939,0
696,792.1444444444444,1.1527777777777146,1.1111111111111995,1.136111111111063,1.014669926650354,0.03223406049447466,0.8887477162534605,52.77777777777778,0.8636363636222314,0.9779951100245691,8.425788112662738e-17,0.9938846058053704,0
697,793.2555555555556,1.1111111111111995,1.1611111111110404,1.136111111111063,0.9779951100245691,0.03594130829683419,0.9909628255940125,58.333333333333336,0.9545454545298347,1.022004889975531,1.136856450992263e-12,0.9985745386588047,0
698,794.4166666666666,1.1611111111110404,1.1305555555555884,1.1416666666666515,1.0170316301702678,0.03737390602321369,1.0304619745717818,63.888888888888886,1.045454545437438,0.9902676399027183,9.089488710312121e-12,0.997514364823926,0
699,795.5472222222222,1.1305555555555884,1.1638888888888914,1.136111111111063,0.9951100244499487,0.03559625340340694,0.9814490769749666,61.111111111111114,0.9999999999836364,1.0244498777506568,2.0137227389055434e-12,0.9978446711311653,0
700,796.7111111111111,1.1638888888888914,1.1111111111110858,1.1416666666666515,1.019464720194663,0.03682523816102675,1.0153342710798838,58.333333333333336,0.9545454545298347,0.9732360097323509,9.815968025385369e-14,0.9978755495508252,0
701,797.8222222222222,1.1111111111110858,1.2250000000000227,1.1333333333333258,0.9803921568627294,0.03305411452630629,0.9113579967088111,55.55555555555556,0.9090909090760331,1.0808823529412037,5.341961343218425e-14,0.9968577947537751,0
702,799.0472222222222,1.2250000000000227,1.2000000000000455,1.1444444444443889,1.070388349514635,0.03322148997164269,0.9159728216026568,52.77777777777778,0.8636363636222314,1.048543689320479,1.0841850498468246e-17,0.995820579522396,0
703,800.2472222222223,1.2000000000000455,1.1444444444443889,1.1569444444443775,1.037214885954481,0.03383357074127862,0.9328489265001406,58.333333333333336,0.9545454545298347,0.9891956782713177,1.0435828133790429e-15,0.997019293210812,0
704,801.3916666666667,1.1444444444443889,1.1388888888889142,1.1486111111110517,0.9963724304715872,0.03659932617003867,1.0091054943454312,61.111111111111114,0.9999999999836364,0.9915356711004361,1.9815011177010122e-12,0.9978528490530003,0
705,802.5305555555556,1.1388888888889142,1.136111111111063,1.1486111111110517,0.9915356711004361,0.03598969136453364,0.9922968288273498,58.333333333333336,0.9545454545298347,0.9891172914147615,2.0706181181554678e-13,0.9982498553976553,0
706,803.6666666666666,1.136111111111063,1.1083333333333485,1.1416666666666515,0.9951338199513093,0.03746632082949195,1.03301000751482,61.111111111111114,0.9999999999836364,0.9708029197080553,9.08633324830932e-12,0.996244558348921,0
707,804.775,1.1083333333333485,1.1388888888889142,1.1416666666666515,0.9708029197080553,0.03525515342557333,0.9720443720863073,58.333333333333336,0.9545454545298347,0.9975669099757045,7.001738598633178e-13,0.9974963925558867,0
708,805.9138888888889,1.1388888888889142,1.1111111111110858,1.1388888888889142,1.0,0.03553563099702144,0.9797776144163438,58.333333333333336,0.9545454545298347,0.9756097560975171,8.363404776666125e-14,0.9981030673274915,0
709,807.025,1.1111111111110858,1.1777777777778056,1.1388888888889142,0.9756097560975171,0.03717902620754784,1.0250888075410067,61.111111111111114,0.9999999999836364,1.034146341463416,3.9051390593458635e-11,0.9983219380200232,0
710,808.2027777777778,1.1777777777778056,1.1388888888889142,1.1388888888889142,1.034146341463416,0.03437234552334907,0.9477038609947305,52.77777777777778,0.8636363636222314,1.0,1.820017046787355e-16,0.9963091559140735,0
711,809.3416666666667,1.1388888888889142,1.1055555555554974,1.1388888888889142,1.0,0.035776048344573506,0.9864063284321047,58.333333333333336,0.9545454545298347,0.9707317073170006,1.0880259502599535e-13,0.9979036310308975,0
712,810.4472222222222,1.1055555555554974,1.194444444444457,1.1388888888889142,0.9707317073170006,0.03531086465763968,0.9735804252396829,58.333333333333336,0.9545454545298347,1.0487804878048659,1.9767787667185344e-12,0.9978433289503696,0
713,811.6416666666667,1.194444444444457,1.1388888888889142,1.1388888888889142,1.0487804878048659,0.03455892232323353,0.9528480997986384,55.55555555555556,0.9090909090760331,1.0,2.7810659226980045e-16,0.9982300167653397,0
714,812.7805555555556,1.1388888888889142,1.1972222222221944,1.1388888888889142,1.0,0.03810516633127758,1.0506240614702036,63.888888888888886,1.045454545437438,1.0512195121950743,5.954946535879913e-10,0.9954521762457225,0
715,813.9777777777778,1.1972222222221944,1.125,1.1388888888889142,1.0512195121950743,0.036315768374603354,1.0012873250160597,61.111111111111114,0.9999999999836364,0.9878048780487586,2.9910186876086833e-14,0.9991593656185409,0
716,815.1027777777778,1.125,1.1111111111110858,1.1388888888889142,0.9878048780487586,0.03228475370996335,0.8901454141793189,52.77777777777778,0.8636363636222314,0.9756097560975171,3.9868247346527895e-16,0.9947427376886748,0
717,816.2138888888888,1.1111111111110858,1.1166666666666742,1.1388888888889142,0.9756097560975171,0.03708110393570954,1.02238892443191,61.111111111111114,0.9999999999836364,0.9804878048780337,1.0416777683486256e-11,0.9988197065920239,0
718,817.3305555555555,1.1166666666666742,1.1666666666667425,1.131944444444457,0.9865030674846582,0.033491024545792815,0.9234043469380496,52.77777777777778,0.8636363636222314,1.0306748466258224,5.630203436443864e-15,0.995772301660498,0
719,818.4972222222223,1.1666666666667425,1.1305555555554747,1.1388888888889142,1.0243902439024828,0.03694811520548529,1.0187221995929927,61.111111111111114,0.9999999999836364,0.9926829268291752,6.295980989161343e-13,0.9978749979035615,0
720,819.6277777777777,1.1305555555554747,1.1750000000000682,1.1347222222221944,0.9963280293757182,0.03327460170917946,0.9174372022831531,55.55555555555556,0.9090909090760331,1.0354957160343572,2.1990665988484356e-14,0.9944091699777302,0
721,820.8027777777778,1.1750000000000682,1.1416666666666515,1.1347222222221944,1.0354957160343572,0.03378083016796448,0.9313947794467504,55.55555555555556,0.9090909090760331,1.0061199510404029,4.182398024728907e-16,0.9978337159271904,0
722,821.9444444444445,1.1416666666666515,0.7777777777777146,1.1402777777777828,1.0012180267965718,0.03844798258579638,1.0600760870178498,63.888888888888886,1.045454545437438,0.6820950060900756,4.118728968993679e-11,0.9957843187333344,0
723,822.7222222222222,0.7777777777777146,1.502777777777851,1.1347222222221944,0.6854345165238289,0.03986824464813187,1.0992351208168485,133.33333333333334,2.1818181817824795,1.324357405140856,0.9467246532440186,0.24842203667938673,1
724,824.225,1.502777777777851,1.1499999999999773,1.136111111111063,1.3227383863081887,0.035235800644096545,0.9715107830790026,58.333333333333336,0.9545454545298347,1.0122249388753284,1.6810601908888243e-22,0.9979442938239196,0
725,825.375,1.1499999999999773,1.1555555555555657,1.136111111111063,1.0122249388753284,0.035899486190511185,0.9898097191931031,58.333333333333336,0.9545454545298347,1.0171149144254796,8.887359029046901e-14,0.9989113052342694,0
726,826.5305555555556,1.1555555555555657,1.1861111111111313,1.1458333333333144,1.008484848484874,0.03489943490662465,0.9622366092263073,58.333333333333336,0.9545454545298347,1.03515151515155,4.761908098740997e-14,0.9984681914461235,0
727,827.7166666666667,1.1861111111111313,1.0972222222221717,1.1527777777777715,1.0289156626506255,0.035304431732554147,0.9734030585849427,58.333333333333336,0.9545454545298347,0.9518072289156241,4.29694731944423e-15,0.9978277222036537,0
728,828.8138888888889,1.0972222222221717,1.158333333333303,1.1527777777777715,0.9518072289156241,0.03518653539075382,0.9701524564913083,58.333333333333336,0.9545454545298347,1.004819277108413,1.6218010007867933e-12,0.9977843526823049,0
729,829.9722222222222,1.158333333333303,1.094444444444548,1.1527777777777715,1.004819277108413,0.03573408880625408,0.9852494327979717,58.333333333333336,0.9545454545298347,0.9493975903615408,3.3906000430255004e-14,0.9977596382726717,0
730,831.0666666666667,1.094444444444548,1.136111111111063,1.1527777777777715,0.9493975903615408,0.03690138840778821,1.0174338625326265,63.888888888888886,1.045454545437438,0.9855421686746626,5.194433216892946e-10,0.9973123680051624,0
731,832.2027777777778,1.136111111111063,1.14722222222224,1.1458333333333144,0.991515151515126,0.034774668461385695,0.9587965867292908,55.55555555555556,0.9090909090760331,1.0012121212121532,2.0220958357720052e-14,0.9969337453380074,0
732,833.35,1.14722222222224,1.125,1.1486111111111086,0.9987908101572123,0.036041120682245124,0.9937148223399076,61.111111111111114,0.9999999999836364,0.9794437726723118,4.4446374749054773e-13,0.9991936739768814,0
733,834.475,1.125,1.2083333333332575,1.1486111111111086,0.9794437726723118,0.03452185879054849,0.951826195343388,55.55555555555556,0.9090909090760331,1.051995163240565,7.021340025234815e-14,0.9975748849399215,0
734,835.6833333333333,1.2083333333332575,1.1861111111111313,1.1486111111111086,1.051995163240565,0.03575584219498759,0.9858492106187335,58.333333333333336,0.9545454545298347,1.0326481257557636,4.621748455815996e-15,0.9990568670830811,0
735,836.8694444444444,1.1861111111111313,1.1888888888888687,1.1513888888889028,1.0301568154402947,0.03589610224046231,0.9897164179511336,58.333333333333336,0.9545454545298347,1.0325693606754827,3.3442727618215526e-14,0.9978561297826651,0
736,838.0583333333333,1.1888888888888687,1.1583333333334167,1.1527777777777715,1.0313253012048074,0.03500225935592616,0.9650716536820748,55.55555555555556,0.9090909090760331,1.0048192771085116,1.3362707072589117e-15,0.9973979736315157,0
737,839.2166666666667,1.1583333333334167,1.1694444444443661,1.1527777777777715,1.0048192771085116,0.03469872767355254,0.9567027704144404,55.55555555555556,0.9090909090760331,1.0144578313252388,6.3254768786704e-15,0.9975069452904254,0
738,840.3861111111111,1.1694444444443661,1.1361111111111768,1.1583333333333599,1.009592326138998,0.03925504783850096,1.082328244803918,63.888888888888886,1.045454545437438,0.9808153477218567,1.867007382028163e-10,0.9952007822151572,0
739,841.5222222222222,1.1361111111111768,1.1388888888889142,1.1527777777778283,0.9855421686747126,0.03544700359762886,0.9773340067045216,58.333333333333336,0.9545454545298347,0.9879518072288943,1.3536026954256292e-13,0.9984005867655728,0
740,842.6611111111112,1.1388888888889142,1.0777777777777828,1.1527777777778283,0.9879518072288943,0.03584049687949548,0.9881832838435276,55.55555555555556,0.9090909090760331,0.9349397590361079,1.758215087735958e-14,0.997944615881357,0
741,843.7388888888889,1.0777777777777828,1.1138888888888232,1.1527777777778283,0.9349397590361079,0.035373513186270814,0.9753077514248869,58.333333333333336,0.9545454545298347,0.9662650602408646,1.8987194629060955e-12,0.9992338174976293,0
742,844.8527777777778,1.1138888888888232,1.091666666666697,1.1486111111111654,0.9697702539297639,0.03571573009345837,0.9847432519501278,61.111111111111114,0.9999999999836364,0.9504232164449633,2.040189631818956e-12,0.9980275432631998,0
743,845.9444444444445,1.091666666666697,1.1000000000000227,1.1486111111111654,0.9504232164449633,0.037652943001099747,1.03815549729409,63.888888888888886,1.045454545437438,0.9576783555017883,7.547382163686223e-10,0.9977313513957486,0
744,847.0444444444445,1.1000000000000227,1.10277777777776,1.1375000000000455,0.9670329670329484,0.03636419659579679,1.0026225732078058,58.333333333333336,0.9545454545298347,0.9694749694749152,1.7774159965025516e-12,0.9980981361259385,0
745,848.1472222222222,1.10277777777776,1.088888888888846,1.125,0.9802469135802312,0.03653166136147102,1.0072398608148514,58.333333333333336,0.9545454545298347,0.967901234567863,1.846053475015874e-12,0.9972965998458989,0
746,849.2361111111111,1.088888888888846,1.1694444444444798,1.1083333333332916,0.9824561403508754,0.03529329366697982,0.9730959632270879,55.55555555555556,0.9090909090760331,1.0551378446116004,7.459242641963404e-13,0.9968826969130469,0
747,850.4055555555556,1.1694444444444798,1.10277777777776,1.1083333333332916,1.0551378446116004,0.036404713335644226,1.0037396884411045,58.333333333333336,0.9545454545298347,0.9949874686717006,1.7663494839416198e-14,0.9991639986364164,0
748,851.5083333333333,1.10277777777776,1.1861111111111313,1.10277777777776,1.0,0.03597358392180848,0.9918527193134672,61.111111111111114,0.9999999999836364,1.0755667506297586,1.1616677238202033e-11,0.9992223926983839,0
749,852.6944444444445,1.1861111111111313,1.1055555555554974,1.10277777777776,1.0755667506297586,0.03634254774865277,1.002025677775967,61.111111111111114,0.9999999999836364,1.0025188916876209,3.4425560275705425e-14,0.9988668036664117,0
750,853.8,1.1055555555554974,1.1388888888889142,1.10277777777776,1.0025188916876209,0.035033843407068596,0.9659424795380878,58.333333333333336,0.9545454545298347,1.032745591939586,3.574426453607782e-13,0.9982479720875888,0
751,854.9388888888889,1.1388888888889142,1.1499999999999773,1.1041666666666288,1.0314465408805615,0.03424777677613114,0.9442692893674461,55.55555555555556,0.9090909090760331,1.0415094339622792,7.874676422275993e-15,0.9969687087427412,0
752,856.0888888888888,1.1499999999999773,1.14722222222224,1.1041666666666288,1.0415094339622792,0.035983738709530956,0.9921327040333239,61.111111111111114,0.9999999999836364,1.0389937106918756,3.8019899186413075e-13,0.9989941937663992,0
753,857.2361111111111,1.14722222222224,1.161111111111154,1.1222222222222058,1.022277227722803,0.03759122131673821,1.036453725777311,61.111111111111114,0.9999999999836364,1.034653465346588,5.339898662137799e-12,0.9981756833959413,0
754,858.3972222222222,1.161111111111154,1.1083333333333485,1.143055555555577,1.015795868772801,0.0358336524561168,0.9879945714829511,58.333333333333336,0.9545454545298347,0.9696233292831056,4.3379921643759214e-14,0.997303550307308,0
755,859.5055555555556,1.1083333333333485,1.1333333333333258,1.143055555555577,0.9696233292831056,0.03699715763971258,1.020074382679777,61.111111111111114,0.9999999999836364,0.9914945321992457,1.570289211161313e-11,0.9987052678884917,0
756,860.6388888888889,1.1333333333333258,1.158333333333303,1.143055555555577,0.9914945321992457,0.034215035582373675,0.9433665591270426,55.55555555555556,0.9090909090760331,1.0133657351153857,2.0364166218112337e-14,0.9961725196853494,0
757,861.7972222222222,1.158333333333303,1.1777777777778056,1.143055555555577,1.0133657351153857,0.035285582814166494,0.9728833619375487,58.333333333333336,0.9545454545298347,1.0303766707168944,4.31789105609804e-14,0.9989564792824696,0
758,862.975,1.1777777777778056,1.1722222222222172,1.1486111111111086,1.0253929866989382,0.03823148712017517,1.0541069398580292,63.888888888888886,1.045454545437438,1.0205562273276882,2.419420046251286e-11,0.996738205550235,0
759,864.1472222222222,1.1722222222222172,1.125,1.1486111111111086,1.0205562273276882,0.033113940633331576,0.9130075039435627,55.55555555555556,0.9090909090760331,0.9794437726723118,4.2511143666683e-16,0.9959788384001877,0
760,865.2722222222222,1.125,1.1416666666666515,1.1486111111111086,0.9794437726723118,0.03731097306745051,1.0287268062481634,61.111111111111114,0.9999999999836364,0.9939540507859624,1.2099909615925775e-11,0.9982004843331972,0
761,866.4138888888889,1.1416666666666515,1.125,1.1486111111111086,0.9939540507859624,0.0383873446537607,1.0584041963907203,63.888888888888886,1.045454545437438,0.9794437726723118,8.388547495519205e-11,0.9978979916998566,0
762,867.5388888888889,1.125,1.1777777777778056,1.1444444444444457,0.983009708737863,0.033608682051084304,0.9266483639040727,55.55555555555556,0.9090909090760331,1.029126213592256,3.16700028560931e-14,0.9955208700122635,0
763,868.7166666666667,1.1777777777778056,1.122222222222149,1.1499999999999773,1.0241545893720252,0.03603003879449726,0.9934092759000049,58.333333333333336,0.9545454545298347,0.9758454106279749,1.6427046964991206e-14,0.9986073901487353,0
764,869.8388888888888,1.122222222222149,1.1638888888888914,1.1374999999999886,0.986568986568932,0.03386086945105859,0.9336015982269239,55.55555555555556,0.9090909090760331,1.0231990231990356,3.57323186610161e-14,0.9955728123231806,0
765,871.0027777777777,1.1638888888888914,1.1444444444445026,1.1499999999999773,1.0120772946860126,0.03429700137499893,0.9456264950423172,55.55555555555556,0.9090909090760331,0.9951690821256741,1.6843591086913032e-15,0.9978310824342616,0
766,872.1472222222222,1.1444444444445026,1.1722222222222172,1.1513888888889028,0.9939686369119806,0.03782495306149381,1.0428981063853042,63.888888888888886,1.045454545437438,1.018094089264157,8.592735550871922e-11,0.9975116242880557,0
767,873.3194444444445,1.1722222222222172,1.1722222222222172,1.154166666666697,1.0156438026473817,0.03726124735537954,1.0273557840324012,61.111111111111114,0.9999999999836364,1.0156438026473817,9.651889747511189e-13,0.9988432936424159,0
768,874.4916666666667,1.1722222222222172,1.1722222222222172,1.154166666666697,1.0156438026473817,0.03426802937551653,0.944827687880567,58.333333333333336,0.9545454545298347,1.0156438026473817,1.651375095153805e-14,0.9963841903086339,0
769,875.6638888888889,1.1722222222222172,1.125,1.154166666666697,1.0156438026473817,0.036862825927266384,1.0163706295433257,61.111111111111114,0.9999999999836364,0.9747292418772308,4.500418863528227e-13,0.9978266908024584,0
770,876.7888888888889,1.125,1.1722222222222172,1.154166666666697,0.9747292418772308,0.036449430281567115,1.0049726104793817,58.333333333333336,0.9545454545298347,1.0156438026473817,1.2256412247960147e-12,0.9985350487959626,0
771,877.9611111111111,1.1722222222222172,1.1666666666666288,1.1680555555555543,1.003567181926275,0.03317331109807209,0.9146444483477615,52.77777777777778,0.8636363636222314,0.9988109393578759,3.04112594863096e-16,0.9941128889936923,0
772,879.1277777777777,1.1666666666666288,1.183333333333394,1.169444444444423,0.9976247030878719,0.035237492562886594,0.97155743214951,55.55555555555556,0.9090909090760331,1.0118764845606405,1.2105916854902865e-14,0.9970717225845122,0
773,880.3111111111111,1.183333333333394,1.1722222222222172,1.169444444444423,1.0118764845606405,0.03596063008818846,0.9914955601510806,61.111111111111114,0.9999999999836364,1.002375296912128,1.3944093546925523e-13,0.9988730976258373,0
774,881.4833333333333,1.1722222222222172,1.125,1.1722222222222172,1.0,0.03600558510628905,0.9927350462430634,58.333333333333336,0.9545454545298347,0.9597156398104307,4.204213135939293e-14,0.9975621747464081,0
775,882.6083333333333,1.125,1.2111111111111086,1.1722222222222172,0.9597156398104307,0.03358015693825965,0.9258618781653886,55.55555555555556,0.9090909090760331,1.0331753554502392,5.174881722680262e-14,0.9961626132900553,0
776,883.8194444444445,1.2111111111111086,1.1527777777777146,1.1722222222222172,1.0331753554502392,0.034557572436991195,0.952810881145553,55.55555555555556,0.9090909090760331,0.9834123222748319,3.169649963486999e-16,0.9967504535992409,0
777,884.9722222222222,1.1527777777777146,1.194444444444457,1.1722222222222172,0.9834123222748319,0.03673985979334088,1.0129802446825185,61.111111111111114,0.9999999999836364,1.018957345971579,7.693018964916032e-12,0.9962880747727594,0
778,886.1666666666666,1.194444444444457,1.127777777777851,1.1722222222222172,1.018957345971579,0.03535282793854446,0.9747374240632415,55.55555555555556,0.9090909090760331,0.9620853080569387,9.71569025115548e-16,0.9979237077024632,0
779,887.2944444444445,1.127777777777851,1.191666666666606,1.169444444444423,0.9643705463183702,0.03419379872456479,0.9427810229399003,55.55555555555556,0.9090909090760331,1.0190023752968789,4.13076758670923e-14,0.9971065876632437,0
780,888.4861111111111,1.191666666666606,1.127777777777851,1.1722222222222172,1.016587677725071,0.03588755066353139,0.9894806364718184,58.333333333333336,0.9545454545298347,0.9620853080569387,1.3390549892598313e-14,0.9973904142015053,0
781,889.6138888888889,1.127777777777851,1.1944444444443434,1.169444444444423,0.9643705463183702,0.03550171383875343,0.9788424608399686,58.333333333333336,0.9545454545298347,1.0213776722089585,6.183846295269857e-13,0.998459110439113,0
782,890.8083333333333,1.1944444444443434,1.1333333333334394,1.1777777777778056,1.0141509433961167,0.03533136402856424,0.9741456276626589,58.333333333333336,0.9545454545298347,0.9622641509434636,5.802148583637645e-15,0.9979568005424515,0
783,891.9416666666667,1.1333333333334394,1.1638888888888914,1.162499999999966,0.9749103942653529,0.034708266460988756,0.9569657709616788,55.55555555555556,0.9090909090760331,1.0011947431302586,2.609942460990531e-14,0.9975437471309376,0
784,893.1055555555556,1.1638888888888914,1.1499999999999773,1.158333333333303,1.0047961630695728,0.036540689830654234,1.0074887910223636,61.111111111111114,0.9999999999836364,0.9928057553956898,9.394341858245947e-13,0.9973643782096149,0
785,894.2555555555556,1.1499999999999773,1.1555555555555657,1.158333333333303,0.9928057553956898,0.03633494647595693,1.0018160977961128,58.333333333333336,0.9545454545298347,0.9976019184652627,2.9181575233495904e-13,0.9976510530218206,0
786,895.4111111111112,1.1555555555555657,1.2111111111111086,1.1541666666666401,1.0012033694344482,0.03327353525286882,0.917407798273977,52.77777777777778,0.8636363636222314,1.049338146811093,4.296422582533406e-15,0.992385729638989,0
787,896.6222222222223,1.2111111111111086,1.125,1.1597222222222285,1.044311377245501,0.035995701669333774,0.9924625431240648,58.333333333333336,0.9545454545298347,0.9700598802395157,2.976056189408615e-15,0.9982978575129118,0
788,897.7472222222223,1.125,1.1416666666666515,1.1527777777777715,0.9759036144578367,0.03736921913793695,1.0303327491958238,63.888888888888886,1.045454545437438,0.9903614457831248,1.3146440880351662e-10,0.9970900572046828,0
789,898.8888888888889,1.1416666666666515,1.2055555555555202,1.1527777777777715,0.9903614457831248,0.03418262734209251,0.942473008978664,52.77777777777778,0.8636363636222314,1.0457831325300955,1.054423628081948e-14,0.9945632976152317,0
790,900.0944444444444,1.2055555555555202,1.1666666666666288,1.1527777777777715,1.0457831325300955,0.03275425070685475,0.9030902426425717,52.77777777777778,0.8636363636222314,1.012048192771057,1.194137784616252e-17,0.9953939143062113,0
791,901.2611111111111,1.1666666666666288,1.1722222222222172,1.1597222222222285,1.0059880239520576,0.03749717601530825,1.033860737317648,63.888888888888886,1.045454545437438,1.0107784431137625,1.4793173630511802e-11,0.9978705702887456,0
792,902.4333333333333,1.1722222222222172,1.14722222222224,1.1597222222222285,1.0107784431137625,0.03649312310565418,1.0061772957417519,61.111111111111114,0.9999999999836364,0.9892215568862374,2.924085940828741e-13,0.9989296152751609,0
793,903.5805555555555,1.14722222222224,1.1416666666666515,1.1597222222222285,0.9892215568862374,0.033951368388111046,0.936096807406125,55.55555555555556,0.9090909090760331,0.9844311377245325,6.290609614429624e-15,0.9960828499777248,0
794,904.7222222222222,1.1416666666666515,1.2083333333333712,1.1527777777777715,0.9903614457831248,0.035664923662927776,0.9833424324935535,61.111111111111114,0.9999999999836364,1.048192771084376,1.8400177215216473e-12,0.9989721296434397,0
795,905.9305555555555,1.2083333333333712,1.1666666666666288,1.1611111111110972,1.0406698564593753,0.036782129671160305,1.0141456969029972,61.111111111111114,0.9999999999836364,1.0047846889951948,9.262213798667471e-14,0.9980886211527767,0
796,907.0972222222222,1.1666666666666288,1.1722222222222172,1.1666666666666288,1.0,0.03807401495822562,1.0497651652829598,63.888888888888886,1.045454545437438,1.0047619047619332,3.2326794019432725e-11,0.9976563109348233,0
797,908.2694444444444,1.1722222222222172,1.1638888888888914,1.1666666666666288,1.0047619047619332,0.03339997095196395,0.9208938449308345,55.55555555555556,0.9090909090760331,0.9976190476190822,2.266060255767615e-15,0.9943612260562167,0
798,909.4333333333333,1.1638888888888914,1.1861111111111313,1.1666666666666288,0.9976190476190822,0.03412700579408627,0.9409394285669285,55.55555555555556,0.9090909090760331,1.016666666666717,2.6486055339778377e-15,0.9983792157294502,0
799,910.6194444444444,1.1861111111111313,1.1416666666666515,1.169444444444423,1.0142517814727199,0.03759213648434962,1.0364789585004663,61.111111111111114,0.9999999999836364,0.9762470308788648,1.211812659766831e-12,0.996248814213361,0
800,911.7611111111111,1.1416666666666515,1.183333333333394,1.1666666666666288,0.9785714285714474,0.035783514304990306,0.9866121776229383,58.333333333333336,0.9545454545298347,1.0142857142857993,2.7817545901302754e-13,0.9986842534343439,0
801,912.9444444444445,1.183333333333394,1.1083333333333485,1.169444444444423,1.0118764845606405,0.035162618745331345,0.9694930340147849,55.55555555555556,0.9090909090760331,0.947743467933522,1.5164705081610413e-15,0.9971039756139162,0
802,914.0527777777778,1.1083333333333485,1.1305555555554747,1.16527777777776,0.951132300357596,0.036418581626483995,1.0041220607399433,61.111111111111114,0.9999999999836364,0.9702026221691945,1.090441105466855e-11,0.9984663358685375,0
803,915.1833333333333,1.1305555555554747,1.150000000000091,1.16527777777776,0.9702026221691945,0.03546978516253011,0.9779621330859973,55.55555555555556,0.9090909090760331,0.9868891537545627,7.047207733817604e-14,0.9972550270645364,0
804,916.3333333333334,1.150000000000091,1.1083333333333485,1.16527777777776,0.9868891537545627,0.036603228780404284,1.0092130959319723,61.111111111111114,0.9999999999836364,0.951132300357596,8.645365781774494e-13,0.9983686521081141,0
805,917.4416666666667,1.1083333333333485,1.1499999999999773,1.1569444444444912,0.9579831932772853,0.03569994262186527,0.9843079645830217,58.333333333333336,0.9545454545298347,0.9939975990395561,2.055940270459522e-12,0.9968086842546358,0
806,918.5916666666667,1.1499999999999773,1.0944444444444343,1.150000000000034,0.9999999999999506,0.034796428446622014,0.9593965464268226,58.333333333333336,0.9545454545298347,0.9516908212560017,1.7471831612243284e-14,0.998055332421506,0
807,919.6861111111111,1.0944444444444343,1.10277777777776,1.1458333333333144,0.9551515151515221,0.039173258372258574,1.0800731705060655,63.888888888888886,1.045454545437438,0.962424242424243,4.633590400260346e-09,0.9976742796860765,0
808,920.7888888888889,1.10277777777776,1.069444444444457,1.136111111111063,0.9706601466992919,0.036386697803482686,1.0032429696653733,61.111111111111114,0.9999999999836364,0.9413202933985839,3.601377225950775e-12,0.9989187521447589,0
809,921.8583333333333,1.069444444444457,1.1333333333333258,1.1194444444444116,0.9553349875930914,0.0359005982177512,0.9898403796700896,58.333333333333336,0.9545454545298347,1.0124069478908417,7.830997135471751e-12,0.9982880337149382,0
810,922.9916666666667,1.1333333333333258,1.1166666666666742,1.1194444444444116,1.0124069478908417,0.03712196993155181,1.0235156692453182,61.111111111111114,0.9999999999836364,0.9975186104218723,2.57146734461422e-12,0.9987806031907971,0
811,924.1083333333333,1.1166666666666742,1.1083333333333485,1.1125000000000114,1.0037453183520564,0.03478909409140417,0.9591943258145244,58.333333333333336,0.9545454545298347,0.9962546816479435,1.4093213358476464e-13,0.997107632098857,0
812,925.2166666666667,1.1083333333333485,1.0611111111111313,1.1125000000000114,0.9962546816479435,0.03421884883689695,0.9434716970214644,55.55555555555556,0.9090909090760331,0.9538077403246027,1.3159885880402022e-14,0.9966852581215162,0
813,926.2777777777778,1.0611111111111313,1.0749999999999318,1.1083333333333485,0.9573934837092783,0.03646789102605843,1.0054816045141173,61.111111111111114,0.9999999999836364,0.9699248120300004,5.1338058804084596e-11,0.9986806065238159,0
814,927.3527777777778,1.0749999999999318,1.1166666666666742,1.1055555555555543,0.9723618090451656,0.036504524447288134,1.0064916500670822,58.333333333333336,0.9545454545298347,1.0100502512562894,8.791403369179385e-12,0.9980577652585929,0
815,928.4694444444444,1.1166666666666742,1.1916666666667197,1.1055555555555543,1.0100502512562894,0.036065105455960506,0.9943761232290107,61.111111111111114,0.9999999999836364,1.0778894472362301,6.6205487272985586e-12,0.9991391686403364,0
816,929.6611111111112,1.1916666666667197,1.1305555555554747,1.1055555555555543,1.0778894472362301,0.035972734408325185,0.9918292967859722,58.333333333333336,0.9545454545298347,1.0226130653265613,7.478951946681203e-15,0.997834657403793,0
817,930.7916666666666,1.1305555555554747,1.1694444444444798,1.1125000000000114,1.0162297128588433,0.03302220224175687,0.9104781209010894,55.55555555555556,0.9090909090760331,1.0511860174781733,9.06041243414887e-15,0.9953986182633712,0
818,931.9611111111111,1.1694444444444798,1.136111111111063,1.1166666666666742,1.0472636815920644,0.03693767572569738,1.018434365430059,61.111111111111114,0.9999999999836364,1.0174129353233332,3.751028892877428e-13,0.9984722876687988,0
819,933.0972222222222,1.136111111111063,1.1527777777778283,1.1236111111110745,1.0111248454882473,0.037487886906512134,1.033604620833968,63.888888888888886,1.045454545437438,1.0259579728060118,5.830404908868658e-11,0.9974454587496044,0
820,934.25,1.1527777777778283,1.14722222222224,1.1236111111110745,1.0259579728060118,0.03340274931130513,0.9209704490099211,52.77777777777778,0.8636363636222314,1.0210135970334235,2.698114662684411e-16,0.9963655145375677,0
821,935.3972222222222,1.14722222222224,1.1499999999999773,1.133333333333269,1.0122549019608575,0.03487821498460368,0.9616515399875607,58.333333333333336,0.9545454545298347,1.0147058823529789,5.854365115517263e-14,0.9971978689427041,0
822,936.5472222222222,1.1499999999999773,1.1333333333333258,1.1416666666666515,1.0072992700729861,0.035994995105424275,0.9924430619587595,61.111111111111114,0.9999999999836364,0.9927007299270139,4.4122369061323774e-13,0.9988299717640088,0
823,937.6805555555555,1.1333333333333258,1.0138888888889142,1.1416666666666515,0.9927007299270139,0.033763790184075874,0.9309249581914174,55.55555555555556,0.9090909090760331,0.8880778588808125,1.3425808909577194e-15,0.9965013523797226,0
824,938.6944444444445,1.0138888888889142,1.2527777777777374,1.1416666666666515,0.8880778588808125,0.03717079938732342,1.0248619801548717,61.111111111111114,0.9999999999836364,1.0973236009732152,7.848013439115675e-08,0.9983467711337559,0
825,939.9472222222222,1.2527777777777374,1.2222222222222854,1.1486111111111086,1.0906892382103663,0.03225712083965357,0.8893835290799981,52.77777777777778,0.8636363636222314,1.0640870616687392,1.7796257347583294e-18,0.9942022564619752,0
826,941.1694444444445,1.2222222222222854,1.1694444444443661,1.1486111111111086,1.0640870616687392,0.034836498280224684,0.9605013396970076,55.55555555555556,0.9090909090760331,1.0181378476420138,1.3739102044569326e-16,0.998377485870171,0
827,942.3388888888888,1.1694444444443661,1.2361111111111995,1.1513888888889028,1.0156815440288702,0.03729937810699866,1.0284071135236494,63.888888888888886,1.045454545437438,1.0735826296743702,4.6677991333288205e-11,0.9969810254179695,0
828,943.575,1.2361111111111995,1.1972222222221944,1.1513888888889028,1.0735826296743702,0.03545513363507294,0.9775581656252607,58.333333333333336,0.9545454545298347,1.0398069963811454,2.0791840352961085e-15,0.9968209323028527,0
829,944.7722222222222,1.1972222222221944,1.180555555555543,1.1611111111110972,1.031100478468888,0.03703881557012959,1.0212229624725186,61.111111111111114,0.9999999999836364,1.016746411483255,1.8988306207338296e-13,0.999219934246861,0
830,945.9527777777778,1.180555555555543,1.1666666666666288,1.1749999999999545,1.004728132387735,0.03672507327530035,1.012572555302457,61.111111111111114,0.9999999999836364,0.9929078014184459,4.638807241975906e-13,0.9982602912617564,0
831,947.1194444444444,1.1666666666666288,1.1583333333334167,1.1749999999999545,0.9929078014184459,0.035295346432949785,0.9731525614663361,58.333333333333336,0.9545454545298347,0.9858156028369885,2.590506104169655e-14,0.9989498381406934,0
832,948.2777777777778,1.1583333333334167,1.1416666666666515,1.1749999999999545,0.9858156028369885,0.03350576434406539,0.9238107481748727,52.77777777777778,0.8636363636222314,0.9716312056737836,6.747393518818424e-16,0.994453370249134,0
833,949.4194444444445,1.1416666666666515,1.1527777777777146,1.1749999999999545,0.9716312056737836,0.03620642152654159,0.9982724469645942,63.888888888888886,1.045454545437438,0.9810874704491568,1.227906751971597e-11,0.9980603587407343,0
834,950.5722222222222,1.1527777777777146,1.1750000000000682,1.1749999999999545,0.9810874704491568,0.03623496092496464,0.9990593265814541,61.111111111111114,0.9999999999836364,1.0000000000000968,1.7719188746476155e-12,0.9979002697485404,0
835,951.7472222222223,1.1750000000000682,1.1111111111110858,1.1722222222222172,1.002369668246508,0.0344366129522309,0.9494758230054736,55.55555555555556,0.9090909090760331,0.9478672985781816,6.427610523263548e-16,0.9985994437035441,0
836,952.8583333333333,1.1111111111110858,1.1611111111110404,1.1680555555554974,0.951248513674223,0.03483085019051334,0.9603456122846011,55.55555555555556,0.9090909090760331,0.9940546967895252,1.5458717205624195e-13,0.9966901347379621,0
837,954.0194444444444,1.1611111111110404,1.1527777777778283,1.1638888888888346,0.997613365155117,0.035578779924415764,0.9809673035244554,61.111111111111114,0.9999999999836364,0.9904534606206147,2.1570810730068418e-13,0.9991508723757481,0
838,955.1722222222222,1.1527777777778283,1.1638888888888914,1.1597222222222285,0.9940119760479423,0.036263138061459775,0.9998362180225713,58.333333333333336,0.9545454545298347,1.0035928143712542,1.5939879353509684e-13,0.9989109819003322,0
839,956.3361111111111,1.1638888888888914,1.1555555555555657,1.1597222222222285,1.0035928143712542,0.03570284127218168,0.9843878852883069,58.333333333333336,0.9545454545298347,0.9964071856287458,3.700649677104359e-14,0.9990853949838453,0
840,957.4916666666667,1.1555555555555657,1.1694444444444798,1.1569444444444912,0.9987995198078915,0.035426466714269154,0.9767677700000881,58.333333333333336,0.9545454545298347,1.0108043217286813,7.31429416274583e-14,0.998235531916276,0
841,958.6611111111112,1.1694444444444798,1.1749999999999545,1.1569444444444912,1.0108043217286813,0.035245561213040955,0.9717798985185597,58.333333333333336,0.9545454545298347,1.0156062424969186,2.540619421114755e-14,0.9986326749543335,0
842,959.8361111111111,1.1749999999999545,1.1888888888888687,1.158333333333303,1.0143884892086203,0.03520392400250592,0.9706318900081047,58.333333333333336,0.9545454545298347,1.0263788968825034,3.109787614593608e-14,0.997848444920495,0
843,961.025,1.1888888888888687,1.1083333333333485,1.162499999999966,1.0227001194743257,0.03597219687630216,0.9918144761164522,61.111111111111114,0.9999999999836364,0.9534050179211879,5.5947193628108974e-14,0.9977834287194589,0
844,962.1333333333333,1.1083333333333485,1.2000000000000455,1.162499999999966,0.9534050179211879,0.03628383235056783,1.0004067946704442,61.111111111111114,0.9999999999836364,1.0322580645161985,1.945694647065288e-11,0.9993651963928665,0
845,963.3333333333334,1.2000000000000455,1.1305555555554747,1.162499999999966,1.0322580645161985,0.035290501356865074,0.9730189745015136,58.333333333333336,0.9545454545298347,0.972520908004738,3.988713300487811e-15,0.99741489685965,0
846,964.4638888888888,1.1305555555554747,1.1305555555555884,1.162499999999966,0.972520908004738,0.035861876509622914,0.9887727565056316,58.333333333333336,0.9545454545298347,0.9725209080048357,3.3741057365622995e-13,0.9980022463565947,0
847,965.5944444444444,1.1305555555555884,1.1555555555555657,1.1597222222222285,0.9748502994012206,0.03491898465334399,0.9627756288993989,58.333333333333336,0.9545454545298347,0.9964071856287458,2.500187556986333e-13,0.9968977613235896,0
848,966.75,1.1555555555555657,1.194444444444457,1.1597222222222285,0.9964071856287458,0.03694986581941708,1.0187704669881037,61.111111111111114,0.9999999999836364,1.0299401197604843,3.671161465101935e-12,0.998208413080487,0
849,967.9444444444445,1.194444444444457,1.136111111111063,1.1625000000000227,1.0274790919952117,0.03845480425995668,1.0602641721438932,63.888888888888886,1.045454545437438,0.9772998805256266,2.333564591561199e-11,0.9941770995301678,0
850,969.0805555555555,1.136111111111063,1.161111111111154,1.1625000000000227,0.9772998805256266,0.035187515125068285,0.9701794694279708,58.333333333333336,0.9545454545298347,0.9988052568697904,1.5482943703168384e-13,0.9983440197499499,0
851,970.2416666666667,1.161111111111154,1.1333333333333258,1.1583333333333599,1.0023980815347864,0.033454585031951964,0.9223996477406589,52.77777777777778,0.8636363636222314,0.9784172661870214,2.3859147295898287e-16,0.9955915578332508,0
852,971.375,1.1333333333333258,1.1666666666666288,1.1458333333333144,0.9890909090909188,0.03654425494334414,1.0075870872255948,61.111111111111114,0.9999999999836364,1.0181818181818019,5.87475207369792e-12,0.9976401576555927,0
853,972.5416666666666,1.1666666666666288,1.1722222222222172,1.1458333333333144,1.0181818181818019,0.03643556816467658,1.004590408406794,61.111111111111114,0.9999999999836364,1.0230303030303156,5.648785475834139e-13,0.9986335581549455,0
854,973.7138888888888,1.1722222222222172,1.1722222222222172,1.1583333333333599,1.0119904076738333,0.03378888827096074,0.9316169550127636,55.55555555555556,0.9090909090760331,1.0119904076738333,1.3381682728189981e-15,0.9971277122352517,0
855,974.8861111111111,1.1722222222222172,1.1361111111111768,1.1583333333333599,1.0119904076738333,0.03536069900740673,0.9749544427809738,58.333333333333336,0.9545454545298347,0.9808153477218567,4.10016191463268e-14,0.9958603946746012,0
856,976.0222222222222,1.1361111111111768,1.2055555555555202,1.1583333333333599,0.9808153477218567,0.03705981220943991,1.0218018754282487,63.888888888888886,1.045454545437438,1.0407673860910727,8.6857368519766e-11,0.9982936528317259,0
857,977.2277777777778,1.2055555555555202,1.14722222222224,1.1638888888888914,1.0357995226729984,0.039833757540484314,1.0982842527694547,66.66666666666667,1.0909090908912398,0.9856801909308006,2.3026426598793392e-10,0.9966721331275463,0
858,978.375,1.14722222222224,1.22777777777776,1.1638888888888914,0.9856801909308006,0.03260282136763593,0.8989150789387137,55.55555555555556,0.9090909090760331,1.0548926014319635,5.9492210318517775e-15,0.99641463819845,0
859,979.6027777777778,1.22777777777776,1.2138888888889596,1.1638888888888914,1.0548926014319635,0.03509053242289224,0.9675054918479566,58.333333333333336,0.9545454545298347,1.0429594272076959,2.543973671585882e-15,0.9974351102820156,0
860,980.8166666666667,1.2138888888889596,1.1944444444443434,1.169444444444423,1.0380047505939038,0.0350693343381729,0.9669210247006517,58.333333333333336,0.9545454545298347,1.0213776722089585,2.973049434204099e-15,0.9981549588761429,0
861,982.0111111111111,1.1944444444443434,1.1861111111111313,1.1722222222222172,1.0189573459714822,0.03564055561269742,0.9826705640209019,58.333333333333336,0.9545454545298347,1.011848341232249,2.084696822178371e-14,0.9973147579746426,0
862,983.1972222222222,1.1861111111111313,1.1638888888888914,1.1791666666666742,1.0058892815076668,0.03500006197460866,0.9650110681524298,58.333333333333336,0.9545454545298347,0.9870435806831525,6.9997684677605004e-15,0.9988838263016985,0
863,984.3611111111111,1.1638888888888914,1.1777777777778056,1.1791666666666742,0.9870435806831525,0.039241797201055514,1.0819629022566903,63.888888888888886,1.045454545437438,0.998822143698486,2.3553609063142744e-10,0.9969907731149175,0
864,985.5388888888889,1.1777777777778056,1.14722222222224,1.1819444444444684,0.9964747356051736,0.03602316823166169,0.9932198428302701,58.333333333333336,0.9545454545298347,0.9706227967097485,3.312038075980843e-14,0.9985037096271846,0
865,986.6861111111111,1.14722222222224,1.1277777777777374,1.1819444444444684,0.9706227967097485,0.03574319119162485,0.9855004010001351,58.333333333333336,0.9545454545298347,0.9541715628671614,1.0680647718249586e-13,0.9985042080704702,0
866,987.8138888888889,1.1277777777777374,1.158333333333303,1.1819444444444684,0.9541715628671614,0.03612313266060751,0.9959760316742852,61.111111111111114,0.9999999999836364,0.9800235017625867,3.080597409110819e-12,0.999404929969458,0
867,988.9722222222222,1.158333333333303,1.1555555555555657,1.1708333333333485,0.9893238434163314,0.03476561233786271,0.9585468940447299,58.333333333333336,0.9545454545298347,0.9869513641755593,4.6341887440090254e-14,0.996930683527434,0
868,990.1277777777777,1.1555555555555657,1.1722222222222172,1.1708333333333485,0.9869513641755593,0.03842862921914088,1.0595424818761754,63.888888888888886,1.045454545437438,1.001186239620386,9.987844579173455e-11,0.9976367857533998,0
869,991.3,1.1722222222222172,1.1805555555556566,1.1680555555555543,1.003567181926275,0.03573947764217183,0.9853980121435985,58.333333333333336,0.9545454545298347,1.0107015457789224,5.116953817043898e-14,0.9982592918882269,0
870,992.4805555555556,1.1805555555556566,1.158333333333303,1.1680555555555543,1.0107015457789224,0.03592976155570362,0.9906444623579652,61.111111111111114,0.9999999999836364,0.9916765755053258,1.044003953925253e-13,0.9994100690860537,0
871,993.6388888888889,1.158333333333303,1.1666666666666288,1.1611111111110972,0.9976076555023782,0.035386476919139556,0.9756651835263496,58.333333333333336,0.9545454545298347,1.0047846889951948,7.572846565323879e-14,0.9975855322126064,0
872,994.8055555555555,1.1666666666666288,1.180555555555543,1.1611111111110972,1.0047846889951948,0.03737849838111185,1.0305885936675954,61.111111111111114,0.9999999999836364,1.016746411483255,1.673732550125373e-12,0.9990753147591174,0
873,995.9861111111111,1.180555555555543,1.1166666666666742,1.162499999999966,1.0155316606929699,0.03535271940873386,0.9747344317122985,58.333333333333336,0.9545454545298347,0.9605734767025437,9.548698976153715e-15,0.9977533627288256,0
874,997.1027777777778,1.1166666666666742,0.7111111111111086,1.158333333333303,0.964028776978449,0.03289913626979139,0.9070849833361965,52.77777777777778,0.8636363636222314,0.6139088729016925,4.9221111034726994e-17,0.9938131498343248,0
875,997.8138888888889,0.7111111111111086,1.5,1.158333333333303,0.6139088729016925,0.04057443392479649,1.1187059568595477,127.77777777777777,2.090909090874876,1.2949640287770123,0.9173856973648071,0.22058955273649483,1
876,999.3138888888889,1.5,1.1361111111111768,1.162499999999966,1.2903225806451992,0.035238388139741145,0.9715821247222731,61.111111111111114,0.9999999999836364,0.9772998805257721,6.575750635466287e-22,0.9988085619267263,0
877,1000.45,1.1361111111111768,1.224999999999909,1.162499999999966,0.9772998805257721,0.03576964305716212,0.9862297237949138,58.333333333333336,0.9545454545298347,1.0537634408601677,8.725113730470579e-13,0.9984381188267712,0
878,1001.675,1.224999999999909,1.1444444444445026,1.169444444444423,1.0475059382422218,0.03494903057060306,0.9636040457955983,55.55555555555556,0.9090909090760331,0.9786223277910415,9.148689043241411e-17,0.9986270718245711,0
879,1002.8194444444445,1.1444444444445026,1.1694444444444798,1.162499999999966,0.9844683393071278,0.034789668630142816,0.9592101668219568,58.333333333333336,0.9545454545298347,1.005973715651195,9.595515842401175e-14,0.9974764834601189,0
880,1003.9888888888889,1.1694444444444798,1.1666666666666288,1.162499999999966,1.005973715651195,0.03322390177372163,0.9160393190763486,55.55555555555556,0.9090909090760331,1.0035842293906778,8.515687028077287e-16,0.9969608455955313,0
881,1005.1555555555556,1.1666666666666288,1.14722222222224,1.1666666666666288,1.0,0.03692778714203118,1.0181617204075115,61.111111111111114,0.9999999999836364,0.9833333333333805,1.939039857498659e-12,0.9962391546731267,0
882,1006.3027777777778,1.14722222222224,1.1555555555555657,1.1569444444444343,0.9915966386554861,0.035384392895933474,0.9756077234720899,58.333333333333336,0.9545454545298347,0.9987995198079407,6.643780171193894e-14,0.9990805376178433,0
883,1007.4583333333334,1.1555555555555657,1.1638888888888914,1.1513888888889028,1.0036188178528314,0.033909651411433664,0.9349465996078435,52.77777777777778,0.8636363636222314,1.0108564535584943,7.290052058619588e-16,0.9964746953463202,0
884,1008.6222222222223,1.1638888888888914,1.1444444444443889,1.1597222222222285,1.0035928143712542,0.036849304162496675,1.0159978115559407,61.111111111111114,0.9999999999836364,0.9868263473053359,6.438503701543252e-13,0.9990247012772255,0
885,1009.7666666666667,1.1444444444443889,1.14722222222224,1.1597222222222285,0.9868263473053359,0.03611281901184008,0.9956916668859935,61.111111111111114,0.9999999999836364,0.9892215568862374,1.3825669125180906e-12,0.9980143582947529,0
886,1010.9138888888889,1.14722222222224,1.0944444444444343,1.1513888888889028,0.9963811821471686,0.03377652204148539,0.9312759970932123,55.55555555555556,0.9090909090760331,0.9505428226779049,1.3212368253572135e-15,0.9977922434821713,0
887,1012.0083333333333,1.0944444444444343,1.1444444444445026,1.1513888888889028,0.9505428226779049,0.03659290974579006,1.00892858264675,61.111111111111114,0.9999999999836364,0.9939686369119806,3.5245893009738793e-11,0.9982993698918257,0
888,1013.1527777777778,1.1444444444445026,1.1055555555554974,1.14722222222224,0.997578692493982,0.035542442157505114,0.9799654096624915,58.333333333333336,0.9545454545298347,0.9636803874091354,4.9010403754042725e-14,0.9986598429951157,0
889,1014.2583333333333,1.1055555555554974,1.1388888888889142,1.14722222222224,0.9636803874091354,0.03730226650866207,1.02848675165619,63.888888888888886,1.045454545437438,0.9927360774818469,4.688332500002446e-10,0.9967423806086086,0
890,1015.3972222222222,1.1388888888889142,1.1611111111110404,1.1458333333333712,0.9939393939393831,0.03488746312608761,0.9619065269329641,58.333333333333336,0.9545454545298347,1.0133333333332382,8.033808671483247e-14,0.9983855657191711,0
891,1016.5583333333333,1.1611111111110404,1.1666666666667425,1.1458333333333712,1.0133333333332382,0.03556289976168,0.9805294605053433,58.333333333333336,0.9545454545298347,1.0181818181818507,4.511968327170629e-14,0.9987256309252059,0
892,1017.725,1.1666666666667425,1.158333333333303,1.1458333333333712,1.0181818181818507,0.03834257885898075,1.0571699275066069,63.888888888888886,1.045454545437438,1.010909090909031,3.427792771848459e-11,0.9972541043349235,0
893,1018.8833333333333,1.158333333333303,1.1888888888888687,1.1458333333333712,1.010909090909031,0.03628846858335796,1.0005346234714405,61.111111111111114,0.9999999999836364,1.0375757575757056,1.04202703323647e-12,0.9986857593275735,0
894,1020.0722222222222,1.1888888888888687,1.161111111111154,1.1458333333333712,1.0375757575757056,0.03356805568562282,0.9255282261066717,55.55555555555556,0.9090909090760331,1.0133333333333372,2.8164901640411594e-16,0.997312306882236,0
895,1021.2333333333333,1.161111111111154,1.191666666666606,1.1527777777777715,1.0072289156626935,0.03559494460580888,0.9814129912054895,61.111111111111114,0.9999999999836364,1.0337349397589892,4.0568346208399997e-13,0.9989658005410147,0
896,1022.425,1.191666666666606,1.1555555555555657,1.1597222222221717,1.0275449101796332,0.03687900345192507,1.0168166713349736,61.111111111111114,0.9999999999836364,0.9964071856287946,1.5530206786372458e-13,0.9990551540799859,0
897,1023.5805555555555,1.1555555555555657,1.1722222222222172,1.1597222222221717,0.9964071856287946,0.03752662774555548,1.0346727714702,63.888888888888886,1.045454545437438,1.010778443113812,2.8929726669790767e-11,0.9978984185437716,0
898,1024.7527777777777,1.1722222222222172,1.150000000000091,1.1611111111110972,1.0095693779904384,0.033746971789489585,0.930461246528961,52.77777777777778,0.8636363636222314,0.9904306220096596,2.6946791499899065e-16,0.9952682792643496,0
899,1025.9027777777778,1.150000000000091,1.2027777777777828,1.1611111111110972,0.9904306220096596,0.03616512636944899,0.9971338694476639,61.111111111111114,0.9999999999836364,1.0358851674641316,2.7771541576820935e-12,0.9979438591660621,0
900,1027.1055555555556,1.2027777777777828,1.1694444444444798,1.1638888888889483,1.033412887828114,0.037612069817200645,1.037028554293764,63.888888888888886,1.045454545437438,1.0047732696897167,4.811937740628602e-12,0.9956405401807948,0
901,1028.275,1.1694444444444798,1.2138888888887323,1.1680555555556111,1.0011890606420755,0.03564394848471052,0.9827641112565567,58.333333333333336,0.9545454545298347,1.039239001188877,8.837324454039411e-14,0.9985611308066723,0
902,1029.4888888888888,1.2138888888887323,1.150000000000091,1.1708333333333485,1.0367734282323557,0.03856715593595733,1.0633618983977713,61.111111111111114,0.9999999999836364,0.9822064056940152,3.9501277140745195e-13,0.9983110073085857,0
903,1030.638888888889,1.150000000000091,1.1777777777776919,1.1708333333333485,0.9822064056940152,0.03420856733707358,0.9431882186340844,55.55555555555556,0.9090909090760331,1.0059311981019303,1.108776038241362e-14,0.996591527072308,0
904,1031.8166666666666,1.1777777777776919,1.1861111111111313,1.1708333333333485,1.0059311981019303,0.03506478301687331,0.9667955370534581,55.55555555555556,0.9090909090760331,1.0130486358244406,2.745502291495467e-15,0.9989170437415611,0
905,1033.0027777777777,1.1861111111111313,1.116666666666788,1.1749999999999545,1.00945626477547,0.035293413478505245,0.9730992666340421,58.333333333333336,0.9545454545298347,0.950354609929218,5.699309466478553e-15,0.9984418437782452,0
906,1034.1194444444445,1.116666666666788,1.199999999999818,1.1708333333333485,0.9537366548043616,0.03600461016379575,0.9927081654250371,61.111111111111114,0.9999999999836364,1.024911032028301,1.014609316701831e-11,0.9991173841279755,0
907,1035.3194444444443,1.199999999999818,1.1555555555555657,1.1749999999999545,1.0212765957445655,0.03486315226647391,0.9612362353026079,55.55555555555556,0.9090909090760331,0.9834515366430727,1.2184020492419763e-15,0.9960039544069704,0
908,1036.475,1.1555555555555657,1.1194444444445253,1.1736111111110858,0.9846153846154144,0.03606189630443521,0.9942876414787917,61.111111111111114,0.9999999999836364,0.9538461538462433,4.6060187998756e-13,0.9982914671109706,0
909,1037.5944444444444,1.1194444444445253,1.2055555555555202,1.1736111111110858,0.9538461538462433,0.03663383222535388,1.010056884812157,58.333333333333336,0.9545454545298347,1.0272189349112346,5.356649152021831e-12,0.9979334013986279,0
910,1038.8,1.2055555555555202,1.2055555555555202,1.1736111111110858,1.0272189349112346,0.03564855710117131,0.9828911786285162,58.333333333333336,0.9545454545298347,1.0272189349112346,8.540416366730613e-15,0.9989092849036352,0
911,1040.0055555555555,1.2055555555555202,1.1666666666667425,1.1819444444444116,1.0199764982373662,0.037766359166249465,1.0412825733191635,61.111111111111114,0.9999999999836364,0.987074030552383,5.719177843983847e-13,0.9970559684667335,0
912,1041.1722222222222,1.1666666666667425,1.1305555555554747,1.1722222222222172,0.9952606635071779,0.03545546786001172,0.9775673807736627,58.333333333333336,0.9545454545298347,0.9644549763032527,2.254511850916397e-14,0.9987052766427791,0
913,1042.3027777777777,1.1305555555554747,1.1805555555556566,1.1722222222222172,0.9644549763032527,0.036642239406206055,1.010288685046688,58.333333333333336,0.9545454545298347,1.007109004739427,1.769142991825401e-12,0.9980562664731947,0
914,1043.4833333333333,1.1805555555556566,0.8222222222223081,1.1736111111111995,1.0059171597633239,0.035527302980967825,0.9795479968895713,61.111111111111114,0.9999999999836364,0.7005917159763517,5.6777397724767226e-15,0.9986893943461572,0
915,1044.3055555555557,0.8222222222223081,1.4694444444444343,1.161111111111154,0.7081339712919138,0.04049217159087012,1.1164378447976722,125.0,2.0454545454210744,1.2655502392343942,0.9327043890953064,0.27313882694269975,1
916,1045.775,1.4694444444444343,1.1083333333333485,1.1736111111111995,1.2520710059170568,0.03567276242782275,0.9835585605361206,58.333333333333336,0.9545454545298347,0.9443786982247938,6.74371919080927e-22,0.9986077621776677,0
917,1046.8833333333334,1.1083333333333485,0.8583333333331211,1.161111111111154,0.9545454545454323,0.03208816909469125,0.8847252429320882,52.77777777777778,0.8636363636222314,0.7392344497605554,1.4588477567318377e-16,0.9915074065745064,0
918,1047.7416666666666,0.8583333333331211,1.4527777777777828,1.1486111111111086,0.747279322853505,0.043197970992960764,1.191041323303281,122.22222222222223,1.9999999999672728,1.2648125755743724,0.9378625154495239,0.25526153728126844,1
919,1049.1944444444443,1.4527777777777828,1.1083333333333485,1.1736111111111995,1.2378698224851181,0.035819376705374,0.9876009648235407,58.333333333333336,0.9545454545298347,0.9443786982247938,2.3094781728284664e-21,0.9981335456827499,0
920,1050.3027777777777,1.1083333333333485,0.9638888888889596,1.1486111111111086,0.9649334945586611,0.03560968182187597,0.981819321246528,58.333333333333336,0.9545454545298347,0.8391777509069558,6.813238937874305e-14,0.9991430810844643,0
921,1051.2666666666667,0.9638888888889596,1.3916666666666515,1.1194444444444116,0.8610421836229173,0.03937717789863839,1.085695577692421,127.77777777777777,2.090909090874876,1.2431761786600726,0.9542896747589111,0.18840989073932474,1
922,1052.6583333333333,1.3916666666666515,1.1527777777778283,1.1194444444444116,1.2431761786600726,0.03606412586468837,0.9943491142362678,61.111111111111114,0.9999999999836364,1.0297766749380406,9.62812383617582e-19,0.9990269559533044,0
923,1053.8111111111111,1.1527777777778283,0.7666666666666515,1.1305555555555884,1.0196560196560347,0.0337919257681696,0.9317007039623556,55.55555555555556,0.9090909090760331,0.678132678132645,4.910952106137114e-17,0.9957197307120789,0
924,1054.5777777777778,0.7666666666666515,1.4916666666665606,1.1083333333333485,0.6917293233082475,0.038455589655381504,1.0602858268277728,138.88888888888889,2.2727272726900827,1.3458646616540213,0.9533928632736206,0.23414399187471907,1
925,1056.0694444444443,1.4916666666665606,1.1916666666668334,1.1305555555555884,1.3194103194101872,0.03497093786265683,0.9642080669919172,58.333333333333336,0.9545454545298347,1.054054054054171,6.912548551172029e-22,0.997115580586116,0
926,1057.2611111111112,1.1916666666668334,1.1277777777777374,1.1305555555555884,1.054054054054171,0.034396971494327425,0.9483828407798335,55.55555555555556,0.9090909090760331,0.9975429975429329,2.1861670229216256e-16,0.9980337772777145,0
927,1058.388888888889,1.1277777777777374,1.1277777777777374,1.1402777777777828,0.9890377588306545,0.03764984587728982,1.0380701043379807,63.888888888888886,1.045454545437438,0.9890377588306545,9.221719915464277e-11,0.9974232995458734,0
928,1059.5166666666667,1.1277777777777374,1.0416666666667425,1.1402777777777828,0.9890377588306545,0.03901874951007987,1.0758130991313848,58.333333333333336,0.9545454545298347,0.9135200974422062,1.2499989758552044e-11,0.9954303286125659,0
929,1060.5583333333334,1.0416666666667425,0.9777777777776464,1.1277777777777374,0.9236453201971446,0.03851133043465865,1.0618226946478617,80.55555555555556,1.318181818160248,0.8669950738915402,0.8970232605934143,0.9425321916202347,1
930,1061.536111111111,0.9777777777776464,1.005555555555702,1.1277777777777374,0.8669950738915402,0.03689555367976838,1.0172729891855197,75.0,1.2272727272526447,0.8916256157637087,0.9137851595878601,0.9493904432368239,1
931,1062.5416666666667,1.005555555555702,0.9583333333332575,1.1277777777777374,0.8916256157637087,0.03971127794819301,1.0949072826866688,80.55555555555556,1.318181818160248,0.8497536945812441,0.9101014733314514,0.9499635674085658,1
932,1063.5,0.9583333333332575,1.0027777777777374,1.08472222222224,0.8834827144685456,0.0398139417345655,1.0977378973930016,83.33333333333333,1.3636363636140496,0.9244558258642243,0.9144356846809387,0.9456145184891231,1
933,1064.5027777777777,1.0027777777777374,0.9888888888888232,1.0236111111112223,0.9796472184530427,0.039914786796279605,1.1005183667759766,83.33333333333333,1.3636363636140496,0.966078697421812,0.8643692135810852,0.9529699863906941,1
934,1065.4916666666666,0.9888888888888232,1.550000000000182,1.0236111111112223,0.966078697421812,0.041097414865051314,1.1331254283491923,86.11111111111111,1.4090909090678514,1.5142469470827813,0.9590094089508057,0.9434773711404196,1
935,1067.0416666666667,1.550000000000182,0.9916666666665606,1.0236111111112223,1.5142469470827813,0.03272795966414102,0.902365354005791,52.77777777777778,0.8636363636222314,0.9687924016280136,5.566637653332495e-26,0.9950276686525166,0
936,1068.0333333333333,0.9916666666665606,1.3250000000000455,1.0041666666667197,0.9875518672197592,0.04144606004799389,1.142738167339246,83.33333333333333,1.3636363636140496,1.3195020746887722,0.9652237296104431,0.3902202588955461,1
937,1069.3583333333333,1.3250000000000455,1.0944444444444343,1.0041666666667197,1.3195020746887722,0.03748328680427571,1.0334777882136144,63.888888888888886,1.045454545437438,1.0899031811894206,1.9126304645698377e-15,0.9984304203291501,0
938,1070.4527777777778,1.0944444444444343,1.158333333333303,1.0041666666667197,1.0899031811894206,0.035675162814485926,0.9836247432674393,58.333333333333336,0.9545454545298347,1.1535269709542657,2.7867372038442584e-12,0.9973327730777433,0
939,1071.611111111111,1.158333333333303,1.1138888888888232,1.0041666666667197,1.1535269709542657,0.035224831659884354,0.9712083495810611,58.333333333333336,0.9545454545298347,1.1092669432917155,1.4249924956927056e-14,0.9991634768608653,0
940,1072.725,1.1138888888888232,1.2444444444445253,1.0500000000000682,1.0608465608464295,0.034181722611577606,0.9424480640239605,58.333333333333336,0.9545454545298347,1.1851851851851851,9.453315951216124e-13,0.9969073319314814,0
941,1073.9694444444444,1.2444444444445253,1.1694444444444798,1.1041666666666288,1.1270440251573446,0.03485492465830511,0.96100938619151,61.111111111111114,0.9999999999836364,1.0591194968554143,7.678974118494096e-16,0.9987389058151288,0
942,1075.138888888889,1.1694444444444798,1.1527777777778283,1.136111111111063,1.029339853300808,0.03606056479662893,0.9942509295503579,58.333333333333336,0.9545454545298347,1.0146699266504542,5.0676138090531564e-14,0.997823722732055,0
943,1076.2916666666667,1.1527777777778283,1.1472222222221262,1.1555555555555657,0.9975961538461888,0.03750287317210532,1.034017817592825,61.111111111111114,0.9999999999836364,0.9927884615383697,3.533883472309207e-12,0.9981223857304303,0
944,1077.4388888888889,1.1472222222221262,1.1777777777776919,1.1555555555555657,0.9927884615383697,0.034737306759172776,0.9577664612344663,58.333333333333336,0.9545454545298347,1.019230769230686,8.286931931682576e-14,0.9975794567662029,0
945,1078.6166666666666,1.1777777777776919,1.1611111111112677,1.1555555555555657,1.019230769230686,0.035397892217033995,0.9759799226494512,61.111111111111114,0.9999999999836364,1.004807692307819,1.035571232715568e-13,0.9980607060516693,0
946,1079.7777777777778,1.1611111111112677,1.158333333333303,1.1597222222222854,1.0011976047904998,0.03525459006616607,0.9720288393120011,61.111111111111114,0.9999999999836364,0.9988023952095003,3.117402711839967e-13,0.9973310670955542,0
947,1080.9361111111111,1.158333333333303,1.1166666666665606,1.158333333333303,1.0,0.03612079251241141,0.995911509819667,58.333333333333336,0.9545454545298347,0.9640287769783509,6.287793229880004e-14,0.9982646925675136,0
948,1082.0527777777777,1.1166666666665606,1.1916666666668334,1.158333333333303,0.9640287769783509,0.034149995074714994,0.941573282023293,55.55555555555556,0.9090909090760331,1.028776978417437,6.040802488218797e-14,0.9975082332960624,0
949,1083.2444444444445,1.1916666666668334,1.1555555555555657,1.1597222222222854,1.0275449101797285,0.036720312697631464,1.0124412981022666,61.111111111111114,0.9999999999836364,0.996407185628697,1.8948437382950573e-13,0.9980931043725806,0
950,1084.4,1.1555555555555657,1.211111111110995,1.1597222222222854,0.996407185628697,0.03739899119281699,1.0311536152417677,61.111111111111114,0.9999999999836364,1.0443113772453518,7.53427181754418e-12,0.9984206255869681,0
951,1085.611111111111,1.211111111110995,1.1555555555555657,1.1597222222222854,1.0443113772453518,0.03432488966230922,0.946395422421525,55.55555555555556,0.9090909090760331,0.996407185628697,1.612784215843384e-16,0.9975711214097307,0
952,1086.7666666666667,1.1555555555555657,1.308333333333394,1.1569444444444343,0.9987995198079407,0.03478213533709884,0.959002461156397,58.333333333333336,0.9545454545298347,1.1308523409364368,6.411323295180127e-13,0.997347927842817,0
953,1088.075,1.308333333333394,1.2305555555556111,1.1597222222222854,1.1281437125748413,0.038838023756152015,1.0708301835877752,66.66666666666667,1.0909090908912398,1.0610778443113673,4.540901346345577e-13,0.9968311116006121,0
954,1089.3055555555557,1.2305555555556111,1.224999999999909,1.1694444444444798,1.052256532066524,0.035856644605942435,0.9886285040479407,61.111111111111114,0.9999999999836364,1.0475059382421708,1.6193730045604114e-14,0.9994950945069024,0
955,1090.5305555555556,1.224999999999909,1.150000000000091,1.1763888888890506,1.0413223140493664,0.03820664690061385,1.0534220528761318,61.111111111111114,0.9999999999836364,0.9775678866587387,1.7981917224772076e-13,0.9977236403224659,0
956,1091.6805555555557,1.150000000000091,1.1694444444442524,1.1750000000000682,0.9787234042553398,0.036808351493286054,1.0148686770107704,63.888888888888886,1.045454545437438,0.995271867612072,1.6321853590905988e-11,0.9984153035546486,0
957,1092.85,1.1694444444442524,1.1333333333334394,1.180555555555543,0.9905882352939656,0.03335429621649331,0.9196345150103309,52.77777777777778,0.8636363636222314,0.9600000000001001,1.5398513703623385e-16,0.9957246754537197,0
958,1093.9833333333333,1.1333333333334394,1.1638888888887777,1.180555555555543,0.9600000000001001,0.034814578837769415,0.9598969834935125,58.333333333333336,0.9545454545298347,0.9858823529410928,1.574882666768515e-13,0.9982437899293183,0
959,1095.1472222222221,1.1638888888887777,1.183333333333394,1.166666666666515,0.9976190476190819,0.03804261723431191,1.0488994767846507,61.111111111111114,0.9999999999836364,1.014285714285898,5.32697974273133e-12,0.9985865347387812,0
960,1096.3305555555555,1.183333333333394,1.183333333333394,1.1763888888888232,1.0059031877214772,0.03492879696477786,0.9630461709671447,58.333333333333336,0.9545454545298347,1.0059031877214772,8.57894535440237e-15,0.9992133416103541,0
961,1097.513888888889,1.183333333333394,1.1527777777778283,1.1763888888888232,1.0059031877214772,0.034866950334729,0.9613409544858604,55.55555555555556,0.9090909090760331,0.9799291617474413,1.905435343199386e-15,0.9972744914607032,0
962,1098.6666666666667,1.1527777777778283,1.191666666666606,1.1763888888888232,0.9799291617474413,0.03671574148062019,1.0123152618965592,61.111111111111114,0.9999999999836364,1.012987012987018,2.908828776806982e-12,0.9986434618090315,0
963,1099.8583333333333,1.191666666666606,1.1527777777778283,1.1763888888888232,1.012987012987018,0.03736277687655942,1.0301551251236793,61.111111111111114,0.9999999999836364,0.9799291617474413,4.639745076855106e-13,0.9978719736139257,0
964,1101.0111111111112,1.1527777777778283,1.1611111111110404,1.166666666666515,0.9880952380954098,0.03746472054384815,1.032965884925563,61.111111111111114,0.9999999999836364,0.9952380952381639,2.8561985675884527e-12,0.9993763903008125,0
965,1102.1722222222222,1.1611111111110404,1.1194444444445253,1.162499999999909,0.9988052568697903,0.03585719352628797,0.9886436387128266,58.333333333333336,0.9545454545298347,0.9629629629631078,3.9738012007481047e-14,0.9985035509980563,0
966,1103.2916666666667,1.1194444444445253,1.1499999999998636,1.162499999999909,0.9629629629631078,0.03560351678719192,0.9816493407844944,61.111111111111114,0.9999999999836364,0.989247311827917,2.244277463522848e-12,0.9992751655431564,0
967,1104.4416666666666,1.1499999999998636,1.1277777777777374,1.1569444444444343,0.9939975990395066,0.03355881301803431,0.9252733900858486,55.55555555555556,0.9090909090760331,0.9747899159663601,3.0388895169524126e-15,0.995866314759555,0
968,1105.5694444444443,1.1277777777777374,1.1777777777779193,1.1569444444444343,0.9747899159663601,0.03558240206290862,0.9810671720257891,61.111111111111114,0.9999999999836364,1.0180072028812837,1.8004131172033588e-12,0.999472334000683,0
969,1106.7472222222223,1.1777777777779193,1.1361111111111768,1.1569444444444343,1.0180072028812837,0.03690226298700819,1.017457976164993,61.111111111111114,0.9999999999836364,0.9819927971189129,4.463710488473299e-13,0.99763174992582,0
970,1107.8833333333334,1.1361111111111768,1.1305555555554747,1.1527777777778283,0.9855421686747126,0.03370391453652437,0.929274085040338,55.55555555555556,0.9090909090760331,0.980722891566152,9.854288134732332e-15,0.9952831999181848,0
971,1109.013888888889,1.1305555555554747,1.1777777777776919,1.151388888888846,0.9819059107357927,0.0370869365427232,1.0225497392992793,61.111111111111114,0.9999999999836364,1.0229191797345836,1.1840058447565305e-11,0.998363630977756,0
972,1110.1916666666666,1.1777777777776919,1.1138888888890506,1.151388888888846,1.0229191797345836,0.03719704431963902,1.0255855974497736,63.888888888888886,1.045454545437438,0.9674306393246639,2.2719278715277458e-12,0.9977162024872823,0
973,1111.3055555555557,1.1138888888890506,1.186111111110904,1.1430555555555202,0.9744835965979844,0.03628030004988417,1.0003094031498736,58.333333333333336,0.9545454545298347,1.0376670716887937,4.18129810289547e-12,0.9970731306541762,0
974,1112.4916666666666,1.186111111110904,1.1083333333333485,1.1430555555555202,1.0376670716887937,0.036981874701768995,1.0196530061610685,61.111111111111114,0.9999999999836364,0.9696233292831539,9.976633912446922e-14,0.9990289122696357,0
975,1113.6,1.1083333333333485,1.2027777777777828,1.1333333333333258,0.9779411764706082,0.033984040547520536,0.9369976342524737,58.333333333333336,0.9545454545298347,1.0612745098039331,6.34292911163431e-13,0.9969238350919527,0
976,1114.8027777777777,1.2027777777777828,1.1972222222223081,1.1430555555555202,1.0522478736330867,0.032596798396491676,0.8987490154094094,52.77777777777778,0.8636363636222314,1.047387606318455,3.238705250954192e-17,0.9944047640491541,0
977,1116.0,1.1972222222223081,1.150000000000091,1.1569444444444343,1.0348139255703113,0.03511449758324163,0.9681662519632954,55.55555555555556,0.9090909090760331,0.9939975990397032,6.642024737762357e-16,0.9981185402058537,0
978,1117.15,1.150000000000091,1.2027777777777828,1.1638888888888914,0.9880668257757323,0.03919055257664605,1.080550001051706,66.66666666666667,1.0909090908912398,1.0334128878281643,5.60058488474624e-09,0.9966510957874801,0
979,1118.3527777777779,1.2027777777777828,1.1749999999999545,1.1638888888888914,1.0334128878281643,0.03757689132561618,1.0360586236186542,61.111111111111114,0.9999999999836364,1.0095465393794336,3.086683469585849e-13,0.9984265604214563,0
980,1119.5277777777778,1.1749999999999545,1.1888888888888687,1.1763888888888232,0.9988193624557432,0.03509673636350272,0.9676765450123657,58.333333333333336,0.9545454545298347,1.0106257378985044,2.689382801201491e-14,0.9982056132326952,0
981,1120.7166666666667,1.1888888888888687,1.2027777777777828,1.181944444444298,1.005875440658157,0.033330067472695235,0.9189664874522787,52.77777777777778,0.8636363636222314,1.0176263219742785,1.7182870663331334e-16,0.9956873181258106,0
982,1121.9194444444445,1.2027777777777828,1.216666666666697,1.1874999999998863,1.0128654970761246,0.03390038023255603,0.9346909774824248,55.55555555555556,0.9090909090760331,1.0245614035088955,5.374773451419278e-16,0.9978458519194021,0
983,1123.1361111111112,1.216666666666697,1.2000000000000455,1.1930555555555884,1.0197904540162954,0.035602854779725954,0.9816310881159043,61.111111111111114,0.9999999999836364,1.0058207217695099,2.915558216403692e-14,0.9985543709640251,0
984,1124.3361111111112,1.2000000000000455,1.186111111110904,1.1986111111111768,1.0011587485515474,0.03463446813013284,0.9549310258192616,55.55555555555556,0.9090909090760331,0.9895712630356941,1.3073541671099523e-15,0.9968598776017658,0
985,1125.5222222222221,1.186111111110904,1.175000000000182,1.1986111111111768,0.9895712630356941,0.03620316423084424,0.9981826377978998,58.333333333333336,0.9545454545298347,0.9803012746235048,4.282949252957906e-14,0.9985639458851482,0
986,1126.6972222222223,1.175000000000182,1.1749999999999545,1.1930555555555884,0.9848661233994269,0.03823603101559638,1.0542322227611618,63.888888888888886,1.045454545437438,0.9848661233992363,3.9568199411421645e-11,0.9970741367489591,0
987,1127.8722222222223,1.1749999999999545,1.2305555555556111,1.1874999999998863,0.9894736842105828,0.03460756682336917,0.9541893111676266,55.55555555555556,0.9090909090760331,1.0362573099416665,1.0928901894254918e-14,0.9967416203783812,0
988,1129.1027777777779,1.2305555555556111,1.152777777777601,1.194444444444457,1.0302325581395706,0.03659072325257613,1.0088682973205865,61.111111111111114,0.9999999999836364,0.9651162790696092,1.7215397469659728e-14,0.998896279090755,0
989,1130.2555555555555,1.152777777777601,1.163888888889005,1.1874999999998863,0.9707602339180726,0.03481710790158921,0.9599667140722737,58.333333333333336,0.9545454545298347,0.9801169590645192,8.612544271507927e-14,0.9970730716744395,0
990,1131.4194444444445,1.163888888889005,1.1749999999999545,1.1874999999998863,0.9801169590645192,0.03615665927978685,0.996900417425638,61.111111111111114,0.9999999999836364,0.9894736842105828,8.437866833195529e-13,0.9982243712601648,0
991,1132.5944444444444,1.1749999999999545,1.1749999999999545,1.180555555555543,0.9952941176470309,0.036559379489956946,1.008004096626685,61.111111111111114,0.9999999999836364,0.9952941176470309,5.872172323048708e-13,0.9984720236477975,0
992,1133.7694444444444,1.1749999999999545,1.2000000000000455,1.1750000000000682,0.9999999999999033,0.037560692915428934,1.0356120059775624,63.888888888888886,1.045454545437438,1.0212765957446603,1.4874431547573508e-11,0.9983102431729582,0
993,1134.9694444444444,1.2000000000000455,1.1861111111111313,1.1750000000000682,1.0212765957446603,0.03565221112309298,0.9829919262100559,58.333333333333336,0.9545454545298347,1.0094562647753722,9.06023963942763e-15,0.9987079653760931,0
994,1136.1555555555556,1.1861111111111313,1.2083333333332575,1.1750000000000682,1.0094562647753722,0.0333484034710412,0.9194720420242196,55.55555555555556,0.9090909090760331,1.0283687943261168,9.389580448880205e-16,0.9967220956180621,0
995,1137.3638888888888,1.2083333333332575,1.2194444444444343,1.1750000000000682,1.0283687943261168,0.03570990557373459,0.9845826600630564,58.333333333333336,0.9545454545298347,1.037825059101586,1.3667317061080708e-14,0.9981345893870126,0
996,1138.5833333333333,1.2194444444444343,1.2138888888889596,1.180555555555543,1.0329411764705907,0.03565636472918001,0.9831064481743209,61.111111111111114,0.9999999999836364,1.028235294117718,3.879254027922864e-14,0.997979689107595,0
997,1139.7972222222222,1.2138888888889596,1.183333333333394,1.1930555555555884,1.0174621653085296,0.03642753921790963,1.0043690367274714,61.111111111111114,0.9999999999836364,0.9918509895227243,6.238920784076146e-14,0.998724407986004,0
998,1140.9805555555556,1.183333333333394,1.2416666666665606,1.1847222222222626,0.9988276670574614,0.036861516053038626,1.0163345140893418,61.111111111111114,0.9999999999836364,1.0480656506446577,1.3210624000975502e-12,0.9990266334753435,0
999,1142.2222222222222,1.2416666666665606,1.241666666666788,1.1930555555555884,1.0407450523863784,0.036252424820950334,0.9995408358122515,58.333333333333336,0.9545454545298347,1.040745052386569,7.609953215270606e-15,0.9975586728549437,0
1000,1143.463888888889,1.241666666666788,1.1749999999999545,1.2041666666666515,1.0311418685122244,0.03511402493343141,0.9681532202064216,58.333333333333336,0.9545454545298347,0.9757785467127773,4.699975654264075e-16,0.9990479244752393,0
1001,1144.638888888889,1.1749999999999545,1.2333333333333485,1.2041666666666515,0.9757785467127773,0.036814823960956276,1.015047133921634,61.111111111111114,0.9999999999836364,1.0242214532872227,3.5947824578164145e-12,0.9974507696963418,0
1002,1145.8722222222223,1.2333333333333485,1.1888888888888687,1.2111111111111086,1.0183486238532256,0.03691523205630324,1.0178155554007793,61.111111111111114,0.9999999999836364,0.9816513761467743,5.773911893307976e-14,0.9980485279710531,0
1003,1147.0611111111111,1.1888888888888687,1.1388888888889142,1.2111111111111086,0.9816513761467743,0.03628455880254893,1.0004268241836136,61.111111111111114,0.9999999999836364,0.940366972477087,1.8712005415196659e-13,0.9979440614314632,0
1004,1148.2,1.1388888888889142,1.191666666666606,1.2111111111111086,0.940366972477087,0.034534415987987975,0.9521724185735888,58.333333333333336,0.9545454545298347,0.9839449541283923,2.344537053649426e-13,0.9972122271912691,0
1005,1149.3916666666667,1.191666666666606,1.1361111111111768,1.2027777777777828,0.9907621247112618,0.03395695231224955,0.9362507656648643,55.55555555555556,0.9090909090760331,0.944572748267949,4.500051526514827e-16,0.9974273266418592,0
1006,1150.5277777777778,1.1361111111111768,1.2222222222221717,1.1902777777777374,0.9544924154026547,0.036763718287121376,1.0136380638196483,63.888888888888886,1.045454545437438,1.0268378063010426,2.0593252103573434e-10,0.9966331129927881,0
1007,1151.75,1.2222222222221717,1.1472222222221262,1.1902777777777374,1.0268378063010426,0.035979465451099445,0.9920148830509932,58.333333333333336,0.9545454545298347,0.9638273045507105,3.685819824263831e-15,0.9976395620127079,0
1008,1152.8972222222221,1.1472222222221262,1.1777777777779193,1.1902777777777374,0.9638273045507105,0.03469318507631264,0.9565499516083852,58.333333333333336,0.9545454545298347,0.9894982497084371,7.998398628529871e-14,0.9983102564448787,0
1009,1154.075,1.1777777777779193,1.1527777777778283,1.183333333333394,0.9953051643193174,0.03464145408000404,0.9551236403052634,55.55555555555556,0.9090909090760331,0.9741784037558613,1.93950660822798e-15,0.997628851993045,0
1010,1155.2277777777779,1.1527777777778283,1.1972222222220807,1.176388888888937,0.9799291617473466,0.03658478492621706,1.008704567591566,63.888888888888886,1.045454545437438,1.0177095631639468,2.0526811153609437e-11,0.9979537790438042,0
1011,1156.425,1.1972222222220807,1.1388888888889142,1.183333333333394,1.0117370892017066,0.03653117262022249,1.0072263853897325,61.111111111111114,0.9999999999836364,0.9624413145539626,9.032413082451021e-14,0.9985893412678191,0
1012,1157.5638888888889,1.1388888888889142,1.1888888888888687,1.1652777777778738,0.9773539928485705,0.0340323428050746,0.9383294094130502,55.55555555555556,0.9090909090760331,1.0202622169248092,3.033684753601419e-14,0.9955830804425474,0
1013,1158.7527777777777,1.1888888888888687,1.1444444444443889,1.1652777777778738,1.0202622169248092,0.03552100637680262,0.9793743888338025,55.55555555555556,0.9090909090760331,0.9821215733014208,2.303836231149262e-15,0.9974286325633417,0
1014,1159.8972222222221,1.1444444444443889,1.1527777777778283,1.1652777777778738,0.9821215733014208,0.03737153299847162,1.030396546255033,63.888888888888886,1.045454545437438,0.9892729439808915,5.024407279119458e-11,0.9971214643160783,0
1015,1161.05,1.1527777777778283,1.1277777777777374,1.1527777777778283,1.0,0.037641876693015275,1.0378503804119301,63.888888888888886,1.045454545437438,0.9783132530119703,1.7049034059524182e-11,0.9980879002948441,0
1016,1162.1777777777777,1.1277777777777374,1.1388888888889142,1.1527777777778283,0.9783132530119703,0.034983037743828355,0.9645416812370097,58.333333333333336,0.9545454545298347,0.9879518072288943,1.537579200246164e-13,0.997979649241207,0
1017,1163.3166666666666,1.1388888888889142,1.1027777777778738,1.1499999999999773,0.9903381642512493,0.03582776386705931,0.9878322130956888,58.333333333333336,0.9545454545298347,0.9589371980677353,9.086774979379444e-14,0.9986619140765859,0
1018,1164.4194444444445,1.1027777777778738,1.1472222222221262,1.1486111111111086,0.9600967351875102,0.03257394954497733,0.8981190338218937,55.55555555555556,0.9090909090760331,0.9987908101571132,1.9043718086308135e-14,0.995904530613529,0
1019,1165.5666666666666,1.1472222222221262,1.1111111111110858,1.1458333333332575,1.0012121212121037,0.03790393023254772,1.0450756409352053,61.111111111111114,0.9999999999836364,0.9696969696970118,1.3241483430570522e-11,0.9950894089966837,0
1020,1166.6777777777777,1.1111111111110858,1.1472222222223536,1.1416666666666515,0.9732360097323509,0.03331378813379474,0.918517638469309,55.55555555555556,0.9090909090760331,1.0048661800487901,1.5601899655028062e-14,0.9971534647497461,0
1021,1167.825,1.1472222222223536,1.1222222222222626,1.1416666666666515,1.0048661800487901,0.03712357966640737,1.023560052365369,58.333333333333336,0.9545454545298347,0.9829683698297321,3.805820947017785e-13,0.9981813553707725,0
1022,1168.9472222222223,1.1222222222222626,1.1083333333333485,1.1416666666666515,0.9829683698297321,0.03628170941309005,1.0003482616837158,61.111111111111114,0.9999999999836364,0.9708029197080553,2.302473533014049e-12,0.9985432834494578,0
1023,1170.0555555555557,1.1083333333333485,1.1361111111109494,1.1333333333333258,0.9779411764706082,0.035369079451436525,0.9751855058359664,58.333333333333336,0.9545454545298347,1.002450980392021,4.774333597738767e-13,0.9984909400656052,0
1024,1171.1916666666666,1.1361111111109494,1.1277777777777374,1.1319444444443434,1.0036809815950387,0.03687804059960758,1.0167901238635992,61.111111111111114,0.9999999999836364,0.9963190184049612,1.9506206545838456e-12,0.9990956517990845,0
1025,1172.3194444444443,1.1277777777777374,1.2000000000000455,1.1277777777777374,1.0,0.03564524076933632,0.9827997417353828,61.111111111111114,0.9999999999836364,1.0640394088670735,3.3907455836146294e-12,0.9986914785916743,0
1026,1173.5194444444444,1.2000000000000455,1.1722222222222172,1.1319444444443434,1.060122699386638,0.03536059178727568,0.9749514865401172,61.111111111111114,0.9999999999836364,1.0355828220859775,1.67389058614454e-14,0.999438500963548,0
1027,1174.6916666666666,1.1722222222222172,1.1777777777779193,1.1319444444443434,1.0355828220859775,0.037578931709823675,1.036114880471712,63.888888888888886,1.045454545437438,1.04049079754623,1.3637496514007363e-11,0.9973258892148175,0
1028,1175.8694444444445,1.1777777777779193,1.1749999999999545,1.1416666666665378,1.031630170316542,0.03589102026440853,0.9895762992523857,58.333333333333336,0.9545454545298347,1.0291970802920472,2.5136029664489003e-14,0.998998550947615,0
1029,1177.0444444444445,1.1749999999999545,1.1888888888888687,1.1416666666666515,1.0291970802919446,0.033433458154108864,0.9218171438876975,55.55555555555556,0.9090909090760331,1.0413625304136214,1.0571496342160966e-15,0.9968341909433815,0
1030,1178.2333333333333,1.1888888888888687,1.1888888888888687,1.1597222222222854,1.0251497005987291,0.0371930151412518,1.0254745061682196,61.111111111111114,0.9999999999836364,1.0251497005987291,9.424906601690486e-13,0.9971531711079084,0
1031,1179.4222222222222,1.1888888888888687,1.2027777777777828,1.1736111111110858,1.0130177514792946,0.03611679680205918,0.995801341308599,63.888888888888886,1.045454545437438,1.0248520710059434,1.5114512289318704e-12,0.9982693087609423,0
1032,1180.625,1.2027777777777828,1.1611111111110404,1.176388888888937,1.022432113341167,0.03623758410765432,0.999131652177082,61.111111111111114,0.9999999999836364,0.9870129870128866,5.473233831757539e-14,0.9989250117653146,0
1033,1181.786111111111,1.1611111111110404,1.1916666666668334,1.176388888888937,0.9870129870128866,0.036427551274452956,1.0043693691468185,61.111111111111114,0.9999999999836364,1.0129870129871135,1.6568160688887335e-12,0.9980665574965254,0
1034,1182.9777777777779,1.1916666666668334,1.2055555555555202,1.183333333333394,1.007042253521216,0.03519875229633211,0.9704892972977668,58.333333333333336,0.9545454545298347,1.0187793427229226,1.5603209167964517e-14,0.9983090818088012,0
1035,1184.1833333333334,1.2055555555555202,1.1861111111111313,1.1888888888888687,1.0140186915887726,0.03458419935438164,0.9535450304168086,55.55555555555556,0.9090909090760331,0.9976635514019031,5.974439955548617e-16,0.9976577813515997,0
1036,1185.3694444444445,1.1861111111111313,1.152777777777601,1.1875,0.9988304093567422,0.03367629270106615,0.9285125041905898,55.55555555555556,0.9090909090760331,0.9707602339179797,5.033631990703793e-16,0.9972616593614259,0
1037,1186.5222222222221,1.152777777777601,1.2055555555557476,1.1875,0.9707602339179797,0.03580391895479418,0.9871747684239717,61.111111111111114,0.9999999999836364,1.0152046783627349,1.5832050297495681e-12,0.9984596016769203,0
1038,1187.7277777777779,1.2055555555557476,1.1361111111109494,1.1888888888888687,1.0140186915889637,0.03683880778482004,1.015708408621717,63.888888888888886,1.045454545437438,0.9556074766353942,6.675169856966423e-13,0.997512306706294,0
1039,1188.8638888888888,1.1361111111109494,1.2305555555556111,1.1888888888888687,0.9556074766353942,0.03380577184559004,0.9320824637995501,55.55555555555556,0.9090909090760331,1.0350467289720269,3.8577820815231464e-14,0.9970327819869815,0
1040,1190.0944444444444,1.2305555555556111,1.1388888888889142,1.190277777777851,1.0338389731621767,0.03562187461983576,0.9821554973650584,58.333333333333336,0.9545454545298347,0.9568261376895772,8.350309668477397e-16,0.9989616567176178,0
1041,1191.2333333333333,1.1388888888889142,1.158333333333303,1.1888888888889824,0.9579439252335908,0.03666017299197517,1.0107831444214002,61.111111111111114,0.9999999999836364,0.9742990654204586,6.217366031735505e-12,0.9975770839725904,0
1042,1192.3916666666667,1.158333333333303,1.1416666666666515,1.1736111111110858,0.9869822485207055,0.03792487481777745,1.045653118671651,61.111111111111114,0.9999999999836364,0.9727810650887654,3.795268353062875e-12,0.9984926654276082,0
1043,1193.5333333333333,1.1416666666666515,1.158333333333303,1.1722222222222172,0.9739336492890908,0.03479833584162795,0.9594491365420458,58.333333333333336,0.9545454545298347,0.9881516587677509,1.0675820985702952e-13,0.997514642117435,0
1044,1194.6916666666666,1.158333333333303,1.1277777777777374,1.158333333333303,1.0,0.03963147179800113,1.0927068917759992,66.66666666666667,1.0909090908912398,0.9736211031174966,4.871425485220016e-09,0.995166904070204,0
1045,1195.8194444444443,1.1277777777777374,1.1611111111112677,1.155555555555452,0.975961538461591,0.03820440201284063,1.0533601575129325,63.888888888888886,1.045454545437438,1.0048076923079179,3.625828526310215e-10,0.9973340368163452,0
1046,1196.9805555555556,1.1611111111112677,1.0944444444444343,1.155555555555452,1.0048076923079179,0.03457291071899995,0.9532337835940009,55.55555555555556,0.9090909090760331,0.9471153846154607,2.724333879352398e-15,0.9962119698499614,0
1047,1198.075,1.0944444444444343,1.158333333333303,1.1499999999999773,0.9516908212560486,0.037660158120903786,1.0383544303838084,61.111111111111114,0.9999999999836364,1.0072463768115878,1.6040918593418496e-10,0.998028230243686,0
1048,1199.2333333333333,1.158333333333303,1.1277777777777374,1.1499999999999773,1.0072463768115878,0.036377630812017864,1.0029929773332242,58.333333333333336,0.9545454545298347,0.9806763285023997,8.721598069401024e-14,0.9984412255823742,0
1049,1200.361111111111,1.1277777777777374,1.158333333333303,1.1499999999999773,0.9806763285023997,0.03813993466428576,1.051582683377743,63.888888888888886,1.045454545437438,1.0072463768115878,4.931478558845015e-10,0.9961585234054513,0
1050,1201.5194444444444,1.158333333333303,1.0722222222223081,1.1499999999999773,1.0072463768115878,0.03693739498222315,1.0184266248563383,61.111111111111114,0.9999999999836364,0.9323671497585473,3.092989460471568e-13,0.9989146242668895,0
1051,1202.5916666666667,1.0722222222223081,1.1027777777776464,1.1499999999999773,0.9323671497585473,0.03569034194576978,0.984043257660485,61.111111111111114,0.9999999999836364,0.9589371980675375,2.1043994671843258e-11,0.9991543423893587,0
1052,1203.6944444444443,1.1027777777776464,1.1361111111111768,1.1347222222221944,0.9718482252141063,0.03629575670073549,1.0007355692280626,61.111111111111114,0.9999999999836364,1.0012239902081608,9.51919966463155e-12,0.9988068983068414,0
1053,1204.8305555555555,1.1361111111111768,1.1749999999999545,1.131944444444457,1.0036809815951389,0.03589813991019257,0.9897725999614503,61.111111111111114,0.9999999999836364,1.0380368098158992,1.4372334702569822e-12,0.999207191693027,0
1054,1206.0055555555555,1.1749999999999545,1.1361111111111768,1.131944444444457,1.0380368098158992,0.038699981824999855,1.0670241334291324,63.888888888888886,1.045454545437438,1.0036809815951389,4.207861836746929e-11,0.9955086530698225,0
1055,1207.1416666666667,1.1361111111111768,1.1611111111110404,1.1361111111111768,1.0,0.03171476815705611,0.8744299457998198,52.77777777777778,0.8636363636222314,1.0220048899754288,6.410616395363666e-16,0.9925746619898475,0
1056,1208.3027777777777,1.1611111111110404,1.1444444444446162,1.1361111111111768,1.0220048899754288,0.03760837351604004,1.0369266410019018,63.888888888888886,1.045454545437438,1.0073349633252764,1.2031376762922097e-11,0.9978696867854562,0
1057,1209.4472222222223,1.1444444444446162,1.1777777777776919,1.1402777777778965,1.0036540803898146,0.037643424326900696,1.0378930513029119,63.888888888888886,1.045454545437438,1.0328867235077344,7.54419790527372e-11,0.997439772048485,0
1058,1210.625,1.1777777777776919,1.1722222222222172,1.1402777777778965,1.0328867235077344,0.03636744664616474,1.0027121826084806,61.111111111111114,0.9999999999836364,1.0280146163214476,2.1403437019690968e-13,0.9991824814092365,0
1059,1211.7972222222222,1.1722222222222172,1.1694444444444798,1.1513888888889596,1.0180940892641068,0.03547795579815051,0.9781874113673115,58.333333333333336,0.9545454545298347,1.0156815440289189,3.528383843236747e-14,0.9976814008355785,0
1060,1212.9666666666667,1.1694444444444798,1.1416666666666515,1.1527777777778283,1.0144578313252874,0.03793344829215305,1.0458895039006537,63.888888888888886,1.045454545437438,0.9903614457830759,1.7127681217754542e-11,0.9969169079482662,0
1061,1214.1083333333333,1.1416666666666515,1.2055555555555202,1.1527777777778283,0.9903614457830759,0.03545968468834686,0.9776836458825319,58.333333333333336,0.9545454545298347,1.045783132530044,3.678154514904358e-13,0.9979034704619929,0
1062,1215.3138888888889,1.2055555555555202,1.1138888888888232,1.16527777777776,1.0345649582836565,0.03597580125008857,0.9919138548147004,61.111111111111114,0.9999999999836364,0.9558998808104469,1.4051548146614204e-14,0.9991719040866185,0
1063,1216.4277777777777,1.1138888888888232,1.1888888888888687,1.16527777777776,0.9558998808104469,0.03567375458233567,0.9835859159187188,58.333333333333336,0.9545454545298347,1.0202622169249087,1.8104890416731356e-12,0.9979340245384392,0
1064,1217.6166666666666,1.1888888888888687,1.1277777777779647,1.16527777777776,1.0202622169249087,0.03710562790282534,1.0230650917975253,61.111111111111114,0.9999999999836364,0.9678188319429641,2.976791718938693e-13,0.9974609099785545,0
1065,1218.7444444444445,1.1277777777779647,0.7083333333332575,1.16527777777776,0.9678188319429641,0.03595286959405794,0.9912815901662356,58.333333333333336,0.9545454545298347,0.6078665077472625,1.6171998568309358e-14,0.9985748798333194,0
1066,1219.4527777777778,0.7083333333332575,1.3194444444443434,1.156944444444548,0.6122448979590633,0.03617870580767267,0.9975082775899881,61.111111111111114,0.9999999999836364,1.1404561824727997,0.07834792882204056,0.9965241180737163,0
1067,1220.7722222222221,1.3194444444443434,1.2055555555557476,1.1708333333333485,1.1269276393830545,0.03531588962985974,0.9737189722460576,58.333333333333336,0.9545454545298347,1.0296559905102336,7.974055846596914e-18,0.9994573525352433,0
1068,1221.9777777777779,1.2055555555557476,1.2222222222221717,1.1708333333333485,1.0296559905102336,0.03363515763481732,0.9273783406497337,55.55555555555556,0.9090909090760331,1.0438908659548662,7.283381144764368e-16,0.995821942307905,0
1069,1223.2,1.2222222222221717,1.1638888888887777,1.1791666666666742,1.0365135453474181,0.035978653819276854,0.9919925049851305,58.333333333333336,0.9545454545298347,0.9870435806830561,3.602608578074989e-15,0.9979995151669536,0
1070,1224.3638888888888,1.1638888888887777,1.1694444444444798,1.1763888888888232,0.9893742621014956,0.03688935248287525,1.017102011670051,61.111111111111114,0.9999999999836364,0.994096812278716,2.885619694581454e-12,0.9966159354226665,0
1071,1225.5333333333333,1.1694444444444798,1.163888888889005,1.1791666666666742,0.9917550058893051,0.036693121412781075,1.0116915882629827,61.111111111111114,0.9999999999836364,0.9870435806832488,5.63797869067989e-13,0.999321177430763,0
1072,1226.6972222222223,1.163888888889005,1.1805555555554292,1.1666666666667425,0.9976190476190824,0.03454593713387554,0.9524900761053774,55.55555555555556,0.9090909090760331,1.011904761904588,7.993162779069713e-15,0.9963773485018497,0
1073,1227.8777777777777,1.1805555555554292,1.1527777777778283,1.1749999999999545,1.0047281323876383,0.03576604111650544,0.9861304121821789,58.333333333333336,0.9545454545298347,0.9810874704492536,1.872120690350927e-14,0.998862583179112,0
1074,1229.0305555555556,1.1527777777778283,1.1444444444443889,1.1666666666667425,0.9880952380952173,0.03620091988703417,0.9981207574326871,58.333333333333336,0.9545454545298347,0.9809523809522696,1.7091994594826965e-13,0.9980199116869897,0
1075,1230.175,1.1444444444443889,1.125,1.1666666666667425,0.9809523809522696,0.03578397043060241,0.9866247537796454,61.111111111111114,0.9999999999836364,0.9642857142856517,6.307483832110328e-13,0.9984157549548455,0
1076,1231.3,1.125,1.1861111111111313,1.1666666666667425,0.9642857142856517,0.03638650244740961,1.0032375833671179,61.111111111111114,0.9999999999836364,1.016666666666618,1.155780072342738e-11,0.9979201501690791,0
1077,1232.486111111111,1.1861111111111313,1.1527777777778283,1.1666666666667425,1.016666666666618,0.03630680916187396,1.0010403043264373,61.111111111111114,0.9999999999836364,0.9880952380952173,1.0381778580261306e-13,0.9993941483596641,0
1078,1233.638888888889,1.1527777777778283,1.211111111110995,1.1638888888888914,0.9904534606205663,0.03922192622662527,1.0814150257908124,66.66666666666667,1.0909090908912398,1.0405727923626664,1.104366109672128e-08,0.9951220975644051,0
1079,1234.85,1.211111111110995,1.130555555555702,1.1638888888888914,1.0405727923626664,0.03481259221447054,0.9598422089198831,58.333333333333336,0.9545454545298347,0.9713603818616989,1.389724203703052e-15,0.9971244831656367,0
1080,1235.9805555555556,1.130555555555702,1.1749999999999545,1.1583333333334167,0.9760191846523344,0.03600241715120244,0.9926477003485275,55.55555555555556,0.9090909090760331,1.0143884892085209,9.750452398607501e-14,0.9988270235357395,0
1081,1237.1555555555556,1.1749999999999545,1.150000000000091,1.1583333333334167,1.0143884892085209,0.0379111552352363,1.0452748465128117,61.111111111111114,0.9999999999836364,0.9928057553956905,3.210513885992805e-12,0.9963847004352291,0
1082,1238.3055555555557,1.150000000000091,1.1944444444443434,1.1527777777778283,0.9975903614458183,0.03619024186276262,0.9978263461937722,61.111111111111114,0.9999999999836364,1.03614457831312,1.8838752172817275e-12,0.9984972054285327,0
1083,1239.5,1.1944444444443434,1.1083333333333485,1.1527777777778283,1.03614457831312,0.03462302941856568,0.954615641141494,55.55555555555556,0.9090909090760331,0.9614457831325012,3.0500253532308465e-16,0.9972974205125834,0
1084,1240.6083333333333,1.1083333333333485,1.1722222222222172,1.1513888888889596,0.9626055488539951,0.03387438293724785,0.9339741879598056,55.55555555555556,0.9090909090760331,1.0180940892641068,4.902573505038803e-14,0.9975112959362065,0
1085,1241.7805555555556,1.1722222222222172,1.1666666666667425,1.1625000000000227,1.008363201911565,0.03621095865481371,0.9983975432859492,58.333333333333336,0.9545454545298347,1.0035842293907267,5.2292947803986994e-14,0.9988849131866467,0
1086,1242.9472222222223,1.1666666666667425,1.1722222222222172,1.1694444444444798,0.9976247030879206,0.03576157479432063,0.9860072681047367,58.333333333333336,0.9545454545298347,1.0023752969120794,4.46652670361633e-14,0.9992043684138607,0
1087,1244.1194444444445,1.1722222222222172,1.1805555555554292,1.1694444444444798,1.0023752969120794,0.035085281949678644,0.9673607273967441,55.55555555555556,0.9090909090760331,1.0095011876483175,1.1422628928879977e-14,0.9958276039305947,0
1088,1245.3,1.1805555555554292,1.158333333333303,1.1722222222222172,1.007109004739233,0.03605244299538634,0.9940269977156623,61.111111111111114,0.9999999999836364,0.9881516587677509,2.305953279886641e-13,0.9977961250457752,0
1089,1246.4583333333333,1.158333333333303,1.116666666666788,1.1694444444444798,0.9904988123514881,0.0394457905847756,1.0875873458151777,66.66666666666667,1.0909090908912398,0.9548693586699085,2.4882895743871813e-09,0.9963450061750311,0
1090,1247.575,1.116666666666788,1.191666666666606,1.1694444444444798,0.9548693586699085,0.034988426239910934,0.9646902512128045,55.55555555555556,0.9090909090760331,1.0190023752968294,1.0659889312404636e-13,0.9985587169843703,0
1091,1248.7666666666667,1.191666666666606,1.1138888888888232,1.1694444444444798,1.0190023752968294,0.03631748630500444,1.0013346912707985,61.111111111111114,0.9999999999836364,0.9524940617576347,6.471446913503681e-14,0.9983568165309482,0
1092,1249.8805555555555,1.1138888888888232,1.1805555555556566,1.1694444444444798,0.9524940617576347,0.03552843976381059,0.9795793399205108,61.111111111111114,0.9999999999836364,1.009501187648512,5.373400509267601e-12,0.9989046284488945,0
1093,1251.0611111111111,1.1805555555556566,1.1222222222222626,1.1694444444444798,1.009501187648512,0.03501127088746034,0.9653201168898771,55.55555555555556,0.9090909090760331,0.9596199524940673,2.634498411999554e-15,0.9960765969132751,0
1094,1252.1833333333334,1.1222222222222626,1.119444444444298,1.1694444444444798,0.9596199524940673,0.03638822704636869,1.0032851334853103,61.111111111111114,0.9999999999836364,0.9572446555817935,3.1745146875789e-12,0.9991026772184086,0
1095,1253.3027777777777,1.119444444444298,1.1416666666666515,1.1625000000000227,0.9629629629628181,0.03561879512167776,0.9820705903780657,55.55555555555556,0.9090909090760331,0.9820788530465627,1.5424345286250973e-13,0.99701333650353,0
1096,1254.4444444444443,1.1416666666666515,1.1222222222222626,1.1499999999999773,0.9927536231884122,0.03604433664219776,0.9938034918100155,61.111111111111114,0.9999999999836364,0.9758454106280737,6.959186373868553e-13,0.9988001608278044,0
1097,1255.5666666666666,1.1222222222222626,1.1527777777778283,1.131944444444457,0.99141104294481,0.038863711971144126,1.0715384512418853,63.888888888888886,1.045454545437438,1.0184049079754933,9.524839805763463e-10,0.9967964239004253,0
1098,1256.7194444444444,1.1527777777778283,1.1055555555556111,1.131944444444457,1.0184049079754933,0.03653931504406079,1.0074508858243676,61.111111111111114,0.9999999999836364,0.9766871165644554,4.977834008705606e-13,0.9982586493322735,0
1099,1257.825,1.1055555555556111,1.1499999999998636,1.1222222222222626,0.9851485148514992,0.03383976607994969,0.9330197424944916,55.55555555555556,0.9090909090760331,1.0247524752473662,6.628515282231656e-14,0.9955328162787012,0
1100,1258.975,1.1499999999998636,1.1472222222223536,1.131944444444457,1.015950920245267,0.03480958252330523,0.9597592266300702,58.333333333333336,0.9545454545298347,1.0134969325154422,3.500832571967996e-14,0.9977504378935451,0
1101,1260.1222222222223,1.1472222222223536,1.1638888888887777,1.131944444444457,1.0134969325154422,0.03599139305308362,0.9923437472667078,58.333333333333336,0.9545454545298347,1.028220858895596,1.6195343135148865e-13,0.998384945996297,0
1102,1261.286111111111,1.1638888888887777,1.1444444444446162,1.1444444444445026,1.0169902912619873,0.03790153688765511,1.0450096523574437,66.66666666666667,1.0909090908912398,1.0000000000000993,1.752299555457526e-10,0.9966840428550472,0
1103,1262.4305555555557,1.1444444444446162,1.1388888888886868,1.1430555555556339,1.0012150668287572,0.03539736517732975,0.9759653912709547,55.55555555555556,0.9090909090760331,0.9963547995137282,1.3179176208742791e-14,0.9984145279613952,0
1104,1263.5694444444443,1.1388888888886868,1.130555555555702,1.1430555555556339,0.9963547995137282,0.03610412389983,0.9954519279011127,58.333333333333336,0.9545454545298347,0.9890643985419802,2.165676627830307e-13,0.9981341489124811,0
1105,1264.7,1.130555555555702,1.1694444444444798,1.1430555555556339,0.9890643985419802,0.03609206066346845,0.9951193240155802,58.333333333333336,0.9545454545298347,1.0230862697447969,6.582620191118715e-13,0.9979973058548766,0
1106,1265.8694444444445,1.1694444444444798,1.158333333333303,1.145833333333485,1.0206060606059564,0.03477450346559229,0.9587920375154366,58.333333333333336,0.9545454545298347,1.0109090909089307,1.7151290628079734e-14,0.9973363847383758,0
1107,1267.0277777777778,1.158333333333303,1.166666666666515,1.1486111111111086,1.0084643288996131,0.03533540699957622,0.9742570992302696,58.333333333333336,0.9545454545298347,1.0157194679563395,3.6502461345450446e-14,0.9990841362023702,0
1108,1268.1944444444443,1.166666666666515,1.1555555555555657,1.1486111111111086,1.0157194679563395,0.035372077923459685,0.9752681787950027,58.333333333333336,0.9545454545298347,1.0060459492140377,3.416391179829857e-14,0.997602859699509,0
1109,1269.35,1.1555555555555657,1.2000000000000455,1.1527777777777146,1.0024096385542804,0.03348240888274501,0.9231667984958029,52.77777777777778,0.8636363636222314,1.0409638554217833,1.170488360031116e-15,0.9958607112628546,0
1110,1270.55,1.2000000000000455,1.1444444444443889,1.1569444444444343,1.0372148859544301,0.03629832785973964,1.0008064604424491,58.333333333333336,0.9545454545298347,0.9891956782712691,1.275660417685183e-14,0.9977570484157854,0
1111,1271.6944444444443,1.1444444444443889,1.2027777777777828,1.1569444444444343,0.9891956782712691,0.03615021687616112,0.9967227894314692,61.111111111111114,0.9999999999836364,1.0396158463385488,2.5558298966804616e-12,0.9988821474886436,0
1112,1272.8972222222221,1.2027777777777828,1.1388888888889142,1.1569444444444343,1.0396158463385488,0.036246800276052926,0.9993857575702971,61.111111111111114,0.9999999999836364,0.9843937575030316,4.178367789026312e-14,0.9982846231874822,0
1113,1274.036111111111,1.1388888888889142,1.158333333333303,1.1569444444444343,0.9843937575030316,0.03459130213884036,0.9537408662305377,58.333333333333336,0.9545454545298347,1.0012004801920593,7.708184134383456e-14,0.9977536856942548,0
1114,1275.1944444444443,1.158333333333303,1.1416666666668789,1.158333333333303,1.0,0.03575497464194871,0.9858252907100963,61.111111111111114,0.9999999999836364,0.9856115107915759,3.248914538008657e-13,0.9984252507384419,0
1115,1276.3361111111112,1.1416666666668789,1.1777777777776919,1.158333333333303,0.9856115107915759,0.03534166805854452,0.9744297272446757,58.333333333333336,0.9545454545298347,1.0167865707433577,2.328715833447431e-13,0.9975062457696495,0
1116,1277.513888888889,1.1777777777776919,1.2000000000000455,1.158333333333303,1.0167865707433577,0.03714158128514043,1.02405638752428,61.111111111111114,0.9999999999836364,1.0359712230216491,1.2239918280310125e-12,0.9985050347179398,0
1117,1278.713888888889,1.2000000000000455,1.2055555555555202,1.162499999999909,1.032258064516249,0.03655610102043251,1.0079137036616674,61.111111111111114,0.9999999999836364,1.0370370370370878,2.1826037342482368e-13,0.9982955156950247,0
1118,1279.9194444444445,1.2055555555555202,1.1722222222222172,1.1680555555554974,1.0321046373365252,0.033873857570888594,0.9339597027182684,55.55555555555556,0.9090909090760331,1.0035671819263239,2.069102966795243e-16,0.9973986272582676,0
1119,1281.0916666666667,1.1722222222222172,1.1972222222220807,1.1749999999999545,0.9976359338061809,0.0365915153708112,1.0088901373637464,61.111111111111114,0.9999999999836364,1.0189125295507464,1.346339814807529e-12,0.9976543407377427,0
1120,1282.2888888888888,1.1972222222220807,1.1805555555556566,1.1749999999999545,1.0189125295507464,0.036495095618760486,1.0062316812734415,58.333333333333336,0.9545454545298347,1.0047281323878317,2.6284013417902756e-14,0.9985970321416064,0
1121,1283.4694444444444,1.1805555555556566,1.1888888888888687,1.1791666666666742,1.0011778563016105,0.03432541174307056,0.9464098170735552,55.55555555555556,0.9090909090760331,1.0082449941106948,1.4812058795888846e-15,0.9982865827641106,0
1122,1284.6583333333333,1.1888888888888687,1.1527777777778283,1.1791666666666742,1.0082449941106948,0.035907218951679254,0.9900229245331388,58.333333333333336,0.9545454545298347,0.9776207302709435,1.2018811374739022e-14,0.9992915916704054,0
1123,1285.8111111111111,1.1527777777778283,1.1888888888888687,1.1791666666666742,0.9776207302709435,0.03376732484708351,0.9310224148452665,55.55555555555556,0.9090909090760331,1.0082449941106948,9.430435389025122e-15,0.9960147798089625,0
1124,1287.0,1.1888888888888687,1.1111111111110858,1.1847222222222626,1.0035169988276158,0.03725124771925063,1.0270800771051136,61.111111111111114,0.9999999999836364,0.9378663540444954,2.3232809990073044e-13,0.9983618693050511,0
1125,1288.111111111111,1.1111111111110858,1.1972222222223081,1.1847222222222626,0.9378663540444954,0.03439211736536542,0.9482490042118304,55.55555555555556,0.9090909090760331,1.0105509964830393,1.396277706086288e-13,0.9974167247862549,0
1126,1289.3083333333334,1.1972222222223081,1.1555555555555657,1.1888888888888687,1.007009345794482,0.03648370141350757,1.0059175237102393,58.333333333333336,0.9545454545298347,0.9719626168224549,2.2353590807262617e-14,0.9983980962110646,0
1127,1290.463888888889,1.1555555555555657,1.1777777777776919,1.1847222222222626,0.9753810082063058,0.03773615733363432,1.0404498575721672,63.888888888888886,1.045454545437438,0.9941383352871151,4.8245855227557755e-11,0.9979699307498466,0
1128,1291.6416666666667,1.1777777777776919,1.1861111111111313,1.1791666666666742,0.9988221436983895,0.03747172209001267,1.0331589294278227,63.888888888888886,1.045454545437438,1.0058892815076668,1.1359943367927894e-11,0.9978163392463061,0
1129,1292.8277777777778,1.1861111111111313,1.2027777777777828,1.183333333333394,1.0023474178403413,0.03607667619151585,0.9946951480320431,61.111111111111114,0.9999999999836364,1.0164319248825813,2.460430405422376e-13,0.9988894903362598,0
1130,1294.0305555555556,1.2027777777777828,1.1888888888888687,1.183333333333394,1.0164319248825813,0.039240111178455515,1.0819164157541425,66.66666666666667,1.0909090908912398,1.0046948356806826,5.636987543411465e-10,0.9945400490511314,0
1131,1295.2194444444444,1.1888888888888687,1.1694444444444798,1.1875,1.0011695906432578,0.03469521092531048,0.9566058077010613,55.55555555555556,0.9090909090760331,0.9847953216374566,1.5770483987245375e-15,0.9973325062948912,0
1132,1296.388888888889,1.1694444444444798,1.1361111111111768,1.1819444444444116,0.9894242068155685,0.03463199798366718,0.9548629196918769,58.333333333333336,0.9545454545298347,0.9612220916569566,2.260669441629757e-14,0.9963929981650123,0
1133,1297.525,1.1361111111111768,1.1805555555554292,1.1819444444444116,0.9612220916569566,0.03764210806081723,1.0378567596146258,63.888888888888886,1.045454545437438,0.998824911868311,1.0922610038655023e-10,0.9987339362400105,0
1134,1298.7055555555555,1.1805555555554292,1.2027777777777828,1.1791666666665606,1.0011778563015141,0.035800759556387104,0.9870876584516024,61.111111111111114,0.9999999999836364,1.0200235571261267,2.863325895829938e-13,0.998477194649837,0
1135,1299.9083333333333,1.2027777777777828,1.1361111111111768,1.1833333333332803,1.016431924882679,0.03579921694517707,0.9870451260442993,61.111111111111114,0.9999999999836364,0.9600938967137136,2.1673945122912923e-14,0.9993381170369549,0
1136,1301.0444444444445,1.1361111111111768,1.158333333333303,1.1791666666665606,0.9634864546526748,0.0352027402897478,0.9705992530398065,58.333333333333336,0.9545454545298347,0.9823321554770945,2.571779865890439e-13,0.9974318706713728,0
1137,1302.2027777777778,1.158333333333303,1.1694444444444798,1.1791666666665606,0.9823321554770945,0.036518940262887066,1.006889118552124,61.111111111111114,0.9999999999836364,0.9917550058894008,1.3822214857059367e-12,0.9983858686426896,0
1138,1303.3722222222223,1.1694444444444798,1.1499999999998636,1.1749999999999545,0.9952718676123617,0.03900573880693665,1.0754543719797938,63.888888888888886,1.045454545437438,0.978723404255241,1.4421090710481366e-10,0.9957692079146154,0
1139,1304.5222222222221,1.1499999999998636,1.1333333333334394,1.1694444444444798,0.9833729216150555,0.03393357010476457,0.9356060785486754,55.55555555555556,0.9090909090760331,0.9691211401425792,3.678038556093879e-15,0.9970375665985156,0
1140,1305.6555555555556,1.1333333333334394,1.1527777777778283,1.1638888888888914,0.973747016706533,0.03514531329240593,0.9690158933278761,58.333333333333336,0.9545454545298347,0.9904534606205663,2.1313079610636027e-13,0.9975629450110054,0
1141,1306.8083333333334,1.1527777777778283,1.133333333333212,1.1555555555555657,0.9975961538461888,0.03573194951712011,0.98519044896835,58.333333333333336,0.9545454545298347,0.9807692307691173,5.2750250727814224e-14,0.9990300753336209,0
1142,1307.9416666666666,1.133333333333212,1.1527777777778283,1.151388888888846,0.9843184559709809,0.03747150915581306,1.0331530584708066,61.111111111111114,0.9999999999836364,1.001206272617693,1.4169235229566368e-11,0.9974883839631405,0
1143,1309.0944444444444,1.1527777777778283,1.1388888888889142,1.1527777777778283,1.0,0.03815997188914822,1.0521351436499953,63.888888888888886,1.045454545437438,0.9879518072288943,5.435157185429418e-11,0.9971239090940927,0
1144,1310.2333333333333,1.1388888888889142,1.1527777777778283,1.151388888888846,0.9891435464415547,0.03309525361500513,0.9124922711554359,55.55555555555556,0.9090909090760331,1.001206272617693,6.426412289280538e-15,0.9950326050394455,0
1145,1311.3861111111112,1.1527777777778283,1.125,1.151388888888846,1.001206272617693,0.035817674375221306,0.9875540286941077,61.111111111111114,0.9999999999836364,0.9770808202654164,2.6484516619726395e-13,0.9991394549280163,0
1146,1312.5111111111112,1.125,1.1222222222222626,1.151388888888846,0.9770808202654164,0.037038438788276166,1.0212125739578042,61.111111111111114,0.9999999999836364,0.9746682750302282,6.420124848416364e-12,0.9983687579355692,0
1147,1313.6333333333334,1.1222222222222626,1.119444444444298,1.1444444444443889,0.9805825242719276,0.0369009840704437,1.017422714266289,61.111111111111114,0.9999999999836364,0.9781553398057448,5.128332220688536e-12,0.9987131087489621,0
1148,1314.7527777777777,1.119444444444298,1.0972222222221717,1.1361111111111768,0.9853300733494473,0.03765342131801919,1.0381686853027765,63.888888888888886,1.045454545437438,0.965770171149044,6.988296746834877e-11,0.9983779052029205,0
1149,1315.85,1.0972222222221717,1.0944444444444343,1.1333333333333258,0.9681372549019227,0.035669620805852925,0.9834719406902748,61.111111111111114,0.9999999999836364,0.9656862745098015,3.482029768686612e-12,0.9987843772548639,0
1150,1316.9444444444443,1.0944444444444343,1.0166666666668789,1.129166666666606,0.969249692496968,0.03561606141786899,0.9819952175277424,58.333333333333336,0.9545454545298347,0.9003690036902732,4.709198525923441e-13,0.9968316437281721,0
1151,1317.9611111111112,1.0166666666668789,1.0,1.1236111111111313,0.9048207663784174,0.03374684785107029,0.9304578293365435,52.77777777777778,0.8636363636222314,0.8899876390605526,3.334618009238205e-13,0.9953820579197175,0
1152,1318.9611111111112,1.0,0.9666666666664696,1.1208333333332803,0.8921933085502282,0.034862420524730466,0.9612160599417197,61.111111111111114,0.9999999999836364,0.862453531598378,2.2349246064923278e-10,0.9982618626963639,0
1153,1319.9277777777777,0.9666666666664696,1.0083333333334394,1.1083333333332348,0.8721804511277192,0.038493721187253034,1.0613371778319034,66.66666666666667,1.0909090908912398,0.9097744360904022,1.2730954040307552e-05,0.9981533391204696,0
1154,1320.9361111111111,1.0083333333334394,1.0361111111110404,1.095833333333303,0.9201520912548752,0.036177337115459,0.9974705404243783,61.111111111111114,0.9999999999836364,0.9455006337135231,5.011613346539434e-10,0.9993433066327512,0
1155,1321.9722222222222,1.0361111111110404,1.005555555555702,1.0652777777777374,0.9726205997392143,0.039366193803266364,1.0853927275541744,69.44444444444444,1.1363636363450413,0.943937418513863,5.830796908412594e-06,0.9953447498765184,0
1156,1322.9777777777779,1.005555555555702,1.0111111111109494,1.0263888888889596,0.9797023004060292,0.03780707871356001,1.042405280298178,66.66666666666667,1.0909090908912398,0.9851150202974742,1.2334183452367142e-07,0.9976755335098462,0
1157,1323.9888888888888,1.0111111111109494,1.0305555555555657,1.0138888888889142,0.9972602739724185,0.03789642244788992,1.0448686385791142,63.888888888888886,1.045454545437438,1.0164383561643682,1.1537401256589419e-08,0.9980226415908551,0
1158,1325.0194444444444,1.0305555555555657,1.038888888889005,1.0138888888889142,1.0164383561643682,0.03795273816191023,1.0464213583251514,63.888888888888886,1.045454545437438,1.0246575342466644,2.346939975694795e-09,0.99894823337633,0
1159,1326.0583333333334,1.038888888889005,1.0583333333331666,1.0138888888889142,1.0246575342466644,0.036305745121977866,1.0010109669419083,61.111111111111114,0.9999999999836364,1.0438356164381657,4.326009689359367e-11,0.9989658472049683,0
1160,1327.1166666666666,1.0583333333331666,1.063888888889096,1.0138888888889142,1.0438356164381657,0.035086636319723356,0.9673980696758654,55.55555555555556,0.9090909090760331,1.0493150684933288,2.099870705920756e-13,0.9979411569121837,0
1161,1328.1805555555557,1.063888888889096,1.0444444444442524,1.0208333333332575,1.0421768707485797,0.036813534120155936,1.0150115708232204,61.111111111111114,0.9999999999836364,1.0231292517005681,1.3768517576062678e-11,0.9990249340884303,0
1162,1329.225,1.0444444444442524,1.1111111111113132,1.033333333333303,1.010752688171887,0.037990434832448634,1.0474607194648102,63.888888888888886,1.045454545437438,1.0752688172045282,4.337580961077947e-09,0.9990066521982042,0
1163,1330.3361111111112,1.1111111111113132,1.074999999999818,1.0375000000000227,1.0709504685410014,0.03597282374834789,0.9918317600419174,58.333333333333336,0.9545454545298347,1.036144578313055,1.473767803758172e-13,0.9985204929673751,0
1164,1331.411111111111,1.074999999999818,1.0666666666668334,1.0416666666666288,1.031999999999863,0.03550361356402478,0.9788948394876016,58.333333333333336,0.9545454545298347,1.0240000000001974,7.022254414242035e-13,0.9981376866708807,0
1165,1332.4777777777779,1.0666666666668334,1.0777777777777828,1.0513888888887095,1.0145310435934625,0.037040391957212024,1.0212664261379072,58.333333333333336,0.9545454545298347,1.0250990752974056,7.411241759180953e-12,0.9987969829716767,0
1166,1333.5555555555557,1.0777777777777828,1.0888888888887323,1.0611111111111313,1.015706806282708,0.035907547701020295,0.9900319887100246,58.333333333333336,0.9545454545298347,1.026178010471037,1.3335712742423844e-12,0.9986683254591397,0
1167,1334.6444444444444,1.0888888888887323,1.0805555555555202,1.0652777777779647,1.0221642764012382,0.03556648745508155,0.9806283792970913,58.333333333333336,0.9545454545298347,1.014341590612566,5.941833396833074e-13,0.9977385531783787,0
1168,1335.725,1.0805555555555202,1.116666666666788,1.0708333333333258,1.0090791180285086,0.03858625766135618,1.0638885653632202,63.888888888888886,1.045454545437438,1.042801556420354,1.2674202798379497e-09,0.9989191545010043,0
1169,1336.8416666666667,1.116666666666788,1.1055555555556111,1.0763888888888005,1.0374193548389075,0.03643042457577999,1.0044485909374754,61.111111111111114,0.9999999999836364,1.0270967741936845,1.999908702185471e-12,0.998557610686201,0
1170,1337.9472222222223,1.1055555555556111,1.158333333333303,1.0791666666666515,1.0244530244530903,0.035342831109463985,0.97446179453104,58.333333333333336,0.9545454545298347,1.0733590733590603,5.666212941554671e-13,0.9986345031859518,0
1171,1339.1055555555556,1.158333333333303,1.1694444444444798,1.0847222222221262,1.0678617157491062,0.03503344922482388,0.9659316112650745,58.333333333333336,0.9545454545298347,1.0781049935980793,3.138125948876948e-14,0.9978277500830657,0
1172,1340.275,1.1694444444444798,1.125,1.0972222222221717,1.065822784810208,0.03761623735936178,1.0371434604992273,63.888888888888886,1.045454545437438,1.0253164556962497,3.1555472210925695e-12,0.9983648436428715,0
1173,1341.4,1.125,1.2027777777777828,1.0972222222221717,1.0253164556962497,0.03704430228053331,1.0213742403837172,61.111111111111114,0.9999999999836364,1.0962025316456248,1.5186822285850887e-11,0.9989691516328597,0
1174,1342.6027777777779,1.2027777777777828,1.1222222222220353,1.1111111111111995,1.0824999999999183,0.03472880251259513,0.9575319847332624,55.55555555555556,0.9090909090760331,1.0099999999997513,2.1356874326855155e-16,0.9967010350108731,0
1175,1343.725,1.1222222222220353,1.1555555555555657,1.1194444444444116,1.0024813895780262,0.03715691502311619,1.0244791646860316,66.66666666666667,1.0909090908912398,1.0322580645161683,7.927471457058743e-10,0.9969550045442465,0
1176,1344.8805555555555,1.1555555555555657,1.0805555555557476,1.1236111111110176,1.0284301606923072,0.036648849594317155,1.010470939143678,61.111111111111114,0.9999999999836364,0.9616810877629208,1.9624121663612548e-13,0.9993660797724041,0
1177,1345.9611111111112,1.0805555555557476,1.0972222222221717,1.1236111111110176,0.9616810877629208,0.03506475284629251,0.9667947051993767,58.333333333333336,0.9545454545298347,0.9765142150803824,1.1119878889215284e-12,0.9979710605517069,0
1178,1347.0583333333334,1.0972222222221717,1.0722222222220807,1.1236111111110176,0.9765142150803824,0.036286730228729004,1.0004866940861001,58.333333333333336,0.9545454545298347,0.9542645241037854,8.531290908095346e-13,0.9986974855252406,0
1179,1348.1305555555555,1.0722222222220807,1.083333333333485,1.1236111111110176,0.9542645241037854,0.036797671949078875,1.0145742238646522,61.111111111111114,0.9999999999836364,0.9641532756491644,3.757613317723063e-11,0.9993009259951275,0
1180,1349.213888888889,1.083333333333485,1.0833333333332575,1.1236111111110176,0.9641532756491644,0.037868387737163146,1.0440956740579823,66.66666666666667,1.0909090908912398,0.964153275648962,1.2313422281806652e-08,0.997160158283309,0
1181,1350.2972222222222,1.0833333333332575,1.0972222222221717,1.1097222222221035,0.9762202753442164,0.03593545722355694,0.9908015015804376,61.111111111111114,0.9999999999836364,0.9887359198999351,9.861711273984053e-12,0.9985088666481423,0
1182,1351.3944444444444,1.0972222222221717,1.0555555555556566,1.0972222222221717,1.0,0.0369574039677548,1.0189783065223466,61.111111111111114,0.9999999999836364,0.9620253164558326,7.167852249245765e-12,0.9982338397017683,0
1183,1352.45,1.0555555555556566,1.1055555555556111,1.0902777777778283,0.9681528662420861,0.03728831307446393,1.0281020318105591,63.888888888888886,1.045454545437438,1.0140127388535072,2.145645217055403e-09,0.99803577335509,0
1184,1353.5555555555557,1.1055555555556111,1.0583333333331666,1.0902777777778283,1.0140127388535072,0.033968392149953536,0.9365661813921342,52.77777777777778,0.8636363636222314,0.9707006369424772,1.9191642649667206e-15,0.9957527851605171,0
1185,1354.6138888888888,1.0583333333331666,1.091666666666697,1.0833333333333712,0.9769230769228888,0.03750563203822307,1.0340938842106813,61.111111111111114,0.9999999999836364,1.0076923076923003,1.8392931622202013e-10,0.9988050480346894,0
1186,1355.7055555555555,1.091666666666697,1.1111111111110858,1.0833333333333712,1.0076923076923003,0.037655496174422834,1.0382258926127463,61.111111111111114,0.9999999999836364,1.0256410256409665,5.4505729790710333e-11,0.997927938969329,0
1187,1356.8166666666666,1.1111111111110858,1.0555555555556566,1.087500000000091,1.021711366538844,0.036669040348545075,1.0110276324809189,61.111111111111114,0.9999999999836364,0.9706257982120169,1.2323218617424359e-12,0.9995430190861183,0
1188,1357.8722222222223,1.0555555555556566,1.1416666666666515,1.0833333333333712,0.9743589743590335,0.036619839957106035,1.009671094245914,61.111111111111114,0.9999999999836364,1.053846153846103,1.6017498438714028e-10,0.9991417064399424,0
1189,1359.013888888889,1.1416666666666515,1.0638888888888687,1.087500000000091,1.0498084291186722,0.035937712608555335,0.990863686369938,58.333333333333336,0.9545454545298347,0.9782886334609469,3.3193550853924045e-14,0.9983177630245117,0
1190,1360.0777777777778,1.0638888888888687,1.1555555555555657,1.0874999999999773,0.9782886334610491,0.03742923163516744,1.0319873955246477,61.111111111111114,0.9999999999836364,1.0625798212005424,3.1224595131718047e-10,0.9993127043238141,0
1191,1361.2333333333333,1.1555555555555657,1.066666666666606,1.0944444444444343,1.0558375634517956,0.037019989169569646,1.0207038866798244,61.111111111111114,0.9999999999836364,0.9746192893400552,2.750925030305107e-13,0.9983781423427747,0
1192,1362.3,1.066666666666606,1.1138888888888232,1.0791666666666515,0.9884169884169461,0.03488874209338654,0.9619417902305024,58.333333333333336,0.9545454545298347,1.0321750321749859,1.740453050777524e-12,0.9981151498257423,0
1193,1363.4138888888888,1.1138888888888232,1.1138888888890506,1.098611111111154,1.0139064475346666,0.0382798466879345,1.055440295158162,63.888888888888886,1.045454545437438,1.0139064475348736,1.8164818260668625e-10,0.9981810631723317,0
1194,1364.5277777777778,1.1138888888890506,1.0750000000000455,1.1013888888888914,1.011349306431418,0.03523079673145061,0.9713728167208031,58.333333333333336,0.9545454545298347,0.9760403530895725,9.025420656064848e-14,0.998486230526118,0
1195,1365.6027777777779,1.0750000000000455,1.1055555555553838,1.1013888888888914,0.9760403530895725,0.036702641737377015,1.0119540797584021,58.333333333333336,0.9545454545298347,1.0037831021435997,7.73568969297811e-12,0.9985044575769204,0
1196,1366.7083333333333,1.1055555555553838,1.0861111111112223,1.1083333333332348,0.9974937343357733,0.03729300621610106,1.0282314296849835,66.66666666666667,1.0909090908912398,0.9799498746869042,1.097362978264016e-09,0.9967988240458734,0
1197,1367.7944444444445,1.0861111111112223,1.0777777777777828,1.095833333333303,0.9911280101395459,0.03663536592841211,1.0100991716066068,61.111111111111114,0.9999999999836364,0.9835234474018062,9.377053820924797e-12,0.9991419050117301,0
1198,1368.8722222222223,1.0777777777777828,1.0750000000000455,1.095833333333303,0.9835234474018062,0.03610650589852305,0.9955176036449097,58.333333333333336,0.9545454545298347,0.9809885931559622,1.393585767617278e-12,0.9993818711795808,0
1199,1369.9472222222223,1.0750000000000455,1.0694444444443434,1.0819444444445026,0.9935815147625047,0.03664935397859846,1.0104848458737408,58.333333333333336,0.9545454545298347,0.9884467265723824,2.5914773799096125e-12,0.9993730236627087,0
1200,1371.0166666666667,1.0694444444443434,1.0972222222221717,1.0819444444445026,0.9884467265723824,0.03433604173255474,0.9467029039119162,55.55555555555556,0.9090909090760331,1.0141206675223635,1.4443283266434015e-13,0.9973263551448924,0
1201,1372.1138888888888,1.0972222222221717,1.1111111111110858,1.0819444444445026,1.0141206675223635,0.036558636546346925,1.0079836124113368,61.111111111111114,0.9999999999836364,1.0269576379973542,7.587109759898958e-12,0.9988144999936117,0
1202,1373.225,1.1111111111110858,1.0944444444444343,1.091666666666697,1.0178117048345543,0.03773556495157612,1.0404335245941527,63.888888888888886,1.045454545437438,1.0025445292620494,6.349484132917027e-11,0.9986864791790606,0
1203,1374.3194444444443,1.0944444444444343,1.1388888888889142,1.0902777777778283,1.0038216560508997,0.03612125715844152,0.9959243208987489,58.333333333333336,0.9545454545298347,1.0445859872611212,2.4420435291994114e-12,0.9980491120313524,0
1204,1375.4583333333333,1.1388888888889142,1.0944444444444343,1.0902777777778283,1.0445859872611212,0.03675011642315776,1.0132630373616405,61.111111111111114,0.9999999999836364,1.0038216560508997,7.867027342067789e-13,0.9983745146129704,0
1205,1376.5527777777777,1.0944444444444343,1.1027777777778738,1.0944444444444343,1.0,0.0342251590226827,0.9436456795455458,55.55555555555556,0.9090909090760331,1.0076142131980665,3.431575092442338e-14,0.997379374422187,0
1206,1377.6555555555556,1.1027777777778738,1.1472222222221262,1.0944444444444343,1.0076142131980665,0.03720039743046211,1.0256780484019852,61.111111111111114,0.9999999999836364,1.048223350253729,2.330677838224826e-11,0.9989252024224948,0
1207,1378.8027777777777,1.1472222222221262,1.1000000000001364,1.095833333333303,1.0468948035487373,0.03783433421604467,1.0431567607265508,63.888888888888886,1.045454545437438,1.0038022813689735,9.731122158074257e-12,0.9985240507471325,0
1208,1379.9027777777778,1.1000000000001364,1.158333333333303,1.098611111111154,1.0012642225032455,0.03618510997304694,0.9976848512907128,61.111111111111114,0.9999999999836364,1.054361567635835,8.785770722052888e-12,0.9995229151790053,0
1209,1381.0611111111111,1.158333333333303,1.0611111111111313,1.101388888889005,1.0517023959645526,0.037024049157435374,1.0208158274309531,61.111111111111114,0.9999999999836364,0.9634300126102572,2.6221185596073115e-13,0.998025630987023,0
1210,1382.1222222222223,1.0611111111111313,1.1222222222222626,1.101388888889005,0.9634300126102572,0.036094583305231354,0.9951888775273412,58.333333333333336,0.9545454545298347,1.0189155107187187,8.216728512866478e-12,0.9991912736204267,0
1211,1383.2444444444445,1.1222222222222626,1.0555555555554292,1.1069444444444798,1.0138017565872062,0.0355714863825998,0.9807662082068659,58.333333333333336,0.9545454545298347,0.9535759096610851,5.1578539887481983e-14,0.9990517581797034,0
1212,1384.3,1.0555555555554292,1.091666666666697,1.101388888889005,0.9583858764184475,0.03751684642959681,1.0344030840002731,63.888888888888886,1.045454545437438,0.9911727616644879,2.0245320975220693e-09,0.9987091335439855,0
1213,1385.3916666666667,1.091666666666697,1.0944444444444343,1.101388888889005,0.9911727616644879,0.03748533368621866,1.0335342242202585,63.888888888888886,1.045454545437438,0.9936948297602896,1.7554240006045774e-10,0.9987296511472217,0
1214,1386.486111111111,1.0944444444444343,1.0805555555555202,1.0972222222222854,0.9974683544303131,0.035884703552838695,0.9894021368013693,63.888888888888886,1.045454545437438,0.9848101265821896,1.4726761476957506e-11,0.9991890144448252,0
1215,1387.5666666666666,1.0805555555555202,1.1000000000001364,1.0972222222222854,0.9848101265821896,0.0358336502902179,0.9879945117654452,55.55555555555556,0.9090909090760331,1.0025316455696869,4.112044905968393e-13,0.9980969900541258,0
1216,1388.6666666666667,1.1000000000001364,1.0694444444443434,1.0972222222222854,1.0025316455696869,0.036181292179192207,0.997579588239224,61.111111111111114,0.9999999999836364,0.9746835443036492,2.5214613383339746e-12,0.9987828202179073,0
1217,1389.736111111111,1.0694444444443434,1.0833333333332575,1.0930555555555657,0.9783989834814741,0.0355290434335559,0.9795959841192027,58.333333333333336,0.9545454545298347,0.9911054637864526,2.2415435393247085e-12,0.9979645050028073,0
1218,1390.8194444444443,1.0833333333332575,1.0694444444445708,1.0874999999999773,0.99616858237543,0.03584803189689912,0.9883910370526078,61.111111111111114,0.9999999999836364,0.9833971902938787,3.396422249349329e-12,0.99936612756727,0
1219,1391.888888888889,1.0694444444445708,1.066666666666606,1.0819444444443889,0.9884467265726964,0.03810236674400273,1.0505468721009834,66.66666666666667,1.0909090908912398,0.9858793324775299,1.4751100785304061e-08,0.9973770931758867,0
1220,1392.9555555555555,1.066666666666606,1.0638888888888687,1.0819444444443889,0.9858793324775299,0.036017805956778545,0.9930719958174143,61.111111111111114,0.9999999999836364,0.9833119383825736,1.1046383426027706e-11,0.9990411749779267,0
1221,1394.0194444444444,1.0638888888888687,1.058333333333394,1.0750000000000455,0.9896640826872778,0.03499355704281328,0.9648317161505772,58.333333333333336,0.9545454545298347,0.9844961240310225,1.1020030374342404e-12,0.9976583965876122,0
1222,1395.0777777777778,1.058333333333394,1.0361111111110404,1.0750000000000455,0.9844961240310225,0.03418844215878363,0.942633333336669,52.77777777777778,0.8636363636222314,0.9638242894055782,2.7624122878478624e-14,0.9962669366425605,0
1223,1396.1138888888888,1.0361111111110404,1.038888888889005,1.069444444444457,0.9688311688310912,0.03728787222719001,1.0280898769035476,61.111111111111114,0.9999999999836364,0.9714285714286687,2.540837817921471e-10,0.9986781097245314,0
1224,1397.1527777777778,1.038888888889005,1.041666666666515,1.0680555555554747,0.9726918075424451,0.037228362000391944,1.026449079022388,63.888888888888886,1.045454545437438,0.9752925877762648,1.7867968216123131e-09,0.9982454072978258,0
1225,1398.1944444444443,1.041666666666515,1.0444444444444798,1.0652777777777374,0.9778357235983303,0.03705395565433889,1.0216404002714954,61.111111111111114,0.9999999999836364,0.9804432855281017,9.563317499017288e-11,0.9994944622858342,0
1226,1399.2388888888888,1.0444444444444798,1.0666666666668334,1.0611111111111313,0.9842931937172921,0.03827524015272291,1.0553132851697729,66.66666666666667,1.0909090908912398,1.005235602094379,7.402892521213289e-08,0.9973788355600792,0
1227,1400.3055555555557,1.0666666666668334,1.0527777777776919,1.0611111111111313,1.005235602094379,0.03623436135757542,0.9990427954916772,58.333333333333336,0.9545454545298347,0.9921465968585389,2.6100098644843417e-12,0.9982375119000806,0
1228,1401.3583333333333,1.0527777777776919,1.058333333333394,1.055555555555543,0.9973684210525622,0.0347244383081061,0.9574116562138829,55.55555555555556,0.9090909090760331,1.0026315789474378,1.6163836220016436e-13,0.9987412917040157,0
1229,1402.4166666666667,1.058333333333394,1.1055555555553838,1.055555555555543,1.0026315789474378,0.03730555488424462,1.0285774177480302,61.111111111111114,0.9999999999836364,1.0473684210524814,1.7645145067302082e-10,0.998416900604187,0
1230,1403.5222222222221,1.1055555555553838,0.8583333333333485,1.055555555555543,1.0473684210524814,0.036158615183477356,0.9969543450075649,61.111111111111114,0.9999999999836364,0.8131578947368662,2.3455391275073456e-13,0.9982681968992462,0
1231,1404.3805555555555,0.8583333333333485,1.3027777777779193,1.0486111111110858,0.8185430463576501,0.041214747387939676,1.1363604849991966,122.22222222222223,1.9999999999672728,1.2423841059604297,0.9500436186790466,0.21830759078391404,1
1232,1405.6833333333334,1.3027777777779193,1.0361111111110404,1.0486111111110858,1.2423841059604297,0.03811959743511921,1.051021951478025,63.888888888888886,1.045454545437438,0.9880794701986318,2.7917282675589232e-15,0.9988512869203492,0
1233,1406.7194444444444,1.0361111111110404,0.7194444444444343,1.0486111111110858,0.9880794701986318,0.03768699468091575,1.0390943598576896,63.888888888888886,1.045454545437438,0.6860927152317949,4.975098666371025e-10,0.9986497186139154,0
1234,1407.4388888888889,0.7194444444444343,1.3583333333333485,1.0486111111110858,0.6860927152317949,0.04282523928963169,1.1807644780958408,119.44444444444444,1.954545454513471,1.2953642384106416,0.9441121220588684,0.2005236812165288,1
1235,1408.7972222222222,1.3583333333333485,1.0444444444444798,1.055555555555543,1.2868421052631878,0.03619582500137241,0.9979802827941525,61.111111111111114,0.9999999999836364,0.9894736842105717,2.5344481028428215e-18,0.998129400209308,0
1236,1409.8416666666667,1.0444444444444798,0.816666666666606,1.055555555555543,0.9894736842105717,0.03531916937536883,0.9738094003921361,58.333333333333336,0.9545454545298347,0.7736842105262676,4.254844360954829e-13,0.9983590978303274,0
1237,1410.6583333333333,0.816666666666606,1.3694444444445253,1.0486111111110858,0.7788079470198285,0.043102061229526756,1.1883969284640707,122.22222222222223,1.9999999999672728,1.3059602649007709,0.9514034390449524,0.2015186406078167,1
1238,1412.0277777777778,1.3694444444445253,1.0222222222221262,1.051388888888937,1.30250990752974,0.03722359312286788,1.0263175929811141,66.66666666666667,1.0909090908912398,0.9722589167766146,5.267318851730598e-16,0.9966242600279105,0
1239,1413.05,1.0222222222221262,1.0305555555555657,1.04027777777776,0.9826435246995239,0.0374601463708283,1.032839767217686,61.111111111111114,0.9999999999836364,0.9906542056075032,3.573102924647742e-10,0.9993354960146092,0
1240,1414.0805555555555,1.0305555555555657,1.1083333333333485,1.033333333333303,0.9973118279570283,0.047341951444280314,1.3052978924668384,116.66666666666667,1.9090909090596695,1.0725806451613364,0.9355946183204651,0.23329232373641873,1
1241,1415.1888888888889,1.1083333333333485,1.0888888888889596,1.04027777777776,1.0654205607476963,0.035664835980417205,0.983340014938029,58.333333333333336,0.9545454545298347,1.0467289719627026,2.397491656157963e-13,0.9974908520938379,0
1242,1416.2777777777778,1.0888888888889596,1.0277777777778283,1.04027777777776,1.0467289719627026,0.03591876547204459,0.9903412816823141,58.333333333333336,0.9545454545298347,0.9879839786382496,2.347812970513591e-13,0.9986053610354354,0
1243,1417.3055555555557,1.0277777777778283,1.0583333333331666,1.0375000000000227,0.9906291834002947,0.03670731627513253,1.0120829646922584,61.111111111111114,0.9999999999836364,1.0200803212849574,1.9512552684730622e-10,0.998614973583446,0
1244,1418.3638888888888,1.0583333333331666,1.0416666666667425,1.0513888888888232,1.0066050198149636,0.03694695890747373,1.018690318495752,61.111111111111114,0.9999999999836364,0.9907529722590508,3.503556472717051e-11,0.9985363295082075,0
1245,1419.4055555555556,1.0416666666667425,1.0694444444443434,1.0430555555556111,0.9986684420772498,0.035963444018025086,0.9915731449690538,61.111111111111114,0.9999999999836364,1.0252996005324717,4.655066956904541e-11,0.9983830664321096,0
1246,1420.475,1.0694444444443434,1.0611111111111313,1.0499999999999545,1.0185185185184664,0.035454217126849374,0.9775328959391546,55.55555555555556,0.9090909090760331,1.0105820105820735,1.417684464830385e-13,0.9988161028628214,0
1247,1421.536111111111,1.0611111111111313,1.0694444444445708,1.059722222222149,1.0013106159896035,0.03626093844456347,0.9997755708542272,58.333333333333336,0.9545454545298347,1.0091743119267944,3.82643612975575e-12,0.9987780898530503,0
1248,1422.6055555555556,1.0694444444445708,1.0611111111111313,1.059722222222149,1.0091743119267944,0.03604707813250374,0.9938790793472724,61.111111111111114,0.9999999999836364,1.0013106159896035,9.439303505498486e-12,0.9984303974551394,0
1249,1423.6666666666667,1.0611111111111313,1.0944444444444343,1.0611111111111313,1.0,0.037582653846456614,1.0362175060913628,61.111111111111114,0.9999999999836364,1.0314136125654159,1.9127410766373032e-10,0.9981123510274414,0
1250,1424.7611111111112,1.0944444444444343,1.0638888888888687,1.0652777777777374,1.0273794002607857,0.03817047982810525,1.0524248653483272,63.888888888888886,1.045454545437438,0.998696219035221,2.953895461565992e-10,0.9972782726122947,0
1251,1425.825,1.0638888888888687,1.1055555555556111,1.0625,1.0013071895424646,0.03751964386313234,1.0344802139872478,61.111111111111114,0.9999999999836364,1.0405228758170457,1.255006792932889e-10,0.999118807790679,0
1252,1426.9305555555557,1.1055555555556111,1.0555555555554292,1.0625,1.0405228758170457,0.038352982122692135,1.0574567631308889,63.888888888888886,1.045454545437438,0.9934640522874628,1.7787844808214714e-10,0.9972103854570752,0
1253,1427.986111111111,1.0555555555554292,1.0444444444444798,1.0625,0.9934640522874628,0.034492852724435495,0.9510264489068557,52.77777777777778,0.8636363636222314,0.9830065359477457,4.337255584524989e-14,0.9966420198939754,0
1254,1429.0305555555556,1.0444444444444798,1.0222222222221262,1.0625,0.9830065359477457,0.03525627873624027,0.9720753988099028,55.55555555555556,0.9090909090760331,0.9620915032678835,4.814175317072178e-13,0.9977314756714757,0
1255,1430.0527777777777,1.0222222222221262,1.0750000000000455,1.0625,0.9620915032678835,0.036133006674817794,0.9962482749922236,61.111111111111114,0.9999999999836364,1.0117647058823958,2.3408588956108645e-10,0.9988968141683287,0
1256,1431.1277777777777,1.0750000000000455,1.0472222222222172,1.0625,1.0117647058823958,0.036902379538905385,1.0174611896984684,58.333333333333336,0.9545454545298347,0.985620915032675,2.6769240036444986e-12,0.9987430982468436,0
1257,1432.175,1.0472222222222172,1.091666666666697,1.0625,0.985620915032675,0.036593232054391474,1.008937469241521,63.888888888888886,1.045454545437438,1.0274509803921854,7.131203960675236e-10,0.9985751530055839,0
1258,1433.2666666666667,1.091666666666697,1.025000000000091,1.0625,1.0274509803921854,0.03542893861026146,0.9768359243648896,55.55555555555556,0.9090909090760331,0.9647058823530268,3.7186572587498065e-14,0.9977966557464932,0
1259,1434.2916666666667,1.025000000000091,1.0583333333331666,1.059722222222149,0.9672346002622759,0.034027288462831325,0.9381900526253243,52.77777777777778,0.8636363636222314,0.9986893840103966,2.4741813415760094e-13,0.9961046324928247,0
1260,1435.35,1.0583333333331666,1.0666666666668334,1.056944444444298,1.0013140604467616,0.03690029784471089,1.0174037938590081,61.111111111111114,0.9999999999836364,1.0091984231277615,4.1216443452674056e-11,0.999106842265634,0
1261,1436.4166666666667,1.0666666666668334,1.0638888888888687,1.056944444444298,1.0091984231277615,0.0368325893771782,1.0155369565767174,63.888888888888886,1.045454545437438,1.006570302234023,1.9568981157735976e-10,0.9980121020433292,0
1262,1437.4805555555556,1.0638888888888687,1.0638888888888687,1.056944444444298,1.006570302234023,0.037952419340952,1.046412567890618,66.66666666666667,1.0909090908912398,1.006570302234023,1.2062781884480955e-08,0.9971920603652984,0
1263,1438.5444444444445,1.0638888888888687,1.0527777777776919,1.0611111111110176,1.0026178010471898,0.0360231898445226,0.9932204387335004,61.111111111111114,0.9999999999836364,0.9921465968586451,1.1290323710666517e-11,0.9984788993749101,0
1264,1439.5972222222222,1.0527777777776919,1.0194444444443889,1.0611111111110176,0.9921465968586451,0.03692051420555441,1.0179611932140697,61.111111111111114,0.9999999999836364,0.960732984293226,2.916880625924989e-11,0.9991705626067222,0
1265,1440.6166666666666,1.0194444444443889,1.0666666666668334,1.0611111111110176,0.960732984293226,0.03575992199822131,0.9859616977131643,58.333333333333336,0.9545454545298347,1.0052356020944866,3.867675277269278e-11,0.9977334614494175,0
1266,1441.6833333333334,1.0666666666668334,0.9972222222222626,1.0611111111110176,1.0052356020944866,0.03582044874625043,0.9876305228086668,61.111111111111114,0.9999999999836364,0.9397905759163513,3.2234054835045267e-12,0.9984831725544447,0
1267,1442.6805555555557,0.9972222222222626,1.0722222222220807,1.0611111111110176,0.9397905759163513,0.036489677029907866,1.0060822815889399,58.333333333333336,0.9545454545298347,1.0104712041884374,4.129098174487922e-10,0.9979866487999562,0
1268,1443.7527777777777,1.0722222222220807,1.0111111111111768,1.0611111111110176,1.0104712041884374,0.036870615513831785,1.0165854016559408,63.888888888888886,1.045454545437438,0.9528795811519783,6.124317719624628e-11,0.9989352484571479,0
1269,1444.763888888889,1.0111111111111768,1.066666666666606,1.0611111111110176,0.9528795811519783,0.037129324975929065,1.0237184602928298,63.888888888888886,1.045454545437438,1.0052356020942723,1.0461114641202585e-08,0.9986877882286662,0
1270,1445.8305555555555,1.066666666666606,1.0611111111111313,1.0638888888888687,1.0026109660574034,0.036636448064249316,1.0101290079269227,63.888888888888886,1.045454545437438,0.9973890339425967,1.4366320633119045e-10,0.9983405755249599,0
1271,1446.8916666666667,1.0611111111111313,1.0722222222223081,1.0625,0.9986928104575353,0.03575530578385475,0.9858344208540569,61.111111111111114,0.9999999999836364,1.0091503267974664,1.3247747517042274e-11,0.9985086341474276,0
1272,1447.963888888889,1.0722222222223081,1.0888888888887323,1.0625,1.0091503267974664,0.03657969229466012,1.0085641551025242,58.333333333333336,0.9545454545298347,1.024836601307042,3.696103752920399e-12,0.9989759180251834,0
1273,1449.0527777777777,1.0888888888887323,1.058333333333394,1.0638888888888687,1.0234986945168434,0.03528266510605159,0.9728029157764372,58.333333333333336,0.9545454545298347,0.9947780678851934,1.8059494600718845e-13,0.9990470887608152,0
1274,1450.111111111111,1.058333333333394,1.0638888888888687,1.0638888888888687,0.9947780678851934,0.035176390283521285,0.9698727386789772,55.55555555555556,0.9090909090760331,1.0,4.1356260321694094e-13,0.9973171252901696,0
1275,1451.175,1.0638888888888687,1.038888888889005,1.0652777777777374,0.998696219035221,0.036183418970597646,0.9976382274852742,58.333333333333336,0.9545454545298347,0.9752281616689857,2.618661364139907e-12,0.9980084659779,0
1276,1452.213888888889,1.038888888889005,1.0611111111111313,1.0625,0.9777777777778871,0.03784702003010816,1.043506530135207,63.888888888888886,1.045454545437438,0.9986928104575353,3.669521797533548e-09,0.9986989935808647,0
1277,1453.275,1.0611111111111313,1.0694444444443434,1.0625,0.9986928104575353,0.03715910827730952,1.0245396364238637,61.111111111111114,0.9999999999836364,1.0065359477123232,5.460604537987912e-11,0.9989795831398431,0
1278,1454.3444444444444,1.0694444444443434,1.066666666666606,1.0625,1.0065359477123232,0.038007572768580765,1.0479332414296225,61.111111111111114,0.9999999999836364,1.003921568627394,8.591801575752456e-11,0.9990909151576561,0
1279,1455.411111111111,1.066666666666606,1.050000000000182,1.0652777777777374,1.001303780964779,0.03451453797563302,0.9516243480601903,55.55555555555556,0.9090909090760331,0.9856584093874311,8.649254679441928e-14,0.9975128763604575,0
1280,1456.4611111111112,1.050000000000182,1.061111111110904,1.0625,0.9882352941178183,0.03506593516623015,0.9668273037652518,55.55555555555556,0.9090909090760331,0.9986928104573214,3.4767986558346953e-13,0.9985376255058389,0
1281,1457.5222222222221,1.061111111110904,1.0777777777777828,1.0625,0.9986928104573214,0.03829868909232782,1.0559598122036846,66.66666666666667,1.0909090908912398,1.014379084967325,2.1868306276928706e-08,0.9978683697447818,0
1282,1458.6,1.0777777777777828,1.091666666666697,1.0625,1.014379084967325,0.03634334881179968,1.002047764445517,61.111111111111114,0.9999999999836364,1.0274509803921854,9.839371505060424e-12,0.9991987842538326,0
1283,1459.6916666666666,1.091666666666697,1.083333333333485,1.0625,1.0274509803921854,0.03723121080243297,1.026527625326179,66.66666666666667,1.0909090908912398,1.0196078431373976,7.144723701557609e-10,0.9977849811600144,0
1284,1460.775,1.083333333333485,1.0638888888888687,1.0652777777777374,1.0169491525425538,0.03764604280608438,1.0379652472149024,63.888888888888886,1.045454545437438,0.998696219035221,1.6413927161895714e-10,0.9986849876342526,0
1285,1461.838888888889,1.0638888888888687,1.041666666666515,1.0652777777777374,0.998696219035221,0.03707916842779818,1.0223355591962051,61.111111111111114,0.9999999999836364,0.9778357235983303,4.62857738248168e-11,0.9977212206140572,0
1286,1462.8805555555555,1.041666666666515,1.0750000000000455,1.0652777777777374,0.9778357235983303,0.03766025949161419,1.0383572253462172,61.111111111111114,0.9999999999836364,1.0091264667536664,3.6624717147937247e-10,0.9991118308234479,0
1287,1463.9555555555555,1.0750000000000455,1.0194444444443889,1.0680555555554747,1.0065019505852943,0.035618803587851175,0.9820708238048252,58.333333333333336,0.9545454545298347,0.9544863459037913,3.805058752890528e-13,0.998857129953858,0
1288,1464.975,1.0194444444443889,1.0555555555556566,1.0652777777777374,0.9569752281616529,0.03518306412749578,0.9700567478760803,55.55555555555556,0.9090909090760331,0.990873533246547,3.31365880915091e-12,0.9977257624318701,0
1289,1466.0305555555556,1.0555555555556566,1.0194444444443889,1.0624999999998863,0.9934640522877831,0.03629949775616119,1.0008387164709158,61.111111111111114,0.9999999999836364,0.9594771241830569,1.1467901281370096e-11,0.9992465545864423,0
1290,1467.05,1.0194444444443889,1.0472222222222172,1.0624999999998863,0.9594771241830569,0.03803678708241631,1.0487387296090502,61.111111111111114,0.9999999999836364,0.9856209150327805,1.573648877872813e-09,0.9992550617715863,0
1291,1468.0972222222222,1.0472222222222172,1.0861111111112223,1.0597222222222626,0.9882044560943218,0.03685224776015265,1.0160789715356076,58.333333333333336,0.9545454545298347,1.024901703800852,2.382355770991218e-11,0.9986691961173313,0
1292,1469.1833333333334,1.0861111111112223,1.066666666666606,1.0597222222222626,1.024901703800852,0.03808943461953344,1.0501903114967008,66.66666666666667,1.0909090908912398,1.0065530799474798,5.553377313560759e-09,0.996110370820634,0
1293,1470.25,1.066666666666606,1.0833333333332575,1.0597222222222626,1.0065530799474798,0.03545895941222639,0.9776636487898346,58.333333333333336,0.9545454545298347,1.0222804718216456,1.3256209281317655e-12,0.9986728120886146,0
1294,1471.3333333333333,1.0833333333332575,1.058333333333394,1.0597222222222626,1.0222804718216456,0.035861935300898776,0.9887743774808161,58.333333333333336,0.9545454545298347,0.998689384010504,6.831251601717436e-13,0.9981855234025265,0
1295,1472.3916666666667,1.058333333333394,1.0638888888888687,1.0569444444445253,1.0013140604467614,0.03601828044184255,0.9930850781753475,58.333333333333336,0.9545454545298347,1.0065703022338066,3.912920768650574e-12,0.9981066939154046,0
1296,1473.4555555555555,1.0638888888888687,1.0805555555555202,1.0611111111111313,1.0026178010470823,0.037603024244968815,1.0367791525261951,63.888888888888886,1.045454545437438,1.0183246073297902,6.060722479439562e-10,0.9986904054648289,0
1297,1474.536111111111,1.0805555555555202,1.0666666666668334,1.0611111111111313,1.0183246073297902,0.03589981856352334,0.9898188832807472,61.111111111111114,0.9999999999836364,1.005235602094379,2.9990992328476906e-12,0.9994917791821476,0
1298,1475.6027777777779,1.0666666666668334,1.0805555555555202,1.0652777777777374,1.0013037809649925,0.03598418805245453,0.9921450931798047,58.333333333333336,0.9545454545298347,1.0143415906127824,3.70646005207198e-12,0.9977006141789349,0
1299,1476.6833333333334,1.0805555555555202,1.041666666666515,1.0666666666667197,1.0130208333332498,0.037047421438188656,1.0214602408503135,63.888888888888886,1.045454545437438,0.9765624999998094,1.0336605876792859e-10,0.9978507075277092,0
1300,1477.725,1.041666666666515,1.0333333333335304,1.0666666666667197,0.9765624999998094,0.03553949225362212,0.9798840758094503,55.55555555555556,0.9090909090760331,0.9687500000001366,7.164089742446589e-13,0.9985107437901133,0
1301,1478.7583333333334,1.0333333333335304,1.0388888888887777,1.0666666666667197,0.9687500000001366,0.03636917487622046,1.0027598328421659,61.111111111111114,0.9999999999836364,0.9739583333331807,1.0678138234743173e-10,0.9985065359985864,0
1302,1479.7972222222222,1.0388888888887777,1.0805555555555202,1.0652777777777374,0.9752281616687722,0.0360688468619471,0.9944792801374223,58.333333333333336,0.9545454545298347,1.0143415906127824,1.6453977069730286e-11,0.9983238914011099,0
1303,1480.8777777777777,1.0805555555555202,1.0722222222223081,1.065277777777851,1.014341590612674,0.035455832036980425,0.9775774217503279,58.333333333333336,0.9545454545298347,1.006518904824001,4.555544309836623e-13,0.9990177671887672,0
1304,1481.95,1.0722222222223081,1.0972222222221717,1.065277777777851,1.006518904824001,0.03880824690295391,1.0700091852440647,66.66666666666667,1.0909090908912398,1.0299869621902338,7.556536729680374e-08,0.9955261441013852,0
1305,1483.0472222222222,1.0972222222221717,1.0611111111111313,1.0694444444445708,1.0259740259738575,0.03686818637539653,1.016518426189503,61.111111111111114,0.9999999999836364,0.992207792207694,5.403317984015166e-12,0.9982074904317723,0
1306,1484.1083333333333,1.0611111111111313,1.0361111111110404,1.0694444444445708,0.992207792207694,0.03502543369782505,0.9657106095915187,55.55555555555556,0.9090909090760331,0.9688311688309883,1.7099299406964086e-13,0.9977956456936359,0
1307,1485.1444444444444,1.0361111111110404,1.0694444444445708,1.0638888888889824,0.9738903394254355,0.03674803478114369,1.013205642960883,61.111111111111114,0.9999999999836364,1.005221932114913,1.6867779395468574e-10,0.9990177748887984,0
1308,1486.213888888889,1.0694444444445708,1.066666666666606,1.065277777777851,1.0039113428944433,0.03667729421896517,1.0112552056868256,58.333333333333336,0.9545454545298347,1.001303780964672,3.259542592434772e-12,0.9992508149184924,0
1309,1487.2805555555556,1.066666666666606,1.0833333333332575,1.0638888888888687,1.0026109660574034,0.03674900086045249,1.0132322794058808,63.888888888888886,1.045454545437438,1.0182767624020368,2.69036820599311e-10,0.9979536085944276,0
1310,1488.3638888888888,1.0833333333332575,1.0527777777779193,1.0680555555555884,1.0143042912872842,0.036050539479604404,0.9939745145572237,58.333333333333336,0.9545454545298347,0.985695708712716,6.865553047949446e-13,0.9987588308406525,0
1311,1489.4166666666667,1.0527777777779193,1.0,1.0680555555555884,0.985695708712716,0.03698483543446174,1.01973463858276,63.888888888888886,1.045454545437438,0.9362808842652508,2.371503271536568e-10,0.9991875346662921,0
1312,1490.4166666666667,1.0,1.0583333333331666,1.0680555555555884,0.9362808842652508,0.03475077246500578,0.9581377335818914,55.55555555555556,0.9090909090760331,0.9908972691805676,5.2061714314599605e-12,0.9985466676649029,0
1313,1491.475,1.0583333333331666,0.9944444444445253,1.0638888888888687,0.9947780678849797,0.036018952261834644,0.993103601391925,58.333333333333336,0.9545454545298347,0.9347258485640624,1.3939580826433096e-12,0.9981449076275252,0
1314,1492.4694444444444,0.9944444444445253,1.0750000000000455,1.059722222222149,0.9384010484929328,0.03561237236338431,0.981893504039026,55.55555555555556,0.9090909090760331,1.0144167758847789,2.5117616320180502e-11,0.9984631100826561,0
1315,1493.5444444444445,1.0750000000000455,1.0111111111111768,1.059722222222149,1.0144167758847789,0.03734250309268283,1.0295961425182076,63.888888888888886,1.045454545437438,0.9541284403671004,7.955565373141127e-11,0.999298030974094,0
1316,1494.5555555555557,1.0111111111111768,1.0444444444442524,1.055555555555543,0.957894736842179,0.03681254785215388,1.01498437774171,63.888888888888886,1.045454545437438,0.9894736842103563,5.915712364412684e-09,0.9981341412502536,0
1317,1495.6,1.0444444444442524,1.0194444444446162,1.055555555555543,0.9894736842103563,0.036245790279426544,0.9993579102503706,61.111111111111114,0.9999999999836364,0.9657894736843848,1.6703975008747207e-11,0.9996894006931167,0
1318,1496.6194444444445,1.0194444444446162,1.033333333333303,1.0486111111110858,0.9721854304637634,0.03671762599174792,1.0123672210644494,63.888888888888886,1.045454545437438,0.9854304635761538,2.8839568511074276e-09,0.9976748568277023,0
1319,1497.6527777777778,1.033333333333303,1.0499999999999545,1.0388888888887777,0.9946524064171895,0.03679787286333386,1.0145797634114093,63.888888888888886,1.045454545437438,1.0106951871658398,6.551016396016962e-10,0.9992937732262015,0
1320,1498.7027777777778,1.0499999999999545,1.0277777777778283,1.0388888888887777,1.0106951871658398,0.03567919429784555,0.9837358981009917,58.333333333333336,0.9545454545298347,0.9893048128343791,1.632200125924188e-12,0.9987401348242083,0
1321,1499.7305555555556,1.0277777777778283,0.974999999999909,1.0305555555555657,0.9973045822102818,0.033631751869466826,0.9272844379229002,55.55555555555556,0.9090909090760331,0.9460916442047542,1.2225633103536e-13,0.9963906898370612,0
1322,1500.7055555555555,0.974999999999909,0.9777777777778738,1.0305555555555657,0.9460916442047542,0.03565508463710315,0.9830711538647474,61.111111111111114,0.9999999999836364,0.948787061994693,3.5948957699538653e-10,0.9995460858461173,0
1323,1501.6833333333334,0.9777777777778738,1.0388888888887777,1.0236111111112223,0.955223880597005,0.037077403988667594,1.022286910616916,63.888888888888886,1.045454545437438,1.0149253731341095,3.274004356512705e-08,0.9986477715215012,0
1324,1502.7222222222222,1.0388888888887777,1.0305555555555657,1.0305555555555657,1.0080862533691546,0.037417430958724726,1.0316620308613746,61.111111111111114,0.9999999999836364,1.0,1.5201782888052406e-10,0.9984061106045088,0
1325,1503.7527777777777,1.0305555555555657,1.0138888888889142,1.029166666666697,1.0013495276652975,0.03876689363777327,1.0688690055885968,66.66666666666667,1.0909090908912398,0.985155195681507,1.8439797599967278e-07,0.9962564397092204,0
1326,1504.7666666666667,1.0138888888889142,0.9777777777778738,1.029166666666697,0.985155195681507,0.03727575669508685,1.0277558311357262,63.888888888888886,1.045454545437438,0.9500674763833311,2.3269755011767757e-09,0.998737711076511,0
1327,1505.7444444444445,0.9777777777778738,0.9888888888888232,1.0236111111112223,0.955223880597005,0.040258891145635606,1.1100059072828714,69.44444444444444,1.1363636363450413,0.966078697421812,3.784462023759261e-05,0.9966160579622976,0
1328,1506.7333333333333,0.9888888888888232,1.033333333333303,1.0208333333333712,0.968707482993097,0.037984121807602196,1.0472866586630107,63.888888888888886,1.045454545437438,1.0122448979591163,6.58026380051524e-08,0.9978735701304277,0
1329,1507.7666666666667,1.033333333333303,0.9777777777778738,1.0208333333333712,1.0122448979591163,0.03794799024834191,1.046290450295692,63.888888888888886,1.045454545437438,0.9578231292517592,1.2408335470226461e-09,0.9988913105108237,0
1330,1508.7444444444445,0.9777777777778738,0.8638888888888232,1.0013888888888687,0.976421636615927,0.03711880316944132,1.0234283562431572,58.333333333333336,0.9545454545298347,0.8626907073508533,2.89699958466727e-10,0.9971822316925636,0
1331,1509.6083333333333,0.8638888888888232,1.0138888888889142,0.9833333333333485,0.8785310734462474,0.03633495699189437,1.001816387738343,69.44444444444444,1.1363636363450413,1.0310734463276934,0.0012851835926994681,0.9908023337527605,0
1332,1510.6222222222223,1.0138888888889142,0.974999999999909,1.0013888888888687,1.0124826629681456,0.03755767084601052,1.0355286823983183,61.111111111111114,0.9999999999836364,0.973647711511718,3.417577609798883e-10,0.9982913068920682,0
1333,1511.5972222222222,0.974999999999909,0.9861111111110858,1.0013888888888687,0.973647711511718,0.03676566339443007,1.013691693727018,58.333333333333336,0.9545454545298347,0.9847434119278726,3.753560795516364e-10,0.9979689042768553,0
1334,1512.5833333333333,0.9861111111110858,1.038888888889005,0.9874999999999545,0.9985935302391202,0.0374753686054453,1.0332594700427287,63.888888888888886,1.045454545437438,1.0520393811534714,2.254682307523126e-08,0.9982983712444842,0
1335,1513.6222222222223,1.038888888889005,1.0027777777777374,0.9874999999999545,1.0520393811534714,0.036548362002726854,1.0077003258182795,58.333333333333336,0.9545454545298347,1.0154711673699073,6.351345664679098e-12,0.9974186766941576,0
1336,1514.625,1.0027777777777374,1.0,0.9874999999999545,1.0154711673699073,0.03944029619877494,1.087435856274754,66.66666666666667,1.0909090908912398,1.012658227848148,1.1623232012425433e-06,0.9951385521719236,0
1337,1515.625,1.0,0.9500000000000455,0.9944444444444116,1.005586592178804,0.03718658361464964,1.025297178072038,61.111111111111114,0.9999999999836364,0.9553072625699097,2.8426253018132286e-10,0.9988635655022087,0
1338,1516.575,0.9500000000000455,0.9777777777776464,0.9930555555555429,0.9566433566434146,0.03693185211692517,1.0182737986594674,66.66666666666667,1.0909090908912398,0.9846153846152649,4.753800624257565e-07,0.9967094332344775,0
1339,1517.5527777777777,0.9777777777776464,1.0,0.9819444444444798,0.9957567185288261,0.03732584216458067,1.0291367724737792,63.888888888888886,1.045454545437438,1.0183875530409816,2.5747658227714965e-08,0.9973981389666808,0
1340,1518.5527777777777,1.0,0.9916666666667879,0.9930555555555429,1.0069930069930197,0.03978509226843935,1.0969424686836975,69.44444444444444,1.1363636363450413,0.9986013986015334,9.28027384361485e-06,0.9945519442914348,0
1341,1519.5444444444445,0.9916666666667879,1.0111111111111768,0.995833333333394,0.9958158995816511,0.03664561256176684,1.0103816886663135,63.888888888888886,1.045454545437438,1.0153417015341744,4.361074168457435e-09,0.998208080863703,0
1342,1520.5555555555557,1.0111111111111768,1.0527777777776919,0.995833333333394,1.0153417015341744,0.03655355223217176,1.0078434292466167,63.888888888888886,1.045454545437438,1.05718270571812,1.8348754737829154e-09,0.9986475272371746,0
1343,1521.6083333333333,1.0527777777776919,1.0555555555554292,1.0,1.0527777777776919,0.03552136513218216,0.9793842803280596,58.333333333333336,0.9545454545298347,1.0555555555554292,1.3318731967998376e-12,0.998833422619863,0
1344,1522.6638888888888,1.0555555555554292,1.0694444444445708,1.0013888888888687,1.054091539528328,0.03692909854620472,1.0181978780446952,63.888888888888886,1.045454545437438,1.0679611650486913,3.8877651098445654e-10,0.997578816502612,0
1345,1523.7333333333333,1.0694444444445708,1.1222222222222626,1.0013888888888687,1.0679611650486913,0.03634758658493512,1.0021646070380525,58.333333333333336,0.9545454545298347,1.1206657420250283,7.416416439309792e-12,0.9982395251152725,0
1346,1524.8555555555556,1.1222222222222626,1.119444444444298,1.0055555555555884,1.1160220994475176,0.036789153827971634,1.0143393648191366,63.888888888888886,1.045454545437438,1.1132596685081053,1.4752345178781212e-11,0.998332495962781,0
1347,1525.975,1.119444444444298,1.1111111111113132,1.0319444444444343,1.0847913862717393,0.03663454605939942,1.010076566427443,63.888888888888886,1.045454545437438,1.0767160161509466,1.1996500147437583e-11,0.998027279104567,0
1348,1527.0861111111112,1.1111111111113132,1.0777777777775555,1.0541666666665606,1.054018445323091,0.03543077482211597,0.9768865518399027,61.111111111111114,0.9999999999836364,1.0223978919630015,3.707632074620437e-13,0.9990422127944648,0
1349,1528.1638888888888,1.0777777777775555,1.1083333333333485,1.0625,1.014379084967111,0.03677484573494054,1.0139448664279858,63.888888888888886,1.045454545437438,1.043137254901975,1.7471200874918935e-10,0.9985084983691817,0
1350,1529.2722222222221,1.1083333333333485,1.1194444444445253,1.073611111111063,1.0323415265201121,0.03671631954053166,1.0123311999886981,63.888888888888886,1.045454545437438,1.0426908150065903,4.784128995738435e-11,0.9976337438018237,0
1351,1530.3916666666667,1.1194444444445253,1.1666666666667425,1.093055555555452,1.0241423125795865,0.03576530249252325,0.986110047066296,61.111111111111114,0.9999999999836364,1.0673443456164349,4.140158268300942e-12,0.9976687938973015,0
1352,1531.5583333333334,1.1666666666667425,1.133333333333212,1.1097222222223309,1.0513141426783132,0.03804870040082788,1.0490672000024435,66.66666666666667,1.0909090908912398,1.0212765957444716,1.5405199338403008e-10,0.9957863035946312,0
1353,1532.6916666666666,1.133333333333212,1.125,1.1152777777778056,1.0161892901617589,0.03348987830656433,0.9233727431785179,52.77777777777778,0.8636363636222314,1.008717310087148,5.494702199443054e-16,0.9965799339527196,0
1354,1533.8166666666666,1.125,1.1138888888890506,1.1194444444444116,1.0049627791563571,0.03638632855294343,1.0032327888017634,61.111111111111114,0.9999999999836364,0.995037220843846,1.7560651283804463e-12,0.9988133046024523,0
1355,1534.9305555555557,1.1138888888890506,1.1444444444443889,1.1194444444444116,0.995037220843846,0.03505247446268722,0.9664561693394481,61.111111111111114,0.9999999999836364,1.0223325062034543,1.2257955067651594e-12,0.9988886357833849,0
1356,1536.075,1.1444444444443889,1.119444444444298,1.1194444444444116,1.0223325062034543,0.0374771420438266,1.0333083667466225,66.66666666666667,1.0909090908912398,0.9999999999998984,1.354511364182187e-10,0.9975215305600857,0
1357,1537.1944444444443,1.119444444444298,1.1027777777778738,1.1194444444444116,0.9999999999998984,0.03586858693854416,0.9889577744117641,61.111111111111114,0.9999999999836364,0.985111662531132,1.037600344186429e-12,0.9991174780399432,0
1358,1538.2972222222222,1.1027777777778738,1.0722222222223081,1.1194444444444116,0.985111662531132,0.03472083701880476,0.9573123625601193,55.55555555555556,0.9090909090760331,0.9578163771713207,4.430551181467367e-14,0.9965293028243969,0
1359,1539.3694444444445,1.0722222222223081,1.0972222222221717,1.1194444444444116,0.9578163771713207,0.03566755798805732,0.9834150653051458,58.333333333333336,0.9545454545298347,0.9801488833746734,2.8064946200334617e-12,0.9985134648378601,0
1360,1540.4666666666667,1.0972222222221717,1.0888888888889596,1.1194444444444116,0.9801488833746734,0.03811937025006532,1.0510156876007875,63.888888888888886,1.045454545437438,0.9727047146402903,5.713222672731888e-10,0.9975848733935366,0
1361,1541.5555555555557,1.0888888888889596,1.1111111111110858,1.1166666666666742,0.9751243781095095,0.036850756034497,1.0160378421293401,66.66666666666667,1.0909090908912398,0.9950248756218611,2.0474240081114203e-09,0.9975437785165837,0
1362,1542.6666666666667,1.1111111111110858,1.1277777777777374,1.1125000000000682,0.9987515605492294,0.03747062882176349,1.0331287861680283,63.888888888888886,1.045454545437438,1.0137328339574545,2.0963403235541023e-10,0.9967687169088333,0
1363,1543.7944444444445,1.1277777777777374,1.0611111111111313,1.1125000000000682,1.0137328339574545,0.03519312941105646,0.9703342648143989,61.111111111111114,0.9999999999836364,0.953807740324554,1.498453189871865e-13,0.9990845782904777,0
1364,1544.8555555555556,1.0611111111111313,1.0944444444444343,1.1069444444444798,0.9585947302383816,0.0371376712606008,1.0239485815163871,63.888888888888886,1.045454545437438,0.9887076537013395,9.864354888478033e-10,0.9987585923479537,0
1365,1545.95,1.0944444444444343,1.0694444444443434,1.1000000000000227,0.9949494949494652,0.03748730592453774,1.0335886021755982,61.111111111111114,0.9999999999836364,0.9722222222221103,1.5115183410463473e-11,0.9989462880360416,0
1366,1547.0194444444444,1.0694444444443434,1.1027777777778738,1.095833333333303,0.9759188846640666,0.03687930675559965,1.0168250339316798,61.111111111111114,0.9999999999836364,1.0063371356148176,6.549163988900375e-11,0.99852316745072,0
1367,1548.1222222222223,1.1027777777778738,1.086111111110995,1.095833333333303,1.0063371356148176,0.03840972779912991,1.0590213376699849,66.66666666666667,1.0909090908912398,0.9911280101393384,4.13634415608044e-09,0.9970402389530189,0
1368,1549.2083333333333,1.086111111110995,1.0472222222222172,1.091666666666697,0.9949109414756929,0.03696827612141325,1.0192780702376985,61.111111111111114,0.9999999999836364,0.9592875318065845,9.954975212222994e-12,0.9986952982873543,0
1369,1550.2555555555555,1.0472222222222172,1.0777777777777828,1.091666666666697,0.9592875318065845,0.03740745806227599,1.0313870611924194,61.111111111111114,0.9999999999836364,0.9872773536895446,2.537829946192005e-10,0.9993330838539669,0
1370,1551.3333333333333,1.0777777777777828,1.033333333333303,1.0874999999999773,0.9910600255428096,0.037555269245827715,1.035462466208205,66.66666666666667,1.0909090908912398,0.9501915708812181,2.6759070514970063e-09,0.9978151468387315,0
1371,1552.3666666666666,1.033333333333303,1.058333333333394,1.0819444444443889,0.9550706033376334,0.03696310288011467,1.019135435201367,63.888888888888886,1.045454545437438,0.9781771501926608,2.3641881785607666e-09,0.998577306647817,0
1372,1553.425,1.058333333333394,1.0694444444445708,1.073611111111063,0.9857697283312777,0.03747296881354512,1.0331933037100345,63.888888888888886,1.045454545437438,0.9961190168177559,1.1400479449363843e-09,0.9978345694289918,0
1373,1554.4944444444445,1.0694444444445708,1.0638888888888687,1.069444444444457,1.0000000000001064,0.03705279496288543,1.0216083980396107,63.888888888888886,1.045454545437438,0.9948051948051642,2.2994037229828734e-10,0.9982732143852624,0
1374,1555.5583333333334,1.0638888888888687,1.0527777777776919,1.069444444444457,0.9948051948051642,0.03865233815623354,1.0657105166783896,66.66666666666667,1.0909090908912398,0.9844155844154925,2.681467137222171e-08,0.9978222834566699,0
1375,1556.611111111111,1.0527777777776919,1.0805555555555202,1.066666666666606,0.9869791666666422,0.037411748394395684,1.0315053529252902,66.66666666666667,1.0909090908912398,1.0130208333333577,1.720596287668741e-08,0.9971997727967554,0
1376,1557.6916666666666,1.0805555555555202,1.0222222222223536,1.0666666666667197,1.0130208333332498,0.03602922130228728,0.9933867362533229,58.333333333333336,0.9545454545298347,0.9583333333334089,4.632953634446657e-13,0.9988407333058109,0
1377,1558.713888888889,1.0222222222223536,1.074999999999818,1.0611111111111313,0.9633507853404196,0.03523373918532345,0.9714539451644293,58.333333333333336,0.9545454545298347,1.0130890052354113,1.4417591252813278e-11,0.998391742981812,0
1378,1559.7888888888888,1.074999999999818,1.0888888888889596,1.0611111111111313,1.0130890052354113,0.038163653487359735,1.052236651556615,63.888888888888886,1.045454545437438,1.0261780104712512,7.399384438500078e-10,0.9984176328823912,0
1379,1560.8777777777777,1.0888888888889596,1.0694444444445708,1.0666666666667197,1.0208333333333488,0.038157406967633374,1.0520644244137676,66.66666666666667,1.0909090908912398,1.0026041666667351,6.933246421425565e-09,0.9957370345344989,0
1380,1561.9472222222223,1.0694444444445708,1.0944444444444343,1.0666666666667197,1.0026041666667351,0.035975246573349794,0.9918985614362901,61.111111111111114,0.9999999999836364,1.0260416666666061,1.3897668606210889e-11,0.9987099308795411,0
1381,1563.0416666666667,1.0944444444444343,1.0444444444444798,1.0694444444445708,1.0233766233764932,0.03684633707484552,1.0159160039172679,63.888888888888886,1.045454545437438,0.9766233766232943,2.6212811435333272e-11,0.9986569087591912,0
1382,1564.0861111111112,1.0444444444444798,1.0972222222221717,1.0694444444445708,0.9766233766232943,0.03787956346129852,1.0444038077262334,61.111111111111114,0.9999999999836364,1.0259740259738575,6.801138541234764e-10,0.9987548914986195,0
1383,1565.1833333333334,1.0972222222221717,1.0583333333331666,1.0722222222221944,1.0233160621761452,0.03715526922182642,1.0244337871532216,61.111111111111114,0.9999999999836364,0.9870466321242224,5.196290446540797e-12,0.9991324185483059,0
1384,1566.2416666666666,1.0583333333331666,1.0694444444445708,1.0722222222221944,0.9870466321242224,0.035143283580990815,0.9689599307418052,58.333333333333336,0.9545454545298347,0.9974093264250141,1.2751436191671406e-12,0.9989100452257927,0
1385,1567.3111111111111,1.0694444444445708,1.0972222222221717,1.0722222222221944,0.9974093264250141,0.03560822313139815,0.9817791026761403,58.333333333333336,0.9545454545298347,1.0233160621761452,2.0771459639107315e-12,0.9984136466082243,0
1386,1568.4083333333333,1.0972222222221717,1.0611111111111313,1.0722222222221944,1.0233160621761452,0.036447858109955156,1.0049292630416635,63.888888888888886,1.045454545437438,0.9896373056995263,1.91583623965208e-11,0.9982438650559,0
1387,1569.4694444444444,1.0611111111111313,0.7583333333334394,1.0722222222221944,0.9896373056995263,0.035297109495594475,0.9732011720935746,61.111111111111114,0.9999999999836364,0.70725388601048,1.207514231833795e-12,0.9985665727425069,0
1388,1570.2277777777779,0.7583333333334394,1.4138888888887777,1.0694444444445708,0.7090909090909245,0.038651642104289397,1.0656913253457971,133.33333333333334,2.1818181817824795,1.322077922077662,0.9546350240707397,0.23844385225058623,1
1389,1571.6416666666667,1.4138888888887777,1.099999999999909,1.0694444444445708,1.322077922077662,0.036614767535902995,1.0095312389906055,66.66666666666667,1.0909090908912398,1.028571428571222,3.74260283517006e-17,0.9974627031456638,0
1390,1572.7416666666666,1.099999999999909,1.1277777777779647,1.0819444444445026,1.0166880616173197,0.03373227104886681,0.9300559221777839,55.55555555555556,0.9090909090760331,1.0423620025675109,1.2594309276026117e-14,0.9987405927113471,0
1391,1573.8694444444445,1.1277777777779647,1.0583333333331666,1.0833333333333712,1.0410256410257772,0.03762559558804525,1.037401482735428,66.66666666666667,1.0909090908912398,0.9769230769228888,1.478883543404308e-10,0.9975482107337856,0
1392,1574.9277777777777,1.0583333333331666,1.1055555555556111,1.0833333333333712,0.9769230769228888,0.037238305621642556,1.0267232415244807,63.888888888888886,1.045454545437438,1.0205128205128362,1.567663221457849e-09,0.9979472785448917,0
1393,1576.0333333333333,1.1055555555556111,1.038888888889005,1.0833333333333712,1.0205128205128362,0.03594242284889812,0.9909935556846765,58.333333333333336,0.9545454545298347,0.9589743589744327,1.9260126534002137e-13,0.9981195172117254,0
1394,1577.0722222222223,1.038888888889005,1.0777777777777828,1.0833333333333712,0.9589743589744327,0.03706875571420127,1.0220484630225521,63.888888888888886,1.045454545437438,0.9948717948717647,2.7196644936111625e-09,0.998319257252129,0
1395,1578.15,1.0777777777777828,1.066666666666606,1.0874999999999773,0.9910600255428096,0.03627628925016999,1.0001988185995054,63.888888888888886,1.045454545437438,0.9808429118773594,8.94555332586755e-11,0.9977488149328677,0
1396,1579.2166666666667,1.066666666666606,1.0694444444443434,1.0722222222221944,0.9948186528497102,0.03830320437662827,1.0560843062496938,66.66666666666667,1.0909090908912398,0.9974093264248021,7.008129188079693e-08,0.9947366674539517,0
1397,1580.286111111111,1.0694444444443434,1.0805555555555202,1.073611111111063,0.9961190168175442,0.035534794090791244,0.9797545394921984,61.111111111111114,0.9999999999836364,1.0064683053040224,8.509712899618105e-12,0.9982996111113025,0
1398,1581.3666666666666,1.0805555555555202,1.0666666666668334,1.0791666666666515,1.0012870012869826,0.037371887739219956,1.030406327059099,63.888888888888886,1.045454545437438,0.9884169884171569,2.814264654649179e-10,0.9974944309893552,0
1399,1582.4333333333334,1.0666666666668334,1.0611111111111313,1.073611111111063,0.9935316946961894,0.03667442719278555,1.0111761569126254,63.888888888888886,1.045454545437438,0.9883570504528444,2.6554866638939245e-10,0.9973376461484855,0
1400,1583.4944444444445,1.0611111111111313,1.0249999999998636,1.0680555555555884,0.9934980494148128,0.03728358831194903,1.027971762094906,61.111111111111114,0.9999999999836364,0.9596879063717544,5.73569004791441e-11,0.9978335354712535,0
1401,1584.5194444444444,1.0249999999998636,1.0111111111111768,1.0666666666667197,0.9609374999998244,0.03640202797819402,1.0036656485818816,61.111111111111114,0.9999999999836364,0.9479166666666811,4.2580822201543356e-10,0.9957269520408469,0
1402,1585.5305555555556,1.0111111111111768,0.9805555555556111,1.0666666666667197,0.9479166666666811,0.03605830655032866,0.994188665869912,58.333333333333336,0.9545454545298347,0.9192708333333397,2.904722296026563e-11,0.9978571153622299,0
1403,1586.5111111111112,0.9805555555556111,1.0138888888889142,1.0638888888888687,0.9216710182768322,0.0377299410134015,1.0402784630805744,69.44444444444444,1.1363636363450413,0.9530026109660993,1.6136085832840763e-05,0.9957395870491975,0
1404,1587.525,1.0138888888889142,0.9805555555553838,1.0638888888888687,0.9530026109660993,0.036396593864431524,1.0035158208492845,61.111111111111114,0.9999999999836364,0.9216710182766185,2.898409012797032e-10,0.9975856575612834,0
1405,1588.5055555555555,0.9805555555553838,1.0111111111111768,1.0430555555554974,0.9400798934752539,0.036871065724836366,1.0165978147368873,61.111111111111114,0.9999999999836364,0.9693741677764153,2.3656991920972814e-09,0.999212787094825,0
1406,1589.5166666666667,1.0111111111111768,1.1055555555556111,1.0194444444443889,0.9918256130791376,0.03778626408579687,1.0418313857094919,63.888888888888886,1.045454545437438,1.08446866485025,7.639022214789293e-08,0.996615191253305,0
1407,1590.6222222222223,1.1055555555556111,1.099999999999909,1.0194444444443889,1.08446866485025,0.03432564003787504,0.9464161115484989,55.55555555555556,0.9090909090760331,1.0790190735694518,1.1899832891802947e-14,0.9980651873489632,0
1408,1591.7222222222222,1.099999999999909,1.1416666666666515,1.0194444444443889,1.0790190735694518,0.03858722371011876,1.063915200966007,63.888888888888886,1.045454545437438,1.119891008174433,1.4771506240407462e-09,0.9965639652413754,0
1409,1592.8638888888888,1.1416666666666515,1.0750000000000455,1.0194444444443889,1.119891008174433,0.03594512797794324,0.9910681406803036,58.333333333333336,0.9545454545298347,1.0544959128066416,2.8798381593916206e-14,0.9988372750549392,0
1410,1593.9388888888889,1.0750000000000455,1.0499999999999545,1.0194444444443889,1.0544959128066416,0.03596016162914906,0.9914826439408658,58.333333333333336,0.9545454545298347,1.0299727520436084,6.301315263849971e-13,0.9986804513257586,0
1411,1594.9888888888888,1.0499999999999545,1.1027777777778738,1.0319444444444343,1.0174966352624155,0.03699993509753584,1.0201509619024858,63.888888888888886,1.045454545437438,1.068640646029713,1.0723699706005618e-09,0.9982550720162102,0
1412,1596.0916666666667,1.1027777777778738,1.0305555555555657,1.0625,1.0379084967321166,0.03572813292686257,0.985085219102077,58.333333333333336,0.9545454545298347,0.9699346405228854,1.4102006238095321e-13,0.9978887246517472,0
1413,1597.1222222222223,1.0305555555555657,1.086111111110995,1.0625,0.9699346405228854,0.03557216190342796,0.9807848334617703,58.333333333333336,0.9545454545298347,1.022222222222113,2.25959511518381e-11,0.9974226318995303,0
1414,1598.2083333333333,1.086111111110995,1.0,1.0805555555555202,1.0051413881747326,0.036876617858718305,1.0167508964843375,61.111111111111114,0.9999999999836364,0.9254498714653259,4.53154180846127e-12,0.9988427058494966,0
1415,1599.2083333333333,1.0,1.038888888889005,1.0805555555555202,0.9254498714653259,0.03671086697689663,1.0121808635618248,58.333333333333336,0.9545454545298347,0.9614395886890851,4.78431350092734e-10,0.9973142631177605,0
1416,1600.2472222222223,1.038888888889005,1.041666666666515,1.0805555555555202,0.9614395886890851,0.0376590981171731,1.038325204283205,58.333333333333336,0.9545454545298347,0.9640102827762409,1.0564186331274428e-10,0.9976416843840905,0
1417,1601.2888888888888,1.041666666666515,0.9888888888890506,1.0625,0.9803921568626024,0.036588123506553695,1.0087966179136227,63.888888888888886,1.045454545437438,0.9307189542485181,3.905312462304522e-10,0.99808844267757,0
1418,1602.2777777777778,0.9888888888890506,1.0305555555555657,1.0458333333332348,0.9455511288183047,0.03638986853028291,1.0033303919807544,58.333333333333336,0.9545454545298347,0.9853917662683628,2.2593074633370236e-10,0.9985921851024144,0
1419,1603.3083333333334,1.0305555555555657,0.9833333333333485,1.04027777777776,0.9906542056075032,0.036363302943261316,1.0025979336917834,58.333333333333336,0.9545454545298347,0.9452603471295367,9.08707917940399e-12,0.9977026275709846,0
1420,1604.2916666666667,0.9833333333333485,1.0166666666666515,1.0347222222222854,0.9503355704697553,0.03517120009358909,0.9697296363400723,55.55555555555556,0.9090909090760331,0.9825503355703952,1.1346971973136277e-11,0.9982575567531575,0
1421,1605.3083333333334,1.0166666666666515,1.0611111111111313,1.0305555555555657,0.9865229110511885,0.03556764370333245,0.9806602590223461,55.55555555555556,0.9090909090760331,1.029649595687341,9.588774219082552e-12,0.9961705938603332,0
1422,1606.3694444444445,1.0611111111111313,1.0638888888888687,1.0305555555555657,1.029649595687341,0.03755581157225045,1.0354774190674563,61.111111111111114,0.9999999999836364,1.0323450134770593,7.139897006958051e-11,0.9986399905888381,0
1423,1607.4333333333334,1.0638888888888687,1.0694444444443434,1.0347222222222854,1.028187919463005,0.03505874358069919,0.9666290195553562,58.333333333333336,0.9545454545298347,1.033557046979705,5.937766554484081e-13,0.9989231726187553,0
1424,1608.5027777777777,1.0694444444443434,1.0222222222223536,1.0347222222222854,1.033557046979705,0.0375268589932475,1.0346791473612613,63.888888888888886,1.045454545437438,0.9879194630873149,2.9382010713341344e-10,0.9970133031436738,0
1425,1609.525,1.0222222222223536,0.9944444444442979,1.0347222222222854,0.9879194630873149,0.037500108756013686,1.0339415979527755,61.111111111111114,0.9999999999836364,0.9610738255031555,2.1567880814643559e-10,0.999541685202596,0
1426,1610.5194444444444,0.9944444444442979,1.0499999999999545,1.0263888888889596,0.9688768606222532,0.03582583829525338,0.9877791218152622,55.55555555555556,0.9090909090760331,1.023004059539804,1.693411209868767e-11,0.9984895123738319,0
1427,1611.5694444444443,1.0499999999999545,1.038888888889005,1.0263888888889596,1.023004059539804,0.03546559320383751,0.9778465536753514,58.333333333333336,0.9545454545298347,1.012178619756471,2.4065185608157513e-12,0.9971820186965349,0
1428,1612.6083333333333,1.038888888889005,1.0111111111111768,1.0347222222222854,1.004026845637635,0.03453638086770213,0.9522265936397108,52.77777777777778,0.8636363636222314,0.9771812080536951,5.4000877933776253e-14,0.9968081474877855,0
1429,1613.6194444444445,1.0111111111111768,1.0833333333332575,1.0305555555556793,0.981132075471644,0.03687325436616702,1.0166581592902721,58.333333333333336,0.9545454545298347,1.051212938005191,2.6885471626769686e-10,0.997712437469833,0
1430,1614.7027777777778,1.0833333333332575,1.025000000000091,1.0444444444444798,1.0372340425530837,0.038070885065204604,1.049678868824125,63.888888888888886,1.045454545437438,0.9813829787234581,1.8728994743977267e-10,0.9981642997202912,0
1431,1615.7277777777779,1.025000000000091,1.0722222222220807,1.0444444444444798,0.9813829787234581,0.03859522432395785,1.0641357914584564,63.888888888888886,1.045454545437438,1.0265957446806808,3.014383054278369e-08,0.9979783885448308,0
1432,1616.8,1.0722222222220807,1.0444444444444798,1.0444444444444798,1.0265957446806808,0.03697310180124421,1.0194111224149094,61.111111111111114,0.9999999999836364,1.0,1.046423191153334e-11,0.9994526463172088,0
1433,1617.8444444444444,1.0444444444444798,1.0777777777777828,1.0416666666667425,1.0026666666666277,0.03708332296008536,1.022450106697379,61.111111111111114,0.9999999999836364,1.0346666666665962,1.5110089568448615e-10,0.9986806037733931,0
1434,1618.9222222222222,1.0777777777777828,1.0805555555555202,1.0416666666667425,1.0346666666665962,0.03620641751140711,0.9982723362605268,58.333333333333336,0.9545454545298347,1.037333333333224,2.2587019060660296e-12,0.9975927356708052,0
1435,1620.0027777777777,1.0805555555555202,1.0611111111111313,1.0472222222222172,1.0318302387267617,0.03681484641018619,1.0150477528849762,61.111111111111114,0.9999999999836364,1.0132625994695201,7.270834108397128e-12,0.9993206082772901,0
1436,1621.0638888888889,1.0611111111111313,1.0166666666666515,1.055555555555543,1.005263157894768,0.036513378805751465,1.0067357797467582,58.333333333333336,0.9545454545298347,0.9631578947368393,1.8466415462742303e-12,0.9991999823563333,0
1437,1622.0805555555555,1.0166666666666515,1.0305555555555657,1.0527777777778056,0.9656992084432319,0.036016271218344144,0.9930296804758876,58.333333333333336,0.9545454545298347,0.9788918205804586,3.094509024026415e-11,0.9979444828469691,0
1438,1623.111111111111,1.0305555555555657,0.9972222222222626,1.0527777777778056,0.9788918205804586,0.0366583777152375,1.0107336455969835,63.888888888888886,1.045454545437438,0.9472295514512007,1.0551525209123724e-09,0.9975021733746504,0
1439,1624.1083333333333,0.9972222222222626,1.0194444444443889,1.0527777777778056,0.9472295514512007,0.03556030071723261,0.9804578004419934,61.111111111111114,0.9999999999836364,0.968337730870634,2.053430064874462e-10,0.9993306802966291,0
1440,1625.1277777777777,1.0194444444443889,1.0305555555555657,1.0375000000000227,0.9825970548861364,0.036795693155199205,1.0145196651613888,63.888888888888886,1.045454545437438,0.9933065595716077,3.3815088507083146e-09,0.9970563137784322,0
1441,1626.1583333333333,1.0305555555555657,0.9916666666667879,1.0375000000000227,0.9933065595716077,0.036575476572441756,1.0084479204911705,61.111111111111114,0.9999999999836364,0.9558232931727867,5.425948926274238e-11,0.9985946344855738,0
1442,1627.15,0.9916666666667879,0.9805555555553838,1.0305555555555657,0.9622641509435045,0.035727682339113165,0.9850727956336368,58.333333333333336,0.9545454545298347,0.9514824797841905,2.625664616284773e-11,0.9991305018884625,0
1443,1628.1305555555555,0.9805555555553838,1.0472222222222172,1.0249999999999773,0.9566395663955176,0.037908226977471544,1.045194109479962,61.111111111111114,0.9999999999836364,1.0216802168021857,1.3782489816094312e-08,0.9988077028638598,0
1444,1629.1777777777777,1.0472222222222172,1.0083333333334394,1.0249999999999773,1.0216802168021857,0.03567531828843695,0.9836290299479503,58.333333333333336,0.9545454545298347,0.9837398373984994,1.2875466751799403e-12,0.9986560363913957,0
1445,1630.1861111111111,1.0083333333334394,1.0472222222222172,1.0180555555555202,0.9904502046386107,0.03749359896736324,1.0337621120391915,63.888888888888886,1.045454545437438,1.0286493860846146,1.3638453921771543e-08,0.9973914602755358,0
1446,1631.2333333333333,1.0472222222222172,1.008333333333212,1.0180555555555202,1.0286493860846146,0.036856656452137794,1.016200526650705,63.888888888888886,1.045454545437438,0.9904502046383873,3.1169375414030753e-10,0.9972092718782661,0
1447,1632.2416666666666,1.008333333333212,0.9861111111113132,1.0138888888889142,0.9945205479450611,0.03715121257302952,1.0243219384658835,63.888888888888886,1.045454545437438,0.9726027397262025,7.695658332806943e-09,0.9960962768367068,0
1448,1633.2277777777779,0.9861111111113132,1.0055555555554747,1.0083333333333258,0.9779614325070949,0.035852727203953,0.9885204946312446,61.111111111111114,0.9999999999836364,0.9972451790632882,3.9424563613721375e-10,0.9983876418888217,0
1449,1634.2333333333333,1.0055555555554747,0.9944444444445253,1.0083333333333258,0.9972451790632882,0.03749535000346122,1.0338103910741403,63.888888888888886,1.045454545437438,0.986225895316892,8.474157375815139e-09,0.9972630263005029,0
1450,1635.2277777777779,0.9944444444445253,1.0361111111110404,1.0069444444443434,0.9875862068967312,0.036232945297637646,0.999003752317579,58.333333333333336,0.9545454545298347,1.0289655172414123,1.0052596255416546e-10,0.9982797879123273,0
1451,1636.263888888889,1.0361111111110404,1.0166666666666515,1.0069444444443434,1.0289655172414123,0.03819906514768803,1.0532130110894424,66.66666666666667,1.0909090908912398,1.0096551724138794,3.520757729802426e-08,0.9967923140637694,0
1452,1637.2805555555556,1.0166666666666515,1.066666666666606,1.0083333333333258,1.00826446280991,0.03675155503503916,1.013302702331072,63.888888888888886,1.045454545437438,1.0578512396693693,2.452059000290774e-09,0.9985843502465006,0
1453,1638.3472222222222,1.066666666666606,1.0472222222222172,1.0125000000000455,1.0534979423867241,0.03598618160909128,0.9922000589173183,61.111111111111114,0.9999999999836364,1.0342935528120198,3.862947722116372e-12,0.9991936505609882,0
1454,1639.3944444444444,1.0472222222222172,1.083333333333485,1.0125000000000455,1.0342935528120198,0.03633407833909295,1.0017921617904275,63.888888888888886,1.045454545437438,1.0699588477367272,2.996460579662852e-10,0.9986271272332129,0
1455,1640.4777777777779,1.083333333333485,1.0527777777776919,1.026388888888846,1.0554803788905842,0.03561928718501735,0.9820841573988692,55.55555555555556,0.9090909090760331,1.025710419485751,9.396129030002018e-14,0.9974369321026824,0
1456,1641.5305555555556,1.0527777777776919,1.0611111111111313,1.026388888888846,1.025710419485751,0.03918131173157745,1.080295215280848,66.66666666666667,1.0909090908912398,1.033829499323473,1.093993020617745e-07,0.9964879706252763,0
1457,1642.5916666666667,1.0611111111111313,1.1055555555556111,1.0416666666666288,1.0186666666667232,0.03646622514971153,1.0054356734779353,61.111111111111114,0.9999999999836364,1.0613333333334254,5.684209353207237e-11,0.9981118901799491,0
1458,1643.6972222222223,1.1055555555556111,1.0499999999999545,1.0499999999999545,1.0529100529101514,0.032796529445254005,0.9042559391642636,52.77777777777778,0.8636363636222314,1.0,2.418334386250395e-16,0.9954027217911194,0
1459,1644.7472222222223,1.0499999999999545,1.099999999999909,1.0513888888888232,0.9986789960370073,0.034404712410307986,0.94859627096188,55.55555555555556,0.9090909090760331,1.046235138705395,3.628908425926808e-13,0.997936568968063,0
1460,1645.8472222222222,1.099999999999909,1.033333333333303,1.0569444444444116,1.0407358738501433,0.035969601724388435,0.9917429233768571,58.333333333333336,0.9545454545298347,0.9776609724047323,1.9627191311013398e-13,0.998174192219998,0
1461,1646.8805555555555,1.033333333333303,1.1027777777778738,1.0569444444444116,0.9776609724047323,0.03632802254936084,1.0016251933969966,61.111111111111114,0.9999999999836364,1.0433639947438815,2.531424236895674e-10,0.9984017537117456,0
1462,1647.9833333333333,1.1027777777778738,1.0305555555555657,1.0638888888888687,1.0365535248042874,0.03549497559452912,0.9786566760187562,58.333333333333336,0.9545454545298347,0.9686684073107329,8.549563644934602e-14,0.998504873744869,0
1463,1649.013888888889,1.0305555555555657,1.0277777777778283,1.0569444444444116,0.9750328515112093,0.035775618324042004,0.9863944720367437,58.333333333333336,0.9545454545298347,0.9724047306176864,5.195507652572262e-12,0.9994031913019803,0
1464,1650.0416666666667,1.0277777777778283,1.0444444444444798,1.0569444444444116,0.9724047306176864,0.037317556366863396,1.0289083189781412,61.111111111111114,0.9999999999836364,0.9881734559790392,3.4520378222602233e-10,0.999138798823626,0
1465,1651.0861111111112,1.0444444444444798,1.0166666666666515,1.0513888888888232,0.9933949801850362,0.0349811773872938,0.964490388052219,58.333333333333336,0.9545454545298347,0.9669749009247488,8.745340064099383e-13,0.9989524534894791,0
1466,1652.1027777777779,1.0166666666666515,1.0305555555555657,1.0472222222222172,0.970822281167099,0.03677050289446844,1.013825126950786,58.333333333333336,0.9545454545298347,0.9840848806366191,6.427418319798761e-11,0.998276165042625,0
1467,1653.1333333333334,1.0305555555555657,0.9694444444444343,1.0388888888888914,0.9919786096256757,0.03638306221544511,1.0031427303372815,61.111111111111114,0.9999999999836364,0.9331550802138917,4.8220285403521856e-11,0.9978614999379871,0
1468,1654.1027777777779,0.9694444444444343,1.0361111111110404,1.0319444444444343,0.9394347240915203,0.03557575261457376,0.9808838354578452,55.55555555555556,0.9090909090760331,1.0040376850605066,4.9735493501401606e-11,0.9987821273545006,0
1469,1655.138888888889,1.0361111111110404,1.0027777777777374,1.0319444444444343,1.0040376850605066,0.03643232427264971,1.0045009688020272,58.333333333333336,0.9545454545298347,0.9717362045760134,6.420235003357089e-12,0.9985035814719443,0
1470,1656.1416666666667,1.0027777777777374,0.9888888888888232,1.0305555555555657,0.9730458221023771,0.03756414766980209,1.0357072594148353,61.111111111111114,0.9999999999836364,0.9595687331535656,1.0660947680207755e-09,0.9987523888864788,0
1471,1657.1305555555555,0.9888888888888232,0.9944444444445253,1.029166666666697,0.9608636977057109,0.033697603669643694,0.9291000837373145,52.77777777777778,0.8636363636222314,0.9662618083671216,5.608719326651024e-13,0.995702753942507,0
1472,1658.125,0.9944444444445253,0.9472222222223081,1.02222222222224,0.972826086956584,0.03714790125281846,1.0242306397517216,61.111111111111114,0.9999999999836364,0.9266304347826767,6.24436224949676e-10,0.9987768144579603,0
1473,1659.0722222222223,0.9472222222223081,0.9722222222221717,1.0097222222221944,0.9381017881706748,0.03662417154357545,1.009790523431173,61.111111111111114,0.9999999999836364,0.9628610729023148,5.963827653943099e-09,0.9991420078010065,0
1474,1660.0444444444445,0.9722222222221717,0.9138888888887777,0.9986111111111313,0.9735744089011814,0.03651602116249201,1.0068086340034874,61.111111111111114,0.9999999999836364,0.9151599443670468,5.206782227595852e-10,0.9990003135602165,0
1475,1660.9583333333333,0.9138888888887777,0.9916666666667879,0.9916666666666742,0.9215686274508612,0.036674832646342165,1.0111873359548238,61.111111111111114,0.9999999999836364,1.0000000000001146,5.0503377480026757e-08,0.9995705389513223,0
1476,1661.95,0.9916666666667879,0.9611111111109949,0.9902777777778056,1.001402524544274,0.03719743577169153,1.0255963904467573,61.111111111111114,0.9999999999836364,0.9705469845720854,5.29856103437254e-10,0.9988368390835033,0
1477,1662.911111111111,0.9611111111109949,0.9916666666667879,0.9805555555554974,0.9801699716713277,0.03663527383097323,1.0100966323240212,61.111111111111114,0.9999999999836364,1.0113314447593904,2.0619832508117497e-09,0.9992082506623958,0
1478,1663.9027777777778,0.9916666666667879,0.6861111111111313,0.9902777777778056,1.001402524544274,0.03632476128638636,1.0015352748457433,61.111111111111114,0.9999999999836364,0.6928471248246854,4.8667955082626335e-11,0.9992771497183798,0
1479,1664.588888888889,0.6861111111111313,1.099999999999909,0.9805555555554974,0.6997167138810819,0.03755064243911217,1.0353348973000718,108.33333333333333,1.7727272726982644,1.1218130311614467,0.9438201189041138,0.23770949000742575,1
1480,1665.6888888888889,1.099999999999909,1.033333333333303,0.9805555555554974,1.1218130311614467,0.03536269290314102,0.9750094178679816,58.333333333333336,0.9545454545298347,1.0538243626062638,1.1546221877906104e-13,0.9978444707082208,0
1481,1666.7222222222222,1.033333333333303,1.033333333333303,0.9819444444444798,1.0523338048089836,0.03660564235592702,1.0092796423025172,61.111111111111114,0.9999999999836364,1.0523338048089836,6.877919761505424e-11,0.9979586456629594,0
1482,1667.7555555555555,1.033333333333303,0.9611111111112223,0.9819444444444798,1.0523338048089836,0.03718123794605698,1.0251497889227748,61.111111111111114,0.9999999999836364,0.9787835926450568,4.7841106076695894e-11,0.9980390946648507,0
1483,1668.7166666666667,0.9611111111112223,0.9777777777776464,0.9819444444444798,0.9787835926450568,0.035748106099016595,0.9856359133325253,58.333333333333336,0.9545454545298347,0.9957567185288261,1.3434321710636965e-10,0.9988560032240266,0
1484,1669.6944444444443,0.9777777777776464,0.8861111111111768,0.9847222222222172,0.9929478138221566,0.038363521642975525,1.05774735557995,63.888888888888886,1.045454545437438,0.899858956276517,1.67034279741074e-08,0.998898803276127,0
1485,1670.5805555555555,0.8861111111111768,0.9500000000000455,0.9847222222222172,0.899858956276517,0.0368490942866204,1.015992024922086,61.111111111111114,0.9999999999836364,0.9647390691114757,1.8475635954473546e-07,0.9989919835083589,0
1486,1671.5305555555556,0.9500000000000455,0.966666666666697,0.9694444444444343,0.9799426934097992,0.03644726016588697,1.0049127767096007,61.111111111111114,0.9999999999836364,0.9971346704871477,3.6585359186602773e-09,0.9978131489816082,0
1487,1672.4972222222223,0.966666666666697,0.9194444444444798,0.9722222222221717,0.9942857142857972,0.038414467990811565,1.059152032793933,66.66666666666667,1.0909090908912398,0.9457142857143712,2.868931971988786e-07,0.9965712436462489,0
1488,1673.4166666666667,0.9194444444444798,0.9805555555553838,0.9638888888889596,0.9538904899135113,0.03555698892766783,0.9803664887869533,58.333333333333336,0.9545454545298347,1.017291066282168,1.8360589715271658e-09,0.9983866071285179,0
1489,1674.3972222222221,0.9805555555553838,0.9416666666668334,0.9722222222221717,1.0085714285713043,0.03661421940933349,1.009516126211471,61.111111111111114,0.9999999999836364,0.9685714285716505,3.628948530565168e-10,0.9985133764300986,0
1490,1675.338888888889,0.9416666666668334,0.9555555555555202,0.9638888888889596,0.9769452449568736,0.036714520579250454,1.0122815995751675,63.888888888888886,1.045454545437438,0.9913544668586802,2.952388911126036e-08,0.9980867193310239,0
1491,1676.2944444444445,0.9555555555555202,0.974999999999909,0.9583333333333712,0.997101449275286,0.03742659044871485,1.0319145735347424,61.111111111111114,0.9999999999836364,1.017391304347691,4.125975117119651e-09,0.9994758160667112,0
1492,1677.2694444444444,0.974999999999909,1.005555555555702,0.9583333333333712,1.017391304347691,0.03480589219868406,0.9596574781215365,55.55555555555556,0.9090909090760331,1.049275362318952,4.373654216571765e-12,0.9990227488829236,0
1493,1678.275,1.005555555555702,0.9694444444444343,0.9611111111111086,1.0462427745666292,0.03553346478763212,0.9797178883496257,61.111111111111114,0.9999999999836364,1.008670520231206,2.61269079288029e-11,0.9980263500085832,0
1494,1679.2444444444445,0.9694444444444343,0.9777777777776464,0.9611111111111086,1.008670520231206,0.035883919363396674,0.9893805153684808,61.111111111111114,0.9999999999836364,1.0173410404622938,2.5912430534624775e-10,0.999597717385848,0
1495,1680.2222222222222,0.9777777777776464,0.9805555555556111,0.9680555555555657,1.0100430416067403,0.0352456706450436,0.9717829157444675,58.333333333333336,0.9545454545298347,1.012912482066044,2.3830963244431125e-11,0.9985149783664615,0
1496,1681.2027777777778,0.9805555555556111,0.9805555555556111,0.9722222222221717,1.0085714285715381,0.035510893412061456,0.9790955572444717,55.55555555555556,0.9090909090760331,1.0085714285715381,6.5684263583776215e-12,0.99834100783441,0
1497,1682.1833333333334,0.9805555555556111,0.9944444444442979,0.9763888888887777,1.0042674253202282,0.03422456802839291,0.94362938483066,55.55555555555556,0.9090909090760331,1.018492176386879,1.7303807041749164e-12,0.9984197439536852,0
1498,1683.1777777777777,0.9944444444442979,1.005555555555702,0.9791666666665151,1.0156028368794403,0.03675374292673026,1.013363026215623,61.111111111111114,0.9999999999836364,1.0269503546102376,3.462033992818192e-10,0.9990349438432701,0
1499,1684.1833333333334,1.005555555555702,0.9777777777776464,0.9791666666666288,1.0269503546101184,0.03498883874623105,0.9647016247116539,58.333333333333336,0.9545454545298347,0.9985815602835925,3.025551597451992e-12,0.9985116258355764,0
1500,1685.161111111111,0.9777777777776464,1.025000000000091,0.9791666666666288,0.9985815602835925,0.03664793159625934,1.010445628380315,61.111111111111114,0.9999999999836364,1.0468085106384313,1.2480871891540346e-09,0.9990550869771817,0
1501,1686.1861111111111,1.025000000000091,1.0027777777777374,0.9805555555556111,1.0453257790368606,0.03551576166963963,0.9792297833623843,61.111111111111114,0.9999999999836364,1.0226628895183143,8.410893509447348e-12,0.9995524655819654,0
1502,1687.1888888888889,1.0027777777777374,0.9694444444444343,0.9874999999999545,1.0154711673699073,0.0371998207854146,1.0256621493200453,63.888888888888886,1.045454545437438,0.9817158931083332,2.955931721615457e-09,0.9977673034391701,0
1503,1688.1583333333333,0.9694444444444343,1.0111111111111768,0.9805555555556111,0.9886685552407268,0.036178129547932404,0.9974923891316222,63.888888888888886,1.045454545437438,1.0311614730878271,1.0561517882479166e-08,0.9976263123211523,0
1504,1689.1694444444445,1.0111111111111768,0.9722222222221717,0.9874999999999545,1.0239099859354162,0.03841939698142984,1.0592879334247634,66.66666666666667,1.0909090908912398,0.9845288326300926,1.2315211961322348e-07,0.9961712286507288,0
1505,1690.1416666666667,0.9722222222221717,0.9805555555556111,0.9874999999999545,0.9845288326300926,0.03669228970992462,1.0116686568046764,61.111111111111114,0.9999999999836364,0.9929676511956013,8.665950734787486e-10,0.9994434663674183,0
1506,1691.1222222222223,0.9805555555556111,0.9888888888888232,0.9874999999999545,0.9929676511956013,0.036927250537402305,1.018146925307821,61.111111111111114,0.9999999999836364,1.0014064697608798,1.2210790156785833e-09,0.998342702623626,0
1507,1692.111111111111,0.9888888888888232,0.9194444444444798,0.9916666666665606,0.9971988795518612,0.03609766562625345,0.9952738623454848,61.111111111111114,0.9999999999836364,0.9271708683474738,7.665194867723102e-11,0.9994828602759495,0
1508,1693.0305555555556,0.9194444444444798,0.9527777777777828,0.9847222222222172,0.9337094499295189,0.03639003408324294,1.0033349565566374,63.888888888888886,1.045454545437438,0.9675599435825206,8.820141061960385e-08,0.9985435227743833,0
1509,1693.9833333333333,0.9527777777777828,1.008333333333212,0.9791666666666288,0.9730496453901137,0.037023787953985664,1.020808625608848,61.111111111111114,0.9999999999836364,1.0297872340424692,8.382494698366827e-09,0.9989293087083694,0
1510,1694.9916666666666,1.008333333333212,0.9611111111112223,0.9847222222222172,1.0239774330041134,0.035566954920055446,0.9806412680992344,61.111111111111114,0.9999999999836364,0.9760225669958866,1.5082267032506813e-11,0.9993314822740256,0
1511,1695.9527777777778,0.9611111111112223,0.9722222222221717,0.9763888888888914,0.9843527738265694,0.034682905209378556,0.9562665182425324,55.55555555555556,0.9090909090760331,0.9957325746798887,8.878117858934775e-12,0.9979154636970979,0
1512,1696.925,0.9722222222221717,0.9500000000000455,0.9722222222221717,1.0,0.035130480845953674,0.9686069376236094,58.333333333333336,0.9545454545298347,0.9771428571429547,1.5350724164031604e-11,0.9990984713253845,0
1513,1697.875,0.9500000000000455,0.9777777777778738,0.9722222222221717,0.9771428571429547,0.03569609587249641,0.9842019031789004,55.55555555555556,0.9090909090760331,1.0057142857144368,6.066722124664636e-11,0.9982394327722943,0
1514,1698.8527777777779,0.9777777777778738,0.936111111110904,0.9722222222221717,1.0057142857144368,0.03640585068179622,1.0037710470034347,58.333333333333336,0.9545454545298347,0.9628571428569798,3.974004111895191e-11,0.9991479580585083,0
1515,1699.7888888888888,0.936111111110904,0.9722222222223991,0.966666666666697,0.9683908045974565,0.036528140786725546,1.0071427925982834,61.111111111111114,0.9999999999836364,1.005747126436933,6.4298526503137055e-09,0.9990038902211993,0
1516,1700.7611111111112,0.9722222222223991,0.9277777777776919,0.966666666666697,1.005747126436933,0.03507825925800317,0.967167099876885,61.111111111111114,0.9999999999836364,0.9597701149424098,5.800622482343698e-11,0.9989123798262698,0
1517,1701.6888888888889,0.9277777777776919,0.9555555555555202,0.9569444444445026,0.9695210449925945,0.03623133096053548,0.9989592423057838,58.333333333333336,0.9545454545298347,0.9985486211900331,1.3246650443221597e-09,0.9986647752576077,0
1518,1702.6444444444444,0.9555555555555202,0.9416666666668334,0.9583333333333712,0.997101449275286,0.03644268811130753,1.0047867174107181,61.111111111111114,0.9999999999836364,0.982608695652309,1.4184202701272852e-09,0.9981318536364086,0
1519,1703.5861111111112,0.9416666666668334,0.9916666666665606,0.9583333333333712,0.982608695652309,0.035768199898343726,0.9861899334587177,58.333333333333336,0.9545454545298347,1.0347826086955005,1.1080452111400518e-09,0.9969248889919539,0
1520,1704.5777777777778,0.9916666666665606,0.9444444444443434,0.9583333333333712,1.0347826086955005,0.03684629780147512,1.0159149210838392,61.111111111111114,0.9999999999836364,0.9855072463766672,2.2062468518768696e-10,0.9983170672220936,0
1521,1705.5222222222221,0.9444444444443434,0.9722222222223991,0.9527777777777828,0.9912536443147575,0.03428669092781756,0.945342218527183,55.55555555555556,0.9090909090760331,1.0204081632654862,7.883870639657786e-12,0.9991588441991299,0
1522,1706.4944444444445,0.9722222222223991,0.9555555555555202,0.9527777777777828,1.0204081632654862,0.03598788575363657,0.9922470450726322,61.111111111111114,0.9999999999836364,1.0029154518950012,1.76852060773669e-10,0.9992652970868451,0
1523,1707.45,0.9555555555555202,0.9722222222221717,0.9555555555555202,1.0,0.03874707686980245,1.0683226236867385,66.66666666666667,1.0909090908912398,1.017441860465101,6.388597171280708e-07,0.9971641885678798,0
1524,1708.4222222222222,0.9722222222221717,0.9694444444444343,0.9555555555555202,1.017441860465101,0.03718340796385406,1.0252096199937537,61.111111111111114,0.9999999999836364,1.0145348837209571,1.0105545289462725e-09,0.999263100281493,0
1525,1709.3916666666667,0.9694444444444343,0.9444444444445708,0.9624999999999773,1.0072150072150206,0.036006085839797086,0.9927488523151156,61.111111111111114,0.9999999999836364,0.9812409812411357,3.300397455330284e-10,0.9982806112087769,0
1526,1710.3361111111112,0.9444444444445708,0.9861111111110858,0.9555555555555202,0.9883720930234245,0.03720225860422628,1.0257293641191827,63.888888888888886,1.045454545437438,1.0319767441860583,6.331534052606003e-08,0.9975184810443549,0
1527,1711.3222222222223,0.9861111111110858,0.9361111111111313,0.9624999999999773,1.0245310245310224,0.040604127049776666,1.1195246466742883,72.22222222222223,1.1818181817988431,0.9725829725830165,4.41722986579407e-05,0.9938963379484882,0
1528,1712.2583333333334,0.9361111111111313,0.6166666666665606,0.9624999999999773,0.9725829725830165,0.03616070903705817,0.997012076101928,61.111111111111114,0.9999999999836364,0.6406926406925456,1.1939079724854196e-09,0.9984536541473144,0
1529,1712.875,0.6166666666665606,1.224999999999909,0.9624999999999773,0.6406926406925456,0.049413613272062895,1.3624171225621857,113.88888888888889,1.8636363636058677,1.2727272727272083,0.9742316603660583,0.6818017464289945,1
1530,1714.1,1.224999999999909,1.005555555555702,0.9624999999999773,1.2727272727272083,0.035392876562361245,0.9758416325436581,61.111111111111114,0.9999999999836364,1.0447330447332217,1.584423091079807e-15,0.9969511626085321,0
1531,1715.1055555555556,1.005555555555702,0.9805555555556111,0.970833333333303,1.0357653791132018,0.037365124269362976,1.0302198467244117,61.111111111111114,0.9999999999836364,1.010014306151734,3.48043982523194e-10,0.9981424396232628,0
1532,1716.0861111111112,0.9805555555556111,0.9527777777775555,0.970833333333303,1.010014306151734,0.0360186416557349,0.9930950374549724,58.333333333333336,0.9545454545298347,0.981402002861032,4.91230632559958e-11,0.9976599627575762,0
1533,1717.0388888888888,0.9527777777775555,0.9583333333334849,0.970833333333303,0.981402002861032,0.035666966003447376,0.9833987432854537,61.111111111111114,0.9999999999836364,0.9871244635195002,6.208035197019512e-10,0.9991774703531018,0
1534,1717.9972222222223,0.9583333333334849,0.9861111111110858,0.9638888888889596,0.9942363112392774,0.03793419424104163,1.0459100709766285,63.888888888888886,1.045454545437438,1.0230547550431264,5.0734318080003504e-08,0.9986648032477021,0
1535,1718.9833333333333,0.9861111111110858,0.9583333333332575,0.969444444444548,1.017191977077229,0.03749020077895173,1.0336684182214162,63.888888888888886,1.045454545437438,0.9885386819482402,5.9455751433290516e-09,0.9984917075745164,0
1536,1719.9416666666666,0.9583333333332575,0.9305555555556566,0.969444444444548,0.9885386819482402,0.035295731702195646,0.9731631839928546,58.333333333333336,0.9545454545298347,0.9598853868194859,5.487290830052949e-11,0.9980001976513959,0
1537,1720.8722222222223,0.9305555555556566,0.9222222222222172,0.9583333333333712,0.9710144927536902,0.03604119050874682,0.993716747574984,61.111111111111114,0.9999999999836364,0.9623188405796668,3.76410191904597e-09,0.9980035362745986,0
1538,1721.7944444444445,0.9222222222222172,0.9722222222221717,0.9583333333333712,0.9623188405796668,0.03489719477307682,0.9621748449451649,55.55555555555556,0.9090909090760331,1.0144927536230957,1.0278471129776534e-10,0.9985600554669528,0
1539,1722.7666666666667,0.9722222222221717,0.9555555555555202,0.9652777777778283,1.0071942446042115,0.03624953051053183,0.9994610347653118,83.33333333333333,1.3636363636140496,0.9899280575538684,0.00014769656991120428,0.9951311824883771,0
1540,1723.7222222222222,0.9555555555555202,0.9916666666667879,0.9583333333333712,0.997101449275286,0.036781074397258265,1.0141166012117913,63.888888888888886,1.045454545437438,1.034782608695738,2.3674790128325185e-08,0.9979343566229896,0
1541,1724.713888888889,0.9916666666667879,1.027777777777601,0.9583333333333712,1.034782608695738,0.03603504421845617,0.9935472839276664,61.111111111111114,0.9999999999836364,1.072463768115715,5.447852724493885e-10,0.9969561622727698,0
1542,1725.7416666666666,1.027777777777601,0.9972222222222626,0.9583333333333712,1.072463768115715,0.035711591391288364,0.9846291409121319,61.111111111111114,0.9999999999836364,1.0405797101449286,1.0219337875927437e-10,0.9934870691355175,0
1543,1726.7388888888888,0.9972222222222626,1.0166666666666515,0.9652777777778283,1.0330935251798439,0.03655587210971047,1.0079073922048323,63.888888888888886,1.045454545437438,1.0532374100718715,2.434127788220053e-09,0.9977463038117378,0
1544,1727.7555555555555,1.0166666666666515,1.033333333333303,0.9791666666666288,1.0382978723404503,0.03770424525151489,1.0395699873457835,63.888888888888886,1.045454545437438,1.0553191489361802,4.551905963268155e-09,0.9976503112718964,0
1545,1728.7888888888888,1.033333333333303,1.005555555555702,0.9819444444444798,1.0523338048089836,0.03596770510955952,0.9916906304893972,58.333333333333336,0.9545454545298347,1.0240452616691365,3.114551585386982e-12,0.9982288333261005,0
1546,1729.7944444444445,1.005555555555702,1.0305555555555657,0.9944444444445253,1.011173184357607,0.036301275919673644,1.0008877434546894,58.333333333333336,0.9545454545298347,1.036312849161937,3.560868266916373e-11,0.9988277710041328,0
1547,1730.825,1.0305555555555657,0.9916666666665606,1.0013888888889824,1.029126213592147,0.03497578918612137,0.964341826207597,55.55555555555556,0.9090909090760331,0.9902912621357239,2.8019630344232327e-13,0.9978729182198711,0
1548,1731.8166666666666,0.9916666666665606,1.033333333333303,1.0013888888889824,0.9902912621357239,0.035069946431477546,0.9669379011511606,58.333333333333336,0.9545454545298347,1.0319001386961286,2.5903421768669332e-11,0.9982632010913117,0
1549,1732.85,1.033333333333303,0.9861111111113132,1.0111111111111768,1.0219780219779255,0.03659358686423626,1.0089472519506932,61.111111111111114,0.9999999999836364,0.9752747252748618,2.5467898623343643e-11,0.9990862486300464,0
1550,1733.8361111111112,0.9861111111113132,0.9777777777776464,1.0111111111111768,0.9752747252748618,0.03593246963050751,0.9907191285731575,61.111111111111114,0.9999999999836364,0.9670329670327743,3.289211125689917e-10,0.9981050659280327,0
1551,1734.8138888888889,0.9777777777776464,1.0861111111112223,1.0111111111111768,0.9670329670327743,0.03602079702395056,0.9931544646121461,61.111111111111114,0.9999999999836364,1.0741758241758643,3.748132471059762e-09,0.9983147784210582,0
1552,1735.9,1.0861111111112223,1.0138888888886868,1.0111111111111768,1.0741758241758643,0.037373853398106546,1.0304605236083266,63.888888888888886,1.045454545437438,1.0027472527469876,3.269244597259302e-11,0.9984717760495827,0
1553,1736.9138888888888,1.0138888888886868,0.9722222222223991,1.0152777777776691,0.9986320109438203,0.03590875587995857,0.9900653002524039,63.888888888888886,1.045454545437438,0.9575923392615625,5.012885107014142e-10,0.9975069057378991,0
1554,1737.8861111111112,0.9722222222223991,1.0555555555554292,1.0097222222221944,0.96286107290254,0.035359148188986805,0.9749116840869747,58.333333333333336,0.9545454545298347,1.0453920220081567,3.3731328841213326e-10,0.9973251685162817,0
1555,1738.9416666666666,1.0555555555554292,1.0083333333334394,1.0097222222221944,1.0453920220081567,0.03616375851208664,0.997096155300321,61.111111111111114,0.9999999999836364,0.9986244841817007,4.781198440634293e-12,0.9992118552624804,0
1556,1739.95,1.0083333333334394,1.0277777777778283,1.011111111111063,0.9972527472528996,0.03506947342647751,0.9669248596011011,58.333333333333336,0.9545454545298347,1.0164835164836148,1.1006004267677394e-11,0.9976882313832666,0
1557,1740.9777777777779,1.0277777777778283,0.9805555555553838,1.011111111111063,1.0164835164836148,0.03497602302239161,0.96434827347015,58.333333333333336,0.9545454545298347,0.9697802197800959,1.0132743168828062e-12,0.998611751359556,0
1558,1741.9583333333333,0.9805555555553838,1.0166666666666515,1.011111111111063,0.9697802197800959,0.035409610171809006,0.9763030065360512,58.333333333333336,0.9545454545298347,1.0054945054945383,1.132570079387385e-10,0.9972308276719766,0
1559,1742.975,1.0166666666666515,1.0666666666668334,1.011111111111063,1.0054945054945383,0.035530268680762,0.9796297662626733,58.333333333333336,0.9545454545298347,1.05494505494527,1.4004425223645978e-11,0.9990070614419656,0
1560,1744.0416666666667,1.0666666666668334,1.0583333333331666,1.0152777777776691,1.050615595075516,0.03838035236863917,1.0582114072311224,66.66666666666667,1.0909090908912398,1.0424076607386614,1.1897236085189888e-08,0.9964538837802515,0
1561,1745.1,1.0583333333331666,1.1138888888890506,1.02222222222224,1.0353260869563408,0.03528322590845414,0.9728183780497869,58.333333333333336,0.9545454545298347,1.0896739130436175,2.340673444997665e-12,0.9990823224846208,0
1562,1746.213888888889,1.1138888888890506,1.1472222222221262,1.02222222222224,1.0896739130436175,0.03519981651078719,0.970518639495183,55.55555555555556,0.9090909090760331,1.1222826086955389,6.825842788129449e-14,0.9977030487449912,0
1563,1747.361111111111,1.1472222222221262,1.150000000000091,1.0416666666666288,1.1013333333332813,0.03538718965895464,0.9756848349718461,58.333333333333336,0.9545454545298347,1.1040000000001275,5.3346304424665286e-14,0.9981470293741851,0
1564,1748.5111111111112,1.150000000000091,1.1972222222220807,1.056944444444298,1.0880420499345338,0.03666742939981842,1.0109832158923835,61.111111111111114,0.9999999999836364,1.132720105124859,2.676301237916623e-12,0.997923351979476,0
1565,1749.7083333333333,1.1972222222220807,1.1027777777778738,1.0625,1.1267973856207818,0.037977885969134186,1.047114726020571,66.66666666666667,1.0909090908912398,1.0379084967321166,7.059726501307262e-12,0.9966972658401398,0
1566,1750.8111111111111,1.1027777777778738,1.1638888888887777,1.0847222222223536,1.0166453265044468,0.03639370768383225,1.003436243955249,61.111111111111114,0.9999999999836364,1.072983354673263,1.5810663542281667e-11,0.9982575160200826,0
1567,1751.975,1.1638888888887777,1.1000000000001364,1.1083333333334622,1.0501253132829858,0.03822458798635908,1.0539167190379055,63.888888888888886,1.045454545437438,0.9924812030075265,8.034444637372573e-12,0.9981647959629376,0
1568,1753.075,1.1000000000001364,1.1055555555556111,1.1083333333334622,0.9924812030075265,0.03586412437788691,0.9888347340460165,58.333333333333336,0.9545454545298347,0.9974937343357738,8.729607748475532e-13,0.9979344347641318,0
1569,1754.1805555555557,1.1055555555556111,1.1055555555553838,1.1097222222223309,0.9962453066332442,0.037805707491327195,1.0423674733756496,61.111111111111114,0.9999999999836364,0.9962453066330392,2.3163809412252157e-11,0.9987166828053609,0
1570,1755.286111111111,1.1055555555553838,1.0777777777777828,1.1097222222223309,0.9962453066330392,0.03568323086746717,0.9838471931714136,61.111111111111114,0.9999999999836364,0.9712140175218118,2.5492474884508676e-12,0.9971126737011464,0
1571,1756.3638888888888,1.0777777777777828,1.1416666666666515,1.1097222222223309,0.9712140175218118,0.035702929598553305,0.9843903205961726,55.55555555555556,0.9090909090760331,1.0287859824779833,1.389845703803072e-12,0.9968808208546391,0
1572,1757.5055555555555,1.1416666666666515,1.0444444444444798,1.1236111111111313,1.016069221260784,0.03747543157865092,1.0332612063208093,61.111111111111114,0.9999999999836364,0.9295426452410531,1.3422014151151518e-12,0.9979301159051035,0
1573,1758.55,1.0444444444444798,1.0805555555555202,1.1055555555554974,0.944723618090534,0.03802585344697323,1.0484372707366238,63.888888888888886,1.045454545437438,0.9773869346733862,1.4646864165968054e-08,0.9974382549738092,0
1574,1759.6305555555555,1.0805555555555202,1.1222222222222626,1.1041666666666288,0.9786163522012594,0.036486154343199295,1.0059851551419674,58.333333333333336,0.9545454545298347,1.0163522012579331,7.764589318726145e-12,0.9976566573786543,0
1575,1760.7527777777777,1.1222222222222626,1.0277777777778283,1.1041666666666288,1.0163522012579331,0.03783693097298574,1.0432283577194719,66.66666666666667,1.0909090908912398,0.9308176100629708,3.559389727403328e-10,0.9970619665501245,0
1576,1761.7805555555556,1.0277777777778283,1.0888888888889596,1.10277777777776,0.9319899244333101,0.036671382138542506,1.0110921996027844,61.111111111111114,0.9999999999836364,0.9874055415617928,6.003323393954929e-10,0.9990709426954612,0
1577,1762.8694444444445,1.0888888888889596,1.0833333333332575,1.094444444444548,0.9949238578679908,0.0355726070973029,0.9807971082119435,55.55555555555556,0.9090909090760331,0.9898477157358777,1.2863897501467353e-13,0.9983565399950233,0
1578,1763.9527777777778,1.0833333333332575,1.058333333333394,1.0861111111111086,0.9974424552428993,0.03682358419328465,1.015288668384133,61.111111111111114,0.9999999999836364,0.9744245524297256,9.78677729135402e-12,0.9990225298718566,0
1579,1765.0111111111112,1.058333333333394,1.0777777777777828,1.0819444444443889,0.9781771501926608,0.03702767522532932,1.020915804272539,61.111111111111114,0.9999999999836364,0.9961489088575655,1.0340944767150972e-10,0.9983051369748921,0
1580,1766.088888888889,1.0777777777777828,1.008333333333212,1.0791666666666515,0.9987129987130174,0.03630437641674134,1.0009732294172364,61.111111111111114,0.9999999999836364,0.9343629343628351,4.452395049869828e-12,0.9984050276264287,0
1581,1767.0972222222222,1.008333333333212,1.0416666666667425,1.0791666666666515,0.9343629343628351,0.03560937705540868,0.9818109183181463,58.333333333333336,0.9545454545298347,0.965250965251049,3.895260156094871e-11,0.9988297555303185,0
1582,1768.138888888889,1.0416666666667425,1.0222222222221262,1.0680555555555884,0.9752925877763738,0.036089411255787275,0.9950462753524597,58.333333333333336,0.9545454545298347,0.9570871261377221,5.040530492994577e-12,0.9987722621749181,0
1583,1769.161111111111,1.0222222222221262,1.0166666666666515,1.0680555555555884,0.9570871261377221,0.03487699329048196,0.9616178558086523,58.333333333333336,0.9545454545298347,0.9518855656696574,3.691510205156012e-12,0.9989271819722261,0
1584,1770.1777777777777,1.0166666666666515,1.0277777777778283,1.0500000000000682,0.9682539682538909,0.03452801729345972,0.9519959957133673,55.55555555555556,0.9090909090760331,0.9788359788359634,1.6829455580860686e-12,0.9965562110119981,0
1585,1771.2055555555555,1.0277777777778283,1.033333333333303,1.0347222222222854,0.9932885906040151,0.03484119328351514,0.9606307889003715,55.55555555555556,0.9090909090760331,0.9986577181207151,7.476862011468466e-13,0.9977224232383235,0
1586,1772.2388888888888,1.033333333333303,0.9888888888890506,1.0375000000000227,0.9959839357429209,0.03619222211146307,0.9978809450089118,58.333333333333336,0.9545454545298347,0.9531459170014737,6.798771615135202e-12,0.9976297249132259,0
1587,1773.2277777777779,0.9888888888890506,1.0972222222221717,1.0305555555555657,0.9595687331537863,0.03626907728282045,0.9999999724283041,61.111111111111114,0.9999999999836364,1.0646900269541184,2.462613890585885e-09,0.999136228633893,0
1588,1774.325,1.0972222222221717,1.0222222222221262,1.0305555555555657,1.0646900269541184,0.039030724946555066,1.0761432822251433,63.888888888888886,1.045454545437438,0.9919137466306249,3.4448816021992457e-10,0.997435353294081,0
1589,1775.3472222222222,1.0222222222221262,0.9888888888890506,1.0249999999999773,0.9972899728996575,0.04069012747193162,1.12189582416836,69.44444444444444,1.1363636363450413,0.9647696476966561,1.286125825572526e-05,0.99541327534089,0
1590,1776.3361111111112,0.9888888888890506,1.0138888888886868,1.0222222222221262,0.9673913043480751,0.0368371643005043,1.0156630949718106,63.888888888888886,1.045454545437438,0.991847826086852,1.1830504575982559e-08,0.9979522325119883,0
1591,1777.35,1.0138888888886868,1.050000000000182,1.0222222222221262,0.991847826086852,0.03795379823010862,1.0464505862032387,63.888888888888886,1.045454545437438,1.0271739130437527,3.4008436955446086e-08,0.9961388371632023,0
1592,1778.4,1.050000000000182,1.0472222222222172,1.0222222222221262,1.0271739130437527,0.03814422264099499,1.0517009101679526,61.111111111111114,0.9999999999836364,1.0244565217392216,4.5259321290735954e-10,0.9967434651518019,0
1593,1779.4472222222223,1.0472222222222172,0.9916666666665606,1.0249999999999773,1.0216802168021857,0.03587781765335707,0.989212280874292,55.55555555555556,0.9090909090760331,0.9674796747966659,2.3155967161098134e-13,0.9990901454345951,0
1594,1780.4388888888889,0.9916666666665606,1.0111111111111768,1.0249999999999773,0.9674796747966659,0.035811137197278485,0.987373787611281,58.333333333333336,0.9545454545298347,0.986449864498731,9.020890978650442e-11,0.9973589892533046,0
1595,1781.45,1.0111111111111768,1.0055555555554747,1.0180555555554065,0.9931787175991186,0.03757880188969495,1.0361113011105902,61.111111111111114,0.9999999999836364,0.9877216916781006,5.582408979520892e-10,0.9989239672089674,0
1596,1782.4555555555555,1.0055555555554747,1.0083333333334394,1.0124999999999318,0.9931412894375728,0.03847507599687649,1.060823098311295,63.888888888888886,1.045454545437438,0.9958847736627233,2.6604782377148695e-08,0.9981260702693737,0
1597,1783.463888888889,1.0083333333334394,1.074999999999818,1.0124999999999318,0.9958847736627233,0.037577354735270574,1.0360714006087608,63.888888888888886,1.045454545437438,1.0617283950616203,1.7998056378587535e-08,0.9980863157510169,0
1598,1784.5388888888888,1.074999999999818,1.0166666666668789,1.0124999999999318,1.0617283950616203,0.03919866494047892,1.08077367268101,69.44444444444444,1.1363636363450413,1.0041152263377258,1.3880185179004911e-07,0.995686468521456,0
1599,1785.5555555555557,1.0166666666668789,0.9888888888888232,1.0124999999999318,1.0041152263377258,0.03744013731095142,1.0322880835018535,63.888888888888886,1.045454545437438,0.9766803840877925,3.2551485951159975e-09,0.9976268959867118,0
1600,1786.5444444444445,0.9888888888888232,1.033333333333303,1.0124999999999318,0.9766803840877925,0.037074283954793334,1.022200885991478,61.111111111111114,0.9999999999836364,1.0205761316872817,3.80891496121194e-09,0.9971717875626831,0
1601,1787.5777777777778,1.033333333333303,1.0555555555556566,1.0138888888890278,1.0191780821916112,0.03639449427016846,1.0034579314745757,63.888888888888886,1.045454545437438,1.041095890410916,7.043567396003425e-10,0.9974477416627499,0
1602,1788.6333333333334,1.0555555555556566,1.0055555555554747,1.0138888888890278,1.041095890410916,0.03667132751344378,1.0110906934961692,58.333333333333336,0.9545454545298347,0.9917808219175925,1.871704831055143e-12,0.99907714570367,0
1603,1789.638888888889,1.0055555555554747,1.0472222222222172,1.0097222222223081,0.9958734525445395,0.037936463715679415,1.0459726442413828,63.888888888888886,1.045454545437438,1.0371389270975684,2.203057647420792e-08,0.9977664752263165,0
1604,1790.6861111111111,1.0472222222222172,1.0611111111111313,1.0138888888890278,1.0328767123286207,0.03517999874289165,0.969972230023704,58.333333333333336,0.9545454545298347,1.0465753424656299,2.5093852776963965e-12,0.9974573770172294,0
1605,1791.7472222222223,1.0611111111111313,1.0249999999998636,1.025000000000091,1.035230352303451,0.036526057538615896,1.0070853539147469,58.333333333333336,0.9545454545298347,0.9999999999997782,2.099382950468409e-12,0.9985791613119419,0
1606,1792.7722222222221,1.0249999999998636,1.0222222222223536,1.0291666666665833,0.9959514170039967,0.0364797081903665,1.0058074237758012,58.333333333333336,0.9545454545298347,0.9932523616736224,1.9287973995751884e-11,0.9983318125428103,0
1607,1793.7944444444445,1.0222222222223536,1.0472222222222172,1.0291666666665833,0.9932523616736224,0.03811483492921845,1.050890641113212,63.888888888888886,1.045454545437438,1.0175438596492004,1.2564715490270828e-08,0.9977473285967098,0
1608,1794.8416666666667,1.0472222222222172,1.1027777777776464,1.0291666666665833,1.0175438596492004,0.03742589965461111,1.031895527169727,61.111111111111114,0.9999999999836364,1.0715249662617676,3.6459674168654033e-10,0.9982699568127106,0
1609,1795.9444444444443,1.1027777777776464,1.0305555555555657,1.04027777777776,1.0600801068089705,0.03702359114985078,1.0208031993850728,61.111111111111114,0.9999999999836364,0.9906542056075032,1.6205023434245902e-12,0.9990097643519079,0
1610,1796.975,1.0305555555555657,1.0611111111111313,1.04027777777776,0.9906542056075032,0.036950883612210446,1.0187985292615762,61.111111111111114,0.9999999999836364,1.0200267022697298,1.8942034052393808e-10,0.9991382323954922,0
1611,1798.036111111111,1.0611111111111313,1.0638888888888687,1.0472222222222172,1.0132625994695201,0.03583816830539235,0.9881190811062819,55.55555555555556,0.9090909090760331,1.0159151193633809,3.3814956585699607e-13,0.9990863874579157,0
1612,1799.1,1.0638888888888687,1.0222222222223536,1.0472222222222172,1.0159151193633809,0.03968229442066243,1.0941081576770786,66.66666666666667,1.0909090908912398,0.9761273209550373,1.6427698312782013e-07,0.9953658034357601,0
1613,1800.1222222222223,1.0222222222223536,1.0305555555555657,1.0472222222222172,0.9761273209550373,0.03613577274574478,0.9963245402588902,61.111111111111114,0.9999999999836364,0.9840848806366191,1.1439113545286261e-10,0.9985107698162081,0
1614,1801.1527777777778,1.0305555555555657,1.0305555555555657,1.0388888888888914,0.9919786096256757,0.03753134732174036,1.0348028981899386,66.66666666666667,1.0909090908912398,0.9919786096256757,2.5787221247242087e-08,0.9978034965566687,0
1615,1802.1833333333334,1.0305555555555657,1.0,1.0305555555555657,1.0,0.03504547082825721,0.9662630672601672,55.55555555555556,0.9090909090760331,0.970350404312659,2.7855666449687344e-13,0.9991239089781969,0
1616,1803.1833333333334,1.0,1.0111111111109494,1.0305555555555657,0.970350404312659,0.0358472826999494,0.9883703804220786,55.55555555555556,0.9090909090760331,0.9811320754715316,6.184380264839806e-12,0.9989055320205145,0
1617,1804.1944444444443,1.0111111111109494,1.0166666666668789,1.0305555555555657,0.9811320754715316,0.03676222181784406,1.0135968036236862,61.111111111111114,0.9999999999836364,0.9865229110514092,2.490686268341591e-10,0.9991366817863024,0
1618,1805.2111111111112,1.0166666666668789,,1.0305555555555657,0.9865229110514092,0.03718999536271284,1.0253912457524073,61.111111111111114,0.9999999999836364,,1.6092653876143004e-09,0.9974624240051174,0
