beat_index,peak_time_s,rr_prev_s,rr_next_s,rr_baseline_s,prematurity_index,aa_ratio,morph_index,qrs_width_ms,width_index,pause_index,pvc_score,morphology_score,is_pvc_candidate
0,0.4444444444444444,,0.711111111111111,0.8888888888888573,,0.03134816348839878,0.9700534595842719,55.55555555555556,0.9999999999820001,0.8000000000000284,5.680234060889688e-10,0.99900052820584,0
1,1.1555555555555554,0.711111111111111,0.75,0.8888888888888573,0.8000000000000284,0.02666428173894331,0.8251130487361407,47.22222222222222,0.8499999999847,0.84375000000003,1.3901718318165557e-12,0.9954429806973273,0
2,1.9055555555555554,0.75,0.6111111111111112,0.8888888888888573,0.84375000000003,0.035661044211366164,1.1035134266294586,55.55555555555556,0.9999999999820001,0.6875000000000245,7.261783707690483e-07,0.998764061005403,0
3,2.5166666666666666,0.6111111111111112,0.786111111111111,0.8888888888888573,0.6875000000000245,0.03345100121349702,1.0351247359584295,58.333333333333336,1.0499999999811,0.8843750000000313,0.0002624862245284021,0.9977872845698297,0
4,3.3027777777777776,0.786111111111111,0.6500000000000004,0.8888888888888573,0.8843750000000313,0.033680182709497186,1.0422166443297105,55.55555555555556,0.9999999999820001,0.7312500000000264,7.588282358028664e-08,0.9951664943116303,0
5,3.952777777777778,0.6500000000000004,0.5527777777777776,0.711111111111111,0.9140625000000006,0.032437228552371584,1.0037540409089214,55.55555555555556,0.9999999999820001,0.7773437499999998,2.3004236737733663e-08,0.9986735924314285,0
6,4.5055555555555555,0.5527777777777776,0.9555555555555557,0.6805555555555557,0.8122448979591832,0.034110432708935226,1.0555305183815495,55.55555555555556,0.9999999999820001,1.4040816326530612,0.03365080803632736,0.99687503359399,0
7,5.461111111111111,0.9555555555555557,0.7527777777777773,0.711111111111111,1.3437500000000004,0.030119052444100586,0.9320192244630999,55.55555555555556,0.9999999999820001,1.0585937499999996,6.508049578846792e-14,0.997025677351054,0
8,6.213888888888889,0.7527777777777773,0.719444444444445,0.7305555555555555,1.0304182509505697,0.03189542640082978,0.9869882405229485,50.0,0.8999999999838,0.9847908745247156,1.7076184910536085e-10,0.9977143431862223,0
9,6.933333333333334,0.719444444444445,0.6277777777777773,0.719444444444445,1.0,0.03630312251208421,1.1233822229998116,58.333333333333336,1.0499999999811,0.8725868725868713,4.199684553896077e-06,0.9969561750362157,0
10,7.561111111111111,0.6277777777777773,0.647222222222223,0.715277777777778,0.8776699029126205,0.02856340053457251,0.8838803433032815,50.0,0.8999999999838,0.9048543689320396,8.835467774082062e-11,0.997993585277106,0
11,8.208333333333334,0.647222222222223,0.6749999999999989,0.6847222222222227,0.9452332657200817,0.03425351711068817,1.0599581946307293,55.55555555555556,0.9999999999820001,0.9858012170385373,9.056173553290137e-07,0.998472147123361,0
12,8.883333333333333,0.6749999999999989,0.7583333333333346,0.6624999999999996,1.0188679245283008,0.03423524848352248,1.0593928809723872,58.333333333333336,1.0499999999811,1.144654088050317,1.4140108760329895e-05,0.9969227950707567,0
13,9.641666666666667,0.7583333333333346,0.9111111111111097,0.697222222222222,1.0876494023904406,0.032520609287065814,1.0063342166242466,58.333333333333336,1.0499999999811,1.3067729083665323,2.349294163650484e-06,0.9972154429322473,0
14,10.552777777777777,0.9111111111111097,0.8666666666666671,0.697222222222222,1.3067729083665323,0.034696387439870094,1.0736625985626898,55.55555555555556,0.9999999999820001,1.2430278884462163,1.672638205718613e-08,0.9980924383591451,0
15,11.419444444444444,0.8666666666666671,0.6722222222222225,0.7361111111111112,1.1773584905660384,0.03187876723583452,0.9864727308777531,55.55555555555556,0.9999999999820001,0.9132075471698117,2.5998259101100984e-11,0.9969991544732111,0
16,12.091666666666667,0.6722222222222225,0.6638888888888896,0.7361111111111112,0.9132075471698117,0.03588343255438261,1.110395124231749,58.333333333333336,1.0499999999811,0.9018867924528311,1.6581127056269906e-05,0.9953815771746726,0
17,12.755555555555556,0.6638888888888896,0.7111111111111104,0.697222222222222,0.9521912350597623,0.029333154464479292,0.907699999054758,52.77777777777778,0.9499999999829001,1.019920318725099,1.2730191345511344e-09,0.9974931669374536,0
18,13.466666666666667,0.7111111111111104,0.39444444444444393,0.6930555555555546,1.0260521042084172,0.03071313728043726,0.9504028867464812,55.55555555555556,0.9999999999820001,0.5691382765531062,4.1129452621468943e-10,0.9973758955772947,0
19,13.86111111111111,0.39444444444444393,0.6416666666666675,0.6736111111111107,0.5855670103092779,0.03193782685817759,0.988300301765497,55.55555555555556,0.9999999999820001,0.9525773195876307,0.0008063909481279552,0.9989198663939738,0
20,14.502777777777778,0.6416666666666675,0.7138888888888886,0.6736111111111107,0.9525773195876307,0.03641100840099154,1.1267206986273748,58.333333333333336,1.0499999999811,1.05979381443299,0.00034548237454146147,0.9948164536208615,0
21,15.216666666666667,0.7138888888888886,0.5861111111111104,0.6930555555555546,1.0300601202404818,0.03470573092088196,1.0739517279747994,55.55555555555556,0.9999999999820001,0.8456913827655311,3.586051775528176e-07,0.9981283804055252,0
22,15.802777777777777,0.5861111111111104,0.6416666666666657,0.6916666666666664,0.8473895582329309,0.029776093086014047,0.9214065162598979,52.77777777777778,0.9499999999829001,0.927710843373493,8.139715568233896e-09,0.9978593763377224,0
23,16.444444444444443,0.6416666666666657,0.5055555555555564,0.6680555555555561,0.9604989604989583,0.0324424865741097,1.0039167477985773,55.55555555555556,0.9999999999820001,0.7567567567567575,5.2873204481329594e-08,0.9991121679504735,0
24,16.95,0.5055555555555564,0.8055555555555571,0.6527777777777786,0.7744680851063833,0.03540258405666918,1.0955155046037781,58.333333333333336,1.0499999999811,1.2340425531914903,0.0899590477347374,0.9960521583644377,0
25,17.755555555555556,0.8055555555555571,0.6805555555555536,0.6527777777777786,1.2340425531914903,0.030474612766952187,0.9430218633067037,52.77777777777778,0.9499999999829001,1.0425531914893573,2.4796181774533466e-10,0.9957310425543228,0
26,18.43611111111111,0.6805555555555536,0.5555555555555571,0.6527777777777786,1.0425531914893573,0.03435624825204128,1.0631371591373266,55.55555555555556,0.9999999999820001,0.8510638297872354,1.7300149011134636e-06,0.9975484773804304,0
27,18.991666666666667,0.5555555555555571,0.6472222222222221,0.6416666666666666,0.8658008658008683,0.02938189290340257,0.9092081860115396,52.77777777777778,0.9499999999829001,1.0086580086580086,4.965320243854876e-08,0.9979788922189619,0
28,19.63888888888889,0.6472222222222221,0.7083333333333321,0.6416666666666666,1.0086580086580086,0.0313706253408312,0.970748530530575,55.55555555555556,0.9999999999820001,1.1038961038961022,2.458725134601991e-07,0.9988588137026464,0
29,20.34722222222222,0.7083333333333321,0.8055555555555571,0.6444444444444448,1.0991379310344802,0.030248929318122494,0.9360382002800267,52.77777777777778,0.9499999999829001,1.2500000000000018,2.032056443113106e-07,0.9968898134744889,0
30,21.15277777777778,0.8055555555555571,0.5694444444444429,0.6638888888888879,1.2133891213389163,0.032726178666073365,1.0126954596796705,58.333333333333336,1.0499999999811,0.8577405857740575,1.1296845237040998e-08,0.9977869690258687,0
31,21.72222222222222,0.5694444444444429,0.6999999999999993,0.6444444444444439,0.8836206896551707,0.033534534137446496,1.0377096210952053,58.333333333333336,1.0499999999811,1.086206896551724,3.648925485322252e-05,0.9975575319034031,0
32,22.42222222222222,0.6999999999999993,0.6416666666666693,0.6638888888888879,1.054393305439331,0.030276359752265822,0.9368870215370831,52.77777777777778,0.9499999999829001,0.9665271966527251,5.60618218514719e-10,0.9991393060413026,0
33,23.06388888888889,0.6416666666666693,0.5888888888888886,0.6638888888888879,0.9665271966527251,0.032862293896264175,1.0169074783517553,50.0,0.8999999999838,0.8870292887029297,2.3608775379102553e-08,0.9984080116995864,0
34,23.65277777777778,0.5888888888888886,0.4250000000000007,0.6638888888888879,0.8870292887029297,0.0356408228173545,1.1028876855640886,58.333333333333336,1.0499999999811,0.6401673640167385,2.956636672024615e-05,0.9976868816219026,0
35,24.07777777777778,0.4250000000000007,0.7083333333333321,0.6444444444444457,0.6594827586206895,0.030360005391166553,0.9394753945824394,50.0,0.8999999999838,1.0991379310344789,0.0007704179733991623,0.9957194018044049,0
36,24.78611111111111,0.7083333333333321,0.5416666666666679,0.6444444444444457,1.0991379310344789,0.028315580441258585,0.8762116727298798,52.77777777777778,0.9499999999829001,0.8405172413793105,2.767890951160812e-11,0.9968695564595478,0
37,25.32777777777778,0.5416666666666679,0.6444444444444422,0.6444444444444457,0.8405172413793105,0.027537169409086317,0.8521241272181078,47.22222222222222,0.8499999999847,0.9999999999999944,2.324717529589293e-09,0.9960294103070053,0
38,25.97222222222222,0.6444444444444422,0.81388888888889,0.6430555555555557,1.002159827213819,0.03251392035722308,1.0061272309889553,55.55555555555556,0.9999999999820001,1.2656587473002174,1.3913404472987168e-05,0.9980159410094132,0
39,26.78611111111111,0.81388888888889,1.0166666666666657,0.6430555555555557,1.2656587473002174,0.03727117460619995,1.1533381176506194,61.111111111111114,1.0999999999802001,1.5809935205183567,0.0025711371563374996,0.9975719277227113,0
40,27.802777777777777,1.0166666666666657,0.719444444444445,0.6430555555555557,1.5809935205183567,0.030958235350717466,0.9579873256594891,55.55555555555556,0.9999999999820001,1.1187904967602598,1.8740151303594382e-13,0.9984640669120133,0
41,28.522222222222222,0.719444444444445,0.7055555555555557,0.6722222222222207,1.0702479338843007,0.0315081770685537,0.9750050009103594,55.55555555555556,0.9999999999820001,1.0495867768595066,1.0942597050700442e-08,0.9987132632770916,0
42,29.227777777777778,0.7055555555555557,0.6944444444444429,0.6749999999999989,1.045267489711936,0.03088447372616585,0.9557048085637959,55.55555555555556,0.9999999999820001,1.0288065843621392,4.174069090367993e-09,0.9992421728596432,0
43,29.92222222222222,0.6944444444444429,0.7555555555555564,0.6999999999999993,0.9920634920634908,0.025883767764453492,0.8009604287114327,50.0,0.8999999999838,1.0793650793650817,1.2138836810726694e-11,0.9948722456375445,0
44,30.677777777777777,0.7555555555555564,0.7138888888888886,0.7069444444444439,1.068762278978391,0.031196054181298744,0.9653465120898211,52.77777777777778,0.9499999999829001,1.0098231827111988,2.279239297298119e-10,0.9987744703665975,0
45,31.391666666666666,0.7138888888888886,0.4861111111111107,0.7111111111111104,1.0039062500000007,0.029257976528645632,0.9053736549049057,50.0,0.8999999999838,0.6835937500000001,1.4888530946305378e-12,0.9987334398647671,0
46,31.877777777777776,0.4861111111111107,0.9000000000000021,0.7097222222222221,0.6849315068493146,0.03257218356464694,1.0079301572097819,55.55555555555556,0.9999999999820001,1.2681017612524492,0.04217405244708061,0.9960394006456833,0
47,32.77777777777778,0.9000000000000021,0.5777777777777757,0.7166666666666668,1.2558139534883748,0.03834253047659402,1.1864906967133866,63.888888888888886,1.1499999999793,0.8062015503875939,1.1104048098786734e-05,0.9961977222001343,0
48,33.355555555555554,0.5777777777777757,0.6777777777777771,0.7166666666666668,0.8062015503875939,0.03875301211039847,1.1991928484396008,61.111111111111114,1.0999999999802001,0.9457364341085261,0.2542363703250885,0.9927897737435362,0
49,34.03333333333333,0.6777777777777771,0.56388888888889,0.7097222222222221,0.954990215264187,0.0364977627479109,1.1294052691092866,58.333333333333336,1.0499999999811,0.7945205479452071,0.00016554714238736778,0.9929669487318573,0
50,34.59722222222222,0.56388888888889,0.6555555555555586,0.6999999999999993,0.8055555555555579,0.029535750082643183,0.9139692205474055,50.0,0.8999999999838,0.9365079365079417,2.545448474222667e-08,0.9973345286963817,0
51,35.25277777777778,0.6555555555555586,0.6611111111111114,0.68611111111111,0.9554655870445403,0.03429381666079075,1.0612052443346511,58.333333333333336,1.0499999999811,0.9635627530364392,3.3923424780368805e-06,0.996643920241715,0
52,35.91388888888889,0.6611111111111114,0.8166666666666629,0.6694444444444443,0.9875518672199177,0.03211059228449361,0.9936464426823781,58.333333333333336,1.0499999999811,1.2199170124481273,3.054391982004745e-06,0.9979386555095406,0
53,36.730555555555554,0.8166666666666629,0.9083333333333314,0.6694444444444443,1.2199170124481273,0.027413900821018387,0.8483096415511048,50.0,0.8999999999838,1.356846473029043,1.5833032107614997e-10,0.9949767944400295,0
54,37.638888888888886,0.9083333333333314,0.7000000000000028,0.6694444444444443,1.356846473029043,0.034137831188225366,1.0563783508114328,58.333333333333336,1.0499999999811,1.0456431535269755,5.457684082443848e-09,0.9981330961556,0
55,38.33888888888889,0.7000000000000028,0.6111111111111143,0.6694444444444443,1.0456431535269755,0.03344933344895393,1.035073127807113,58.333333333333336,1.0499999999811,0.9128630705394241,4.7469873720729083e-07,0.9975416223653404,0
56,38.95,0.6111111111111143,0.9111111111111114,0.6694444444444443,0.9128630705394241,0.0347235664178592,1.0745036386330613,55.55555555555556,0.9999999999820001,1.3609958506224074,0.0015262310625985265,0.9977054228136937,0
57,39.861111111111114,0.9111111111111114,0.7388888888888872,0.6694444444444443,1.3609958506224074,0.031395587166189946,0.9715209619062041,55.55555555555556,0.9999999999820001,1.1037344398340225,1.3920989361260183e-11,0.9988324046353977,0
58,40.6,0.7388888888888872,0.6972222222222229,0.68888888888889,1.072580645161286,0.03663814984769715,1.1337494786793,58.333333333333336,1.0499999999811,1.0120967741935476,8.110836461128201e-06,0.9973338927114899,0
59,41.297222222222224,0.6972222222222229,0.4111111111111114,0.6986111111111128,0.9980119284294219,0.03029311808008055,0.9374055997268244,52.77777777777778,0.9499999999829001,0.588469184890655,4.283928073389731e-11,0.9986178327444483,0
60,41.708333333333336,0.4111111111111114,0.6305555555555529,0.6986111111111128,0.588469184890655,0.028342208872155626,0.8770356763919933,47.22222222222222,0.8499999999847,0.9025844930417434,8.186643754015677e-06,0.9976990596521588,0
61,42.33888888888889,0.6305555555555529,0.6361111111111128,0.6986111111111128,0.9025844930417434,0.033591459663342496,1.039471153420839,52.77777777777778,0.9499999999829001,0.9105367793240559,3.702681112827122e-07,0.9966211343040742,0
62,42.975,0.6361111111111128,0.6166666666666671,0.6986111111111128,0.9105367793240559,0.030233205077056593,0.935551621394761,55.55555555555556,0.9999999999820001,0.8827037773359826,1.6789725165722302e-09,0.9989236741359943,0
63,43.59166666666667,0.6166666666666671,0.56388888888889,0.6666666666666679,0.924999999999999,0.030564045807280164,0.9457893246351289,52.77777777777778,0.9499999999829001,0.8458333333333334,2.514760177874109e-09,0.998981110788417,0
64,44.15555555555556,0.56388888888889,0.7111111111111086,0.6333333333333329,0.8903508771929849,0.030001857381859183,0.9283926810575974,50.0,0.8999999999838,1.1228070175438565,1.0258141855956637e-06,0.9958463816027107,0
65,44.86666666666667,0.7111111111111086,0.7111111111111086,0.6333333333333329,1.1228070175438565,0.032127844086069376,0.9941802911742946,58.333333333333336,1.0499999999811,1.1228070175438565,5.074307409813628e-07,0.9989301845987206,0
66,45.577777777777776,0.7111111111111086,0.45000000000000284,0.6666666666666679,1.0666666666666609,0.031191381602094444,0.9652019214306589,55.55555555555556,0.9999999999820001,0.675000000000003,7.759148878960787e-10,0.9994306959947252,0
67,46.02777777777778,0.45000000000000284,0.6777777777777771,0.6333333333333329,0.7105263157894787,0.03250244387699377,1.005772096967965,58.333333333333336,1.0499999999811,1.070175438596491,0.001097411965020001,0.9978965192137215,0
68,46.705555555555556,0.6777777777777771,0.6361111111111128,0.6333333333333329,1.070175438596491,0.030217299051386745,0.9350594172745744,52.77777777777778,0.9499999999829001,1.0043859649122842,7.81742848232625e-09,0.9969420219707067,0
69,47.34166666666667,0.6361111111111128,0.6333333333333329,0.6333333333333329,1.0043859649122842,0.03296344327841935,1.020037496100028,55.55555555555556,0.9999999999820001,1.0,2.7365827008907218e-06,0.9975272971338042,0
70,47.975,0.6333333333333329,0.43055555555555713,0.6347222222222229,0.9978118161925584,0.03387448112226222,1.0482291128931147,55.55555555555556,0.9999999999820001,0.6783369803063476,9.656559996074066e-07,0.9981296610717887,0
71,48.40555555555556,0.43055555555555713,0.3138888888888829,0.6347222222222229,0.6783369803063476,0.029407091861112122,0.909987955330821,50.0,0.8999999999838,0.4945295404813905,1.406956613436705e-07,0.9953685689776697,0
72,48.71944444444444,0.3138888888888829,0.6583333333333385,0.625,0.5022222222222126,0.05490152631300588,1.6989006566875158,97.22222222222223,1.7499999999685,1.0533333333333417,0.9130773544311523,0.8905515139244916,1
73,49.37777777777778,0.6583333333333385,0.5083333333333329,0.6347222222222229,1.0371991247264842,0.032625331074437706,1.0095747806901942,61.111111111111114,1.0999999999802001,0.8008752735229744,1.7154569604826975e-06,0.997196601458707,0
74,49.88611111111111,0.5083333333333329,0.8416666666666615,0.6347222222222229,0.8008752735229744,0.03494518651695247,1.0813615633060136,52.77777777777778,0.9499999999829001,1.3260393873085243,0.09045933932065964,0.993910603903928,0
75,50.727777777777774,0.8416666666666615,0.4638888888888957,0.6347222222222229,1.3260393873085243,0.02951147239652847,0.9132179595232949,55.55555555555556,0.9999999999820001,0.7308533916849115,3.2305636030877105e-12,0.9983534132854661,0
76,51.19166666666667,0.4638888888888957,0.7027777777777757,0.5708333333333329,0.8126520681265332,0.03671256667670551,1.1360522707537886,58.333333333333336,1.0499999999811,1.231143552311433,0.187908336520195,0.9948421308822302,0
77,51.894444444444446,0.7027777777777757,0.6749999999999972,0.6347222222222229,1.1072210065645471,0.031639325524163556,0.9790633251924358,58.333333333333336,1.0499999999811,1.0634573304157493,2.277981963061393e-07,0.9981008926934347,0
78,52.56944444444444,0.6749999999999972,0.4194444444444443,0.6347222222222229,1.0634573304157493,0.02892261984703482,0.8949962077759325,52.77777777777778,0.9499999999829001,0.6608315098468263,9.537196726805419e-11,0.9959405803899766,0
79,52.98888888888889,0.4194444444444443,0.625,0.5708333333333329,0.7347931873479322,0.03221192803933198,0.9967822276414213,55.55555555555556,0.9999999999820001,1.094890510948906,0.0010630235774442554,0.9978034068032887,0
80,53.61388888888889,0.625,0.8083333333333371,0.5666666666666664,1.1029411764705888,0.03131760229945327,0.9691077586638154,55.55555555555556,0.9999999999820001,1.4264705882353015,4.9432968808105215e-05,0.9996701276480513,0
81,54.422222222222224,0.8083333333333371,0.6499999999999986,0.6416666666666693,1.2597402597402605,0.03482156514931604,1.0775361610492389,55.55555555555556,0.9999999999820001,1.0129870129870067,3.4635041856745374e-07,0.997175520353599,0
82,55.07222222222222,0.6499999999999986,0.625,0.6541666666666686,0.9936305732484025,0.027595729584129723,0.8539362429554695,47.22222222222222,0.8499999999847,0.9554140127388507,1.100241425744386e-11,0.997717146332445,0
83,55.69722222222222,0.625,0.6138888888888872,0.6374999999999993,0.9803921568627462,0.03407100772071466,1.0543105315637704,52.77777777777778,0.9499999999829001,0.9629629629629614,9.454000064579304e-06,0.9964983185316748,0
84,56.31111111111111,0.6138888888888872,0.8694444444444471,0.6374999999999993,0.9629629629629614,0.02984092222076709,0.9234126218638934,52.77777777777778,0.9499999999829001,1.3638344226579577,5.698509539797669e-06,0.9986947365480725,0
85,57.18055555555556,0.8694444444444471,0.8972222222222186,0.6374999999999993,1.3638344226579577,0.029374365834014766,0.9089752645613606,52.77777777777778,0.9499999999829001,1.4074074074074032,1.13635079124208e-09,0.9989015541045786,0
86,58.077777777777776,0.8972222222222186,0.7222222222222214,0.6624999999999979,1.3542976939203344,0.031484596937854756,0.9742753253945854,52.77777777777778,0.9499999999829001,1.0901467505241114,6.030205848550629e-12,0.9987197114527742,0
87,58.8,0.7222222222222214,0.6666666666666714,0.6624999999999979,1.0901467505241114,0.0321145937469893,0.9937702659659583,58.333333333333336,1.0499999999811,1.006289308176111,9.659465405320589e-08,0.9974470571434735,0
88,59.46666666666667,0.6666666666666714,0.42777777777777715,0.658333333333335,1.012658227848106,0.03045635165086099,0.9424567820748576,52.77777777777778,0.9499999999829001,0.6497890295358624,3.933668113464961e-10,0.9975860789406776,0
89,59.894444444444446,0.42777777777777715,0.5083333333333329,0.658333333333335,0.6497890295358624,0.036779942694097074,1.1381371883850202,58.333333333333336,1.0499999999811,0.7721518987341746,0.02655082754790783,0.9963459446440281,0
90,60.40277777777778,0.5083333333333329,0.6083333333333343,0.658333333333335,0.7721518987341746,0.0339584553776139,1.050827654812486,55.55555555555556,0.9999999999820001,0.9240506329113916,9.097495785681531e-05,0.9978346918666783,0
91,61.01111111111111,0.6083333333333343,0.9222222222222172,0.6374999999999993,0.9542483660130745,0.030132898372864283,0.9324476799004767,52.77777777777778,0.9499999999829001,1.4466230936819109,5.250901813269593e-05,0.9967663334665617,0
92,61.93333333333333,0.9222222222222172,0.8388888888888957,0.6458333333333357,1.4279569892472987,0.03336698798016268,1.032524987884607,55.55555555555556,0.9999999999820001,1.2989247311828014,2.991529512996749e-08,0.9970346811191879,0
93,62.772222222222226,0.8388888888888957,0.43611111111111,0.6944444444444464,1.2080000000000064,0.03191224516031797,0.9875086887410229,55.55555555555556,0.9999999999820001,0.6279999999999967,3.369029014099745e-11,0.9988041395791093,0
94,63.208333333333336,0.43611111111111,0.44722222222222285,0.6944444444444464,0.6279999999999967,0.033001785223570154,1.0212239686841234,58.333333333333336,1.0499999999811,0.6439999999999991,0.0008846880518831313,0.9956939202483432,0
95,63.65555555555556,0.44722222222222285,0.6611111111111043,0.6375000000000028,0.7015250544662288,0.03283783858070399,1.016150720672054,55.55555555555556,0.9999999999820001,1.0370370370370217,0.0010493346489965916,0.9969515945321847,0
96,64.31666666666666,0.6611111111111043,0.9694444444444485,0.6347222222222193,1.0415754923413507,0.030423513903352444,0.9414406341723686,52.77777777777778,0.9499999999829001,1.5273522975930114,2.0228588255122304e-05,0.999038101580366,0
97,65.28611111111111,0.9694444444444485,0.4333333333333371,0.6347222222222193,1.5273522975930114,0.03375074566454388,1.0444001801750196,55.55555555555556,0.9999999999820001,0.6827133479212345,1.524908324612717e-11,0.9982149129154281,0
98,65.71944444444445,0.4333333333333371,0.5944444444444343,0.5583333333333336,0.7761194029850811,0.030601200845862667,0.9469390689807994,52.77777777777778,0.9499999999829001,1.0646766169154043,3.4699347452260554e-05,0.9985530987659812,0
99,66.31388888888888,0.5944444444444343,0.88333333333334,0.6013888888888843,0.9884526558891362,0.03046285714693579,0.9426580914426618,52.77777777777778,0.9499999999829001,1.468822170900715,4.839642861043103e-05,0.9984437601564209,0
100,67.19722222222222,0.88333333333334,0.5694444444444429,0.6347222222222193,1.3916849015317456,0.03354294751075471,1.0379699687831145,55.55555555555556,0.9999999999820001,0.8971553610503299,1.91421656303703e-09,0.9982916131643329,0
101,67.76666666666667,0.5694444444444429,0.6833333333333371,0.6277777777777693,0.9070796460177089,0.03710713260603989,1.1482619188541165,58.333333333333336,1.0499999999811,1.0884955752212597,0.00856506172567606,0.9956200335382539,0
102,68.45,0.6833333333333371,0.6416666666666657,0.6277777777777693,1.0884955752212597,0.02961865220613907,0.9165345858752285,52.77777777777778,0.9499999999829001,1.0221238938053219,2.034736823475214e-09,0.9987238469351516,0
103,69.09166666666667,0.6416666666666657,0.6861111111111029,0.61805555555555,1.038202247191019,0.030486005406422302,0.9433744029167472,52.77777777777778,0.9499999999829001,1.1101123595505584,2.127362250803344e-07,0.9973200417426304,0
104,69.77777777777777,0.6861111111111029,0.6694444444444514,0.651388888888885,1.0533049040511664,0.033115860862365856,1.0247539830694639,55.55555555555556,0.9999999999820001,1.0277185501066266,2.3020866137812845e-06,0.9953185240035305,0
105,70.44722222222222,0.6694444444444514,0.7333333333333343,0.6652777777777779,1.0062630480167118,0.03156263365199094,0.9766901330291828,52.77777777777778,0.9499999999829001,1.1022964509394586,2.390669351370889e-07,0.9958807978819113,0
106,71.18055555555556,0.7333333333333343,0.6444444444444457,0.6763888888888943,1.0841889117043049,0.031374684451515464,0.9708741377089208,52.77777777777778,0.9499999999829001,0.9527720739219656,1.5120331653406538e-09,0.9974329725730213,0
107,71.825,0.6444444444444457,0.7833333333333314,0.6569444444444485,0.9809725158562326,0.0347747243862338,1.0760866967355063,55.55555555555556,0.9999999999820001,1.1923890063424845,3.215079414076172e-05,0.9985615066796724,0
108,72.60833333333333,0.7833333333333314,0.62222222222222,0.6763888888888943,1.158110882956867,0.029829857781479636,0.9230702382466481,52.77777777777778,0.9499999999829001,0.9199178644763755,1.861473822306614e-11,0.9974487034594897,0
109,73.23055555555555,0.62222222222222,0.6888888888888971,0.6763888888888943,0.9199178644763755,0.0304402857795163,0.941959631609092,52.77777777777778,0.9499999999829001,1.0184804928131457,2.565437107193702e-08,0.9973222248215953,0
110,73.91944444444445,0.6888888888888971,0.5361111111110972,0.6763888888888943,1.0184804928131457,0.03447563538157436,1.0668315349841366,55.55555555555556,0.9999999999820001,0.7926078028747164,8.780575626587961e-07,0.9971125854823472,0
111,74.45555555555555,0.5361111111110972,0.6638888888888914,0.6763888888888943,0.7926078028747164,0.036080758458966626,1.116501277036463,55.55555555555556,0.9999999999820001,0.9815195071868542,0.0006697853677906096,0.9982573012565332,0
112,75.11944444444444,0.6638888888888914,0.5972222222222285,0.6666666666666714,0.99583333333333,0.03291854792724661,1.0186482315984413,58.333333333333336,1.0499999999811,0.8958333333333365,3.798452326009283e-07,0.9974543074848843,0
113,75.71666666666667,0.5972222222222285,0.5138888888888857,0.6666666666666714,0.8958333333333365,0.03159924509896694,0.9778230562006661,58.333333333333336,1.0499999999811,0.7708333333333232,6.069381441875521e-08,0.9985232348868986,0
114,76.23055555555555,0.5138888888888857,0.43055555555555713,0.6541666666666686,0.7855626326963836,0.03505558660685658,1.0847778396435261,55.55555555555556,0.9999999999820001,0.658174097664544,5.6825268984539434e-05,0.9979784151365421,0
115,76.66111111111111,0.43055555555555713,0.7805555555555515,0.6333333333333329,0.6798245614035118,0.03754321550765979,1.161756289187437,61.111111111111114,1.0999999999802001,1.2324561403508716,0.5919822454452515,0.9952794609388733,1
116,77.44166666666666,0.7805555555555515,0.6944444444444429,0.6333333333333329,1.2324561403508716,0.034839990570070874,1.0781063266078732,58.333333333333336,1.0499999999811,1.0964912280701737,6.339597803162178e-06,0.9975538470731262,0
117,78.1361111111111,0.6944444444444429,0.6916666666666771,0.6430555555555557,1.0799136069114443,0.02860200808057114,0.8850750347746301,47.22222222222222,0.8499999999847,1.0755939524838172,1.2239557978244164e-10,0.9970616403026926,0
118,78.82777777777778,0.6916666666666771,0.6638888888888772,0.6430555555555557,1.0755939524838172,0.03600219495131268,1.1140701680362504,55.55555555555556,0.9999999999820001,1.032397408207325,2.4574723283876665e-05,0.9983433281402703,0
119,79.49166666666666,0.6638888888888772,0.8305555555555628,0.6638888888888843,0.9999999999999893,0.03465957004326341,1.0725233023814502,55.55555555555556,0.9999999999820001,1.251046025104622,0.00014076197112444788,0.9962291648580923,0
120,80.32222222222222,0.8305555555555628,0.6583333333333314,0.6638888888888843,1.251046025104622,0.030101326972386704,0.9314707184823532,52.77777777777778,0.9499999999829001,0.9916317991631839,4.649110957322122e-12,0.9988193882066894,0
121,80.98055555555555,0.6583333333333314,0.8083333333333371,0.6638888888888843,0.9916317991631839,0.034370785306961055,1.0635870011327695,58.333333333333336,1.0499999999811,1.2175732217573363,3.972282138420269e-05,0.9980888280146991,0
122,81.78888888888889,0.8083333333333371,0.74722222222222,0.6777777777777771,1.1926229508196788,0.033713085674670865,1.0432348103606843,61.111111111111114,1.0999999999802001,1.1024590163934405,1.9770830306242715e-07,0.9980572102444822,0
123,82.53611111111111,0.74722222222222,0.62777777777778,0.69305555555556,1.0781563126252405,0.031899468681927515,0.9871133269180391,55.55555555555556,0.9999999999820001,0.9058116232464904,2.0184709459414307e-09,0.9992191075115164,0
124,83.16388888888889,0.62777777777778,0.6472222222222257,0.69305555555556,0.9058116232464904,0.03308761766122135,1.0238800111383777,50.0,0.8999999999838,0.9338677354709409,6.48972289241101e-08,0.9980751958665836,0
125,83.81111111111112,0.6472222222222257,0.3972222222222115,0.69305555555556,0.9338677354709409,0.029724966013874837,0.9198244142262203,52.77777777777778,0.9499999999829001,0.5731462925851512,8.035614534884772e-11,0.9979593170412961,0
126,84.20833333333333,0.3972222222222115,0.7305555555555543,0.6777777777777771,0.5860655737704765,0.03196447807349839,0.9891250104803676,52.77777777777778,0.9499999999829001,1.0778688524590154,0.003367331111803651,0.9968670144535294,0
127,84.93888888888888,0.7305555555555543,0.5638888888888971,0.6777777777777771,1.0778688524590154,0.028780894210359412,0.8906105778419926,52.77777777777778,0.9499999999829001,0.831967213114767,6.2952759324885754e-12,0.998968554421616,0
128,85.50277777777778,0.5638888888888971,0.6694444444444372,0.6611111111111043,0.8529411764706094,0.034644348091842796,1.0720522666015504,55.55555555555556,0.9999999999820001,1.0126050420168062,4.164611527812667e-05,0.9982119233475514,0
129,86.17222222222222,0.6694444444444372,0.7888888888888914,0.6638888888888843,1.008368200836816,0.03579915935155785,1.107787331530251,55.55555555555556,0.9999999999820001,1.1882845188284639,5.2780316764255986e-05,0.9981416111452925,0
130,86.96111111111111,0.7888888888888914,1.1527777777777857,0.6638888888888843,1.1882845188284639,0.030492537055311856,0.9435765215705065,52.77777777777778,0.9499999999829001,1.7364016736401913,6.721846148138866e-06,0.9988970337547047,0
131,88.1138888888889,1.1527777777777857,0.8611111111111001,0.6999999999999957,1.646825396825418,0.034735351099856863,1.0748683098057812,58.333333333333336,1.0499999999811,1.2301587301587218,4.593568906328949e-13,0.998394417258119,0
132,88.975,0.8611111111111001,0.63333333333334,0.6999999999999957,1.2301587301587218,0.03230344448019274,0.99961415877189,55.55555555555556,0.9999999999820001,0.9047619047619198,7.321689088346517e-11,0.998667749324919,0
133,89.60833333333333,0.63333333333334,0.4749999999999943,0.6583333333333314,0.962025316455709,0.030077734285093465,0.9307406544089613,52.77777777777778,0.9499999999829001,0.7215189873417656,1.0783200998787379e-09,0.9966375886739132,0
134,90.08333333333333,0.4749999999999943,0.5527777777777771,0.6583333333333314,0.7215189873417656,0.03180584498623609,0.9842161878260429,55.55555555555556,0.9999999999820001,0.8396624472573854,1.5274672477971762e-05,0.9973253333125156,0
135,90.6361111111111,0.5527777777777771,0.6472222222222257,0.6513888888888886,0.8486140724946689,0.027531462539318468,0.8519475309475242,47.22222222222222,0.8499999999847,0.9936034115138651,2.8855799971694296e-09,0.9938180756841046,0
136,91.28333333333333,0.6472222222222257,0.87777777777778,0.6583333333333314,0.9831223628692064,0.0313170039447945,0.9690892428739827,55.55555555555556,0.9999999999820001,1.3333333333333406,9.763042726262938e-06,0.9985135477109628,0
137,92.16111111111111,0.87777777777778,0.5138888888888857,0.6583333333333314,1.3333333333333406,0.030611477621852203,0.9472570787457323,55.55555555555556,0.9999999999820001,0.7805907172995755,3.999376784608044e-12,0.9980730791673236,0
138,92.675,0.5138888888888857,0.7944444444444514,0.6583333333333314,0.7805907172995755,0.035643255957062955,1.102962977872447,58.333333333333336,1.0499999999811,1.2067510548523348,0.050570711493492126,0.9965820518509438,0
139,93.46944444444445,0.7944444444444514,0.6833333333333229,0.7180555555555586,1.1063829787234094,0.033759794793896784,1.0446802010202045,58.333333333333336,1.0499999999811,0.9516441005802523,4.491708338605349e-08,0.9961296111098769,0
140,94.15277777777777,0.6833333333333229,0.8527777777777885,0.6652777777777743,1.0271398747390295,0.031754260975829375,0.9826199460630195,55.55555555555556,0.9999999999820001,1.2818371607515886,1.7151854763142182e-06,0.9992333839115433,0
141,95.00555555555556,0.8527777777777885,0.4166666666666572,0.6652777777777743,1.2818371607515886,0.03477904250640956,1.0762203188348343,55.55555555555556,0.9999999999820001,0.6263048016701351,5.54659118634504e-09,0.9980282574855699,0
142,95.42222222222222,0.4166666666666572,0.75833333333334,0.6402777777777828,0.6507592190889172,0.02863963132085478,0.8862392673910454,47.22222222222222,0.8499999999847,1.1843817787418665,0.00030507860356010497,0.9967084051378481,0
143,96.18055555555556,0.75833333333334,0.6861111111111029,0.6652777777777743,1.139874739039682,0.030906387838497192,0.9563829299627928,55.55555555555556,0.9999999999820001,1.0313152400835004,1.1253634690788772e-09,0.9990719034911137,0
144,96.86666666666666,0.6861111111111029,0.4111111111111114,0.6847222222222129,1.0020283975659245,0.02853230994533351,0.8829182603518204,50.0,0.8999999999838,0.6004056795131932,2.3581633607633323e-12,0.9969227687038986,0
145,97.27777777777777,0.4111111111111114,0.5638888888888971,0.6847222222222129,0.6004056795131932,0.031228662514313013,0.966355560873922,55.55555555555556,0.9999999999820001,0.823529411764729,0.00013344419130589813,0.998864769409421,0
146,97.84166666666667,0.5638888888888971,0.42499999999999716,0.6847222222222129,0.823529411764729,0.03279424301915462,1.0148016775193622,55.55555555555556,0.9999999999820001,0.6206896551724181,6.142764163996617e-07,0.9974689177817745,0
147,98.26666666666667,0.42499999999999716,0.6861111111111171,0.62361111111111,0.681514476614696,0.034998243847069684,1.0830033962209005,55.55555555555556,0.9999999999820001,1.100222717149232,0.042496033012866974,0.9944008432025961,0
148,98.95277777777778,0.6861111111111171,0.8305555555555486,0.6847222222222129,1.0020283975659454,0.030203272090852426,0.9346253598983327,52.77777777777778,0.9499999999829001,1.212981744421913,4.8360821125470466e-08,0.998833160422216,0
149,99.78333333333333,0.8305555555555486,0.9277777777777771,0.6847222222222129,1.212981744421913,0.03414813540666394,1.0566972097694178,55.55555555555556,0.9999999999820001,1.3549695740365286,2.9496477509383112e-06,0.998574179556507,0
150,100.71111111111111,0.9277777777777771,0.6472222222222257,0.68611111111111,1.3522267206477745,0.03181793894471076,0.984590429406822,58.333333333333336,1.0499999999811,0.9433198380566867,1.024095305085515e-11,0.9996968007083573,0
151,101.35833333333333,0.6472222222222257,0.5444444444444372,0.6666666666666643,0.970833333333342,0.034805797341900535,1.0770482340247698,55.55555555555556,0.9999999999820001,0.8166666666666587,1.954851995833451e-06,0.9985324133507665,0
152,101.90277777777777,0.5444444444444372,0.9694444444444485,0.6666666666666643,0.8166666666666587,0.027630057427883166,0.8549985011514056,47.22222222222222,0.8499999999847,1.454166666666678,6.162239151308313e-05,0.996680358363371,0
153,102.87222222222222,0.9694444444444485,0.4611111111111086,0.6666666666666643,1.454166666666678,0.03487234561824782,1.0791075376175925,55.55555555555556,0.9999999999820001,0.6916666666666653,6.250067130508796e-11,0.997823353979688,0
154,103.33333333333333,0.4611111111111086,0.3916666666666657,0.6055555555555614,0.7614678899082453,0.030610640582331254,0.9472311769705484,52.77777777777778,0.9499999999829001,0.6467889908256803,3.2091588764160406e-07,0.996840125915167,0
155,103.725,0.3916666666666657,0.6805555555555571,0.6055555555555614,0.6467889908256803,0.030129886975515083,0.9323544936945972,50.0,0.8999999999838,1.1238532110091661,0.0005484789726324379,0.9976695693537212,0
156,104.40555555555555,0.6805555555555571,0.6638888888888914,0.6638888888888914,1.0251046025104587,0.03263748247411226,1.0099507997605761,58.333333333333336,1.0499999999811,1.0,3.413972535781795e-07,0.9977899078445845,0
157,105.06944444444444,0.6638888888888914,0.6944444444444429,0.6722222222222243,0.9876033057851247,0.03205649785480267,0.9919725172326351,55.55555555555556,0.9999999999820001,1.033057851239664,1.0336442812786117e-07,0.9977698305719205,0
158,105.76388888888889,0.6944444444444429,0.6749999999999972,0.6722222222222243,1.033057851239664,0.03163993571871555,0.9790822073619256,55.55555555555556,0.9999999999820001,1.0041322314049514,2.578466329339335e-08,0.9979378985552496,0
159,106.43888888888888,0.6749999999999972,0.7388888888888943,0.6694444444444443,1.008298755186718,0.03524047222009594,1.090499033767596,55.55555555555556,0.9999999999820001,1.1037344398340332,5.612404947896721e-06,0.9985578406454401,0
160,107.17777777777778,0.7388888888888943,0.7833333333333314,0.6694444444444443,1.1037344398340332,0.035640629702788584,1.102881709729082,58.333333333333336,1.0499999999811,1.1701244813277982,5.825370317324996e-05,0.9950646448414744,0
161,107.96111111111111,0.7833333333333314,0.8250000000000028,0.6777777777777771,1.155737704918031,0.03182784203509464,0.9848968756549734,55.55555555555556,0.9999999999820001,1.2172131147541037,4.464028080519711e-08,0.9987419566037025,0
162,108.78611111111111,0.8250000000000028,0.7999999999999972,0.6875,1.2000000000000042,0.029198946240058983,0.9035469917357881,52.77777777777778,0.9499999999829001,1.1636363636363596,2.154743571070039e-11,0.9977557575727578,0
163,109.58611111111111,0.7999999999999972,0.9249999999999972,0.6875,1.1636363636363596,0.030926950364841246,0.9570192271999571,55.55555555555556,0.9999999999820001,1.3454545454545412,9.662597477699819e-08,0.9990001428899461,0
164,110.5111111111111,0.9249999999999972,0.8250000000000028,0.7166666666666686,1.2906976744185972,0.030047252252585668,0.9297974029454332,52.77777777777778,0.9499999999829001,1.1511627906976754,9.130224381441801e-14,0.9992383188246404,0
165,111.33611111111111,0.8250000000000028,0.625,0.7611111111111128,1.0839416058394173,0.0365906632059386,1.1322800279684486,58.333333333333336,1.0499999999811,0.821167883211677,1.9374306248209905e-07,0.9983150083857758,0
166,111.96111111111111,0.625,0.8388888888888886,0.7611111111111128,0.821167883211677,0.03307016250213443,1.0233398698485658,58.333333333333336,1.0499999999811,1.1021897810218948,4.8070724005810916e-05,0.9961055421646177,0
167,112.8,0.8388888888888886,0.5638888888888971,0.7916666666666643,1.0596491228070204,0.028731043299928965,0.8890679660030446,52.77777777777778,0.9499999999829001,0.7122807017543985,1.2632850969192082e-14,0.9979388281338624,0
168,113.3638888888889,0.5638888888888971,0.6361111111111057,0.7916666666666643,0.7122807017543985,0.03160352250968666,0.9779554185659532,52.77777777777778,0.9499999999829001,0.8035087719298202,3.6394476410350762e-06,0.9967938738473511,0
169,114.0,0.6361111111111057,0.6138888888888943,0.7916666666666643,0.8035087719298202,0.033818416251767486,1.0464942131244348,52.77777777777778,0.9499999999829001,0.7754385964912371,1.1734520057871123e-06,0.9968973337383096,0
170,114.6138888888889,0.6138888888888943,0.7249999999999943,0.7916666666666643,0.7754385964912371,0.03068835814441794,0.949636108602366,55.55555555555556,0.9999999999820001,0.915789473684206,2.2794704079842631e-07,0.9978139497795203,0
171,115.33888888888889,0.7249999999999943,0.4833333333333343,0.7624999999999957,0.9508196721311454,0.03331092905348139,1.030790272044303,50.0,0.8999999999838,0.6338797814207698,8.000474172042971e-10,0.9969937022965961,0
172,115.82222222222222,0.4833333333333343,0.6388888888888857,0.68055555555555,0.7102040816326602,0.028695490208095767,0.8879677931095201,52.77777777777778,0.9499999999829001,0.9387755102040846,1.8560861008154461e-06,0.9959635303336403,0
173,116.46111111111111,0.6388888888888857,0.6749999999999972,0.6374999999999957,1.0021786492374745,0.03374094162557627,1.0440967990240968,61.111111111111114,1.0999999999802001,1.0588235294117674,2.4623939680168405e-05,0.9977482047304811,0
174,117.1361111111111,0.6749999999999972,0.6861111111111171,0.6374999999999957,1.0588235294117674,0.031093526398516855,0.9621738404139226,52.77777777777778,0.9499999999829001,1.0762527233115635,3.0682834051276586e-08,0.99896269047629,0
175,117.82222222222222,0.6861111111111171,0.4138888888888914,0.6374999999999957,1.0762527233115635,0.03630653989745032,1.1234879723046587,58.333333333333336,1.0499999999811,0.6492374727668928,3.238379576941952e-05,0.9984312961161981,0
176,118.23611111111111,0.4138888888888914,0.37777777777778,0.6374999999999957,0.6492374727668928,0.03194459944628253,0.9885098761644556,52.77777777777778,0.9499999999829001,0.5925925925926,1.637016248423606e-05,0.9981113361498252,0
177,118.6138888888889,0.37777777777778,0.8944444444444457,0.625,0.604444444444448,0.03272622014609694,1.0126967432585439,55.55555555555556,0.9999999999820001,1.4311111111111132,0.027134455740451813,0.9953012206569594,0
178,119.50833333333334,0.8944444444444457,0.6111111111111001,0.6374999999999957,1.4030501089324732,0.030182178482674737,0.9339726285957334,52.77777777777778,0.9499999999829001,0.9586056644880065,7.041944067795458e-13,0.997888063131144,0
179,120.11944444444444,0.6111111111111001,0.6388888888888999,0.62638888888889,0.9756097560975416,0.027726442604405106,0.8579810929058589,47.22222222222222,0.8499999999847,1.0199556541020114,4.794508678962472e-10,0.9957378824382823,0
180,120.75833333333334,0.6388888888888999,0.3999999999999915,0.6388888888888928,1.000000000000011,0.03472379364221014,1.0745106699785438,55.55555555555556,0.9999999999820001,0.626086956521722,2.5524796001263894e-06,0.9977662236853794,0
181,121.15833333333333,0.3999999999999915,0.88333333333334,0.6249999999999929,0.6399999999999937,0.028835260707399665,0.8922929222816881,50.0,0.8999999999838,1.41333333333336,0.0035560722462832928,0.9940877706547739,0
182,122.04166666666667,0.88333333333334,1.1083333333333343,0.6388888888888928,1.3826086956521757,0.031407494947092524,0.9718894423138296,55.55555555555556,0.9999999999820001,1.734782608695643,2.919364760600729e-06,0.9984972369004763,0
183,123.15,1.1083333333333343,0.8777777777777658,0.6569444444444485,1.6871035940803292,0.03267572037995542,1.0111340528996045,58.333333333333336,1.0499999999811,1.3361522198731235,3.2002430219724154e-12,0.9988304605764882,0
184,124.02777777777777,0.8777777777777658,0.75,0.6625000000000085,1.3249475890984974,0.03299961313093112,1.0211567543485909,58.333333333333336,1.0499999999811,1.1320754716980987,1.3054849645754985e-08,0.9973361595402007,0
185,124.77777777777777,0.75,0.7805555555555657,0.69444444444445,1.0799999999999914,0.035467728221457114,1.0975313586568443,55.55555555555556,0.9999999999820001,1.1240000000000057,1.1166371223225724e-06,0.998058074483115,0
186,125.55833333333334,0.7805555555555657,0.5777777777777686,0.7652777777777828,1.019963702359353,0.03243023773366536,1.003537713471628,52.77777777777778,0.9499999999829001,0.7549909255898197,2.340488358676396e-10,0.9968743816113368,0
187,126.1361111111111,0.5777777777777686,0.5166666666666657,0.7652777777777828,0.7549909255898197,0.030230144924161102,0.9354569264725456,50.0,0.8999999999838,0.6751361161524444,8.085881297859032e-09,0.9989394034900553,0
188,126.65277777777777,0.5166666666666657,0.48888888888889426,0.69444444444445,0.7439999999999927,0.03143914161516166,0.9728687328504552,52.77777777777778,0.9499999999829001,0.7040000000000022,2.1385144464147743e-06,0.9954983144222611,0
189,127.14166666666667,0.48888888888889426,0.5999999999999943,0.69444444444445,0.7040000000000022,0.03175530655055976,0.9826523008574188,55.55555555555556,0.9999999999820001,0.8639999999999849,1.196887569676619e-05,0.9988343174836054,0
190,127.74166666666666,0.5999999999999943,0.5888888888888886,0.6749999999999972,0.8888888888888842,0.03035587625299674,0.9393476204380876,52.77777777777778,0.9499999999829001,0.8724279835390979,3.603183085232331e-09,0.9986806598454168,0
191,128.33055555555555,0.5888888888888886,0.7277777777777885,0.6749999999999972,0.8724279835390979,0.030849807602594436,0.9546320824657178,52.77777777777778,0.9499999999829001,1.078189300411543,5.929101121182612e-07,0.9963879351953455,0
192,129.05833333333334,0.7277777777777885,0.8111111111111029,0.6638888888888914,1.096234309623443,0.029477550491906434,0.9121682629135885,52.77777777777778,0.9499999999829001,1.2217573221757152,1.593308063263521e-08,0.9967976741288869,0
193,129.86944444444444,0.8111111111111029,0.6944444444444571,0.6638888888888914,1.2217573221757152,0.03139673809572071,0.9715565768529446,58.333333333333336,1.0499999999811,1.0460251046025255,2.2959472101291567e-09,0.9982448400931021,0
194,130.5638888888889,0.6944444444444571,0.7833333333333314,0.6472222222222257,1.0729613733905716,0.030562523380128426,0.9457422138777138,55.55555555555556,0.9999999999820001,1.2103004291845398,1.9410924778640037e-07,0.9985030589762203,0
195,131.34722222222223,0.7833333333333314,0.5999999999999943,0.6472222222222257,1.2103004291845398,0.030584911776867285,0.9464350117738047,52.77777777777778,0.9499999999829001,0.9270386266094283,8.696146580611241e-11,0.9987953794016327,0
196,131.94722222222222,0.5999999999999943,0.6916666666666629,0.5999999999999943,1.0,0.031836675348958794,0.9851702181962897,50.0,0.8999999999838,1.1527777777777823,1.097531094274018e-05,0.995894306457103,0
197,132.63888888888889,0.6916666666666629,0.5638888888888971,0.6458333333333286,1.070967741935486,0.031062825826373076,0.9612238263491335,55.55555555555556,0.9999999999820001,0.8731182795699116,4.643189388531255e-09,0.9994429953902433,0
198,133.20277777777778,0.5638888888888971,0.6805555555555429,0.6458333333333286,0.8731182795699116,0.03471798278393137,1.0743308558347724,55.55555555555556,0.9999999999820001,1.0537634408602032,9.414050873601809e-05,0.9972363079151244,0
199,133.88333333333333,0.6805555555555429,0.6055555555555543,0.6861111111111029,0.9919028340080907,0.029383505439833625,0.9092580851561651,52.77777777777778,0.9499999999829001,0.8825910931174177,6.358343018764145e-11,0.9991431419745742,0
200,134.48888888888888,0.6055555555555543,0.6944444444444571,0.6861111111111029,0.8825910931174177,0.03339941931984101,1.0335285596972128,55.55555555555556,0.9999999999820001,1.0121457489878847,3.576902145141503e-06,0.9966809335871691,0
201,135.18333333333334,0.6944444444444571,0.7027777777777828,0.69305555555556,1.002004008016044,0.03890082154262325,1.20376673842655,61.111111111111114,1.0999999999802001,1.0140280561122252,0.002114014932885766,0.9945572130823002,0
202,135.88611111111112,0.7027777777777828,0.6111111111111143,0.69305555555556,1.0140280561122252,0.03263224216030887,1.0097886408342274,58.333333333333336,1.0499999999811,0.8817635270541071,3.823773653266471e-08,0.9986706254371571,0
203,136.49722222222223,0.6111111111111143,0.6611111111110972,0.6861111111111029,0.890688259109327,0.031330222327191355,0.9694982791985163,55.55555555555556,0.9999999999820001,0.9635627530364286,1.0298698072119805e-07,0.9965785444728805,0
204,137.15833333333333,0.6611111111110972,0.5083333333333258,0.6708333333333201,0.9855072463768104,0.030532042081823713,0.9447989851337382,52.77777777777778,0.9499999999829001,0.7577639751552832,4.0566477954584457e-10,0.9990314963982159,0
205,137.66666666666666,0.5083333333333258,0.40555555555556566,0.6361111111111057,0.79912663755458,0.030298198344314728,0.9375628059981834,50.0,0.8999999999838,0.6375545851528597,5.386720047795279e-08,0.9927112586310561,0
206,138.07222222222222,0.40555555555556566,1.0444444444444514,0.6361111111111057,0.6375545851528597,0.02848622018475595,0.8814920354402328,50.0,0.8999999999838,1.6419213973799374,0.0014033352490514517,0.9973878412713029,0
207,139.11666666666667,1.0444444444444514,0.6972222222222229,0.6361111111111057,1.6419213973799374,0.030050807009407595,0.9299074031422347,52.77777777777778,0.9499999999829001,1.0960698689956434,1.744381980916111e-15,0.9982716962613083,0
208,139.8138888888889,0.6972222222222229,0.8527777777777601,0.6708333333333201,1.0393374741201042,0.03092374562952646,0.9569200582460786,55.55555555555556,0.9999999999820001,1.271221532091096,4.266924236162595e-07,0.9989540606354002,0
209,140.66666666666666,0.8527777777777601,0.8055555555555713,0.6777777777777771,1.2581967213114504,0.03472558731133643,1.0745661741850965,55.55555555555556,0.9999999999820001,1.1885245901639587,2.6833302513296076e-07,0.9953315034581056,0
210,141.47222222222223,0.8055555555555713,0.8916666666666515,0.69583333333334,1.1576846307385347,0.03075947235850502,0.951836702886823,52.77777777777778,0.9499999999829001,1.281437125748469,1.0441798536930946e-08,0.9971444869906343,0
211,142.36388888888888,0.8916666666666515,0.6972222222222229,0.7000000000000028,1.273809523809497,0.03301957755240777,1.021774543525593,58.333333333333336,1.0499999999811,0.9960317460317429,9.654077537391004e-10,0.9962247052793449,0
212,143.0611111111111,0.6972222222222229,0.51111111111112,0.6972222222222229,1.0,0.031195240044778003,0.9653213190366838,52.77777777777778,0.9499999999829001,0.7330677290836773,3.119048908040156e-10,0.9991497704158503,0
213,143.57222222222222,0.51111111111112,0.6333333333333258,0.6972222222222229,0.7330677290836773,0.02823668312371235,0.8737702341471708,50.0,0.8999999999838,0.9083665338645301,7.098248744341618e-08,0.9970213619628965,0
214,144.20555555555555,0.6333333333333258,0.6333333333333542,0.6972222222222229,0.9083665338645301,0.030446458253478127,0.9421506357718424,52.77777777777778,0.9499999999829001,0.9083665338645709,1.4261707370621934e-09,0.9990578072210737,0
215,144.8388888888889,0.6333333333333542,0.7333333333333201,0.6972222222222229,0.9083665338645709,0.03012268058018631,0.9321314953450323,55.55555555555556,0.9999999999820001,1.051792828685239,1.5572899414451058e-08,0.9986532663406418,0
216,145.57222222222222,0.7333333333333201,0.7277777777777885,0.7152777777777715,1.0252427184465924,0.035425049996864175,1.0962107020438783,58.333333333333336,1.0499999999811,1.017475728155364,1.9776859971898375e-06,0.9957692087889682,0
217,146.3,0.7277777777777885,0.6777777777777771,0.7125000000000057,1.0214424951267125,0.030344161813046142,0.9389851228708738,52.77777777777778,0.9499999999829001,0.9512670565302059,2.3781121516464054e-10,0.9967164055237234,0
218,146.9777777777778,0.6777777777777771,0.9055555555555372,0.7125000000000057,0.9512670565302059,0.031784222553118274,0.9835470922964649,52.77777777777778,0.9499999999829001,1.270955165691972,1.3046084177403827e-06,0.999185066489529,0
219,147.88333333333333,0.9055555555555372,0.5944444444444628,0.7125000000000057,1.270955165691972,0.031589977644129325,0.9775362793810258,58.333333333333336,1.0499999999811,0.8343079922027481,2.2342797750818377e-11,0.997257357760865,0
220,148.4777777777778,0.5944444444444628,0.46944444444443434,0.6875,0.8646464646464913,0.029844747856264224,0.9235310042677135,52.77777777777778,0.9499999999829001,0.6828282828282681,1.061075893815655e-09,0.9972103963544501,0
221,148.94722222222222,0.46944444444443434,0.6277777777777658,0.6555555555555657,0.7161016949152278,0.03276378732059635,1.0138592409469154,58.333333333333336,1.0499999999811,0.9576271186440347,0.0001937984343385324,0.9984543826177128,0
222,149.575,0.6277777777777658,0.6638888888888914,0.63333333333334,0.9912280701754093,0.03701640158515264,1.1454542921573927,61.111111111111114,1.0999999999802001,1.0482456140350807,0.003685450181365013,0.9954486669282825,0
223,150.23888888888888,0.6638888888888914,0.9000000000000057,0.6486111111111228,1.0235546038543752,0.03328361595526865,1.0299450816897535,55.55555555555556,0.9999999999820001,1.387580299785851,0.00016499447519890964,0.9971915562373866,0
224,151.13888888888889,0.9000000000000057,0.6916666666666629,0.6708333333333343,1.3416149068323047,0.028329190661699862,0.8766328342894605,50.0,0.8999999999838,1.0310559006211109,3.5194496361706405e-15,0.9977107083093891,0
225,151.83055555555555,0.6916666666666629,0.63055555555556,0.68472222222222,1.0101419878296123,0.03048582975642429,0.9433689675141818,52.77777777777778,0.9499999999829001,0.9208924949290155,8.127036821292677e-10,0.9972381319444774,0
226,152.4611111111111,0.63055555555556,0.6277777777777942,0.6708333333333343,0.9399585921325104,0.03738958176359352,1.1570021687428527,61.111111111111114,1.0999999999802001,0.9358178053830459,0.0014610076323151588,0.9953958398458417,0
227,153.0888888888889,0.6277777777777942,0.4166666666666572,0.6472222222222257,0.9699570815450845,0.02852441401044647,0.882673924540676,52.77777777777778,0.9499999999829001,0.6437768240343167,4.908129458414123e-11,0.9979906888720371,0
228,153.50555555555556,0.4166666666666572,0.7166666666666686,0.6291666666666771,0.662251655629113,0.034365289167713226,1.0634169258142045,58.333333333333336,1.0499999999811,1.1390728476821033,0.03336578607559204,0.9962060913705042,0
229,154.22222222222223,0.7166666666666686,0.44722222222222285,0.6291666666666771,1.1390728476821033,0.036817232525421184,1.139291103825606,61.111111111111114,1.0999999999802001,0.7108167770419318,0.0013485599774867296,0.9952098969979704,0
230,154.66944444444445,0.44722222222222285,1.0138888888888857,0.6291666666666771,0.7108167770419318,0.032230991707963216,0.9973721434658345,52.77777777777778,0.9499999999829001,1.61147902869754,0.012346306815743446,0.9968656372288738,0
231,155.68333333333334,1.0138888888888857,0.5555555555555429,0.6472222222222257,1.5665236051502014,0.029467550228800845,0.9118588097034852,52.77777777777778,0.9499999999829001,0.8583690987124222,7.653356136399982e-16,0.9967203367076432,0
232,156.23888888888888,0.5555555555555429,0.5611111111111313,0.6472222222222257,0.8583690987124222,0.03328317879171376,1.0299315538791376,50.0,0.8999999999838,0.8669527896995974,1.6832946130307391e-06,0.9961829774893705,0
233,156.8,0.5611111111111313,0.674999999999983,0.6291666666666771,0.8918322295805913,0.0298591880678574,0.9239778494941738,55.55555555555556,0.9999999999820001,1.0728476821191604,3.3354223205606104e-07,0.9983839573082047,0
234,157.475,0.674999999999983,0.7277777777777885,0.6291666666666771,1.0728476821191604,0.035699942169352,1.1047171047565327,58.333333333333336,1.0499999999811,1.1567328918322275,0.0004270022618584335,0.9956887907694691,0
235,158.20277777777778,0.7277777777777885,0.5833333333333144,0.6291666666666771,1.1567328918322275,0.03600162300969614,1.1140524695849836,55.55555555555556,0.9999999999820001,0.9271523178807493,1.660709676798433e-05,0.9979821430124183,0
236,158.7861111111111,0.5833333333333144,0.4416666666666913,0.6055555555555543,0.9633027522935487,0.03347422585434949,1.0358434110162165,52.77777777777778,0.9499999999829001,0.7293577981651798,1.1415214657972683e-06,0.9979280241451298,0
237,159.2277777777778,0.4416666666666913,1.1416666666666515,0.5722222222222229,0.7718446601942169,0.03388458893547665,1.048541894188297,58.333333333333336,1.0499999999811,1.9951456310679325,0.015808772295713425,0.9961370731964239,0
238,160.36944444444444,1.1416666666666515,0.8388888888889028,0.6291666666666487,1.814569536423869,0.0336635938950732,1.041703311648249,58.333333333333336,1.0499999999811,1.3333333333333937,3.083238525602994e-11,0.9957243354340851,0
239,161.20833333333334,0.8388888888889028,0.63055555555556,0.6291666666666487,1.3333333333333937,0.03062041055559415,0.9475335039750387,52.77777777777778,0.9499999999829001,1.0022075055187996,2.0228780456266193e-11,0.9992369695927981,0
240,161.8388888888889,0.63055555555556,0.5166666666666515,0.6527777777777715,0.9659574468085268,0.03649913744813419,1.1294478085297532,58.333333333333336,1.0499999999811,0.7914893617021121,0.0003560750337783247,0.995982995022657,0
241,162.35555555555555,0.5166666666666515,0.36111111111111427,0.6069444444444372,0.8512585812356831,0.03154787702730359,0.9762334965555647,50.0,0.8999999999838,0.5949656750572205,1.158779809884436e-07,0.9941869659597614,0
242,162.71666666666667,0.36111111111111427,0.6444444444444457,0.6069444444444372,0.5949656750572205,0.0342329993692703,1.0593232832410198,55.55555555555556,0.9999999999820001,1.0617848970251864,0.008667008951306343,0.9964802773415316,0
243,163.36111111111111,0.6444444444444457,0.76111111111112,0.6375000000000028,1.0108932461873612,0.03209785317826209,0.9932522373224223,50.0,0.8999999999838,1.1938997821350847,1.7718164144753246e-06,0.9977126971373731,0
244,164.12222222222223,0.76111111111112,0.6916666666666629,0.6375000000000028,1.1938997821350847,0.030340017672010274,0.9388568844702306,55.55555555555556,0.9999999999820001,1.0849673202614272,1.8844961147124195e-09,0.9991827861399971,0
245,164.8138888888889,0.6916666666666629,0.7222222222222001,0.6375000000000028,1.0849673202614272,0.03177043846665228,0.9831205505384925,55.55555555555556,0.9999999999820001,1.1328976034857992,2.636053864080168e-07,0.999215051311205,0
246,165.5361111111111,0.7222222222222001,0.7138888888889028,0.6680555555555543,1.08108108108105,0.035576576325579874,1.1008996095597257,55.55555555555556,0.9999999999820001,1.0686070686070914,5.062092441221466e-06,0.9975279241927697,0
247,166.25,0.7138888888889028,0.6388888888888857,0.7027777777777828,1.0158102766798545,0.032799799588873454,1.0149736228290505,58.333333333333336,1.0499999999811,0.9090909090908981,4.440928691451518e-08,0.9978800776795244,0
248,166.88888888888889,0.6388888888888857,0.7166666666666686,0.6680555555555543,0.9563409563409534,0.036539321081648424,1.1306912712520136,55.55555555555556,0.9999999999820001,1.0727650727650777,0.0001831095723900944,0.9956451816784546,0
249,167.60555555555555,0.7166666666666686,0.6944444444444571,0.6680555555555543,1.0727650727650777,0.034063183534944086,1.0540684159936515,52.77777777777778,0.9499999999829001,1.0395010395010604,2.8110707717132755e-07,0.9975462601970084,0
250,168.3,0.6944444444444571,0.8583333333333201,0.69305555555556,1.002004008016044,0.031132268725293146,0.9633727026099679,52.77777777777778,0.9499999999829001,1.2384769539077887,1.2779555618180893e-06,0.9948975232141799,0
251,169.15833333333333,0.8583333333333201,0.6888888888888971,0.7041666666666799,1.2189349112425618,0.027806208335674473,0.8604494041229659,50.0,0.8999999999838,0.97830374753451,5.984821403108402e-15,0.9955104373733556,0
252,169.84722222222223,0.6888888888888971,0.6972222222222229,0.7041666666666799,0.97830374753451,0.03393627958234714,1.0501414357641035,55.55555555555556,0.9999999999820001,0.9901380670611263,1.9380755134079664e-07,0.9976934716328301,0
253,170.54444444444445,0.6972222222222229,0.6472222222222115,0.7055555555555628,0.9881889763779435,0.03113183740071037,0.9633593554834645,52.77777777777778,0.9499999999829001,0.9173228346456447,4.422370802892317e-10,0.9997060820683501,0
254,171.19166666666666,0.6472222222222115,0.6388888888888857,0.69583333333334,0.930139720558858,0.03235696574574917,1.0012703479401506,55.55555555555556,0.9999999999820001,0.9181636726546774,2.5799815617233435e-08,0.999222495772833,0
255,171.83055555555555,0.6388888888888857,0.5999999999999943,0.69583333333334,0.9181636726546774,0.03076601737548989,0.9520392352096992,52.77777777777778,0.9499999999829001,0.86227544910178,2.5165067807364494e-09,0.997756643224365,0
256,172.43055555555554,0.5999999999999943,0.6666666666666856,0.6916666666666771,0.867469879518051,0.03307290789987312,1.0234248248276776,58.333333333333336,1.0499999999811,0.9638554216867599,1.2353727470326703e-05,0.9948874985903908,0
257,173.09722222222223,0.6666666666666856,0.4194444444444514,0.6777777777777914,0.9836065573770574,0.03431296674016773,1.0617978340969774,55.55555555555556,0.9999999999820001,0.6188524590163913,3.267411443630408e-07,0.9983247216050569,0
258,173.51666666666668,0.4194444444444514,0.6583333333333314,0.6777777777777914,0.6188524590163913,0.02937944166549632,0.9091323336633758,50.0,0.8999999999838,0.9713114754098138,0.00019439139578025788,0.9945072686299612,0
259,174.175,0.6583333333333314,0.6083333333333201,0.6625000000000085,0.9937106918238837,0.03025907910291377,0.936352280364956,52.77777777777778,0.9499999999829001,0.91823899371066,1.6884814657558422e-09,0.9979102767939027,0
260,174.78333333333333,0.6083333333333201,0.6805555555555713,0.6527777777777715,0.93191489361701,0.03396682142992116,1.0510865381753576,47.22222222222222,0.8499999999847,1.042553191489396,5.138494543643901e-06,0.994365317631388,0
261,175.4638888888889,0.6805555555555713,0.5,0.6527777777777715,1.042553191489396,0.0362862430312915,1.1228598957909144,55.55555555555556,0.9999999999820001,0.7659574468085181,1.5715306290076114e-05,0.9980573438906954,0
262,175.9638888888889,0.5,0.7472222222222058,0.6430555555555486,0.7775377969762503,0.03212264731403927,0.9940194796266473,55.55555555555556,0.9999999999820001,1.1619870410367041,0.0004916309262625873,0.99651083167326,0
263,176.7111111111111,0.7472222222222058,0.5944444444444343,0.6430555555555486,1.1619870410367041,0.03220975888155562,0.996715104123767,55.55555555555556,0.9999999999820001,0.9244060475161929,4.1875157563708854e-08,0.9960467565141942,0
264,177.30555555555554,0.5944444444444343,0.7083333333333428,0.6236111111111029,0.9532293986636935,0.031725887807939286,0.9817419523750852,58.333333333333336,1.0499999999811,1.1358574610245291,3.609226405387744e-05,0.9945315631635531,0
265,178.01388888888889,0.7083333333333428,0.6222222222222342,0.6333333333333258,1.1184210526316072,0.03149408972533728,0.9745690750217981,55.55555555555556,0.9999999999820001,0.9824561403509079,2.450246050500482e-08,0.9992075152178956,0
266,178.63611111111112,0.6222222222222342,0.5916666666666686,0.6402777777777828,0.9718004338394904,0.03113384788442378,0.963421568910492,52.77777777777778,0.9499999999829001,0.9240780911062864,2.4426167755109418e-08,0.9985375144810407,0
267,179.2277777777778,0.5916666666666686,0.46388888888887436,0.6152777777777771,0.9616252821670469,0.03436148671499318,1.0632992607899887,55.55555555555556,0.9999999999820001,0.7539503386004286,4.6014920371817425e-05,0.9959842729274215,0
268,179.69166666666666,0.46388888888887436,0.6638888888888914,0.6152777777777771,0.7539503386004286,0.03440010641956781,1.0644943285024755,52.77777777777778,0.9499999999829001,1.0790067720090346,0.005962359718978405,0.9950101475827977,0
269,180.35555555555555,0.6638888888888914,0.5361111111111256,0.6152777777777771,1.0790067720090346,0.03037818236042142,0.9400378719319328,52.77777777777778,0.9499999999829001,0.8713318284424624,2.1618098422493404e-09,0.9990865506567848,0
270,180.89166666666668,0.5361111111111256,0.5972222222222001,0.6083333333333343,0.8812785388128079,0.031899571878232044,0.9871165202767909,52.77777777777778,0.9499999999829001,0.9817351598173137,2.240288949906244e-06,0.9982292839341826,0
271,181.48888888888888,0.5972222222222001,0.830555555555577,0.5958333333333172,1.0023310023309924,0.03435187855892814,1.063001941138885,52.77777777777778,0.9499999999829001,1.3939393939394678,0.002115220297127962,0.9967571499378424,0
272,182.31944444444446,0.830555555555577,0.875,0.6097222222222172,1.362186788154944,0.029803160777183778,0.9222441126145257,52.77777777777778,0.9499999999829001,1.4350797266514925,1.1114646980558973e-07,0.9964049262699838,0
273,183.19444444444446,0.875,0.6888888888888687,0.6097222222222172,1.4350797266514925,0.029924491664946738,0.9259986371011817,52.77777777777778,0.9499999999829001,1.129840546697015,1.0578820805462463e-11,0.9992206698907271,0
274,183.88333333333333,0.6888888888888687,1.2138888888889028,0.6430555555555628,1.071274298056112,0.03277048370680536,1.0140664573157838,58.333333333333336,1.0499999999811,1.8876889848812097,0.0004575359052978456,0.9989803573797678,0
275,185.09722222222223,1.2138888888889028,0.48333333333332007,0.6430555555555628,1.8876889848812097,0.030953283620169362,0.9578340967996583,52.77777777777778,0.9499999999829001,0.7516198704103381,2.494763544268919e-19,0.999490100777119,0
276,185.58055555555555,0.48333333333332007,0.6416666666666799,0.6305555555555458,0.7665198237885371,0.03146810438204125,0.9737649713883547,55.55555555555556,0.9999999999820001,1.0176211453744861,6.554796709679067e-05,0.9961872932940317,0
277,186.22222222222223,0.6416666666666799,0.5916666666666686,0.6527777777777857,0.9829787234042637,0.033784678824093695,1.0454502250629158,55.55555555555556,0.9999999999820001,0.9063829787233962,1.510750280431239e-06,0.9978637361082565,0
278,186.8138888888889,0.5916666666666686,0.7527777777777658,0.6527777777777857,0.9063829787233962,0.032149519406159184,0.9948510232651393,50.0,0.8999999999838,1.1531914893616697,4.054713372170227e-06,0.9970768361623372,0
279,187.56666666666666,0.7527777777777658,0.6916666666666629,0.6652777777777743,1.1315240083507185,0.03198954040375361,0.9899005519304533,55.55555555555556,0.9999999999820001,1.0396659707724423,9.734404393668683e-09,0.9985158591096199,0
280,188.25833333333333,0.6916666666666629,0.6555555555555657,0.6902777777777658,1.0020120724346195,0.032107278053100576,0.9935438854263569,55.55555555555556,0.9999999999820001,0.94969818913484,2.3178737151852147e-08,0.9976341250461332,0
281,188.9138888888889,0.6555555555555657,0.8055555555555429,0.6902777777777658,0.94969818913484,0.03205120087677751,0.991808604859888,55.55555555555556,0.9999999999820001,1.1670020120724367,1.2611579904842074e-06,0.9972111287607888,0
282,189.71944444444443,0.8055555555555429,0.7583333333333542,0.6902777777777658,1.1670020120724367,0.0350993478143385,1.0861320086279114,58.333333333333336,1.0499999999811,1.098591549295824,3.003748645369342e-07,0.9984054961649211,0
283,190.4777777777778,0.7583333333333542,1.044444444444423,0.6902777777777658,1.098591549295824,0.03471356063370038,1.0741940145766884,61.111111111111114,1.0999999999802001,1.513078470824945,0.0014510805485770106,0.9951322964428847,0
284,191.5222222222222,1.044444444444423,0.6388888888888857,0.7222222222222143,1.4461538461538321,0.03206534085559228,0.9922461595310825,55.55555555555556,0.9999999999820001,0.8846153846153899,8.817906901349964e-15,0.9981194773083009,0
285,192.1611111111111,0.6388888888888857,0.8333333333333428,0.6736111111111143,0.9484536082474135,0.033035864481154274,1.0222785345036418,50.0,0.8999999999838,1.237113402061864,1.4308696336229332e-05,0.9969729558853597,0
286,192.99444444444444,0.8333333333333428,0.48888888888888005,0.7222222222222143,1.1538461538461795,0.030066579413442988,0.9303954724068395,52.77777777777778,0.9499999999829001,0.6769230769230721,8.964777162799586e-13,0.9953890088859543,0
287,193.48333333333332,0.48888888888888005,0.6527777777777999,0.7222222222222143,0.6769230769230721,0.036356782735964085,1.125042712164863,58.333333333333336,1.0499999999811,0.9038461538461944,0.0415814109146595,0.996084203877618,0
288,194.13611111111112,0.6527777777777999,0.7861111111110972,0.7222222222222143,0.9038461538461944,0.03432562784533652,1.0621896257525136,52.77777777777778,0.9499999999829001,1.088461538461531,2.5543715764797525e-06,0.9968323023751431,0
289,194.92222222222222,0.7861111111110972,0.61388888888888,0.7250000000000085,1.0842911877394317,0.037040197152136994,1.1461906342427748,58.333333333333336,1.0499999999811,0.8467432950191349,2.1270632259984268e-06,0.9979193713090444,0
290,195.5361111111111,0.61388888888888,0.4000000000000057,0.7069444444444599,0.8683693516699096,0.03177182201297878,0.9831633636972607,55.55555555555556,0.9999999999820001,0.5658153241650251,1.3685801825147337e-08,0.9990171776606945,0
291,195.9361111111111,0.4000000000000057,0.3722222222222342,0.705555555555577,0.5669291338582585,0.035024186630884774,1.0838061828721945,55.55555555555556,0.9999999999820001,0.5275590551181112,0.013628903776407242,0.9927615395391769,0
292,196.30833333333334,0.3722222222222342,1.10277777777776,0.6458333333333428,0.5763440860215155,0.03177420510216258,0.9832371072168162,55.55555555555556,0.9999999999820001,1.7075268817203777,0.04503888636827469,0.9912252755744893,0
293,197.4111111111111,1.10277777777776,0.586111111111137,0.6458333333333428,1.7075268817203777,0.035079447013279724,1.0855161881533655,58.333333333333336,1.0499999999811,0.9075268817204569,1.7918699510288683e-11,0.9952247319203416,0
294,197.99722222222223,0.586111111111137,0.5583333333333087,0.6263888888888829,0.9356984478936201,0.03569650709981593,1.1046108082237673,52.77777777777778,0.9499999999829001,0.8913525498891045,0.0004987295833416283,0.9942242922148541,0
295,198.55555555555554,0.5583333333333087,0.9361111111111313,0.6000000000000085,0.9305555555555013,0.029234081568837313,0.9046342371576025,50.0,0.8999999999838,1.5601851851851967,4.362531763035804e-05,0.9987502308550139,0
296,199.49166666666667,0.9361111111111313,0.6527777777777715,0.6000000000000085,1.5601851851851967,0.030007216238031466,0.9285585082190916,52.77777777777778,0.9499999999829001,1.087962962962937,5.430861381265639e-13,0.9992007344058474,0
297,200.14444444444445,0.6527777777777715,0.42222222222221717,0.6333333333333258,1.0307017543859673,0.03164658782495276,0.9792880535089038,55.55555555555556,0.9999999999820001,0.6666666666666666,2.984610603107285e-08,0.9970992941011219,0
298,200.56666666666666,0.42222222222221717,0.7805555555555657,0.6000000000000085,0.7037037037036853,0.03239405530807201,1.0024180661552557,55.55555555555556,0.9999999999820001,1.3009259259259243,0.007029220461845398,0.997190800074597,0
299,201.34722222222223,0.7805555555555657,0.6805555555555429,0.6000000000000085,1.3009259259259243,0.031426176587922364,0.9724675364763282,55.55555555555556,0.9999999999820001,1.134259259259222,8.252712291323405e-08,0.9967851851281095,0
300,202.02777777777777,0.6805555555555429,0.6611111111111256,0.6194444444444542,1.0986547085201417,0.03116875181583927,0.9645016538550285,52.77777777777778,0.9499999999829001,1.067264573991038,6.363460158809175e-08,0.9976683048986088,0
301,202.6888888888889,0.6611111111111256,0.794444444444423,0.6569444444444485,1.0063424947146036,0.030711641082464755,0.9503565876380825,55.55555555555556,0.9999999999820001,1.209302325581355,4.4094548456996563e-07,0.9980500669304679,0
302,203.48333333333332,0.794444444444423,0.7583333333333542,0.6708333333333343,1.1842650103519332,0.02897579818715546,0.8966417852856984,52.77777777777778,0.9499999999829001,1.130434782608725,4.21542072082115e-11,0.9984483126224244,0
303,204.24166666666667,0.7583333333333542,0.544444444444423,0.6708333333333343,1.130434782608725,0.03176915632434898,0.9830808752772142,58.333333333333336,1.0499999999811,0.8115942028985176,4.167768352658641e-09,0.9989667324094608,0
304,204.7861111111111,0.544444444444423,0.9083333333333599,0.6708333333333343,0.8115942028985176,0.0280467015216823,0.8678913471630955,47.22222222222222,0.8499999999847,1.354037267080783,2.5102886866079643e-05,0.9970791705460864,0
305,205.69444444444446,0.9083333333333599,1.1944444444444287,0.7194444444444485,1.2625482625482922,0.03515380351210886,1.0878171133402101,58.333333333333336,1.0499999999811,1.6602316602316287,6.990802648942918e-05,0.9976851214797173,0
306,206.88888888888889,1.1944444444444287,0.61944444444444,0.7194444444444485,1.6602316602316287,0.032727506093734274,1.012736536274007,58.333333333333336,1.0499999999811,0.86100386100385,2.0563556503346578e-16,0.9982929158073992,0
307,207.50833333333333,0.61944444444444,0.7583333333333542,0.7194444444444485,0.86100386100385,0.029955521798454697,0.9269588492798599,52.77777777777778,0.9499999999829001,1.054054054054077,3.520757729802426e-08,0.9978824721427253,0
308,208.26666666666668,0.7583333333333542,0.6305555555555316,0.7583333333333542,1.0,0.030854733089034858,0.9547844992145789,55.55555555555556,0.9999999999820001,0.831501831501777,9.053365696010118e-11,0.9991156326715136,0
309,208.8972222222222,0.6305555555555316,0.625,0.7194444444444485,0.8764478764478381,0.03388897482315591,1.0486776133196007,61.111111111111114,1.0999999999802001,0.8687258687258638,1.9661956685013138e-06,0.9980962114965739,0
310,209.5222222222222,0.625,0.7861111111111256,0.7097222222222399,0.8806262230919546,0.027755835284044062,0.8588906348820825,50.0,0.8999999999838,1.1076320939334567,3.211400922964458e-09,0.9972243817985853,0
311,210.30833333333334,0.7861111111111256,0.6416666666666515,0.7583333333333542,1.0366300366300274,0.034349281977301825,1.0629215912009808,55.55555555555556,0.9999999999820001,0.846153846153803,1.3298198098254943e-08,0.9975125286301632,0
312,210.95,0.6416666666666515,0.375,0.7000000000000028,0.9166666666666413,0.03148509316655247,0.9742906809469176,55.55555555555556,0.9999999999820001,0.5357142857142836,3.5728524583333865e-09,0.9987166882693437,0
313,211.325,0.375,0.3944444444444457,0.6361111111110915,0.58951965065504,0.04011447014318081,1.2413224958515794,66.66666666666667,1.1999999999784001,0.6200873362445626,0.6204563975334167,0.9867898240431064,1
314,211.71944444444443,0.3944444444444457,0.6083333333333485,0.6361111111110915,0.6200873362445626,0.030342955390859065,0.9389477907312501,52.77777777777778,0.9499999999829001,0.9563318777293109,0.00025323120644316077,0.9972813773408438,0
315,212.32777777777778,0.6083333333333485,0.8388888888888744,0.6277777777777658,0.9690265486726091,0.030753820833951034,0.9516618192465884,55.55555555555556,0.9999999999820001,1.3362831858407103,1.1012762115569785e-05,0.999123896989031,0
316,213.16666666666666,0.8388888888888744,0.6388888888888857,0.6277777777777658,1.3362831858407103,0.0319582227091063,0.9889314413141308,61.111111111111114,1.0999999999802001,1.0176991150442622,3.129539649648905e-08,0.9975872270882171,0
317,213.80555555555554,0.6388888888888857,0.9944444444444684,0.6347222222222086,1.006564551422336,0.030629240259239448,0.9478067347999127,52.77777777777778,0.9499999999829001,1.566739606126986,5.243535997578874e-05,0.9988683616147316,0
318,214.8,0.9944444444444684,0.5249999999999773,0.6347222222222086,1.566739606126986,0.029807491091145243,0.9223781120445388,55.55555555555556,0.9999999999820001,0.8271334792122357,5.2395581092139903e-14,0.9950113682120956,0
319,215.325,0.5249999999999773,0.6027777777777885,0.6319444444444429,0.8307692307691968,0.03270432150231823,1.0120191005262797,58.333333333333336,1.0499999999811,0.9538461538461732,0.0004286486655473709,0.9925153433794756,0
320,215.92777777777778,0.6027777777777885,0.5944444444444343,0.6236111111111171,0.9665924276169344,0.029066263915128763,0.8994412026240312,52.77777777777778,0.9499999999829001,0.9532293986636717,6.928777551706844e-09,0.9969851361661657,0
321,216.5222222222222,0.5944444444444343,0.4194444444444514,0.6055555555555685,0.9816513761467514,0.03059870326361703,0.9468617825299082,50.0,0.8999999999838,0.6926605504587122,4.5686672223155256e-09,0.9961905134794744,0
322,216.94166666666666,0.4194444444444514,0.6694444444444514,0.5986111111111114,0.700696055684466,0.03405667521515443,1.0538670192473836,55.55555555555556,0.9999999999820001,1.1183294663573196,0.045228809118270874,0.9926559169809488,0
323,217.61111111111111,0.6694444444444514,0.42777777777777715,0.6055555555555685,1.1055045871559512,0.03218550542977698,0.9959645930192349,58.333333333333336,1.0499999999811,0.7064220183486077,2.2590413095713302e-07,0.9986913177925394,0
324,218.0388888888889,0.42777777777777715,0.61944444444444,0.6055555555555685,0.7064220183486077,0.031449979525430105,0.9732041066389215,52.77777777777778,0.9499999999829001,1.0229357798164846,0.0001755676930770278,0.997796852203907,0
325,218.65833333333333,0.61944444444444,0.6583333333333314,0.6111111111111143,1.0136363636363512,0.03135489737398529,0.9702618363528841,55.55555555555556,0.9999999999820001,1.0772727272727185,8.964890412244131e-07,0.9988612968727981,0
326,219.31666666666666,0.6583333333333314,0.6500000000000057,0.6111111111111143,1.0772727272727185,0.02790695567247218,0.863566980775923,52.77777777777778,0.9499999999829001,1.0636363636363675,6.748923642163618e-09,0.9941588434343918,0
327,219.96666666666667,0.6500000000000057,0.6750000000000114,0.6111111111111143,1.0636363636363675,0.03320594745507698,1.0275416682540819,55.55555555555556,0.9999999999820001,1.1045454545454674,1.3813980331178755e-05,0.9978266991354412,0
328,220.64166666666668,0.6750000000000114,0.6416666666666515,0.6111111111111143,1.1045454545454674,0.031777058436165496,0.9833254022303951,58.333333333333336,1.0499999999811,1.0499999999999698,8.934939614846371e-07,0.9989227003384902,0
329,221.28333333333333,0.6416666666666515,0.6027777777777885,0.6305555555555458,1.017621145374441,0.03163496604900866,0.9789284233836729,52.77777777777778,0.9499999999829001,0.9559471365639085,6.910764938083958e-08,0.9981312926644315,0
330,221.88611111111112,0.6027777777777885,1.0277777777777715,0.6305555555555458,0.9559471365639085,0.0359404680612412,1.1121600598640324,58.333333333333336,1.0499999999811,1.6299559471365792,0.014079801738262177,0.9980256460349151,0
331,222.9138888888889,1.0277777777777715,0.8499999999999943,0.6458333333333286,1.5913978494623675,0.03182722832979858,0.98487788484724,61.111111111111114,1.0999999999802001,1.3161290322580654,6.996569434924993e-10,0.995946096537782,0
332,223.76388888888889,0.8499999999999943,0.7944444444444514,0.6541666666666686,1.2993630573248283,0.035151330203308455,1.087740578019111,55.55555555555556,0.9999999999820001,1.2144373673036164,5.476795763570408e-07,0.9980203756879523,0
333,224.55833333333334,0.7944444444444514,0.7666666666666515,0.6541666666666686,1.2144373673036164,0.03426013978383668,1.0601631299852927,55.55555555555556,0.9999999999820001,1.1719745222929672,5.469389066092845e-07,0.9982812092194369,0
334,225.325,0.7666666666666515,0.76111111111112,0.6666666666666714,1.149999999999969,0.03230127867583306,0.9995471390240611,58.333333333333336,1.0499999999811,1.1416666666666717,1.1050344994600891e-07,0.998151257616787,0
335,226.0861111111111,0.76111111111112,0.8000000000000114,0.7180555555555657,1.0599613152804617,0.03144492054241371,0.9730475589043519,58.333333333333336,1.0499999999811,1.1141199226305611,4.59854021528372e-09,0.9987753611863973,0
336,226.88611111111112,0.8000000000000114,0.6944444444444287,0.7638888888888857,1.0472727272727465,0.03304005949086154,1.022408347010235,55.55555555555556,0.9999999999820001,0.9090909090908922,9.735773298658046e-10,0.9982079016623352,0
337,227.58055555555555,0.6944444444444287,0.6611111111111256,0.7638888888888857,0.9090909090908922,0.036510212165602504,1.1297905102002366,61.111111111111114,1.0999999999802001,0.865454545454568,1.5538709703832865e-05,0.9972658686332833,0
338,228.24166666666667,0.6611111111111256,0.6944444444444287,0.7638888888888857,0.865454545454568,0.028552795636528572,0.8835521799631908,50.0,0.8999999999838,0.9090909090908922,9.636375031263356e-11,0.9976325846185545,0
339,228.9361111111111,0.6944444444444287,0.8888888888888857,0.7638888888888857,0.9090909090908922,0.034930837788251935,1.0809175489725507,52.77777777777778,0.9499999999829001,1.1636363636363642,1.203085503220791e-05,0.9966860334454272,0
340,229.825,0.8888888888888857,0.830555555555577,0.7805555555555515,1.1387900355871905,0.03188078934359939,0.9865353040053206,55.55555555555556,0.9999999999820001,1.0640569395018125,3.861894311285585e-12,0.9986220515963169,0
341,230.65555555555557,0.830555555555577,0.7583333333333258,0.7805555555555515,1.0640569395018125,0.03051718539723776,0.9443392523559028,55.55555555555556,0.9999999999820001,0.9715302491103157,1.1799433825843142e-11,0.9957851138435134,0
342,231.4138888888889,0.7583333333333258,0.8555555555555543,0.7638888888888857,0.9927272727272669,0.030996717039292816,0.9591781225349416,52.77777777777778,0.9499999999829001,1.120000000000003,1.7037348198911673e-09,0.9981900024330511,0
343,232.26944444444445,0.8555555555555543,0.6416666666666515,0.7638888888888857,1.120000000000003,0.030789432705102378,0.9527638110371255,55.55555555555556,0.9999999999820001,0.8399999999999836,2.2503897616904522e-12,0.9982604011883955,0
344,232.9111111111111,0.6416666666666515,0.8527777777777885,0.7597222222222229,0.844606946983526,0.03466285006469452,1.072624801027071,55.55555555555556,0.9999999999820001,1.1224862888482765,3.627310798037797e-05,0.9979968782690052,0
345,233.76388888888889,0.8527777777777885,0.8277777777777828,0.7791666666666686,1.0944741532976938,0.028024386881713385,0.8672008316338768,50.0,0.8999999999838,1.0623885918003604,4.004247884740455e-15,0.9986653638284613,0
346,234.59166666666667,0.8277777777777828,0.75,0.7930555555555543,1.043782837127854,0.031126862586931443,0.9632054123244396,55.55555555555556,0.9999999999820001,0.9457092819614726,1.0624094486100244e-11,0.9985600715514558,0
347,235.34166666666667,0.75,0.5694444444444287,0.7930555555555543,0.9457092819614726,0.026908587317567446,0.8326729643856741,50.0,0.8999999999838,0.7180385288966538,3.154922442814411e-15,0.9979939993673101,0
348,235.9111111111111,0.5694444444444287,0.5305555555555657,0.7930555555555543,0.7180385288966538,0.030216671625196766,0.935040001880545,55.55555555555556,0.9999999999820001,0.6690017513134989,3.1982972359401174e-07,0.9975415069388281,0
349,236.44166666666666,0.5305555555555657,0.575000000000017,0.7930555555555543,0.6690017513134989,0.031096621715809066,0.9622696234810529,55.55555555555556,0.9999999999820001,0.7250437828371505,7.755531441944186e-06,0.9982284365036098,0
350,237.01666666666668,0.575000000000017,0.7027777777777544,0.7541666666666629,0.7624309392265458,0.033724438008004634,1.043586102717216,61.111111111111114,1.0999999999802001,0.9318600368323863,0.00016670950572006404,0.9970731659906982,0
351,237.71944444444443,0.7027777777777544,0.7305555555555543,0.7263888888888772,0.9674952198852607,0.03195357883322805,0.9887877388652379,55.55555555555556,0.9999999999820001,1.0057361376673184,6.432220089891416e-09,0.9987440108601855,0
352,238.45,0.7305555555555543,0.45000000000001705,0.7166666666666544,1.019379844961256,0.031775197504415105,0.9832678166151106,55.55555555555556,0.9999999999820001,0.6279069767442206,1.4914417478806286e-09,0.9974863822279831,0
353,238.9,0.45000000000001705,0.5972222222222285,0.672222222222203,0.6694214876033503,0.03193138609035793,0.988100995381627,52.77777777777778,0.9499999999829001,0.8884297520661506,0.00011323762009851635,0.9960430131963267,0
354,239.49722222222223,0.5972222222222285,0.4777777777777601,0.6499999999999915,0.9188034188034405,0.03502799718771648,1.0839240986741492,55.55555555555556,0.9999999999820001,0.7350427350427174,8.793457709543873e-06,0.9983560063564343,0
355,239.975,0.4777777777777601,0.6222222222222342,0.5861111111111228,0.8151658767772048,0.032119249153451684,0.9939143252230909,55.55555555555556,0.9999999999820001,1.0616113744075824,0.00012374029029160738,0.9968920359462541,0
356,240.59722222222223,0.6222222222222342,0.6972222222222229,0.5861111111111228,1.0616113744075824,0.03245041522770282,1.004162096073946,55.55555555555556,0.9999999999820001,1.1895734597156171,3.907874270225875e-05,0.9979590946205932,0
357,241.29444444444445,0.6972222222222229,0.6805555555555429,0.5861111111111228,1.1895734597156171,0.03170675040666495,0.981149754930393,55.55555555555556,0.9999999999820001,1.161137440758249,1.6764698784754728e-06,0.9988357007280231,0
358,241.975,0.6805555555555429,0.6916666666666629,0.6097222222222314,1.1161731207288919,0.03213366024414042,0.9943602693175243,55.55555555555556,0.9999999999820001,1.1343963553530518,2.363656449233531e-06,0.9979644173434329,0
359,242.66666666666666,0.6916666666666629,0.51111111111112,0.6513888888888886,1.0618336886993551,0.032194288827852836,0.9962363909410986,55.55555555555556,0.9999999999820001,0.7846481876332763,6.271618957498504e-08,0.9963245910677321,0
360,243.17777777777778,0.51111111111112,0.6222222222222342,0.6513888888888886,0.7846481876332763,0.03245487063967676,1.0042999666002623,55.55555555555556,0.9999999999820001,0.9552238805970338,3.035643749171868e-05,0.9966498476937653,0
361,243.8,0.6222222222222342,0.625,0.6222222222222342,1.0,0.03268832411812425,1.0115240693616179,58.333333333333336,1.0499999999811,1.0044642857142663,5.36366587766679e-06,0.998236009682181,0
362,244.425,0.625,0.5916666666666686,0.6222222222222342,1.0044642857142663,0.032737698404269676,1.0130519322971165,58.333333333333336,1.0499999999811,0.9508928571428419,5.340518782759318e-06,0.9974191612973347,0
363,245.01666666666668,0.5916666666666686,0.4305555555555429,0.6222222222222342,0.9508928571428419,0.029616099489363532,0.9164555933134995,50.0,0.8999999999838,0.6919642857142521,9.971252712404066e-10,0.9955299305193395,0
364,245.44722222222222,0.4305555555555429,0.63055555555556,0.6222222222222342,0.6919642857142521,0.032108809584065104,0.9935912778967692,58.333333333333336,1.0499999999811,1.0133928571428448,0.006802033167332411,0.9928626598631864,0
365,246.07777777777778,0.63055555555556,0.38888888888888573,0.6236111111111171,1.0111358574610219,0.03179320947186817,0.9838251880652191,55.55555555555556,0.9999999999820001,0.6236080178173609,3.39045485020506e-08,0.9982431796022,0
366,246.46666666666667,0.38888888888888573,0.7805555555555657,0.6236111111111171,0.6236080178173609,0.02934550274659151,0.9080821105550796,50.0,0.8999999999838,1.2516703786191579,0.0013117378111928701,0.9975951910946117,0
367,247.24722222222223,0.7805555555555657,0.7333333333333201,0.6236111111111171,1.2516703786191579,0.034435564683125176,1.0655915669817695,55.55555555555556,0.9999999999820001,1.1759465478841544,4.9446316552348435e-06,0.9973992543175754,0
368,247.98055555555555,0.7333333333333201,0.625,0.6236111111111171,1.1759465478841544,0.030898727592710142,0.9561458874346159,55.55555555555556,0.9999999999820001,1.0022271714921953,6.197981683442322e-09,0.9993941192557035,0
369,248.60555555555555,0.625,0.7666666666666799,0.6236111111111171,1.0022271714921953,0.03462206716954833,1.0713627944491395,58.333333333333336,1.0499999999811,1.2293986636971141,0.00024328015570063144,0.99798475874462,0
370,249.37222222222223,0.7666666666666799,0.7666666666666515,0.625,1.2266666666666879,0.031024792768661054,0.9600469121345011,55.55555555555556,0.9999999999820001,1.2266666666666424,1.5156119559378567e-07,0.9970443659393772,0
371,250.13888888888889,0.7666666666666515,0.8000000000000114,0.62777777777778,1.2212389380530688,0.03480092276645354,1.076897392691493,55.55555555555556,0.9999999999820001,1.2743362831858542,3.367345198057592e-05,0.998233714993951,0
372,250.9388888888889,0.8000000000000114,0.7583333333333258,0.68194444444444,1.1731160896130588,0.032873705046034186,1.0172605907539007,58.333333333333336,1.0499999999811,1.1120162932790185,5.7922502350038485e-08,0.9973157539077333,0
373,251.69722222222222,0.7583333333333258,0.6416666666666799,0.7458333333333229,1.016759776536317,0.030047476318022088,0.9298043365398638,52.77777777777778,0.9499999999829001,0.8603351955307561,1.3766625860112125e-11,0.9977914489027132,0
374,252.3388888888889,0.6416666666666799,0.5694444444444287,0.7458333333333229,0.8603351955307561,0.027795205545654206,0.8601089282118909,50.0,0.8999999999838,0.763500931098686,5.498948952437077e-12,0.9980486572781535,0
375,252.90833333333333,0.5694444444444287,0.6583333333333314,0.7458333333333229,0.763500931098686,0.03148426343594678,0.9742650053425118,52.77777777777778,0.9499999999829001,0.8826815642458199,1.8452213907949044e-06,0.9954584207311006,0
376,253.56666666666666,0.6583333333333314,0.6555555555555657,0.7458333333333229,0.8826815642458199,0.03134924897433808,0.9700870494113487,52.77777777777778,0.9499999999829001,0.8789571694599886,1.0045438258998729e-08,0.9967775705233771,0
377,254.22222222222223,0.6555555555555657,0.6527777777777715,0.6958333333333258,0.9421157684630986,0.03054329943394123,0.9451473383433734,52.77777777777778,0.9499999999829001,0.9381237524950111,1.0060389188382146e-09,0.9991016882665313,0
378,254.875,0.6527777777777715,0.7416666666666742,0.6569444444444485,0.9936575052853964,0.03203271226128454,0.9912364837712471,52.77777777777778,0.9499999999829001,1.128964059196622,3.225211457902333e-07,0.9986020374213722,0
379,255.61666666666667,0.7416666666666742,1.033333333333303,0.7000000000000028,1.059523809523816,0.03271343089261457,1.0123009861166408,58.333333333333336,1.0499999999811,1.476190476190427,4.4566389988176525e-05,0.9984851836471147,0
380,256.65,1.033333333333303,0.5500000000000114,0.7000000000000028,1.476190476190427,0.03586889042829647,1.1099451253115638,55.55555555555556,0.9999999999820001,0.7857142857142988,1.0632973668212031e-11,0.9979677021723743,0
381,257.2,0.5500000000000114,0.6500000000000341,0.6569444444444485,0.8372093023255934,0.03152995248164319,0.9756788303297176,52.77777777777778,0.9499999999829001,0.9894291754757328,1.0574528914730763e-06,0.9971174446553719,0
382,257.85,0.6500000000000341,0.6222222222222058,0.6541666666666686,0.9936305732484569,0.03309256737145525,1.024033177480582,55.55555555555556,0.9999999999820001,0.9511677282377641,3.6166875361232087e-07,0.9989098374807323,0
383,258.47222222222223,0.6222222222222058,0.5249999999999773,0.6513888888889028,0.9552238805969694,0.028894912003165643,0.8941388022117162,52.77777777777778,0.9499999999829001,0.8059701492536793,2.8313590361150887e-10,0.9974983598573769,0
384,258.9972222222222,0.5249999999999773,0.38333333333332575,0.6513888888889028,0.8059701492536793,0.03403923485296401,1.0533273358402369,52.77777777777778,0.9499999999829001,0.5884861407249226,4.581629127642373e-06,0.996827175003274,0
385,259.38055555555553,0.38333333333332575,0.63611111111112,0.6513888888889028,0.5884861407249226,0.030600770783228405,0.9469257609046706,52.77777777777778,0.9499999999829001,0.9765458422174768,0.0009757041116245091,0.9952357184054912,0
386,260.01666666666665,0.63611111111112,0.9805555555555543,0.643055555555577,0.9892008639308663,0.031631458842247884,0.978819894600064,58.333333333333336,1.0499999999811,1.5248380129589103,0.0003148009127471596,0.9969174072740044,0
387,260.9972222222222,0.9805555555555543,0.5333333333333599,0.643055555555577,1.5248380129589103,0.03382042243785095,1.0465562935634232,55.55555555555556,0.9999999999820001,0.8293736501080049,1.7862872639384797e-11,0.9985633917491925,0
388,261.53055555555557,0.5333333333333599,0.6722222222222172,0.6291666666666629,0.8476821192053453,0.03298537920677761,1.0207162925852191,55.55555555555556,0.9999999999820001,1.068432671081676,5.9728910855483264e-05,0.9968277886492225,0
389,262.2027777777778,0.6722222222222172,0.705555555555577,0.6291666666666629,1.068432671081676,0.030655350660617916,0.9486147082940439,55.55555555555556,0.9999999999820001,1.1214128035320496,1.373667259940703e-07,0.9986187686477495,0
390,262.90833333333336,0.705555555555577,0.6361111111110631,0.6291666666666629,1.1214128035320496,0.03285662280052896,1.0167319890909692,58.333333333333336,1.0499999999811,1.0110375275937489,1.4551125104844687e-06,0.9979965086563025,0
391,263.5444444444444,0.6361111111110631,0.6583333333333599,0.6361111111110915,0.9999999999999554,0.02972780141454622,0.9199121543016986,50.0,0.8999999999838,1.0349344978166675,6.2784732968168555e-09,0.9971652307930485,0
392,264.2027777777778,0.6583333333333599,0.3777777777777942,0.6361111111110915,1.0349344978166675,0.034333852043098335,1.062444119496433,52.77777777777778,0.9499999999829001,0.5938864628821402,2.5567476313881343e-07,0.9972473452399979,0
393,264.5805555555556,0.3777777777777942,0.9777777777777601,0.6361111111110915,0.5938864628821402,0.0326004450506429,1.008804694956579,55.55555555555556,0.9999999999820001,1.5371179039301506,0.02925497479736805,0.9950279296157614,0
394,265.55833333333334,0.9777777777777601,0.6527777777777715,0.6472222222222399,1.510729613733837,0.03264055887606659,1.0100459975019038,58.333333333333336,1.0499999999811,1.0085836909870871,2.6560528082475443e-11,0.998921374760877,0
395,266.2111111111111,0.6527777777777715,0.9166666666666856,0.6555555555555657,0.9957627118643818,0.030945825411924976,0.9576033062236028,50.0,0.8999999999838,1.39830508474577,9.006056643556803e-06,0.9990284959416862,0
396,267.1277777777778,0.9166666666666856,0.8416666666666401,0.6652777777777885,1.3778705636743278,0.03397354523370332,1.0512946029675059,58.333333333333336,1.0499999999811,1.265135699373635,7.620510444894535e-08,0.9975857519364213,0
397,267.96944444444443,0.8416666666666401,0.7666666666666515,0.6652777777777885,1.265135699373635,0.03276396256246332,1.013864663720067,55.55555555555556,0.9999999999820001,1.1524008350730275,1.5369877814919164e-08,0.9966984266232229,0
398,268.7361111111111,0.7666666666666515,0.4444444444444571,0.6888888888888971,1.1129032258064164,0.02884468783614424,0.8925846401316352,50.0,0.8999999999838,0.6451612903225913,9.86693094850305e-14,0.9983592679630419,0
399,269.18055555555554,0.4444444444444571,0.6000000000000227,0.6819444444444684,0.6517311608961259,0.030449118108377683,0.9422329436699833,52.77777777777778,0.9499999999829001,0.8798370672097784,6.772005872335285e-05,0.9946926335992359,0
400,269.78055555555557,0.6000000000000227,0.6388888888888573,0.6555555555555657,0.9152542372881561,0.03442006540780623,1.0651119495506,58.333333333333336,1.0499999999811,0.9745762711863775,3.9499951526522636e-05,0.9968322875477911,0
401,270.4194444444444,0.6388888888888573,0.6027777777778169,0.6555555555555657,0.9745762711863775,0.03298867631559921,1.0208183199917114,52.77777777777778,0.9499999999829001,0.9194915254237743,2.8484495828706713e-07,0.9974848672936212,0
402,271.02222222222224,0.6027777777778169,0.658333333333303,0.6458333333333144,0.9333333333334214,0.03423927315577493,1.0595174224704442,52.77777777777778,0.9499999999829001,1.0193548387096605,1.742092899803538e-05,0.9961001553863869,0
403,271.68055555555554,0.658333333333303,1.1333333333333258,0.6555555555555372,1.004237288135575,0.03510154985023872,1.0862001495428943,55.55555555555556,0.9999999999820001,1.7288135593220706,0.005267519038170576,0.9969673053279959,0
404,272.81388888888887,1.1333333333333258,0.8500000000000227,0.6555555555555372,1.7288135593220706,0.03301245497575627,1.0215541389036604,52.77777777777778,0.9499999999829001,1.2966101694915964,3.17271369224513e-14,0.9977763194848981,0
405,273.6638888888889,0.8500000000000227,0.5722222222221944,0.7124999999999773,1.1929824561404208,0.030497399368629236,0.9437269834582293,52.77777777777778,0.9499999999829001,0.8031189083820529,3.6979070521837853e-13,0.9993059408753091,0
406,274.2361111111111,0.5722222222221944,0.8027777777778056,0.6486111111110802,0.8822269807280506,0.032970641570829184,1.0202602437087624,55.55555555555556,0.9999999999820001,1.2376873661671255,0.0001819620665628463,0.9969327281495755,0
407,275.0388888888889,0.8027777777778056,0.9111111111110972,0.6486111111110802,1.2376873661671255,0.029883025586983088,0.9247154897678804,52.77777777777778,0.9499999999829001,1.4047109207709236,6.609459290984887e-08,0.9982024203238488,0
408,275.95,0.9111111111110972,0.7527777777777942,0.6486111111110802,1.4047109207709236,0.030169039384154765,0.9335660456716703,55.55555555555556,0.9999999999820001,1.160599571734556,2.2932050355861655e-11,0.9967186501700416,0
409,276.7027777777778,0.7527777777777942,0.7916666666666856,0.7055555555555486,1.0669291338583016,0.02934638555793471,0.9081094287167304,55.55555555555556,0.9999999999820001,1.1220472440945262,4.269150033486824e-10,0.9987761656660064,0
410,277.49444444444447,0.7916666666666856,0.6833333333333371,0.7722222222222399,1.0251798561151089,0.029532394833420038,0.9138653940148597,50.0,0.8999999999838,0.8848920863309199,1.164117494891967e-13,0.998760927610294,0
411,278.1777777777778,0.6833333333333371,0.7555555555555316,0.7722222222222399,0.8848920863309199,0.03479991293502893,1.076866143956064,55.55555555555556,0.9999999999820001,0.9784172661869969,4.4835735479864525e-07,0.9990007915186931,0
412,278.93333333333334,0.7555555555555316,0.8888888888888573,0.7736111111111086,0.976660682226184,0.03489493258754728,1.0798064802436438,61.111111111111114,1.0999999999802001,1.149012567324918,3.0163498649926623e-06,0.9962899973342834,0
413,279.8222222222222,0.8888888888888573,0.922222222222274,0.7972222222222456,1.1149825783971403,0.03187882712096929,0.9864745839937158,58.333333333333336,1.0499999999811,1.1567944250871391,1.5749029858014296e-10,0.9981584715889774,0
414,280.74444444444447,0.922222222222274,0.7138888888888459,0.7972222222222456,1.1567944250871391,0.0291920855697569,0.9033346916766773,52.77777777777778,0.9499999999829001,0.8954703832751812,1.135064912781349e-15,0.9974937369330938,0
415,281.4583333333333,0.7138888888888459,0.5416666666666856,0.7736111111111086,0.9228007181328021,0.031043532314135567,0.9606267981276732,52.77777777777778,0.9499999999829001,0.7001795332136713,1.938006422008698e-10,0.9976015783882529,0
416,282.0,0.5416666666666856,0.6527777777777715,0.7736111111111086,0.7001795332136713,0.03427807430259074,1.060718104823605,52.77777777777778,0.9499999999829001,0.8438061041292585,0.000599367602262646,0.9946363663475367,0
417,282.65277777777777,0.6527777777777715,0.8138888888888687,0.7541666666666629,0.8655616942909721,0.030405146759886304,0.940872271975693,55.55555555555556,0.9999999999820001,1.0791896869244721,4.686254229113729e-08,0.9988734298092197,0
418,283.46666666666664,0.8138888888888687,0.7222222222222285,0.7541666666666629,1.0791896869244721,0.03508167721574958,1.0855852006689553,55.55555555555556,0.9999999999820001,0.9576427255985399,2.7212223585593165e-08,0.9964266577541319,0
419,284.18888888888887,0.7222222222222285,0.6000000000000227,0.73888888888888,0.9774436090225767,0.03422584971785374,1.0591020408038345,52.77777777777778,0.9499999999829001,0.8120300751880104,1.1397402488455555e-07,0.9943277666366885,0
420,284.7888888888889,0.6000000000000227,0.3916666666666515,0.7180555555555372,0.8355899419729736,0.03368857652100678,1.0424763866874083,52.77777777777778,0.9499999999829001,0.5454545454545383,3.093398959208571e-07,0.9970159987210161,0
421,285.18055555555554,0.3916666666666515,0.6750000000000114,0.7180555555555372,0.5454545454545383,0.03513486157933463,1.0872309645718572,55.55555555555556,0.9999999999820001,0.9400386847195756,0.005421091336756945,0.9979851119626826,0
422,285.85555555555555,0.6750000000000114,0.7833333333333599,0.6944444444444287,0.9720000000000385,0.03088297493662159,0.9556584292604873,55.55555555555556,0.9999999999820001,1.1280000000000638,3.982371765687276e-08,0.9985609083914921,0
423,286.6388888888889,0.7833333333333599,0.6888888888888687,0.6944444444444287,1.1280000000000638,0.032273617791028913,0.9986911865849539,58.333333333333336,1.0499999999811,0.9919999999999934,5.1370134812600554e-09,0.9983200954437097,0
424,287.3277777777778,0.6888888888888687,0.6194444444444116,0.68194444444444,1.010183299388979,0.03495182129111556,1.0815668731205055,55.55555555555556,0.9999999999820001,0.9083503054989394,8.130104447445774e-07,0.9985347289139059,0
425,287.9472222222222,0.6194444444444116,0.6083333333333485,0.6638888888888914,0.9330543933053863,0.02850327186488852,0.8820196912727808,47.22222222222222,0.8499999999847,0.9163179916318185,4.2303459346637595e-11,0.9976361133424531,0
426,288.55555555555554,0.6083333333333485,0.6500000000000341,0.6638888888888914,0.9163179916318185,0.0363572544547806,1.1250573092710086,58.333333333333336,1.0499999999811,0.9790794979079974,0.00029133117641322315,0.9965087635444585,0
427,289.2055555555556,0.6500000000000341,0.6194444444444116,0.6625000000000227,0.9811320754717159,0.03204833715661722,0.9917199884517914,55.55555555555556,0.9999999999820001,0.9350104821802119,4.967034783476265e-08,0.9990460102579684,0
428,289.825,0.6194444444444116,0.7250000000000227,0.6347222222222229,0.9759299781181092,0.03465664103341812,1.0724326656162493,55.55555555555556,0.9999999999820001,1.1422319474836233,4.425890801940113e-05,0.9979531720669246,0
429,290.55,0.7250000000000227,1.0,0.6347222222222229,1.1422319474836233,0.037364742968832194,1.1562335444883873,61.111111111111114,1.0999999999802001,1.5754923413566724,0.0238999854773283,0.9953796214300036,0
430,291.55,1.0,0.8722222222222058,0.6625000000000227,1.509433962264099,0.03185634321656391,0.9857788306599846,52.77777777777778,0.9499999999829001,1.3165618448636618,5.750716309399495e-12,0.9979850869615889,0
431,292.4222222222222,0.8722222222222058,0.5972222222222285,0.68194444444444,1.27902240325864,0.030588263328714664,0.9465387238928807,55.55555555555556,0.9999999999820001,0.8757637474541901,4.7922547007084315e-12,0.9981166264394965,0
432,293.01944444444445,0.5972222222222285,0.9444444444444571,0.6694444444444514,0.8921161825726143,0.030768946295808224,0.9521298692045327,52.77777777777778,0.9499999999829001,1.410788381742743,6.921747990418226e-05,0.9984419439551313,0
433,293.9638888888889,0.9444444444444571,0.6166666666666742,0.6694444444444514,1.410788381742743,0.031704316249154374,0.9810744311266499,55.55555555555556,0.9999999999820001,0.9211618257261428,3.4726978237475947e-12,0.9969007945661428,0
434,294.5805555555556,0.6166666666666742,0.375,0.6347222222222229,0.9715536105032933,0.02859927736057154,0.884990533990916,50.0,0.8999999999838,0.5908096280087521,1.9317832056220396e-11,0.9980483814639902,0
435,294.9555555555556,0.375,0.6916666666666629,0.6347222222222229,0.5908096280087521,0.03210746695352128,0.9935497308567179,52.77777777777778,0.9499999999829001,1.0897155361050257,0.002821472240611911,0.9974234440505513,0
436,295.64722222222224,0.6916666666666629,0.5666666666666629,0.6708333333333485,1.031055900621089,0.03559056823816924,1.1013325823945948,55.55555555555556,0.9999999999820001,0.8447204968943852,4.188652837910922e-06,0.997880338413379,0
437,296.2138888888889,0.5666666666666629,0.86388888888888,0.6555555555555372,0.8644067796610353,0.030340150527653303,0.9388609956225855,52.77777777777778,0.9499999999829001,1.3177966101695149,3.4599688660819083e-05,0.9981776769719982,0
438,297.0777777777778,0.86388888888888,0.9805555555555543,0.7083333333333428,1.2196078431372261,0.034522970202093835,1.0682962876616169,58.333333333333336,1.0499999999811,1.3843137254901758,2.6462046207598178e-06,0.998538540641903,0
439,298.05833333333334,0.9805555555555543,0.955555555555577,0.7777777777777715,1.2607142857142943,0.03409257220989109,1.0549778340466578,58.333333333333336,1.0499999999811,1.2285714285714662,2.1560150886834606e-10,0.9976917915506771,0
440,299.0138888888889,0.955555555555577,0.9166666666666288,0.7777777777777715,1.2285714285714662,0.03594385978052814,1.1122650149447166,55.55555555555556,0.9999999999820001,1.1785714285713895,6.351909553892199e-10,0.9973256703767313,0
441,299.93055555555554,0.9166666666666288,0.5500000000000114,0.7777777777777715,1.1785714285713895,0.03098217005250568,0.9587279732027612,52.77777777777778,0.9499999999829001,0.7071428571428775,1.4802605484681014e-14,0.9988071212916274,0
442,300.48055555555555,0.5500000000000114,0.7527777777777942,0.7777777777777715,0.7071428571428775,0.03078479931607457,0.952620433098648,52.77777777777778,0.9499999999829001,0.9678571428571718,9.251042683899868e-06,0.997999021813103,0
443,301.23333333333335,0.7527777777777942,0.6750000000000114,0.7222222222222285,1.042307692307706,0.034468661290861534,1.0666157251863495,55.55555555555556,0.9999999999820001,0.9346153846153922,4.959224142453422e-08,0.9982653260358048,0
444,301.90833333333336,0.6750000000000114,0.6999999999999886,0.7222222222222285,0.9346153846153922,0.030577173496358735,0.9461955544996543,52.77777777777778,0.9499999999829001,0.969230769230745,1.2285688022473096e-09,0.9984256877821437,0
445,302.60833333333335,0.6999999999999886,0.6833333333333371,0.7263888888888914,0.9636711281070556,0.03320642264813918,1.0275563728690469,61.111111111111114,1.0999999999802001,0.9407265774378605,1.2650954772652767e-07,0.9977142767317662,0
446,303.2916666666667,0.6833333333333371,0.7694444444444457,0.7263888888888914,0.9407265774378605,0.030856026310562355,0.9548245173169861,55.55555555555556,0.9999999999820001,1.0592734225621396,6.733365420785731e-09,0.9987789661356445,0
447,304.06111111111113,0.7694444444444457,0.41666666666662877,0.76111111111112,1.0109489051094789,0.034930490899666614,1.0809068146763483,55.55555555555556,0.9999999999820001,0.5474452554743964,1.3023016443014512e-08,0.9987145797213861,0
448,304.47777777777776,0.41666666666662877,0.61388888888888,0.7263888888888914,0.5736137667303474,0.03708491174391573,1.1475743052340568,61.111111111111114,1.0999999999802001,0.8451242829827764,0.6281372904777527,0.9872255707767414,1
449,305.09166666666664,0.61388888888888,0.8527777777778169,0.6916666666666629,0.8875502008032049,0.03163640211828504,0.978972861839223,58.333333333333336,1.0499999999811,1.2329317269076938,4.157770672463812e-05,0.9956206031863837,0
450,305.94444444444446,0.8527777777778169,0.5083333333333258,0.6916666666666629,1.2329317269076938,0.028093253899168873,0.8693318875267897,50.0,0.8999999999838,0.7349397590361376,1.105780654454163e-15,0.9983229635788775,0
451,306.4527777777778,0.5083333333333258,0.658333333333303,0.6791666666666742,0.7484662576686921,0.03474734242342632,1.0752393754000338,52.77777777777778,0.9499999999829001,0.9693251533741777,0.000641958205960691,0.996541392249917,0
452,307.1111111111111,0.658333333333303,0.6166666666666742,0.6791666666666742,0.9693251533741777,0.02909700251763965,0.9003923935197756,55.55555555555556,0.9999999999820001,0.9079754601227004,6.191503421071332e-10,0.9976612339250384,0
453,307.72777777777776,0.6166666666666742,0.88611111111112,0.6666666666666572,0.9250000000000245,0.02963474195593936,0.9170324752480269,52.77777777777778,0.9499999999829001,1.3291666666666988,3.78359982278198e-06,0.9976078523482097,0
454,308.6138888888889,0.88611111111112,0.7777777777777715,0.6708333333333201,1.3209109730849253,0.037740784487133715,1.1678699638247454,61.111111111111114,1.0999999999802001,1.159420289855086,1.607567901373841e-05,0.9971503709057237,0
455,309.39166666666665,0.7777777777777715,0.6999999999999886,0.6708333333333201,1.159420289855086,0.03378477289395566,1.045453136008403,58.333333333333336,1.0499999999811,1.043478260869569,1.786617644938815e-07,0.9981555902207788,0
456,310.09166666666664,0.6999999999999886,0.7250000000000227,0.6791666666666458,1.0306748466257818,0.03667181356162682,1.1347911857053599,61.111111111111114,1.0999999999802001,1.0674846625767533,6.448991189245135e-05,0.9972720147343442,0
457,310.81666666666666,0.7250000000000227,0.63611111111112,0.6791666666666458,1.0674846625767533,0.028489464315595944,0.8815924234692109,50.0,0.8999999999838,0.936605316973457,4.090612831103568e-12,0.9981295717866899,0
458,311.4527777777778,0.63611111111112,0.8944444444444457,0.6791666666666458,0.936605316973457,0.03038252337184137,0.9401722023895233,50.0,0.8999999999838,1.3169734151329666,1.438382241758518e-06,0.9996253037845431,0
459,312.34722222222223,0.8944444444444457,0.6527777777777715,0.7125000000000057,1.2553606237816681,0.028827969024393385,0.8920672847470029,52.77777777777778,0.9499999999829001,0.9161793372319527,7.0760412435619084e-15,0.9981190190102154,0
460,313.0,0.6527777777777715,1.194444444444457,0.6791666666666458,0.9611451942740489,0.030004690136306463,0.928480339246976,50.0,0.8999999999838,1.7586912065440399,0.00012956929276697338,0.9971340183594661,0
461,314.19444444444446,1.194444444444457,0.7194444444444343,0.7125000000000057,1.6764132553606281,0.03155181628247503,0.9763553948641739,55.55555555555556,0.9999999999820001,1.009746588693935,7.788772352468711e-18,0.9982408956215871,0
462,314.9138888888889,0.7194444444444343,0.4277777777777487,0.7222222222222285,0.9961538461538234,0.0331319345645207,1.025251375855788,61.111111111111114,1.0999999999802001,0.5923076923076469,8.612536817054206e-08,0.9980067901656402,0
463,315.34166666666664,0.4277777777777487,0.7000000000000455,0.7222222222222285,0.5923076923076469,0.03256493409868505,1.0077058260607157,52.77777777777778,0.9499999999829001,0.9692307692308237,0.0012876598630100489,0.9980736008133044,0
464,316.0416666666667,0.7000000000000455,0.8416666666666401,0.7097222222222399,0.9863013698630532,0.03061295522161167,0.9473028023416005,55.55555555555556,0.9999999999820001,1.1859099804304614,7.530277912337624e-08,0.997383017780382,0
465,316.8833333333333,0.8416666666666401,0.8694444444444684,0.7097222222222399,1.1859099804304614,0.032700391927338174,1.011897501766419,58.333333333333336,1.0499999999811,1.225048923679064,3.842827211997246e-08,0.9980997290730331,0
466,317.7527777777778,0.8694444444444684,0.8277777777777828,0.7222222222222285,1.2038461538461767,0.03029806217816978,0.9375585924039794,50.0,0.8999999999838,1.1461538461538432,4.62297897445979e-13,0.9987543543832502,0
467,318.5805555555556,0.8277777777777828,0.5861111111111086,0.7736111111111086,1.0700179533213745,0.029910136190222265,0.9255544140153348,50.0,0.8999999999838,0.7576301615798915,4.9408651540787385e-14,0.996593700863173,0
468,319.1666666666667,0.5861111111111086,0.6194444444444116,0.7736111111111086,0.7576301615798915,0.0335271600523708,1.0374814336691192,52.77777777777778,0.9499999999829001,0.8007181328545383,7.22835420674528e-06,0.9968587168330729,0
469,319.7861111111111,0.6194444444444116,0.7638888888889142,0.7097222222222399,0.8727984344422021,0.03258878133523726,1.0084437670353936,55.55555555555556,0.9999999999820001,1.0763209393346467,9.940295058186166e-07,0.9983334988697636,0
470,320.55,0.7638888888889142,0.5027777777777942,0.7416666666666742,1.029962546816503,0.03216440831743656,0.9953117532820479,55.55555555555556,0.9999999999820001,0.6779026217228616,9.032293246669099e-10,0.9975747453312294,0
471,321.0527777777778,0.5027777777777942,0.7444444444444116,0.7097222222222399,0.70841487279844,0.0318404972567632,0.9852884852484968,58.333333333333336,1.0499999999811,1.048923679060593,0.0005800718208774924,0.9969657427144252,0
472,321.7972222222222,0.7444444444444116,0.5888888888889028,0.7222222222222285,1.0307692307691763,0.03205748777381926,0.9920031497884182,58.333333333333336,1.0499999999811,0.8153846153846275,4.3520418380182946e-09,0.9989169817034893,0
473,322.3861111111111,0.5888888888889028,0.6555555555555657,0.7222222222222285,0.8153846153846275,0.03744374959361953,1.1586783655297666,58.333333333333336,1.0499999999811,0.9076923076923138,0.0022500406485050917,0.9962958488282398,0
474,323.0416666666667,0.6555555555555657,0.658333333333303,0.6999999999999886,0.9365079365079662,0.03169993193461589,0.9809387606754117,52.77777777777778,0.9499999999829001,0.9404761904761625,5.687240900442703e-09,0.9990518155335002,0
475,323.7,0.658333333333303,0.47777777777781694,0.6569444444444343,1.0021141649048317,0.03551546443957749,1.0990085323851322,52.77777777777778,0.9499999999829001,0.727272727272798,1.5562379758193856e-06,0.9980290601481232,0
476,324.1777777777778,0.47777777777781694,0.5194444444443889,0.6374999999999886,0.7494553376907066,0.031373719878735024,0.970844289479916,55.55555555555556,0.9999999999820001,0.8148148148147422,1.132076340581989e-05,0.9950880412842382,0
477,324.6972222222222,0.5194444444443889,0.7194444444444912,0.6041666666666572,0.8597701149424503,0.03072458206027278,0.9507570398144188,55.55555555555556,0.9999999999820001,1.1908045977012454,1.359769066766603e-05,0.9984939521976266,0
478,325.4166666666667,0.7194444444444912,0.4361111111110745,0.6374999999999886,1.1285403050109868,0.03078854741097262,0.9527364160468691,52.77777777777778,0.9499999999829001,0.6840958605664036,1.4229502298679364e-10,0.9992040858983693,0
479,325.85277777777776,0.4361111111110745,0.47500000000002274,0.6222222222222342,0.7008928571427847,0.028886146608374724,0.8938675613926264,50.0,0.8999999999838,0.763392857142879,1.5516275198024232e-07,0.9971754645439628,0
480,326.3277777777778,0.47500000000002274,1.1777777777777487,0.5541666666666458,0.8571428571429304,0.035591690559997585,1.1013673120900922,58.333333333333336,1.0499999999811,2.1253132832080475,0.017280325293540955,0.9933975463383395,0
481,327.50555555555553,1.1777777777777487,0.6694444444444798,0.6222222222222342,1.8928571428570597,0.03282318952868653,1.0156974129816552,61.111111111111114,1.0999999999802001,1.0758928571428932,3.296692888295205e-13,0.9972650299958137,0
482,328.175,0.6694444444444798,0.4444444444444571,0.6222222222222342,1.0758928571428932,0.03076374185830182,0.9519688204525014,52.77777777777778,0.9499999999829001,0.7142857142857209,1.1487265583198791e-09,0.998506578479476,0
483,328.61944444444447,0.4444444444444571,0.6722222222222172,0.5874999999999773,0.7565011820331478,0.03350460111041878,1.0367833583355124,58.333333333333336,1.0499999999811,1.1442080378250947,0.00543074868619442,0.9968625901326202,0
484,329.2916666666667,0.6722222222222172,0.5138888888888573,0.5888888888888459,1.1415094339623388,0.031025256747680675,0.9600612697364488,55.55555555555556,0.9999999999820001,0.8726415094339722,5.274718972714254e-08,0.9981131185576533,0
485,329.80555555555554,0.5138888888888573,0.6750000000000114,0.5166666666666231,0.9946236559140013,0.03067928002077433,0.9493551905431542,52.77777777777778,0.9499999999829001,1.306451612903358,0.0010508171981200576,0.9936785944333424,0
486,330.48055555555555,0.6750000000000114,0.8388888888889028,0.5944444444444343,1.1355140186916273,0.03197412625215329,0.9894235686107772,50.0,0.8999999999838,1.4112149532710754,4.0734492358751595e-05,0.9967494973153566,0
487,331.31944444444446,0.8388888888889028,0.6999999999999886,0.6708333333333485,1.2505175983436778,0.03439059259403857,1.0641999278632823,55.55555555555556,0.9999999999820001,1.0434782608695248,2.3443554653113097e-08,0.9977451631076284,0
488,332.01944444444445,0.6999999999999886,0.9666666666666401,0.6708333333333485,1.0434782608695248,0.031952404021420855,0.9887513848932308,58.333333333333336,1.0499999999811,1.4409937888198037,0.00011994989472441375,0.995343375301863,0
489,332.9861111111111,0.9666666666666401,1.5333333333333599,0.6736111111111143,1.4350515463917064,0.032252094889759456,0.9980251710193386,55.55555555555556,0.9999999999820001,2.276288659793843,2.1760475647170097e-05,0.9954471216868328,0
490,334.51944444444445,1.5333333333333599,0.6805555555555429,0.6875,2.230303030303069,0.03215836604470446,0.9951247781321418,52.77777777777778,0.9499999999829001,0.9898989898989715,5.3033059731046e-24,0.9968530027123741,0
491,335.2,0.6805555555555429,0.6861111111111313,0.6777777777777771,1.0040983606557201,0.0315059750459368,0.974936860406422,50.0,0.8999999999838,1.0122950819672438,8.76544792305367e-09,0.9960927809179007,0
492,335.8861111111111,0.6861111111111313,0.6222222222222058,0.6833333333333371,1.0040650406504306,0.03483546579750457,1.077966309752232,55.55555555555556,0.9999999999820001,0.9105691056910278,7.80549612500181e-07,0.9982814351229422,0
493,336.5083333333333,0.6222222222222058,0.8111111111111313,0.6833333333333371,0.9105691056910278,0.03557706202581347,1.1009146393139277,58.333333333333336,1.0499999999811,1.186991869918722,0.00021176337031647563,0.9975915215581248,0
494,337.31944444444446,0.8111111111111313,0.7222222222222285,0.69305555555556,1.170340681362747,0.029602039679959048,0.9160205194451703,52.77777777777778,0.9499999999829001,1.0420841683366757,7.239449924950625e-12,0.9974402084648597,0
495,338.0416666666667,0.7222222222222285,0.6499999999999773,0.7111111111111086,1.0156250000000124,0.030201410667391255,0.9345677590673007,52.77777777777778,0.9499999999829001,0.9140624999999712,6.45288267264732e-11,0.9990855256989417,0
496,338.69166666666666,0.6499999999999773,0.7638888888889142,0.7111111111111086,0.9140624999999712,0.032519992194890664,1.00631512101121,55.55555555555556,0.9999999999820001,1.0742187500000393,3.6917012380399683e-07,0.9970434587220176,0
497,339.4555555555556,0.7638888888889142,0.6194444444444116,0.7111111111111086,1.0742187500000393,0.032644307447428585,1.010161995194067,58.333333333333336,1.0499999999811,0.8710937499999569,2.9732586170894137e-08,0.9960296522744023,0
498,340.075,0.6194444444444116,0.5777777777777828,0.7041666666666799,0.8796844181458934,0.03444982670168885,1.066032898112809,55.55555555555556,0.9999999999820001,0.8205128205128123,8.25819086003321e-07,0.9988538184923277,0
499,340.65277777777777,0.5777777777777828,0.5861111111111086,0.6833333333333371,0.8455284552845556,0.03592460444099122,1.111669167958651,55.55555555555556,0.9999999999820001,0.8577235772357639,5.294213042361662e-05,0.997750990979448,0
500,341.2388888888889,0.5861111111111086,1.10277777777776,0.6652777777777601,0.8810020876826918,0.03447168873945352,1.0667094080900212,52.77777777777778,0.9499999999829001,1.6576200417536708,0.014254952780902386,0.9962113575110125,0
501,342.34166666666664,1.10277777777776,0.8555555555555543,0.6680555555555543,1.6507276507276274,0.03329958779922945,1.0304393225244948,52.77777777777778,0.9499999999829001,1.2806652806652812,1.3381160871191178e-13,0.9973453340369647,0
502,343.1972222222222,0.8555555555555543,0.6805555555555998,0.6861111111111029,1.2469635627530495,0.030988941041486615,0.958937498117616,55.55555555555556,0.9999999999820001,0.9919028340081735,1.3811627189164177e-11,0.9994432414658406,0
503,343.8777777777778,0.6805555555555998,0.6750000000000114,0.7013888888889142,0.9702970297029984,0.032438371176851576,1.0037893988599615,55.55555555555556,0.9999999999820001,0.9623762376237439,2.2552198331027284e-08,0.9985085588617952,0
504,344.5527777777778,0.6750000000000114,0.6111111111110858,0.6777777777778056,0.9959016393442383,0.031249815661477463,0.9670101345811047,52.77777777777778,0.9499999999829001,0.9016393442622208,1.670921734309161e-09,0.9992228323482033,0
505,345.1638888888889,0.6111111111110858,0.6833333333333371,0.6624999999999943,0.922431865828062,0.030276788790256418,0.9369002979061192,52.77777777777778,0.9499999999829001,1.0314465408805178,3.6250018098371584e-08,0.9978435638162694,0
506,345.84722222222223,0.6833333333333371,0.6472222222222399,0.6777777777778056,1.0081967213114396,0.03195001267657613,0.9886773859063189,55.55555555555556,0.9999999999820001,0.9549180327868722,2.4791100727838966e-08,0.9983475206543303,0
507,346.49444444444447,0.6472222222222399,0.40277777777777146,0.6611111111111256,0.9789915966386608,0.03229937680182081,0.9994882864706743,58.333333333333336,1.0499999999811,0.6092436974789687,3.612206569414411e-07,0.9959380800344844,0
508,346.89722222222224,0.40277777777777146,0.7333333333332916,0.6611111111111256,0.6092436974789687,0.033411112894795585,1.0338904116074146,58.333333333333336,1.0499999999811,1.1092436974789042,0.08121559023857117,0.9915509908486122,0
509,347.63055555555553,0.7333333333332916,0.7527777777777942,0.6777777777778056,1.0819672131146483,0.028697315933246897,0.8880242892739528,50.0,0.8999999999838,1.1106557377048967,9.406364576136639e-11,0.9979308508456792,0
510,348.3833333333333,0.7527777777777942,1.0,0.6819444444444684,1.103869653767806,0.029226506365966284,0.9043998262405223,55.55555555555556,0.9999999999820001,1.4663951120162417,8.085505669441773e-07,0.9973948112161422,0
511,349.3833333333333,1.0,0.6527777777777715,0.6819444444444684,1.4663951120162417,0.02864512449378861,0.8864092509184864,52.77777777777778,0.9499999999829001,0.9572301425661485,2.429596748075325e-16,0.9961436025256349,0
512,350.0361111111111,0.6527777777777715,0.5444444444444798,0.6777777777778056,0.9631147540983118,0.03432951139596541,1.0623098003115248,55.55555555555556,0.9999999999820001,0.8032786885246094,7.971562467901094e-07,0.998100150348018,0
513,350.5805555555556,0.5444444444444798,0.7305555555555543,0.6638888888888914,0.8200836820084183,0.03436235307646692,1.0633260699185414,61.111111111111114,1.0999999999802001,1.1004184100418348,0.003787436056882143,0.9946525458417899,0
514,351.31111111111113,0.7305555555555543,0.8166666666666629,0.6680555555555543,1.0935550935550937,0.033785408900490456,1.0454728169169714,55.55555555555556,0.9999999999820001,1.2224532224532192,9.762418812897522e-06,0.9958214661783702,0
515,352.1277777777778,0.8166666666666629,0.5583333333333371,0.7069444444444457,1.1552062868369277,0.028710463856359815,0.8884311452706926,52.77777777777778,0.9499999999829001,0.7897838899803575,1.4714280954699482e-13,0.9976755347925798,0
516,352.68611111111113,0.5583333333333371,0.7666666666666515,0.6916666666666629,0.8072289156626605,0.034844903152170294,1.0782583440382658,58.333333333333336,1.0499999999811,1.1084337349397433,0.002171423751860857,0.9954269132196638,0
517,353.4527777777778,0.7666666666666515,0.6027777777777601,0.731944444444423,1.047438330170788,0.033117204715803115,1.0247955679513494,52.77777777777778,0.9499999999829001,0.8235294117647058,6.694104381921306e-09,0.9945671245364889,0
518,354.05555555555554,0.6027777777777601,0.591666666666697,0.731944444444423,0.8235294117647058,0.030504433759441136,0.9439446592128449,50.0,0.8999999999838,0.8083491461101221,1.0374678893754208e-08,0.9958466430833527,0
519,354.64722222222224,0.591666666666697,0.7999999999999545,0.6916666666666629,0.8554216867470364,0.029684195917305874,0.9185628036939495,50.0,0.8999999999838,1.156626506024037,2.134336654080471e-07,0.9986103270120191,0
520,355.4472222222222,0.7999999999999545,0.6166666666666742,0.6916666666666629,1.156626506024037,0.029464657559173237,0.911769297468399,52.77777777777778,0.9499999999829001,0.8915662650602568,1.6844163867532624e-12,0.9985839620896961,0
521,356.06388888888887,0.6166666666666742,0.625,0.6347222222222229,0.9715536105032933,0.02877036878859047,0.8902848738560375,47.22222222222222,0.8499999999847,0.9846827133479202,6.600268664946896e-10,0.9961221465222181,0
522,356.68888888888887,0.625,0.3972222222222399,0.6208333333333371,1.006711409395967,0.030079182778727277,0.9307854773301248,52.77777777777778,0.9499999999829001,0.6398210290827986,5.415859982704774e-10,0.999207533478274,0
523,357.0861111111111,0.3972222222222399,0.6750000000000114,0.6208333333333371,0.6398210290827986,0.03719087860096918,1.1508533973672852,58.333333333333336,1.0499999999811,1.0872483221476628,0.15960025787353516,0.9956548186791181,0
524,357.7611111111111,0.6750000000000114,0.7416666666666742,0.6208333333333371,1.0872483221476628,0.03668660276621192,1.135248830347847,61.111111111111114,1.0999999999802001,1.1946308724832264,0.001962066860869527,0.9968819554937233,0
525,358.5027777777778,0.7416666666666742,0.5361111111110972,0.6208333333333371,1.1946308724832264,0.032211206641767236,0.9967599043495424,58.333333333333336,1.0499999999811,0.8635346756151848,7.61744445298973e-08,0.9982334515050024,0
526,359.0388888888889,0.5361111111110972,0.75,0.6208333333333371,0.8635346756151848,0.03113364765045607,0.963415372769108,52.77777777777778,0.9499999999829001,1.2080536912751605,3.466891575953923e-05,0.9963273601090259,0
527,359.7888888888889,0.75,0.6499999999999773,0.6208333333333371,1.2080536912751605,0.03335098516336546,1.032029788610717,52.77777777777778,0.9499999999829001,1.046979865771769,2.5460610686423024e-07,0.9965244662716776,0
528,360.43888888888887,0.6499999999999773,0.9305555555555998,0.6374999999999886,1.0196078431372375,0.036821913926524626,1.1394359674740866,55.55555555555556,0.9999999999820001,1.4596949891068491,0.012795661576092243,0.9969581061572069,0
529,361.36944444444447,0.9305555555555998,0.8722222222222058,0.6624999999999943,1.4046121593292193,0.029271990640278894,0.9058073146782407,52.77777777777778,0.9499999999829001,1.3165618448637182,5.677748202148614e-12,0.9971088630395752,0
530,362.2416666666667,0.8722222222222058,0.4749999999999659,0.6624999999999943,1.3165618448637182,0.03181714173490731,0.9845657601426038,55.55555555555556,0.9999999999820001,0.7169811320754264,2.3927249070965217e-11,0.9982381232221608,0
531,362.71666666666664,0.4749999999999659,0.7027777777777828,0.6624999999999943,0.7169811320754264,0.030550430938501825,0.9453680192350501,52.77777777777778,0.9499999999829001,1.0607966457023228,6.396062963176519e-05,0.997557745343451,0
532,363.4194444444444,0.7027777777777828,0.4416666666666629,0.6888888888888971,1.0201612903225759,0.033578561403061834,1.0390720231173205,61.111111111111114,1.0999999999802001,0.6411290322580514,9.39241715514072e-07,0.9963180075939606,0
533,363.8611111111111,0.4416666666666629,0.63611111111112,0.6888888888888971,0.6411290322580514,0.029670354608928678,0.9181344912321544,52.77777777777778,0.9499999999829001,0.9233870967741954,3.306036160211079e-05,0.996998382531735,0
534,364.4972222222222,0.63611111111112,0.8666666666666742,0.67638888888888,0.9404517453799022,0.030305294826387996,0.9377824031362614,52.77777777777778,0.9499999999829001,1.2813141683778513,1.0535161436564522e-06,0.9990200958359624,0
535,365.3638888888889,0.8666666666666742,0.7305555555555543,0.67638888888888,1.2813141683778513,0.035650516711265054,1.1031876583305396,58.333333333333336,1.0499999999811,1.0800821355236263,3.378010546839505e-07,0.9959816921977339,0
536,366.09444444444443,0.7305555555555543,0.5888888888889028,0.7166666666666686,1.019379844961236,0.03158810240493504,0.9774782510289458,55.55555555555556,0.9999999999820001,0.8217054263566064,1.3370167195603244e-09,0.9985652940562666,0
537,366.68333333333334,0.5888888888889028,0.6472222222222399,0.67638888888888,0.8706365503080401,0.030485985912060823,0.943373799673345,52.77777777777778,0.9499999999829001,0.956878850102708,6.341396385778353e-08,0.995580913067948,0
538,367.3305555555556,0.6472222222222399,0.8888888888888573,0.6750000000000114,0.9588477366255245,0.030445278177306776,0.9421141188966827,52.77777777777778,0.9499999999829001,1.31687242798347,3.031351070603705e-06,0.9977702280335949,0
539,368.21944444444443,0.8888888888888573,0.7138888888889028,0.6750000000000114,1.31687242798347,0.03272014100870387,1.012508627349884,55.55555555555556,0.9999999999820001,1.0576131687242827,3.6808481262973203e-10,0.9971675194211288,0
540,368.93333333333334,0.7138888888889028,0.9583333333333144,0.6750000000000114,1.0576131687242827,0.030556878891670646,0.9455675479660064,52.77777777777778,0.9499999999829001,1.419753086419701,1.819649924073019e-06,0.9994191642980013,0
541,369.89166666666665,0.9583333333333144,0.7416666666666742,0.7083333333333428,1.3529411764705435,0.0319574089842783,0.9889062610006222,58.333333333333336,1.0499999999811,1.0470588235294085,2.6013720257761497e-12,0.9991663455875524,0
542,370.6333333333333,0.7416666666666742,1.0055555555555884,0.7222222222222285,1.0269230769230784,0.029855987242144024,0.9238788015209829,55.55555555555556,0.9999999999820001,1.3923076923077256,3.876728840168653e-07,0.9985069529708501,0
543,371.6388888888889,1.0055555555555884,0.75,0.7361111111111143,1.3660377358490954,0.03192608018463051,0.9879368067455362,52.77777777777778,0.9499999999829001,1.0188679245282974,6.11337008779903e-15,0.997550299928847,0
544,372.3888888888889,0.75,0.8444444444444343,0.7458333333333371,1.005586592178766,0.029472349167867822,0.9120073105062827,52.77777777777778,0.9499999999829001,1.1322160148975597,1.5343392112399101e-09,0.9949444159161573,0
545,373.23333333333335,0.8444444444444343,0.6750000000000114,0.7458333333333371,1.1322160148975597,0.03355704332423649,1.03840615677986,55.55555555555556,0.9999999999820001,0.9050279329609044,9.253157129407441e-10,0.9968738754160497,0
546,373.90833333333336,0.6750000000000114,0.6555555555555088,0.7458333333333371,0.9050279329609044,0.030265650079133226,0.9365556159835445,52.77777777777778,0.9499999999829001,0.8789571694598957,6.191303025815387e-10,0.9976660612383748,0
547,374.56388888888887,0.6555555555555088,0.6888888888889255,0.7458333333333371,0.8789571694598957,0.03332691795672913,1.0312850407702656,55.55555555555556,0.9999999999820001,0.9236499068901748,3.0874306844452803e-07,0.9970023930901151,0
548,375.2527777777778,0.6888888888889255,0.7333333333332916,0.7458333333333371,0.9236499068901748,0.031657817876592366,0.9796355619187135,55.55555555555556,0.9999999999820001,0.9832402234636263,4.2605890371305577e-07,0.9899384651547241,0
549,375.9861111111111,0.7333333333332916,0.7027777777777828,0.737499999999983,0.9943502824858422,0.034199490242824766,1.058286359848421,52.77777777777778,0.9499999999829001,0.9529190207156598,9.669382450283592e-08,0.9944193721141108,0
550,376.68888888888887,0.7027777777777828,0.7305555555555543,0.737499999999983,0.9529190207156598,0.03649362681475218,1.129277284697354,55.55555555555556,0.9999999999820001,0.9905838041431474,3.4112949833797757e-06,0.9964088665132498,0
551,377.4194444444444,0.7305555555555543,0.6138888888889369,0.731944444444423,0.9981024667931965,0.03388705744512307,1.0486182810019427,58.333333333333336,1.0499999999811,0.838709677419445,1.1797071408636839e-07,0.996640602155439,0
552,378.03333333333336,0.6138888888889369,3.713888888888846,0.7166666666666686,0.8565891472868864,0.029337543235001266,0.9078358073942078,50.0,0.8999999999838,5.1821705426355855,9.612524991098326e-06,0.9990503646796154,0
553,381.7472222222222,3.713888888888846,2.0527777777778056,0.7166666666666686,5.1821705426355855,0.040306776424903976,1.2472733189023264,75.0,1.3499999999757,2.864341085271349,0.0,0.985040541879951,0
554,383.8,2.0527777777778056,1.4861111111110858,0.7166666666666686,2.864341085271349,0.035922280686931,1.111597260535233,63.888888888888886,1.1499999999793,2.0736434108526725,8.28012478368269e-21,0.9944295431867338,0
555,385.2861111111111,1.4861111111110858,1.6416666666667084,0.7166666666666686,2.0736434108526725,0.03226972833288683,0.9985708292208604,55.55555555555556,0.9999999999820001,2.2906976744186567,8.96646906028975e-13,0.997510926667606,0
556,386.9277777777778,1.6416666666667084,1.1055555555555543,0.731944444444423,2.242884250474506,0.030203580653171986,0.9346349082071419,55.55555555555556,0.9999999999820001,1.5104364326376138,1.142261518859615e-24,0.9982614505971348,0
557,388.03333333333336,1.1055555555555543,1.5666666666666629,0.919444444444423,1.2024169184290296,0.03432631544981593,1.0622109033340321,58.333333333333336,1.0499999999811,1.7039274924471657,1.8602769102926686e-08,0.9978665817901561,0
558,389.6,1.5666666666666629,1.3555555555555543,1.29583333333332,1.209003215434093,0.03181168399401715,0.9843968730422804,52.77777777777778,0.9499999999829001,1.0460878885316283,3.8301837783619867e-26,0.9984643230378977,0
559,390.9555555555556,1.3555555555555543,1.9388888888888687,1.42083333333332,0.9540566959921879,0.03708899427095473,1.147700637019952,55.55555555555556,0.9999999999820001,1.3646138807429116,2.8123984803334057e-13,0.9979906427835115,0
560,392.89444444444445,1.9388888888888687,1.4472222222221944,1.5263888888888744,1.2702456778889888,0.034689385035266425,1.0734459126055136,61.111111111111114,1.0999999999802001,0.9481346678798817,7.312592294793062e-29,0.9932540139844769,0
561,394.34166666666664,1.4472222222221944,1.3138888888889255,1.5263888888888744,0.9481346678798817,0.0303182793769641,0.9381842036504178,52.77777777777778,0.9499999999829001,0.8607825295723707,4.707458978779815e-23,0.99833659635163,0
562,395.65555555555557,1.3138888888889255,1.26111111111112,1.5263888888888744,0.8607825295723707,0.031189955743922686,0.9651577989527056,52.77777777777778,0.9499999999829001,0.8262056414922794,1.5912583303607698e-19,0.9992911693823602,0
563,396.9166666666667,1.26111111111112,0.6944444444444002,1.4666666666666401,0.8598484848485064,0.029786314444421085,0.9217228111550699,50.0,0.8999999999838,0.4734848484848269,3.4636706354333667e-22,0.9991930702721235,0
564,397.6111111111111,0.6944444444444002,0.6527777777778283,1.4013888888888744,0.49554013875121244,0.042676153987996485,1.3205925391172468,141.66666666666666,2.5499999999541,0.4658077304262054,0.9627508521080017,0.5885489072849441,1
565,398.2638888888889,0.6527777777778283,1.2472222222222058,1.33472222222224,0.4890738813736006,0.031098660311825684,0.9623327068294394,52.77777777777778,0.9499999999829001,0.9344432882413906,3.10516516037751e-05,0.9988059958426866,0
566,399.5111111111111,1.2472222222222058,1.3916666666666515,1.2875000000000227,0.9687162891046087,0.030862237921970237,0.9550167325687038,52.77777777777778,0.9499999999829001,1.080906148867283,2.989797381573156e-18,0.999307760657721,0
567,400.90277777777777,1.3916666666666515,1.1722222222222172,1.33472222222224,1.0426638917793714,0.02940949822776992,0.9100624191603301,47.22222222222222,0.8499999999847,0.8782518210197556,8.406069758560827e-26,0.9986325824151776,0
568,402.075,1.1722222222222172,1.0638888888889255,1.2875000000000227,0.9104638619201526,0.0338953678940542,1.0488754437457612,50.0,0.8999999999838,0.82632146709818,4.498041080579629e-17,0.9973169834523979,0
569,403.1388888888889,1.0638888888889255,1.23888888888888,1.2541666666666629,0.8482834994463219,0.04427413723043513,1.3700413424979925,111.11111111111111,1.9999999999640001,0.9878183831672163,0.9878969192504883,0.6243384150066611,1
570,404.3777777777778,1.23888888888888,1.2305555555555543,1.243055555555543,0.9966480446927405,0.036170795532167795,1.119287429864266,55.55555555555556,0.9999999999820001,0.9899441340782213,1.4777518909882183e-15,0.9986806852853866,0
571,405.60833333333335,1.2305555555555543,1.1916666666666629,1.2347222222222172,0.9966254218222753,0.028487048911986983,0.8815176799957045,47.22222222222222,0.8499999999847,0.9651293588301472,1.5009262644276305e-22,0.9976677934217968,0
572,406.8,1.1916666666666629,1.1527777777777715,1.2111111111111086,0.9839449541284393,0.02926439390319473,0.9055722373955548,50.0,0.8999999999838,0.9518348623853179,1.2371045053878856e-20,0.9991793506788633,0
573,407.9527777777778,1.1527777777777715,1.1444444444444457,1.18194444444444,0.975323149236191,0.033061369476689875,1.0230677740125256,50.0,0.8999999999838,0.9682726204465382,2.892345868760273e-17,0.9979000353440226,0
574,409.09722222222223,1.1444444444444457,1.158333333333303,1.18194444444444,0.9682726204465382,0.030269631356778754,0.9366788146568907,50.0,0.8999999999838,0.9800235017626102,7.624612259450545e-19,0.9993893024914051,0
575,410.25555555555553,1.158333333333303,1.227777777777817,1.18194444444444,0.9800235017626102,0.033053475891146634,1.0228235109006663,50.0,0.8999999999838,1.0387779083431627,7.727249305484977e-17,0.9982266117673582,0
576,411.48333333333335,1.227777777777817,1.2888888888888914,1.18194444444444,1.0387779083431627,0.030561985587883953,0.9457255721619245,52.77777777777778,0.9499999999829001,1.0904817861339662,6.864340735683283e-19,0.9989002538704692,0
577,412.77222222222224,1.2888888888888914,1.1916666666666629,1.18194444444444,1.0904817861339662,0.03478317595465952,1.0763482263524904,52.77777777777778,0.9499999999829001,1.0082256169212696,7.184607491275799e-19,0.9980310113547723,0
578,413.9638888888889,1.1916666666666629,1.22777777777776,1.1916666666666629,1.0,0.03416021578170539,1.0570710310175546,47.22222222222222,0.8499999999847,1.0303030303030187,9.599815647662723e-18,0.9972037560820575,0
579,415.19166666666666,1.22777777777776,1.2638888888889142,1.2097222222222115,1.0149253731343229,0.033957009512101205,1.0507829132172342,52.77777777777778,0.9499999999829001,1.0447761194030152,5.015057087566098e-17,0.9984516048676515,0
580,416.4555555555556,1.2638888888889142,1.3611111111110858,1.2097222222222115,1.0447761194030152,0.03259132141888804,1.0085223686713074,52.77777777777778,0.9499999999829001,1.1251435132032037,4.624387128882816e-18,0.9991253443805478,0
581,417.81666666666666,1.3611111111110858,1.341666666666697,1.2097222222222115,1.1251435132032037,0.029545334613122202,0.914265809116401,50.0,0.8999999999838,1.1090700344432036,1.7113927131099136e-23,0.9990190662936724,0
582,419.15833333333336,1.341666666666697,1.2527777777777374,1.2277777777777885,1.0927601809954903,0.030442594294844482,0.9420310674774623,50.0,0.8999999999838,1.0203619909501844,4.009734542850262e-23,0.999405745490158,0
583,420.4111111111111,1.2527777777777374,1.216666666666697,1.2402777777777771,1.0100783874579746,0.03519030935590856,1.0889467686734817,52.77777777777778,0.9499999999829001,0.9809630459126789,2.512022450614927e-17,0.999131610741897,0
584,421.6277777777778,1.216666666666697,1.2361111111110858,1.2402777777777771,0.9809630459126789,0.02914140228000542,0.9017663222701335,47.22222222222222,0.8499999999847,0.9966405375139779,3.0205043308547577e-21,0.9974664166024889,0
585,422.8638888888889,1.2361111111110858,1.3166666666666629,1.2444444444444116,0.9933035714285774,0.032366022722938176,1.001550611632753,55.55555555555556,0.9999999999820001,1.058035714285739,1.0255977495751025e-16,0.9971959960859395,0
586,424.18055555555554,1.3166666666666629,1.2305555555555543,1.2583333333333258,1.046357615894043,0.030722639097964695,0.9506969158039805,50.0,0.8999999999838,0.9779249448123669,2.323057788534009e-22,0.999509333499762,0
587,425.4111111111111,1.2305555555555543,1.180555555555543,1.2444444444444116,0.9888392857143108,0.028885228926960535,0.8938391641938253,50.0,0.8999999999838,0.9486607142857292,1.3226295887038093e-21,0.9991117892157367,0
588,426.59166666666664,1.180555555555543,1.0055555555555884,1.2444444444444116,0.9486607142857292,0.027763177024162616,0.8591178214094212,44.44444444444444,0.7999999999856,0.808035714285762,1.4999639487865695e-23,0.9978590044309208,0
589,427.59722222222223,1.0055555555555884,0.8805555555555316,1.2444444444444116,0.808035714285762,0.039504988054773364,1.22246237319613,141.66666666666666,2.5499999999541,0.7075892857142851,0.9955292344093323,0.646782383248249,1
590,428.47777777777776,0.8805555555555316,0.4388888888889255,1.23333333333332,0.7139639639639522,0.035283890016682154,1.0918425760711687,52.77777777777778,0.9499999999829001,0.35585585585588936,1.4637451251076072e-08,0.9970667827262376,0
591,428.9166666666667,0.4388888888889255,1.5138888888888573,1.2236111111111256,0.3586833144154627,0.049961270666330514,1.54602688202248,100.0,1.7999999999676,1.2372304199772581,0.7925674319267273,0.8299088374203176,1
592,430.43055555555554,1.5138888888888573,0.6000000000000227,1.2236111111111256,1.2372304199772581,0.032362738440754144,1.0014489811402347,52.77777777777778,0.9499999999829001,0.4903518728717494,1.0325290225245005e-26,0.9993047870197824,0
593,431.03055555555557,0.6000000000000227,1.2888888888888914,1.19861111111112,0.5005793742757975,0.05693698328827751,1.7618868689875729,111.11111111111111,1.9999999999640001,1.0753186558516743,0.8926286697387695,0.8511086081791834,1
594,432.31944444444446,1.2888888888888914,1.8083333333333371,1.2055555555555486,1.069124423963142,0.03317772191306648,1.0266682427761884,50.0,0.8999999999838,1.5000000000000118,1.6887726797420901e-15,0.998449330340742,0
595,434.1277777777778,1.8083333333333371,1.2888888888888914,1.2055555555555486,1.5000000000000118,0.033818669691523494,1.046502055692699,50.0,0.8999999999838,1.069124423963142,1.9240010757069716e-31,0.9976471543280856,0
596,435.4166666666667,1.2888888888888914,1.1888888888888687,1.2055555555555486,1.069124423963142,0.03374823865396201,1.0443226019689134,52.77777777777778,0.9499999999829001,0.9861751152073622,1.8535690640756696e-19,0.9987499426153634,0
597,436.60555555555555,1.1888888888888687,0.7555555555555316,1.1847222222222058,1.003516998827664,0.03931162114451724,1.2164787295184871,127.77777777777777,2.2999999999586,0.6377491207502817,0.9864816665649414,0.6463442267883213,1
598,437.3611111111111,0.7555555555555316,1.1833333333333371,1.0972222222222285,0.688607594936683,0.030449453693361588,0.9422433281818142,50.0,0.8999999999838,1.0784810126582252,1.354807750431064e-07,0.9987508277406609,0
599,438.5444444444444,1.1833333333333371,0.5305555555555657,1.186111111111103,0.9976580796253028,0.034006467590982324,1.0523133690776159,50.0,0.8999999999838,0.44730679156909825,3.286330412536359e-19,0.9983810356581986,0
600,439.075,0.5305555555555657,1.38611111111112,1.186111111111103,0.44730679156909825,0.05560325447389517,1.720615288564126,102.77777777777777,1.8499999999667,1.1686182669789382,0.8278727531433105,0.8771921031213283,1
601,440.4611111111111,1.38611111111112,1.9916666666666742,1.23888888888888,1.118834080717504,0.03241468323290533,1.0030563871164186,52.77777777777778,0.9499999999829001,1.6076233183856679,2.819865590335968e-16,0.9983162656935655,0
602,442.4527777777778,1.9916666666666742,1.8583333333333485,1.23888888888888,1.6076233183856679,0.03288570185979035,1.0176318262392734,55.55555555555556,0.9999999999820001,1.5000000000000229,3.639420035795561e-30,0.9985257642814214,0
603,444.31111111111113,1.8583333333333485,1.8277777777777828,1.2888888888888914,1.4418103448275952,0.034006112498239045,1.0523023809077916,50.0,0.8999999999838,1.4181034482758632,1.2175299385297264e-28,0.9980136320246997,0
604,446.1388888888889,1.8277777777777828,1.8944444444444457,1.3375000000000057,1.3665628245067478,0.0315835282303291,0.977336705451551,52.77777777777778,0.9499999999829001,1.4164070612668693,3.87458971397813e-28,0.9981791241019988,0
605,448.03333333333336,1.8944444444444457,1.180555555555543,1.3375000000000057,1.4164070612668693,0.033158758536620044,1.0260814304439743,55.55555555555556,0.9999999999820001,0.8826583592938602,3.598894606503469e-33,0.9979544484724951,0
606,449.2138888888889,1.180555555555543,1.8222222222221944,1.2874999999999943,0.916936353829552,0.031467566393759555,0.9737483236062904,50.0,0.8999999999838,1.415318230852196,2.864050820507516e-14,0.999629466892874,0
607,451.0361111111111,1.8222222222221944,1.216666666666697,1.6041666666666572,1.1359307359307254,0.029704661882493752,0.9191961128937558,52.77777777777778,0.9499999999829001,0.7584415584415818,8.07793693476528e-33,0.9982985356466089,0
608,452.2527777777778,1.216666666666697,1.3444444444444343,1.6041666666666572,0.7584415584415818,0.030706904671363246,0.9502100217323403,50.0,0.8999999999838,0.8380952380952368,8.590296303962182e-18,0.9997207750939037,0
609,453.59722222222223,1.3444444444444343,1.375,1.6041666666666572,0.8380952380952368,0.03257907020903411,1.0081432610241465,52.77777777777778,0.9499999999829001,0.8571428571428622,1.1410934836677937e-18,0.9987791412732145,0
610,454.97222222222223,1.375,1.2416666666666742,1.6041666666666572,0.8571428571428622,0.02806959342477602,0.8685997258150299,47.22222222222222,0.8499999999847,0.7740259740259833,1.0515261458954154e-24,0.9982584970744374,0
611,456.2138888888889,1.2416666666666742,1.294444444444423,1.5986111111110972,0.7767158992180827,0.030228016376099915,0.9353910596025005,50.0,0.8999999999838,0.8097306689834862,7.82384749877795e-19,0.9990564505889059,0
612,457.5083333333333,1.294444444444423,1.2666666666666515,1.3597222222222172,0.9519918283963105,0.02925325414976355,0.9052275232192737,47.22222222222222,0.8499999999847,0.931562819203261,8.852417218103804e-23,0.9986567263773745,0
613,458.775,1.2666666666666515,1.0,1.3194444444444287,0.96,0.02987838677209935,0.9245719439289669,47.22222222222222,0.8499999999847,0.7578947368421143,3.6834853382780084e-23,0.9989594482770615,0
614,459.775,1.0,1.0027777777777942,1.2805555555555372,0.7809110629067357,0.04250122308082596,1.315179388463245,144.44444444444446,2.5999999999532,0.7830802603037117,0.9947900772094727,0.6289345268103422,1
615,460.77777777777777,1.0027777777777942,1.2111111111111086,1.2541666666666629,0.7995570321151871,0.029579046991834595,0.9153090220501626,50.0,0.8999999999838,0.9656699889258038,1.6033176644517956e-14,0.9969657846559206,0
616,461.9888888888889,1.2111111111111086,1.8333333333333144,1.2541666666666629,0.9656699889258038,0.02966902168284201,0.9180932444917442,50.0,0.8999999999838,1.4617940199335442,1.0029454548224521e-15,0.9994073994246175,0
617,463.8222222222222,1.8333333333333144,1.2527777777777942,1.2541666666666629,1.4617940199335442,0.032355841908203176,1.001235571341518,52.77777777777778,0.9499999999829001,0.9988925802879453,1.2634036958485323e-32,0.9986505911738848,0
618,465.075,1.2527777777777942,1.2666666666666515,1.2597222222222229,0.9944873208379398,0.02898277661812665,0.8968577293906402,50.0,0.8999999999838,1.0055126791620603,3.621833738076873e-21,0.9976331733661777,0
619,466.34166666666664,1.2666666666666515,1.2250000000000227,1.2597222222222229,1.0055126791620603,0.03041421432859231,0.9411528634175661,50.0,0.8999999999838,0.9724366041896537,6.129721359025127e-21,0.9977359940058209,0
620,467.56666666666666,1.2250000000000227,1.8500000000000227,1.2472222222222342,0.9821826280623696,0.02818746709294562,0.8722472683463213,47.22222222222222,0.8499999999847,1.483296213808467,4.234716404379498e-17,0.9968956945856556,0
621,469.4166666666667,1.8500000000000227,1.2222222222222285,1.2597222222222229,1.4685777287762025,0.029472919808638125,0.9120249687035042,50.0,0.8999999999838,0.9702315325248115,4.790670044830578e-36,0.9991096518095459,0
622,470.6388888888889,1.2222222222222285,1.0361111111110972,1.2388888888889085,0.9865470852017832,0.03371504076817723,1.043295309765071,52.77777777777778,0.9499999999829001,0.8363228699551325,2.7124356571731536e-18,0.998573232600281,0
623,471.675,1.0361111111110972,0.9499999999999886,1.2236111111111256,0.8467650397275609,0.042704994764514115,1.321485002723556,138.88888888888889,2.499999999955,0.7763904653802312,0.994953453540802,0.6222326643032291,1
624,472.625,0.9499999999999886,1.2111111111111086,1.2236111111111256,0.7763904653802312,0.03363455913308693,1.0408048452572782,50.0,0.8999999999838,0.989784335981825,3.060330114323939e-11,0.99838975710286,0
625,473.8361111111111,1.2111111111111086,1.2666666666666515,1.2236111111111256,0.989784335981825,0.03047011728659618,0.9428827528840643,50.0,0.8999999999838,1.0351872871736416,2.967955574101117e-19,0.9978999413302705,0
626,475.10277777777776,1.2666666666666515,1.2888888888888914,1.2388888888889085,1.0224215246636488,0.03359855332871206,1.03969066339741,50.0,0.8999999999838,1.0403587443946045,7.287621979823739e-19,0.9988763711134838,0
627,476.39166666666665,1.2888888888888914,1.11388888888888,1.2388888888889085,1.0403587443946045,0.03309427554406347,1.024086036039546,52.77777777777778,0.9499999999829001,0.8991031390134315,5.777948344032103e-20,0.9983779065367493,0
628,477.50555555555553,1.11388888888888,0.4500000000000455,1.2236111111111256,0.9103291713961227,0.03523793203242542,1.090420428912843,111.11111111111111,1.9999999999640001,0.3677639046538353,0.7141290903091431,0.23628359665495463,1
629,477.9555555555556,0.4500000000000455,1.1111111111110858,1.2166666666666686,0.3698630136986669,0.05105891397748084,1.5799929129756156,102.77777777777777,1.8499999999667,0.913242009132398,0.8545193672180176,0.882439709775164,1
630,479.06666666666666,1.1111111111110858,1.51111111111112,1.1624999999999943,0.9557945041815838,0.03362392639356497,1.0404758203763804,58.333333333333336,1.0499999999811,1.2998805256869912,9.442207432597272e-11,0.996209225001724,0
631,480.5777777777778,1.51111111111112,0.4972222222222058,1.1624999999999943,1.2998805256869912,0.03072310690531564,0.950711391871753,55.55555555555556,0.9999999999820001,0.4277180406212544,1.7690999282718277e-26,0.9983965776729694,0
632,481.075,0.4972222222222058,0.5,1.112499999999983,0.4469413233458098,0.03394251886682635,1.050334507345366,58.333333333333336,1.0499999999811,0.4494382022471979,0.004092850256711245,0.9940245720528114,0
633,481.575,0.5,0.4861111111111427,1.112499999999983,0.4494382022471979,0.028436910284069954,0.8799661648810242,50.0,0.8999999999838,0.4369538077403597,9.001660146168433e-06,0.9965660149656939,0
634,482.06111111111113,0.4861111111111427,0.4388888888888687,1.112499999999983,0.4369538077403597,0.03591728044966138,1.1114425306588263,58.333333333333336,1.0499999999811,0.39450686641696664,0.023036545142531395,0.9921413413366762,0
635,482.5,0.4388888888888687,0.5027777777777942,0.8055555555555429,0.54482758620688,0.03248298748269484,1.0051700284414407,55.55555555555556,0.9999999999820001,0.624137931034513,0.001439299201592803,0.9951794062448962,0
636,483.0027777777778,0.5027777777777942,0.7138888888888459,0.5013888888888971,1.0027700831025095,0.033169869545719176,1.0264252551410757,63.888888888888886,1.1499999999793,1.4238227146813314,0.03034253790974617,0.9946630892181119,0
637,483.71666666666664,0.7138888888888459,0.45555555555557703,0.5013888888888971,1.4238227146813314,0.03394327299789838,1.050357843559485,58.333333333333336,1.0499999999811,0.9085872576177565,0.00036350241862237453,0.9962671568215302,0
638,484.1722222222222,0.45555555555557703,0.7194444444444343,0.4986111111111029,0.913649025069696,0.05287951492764751,1.6363305115365387,108.33333333333333,1.9499999999649,1.4428969359331512,0.9930520057678223,0.8232324439934705,1
639,484.89166666666665,0.7194444444444343,0.5027777777777942,0.5013888888888971,1.434903047091369,0.03341265662119496,1.0339381814595439,61.111111111111114,1.0999999999802001,1.0027700831025095,0.0005713262944482267,0.9975250145591654,0
640,485.39444444444445,0.5027777777777942,0.6472222222222399,0.5013888888888971,1.0027700831025095,0.03301286152504743,1.0215667193709828,58.333333333333336,1.0499999999811,1.290858725761787,0.0321134477853775,0.9927436383059268,0
641,486.0416666666667,0.6472222222222399,0.5388888888888914,0.5013888888888971,1.290858725761787,0.031720785023515545,0.981584049227566,55.55555555555556,0.9999999999820001,1.0747922437673005,3.051049316127319e-05,0.9977455524734696,0
642,486.5805555555556,0.5388888888888914,0.5194444444444457,0.5027777777777942,1.0718232044198595,0.02925900104596308,0.9054053580880463,50.0,0.8999999999838,1.033149171270687,3.57228572056556e-07,0.9985324805267575,0
643,487.1,0.5194444444444457,0.5277777777777715,0.51111111111112,1.0163043478260718,0.03254512227347648,1.0070927588999754,50.0,0.8999999999838,1.0326086956521436,0.0002867217408493161,0.9952497608702704,0
644,487.6277777777778,0.5277777777777715,0.61388888888888,0.5236111111111086,1.0079575596816903,0.03052312034432544,0.9445229063666708,52.77777777777778,0.9499999999829001,1.172413793103437,4.5539742131950334e-05,0.9983252828195837,0
645,488.2416666666667,0.61388888888888,0.8361111111111086,0.5333333333333314,1.151041666666654,0.03358482463271339,1.0392658356701328,61.111111111111114,1.0999999999802001,1.5677083333333341,0.0022857938893139362,0.998081828913212,0
646,489.0777777777778,0.8361111111111086,0.5277777777777715,0.5763888888888857,1.4506024096385577,0.031183580073602387,0.96496050697885,55.55555555555556,0.9999999999820001,0.9156626506024037,1.168130148165858e-09,0.9988685651097569,0
647,489.60555555555555,0.5277777777777715,0.7416666666666742,0.5333333333333314,0.989583333333325,0.03080679374382226,0.9533010398185956,52.77777777777778,0.9499999999829001,1.390625000000019,0.00020553711510729045,0.9976602917079345,0
648,490.34722222222223,0.7416666666666742,0.7527777777777942,0.5763888888888857,1.2867469879518274,0.031249347977325873,0.9669956623256755,55.55555555555556,0.9999999999820001,1.3060240963855778,3.467001306489692e-06,0.9983571549428049,0
649,491.1,0.7527777777777942,0.7249999999999659,0.5763888888888857,1.3060240963855778,0.031026903499699346,0.9601122276655594,58.333333333333336,1.0499999999811,1.2578313253011526,7.177700354077388e-06,0.9959272387908142,0
650,491.825,0.7249999999999659,0.4333333333333371,0.63055555555556,1.1497797356827573,0.02982959939092229,0.9230622424782782,52.77777777777778,0.9499999999829001,0.6872246696035255,4.438593242950262e-11,0.9985474509426155,0
651,492.2583333333333,0.4333333333333371,0.5944444444444343,0.5763888888888857,0.7518072289156733,0.035435541869034755,1.0965353678540573,55.55555555555556,0.9999999999820001,1.0313253012048074,0.019528014585375786,0.9964622185770681,0
652,492.85277777777776,0.5944444444444343,0.51111111111112,0.6041666666666572,0.9839080459770102,0.02797432564842204,0.8656517114577206,50.0,0.8999999999838,0.8459770114942807,1.885206990515087e-10,0.9974967086602238,0
653,493.3638888888889,0.51111111111112,0.7138888888889028,0.6041666666666572,0.8459770114942807,0.035593678901914706,1.1014288403501529,61.111111111111114,1.0999999999802001,1.1816091954023404,0.0166152436286211,0.9970962494444997,0
654,494.0777777777778,0.7138888888889028,0.76111111111112,0.6638888888888914,1.0753138075313975,0.031089793891786253,0.9620583398338558,58.333333333333336,1.0499999999811,1.1464435146443603,2.017264080222958e-07,0.9962441774459274,0
655,494.8388888888889,0.76111111111112,0.44722222222219443,0.7194444444444343,1.057915057915085,0.03155126319285948,0.9763382797787806,52.77777777777778,0.9499999999829001,0.6216216216215917,3.945794038728856e-11,0.9990158873849011,0
656,495.2861111111111,0.44722222222219443,0.5555555555555429,0.6541666666666686,0.6836518046708685,0.03884236496506627,1.2019578284623158,63.888888888888886,1.1499999999793,0.8492569002122925,0.4624439775943756,0.9946237962077089,0
657,495.84166666666664,0.5555555555555429,0.8333333333333712,0.6541666666666686,0.8492569002122925,0.036410023664539534,1.126690226443497,63.888888888888886,1.1499999999793,1.2738853503185257,0.4119163751602173,0.9939521918085481,0
658,496.675,0.8333333333333712,0.61388888888888,0.6541666666666686,1.2738853503185257,0.030485257495739177,0.9433512591894953,55.55555555555556,0.9999999999820001,0.938428874734591,6.952639158841478e-11,0.9981417478139384,0
659,497.2888888888889,0.61388888888888,0.41944444444442297,0.6041666666666572,1.0160919540229898,0.030188507245156038,0.9341684690296441,52.77777777777778,0.9499999999829001,0.6942528735631938,2.540528898364869e-09,0.9981801974228803,0
660,497.7083333333333,0.41944444444442297,0.7250000000000227,0.5749999999999886,0.7294685990337935,0.03123651931366692,0.9665986856552936,52.77777777777778,0.9499999999829001,1.2608695652174557,0.0016988362185657024,0.9962035094741297,0
661,498.43333333333334,0.7250000000000227,0.5,0.6041666666666572,1.2000000000000564,0.030306217963277517,0.9378109691520563,52.77777777777778,0.9499999999829001,0.8275862068965647,4.634923000956803e-10,0.9984246751249097,0
662,498.93333333333334,0.5,0.705555555555577,0.5847222222222115,0.8551068883610609,0.03146538999909,0.9736809761465451,55.55555555555556,0.9999999999820001,1.206650831353978,9.637387847760692e-05,0.9975571444711773,0
663,499.6388888888889,0.705555555555577,0.5388888888888914,0.6597222222222285,1.0694736842105486,0.02803367183633967,0.8674881499758476,52.77777777777778,0.9499999999829001,0.8168421052631539,1.0814188954044734e-11,0.9972683517800065,0
664,500.1777777777778,0.5388888888888914,0.6027777777777601,0.5847222222222115,0.9216152019002588,0.03526941069408506,1.0913945205739801,55.55555555555556,0.9999999999820001,1.030878859857471,0.0010379861341789365,0.9979262245944894,0
665,500.78055555555557,0.6027777777777601,0.4777777777777601,0.5791666666666515,1.0407673860911237,0.0354030347453342,1.095529450942257,58.333333333333336,1.0499999999811,0.8249400479616218,0.0010173842310905457,0.9975191615572624,0
666,501.2583333333333,0.4777777777777601,0.4611111111111086,0.5791666666666515,0.8249400479616218,0.033627436372565635,1.0405844349455855,58.333333333333336,1.0499999999811,0.796163069544381,0.00010570882295724005,0.9971631057257485,0
667,501.71944444444443,0.4611111111111086,0.3944444444444457,0.5708333333333258,0.8077858880778652,0.032817233213672706,1.0155130977509503,58.333333333333336,1.0499999999811,0.690997566909987,7.457550236722454e-05,0.9951462400839746,0
668,502.1138888888889,0.3944444444444457,0.5611111111111313,0.5194444444444457,0.7593582887700541,0.03592442345214789,1.11166356734815,66.66666666666667,1.1999999999784001,1.0802139037433518,0.6459873914718628,0.988819118669855,1
669,502.675,0.5611111111111313,0.5972222222222285,0.5194444444444457,1.0802139037433518,0.033878542726308435,1.0483547972273166,55.55555555555556,0.9999999999820001,1.1497326203208649,0.004704555030912161,0.9972534676580778,0
670,503.27222222222224,0.5972222222222285,0.7277777777777601,0.5500000000000114,1.085858585858575,0.0364502526566738,1.1279350927658855,58.333333333333336,1.0499999999811,1.3232323232322638,0.03672495856881142,0.9961719310283047,0
671,504.0,0.7277777777777601,0.3972222222222399,0.5500000000000114,1.3232323232322638,0.03138088418429434,0.971065985382322,58.333333333333336,1.0499999999811,0.7222222222222394,7.82959332923383e-08,0.9978863529667112,0
672,504.39722222222224,0.3972222222222399,0.408333333333303,0.5500000000000114,0.7222222222222394,0.052158891322216974,1.6140311694470195,94.44444444444444,1.6999999999694,0.7424242424241719,0.9761715531349182,0.8835681173028838,1
673,504.80555555555554,0.408333333333303,0.5638888888889255,0.5083333333333258,0.8032786885245425,0.04848860880812702,1.5004560870737815,97.22222222222223,1.7499999999685,1.1092896174864273,0.9894335865974426,0.8610754829520026,1
674,505.36944444444447,0.5638888888889255,0.6388888888888573,0.5194444444444457,1.085561497326271,0.0320757905027256,0.992569518708307,58.333333333333336,1.0499999999811,1.2299465240641074,0.0008364931563846767,0.9977568514898056,0
675,506.0083333333333,0.6388888888888573,1.1972222222222513,0.5194444444444457,1.2299465240641074,0.03271744569933461,1.0124252223306627,58.333333333333336,1.0499999999811,2.3048128342246494,0.00027717131888493896,0.9978398752154629,0
676,507.2055555555556,1.1972222222222513,0.9416666666666629,0.5625000000000284,2.128395061728339,0.03329369136443783,1.0302568602577358,55.55555555555556,0.9999999999820001,1.6740740740739828,3.7944108965959344e-10,0.9974152663720169,0
677,508.14722222222224,0.9416666666666629,0.86388888888888,0.580555555555577,1.622009569377924,0.03634743681627891,1.1247535072892103,61.111111111111114,1.0999999999802001,1.4880382775118914,0.0003242902166675776,0.9962395154287854,0
678,509.0111111111111,0.86388888888888,0.40277777777777146,0.6180555555555429,1.3977528089887783,0.02900985424676156,0.8976956332552273,50.0,0.8999999999838,0.6516853932584301,8.065571390565747e-15,0.9989070347267947,0
679,509.4138888888889,0.40277777777777146,0.8277777777777828,0.6180555555555429,0.6516853932584301,0.05522213785537995,1.7088218227544758,102.77777777777777,1.8499999999667,1.3393258426966648,0.9891517162322998,0.8768426439000141,1
680,510.2416666666667,0.8277777777777828,0.5611111111111313,0.6833333333333087,1.2113821138211893,0.03566678474223178,1.1036910645261127,58.333333333333336,1.0499999999811,0.821138211382173,5.227001906860096e-07,0.9967308461971898,0
681,510.8027777777778,0.5611111111111313,0.39444444444438886,0.6013888888888914,0.9330254041570736,0.02885508193978821,0.8929062805429735,52.77777777777778,0.9499999999829001,0.6558891454964406,1.0779458436971368e-09,0.9977974857087024,0
682,511.1972222222222,0.39444444444438886,0.6944444444444571,0.6013888888888914,0.6558891454964406,0.032896255955932575,1.0179584175395686,58.333333333333336,1.0499999999811,1.1547344110854665,0.012811435386538506,0.9965785768185947,0
683,511.89166666666665,0.6944444444444571,0.4194444444444798,0.6666666666666572,1.0416666666667005,0.029991258727631878,0.9280647109293333,52.77777777777778,0.9499999999829001,0.6291666666667287,7.511991723108125e-11,0.9975808585968182,0
684,512.3111111111111,0.4194444444444798,0.46944444444443434,0.6666666666666572,0.6291666666667287,0.03461561497377415,1.0711631344328525,61.111111111111114,1.0999999999802001,0.7041666666666615,0.03207646310329437,0.9915761346297232,0
685,512.7805555555556,0.46944444444443434,0.4305555555555429,0.6277777777777942,0.7477876106194333,0.031088995038018003,0.9620336196979575,52.77777777777778,0.9499999999829001,0.6858407079645638,1.5958407857397106e-06,0.9956287197150437,0
686,513.2111111111111,0.4305555555555429,1.5972222222221717,0.5152777777777828,0.8355795148247651,0.03259558364501694,1.0086542611569196,55.55555555555556,0.9999999999820001,3.099730458220896,0.00019647036970127374,0.9945154919978537,0
687,514.8083333333333,1.5972222222221717,1.966666666666697,0.5152777777777828,3.099730458220896,0.0295486663309614,0.9143689074818752,52.77777777777778,0.9499999999829001,3.816711590296517,2.45131985456698e-13,0.9971346144100361,0
688,516.775,1.966666666666697,0.9388888888888687,0.5152777777777828,3.816711590296517,0.03513670579281793,1.087288032848611,63.888888888888886,1.1499999999793,1.8221024258759537,4.413763370279357e-19,0.9951460137526297,0
689,517.7138888888888,0.9388888888888687,2.013888888888914,0.6277777777777942,1.4955752212388667,0.033898222489198326,1.0489637777847327,50.0,0.8999999999838,3.2079646017698678,1.008884373732144e-05,0.9972180226297991,0
690,519.7277777777778,2.013888888888914,0.6166666666666742,0.6277777777777942,3.2079646017698678,0.03907891626277981,1.2092777917131485,69.44444444444444,1.2499999999775,0.9823008849557386,3.6574482255325425e-20,0.989396014066104,0
691,520.3444444444444,0.6166666666666742,1.8361111111111086,0.6555555555555657,0.940677966101692,0.030426218912077384,0.941524339333368,50.0,0.8999999999838,2.8008474576270714,0.00012942716421093792,0.9969570608395968,0
692,522.1805555555555,1.8361111111111086,0.5527777777778056,0.8166666666666629,2.2482993197278986,0.034991713823038915,1.082801327847595,63.888888888888886,1.1499999999793,0.6768707482993569,9.580282806487448e-25,0.9942562231647498,0
693,522.7333333333333,0.5527777777778056,1.0944444444444343,0.7777777777777715,0.7107142857143273,0.02871730424173939,0.8886428176228801,47.22222222222222,0.8499999999847,1.4071428571428555,0.001795562682673335,0.9972430325901516,0
694,523.8277777777778,1.0944444444444343,1.35277777777776,1.0166666666666515,1.0765027322404432,0.028069727020670968,0.8686038598741154,47.22222222222222,0.8499999999847,1.3306010928961773,7.910281048549688e-18,0.9984123378425628,0
695,525.1805555555555,1.35277777777776,0.9388888888888687,1.2236111111110972,1.105561861520997,0.031410000655461734,0.9719669802236073,52.77777777777778,0.9499999999829001,0.7673098751418764,1.1278782968608109e-23,0.9992771765918222,0
696,526.1194444444444,0.9388888888888687,0.5444444444444798,1.2236111111110972,0.7673098751418764,0.0379222167586736,1.173484295992964,147.22222222222223,2.6499999999523003,0.44494892167994315,0.9955136179924011,0.6088024411625851,1
697,526.6638888888889,0.5444444444444798,1.1277777777777374,1.0166666666666515,0.5355191256831029,0.033975606001897016,1.0513583724229776,61.111111111111114,1.0999999999802001,1.1092896174863156,0.02275034412741661,0.9978988622447533,0
698,527.7916666666666,1.1277777777777374,1.8472222222222854,1.0166666666666515,1.1092896174863156,0.0290357740489907,0.8984977087526778,47.22222222222222,0.8499999999847,1.8169398907104717,1.557842396748832e-12,0.9980829191819838,0
699,529.6388888888889,1.8472222222222854,1.9472222222221944,1.1111111111110858,1.6625000000000947,0.031536632547946655,0.9758855416871572,52.77777777777778,0.9499999999829001,1.7525000000000148,1.0030393372904387e-26,0.9992843729667755,0
700,531.5861111111111,1.9472222222221944,1.9333333333332803,1.1111111111110858,1.7525000000000148,0.03179202093131,0.9837884092637834,52.77777777777778,0.9499999999829001,1.7399999999999918,9.872503469392333e-29,0.9995306182605901,0
701,533.5194444444444,1.9333333333332803,1.8055555555556566,1.2402777777777487,1.558790593505033,0.03156155947944442,0.9766568932894664,50.0,0.8999999999838,1.4557670772677527,7.378120185061853e-32,0.999682726984615,0
702,535.325,1.8055555555556566,1.9055555555555657,1.2402777777777487,1.4557670772677527,0.02993906528067867,0.9264496104529266,47.22222222222222,0.8499999999847,1.536394176931735,8.984041141074736e-30,0.9989342540707746,0
703,537.2305555555556,1.9055555555555657,1.9166666666666288,1.5791666666667084,1.2066842568161575,0.03391194426990683,1.049388391521766,55.55555555555556,0.9999999999820001,1.2137203166226354,3.145205955078668e-27,0.996171859496316,0
704,539.1472222222222,1.9166666666666288,1.8027777777778056,1.826388888888971,1.049429657794609,0.03419890383317923,1.0582682136911317,55.55555555555556,0.9999999999820001,0.9870722433459784,1.5794891400554906e-27,0.9976814368978446,0
705,540.95,1.8027777777778056,1.886111111111063,1.826388888888971,0.9870722433459784,0.031595790580304914,0.9777161578242896,50.0,0.8999999999838,1.0326996197717904,5.790369044593473e-28,0.9995797736194164,0
706,542.8361111111111,1.886111111111063,1.9944444444444116,1.8666666666666742,1.0104166666666368,0.036320020632702385,1.1239051270089158,55.55555555555556,0.9999999999820001,1.068452380952359,6.80134622540922e-25,0.9977784730447645,0
707,544.8305555555555,1.9944444444444116,1.841666666666697,1.8958333333333144,1.0520146520146452,0.03350939092718506,1.0369315768532135,55.55555555555556,0.9999999999820001,0.9714285714285972,4.2040769662695475e-29,0.9961349583789059,0
708,546.6722222222222,1.841666666666697,1.1333333333333258,1.8958333333333144,0.9714285714285972,0.03223620597382208,0.9975334963513857,52.77777777777778,0.9499999999829001,0.5978021978021998,1.8547258316991708e-30,0.9982917712197559,0
709,547.8055555555555,1.1333333333333258,0.9611111111111086,1.8958333333333144,0.5978021978021998,0.029650532652383512,0.9175211105621996,50.0,0.8999999999838,0.5069597069597107,4.460058932084664e-17,0.9992940209548391,0
710,548.7666666666667,0.9611111111111086,0.7250000000000227,1.86388888888888,0.5156482861400905,0.038663579637307995,1.1964254046640603,80.55555555555556,1.4499999999739002,0.38897168405366533,0.9743549823760986,0.598501039908725,1
711,549.4916666666667,0.7250000000000227,1.4972222222222626,1.8236111111111768,0.39756283320639574,0.0313719316099371,0.9707889523838613,52.77777777777778,0.9499999999829001,0.8210205635948136,9.108213561148659e-08,0.9994577849461697,0
712,550.9888888888889,1.4972222222222626,1.886111111111063,1.8222222222222513,0.8216463414634237,0.0322975058811558,0.9994303917533531,52.77777777777778,0.9499999999829001,1.0350609756097133,6.471242019625181e-20,0.9991306193881031,0
713,552.875,1.886111111111063,1.1749999999999545,1.8222222222222513,1.0350609756097133,0.0310984324881166,0.9623256569371147,52.77777777777778,0.9499999999829001,0.6448170731706965,2.8207247665672046e-32,0.9979342391754824,0
714,554.05,1.1749999999999545,0.877777777777851,1.650000000000034,0.7121212121211699,0.03455720861958328,1.0693557786059147,52.77777777777778,0.9499999999829001,0.5319865319865654,1.2651032531404895e-14,0.9983334395336367,0
715,554.9277777777778,0.877777777777851,1.5472222222222172,1.3361111111111086,0.6569646569647131,0.04225629416615691,1.307600183987204,152.77777777777777,2.7499999999505,1.1580041580041565,0.9893275499343872,0.6337562736370479,1
716,556.475,1.5472222222222172,1.1861111111111313,1.3361111111111086,1.1580041580041565,0.031124669019464972,0.9631375334609626,52.77777777777778,0.9499999999829001,0.8877338877339045,5.2019128982586136e-27,0.9994459511862785,0
717,557.6611111111112,1.1861111111111313,0.872222222222149,1.180555555555543,1.004705882352969,0.03485427429851647,1.0785483295405027,52.77777777777778,0.9499999999829001,0.7388235294117106,1.8520936220170588e-17,0.9979151545349739,0
718,558.5333333333333,0.872222222222149,1.4222222222222172,1.1541666666666401,0.7557160048134316,0.03854569209299286,1.1927774327422886,177.77777777777777,3.1999999999424,1.2322503008423826,0.9970207810401917,0.5912726790163234,1
719,559.9555555555555,1.4222222222222172,1.180555555555543,1.180555555555543,1.2047058823529497,0.035994323829957826,1.1138266000676225,55.55555555555556,0.9999999999820001,1.0,3.807409769798584e-21,0.9986391547385156,0
720,561.1361111111111,1.180555555555543,1.0833333333333712,1.1833333333333371,0.9976525821596105,0.02876401233931022,0.8900881766677872,50.0,0.8999999999838,0.915492957746508,2.7597427109411265e-21,0.9989518719044732,0
721,562.2194444444444,1.0833333333333712,1.2583333333333258,1.1833333333333371,0.915492957746508,0.038707634623809495,1.197788664495327,144.44444444444446,2.5999999999532,1.063380281690131,0.977942168712616,0.30937164553778723,1
722,563.4777777777778,1.2583333333333258,1.1416666666666515,1.1833333333333371,1.063380281690131,0.03425284926978304,1.0599375286232704,52.77777777777778,0.9499999999829001,0.9647887323943503,9.48576191685238e-19,0.998519763468584,0
723,564.6194444444444,1.1416666666666515,0.9916666666666742,1.1777777777777487,0.9693396226415205,0.03520044191651617,1.0892603157645415,55.55555555555556,0.9999999999820001,0.8419811320754989,5.087396348239575e-15,0.9989779178259736,0
724,565.6111111111111,0.9916666666666742,1.3000000000000682,1.1611111111110972,0.8540669856459497,0.04163046007581662,1.2882340566960457,119.44444444444444,2.1499999999613,1.119617224880455,0.9965159893035889,0.7211666455752992,1
725,566.9111111111112,1.3000000000000682,1.2583333333333258,1.1833333333333371,1.0985915492958287,0.03289988307369267,1.0180706569099165,55.55555555555556,0.9999999999820001,1.063380281690131,8.119826163634378e-19,0.9980850902357621,0
726,568.1694444444445,1.2583333333333258,0.9888888888888232,1.1833333333333371,1.063380281690131,0.031223202717279675,0.9661866101472621,52.77777777777778,0.9499999999829001,0.8356807511736507,2.2166699621284372e-21,0.9987816512774457,0
727,569.1583333333333,0.9888888888888232,1.3138888888888687,1.1611111111110972,0.851674641148279,0.0404085671808403,1.2504231836459587,119.44444444444444,2.1499999999613,1.1315789473684172,0.9967164397239685,0.6910464680710102,1
728,570.4722222222222,1.3138888888888687,1.127777777777851,1.2194444444444343,1.077448747152612,0.03324280091949947,1.0286820805360941,50.0,0.8999999999838,0.9248291571754664,3.3828043904431904e-21,0.9966856440722347,0
729,571.6,1.127777777777851,1.0305555555555657,1.1611111111110972,0.9712918660287828,0.031093355992532365,0.9621685672847695,52.77777777777778,0.9499999999829001,0.8875598086124595,6.504015690976356e-18,0.9992244827075755,0
730,572.6305555555556,1.0305555555555657,1.3777777777777374,1.1347222222222513,0.9082007343941105,0.03665498760076431,1.1342705146443088,113.88888888888889,2.0499999999631,1.214198286413642,0.9969446063041687,0.7007872109184765,1
731,574.0083333333333,1.3777777777777374,1.238888888888937,1.1999999999999886,1.1481481481481253,0.03262558325152948,1.009582584185936,52.77777777777778,0.9499999999829001,1.0324074074074572,4.004585111296469e-22,0.998835347148814,0
732,575.2472222222223,1.238888888888937,0.9805555555554974,1.1902777777777942,1.0408401400233631,0.034377365493192265,1.0637906217506299,52.77777777777778,0.9499999999829001,0.8238039673278278,6.985243521965565e-19,0.9981728854385864,0
733,576.2277777777778,0.9805555555554974,1.2583333333333258,1.183333333333394,0.8286384976524906,0.04000216459557658,1.2378472560652263,130.55555555555554,2.3499999999576997,1.06338028169008,0.996288537979126,0.7054546755572201,1
734,577.4861111111111,1.2583333333333258,1.1750000000000682,1.2486111111111313,1.0077864293659398,0.03388763934072715,1.0486362874744453,52.77777777777778,0.9499999999829001,0.9410456062291829,3.6683226779072884e-18,0.9974768959690554,0
735,578.6611111111112,1.1750000000000682,0.5555555555555429,1.2069444444445026,0.9735327963176161,0.03279849265717872,1.0149331804722794,55.55555555555556,0.9999999999820001,0.460299194476377,7.03726718543571e-18,0.9990853567141227,0
736,579.2166666666667,0.5555555555555429,1.4583333333332575,1.1513888888889596,0.48250904704459147,0.04208828370006599,1.3024011829695472,102.77777777777777,1.8499999999667,1.2665862484920156,0.9198070168495178,0.9144833325412619,1
737,580.675,1.4583333333332575,1.1777777777778056,1.2069444444445026,1.2082853855004545,0.030497826027384076,0.943740186202988,52.77777777777778,0.9499999999829001,0.9758342922899645,4.340531178018898e-26,0.9992578090192257,0
738,581.8527777777778,1.1777777777778056,0.9388888888888687,1.176388888888937,1.0011806375442567,0.02995198877525551,0.926849521619296,50.0,0.8999999999838,0.798110979929112,8.892872554921983e-21,0.9967121114340588,0
739,582.7916666666666,0.9388888888888687,0.9472222222223081,1.176388888888937,0.798110979929112,0.04033304367560072,1.2480861460212602,147.22222222222223,2.6499999999523003,0.8051948051948453,0.995854914188385,0.6362306209456415,1
740,583.7388888888889,0.9472222222223081,1.2166666666665833,1.176388888888937,0.8051948051948453,0.03107152393464148,0.9614929850199668,52.77777777777778,0.9499999999829001,1.0342384887838303,5.616687236836837e-12,0.9994011514213037,0
741,584.9555555555555,1.2166666666665833,0.9888888888889369,1.176388888888937,1.0342384887838303,0.03336038086199263,1.032320533871181,50.0,0.8999999999838,0.840613931523029,1.1050194650701085e-19,0.9973858357534868,0
742,585.9444444444445,0.9888888888889369,0.7944444444444798,1.0819444444445026,0.9139922978177103,0.041689226451790004,1.2900525532194962,163.88888888888889,2.9499999999469,0.7342747111681576,0.9949034452438354,0.5835817116281492,1
743,586.7388888888889,0.7944444444444798,1.5027777777777374,1.0819444444445026,0.7342747111681576,0.029600240031475548,0.9159648302103575,50.0,0.8999999999838,1.3889602053914156,3.8534144550794736e-06,0.9971891964350643,0
744,588.2416666666667,1.5027777777777374,1.2027777777777828,1.0819444444445026,1.3889602053914156,0.0346253105533236,1.0714631593605681,52.77777777777778,0.9499999999829001,1.1116816431321657,1.0011295697501447e-23,0.9976608353880078,0
745,589.4444444444445,1.2027777777777828,1.2666666666666515,1.0833333333333712,1.1102564102563761,0.027648629787065435,0.8555732136472132,47.22222222222222,0.8499999999847,1.1692307692307142,3.2103445533550846e-22,0.9980408225880656,0
746,590.7111111111111,1.2666666666666515,0.9583333333333712,1.1902777777777942,1.0641773628937883,0.03194838176818204,0.9886269182503576,52.77777777777778,0.9499999999829001,0.805134189031526,2.7268416828561865e-21,0.9990598482642588,0
747,591.6694444444445,0.9583333333333712,0.7666666666666515,1.0833333333333712,0.8846153846153887,0.039200791473312326,1.2130491599994717,158.33333333333334,2.8499999999487002,0.707692307692269,0.9952936768531799,0.6064011166491563,1
748,592.4361111111111,0.7666666666666515,1.466666666666697,0.9736111111111541,0.787446504992817,0.029239882882706184,0.9048137559543166,50.0,0.8999999999838,1.5064194008558849,1.2935443010064773e-05,0.9985037031136818,0
749,593.9027777777778,1.466666666666697,1.1833333333332803,1.0958333333333599,1.3384030418250903,0.030592262215213606,0.9466624674635119,52.77777777777778,0.9499999999829001,1.0798479087451727,8.569314045837418e-26,0.999019778812037,0
750,595.0861111111111,1.1833333333332803,1.2000000000000455,1.1930555555555316,0.9918509895226763,0.02982720363046098,0.9229881068522887,50.0,0.8999999999838,1.0058207217695578,8.830237695769386e-20,0.999202894184686,0
751,596.2861111111112,1.2000000000000455,0.9472222222221944,1.1916666666666629,1.0069930069930484,0.033832763773318314,1.0469381901032455,50.0,0.8999999999838,0.7948717948717741,3.724851942475221e-19,0.9981118081449194,0
752,597.2333333333333,0.9472222222221944,0.8055555555555429,1.1916666666666629,0.7948717948717741,0.041247275251694936,1.2763765912838538,166.66666666666666,2.999999999946,0.6759906759906675,0.9961023330688477,0.5994400331774805,1
753,598.0388888888889,0.8055555555555429,1.466666666666697,1.1916666666666629,0.6759906759906675,0.03302094581851356,1.0218168838454667,55.55555555555556,0.9999999999820001,1.2307692307692601,0.00023004980175755918,0.9981576570177351,0
754,599.5055555555556,1.466666666666697,1.1694444444443661,1.1916666666666629,1.2307692307692601,0.03243432266123198,1.0036641195406666,50.0,0.8999999999838,0.9813519813519187,1.3214518404743435e-25,0.9965042044508349,0
755,600.675,1.1694444444443661,1.1888888888889824,1.1763888888888232,0.9940968122786193,0.030841057613564354,0.9543613183702997,52.77777777777778,0.9499999999829001,1.010625737898601,5.956638019606128e-18,0.9984148985687628,0
756,601.8638888888889,1.1888888888889824,0.9722222222221717,1.1763888888888232,1.010625737898601,0.029233279099115186,0.9046094051277948,47.22222222222222,0.8499999999847,0.8264462809917388,1.392478842105384e-22,0.9987490702755477,0
757,602.8361111111111,0.9722222222221717,0.8055555555555429,1.1763888888888232,0.8264462809917388,0.040129353538586016,1.241783055182544,158.33333333333334,2.8499999999487002,0.6847697756788941,0.995877742767334,0.6154142732340007,1
758,603.6416666666667,0.8055555555555429,1.5527777777778056,1.1763888888888232,0.6847697756788941,0.03406223435050982,1.05403904394943,52.77777777777778,0.9499999999829001,1.3199527744983264,0.0005610957159660757,0.9975571529212562,0
759,605.1944444444445,1.5527777777778056,1.2583333333333258,1.1763888888888232,1.3199527744983264,0.03163373904572184,0.9788904543720673,52.77777777777778,0.9499999999829001,1.069657615112214,8.476165596667954e-27,0.9989511663904058,0
760,606.4527777777778,1.2583333333333258,1.1861111111111313,1.1791666666666742,1.0671378091872659,0.03316089217117385,1.0261474547130252,52.77777777777778,0.9499999999829001,1.0058892815076668,3.8321266696717503e-19,0.9988916716879749,0
761,607.6388888888889,1.1861111111111313,0.9361111111111313,1.1777777777777487,1.0070754716981551,0.03433114450973304,1.0623603362116827,52.77777777777778,0.9499999999829001,0.7948113207547538,1.3880062554498978e-17,0.9974438388341069,0
762,608.575,0.9361111111111313,1.5944444444444343,1.1777777777777487,0.7948113207547538,0.038499783097273844,1.1913568015101033,161.11111111111111,2.8999999999478003,1.3537735849056851,0.9973055124282837,0.6063117007266667,1
763,610.1694444444445,1.5944444444444343,1.213888888888846,1.1875000000000568,1.3426900584794594,0.03317542333110476,1.0265971142909447,55.55555555555556,0.9999999999820001,1.022222222222137,2.136523912681367e-26,0.9984323306042628,0
764,611.3833333333333,1.213888888888846,0.875,1.1875000000000568,1.022222222222137,0.03194184689801637,0.9884246999157976,50.0,0.8999999999838,0.7368421052631227,9.366017441921614e-21,0.9970945307110125,0
765,612.2583333333333,0.875,1.4222222222222172,1.1875000000000568,0.7368421052631227,0.04075638171436922,1.2611861328588618,183.33333333333334,3.2999999999406002,1.1976608187133888,0.9962055683135986,0.5463859781952916,1
766,613.6805555555555,1.4222222222222172,1.1527777777778283,1.1999999999999886,1.1851851851851922,0.03383711520504544,1.0470728430121026,50.0,0.8999999999838,0.9606481481481993,5.172082511395158e-24,0.9981594592409961,0
767,614.8333333333334,1.1527777777778283,1.0611111111110176,1.1999999999999886,0.9606481481481993,0.031289403961281874,0.9682351749953076,50.0,0.8999999999838,0.8842592592591897,5.40465956966888e-19,0.99961944832889,0
768,615.8944444444444,1.0611111111110176,1.2972222222223309,1.1999999999999886,0.8842592592591897,0.043260902284713486,1.3386872867864765,113.88888888888889,2.0499999999631,1.0810185185186192,0.9938600063323975,0.701619087604581,1
769,617.1916666666667,1.2972222222223309,1.158333333333303,1.1999999999999886,1.0810185185186192,0.03128194184388408,0.9680042634524278,50.0,0.8999999999838,0.9652777777777617,2.1804799520485774e-22,0.9998286130501546,0
770,618.35,1.158333333333303,0.9222222222222172,1.1722222222222172,0.9881516587677509,0.03298453051246571,1.0206900301582766,50.0,0.8999999999838,0.7867298578199043,7.173762119469463e-19,0.998578636351338,0
771,619.2722222222222,0.9222222222222172,1.4333333333332803,1.1555555555555657,0.7980769230769117,0.03501197827685151,1.08342840137727,125.0,2.2499999999595,1.2403846153845586,0.995288610458374,0.6140362170580628,1
772,620.7055555555555,1.4333333333332803,1.2805555555555657,1.1861111111110745,1.2084309133489388,0.03136812308763563,0.9706710995394416,52.77777777777778,0.9499999999829001,1.0796252927400887,5.243520177250162e-24,0.9988501076476383,0
773,621.9861111111111,1.2805555555555657,1.2611111111111768,1.1861111111110745,1.0796252927400887,0.0318395722855629,0.9852598624708595,52.77777777777778,0.9499999999829001,1.0632318501171842,7.071247170463323e-20,0.9992599006831119,0
774,623.2472222222223,1.2611111111111768,1.2111111111111086,1.20972222222224,1.042479908151589,0.02921154552289598,0.9039368703297552,47.22222222222222,0.8499999999847,1.0011481056257008,7.027565480895211e-23,0.998322504600908,0
775,624.4583333333334,1.2111111111111086,1.247222222222149,1.2361111111111427,0.9797752808988494,0.03127754956055026,0.9678683464107478,52.77777777777778,0.9499999999829001,1.0089887640448587,2.9550779229273148e-18,0.9993693533865753,0
776,625.7055555555555,1.247222222222149,1.25,1.2291666666666288,1.0146892655366948,0.03305608673282049,1.0229043021087092,50.0,0.8999999999838,1.0169491525424041,6.688850232827096e-19,0.9981635333444818,0
777,626.9555555555555,1.25,1.2972222222222172,1.2486111111110745,1.0011123470523098,0.030667168098625627,0.948980393085341,50.0,0.8999999999838,1.0389321468298374,3.8523219612098057e-20,0.999728708820137,0
778,628.2527777777777,1.2972222222222172,1.25,1.2555555555555884,1.0331858407079335,0.0304844304029259,0.9433256652102749,52.77777777777778,0.9499999999829001,0.995575221238912,6.438809431029713e-21,0.9993877871539696,0
779,629.5027777777777,1.25,1.1333333333333258,1.25,1.0,0.029848329837848263,0.9236418469213525,50.0,0.8999999999838,0.9066666666666606,1.1480558063381029e-21,0.999209741156325,0
780,630.6361111111111,1.1333333333333258,1.1638888888888914,1.25,0.9066666666666606,0.031006874004734047,0.9594924248215426,47.22222222222222,0.8499999999847,0.9311111111111131,5.277550447250613e-18,0.9955155442414281,0
781,631.8,1.1638888888888914,1.2472222222222626,1.25,0.9311111111111131,0.03093210302491221,0.957178673724783,52.77777777777778,0.9499999999829001,0.9977777777778101,3.5905313043803515e-17,0.9991561823491462,0
782,633.0472222222222,1.2472222222222626,1.2055555555555202,1.2486111111111313,0.9988876529477358,0.031386616740942036,0.9712433765207349,52.77777777777778,0.9499999999829001,0.9655172413792664,2.6749188287920227e-19,0.9986134651903437,0
783,634.2527777777777,1.2055555555555202,0.9361111111111313,1.2472222222222058,0.9665924276169109,0.030061892106634694,0.9302504260092348,50.0,0.8999999999838,0.7505567928730773,2.1489619170373474e-21,0.9994918668774587,0
784,635.1888888888889,0.9361111111111313,1.3888888888889142,1.2291666666666288,0.7615819209039947,0.037232935640392484,1.1521548317115187,172.22222222222223,3.0999999999442003,1.129943502824914,0.9962397813796997,0.6095929429720606,1
785,636.5777777777778,1.3888888888889142,0.5583333333332803,1.2472222222222058,1.1135857461024847,0.028360236025435234,0.8775935177600152,47.22222222222222,0.8499999999847,0.4476614699331482,8.79996632413145e-29,0.9983850338425013,0
786,637.1361111111111,0.5583333333332803,1.2472222222222626,1.2263888888888914,0.4552661381653012,0.053588086647374765,1.658256913966441,97.22222222222223,1.7499999999685,1.016987542468887,0.859399676322937,0.8923877829542468,1
787,638.3833333333333,1.2472222222222626,1.238888888888937,1.2263888888888914,1.016987542468887,0.03530865265440348,1.0926088436835886,55.55555555555556,0.9999999999820001,1.0101925254813509,3.589013328694643e-16,0.9980197337156167,0
788,639.6222222222223,1.238888888888937,1.2388888888888232,1.2222222222222285,1.0136363636363976,0.033688241858814805,1.0424660307309188,52.77777777777778,0.9499999999829001,1.0136363636363046,1.4473561335283325e-17,0.998058450590546,0
789,640.8611111111111,1.2388888888888232,0.9638888888889596,1.2222222222221717,1.013636363636352,0.03044514929670455,0.9421101307500053,50.0,0.8999999999838,0.7886363636364541,3.940003782667539e-22,0.9996425670551509,0
790,641.825,0.9638888888889596,1.3583333333332348,1.2222222222221717,0.7886363636364541,0.036344659015690506,1.1246675496198937,122.22222222222223,2.1999999999604003,1.1113636363636017,0.9934625625610352,0.6115731401944089,1
791,643.1833333333333,1.3583333333332348,1.2277777777778738,1.23888888888888,1.0964125560537399,0.031106118101630564,0.9625634844570906,50.0,0.8999999999838,0.9910313901346137,2.066255953752887e-23,0.9997979572965856,0
792,644.4111111111112,1.2277777777778738,0.9166666666666288,1.2333333333333485,0.995495495495561,0.03013753862509612,0.9325912702174184,52.77777777777778,0.9499999999829001,0.7432432432432033,3.390879094938386e-21,0.9991087784477979,0
793,645.3277777777778,0.9166666666666288,1.5027777777777374,1.2333333333333485,0.7432432432432033,0.04136285938286121,1.2799532852216782,169.44444444444446,3.0499999999451,1.2184684684684208,0.9963977336883545,0.6236796449897976,1
794,646.8305555555555,1.5027777777777374,1.180555555555543,1.23888888888888,1.2130044843049088,0.03490578518077164,1.08014230838894,52.77777777777778,0.9499999999829001,0.9529147982062747,2.6301082091545825e-24,0.9982415576167845,0
795,648.0111111111111,1.180555555555543,0.9555555555556339,1.2333333333333485,0.9572072072071852,0.03616564567406903,1.1191280700450883,55.55555555555556,0.9999999999820001,0.7747747747748287,4.203160866908919e-15,0.9986787499938166,0
796,648.9666666666667,0.9555555555556339,1.3111111111111313,1.2333333333333485,0.7747747747748287,0.03584111800188156,1.109085721272319,116.66666666666667,2.0999999999622,1.0630630630630664,0.9923399686813354,0.6816943307856402,1
797,650.2777777777778,1.3111111111111313,1.247222222222149,1.2333333333333485,1.0630630630630664,0.03073062296398754,0.9509439726007586,50.0,0.8999999999838,1.0112612612611895,3.301038313906534e-22,0.9996949885290036,0
798,651.525,1.247222222222149,1.0416666666667425,1.2333333333333485,1.0112612612611895,0.030549449694350337,0.9453376551186896,52.77777777777778,0.9499999999829001,0.8445945945946457,8.207199603839477e-21,0.9987396310423191,0
799,652.5666666666667,1.0416666666667425,1.2999999999999545,1.2041666666667084,0.8650519031142199,0.04351387743663439,1.3465154781062183,119.44444444444444,2.1499999999613,1.07958477508643,0.9946519136428833,0.6836414781526502,1
800,653.8666666666667,1.2999999999999545,1.1499999999999773,1.2375000000000114,1.0505050505050042,0.029512841591821763,0.9132603285964177,50.0,0.8999999999838,0.9292929292929024,2.7575510155327073e-23,0.9992129220191395,0
801,655.0166666666667,1.1499999999999773,0.9833333333333485,1.2041666666667084,0.9550173010380103,0.034240512350425564,1.0595557687377908,52.77777777777778,0.9499999999829001,0.8166089965397767,2.1575099130825425e-16,0.997580178904625,0
802,656.0,0.9833333333333485,0.6666666666666288,1.16527777777776,0.8438617401668911,0.03507799671794289,1.0854713094793904,113.88888888888889,2.0499999999631,0.5721096543503933,0.9881269335746765,0.6241826416219525,1
803,656.6666666666666,0.6666666666666288,1.5166666666666515,1.16527777777776,0.5721096543503933,0.034030791773645645,1.053066068914493,52.77777777777778,0.9499999999829001,1.3015494636472058,0.01754559576511383,0.9971698568901198,0
804,658.1833333333333,1.5166666666666515,1.2361111111111995,1.16527777777776,1.3015494636472058,0.03374230354018854,1.044138942800136,58.333333333333336,1.0499999999811,1.0607866507748238,3.701783755835515e-23,0.9976649683422363,0
805,659.4194444444445,1.2361111111111995,1.136111111111063,1.1930555555555884,1.036088474970942,0.029483706122664436,0.912358745871703,50.0,0.8999999999838,0.9522700814900383,5.970001890613604e-22,0.9993431480157072,0
806,660.5555555555555,1.136111111111063,0.966666666666697,1.1930555555555884,0.9522700814900383,0.02852765019008948,0.8827740665237844,50.0,0.8999999999838,0.8102444703143221,1.1892853072672944e-20,0.9983729039524541,0
807,661.5222222222222,0.966666666666697,1.4222222222222172,1.1430555555555202,0.8456865127582543,0.033856961030379544,1.04768696228996,127.77777777777777,2.2999999999586,1.244228432563825,0.9965342283248901,0.6667944746924912,1
808,662.9444444444445,1.4222222222222172,1.2694444444443889,1.1430555555555202,1.244228432563825,0.034679754410437906,1.0731478976696045,52.77777777777778,0.9499999999829001,1.1105710814094634,1.055220534553581e-21,0.9976474787899458,0
809,664.2138888888888,1.2694444444443889,0.9583333333333712,1.1930555555555884,1.0640279394644176,0.029345039146095875,0.90806776466637,50.0,0.8999999999838,0.8032596041909293,8.894351486103543e-24,0.9985271882331698,0
810,665.1722222222222,0.9583333333333712,1.3611111111110858,1.1430555555555202,0.8383961117862073,0.037778893640917785,1.1690492327947999,127.77777777777777,2.2999999999586,1.1907654921020803,0.9971017241477966,0.6124115117037522,1
811,666.5333333333333,1.3611111111110858,1.1083333333333485,1.1861111111111313,1.1475409836065165,0.028547094719168102,0.8833757678869181,47.22222222222222,0.8499999999847,0.9344262295081935,5.929744935401883e-27,0.9978402347311234,0
812,667.6416666666667,1.1083333333333485,1.0416666666666288,1.1861111111111313,0.9344262295081935,0.029485533042367985,0.9124152790009711,50.0,0.8999999999838,0.8782201405151756,5.71479853263645e-19,0.9993443227449004,0
813,668.6833333333333,1.0416666666666288,1.2944444444444798,1.1861111111111313,0.8782201405151756,0.04441327990647463,1.3743470439888592,113.88888888888889,2.0499999999631,1.0913348946135943,0.9944224953651428,0.7036643346297201,1
814,669.9777777777778,1.2944444444444798,1.238888888888937,1.1861111111111313,1.0913348946135943,0.03138238174430863,0.971112326638432,52.77777777777778,0.9499999999829001,1.0444964871194606,8.69927109411266e-21,0.9997434738611635,0
815,671.2166666666667,1.238888888888937,0.9333333333332803,1.1875,1.04327485380121,0.033350932292585914,1.0320281525505175,52.77777777777778,0.9499999999829001,0.7859649122806571,1.6246746176503222e-19,0.9974450058498334,0
816,672.15,0.9333333333332803,1.3222222222221944,1.1736111111111427,0.7952662721892825,0.03545748342836323,1.097214338586845,138.88888888888889,2.499999999955,1.1266272189348572,0.9970393180847168,0.6775216472346843,1
817,673.4722222222222,1.3222222222221944,1.1805555555556566,1.2541666666666629,1.0542635658914539,0.030870777278559507,0.9552809787471158,52.77777777777778,0.9499999999829001,0.941306755260327,1.2363350214308517e-21,0.9980201837443763,0
818,674.6527777777778,1.1805555555556566,1.0611111111110176,1.2097222222222968,0.9758897818599546,0.032075602751193,0.9925637088297218,52.77777777777778,0.9499999999829001,0.8771526980480892,2.5310471497543098e-18,0.9996134144667341,0
819,675.7138888888888,1.0611111111110176,1.3166666666667197,1.1444444444445026,0.9271844660192887,0.043401152542481294,1.3430272618477141,111.11111111111111,1.9999999999640001,1.1504854368931918,0.9951555728912354,0.6786051381375481,1
820,677.0305555555556,1.3166666666667197,1.191666666666606,1.2097222222222968,1.0884041331802294,0.031348877475682733,0.9700755535686661,52.77777777777778,0.9499999999829001,0.9850746268655608,1.1449069260399503e-21,0.9995112221515333,0
821,678.2222222222222,1.191666666666606,0.9222222222222172,1.1861111111111313,1.0046838407493464,0.03385743416489914,1.0477016032043394,52.77777777777778,0.9499999999829001,0.7775175644027928,4.753903760473919e-18,0.9977795407038835,0
822,679.1444444444444,0.9222222222222172,1.3861111111111768,1.1861111111111313,0.7775175644027928,0.03702586806888485,1.145747227828024,136.11111111111111,2.4499999999559003,1.1686182669789582,0.9964040517807007,0.6181537206505147,1
823,680.5305555555556,1.3861111111111768,1.2361111111110858,1.2152777777777715,1.1405714285714885,0.031602774009017315,0.9779322565818686,52.77777777777778,0.9499999999829001,1.0171428571428416,8.415387645522639e-23,0.9983523161232126,0
824,681.7666666666667,1.2361111111110858,1.0444444444444798,1.213888888888846,1.0183066361556217,0.031713747996733814,0.9813662919041639,52.77777777777778,0.9499999999829001,0.8604118993135608,4.178227568264004e-20,0.9996179969997363,0
825,682.8111111111111,1.0444444444444798,1.2388888888888232,1.1861111111111313,0.8805620608899446,0.04046890982970642,1.252290457156725,122.22222222222223,2.1999999999604003,1.0444964871193647,0.9953097701072693,0.6942454685787387,1
826,684.05,1.2388888888888232,1.1361111111111768,1.213888888888846,1.0205949656750393,0.030144644992466652,0.9328111732511452,50.0,0.8999999999838,0.9359267734554648,1.7337622840270848e-21,0.9995880403248469,0
827,685.1861111111111,1.1361111111111768,0.9722222222221717,1.1861111111111313,0.9578454332553084,0.03228206661523811,0.9989526312835113,50.0,0.8999999999838,0.8196721311474844,2.7136878018254057e-18,0.9982090020150289,0
828,686.1583333333333,0.9722222222221717,1.3277777777777828,1.1638888888888914,0.835322195704012,0.03818455362651964,1.181602180995214,127.77777777777777,2.2999999999586,1.1408114558472573,0.9973727464675903,0.6878249623353371,1
829,687.4861111111111,1.3277777777777828,1.22777777777776,1.213888888888846,1.0938215102975257,0.03420704592598844,1.058520166737783,52.77777777777778,0.9499999999829001,1.0114416475972752,5.669435818597071e-20,0.999073782763509,0
830,688.7138888888888,1.22777777777776,0.9805555555556111,1.209722222222183,1.0149253731343466,0.03594390965201579,1.1122665581933078,55.55555555555556,0.9999999999820001,0.8105625717566738,1.1236736431297588e-16,0.9990219646796906,0
831,689.6944444444445,0.9805555555556111,1.191666666666606,1.1819444444444684,0.8296122209165989,0.04046487031946822,1.2521654565045166,125.0,2.2499999999595,1.0082256169211974,0.9949648976325989,0.6695205198223433,1
832,690.8861111111111,1.191666666666606,1.1444444444445026,1.209722222222183,0.9850746268656534,0.028465927525753786,0.8808640891148763,47.22222222222222,0.8499999999847,0.946039035591353,6.118013905885178e-22,0.9976274139345759,0
833,692.0305555555556,1.1444444444445026,0.9750000000000227,1.1680555555555543,0.9797859690844741,0.03457744751668716,1.069982061295842,52.77777777777778,0.9499999999829001,0.8347205707491285,1.838859691745721e-16,0.9984491818515171,0
834,693.0055555555556,0.9750000000000227,1.3027777777776919,1.1402777777778397,0.85505481120582,0.03536714206354957,1.0944187696051568,133.33333333333334,2.3999999999568002,1.142509135200837,0.9974156618118286,0.7166027559886397,1
835,694.3083333333333,1.3027777777776919,1.219444444444548,1.1680555555555543,1.115338882282924,0.03208431529192,0.9928333141058688,55.55555555555556,0.9999999999820001,1.0439952437575215,5.609587362574299e-20,0.9995981578860079,0
836,695.5277777777778,1.219444444444548,0.8916666666666515,1.1680555555555543,1.0439952437575215,0.03361895198520542,1.0403218897628579,52.77777777777778,0.9499999999829001,0.7633769322235312,3.788463424050256e-19,0.9978110415250558,0
837,696.4194444444445,0.8916666666666515,1.4027777777777146,1.1680555555555543,0.7633769322235312,0.04198065204146796,1.29907057437353,175.0,3.1499999999433,1.2009512485136213,0.9967417120933533,0.5805244233795241,1
838,697.8222222222222,1.4027777777777146,1.1972222222221944,1.205555555555577,1.16359447004601,0.02845332306073555,0.8804740501608664,50.0,0.8999999999838,0.9930875576036459,9.751913917781703e-27,0.9988022411605251,0
839,699.0194444444444,1.1972222222221944,0.9805555555556111,1.1944444444444002,1.0023255813953627,0.031200165249731456,0.9654737270750694,52.77777777777778,0.9499999999829001,0.8209302325582164,7.442843843485992e-20,0.9996887718638973,0
840,700.0,0.9805555555556111,1.4361111111111313,1.1680555555555543,0.8394768133175277,0.03718664512021304,1.150722394393057,169.44444444444446,3.0499999999451,1.2294887039239188,0.9976984858512878,0.6485408939650741,1
841,701.4361111111111,1.4361111111111313,1.1388888888889142,1.1944444444444002,1.2023255813954103,0.028836389797070153,0.892327861404723,50.0,0.8999999999838,0.9534883720930797,7.045854367872832e-28,0.9990190013931345,0
842,702.575,1.1388888888889142,0.9111111111110404,1.1708333333333485,0.9727164887307326,0.03189386131559054,0.9869398097320531,47.22222222222222,0.8499999999847,0.7781731909845084,1.4849312419534965e-19,0.9969776435424015,0
843,703.4861111111111,0.9111111111110404,1.3999999999999773,1.1680555555555543,0.7800237812127822,0.037317442510057634,1.154769855118158,177.77777777777777,3.1999999999424,1.1985731272294706,0.9964924454689026,0.6032875011043517,1
844,704.8861111111111,1.3999999999999773,1.161111111111154,1.2083333333333712,1.1586206896551172,0.031026563043043253,0.9601016924022352,52.77777777777778,0.9499999999829001,0.9609195402298905,2.6671783608127283e-24,0.9994239769539435,0
845,706.0472222222222,1.161111111111154,1.0638888888888687,1.1791666666666742,0.9846878680801243,0.03230799793706045,0.9997550632490924,52.77777777777778,0.9499999999829001,0.9022379269728864,1.1616974153531474e-17,0.9983809430915764,0
846,707.1111111111111,1.0638888888888687,1.27222222222224,1.150000000000034,0.9251207729468149,0.04079480813712301,1.262375219560721,116.66666666666667,2.0999999999622,1.1062801932366975,0.996170699596405,0.7410271967006228,1
847,708.3833333333333,1.27222222222224,1.1861111111111313,1.1791666666666742,1.0789163722025994,0.03630225810882646,1.1233554744672871,52.77777777777778,0.9499999999829001,1.0058892815076668,1.701392894938473e-17,0.997580497363038,0
848,709.5694444444445,1.1861111111111313,0.9138888888888914,1.1736111111111427,1.0106508875739546,0.028965441449435,0.8963213011444359,50.0,0.8999999999838,0.7786982248520522,2.72516606656285e-22,0.9993323275322432,0
849,710.4833333333333,0.9138888888888914,1.5583333333332803,1.150000000000034,0.7946859903381429,0.04122870103658423,1.275801821357256,177.77777777777777,3.1999999999424,1.3550724637680296,0.9972175359725952,0.5851171469177091,1
850,712.0416666666666,1.5583333333332803,1.1972222222223081,1.1736111111111427,1.327810650887493,0.03066941404296762,0.9490498927254011,50.0,0.8999999999838,1.020118343195312,1.125910802921552e-28,0.9978799242919744,0
851,713.2388888888889,1.1972222222223081,0.908333333333303,1.1736111111111427,1.020118343195312,0.034263287817025104,1.060260544319834,52.77777777777778,0.9499999999829001,0.7739644970413735,4.9312612099726385e-18,0.9975200897545389,0
852,714.1472222222222,0.908333333333303,1.3666666666666742,1.1736111111111427,0.7739644970413735,0.03514879618249054,1.0876621639945705,177.77777777777777,3.1999999999424,1.1644970414200935,0.9948122501373291,0.6394987110470005,1
853,715.5138888888889,1.3666666666666742,1.1999999999999318,1.1916666666667197,1.1468531468531022,0.030231533547807513,0.9354998967464744,50.0,0.8999999999838,1.006993006992905,1.3220122521917932e-24,0.999687499840404,0
854,716.7138888888888,1.1999999999999318,0.9750000000000227,1.1916666666667197,1.006993006992905,0.02894361060219821,0.8956457563427271,47.22222222222222,0.8499999999847,0.8181818181818008,4.687318097692074e-23,0.9990436233225847,0
855,717.6888888888889,0.9750000000000227,1.308333333333394,1.1916666666667197,0.8181818181818008,0.03976574115162303,1.2305312491859446,136.11111111111111,2.4499999999559003,1.0979020979021,0.9967857599258423,0.7188179846036326,1
856,718.9972222222223,1.308333333333394,1.1694444444443661,1.19861111111112,1.091541135573623,0.03361099773600517,1.0400757494440493,55.55555555555556,0.9999999999820001,0.9756662804170769,2.7653413019714327e-19,0.9980620882123397,0
857,720.1666666666666,1.1694444444443661,0.8833333333333258,1.1916666666667197,0.981351981351872,0.03022142161021371,0.9351869878244063,50.0,0.8999999999838,0.741258741258702,5.250233689631624e-21,0.9995709886402562,0
858,721.05,0.8833333333333258,1.2666666666667652,1.1833333333333371,0.7464788732394279,0.03349545303052605,1.0365002755146708,119.44444444444444,2.1499999999613,1.0704225352113474,0.9895171523094177,0.6699238624967561,1
859,722.3166666666667,1.2666666666667652,1.2388888888888232,1.19861111111112,1.0567786790267257,0.03010706172753822,0.9316481776523826,50.0,0.8999999999838,1.0336037079953027,1.910349390884209e-21,0.9987782492760395,0
860,723.5555555555555,1.2388888888888232,0.9444444444444571,1.19861111111112,1.0336037079953027,0.034510696274360445,1.0679164770208798,55.55555555555556,0.9999999999820001,0.7879490150637359,5.786534530489192e-18,0.9985144855417383,0
861,724.5,0.9444444444444571,1.2999999999999545,1.184722222222149,0.7971864009379264,0.03619159019437498,1.1199309104312356,172.22222222222223,3.0999999999442003,1.0973036342321514,0.9958420395851135,0.6408616683342303,1
862,725.8,1.2999999999999545,1.1750000000000682,1.2194444444443775,1.0660592255125496,0.02895607976488265,0.896031608432743,50.0,0.8999999999838,0.9635535307518173,1.1399288571628765e-23,0.9990779888257488,0
863,726.975,1.1750000000000682,0.8805555555555884,1.1875,0.9894736842105838,0.029001447573546432,0.8974354928983943,47.22222222222222,0.8499999999847,0.741520467836285,9.360972493416996e-23,0.9989952820966175,0
864,727.8555555555556,0.8805555555555884,1.408333333333303,1.1722222222222172,0.751184834123254,0.04095154004939914,1.2672252112926763,175.0,3.1499999999433,1.2014218009478466,0.9966992735862732,0.5902454289639653,1
865,729.2638888888889,1.408333333333303,1.2388888888888232,1.2069444444444457,1.1668584579976722,0.030518679964483875,0.9443855010022777,52.77777777777778,0.9499999999829001,1.0264672036823381,2.9827030013785025e-24,0.9995805028218058,0
866,730.5027777777777,1.2388888888888232,0.9111111111111541,1.2069444444444457,1.0264672036823381,0.03128557726141436,0.9681167596550709,52.77777777777778,0.9499999999829001,0.7548906789413466,4.5579162325642014e-21,0.9996106166532227,0
867,731.4138888888889,0.9111111111111541,1.3722222222222626,1.2069444444444457,0.7548906789413466,0.03822550979952567,1.182869549571065,175.0,3.1499999999433,1.1369390103567643,0.9968602657318115,0.5985116497224354,1
868,732.7861111111112,1.3722222222222626,1.136111111111063,1.2388888888888232,1.1076233183857416,0.03404345574780307,1.0534579493494678,50.0,0.8999999999838,0.9170403587444045,2.0628706360642217e-22,0.9985900039493938,0
869,733.9222222222222,1.136111111111063,0.9527777777777828,1.2069444444444457,0.941311852704217,0.03425392587305577,1.0599708435806108,52.77777777777778,0.9499999999829001,0.789413118527046,2.6578146879386233e-16,0.9989965490828787,0
870,734.875,0.9527777777777828,1.4333333333332803,1.1555555555555657,0.824519230769228,0.04062324320653005,1.2570662273919573,175.0,3.1499999999433,1.2403846153845586,0.9973745346069336,0.5970588988976294,1
871,736.3083333333333,1.4333333333332803,1.1777777777778056,1.2069444444444457,1.1875719217490917,0.030206919942229602,0.9347382408602363,52.77777777777778,0.9499999999829001,0.9758342922900105,1.355733886522502e-25,0.9991474009208585,0
872,737.4861111111111,1.1777777777778056,0.9027777777778283,1.176388888888937,1.0011806375442567,0.02866529001190636,0.8870332629318751,47.22222222222222,0.8499999999847,0.7674144037780518,6.394351880984098e-23,0.9981749113009688,0
873,738.3888888888889,0.9027777777778283,1.247222222222149,1.1569444444444343,0.7803121248499905,0.03402938206767439,1.0530224462584188,130.55555555555554,2.3499999999576997,1.07803121248494,0.9919746518135071,0.6253132473853589,1
874,739.6361111111111,1.247222222222149,1.8138888888889824,1.2083333333333144,1.0321839080459325,0.029781312585153527,0.9215680310867369,50.0,0.8999999999838,1.5011494252874573,1.712665811588019e-16,0.9994904656569896,0
875,741.45,1.8138888888889824,1.2166666666665833,1.2083333333333144,1.5011494252874573,0.03559338940122372,1.1014198818940395,55.55555555555556,0.9999999999820001,1.0068965517240847,1.2249410975116607e-29,0.9982111039551349,0
876,742.6666666666666,1.2166666666665833,0.9722222222222854,1.1972222222221944,1.0162412993038983,0.030646088425163857,0.9483280929856538,52.77777777777778,0.9499999999829001,0.8120649651972874,1.2618122448820025e-20,0.9992530598982443,0
877,743.6388888888889,0.9722222222222854,1.1999999999999318,1.1972222222221944,0.8120649651972874,0.03797523953414372,1.1751250596313376,133.33333333333334,2.3999999999568002,1.0023201856148154,0.9955154061317444,0.7104593919863057,1
878,744.8388888888888,1.1999999999999318,0.5111111111111768,1.1888888888888687,1.009345794392483,0.029462139754314026,0.9116913852387036,50.0,0.8999999999838,0.4299065420561373,5.028412717867501e-23,0.9991971495380683,0
879,745.35,0.5111111111111768,1.316666666666606,1.1888888888888687,0.4299065420561373,0.052442143886154556,1.6227962803501017,97.22222222222223,1.7499999999685,1.1074766355139865,0.8247005343437195,0.8854901149323494,1
880,746.6666666666666,1.316666666666606,1.2111111111111086,1.2083333333332575,1.0896551724138113,0.032898712254013175,1.0180344264723324,55.55555555555556,0.9999999999820001,1.0022988505747734,1.4586729103958835e-19,0.9981021146707246,0
881,747.8777777777777,1.2111111111111086,1.2027777777777828,1.2055555555555202,1.004608294930903,0.03326804364681425,1.029463204284224,50.0,0.8999999999838,0.9976958525345957,2.4060293467197297e-18,0.9985033620720258,0
882,749.0805555555555,1.2027777777777828,0.9444444444444571,1.2069444444444457,0.9965477560414301,0.031756772071651576,0.9826976506848731,52.77777777777778,0.9499999999829001,0.782508630609906,9.38504905835887e-20,0.9996508619561693,0
883,750.025,0.9444444444444571,1.3500000000000227,1.2069444444444457,0.782508630609906,0.034688041820563245,1.0734043474889394,180.55555555555554,3.2499999999414997,1.1185270425776932,0.9914228320121765,0.5958616475624054,1
884,751.375,1.3500000000000227,1.1916666666667197,1.2069444444444457,1.1185270425776932,0.03563158497286875,1.102601825022184,52.77777777777778,0.9499999999829001,0.9873417721519416,6.702179214422622e-20,0.9980556146734954,0
885,752.5666666666667,1.1916666666667197,0.9194444444443661,1.2013888888888573,0.9919075144509373,0.028788056936619143,0.8908322248737518,47.22222222222222,0.8499999999847,0.7653179190750994,4.933261577657191e-23,0.9984131021291778,0
886,753.4861111111111,0.9194444444443661,1.3999999999999773,1.1958333333333258,0.7688734030196839,0.04178202455421078,1.2929241447348796,177.77777777777777,3.1999999999424,1.1707317073170616,0.9968398809432983,0.5850327927348251,1
887,754.8861111111111,1.3999999999999773,1.75,1.2013888888888573,1.1653179190751561,0.029384973650547836,0.9093035182126581,50.0,0.8999999999838,1.456647398843969,1.278421207632629e-20,0.998005942641866,0
888,756.6361111111111,1.75,1.127777777777851,1.2069444444444457,1.449942462600689,0.034915697038685765,1.0804490259439912,52.77777777777778,0.9499999999829001,0.9344073647871713,8.393235799560493e-30,0.9977279306252118,0
889,757.7638888888889,1.127777777777851,1.1777777777778056,1.2069444444444457,0.9344073647871713,0.029665140340632053,0.917973138271168,50.0,0.8999999999838,0.9758342922900105,1.807174985059408e-18,0.9993801172158482,0
890,758.9416666666667,1.1777777777778056,0.9944444444444116,1.1972222222222513,0.983758700696055,0.035070956930136885,1.0852534667174538,52.77777777777778,0.9499999999829001,0.8306264501159617,7.976768006389353e-17,0.9987127909715618,0
891,759.9361111111111,0.9944444444444116,1.3111111111111313,1.1847222222222626,0.8393903868698147,0.038858996982532513,1.202472498040614,130.55555555555554,2.3499999999576997,1.1066822977725468,0.997063934803009,0.7089904528591353,1
892,761.2472222222223,1.3111111111111313,1.7805555555555657,1.1847222222222626,1.1066822977725468,0.029180069331062115,0.9029628550961586,47.22222222222222,0.8499999999847,1.5029308323563464,3.657129114761856e-19,0.9989466530283362,0
893,763.0277777777778,1.7805555555555657,1.155555555555452,1.2513888888889255,1.4228634850166146,0.030030941266091106,0.929292667512235,50.0,0.8999999999838,0.9234184239732531,1.5451682682904441e-34,0.9993982648833049,0
894,764.1833333333333,1.155555555555452,1.2777777777778283,1.1847222222222626,0.9753810082062099,0.034166739568602396,1.0572729063858317,52.77777777777778,0.9499999999829001,1.078546307151237,3.812013757361092e-15,0.9988939475249958,0
895,765.4611111111111,1.2777777777778283,0.9277777777778056,1.227777777777817,1.0407239819004606,0.03139539011309967,0.9715148641955036,52.77777777777778,0.9499999999829001,0.7556561085972836,1.019381763214049e-21,0.9991307463148269,0
896,766.3888888888889,0.9277777777778056,1.5055555555554747,1.227777777777817,0.7556561085972836,0.03810662814985405,1.1791908155492865,152.77777777777777,2.7499999999505,1.2262443438912978,0.9966301321983337,0.6154093168857446,1
897,767.8944444444444,1.5055555555554747,1.1916666666667197,1.227777777777817,1.2262443438912978,0.03019567530486142,0.9343902811022488,52.77777777777778,0.9499999999829001,0.9705882352941299,2.6182118184660443e-27,0.9989120123438455,0
898,769.0861111111111,1.1916666666667197,1.875,1.1847222222222626,1.005861664712789,0.028319511232848142,0.8763333091371215,50.0,0.8999999999838,1.5826494724501219,3.107811317321074e-15,0.998807057925565,0
899,770.9611111111111,1.875,1.25,1.234722222222274,1.518560179977439,0.03259215791229379,1.0085482535472257,52.77777777777778,0.9499999999829001,1.0123734533182926,3.981789483422767e-33,0.9982199588849412,0
900,772.2111111111111,1.25,1.22777777777776,1.2638888888889142,0.9890109890109693,0.03149982377438055,0.974746512341656,55.55555555555556,0.9999999999820001,0.971428571428538,4.536552541948566e-18,0.9979358265994756,0
901,773.4388888888889,1.22777777777776,0.8500000000000227,1.2638888888889142,0.971428571428538,0.02812641204415991,0.8703579499713682,44.44444444444444,0.7999999999856,0.672527472527477,3.2965533339767516e-25,0.9977517801516999,0
902,774.2888888888889,0.8500000000000227,1.3999999999999773,1.23888888888888,0.6860986547085435,0.037523170532455075,1.1611360073150456,180.55555555555554,3.2499999999414997,1.130044843049317,0.9926984906196594,0.5699479852376135,1
903,775.6888888888889,1.3999999999999773,1.2333333333333485,1.23888888888888,1.130044843049317,0.03085670237729268,0.954845437868549,50.0,0.8999999999838,0.9955156950672839,1.2924819344581367e-24,0.9997411746039521,0
904,776.9222222222222,1.2333333333333485,1.9166666666666288,1.2416666666666742,0.993288590604033,0.030045455623383427,0.92974180714079,50.0,0.8999999999838,1.5436241610737855,1.92754311488096e-15,0.9996714959863706,0
905,778.8388888888888,1.9166666666666288,1.1972222222223081,1.2416666666666742,1.5436241610737855,0.03423905591301312,1.0595107000003148,52.77777777777778,0.9499999999829001,0.9642058165548731,1.6533983749758042e-33,0.9987798273915971,0
906,780.0361111111112,1.1972222222223081,1.1722222222222172,1.2416666666666742,0.9642058165548731,0.030427934734407688,0.9415774346092096,50.0,0.8999999999838,0.9440715883668805,1.314412353072694e-19,0.998484037655236,0
907,781.2083333333334,1.1722222222222172,0.7666666666666515,1.2305555555555543,0.9525959367945792,0.027088311926730783,0.8382344537837961,44.44444444444444,0.7999999999856,0.6230248306997626,5.142785400666607e-25,0.997616312871042,0
908,781.975,0.7666666666666515,1.158333333333303,1.2305555555555543,0.6230248306997626,0.03907435417748123,1.209136620233408,155.55555555555554,2.7999999999495997,0.9413092550789831,0.9878993630409241,0.642287373639507,1
909,783.1333333333333,1.158333333333303,1.2888888888888914,1.212500000000034,0.9553264604810477,0.03229884003535764,0.9994716764971818,52.77777777777778,0.9499999999829001,1.0630011454753445,5.765784506299952e-16,0.9982956537343102,0
910,784.4222222222222,1.2888888888888914,0.8666666666666742,1.212500000000034,1.0630011454753445,0.030701656527717443,0.9500476205153793,52.77777777777778,0.9499999999829001,0.7147766323023916,8.711981675401463e-23,0.9997011273172662,0
911,785.2888888888889,0.8666666666666742,0.49166666666667425,1.1847222222222626,0.7315357561547294,0.04065644358031218,1.2580935965856506,152.77777777777777,2.7499999999505,0.415005861664705,0.9958240985870361,0.5946415483796675,1
912,785.7805555555556,0.49166666666667425,1.0138888888889142,1.1847222222222626,0.415005861664705,0.027297584536596763,0.84471029149186,47.22222222222222,0.8499999999847,0.8558030480656428,1.6686408343957737e-05,0.9976011654653275,0
913,786.7944444444445,1.0138888888889142,1.2083333333332575,1.16527777777776,0.870083432657961,0.029864254315001653,0.9241346220135979,50.0,0.8999999999838,1.036948748510082,3.6665235666924305e-15,0.999328037879266,0
914,788.0027777777777,1.2083333333332575,0.5666666666667197,1.16527777777776,1.036948748510082,0.03403256006425435,1.0531207877953346,52.77777777777778,0.9499999999829001,0.4862932061979075,6.062128569920169e-19,0.9977276856835855,0
915,788.5694444444445,0.5666666666667197,1.3777777777777374,1.0861111111111086,0.5217391304348327,0.05457394655128334,1.6887638625092432,108.33333333333333,1.9499999999649,1.2685421994884567,0.9077799916267395,0.8724689588366605,1
916,789.9472222222222,1.3777777777777374,1.2222222222222854,1.0861111111111086,1.2685421994884567,0.031898443205739375,0.9870815940631178,52.77777777777778,0.9499999999829001,1.1253196930946898,1.5796980016729109e-22,0.998334441126594,0
917,791.1694444444445,1.2222222222222854,1.194444444444457,1.0861111111111086,1.1253196930946898,0.030281309748256376,0.9370401967218861,52.77777777777778,0.9499999999829001,1.099744245524311,4.266295484754479e-20,0.9986925071771113,0
918,792.3638888888889,1.194444444444457,0.872222222222149,1.17638888888888,1.015348288075579,0.02793201683643773,0.8643424861357502,47.22222222222222,0.8499999999847,0.7414403778039574,4.640259310365929e-24,0.9980093064863553,0
919,793.2361111111111,0.872222222222149,1.4833333333333485,1.1041666666666856,0.7899371069181591,0.037268931599219804,1.1532687089057734,175.0,3.1499999999433,1.343396226415085,0.9969643950462341,0.5958866837183318,1
920,794.7194444444444,1.4833333333333485,1.2749999999999773,1.1041666666666856,1.343396226415085,0.032996469797111364,1.0210594854336956,58.333333333333336,1.0499999999811,1.154716981132035,2.1966767179368304e-22,0.9988842746152248,0
921,795.9944444444444,1.2749999999999773,1.2250000000000227,1.2013888888888573,1.061271676300587,0.030197249393015824,0.9344389904839143,50.0,0.8999999999838,1.0196531791907972,8.10115771502895e-22,0.999361284590297,0
922,797.2194444444444,1.2250000000000227,0.8333333333333712,1.2152777777777715,1.008000000000024,0.02739782374774225,0.8478121444470949,47.22222222222222,0.8499999999847,0.6857142857143205,5.861181305528752e-25,0.9962694843875335,0
923,798.0527777777778,0.8333333333333712,1.4888888888888232,1.2152777777777715,0.6857142857143205,0.03777234035496385,1.1688464445927538,161.11111111111111,2.8999999999478003,1.2251428571428093,0.994044840335846,0.6214350463315166,1
924,799.5416666666666,1.4888888888888232,1.1722222222222172,1.223611111111154,1.2167990919408798,0.03066525141425167,0.9489210822326151,50.0,0.8999999999838,0.9580022701475218,1.211868113753341e-27,0.9997518900645972,0
925,800.7138888888888,1.1722222222222172,1.2027777777777828,1.223611111111154,0.9580022701475218,0.035428125733923566,1.09630587921036,55.55555555555556,0.9999999999820001,0.9829738933030343,1.8624653617851754e-14,0.9983274111079726,0
926,801.9166666666666,1.2027777777777828,1.055555555555543,1.212500000000034,0.9919816723940198,0.03589830147212196,1.1108552355584833,55.55555555555556,0.9999999999820001,0.870561282932382,1.309210651572097e-15,0.9982331568579561,0
927,802.9722222222222,1.055555555555543,1.3000000000000682,1.19861111111112,0.880648899188859,0.036992888829467364,1.1447267015281903,127.77777777777777,2.2999999999586,1.0845886442642436,0.995841920375824,0.7080616790269738,1
928,804.2722222222222,1.3000000000000682,1.1499999999999773,1.2138888888889028,1.0709382151030187,0.03380608631116059,1.04611266919295,50.0,0.8999999999838,0.947368421052602,1.0229856534336233e-20,0.9985227769210607,0
929,805.4222222222222,1.1499999999999773,1.2000000000000455,1.2138888888889028,0.947368421052602,0.028632642793735952,0.8860230108657938,50.0,0.8999999999838,0.9885583524027721,1.4999497399501624e-19,0.9990075958690953,0
930,806.6222222222223,1.2000000000000455,1.0472222222222172,1.2013888888889142,0.998843930635855,0.03067019336495268,0.9490740084599006,50.0,0.8999999999838,0.8716763005780122,1.0494365306658536e-20,0.9996903278085107,0
931,807.6694444444445,1.0472222222222172,0.7083333333332575,1.1861111111111313,0.8829039812646177,0.03419363616808789,1.0581052083926659,111.11111111111111,1.9999999999640001,0.5971896955502772,0.9898647665977478,0.7107268023556206,1
932,808.3777777777777,0.7083333333332575,1.4277777777778056,1.1611111111110972,0.6100478468898942,0.030062733639390816,0.9302764668253652,50.0,0.8999999999838,1.2296650717703737,5.5821008572820574e-05,0.9980656006942473,0
933,809.8055555555555,1.4277777777778056,1.1750000000000682,1.1861111111111313,1.2037470725995345,0.0343265168646405,1.0622171360164492,52.77777777777778,0.9499999999829001,0.9906323185012116,6.818316654797355e-23,0.9973877490778631,0
934,810.9805555555556,1.1750000000000682,1.1749999999999545,1.1736111111111427,1.001183431952694,0.031831390068299915,0.9850066677927735,52.77777777777778,0.9499999999829001,1.001183431952597,7.427535134341291e-18,0.9995667991004265,0
935,812.1555555555556,1.1749999999999545,0.9722222222221717,1.1750000000000114,0.9999999999999516,0.03392650530028012,1.0498389754257944,52.77777777777778,0.9499999999829001,0.8274231678486488,1.338948241270909e-17,0.9981720541840728,0
936,813.1277777777777,0.9722222222221717,1.430555555555543,1.162499999999966,0.8363201911588819,0.03699632179653883,1.1448329330012252,130.55555555555554,2.3499999999576997,1.2305854241338365,0.9975705742835999,0.6479088508034163,1
937,814.5583333333333,1.430555555555543,1.1666666666667425,1.1750000000000114,1.2174940898344928,0.03239992141578741,1.002599589965597,55.55555555555556,0.9999999999820001,0.9929078014184947,3.082449374690861e-23,0.9970801955559547,0
938,815.725,1.1666666666667425,0.9249999999999545,1.1708333333333485,0.9964412811388419,0.029307583791901518,0.9069087272021933,50.0,0.8999999999838,0.790035587188563,1.847778105085331e-21,0.9993333793314537,0
939,816.65,0.9249999999999545,1.3250000000000455,1.1708333333333485,0.790035587188563,0.03760945459257378,1.1638060250038365,130.55555555555554,2.3499999999576997,1.1316725978647928,0.9968480467796326,0.6752618929789459,1
940,817.975,1.3250000000000455,1.2055555555555202,1.1708333333333485,1.1316725978647928,0.029802977495018826,0.922238441038318,50.0,0.8999999999838,1.0296559905100395,1.5555087495284483e-23,0.9981092019218237,0
941,819.1805555555555,1.2055555555555202,0.9555555555555202,1.1750000000000114,1.0260047281323477,0.03409310700441233,1.0549943829993798,50.0,0.8999999999838,0.8132387706855412,2.8671429369462166e-19,0.9982170874073338,0
942,820.1361111111111,0.9555555555555202,1.3388888888889596,1.1750000000000114,0.8132387706855412,0.034700817902246,1.0737996970359989,133.33333333333334,2.3999999999568002,1.1394799054374014,0.9962964653968811,0.670752930317002,1
943,821.475,1.3388888888889596,1.1777777777778056,1.1750000000000114,1.1394799054374014,0.034574638882505455,1.0698951494961864,52.77777777777778,0.9499999999829001,1.0023640661938673,1.911378196771072e-20,0.9976896040688366,0
944,822.6527777777778,1.1777777777778056,0.8611111111110858,1.17638888888888,1.001180637544305,0.033312381399166285,1.0308352141652877,50.0,0.8999999999838,0.731995277449807,2.867810109809029e-19,0.9984610955117121,0
945,823.5138888888889,0.8611111111110858,1.375,1.172222222222274,0.7345971563980502,0.039178419155609275,1.2123568596612144,177.77777777777777,3.1999999999424,1.1729857819904694,0.9964929223060608,0.5995174024736799,1
946,824.8888888888889,1.375,1.25,1.1916666666666629,1.1538461538461575,0.03504507241691276,1.0844524832208604,52.77777777777778,0.9499999999829001,1.0489510489510523,1.0524151886646115e-20,0.9991403850433989,0
947,826.1388888888889,1.25,0.9333333333332803,1.1916666666666629,1.0489510489510523,0.03132158233811151,0.9692309189973111,52.77777777777778,0.9499999999829001,0.7832167832167412,1.9462451116702107e-21,0.9998351556347096,0
948,827.0722222222222,0.9333333333332803,1.3666666666666742,1.1916666666666629,0.7832167832167412,0.035702843480833184,1.104806884409516,177.77777777777777,3.1999999999424,1.1468531468531569,0.9938762784004211,0.5954327714986112,1
949,828.4388888888889,1.3666666666666742,1.1638888888888914,1.22777777777776,1.1131221719457236,0.029396362723078526,0.9096559474455201,50.0,0.8999999999838,0.9479638009049931,4.036356951654332e-25,0.9987750136239689,0
950,829.6027777777778,1.1638888888888914,0.9222222222222172,1.1916666666666629,0.9766899766899819,0.028961451906584584,0.8961978467084004,47.22222222222222,0.8499999999847,0.7738927738927721,4.02477010548603e-22,0.9981247104355474,0
951,830.525,0.9222222222222172,1.4972222222222626,1.1708333333333485,0.7876631079477909,0.041036672313215984,1.2698595872129221,175.0,3.1499999999433,1.2787663107947984,0.9970062375068665,0.580024079644469,1
952,832.0222222222222,1.4972222222222626,1.2333333333333485,1.2138888888889028,1.233409610984001,0.030646089980370925,0.9483281411107695,52.77777777777778,0.9499999999829001,1.0160183066361566,1.6263120984925403e-26,0.9995255213654559,0
953,833.2555555555556,1.2333333333333485,0.9166666666666288,1.205555555555577,1.0230414746543723,0.031217813392302746,0.9660198401436341,52.77777777777778,0.9499999999829001,0.7603686635944251,9.41911775204483e-21,0.9983864795040276,0
954,834.1722222222222,0.9166666666666288,1.3361111111111086,1.19861111111112,0.7647740440324077,0.035053172785657984,1.0847031451369284,130.55555555555554,2.3499999999576997,1.1147161066048563,0.9922966361045837,0.5971541440986948,1
955,835.5083333333333,1.3361111111111086,1.1777777777778056,1.2416666666666742,1.0760626398210205,0.03078371605667439,0.9525869121707262,50.0,0.8999999999838,0.9485458612975557,2.5243681495704455e-23,0.9998195126928462,0
956,836.6861111111111,1.1777777777778056,1.0138888888889142,1.205555555555577,0.9769585253456278,0.031031365668741994,0.9602503072860346,52.77777777777778,0.9499999999829001,0.8410138248847986,4.580807325105613e-19,0.9990362453533506,0
957,837.7,1.0138888888889142,1.305555555555543,1.1708333333333485,0.865954922894435,0.044657342221007236,1.3818994319510476,122.22222222222223,2.1999999999604003,1.115065243179097,0.995793342590332,0.674603794005635,1
958,839.0055555555556,1.305555555555543,1.125,1.205555555555577,1.0829493087557307,0.029468763792791747,0.9118963628427061,50.0,0.8999999999838,0.9331797235022875,7.682927770670033e-24,0.9992427340734064,0
959,840.1305555555556,1.125,0.9611111111111086,1.1708333333333485,0.960854092526678,0.03046679734637166,0.9427800189710681,52.77777777777778,0.9499999999829001,0.8208778173190857,1.9094415989360233e-18,0.998895297541405,0
960,841.0916666666667,0.9611111111111086,1.2222222222221717,1.1513888888889028,0.8347406513872012,0.038309603048734694,1.1854717736966691,122.22222222222223,2.1999999999604003,1.061519903498134,0.9962587356567383,0.7123341966854013,1
961,842.3138888888889,1.2222222222221717,1.2194444444444343,1.1999999999999886,1.018518518518486,0.030584716028687092,0.9464289544429032,52.77777777777778,0.9499999999829001,1.0162037037037048,2.4303160932873226e-19,0.9994321082188383,0
962,843.5333333333333,1.2194444444444343,1.002777777777851,1.19861111111112,1.0173812282734487,0.029508056685556044,0.9131122620317348,50.0,0.8999999999838,0.8366164542294872,3.507334402081712e-22,0.9993857773015578,0
963,844.5361111111112,1.002777777777851,1.2555555555554747,1.1513888888889028,0.870928829915614,0.04461398624066571,1.3805578025206815,125.0,2.2499999999595,1.090470446320785,0.9958076477050781,0.7342823932626791,1
964,845.7916666666666,1.2555555555554747,1.1222222222222626,1.19861111111112,1.0475086906140616,0.03404694545187765,1.0535659365210839,52.77777777777778,0.9499999999829001,0.9362688296639897,1.2282843172903239e-18,0.9974526355149751,0
965,846.9138888888889,1.1222222222222626,0.9694444444444343,1.1513888888889028,0.9746682750301802,0.02958580922990638,0.9155182761724494,50.0,0.8999999999838,0.841978287092864,7.917215768913815e-20,0.998838666617059,0
966,847.8833333333333,0.9694444444444343,1.4027777777778283,1.1236111111111313,0.8627935723114711,0.03973903347141383,1.2297047931929488,127.77777777777777,2.2999999999586,1.248454882571098,0.9979296922683716,0.6739215714323857,1
967,849.2861111111112,1.4027777777778283,1.180555555555543,1.1722222222222172,1.1966824644550245,0.03545775481812802,1.0972227366092784,52.77777777777778,0.9499999999829001,1.00710900473933,1.0543997153153676e-21,0.998167947466138,0
968,850.4666666666667,1.180555555555543,1.0027777777777374,1.1527777777777715,1.0240963855421634,0.035148735840662616,1.0876602967464635,52.77777777777778,0.9499999999829001,0.8698795180722588,5.406314509920415e-17,0.9979519102393976,0
969,851.4694444444444,1.0027777777777374,1.2888888888888914,1.1513888888889028,0.8709288299155153,0.040488900122919565,1.252909046921854,130.55555555555554,2.3499999999576997,1.1194209891435352,0.9971728324890137,0.7061568189049939,1
970,852.7583333333333,1.2888888888888914,1.1499999999999773,1.1999999999999886,1.0740740740740864,0.03459795688344618,1.0706167135358633,52.77777777777778,0.9499999999829001,0.9583333333333235,3.8180459876945663e-19,0.9980267135548182,0
971,853.9083333333333,1.1499999999999773,0.9527777777777828,1.16527777777776,0.9868891537544651,0.033169158185685284,1.026403242455639,50.0,0.8999999999838,0.8176400476758213,3.116639531448722e-18,0.9973952219385017,0
972,854.8611111111111,0.9527777777777828,1.4138888888888914,1.13611111111112,0.8386308068459637,0.03951535091710161,1.22278304686036,136.11111111111111,2.4499999999559003,1.244498777506105,0.9976630210876465,0.6582653092554519,1
973,856.275,1.4138888888888914,1.161111111111154,1.16527777777776,1.213349225268197,0.03422765023325696,1.0591577568650505,52.77777777777778,0.9499999999829001,0.9964243146603619,8.021476578932131e-23,0.9979654069732832,0
974,857.4361111111111,1.161111111111154,0.9305555555555429,1.1555555555555657,1.0048076923077207,0.031115616134389814,0.9628573963968049,50.0,0.8999999999838,0.8052884615384436,2.857434356870773e-20,0.9995001349266462,0
975,858.3666666666667,0.9305555555555429,1.2305555555554974,1.1555555555555657,0.8052884615384436,0.03473261117135121,1.0747835240693884,113.88888888888889,2.0499999999631,1.0649038461537865,0.9940409064292908,0.6728883779762185,1
976,859.5972222222222,1.2305555555554974,1.2138888888889596,1.1708333333333485,1.0510083036772795,0.029911067917803617,0.9255832458658518,50.0,0.8999999999838,1.03677342823255,4.943949065201125e-21,0.9994824480807432,0
977,860.8111111111111,1.2138888888889596,0.9638888888888459,1.1708333333333485,1.03677342823255,0.03343464031930603,1.0346184561561775,50.0,0.8999999999838,0.8232502965598577,8.212276909525162e-20,0.9979338113720875,0
978,861.775,0.9638888888888459,1.3277777777777828,1.1555555555555657,0.8341346153845709,0.03914293411881291,1.211258792697243,122.22222222222223,2.1999999999604003,1.149038461538456,0.9973827004432678,0.6959512773137755,1
979,863.1027777777778,1.3277777777777828,1.14722222222224,1.1875000000000568,1.118128654970711,0.030294856782674823,0.9374594030211509,52.77777777777778,0.9499999999829001,0.9660818713449979,7.154480578770788e-23,0.9984347161545455,0
980,864.25,1.14722222222224,0.9166666666666288,1.1555555555555657,0.9927884615384681,0.034427637716605036,1.0653462709120423,52.77777777777778,0.9499999999829001,0.7932692307691911,7.972386596120782e-17,0.9982204537460098,0
981,865.1666666666666,0.9166666666666288,1.2611111111111768,1.154166666666697,0.7942238267147478,0.03833012472108301,1.1861068067270828,125.0,2.2499999999595,1.0926594464500883,0.9960653185844421,0.709216923470942,1
982,866.4277777777778,1.2611111111111768,1.2416666666666742,1.1875000000000568,1.0619883040935718,0.0351690989486065,1.088290423079579,55.55555555555556,0.9999999999820001,1.0456140350876757,7.829647647874142e-17,0.9989697258505525,0
983,867.6694444444445,1.2416666666666742,0.974999999999909,1.1875000000000568,1.0456140350876757,0.03170377496280037,0.9810576812873644,55.55555555555556,0.9999999999820001,0.8210526315788315,9.149058953241466e-20,0.9984934019928936,0
984,868.6444444444444,0.974999999999909,1.3305555555556339,1.1805555555555998,0.8258823529410685,0.03557485305849028,1.1008462839094793,119.44444444444444,2.1499999999613,1.1270588235294359,0.9953201413154602,0.6419050757601193,1
985,869.975,1.3305555555556339,1.1694444444443661,1.2222222222222285,1.088636363636422,0.030326464411599356,0.9384374855106992,52.77777777777778,0.9499999999829001,0.9568181818181128,1.091848116311236e-22,0.9993762857120216,0
986,871.1444444444444,1.1694444444443661,0.900000000000091,1.1916666666666629,0.9813519813519187,0.03186068793086373,0.9859132757013667,47.22222222222222,0.8499999999847,0.7552447552448339,2.278154119344919e-20,0.9971344410416614,0
987,872.0444444444445,0.900000000000091,1.3444444444444343,1.158333333333303,0.7769784172662859,0.037694045300433805,1.1664236427420707,180.55555555555554,3.2499999999414997,1.1606714628297579,0.9966446161270142,0.6023782743927018,1
988,873.3888888888889,1.3444444444444343,1.1972222222221944,1.2055555555555202,1.1152073732719137,0.030186156497595065,0.9340957263056572,52.77777777777778,0.9499999999829001,0.9930875576036927,6.334578312473692e-23,0.9985768347002683,0
989,874.5861111111111,1.1972222222221944,0.9638888888888459,1.1833333333332803,1.0117370892018998,0.03170676662377767,0.9811502567609487,52.77777777777778,0.9499999999829001,0.8145539906103288,1.108819713749936e-19,0.9994298015079864,0
990,875.55,0.9638888888888459,1.2027777777777828,1.1833333333332803,0.8145539906103288,0.034289155144260876,1.0610609960044932,125.0,2.2499999999595,1.016431924882679,0.9918450713157654,0.6762445932593582,1
991,876.7527777777777,1.2027777777777828,1.161111111111154,1.1999999999999886,1.0023148148148284,0.028909812754489957,0.8945998986130382,50.0,0.8999999999838,0.9675925925926375,3.63675812812299e-21,0.9988153348323996,0
992,877.9138888888889,1.161111111111154,0.9027777777778283,1.1833333333332803,0.9812206572770756,0.029670346339872773,0.9181342353502974,52.77777777777778,0.9499999999829001,0.7629107981221427,3.687821586767151e-20,0.9991562932537381,0
993,878.8166666666667,0.9027777777778283,1.3944444444443889,1.16527777777776,0.7747318235995784,0.0393507916388362,1.2176908411479863,177.77777777777777,3.1999999999424,1.1966626936829263,0.9970234036445618,0.5874838966383356,1
994,880.2111111111111,1.3944444444443889,1.180555555555543,1.1833333333332803,1.1784037558685505,0.03566714413733314,1.103702185830286,55.55555555555556,0.9999999999820001,0.9976525821596585,1.5412998525368347e-20,0.9983480251253406,0
995,881.3916666666667,1.180555555555543,0.8833333333333258,1.1749999999999545,1.004728132387735,0.03404782660868206,1.0535932034838478,52.77777777777778,0.9499999999829001,0.7517730496454127,7.849411308813748e-18,0.9979120954679617,0
996,882.275,0.8833333333333258,1.3833333333333258,1.1708333333333485,0.7544483985764963,0.03727558387633157,1.1534745603403804,183.33333333333334,3.2999999999406002,1.1814946619216864,0.9951902627944946,0.5719308037735165,1
997,883.6583333333333,1.3833333333333258,1.1916666666667197,1.1888888888888687,1.1635514018691724,0.03007592931328468,0.9306848004464727,50.0,0.8999999999838,1.0023364485981925,3.1090408502866843e-25,0.999632423365618,0
998,884.85,1.1916666666667197,0.9388888888888687,1.1861111111111313,1.004683840749442,0.030415894050185042,0.9412048415738867,52.77777777777778,0.9499999999829001,0.7915690866510233,2.0372844564070192e-20,0.9997206878610634,0
999,885.7888888888889,0.9388888888888687,1.4861111111110858,1.1708333333333485,0.8018979833926176,0.0397999077829656,1.2315885187433293,91.66666666666667,1.6499999999703001,1.269276393831516,0.9897105097770691,0.6256576377816809,1
1000,887.275,1.4861111111110858,1.1166666666666742,1.1861111111111313,1.2529274004683415,0.034763850535379476,1.075750210783334,52.77777777777778,0.9499999999829001,0.9414519906323089,1.9939242323909505e-24,0.9979757146061645,0
1001,888.3916666666667,1.1166666666666742,0.8611111111110858,1.1708333333333485,0.9537366548042646,0.028535626788578194,0.8830208984303028,50.0,0.8999999999838,0.7354685646500282,7.806995244760831e-21,0.9990728271874347,0
1002,889.2527777777777,0.8611111111110858,1.375,1.1486111111111086,0.7496977025392784,0.04007043611127105,1.23995988444982,180.55555555555554,3.2499999999414997,1.1970979443772698,0.9965215921401978,0.5581017225607999,1
1003,890.6277777777777,1.375,1.2083333333333712,1.1861111111111313,1.1592505854800739,0.029311418438286593,0.907027388443497,50.0,0.8999999999838,1.0187353629976728,2.320052001687607e-25,0.9991761480441339,0
1004,891.8361111111111,1.2083333333333712,0.9361111111111313,1.1861111111111313,1.0187353629976728,0.03494996243677014,1.0815093517894934,52.77777777777778,0.9499999999829001,0.7892271662763501,6.2207278378728705e-18,0.9986529960841104,0
1005,892.7722222222222,0.9361111111111313,1.3305555555555202,1.154166666666697,0.8110709987966268,0.035151992703116614,1.087761078748958,130.55555555555554,2.3499999999576997,1.1528279181708174,0.9958075284957886,0.617402704660535,1
1006,894.1027777777778,1.3305555555555202,1.1388888888889142,1.2000000000000455,1.1087962962962248,0.03383891963557085,1.0471286802248438,50.0,0.8999999999838,0.9490740740740592,1.3450989726135963e-21,0.9980488327406499,0
1007,895.2416666666667,1.1388888888889142,0.8999999999999773,1.165277777777817,0.9773539928486181,0.03363940321236302,1.0409547429015855,50.0,0.8999999999838,0.7723480333730177,5.306843394282953e-18,0.9985134022983235,0
1008,896.1416666666667,0.8999999999999773,1.3861111111111768,1.1277777777777942,0.7980295566502146,0.03799773695575962,1.1758212312484821,125.0,2.2499999999595,1.2290640394089074,0.9971690773963928,0.6653506125650478,1
1009,897.5277777777778,1.3861111111111768,1.2305555555554974,1.1736111111111427,1.1810650887574206,0.03035659336385198,0.9393698110798548,52.77777777777778,0.9499999999829001,1.0485207100590939,5.254974043163519e-24,0.9996566955605077,0
1010,898.7583333333333,1.2305555555554974,0.9055555555555657,1.1736111111111427,1.0485207100590939,0.0285184468756838,0.8824892744981789,47.22222222222222,0.8499999999847,0.7715976331360825,1.65600659173912e-24,0.9981313295714334,0
1011,899.6638888888889,0.9055555555555657,1.3333333333333712,1.1736111111111427,0.7715976331360825,0.03564148339680597,1.102908126869445,125.0,2.2499999999595,1.1360946745562148,0.9947965741157532,0.6117923225060811,1
1012,900.9972222222223,1.3333333333333712,1.1749999999999545,1.2194444444444343,1.0933940774487874,0.02951104617618624,0.913204770344998,50.0,0.8999999999838,0.9635535307516792,3.708495463303226e-24,0.9990834922609428,0
1013,902.1722222222222,1.1749999999999545,0.9361111111111313,1.1916666666666629,0.986013986013951,0.03090424357863965,0.9563165768989579,52.77777777777778,0.9499999999829001,0.785547785547805,1.2930770386294787e-19,0.9994713240778262,0
1014,903.1083333333333,0.9361111111111313,1.3638888888888232,1.1569444444444343,0.8091236494598084,0.036783058081778494,1.1382335925204468,116.66666666666667,2.0999999999622,1.1788715486194012,0.9962255954742432,0.6379659211149352,1
1015,904.4722222222222,1.3638888888888232,1.216666666666697,1.202777777777726,1.1339491916859064,0.031628071152935304,0.9787150642249488,52.77777777777778,0.9499999999829001,1.0115473441109233,1.470156145285197e-22,0.9992475328616149,0
1016,905.6888888888889,1.216666666666697,0.8138888888888687,1.1958333333333258,1.0174216027874883,0.033513256174567525,1.0370511850272903,50.0,0.8999999999838,0.6806039488966192,3.430380038803347e-20,0.9989343243184082,0
1017,906.5027777777777,0.8138888888888687,1.305555555555543,1.1958333333333258,0.6806039488966192,0.03992600464843577,1.23549052405976,180.55555555555554,3.2499999999414997,1.0917537746806003,0.9937800765037537,0.5826910990878049,1
1018,907.8083333333333,1.305555555555543,1.1805555555556566,1.2236111111110972,1.0669693530079474,0.033597830360128984,1.0396682914911437,50.0,0.8999999999838,0.9648127128264272,9.158656833286495e-21,0.9986427514636516,0
1019,908.9888888888889,1.1805555555556566,0.997222222222149,1.1986111111111768,0.9849362688296943,0.03603744583882,1.1151609893659447,55.55555555555556,0.9999999999820001,0.8319814600230683,2.4093670072564913e-15,0.998873058484416,0
1020,909.9861111111111,0.997222222222149,1.2555555555555884,1.1777777777778056,0.846698113207465,0.03356198505437527,1.038559076181956,122.22222222222223,2.1999999999604003,1.0660377358490594,0.9906122088432312,0.6748537340668592,1
1021,911.2416666666667,1.2555555555555884,1.180555555555543,1.1986111111111768,1.0475086906141067,0.030600865666840366,0.9469286970312502,50.0,0.8999999999838,0.9849362688295994,1.7094892990306984e-21,0.9996726416508411,0
1022,912.4222222222222,1.180555555555543,0.7527777777777374,1.1805555555555998,0.9999999999999518,0.029933750525497127,0.9262851479748422,50.0,0.8999999999838,0.6376470588234713,9.23456983958545e-22,0.9991041025316209,0
1023,913.175,0.7527777777777374,1.4611111111111086,1.1805555555555998,0.6376470588234713,0.04024560676401791,1.2453804539124496,147.22222222222223,2.6499999999523003,1.237647058823481,0.9881446361541748,0.6365155169149845,1
1024,914.6361111111111,1.4611111111111086,1.25,1.1986111111111768,1.2190034762455857,0.030587143237639315,0.9465040632269348,50.0,0.8999999999838,1.0428736964078222,2.069771334883301e-26,0.999647417651456,0
1025,915.8861111111111,1.25,1.2111111111111086,1.1986111111111768,1.0428736964078222,0.03177461945849554,0.983249929269197,52.77777777777778,0.9499999999829001,1.0104287369640212,1.6277578041366429e-19,0.9995619496065664,0
1026,917.0972222222222,1.2111111111111086,0.8305555555556339,1.1958333333333826,1.0127758420440909,0.03015805516551464,0.9332261444427953,50.0,0.8999999999838,0.6945412311266339,2.9950882674740443e-22,0.9994938896618359,0
1027,917.9277777777778,0.8305555555556339,1.4249999999999545,1.1958333333333826,0.6945412311266339,0.03743082096337353,1.1582782954426478,152.77777777777777,2.7499999999505,1.1916376306619338,0.9940831065177917,0.6304304212862877,1
1028,919.3527777777778,1.4249999999999545,1.2083333333333712,1.1958333333333826,1.1916376306619338,0.029377726844205882,0.9090792693642191,47.22222222222222,0.8499999999847,1.010452961672464,2.0395790704055266e-27,0.9987076204824283,0
1029,920.5611111111111,1.2083333333333712,1.2222222222221717,1.20972222222224,0.9988518943742991,0.030919981713280045,0.9568035857140347,52.77777777777778,0.9499999999829001,1.0103329506314016,1.4952431081141298e-18,0.9984416065029855,0
1030,921.7833333333333,1.2222222222221717,0.9055555555555657,1.2166666666666401,1.0045662100456425,0.03664258566577173,1.1338867428820636,55.55555555555556,0.9999999999820001,0.7442922374429469,5.216727161977874e-16,0.9979282466413022,0
1031,922.6888888888889,0.9055555555555657,1.4638888888889596,1.20972222222224,0.7485648679678505,0.04012776586838026,1.2417339255109974,163.88888888888889,2.9499999999469,1.2101033295063555,0.9964690208435059,0.6012637871204111,1
1032,924.1527777777778,1.4638888888889596,1.125,1.2166666666666401,1.203196347032048,0.029433692994906686,0.9108111142975601,50.0,0.8999999999838,0.9246575342465955,4.206196331802724e-28,0.9990727633700983,0
1033,925.2777777777778,1.125,1.1055555555554974,1.2166666666666401,0.9246575342465955,0.026874609525548796,0.8316215383680408,44.44444444444444,0.7999999999856,0.90867579908673,3.820895883398753e-22,0.9968089908921911,0
1034,926.3833333333333,1.1055555555554974,0.9583333333333712,1.20972222222224,0.9138920780711212,0.031042977603362797,0.9606096328763692,52.77777777777778,0.9499999999829001,0.7921928817451402,1.7805297604497886e-17,0.9997776214121984,0
1035,927.3416666666667,0.9583333333333712,1.430555555555543,1.1666666666666856,0.8214285714285906,0.03799718846993426,1.1758042586251058,175.0,3.1499999999433,1.2261904761904454,0.9963334798812866,0.555681911190464,1
1036,928.7722222222222,1.430555555555543,1.1416666666666515,1.1666666666666856,1.2261904761904454,0.03566960965372312,1.1037784800190875,52.77777777777778,0.9499999999829001,0.9785714285713997,1.6490927702188825e-22,0.9981193366903317,0
1037,929.9138888888889,1.1416666666666515,1.0750000000000455,1.1750000000000114,0.9716312056737365,0.027664344625010905,0.8560595015575545,47.22222222222222,0.8499999999847,0.9148936170213064,1.0204010977213394e-21,0.9975382266546422,0
1038,930.9888888888889,1.0750000000000455,0.9499999999999318,1.1333333333333258,0.9485294117647524,0.03450071219622914,1.067607524646824,52.77777777777778,0.9499999999829001,0.8382352941175925,8.837067633649803e-15,0.9977482069415149,0
1039,931.9388888888889,0.9499999999999318,1.3611111111110858,1.1152777777777487,0.8518057285180183,0.03640177989771901,1.1264351271447068,133.33333333333334,2.3999999999568002,1.2204234122042432,0.9976293444633484,0.6522996724385333,1
1040,933.3,1.3611111111110858,1.2305555555556111,1.1152777777777487,1.2204234122042432,0.03029980606608216,0.9376125561554175,52.77777777777778,0.9499999999829001,1.1033623910337025,2.704194672714093e-23,0.9992734496047677,0
1041,934.5305555555556,1.2305555555556111,1.161111111111154,1.1333333333333258,1.0857843137255465,0.03027868637576046,0.9369590177537342,50.0,0.8999999999838,1.0245098039216134,1.8406586164830495e-21,0.9996086463508953,0
1042,935.6916666666667,1.161111111111154,0.8888888888888005,1.1333333333333258,1.0245098039216134,0.02766160453323858,0.8559747107689551,47.22222222222222,0.8499999999847,0.7843137254901233,1.4725800624114515e-23,0.9981932050964335,0
1043,936.5805555555555,0.8888888888888005,1.3833333333333258,1.1236111111110745,0.7911001236093415,0.039149585356034355,1.2114646119529568,183.33333333333334,3.2999999999406002,1.2311495673671533,0.996797502040863,0.548801823614313,1
1044,937.9638888888888,1.3833333333333258,1.2638888888889142,1.1513888888889028,1.201447527141113,0.03469247725556328,1.0735415998376499,50.0,0.8999999999838,1.0977080820265468,7.872725306329057e-22,0.9987702585032601,0
1045,939.2277777777778,1.2638888888889142,1.2638888888889142,1.1958333333333826,1.0569105691056686,0.032310776777798166,0.9998410531053165,52.77777777777778,0.9499999999829001,1.0569105691056686,4.614058951754479e-19,0.9990728740319315,0
1046,940.4916666666667,1.2638888888889142,0.816666666666606,1.1958333333333826,1.0569105691056686,0.03453194624501962,1.0685740468833573,52.77777777777778,0.9499999999829001,0.6829268292682138,9.526517622620751e-20,0.9980988000105739,0
1047,941.3083333333333,0.816666666666606,0.49722222222226264,1.1958333333333826,0.6829268292682138,0.041569829970854504,1.2863578879981499,155.55555555555554,2.7999999999495997,0.4157955865273105,0.9949501752853394,0.6245237717156819,1
1048,941.8055555555555,0.49722222222226264,0.9972222222222626,1.1958333333333826,0.4157955865273105,0.029440603092230486,0.9110249438514827,50.0,0.8999999999838,0.833914053426248,6.355206278385594e-05,0.9989180756615097,0
1049,942.8027777777778,0.9972222222222626,1.191666666666606,1.1958333333333826,0.833914053426248,0.028662681430457478,0.8869525416653795,47.22222222222222,0.8499999999847,0.9965156794424169,4.908931800209015e-16,0.9978844420649102,0
1050,943.9944444444444,1.191666666666606,1.2222222222222854,1.17638888888888,1.0129870129869691,0.03148110732037024,0.974167340902456,52.77777777777778,0.9499999999829001,1.0389610389611004,5.2216992122910325e-18,0.9990508774168735,0
1051,945.2166666666667,1.2222222222222854,0.8916666666666515,1.17638888888888,1.0389610389611004,0.03449992945635749,1.0675833031475093,52.77777777777778,0.9499999999829001,0.7579693034238417,8.988651184126387e-19,0.99874187227566,0
1052,946.1083333333333,0.8916666666666515,1.5249999999999773,1.0944444444444343,0.8147208121827348,0.0419152002491904,1.2970452009395061,166.66666666666666,2.999999999946,1.3934010152284184,0.9975051283836365,0.6107435572429557,1
1053,947.6333333333333,1.5249999999999773,1.1166666666666742,1.2069444444444457,1.2635212888377243,0.030192505932243447,0.9342922064295837,50.0,0.8999999999838,0.9252013808975887,5.989072172151386e-29,0.9986889136609409,0
1054,948.75,1.1166666666666742,1.1277777777777374,1.1541666666666401,0.967509025270787,0.029025876787083495,0.8981914428638627,47.22222222222222,0.8499999999847,0.9771359807460764,9.627273391108538e-20,0.9977251546184932,0
1055,949.8777777777777,1.1277777777777374,0.9500000000000455,1.1222222222222058,1.0049504950494836,0.02926993903769402,0.9057438288480139,50.0,0.8999999999838,0.8465346534653995,1.6925089531876683e-20,0.9989470740394593,0
1056,950.8277777777778,0.9500000000000455,1.4138888888888914,1.0569444444444684,0.8988173455979201,0.03875595055264465,1.1992837770857956,175.0,3.1499999999433,1.337713534822574,0.9979668259620667,0.6157047625054675,1
1057,952.2416666666667,1.4138888888888914,1.1638888888888914,1.1222222222222058,1.2599009900990306,0.03016444325878633,0.9334238208387552,52.77777777777778,0.9499999999829001,1.0371287128713045,2.8783007611427685e-25,0.999581005989803,0
1058,953.4055555555556,1.1638888888888914,1.1666666666666288,1.1458333333333144,1.0157575757575947,0.02894177175998649,0.8955888542773232,50.0,0.8999999999838,1.0181818181818019,2.778441193311373e-20,0.9990288780689862,0
1059,954.5722222222222,1.1666666666666288,0.8972222222222399,1.16527777777776,1.0011918951132126,0.028043309942084333,0.8677863964050174,47.22222222222222,0.8499999999847,0.7699642431466299,4.2116018396857846e-23,0.9977996775837727,0
1060,955.4694444444444,0.8972222222222399,1.3777777777777374,1.1458333333333144,0.7830303030303314,0.03418722268026522,1.0579067461748493,144.44444444444446,2.5999999999532,1.202424242424227,0.9946795105934143,0.6361238622808673,1
1061,956.8472222222222,1.3777777777777374,1.2333333333333485,1.1458333333333144,1.202424242424227,0.03582460549315098,1.1085747498329095,55.55555555555556,0.9999999999820001,1.0763636363636675,1.0729108340067288e-19,0.9987503871142702,0
1062,958.0805555555555,1.2333333333333485,1.2194444444444343,1.16527777777776,1.058402860548301,0.03502315730828326,1.0837743309919083,55.55555555555556,0.9999999999820001,1.0464839094159786,1.8150390076865618e-16,0.9991195994210211,0
1063,959.3,1.2194444444444343,0.8555555555556111,1.16527777777776,1.0464839094159786,0.02799638736052701,0.8663344002589225,47.22222222222222,0.8499999999847,0.7342073897497609,8.238738555497609e-25,0.9975897531392783,0
1064,960.1555555555556,0.8555555555556111,1.3888888888889142,1.16527777777776,0.7342073897497609,0.03806429514945179,1.1778808417286515,175.0,3.1499999999433,1.1918951132300755,0.9965701103210449,0.5985752954071013,1
1065,961.5444444444445,1.3888888888889142,1.2111111111111086,1.1930555555555316,1.164144353899928,0.029842236300820824,0.9234532854231086,50.0,0.8999999999838,1.0151338766007167,2.384166178721379e-25,0.9996081575409803,0
1066,962.7555555555556,1.2111111111111086,1.1888888888888687,1.2152777777777715,0.9965714285714317,0.030273880377959767,0.936810298521903,52.77777777777778,0.9499999999829001,0.9782857142857028,2.328819739657359e-19,0.9992555120278237,0
1067,963.9444444444445,1.1888888888888687,0.9583333333333712,1.1999999999999886,0.9907407407407333,0.027498437586326935,0.8509255900636857,47.22222222222222,0.8499999999847,0.7986111111111502,1.2981056449653667e-23,0.9975319948213761,0
1068,964.9027777777778,0.9583333333333712,1.3472222222221717,1.1999999999999886,0.7986111111111502,0.035528571938484334,1.0994141374747506,144.44444444444446,2.5999999999532,1.1226851851851538,0.9942731261253357,0.5836723387897905,1
1069,966.25,1.3472222222221717,1.158333333333303,1.2152777777777715,1.1085714285713928,0.03071934425356435,0.9505949584688872,52.77777777777778,0.9499999999829001,0.9531428571428372,4.435443014808419e-23,0.9997551591657052,0
1070,967.4083333333333,1.158333333333303,1.1499999999999773,1.2152777777777715,0.9531428571428372,0.02690116161872947,0.8324431797971679,44.44444444444444,0.7999999999856,0.9462857142857005,7.903323516903025e-23,0.9968401138270933,0
1071,968.5583333333333,1.1499999999999773,1.0194444444445026,1.1999999999999886,0.9583333333333235,0.03156049798765749,0.976624045949602,52.77777777777778,0.9499999999829001,0.8495370370370935,5.487532727289037e-18,0.9988559300979316,0
1072,969.5777777777778,1.0194444444445026,1.430555555555543,1.1736111111110858,0.8686390532545061,0.03859518193839349,1.1943088716019505,158.33333333333334,2.8499999999487002,1.218934911242619,0.9978997707366943,0.6473391756422335,1
1073,971.0083333333333,1.430555555555543,1.1916666666667197,1.1736111111110858,1.218934911242619,0.031614597386277934,0.9782981251604179,52.77777777777778,0.9499999999829001,1.0153846153846824,1.258406397403823e-24,0.9992701301684841,0
1074,972.2,1.1916666666667197,1.1111111111110858,1.1902777777777942,1.0011668611435547,0.03255960469984346,1.0075409104417927,50.0,0.8999999999838,0.9334889148191025,6.193329754828736e-19,0.9986927015185867,0
1075,973.3111111111111,1.1111111111110858,1.0,1.1736111111110858,0.9467455621301764,0.030345405555787876,0.9390236098766563,50.0,0.8999999999838,0.8520710059171781,7.676385493990239e-19,0.9993321389664054,0
1076,974.3111111111111,1.0,1.3611111111110858,1.1541666666666401,0.8664259927798033,0.035018924973204676,1.083643363470107,113.88888888888889,2.0499999999631,1.1793020457280436,0.9966711401939392,0.7358254387057831,1
1077,975.6722222222222,1.3611111111110858,1.22777777777776,1.1541666666666401,1.1793020457280436,0.03623639691800252,1.1213174323971433,55.55555555555556,0.9999999999820001,1.0637785800240764,4.270580215704018e-19,0.9988440179398949,0
1078,976.9,1.22777777777776,0.9750000000000227,1.1750000000000114,1.04491725768319,0.03108527700414243,0.9619185669732522,52.77777777777778,0.9499999999829001,0.8297872340425645,9.946331493654446e-21,0.9985962099528044,0
1079,977.875,0.9750000000000227,1.1916666666667197,1.1541666666666401,0.8447653429603279,0.04511956431921271,1.396202666831983,119.44444444444444,2.1499999999613,1.0324909747293116,0.9941735863685608,0.6660700271501123,1
1080,979.0666666666667,1.1916666666667197,0.5249999999999773,1.1708333333333485,1.0177935943060819,0.02773440538462352,0.8582274972128174,47.22222222222222,0.8499999999847,0.4483985765124303,6.505505636580973e-25,0.9973091255663076,0
1081,979.5916666666667,0.5249999999999773,1.3222222222221944,1.1513888888889028,0.45597104945715206,0.0534970758230321,1.6554406288897763,102.77777777777777,1.8499999999667,1.1483715319661865,0.8531509041786194,0.8807003226798819,1
1082,980.9138888888889,1.3222222222221944,1.2361111111110858,1.1916666666667197,1.109557109557037,0.03255681795241575,1.007454675916946,55.55555555555556,0.9999999999820001,1.0372960372959699,8.513428813631284e-20,0.9982887778525389,0
1083,982.15,1.2361111111110858,0.9722222222222854,1.1916666666667197,1.0372960372959699,0.030669789086822836,0.9490614982725452,52.77777777777778,0.9499999999829001,0.8158508158508325,3.167164099695263e-21,0.9995639381081978,0
1084,983.1222222222223,0.9722222222222854,1.349999999999909,1.1513888888889028,0.8443908323281508,0.0366945480258772,1.135494692489929,136.11111111111111,2.4499999999559003,1.1724969843183628,0.9976116418838501,0.660836854216954,1
1085,984.4722222222222,1.349999999999909,1.1750000000000682,1.20972222222224,1.1159586681973828,0.034427721095106306,1.0653488510186455,52.77777777777778,0.9499999999829001,0.971297359357103,9.612113367678943e-21,0.9984105817773972,0
1086,985.6472222222222,1.1750000000000682,0.872222222222149,1.20972222222224,0.971297359357103,0.03453253574153219,1.0685922885622248,52.77777777777778,0.9499999999829001,0.7210103329505604,3.5784710110493283e-17,0.9981376235996058,0
1087,986.5194444444444,0.872222222222149,1.433333333333394,1.183333333333394,0.7370892018778346,0.04160807580070047,1.287541386341537,175.0,3.1499999999433,1.211267605633792,0.9960829019546509,0.5605439800531578,1
1088,987.9527777777778,1.433333333333394,1.1444444444443889,1.183333333333394,1.211267605633792,0.03544402497170297,1.0967978732826245,55.55555555555556,0.9999999999820001,0.9671361502346453,6.826856799848405e-22,0.9981366296954491,0
1089,989.0972222222222,1.1444444444443889,1.0388888888888914,1.183333333333394,0.9671361502346453,0.030644611590482308,0.9482823930647445,52.77777777777778,0.9499999999829001,0.8779342723004266,1.9840969239656186e-18,0.9992544127146753,0
1090,990.1361111111111,1.0388888888888914,1.0861111111111086,1.1597222222222285,0.8958083832335302,0.04137707852016837,1.280393289413382,113.88888888888889,2.0499999999631,0.9365269461077772,0.9923075437545776,0.6438477548451227,1
1091,991.2222222222222,1.0861111111111086,1.2000000000000455,1.1597222222222285,0.9365269461077772,0.03012015541195972,0.9320533552595646,50.0,0.8999999999838,1.0347305389221892,5.3964449217236773e-17,0.9993689299268684,0
1092,992.4222222222222,1.2000000000000455,0.9944444444444116,1.1597222222222285,1.0347305389221892,0.034439911057123684,1.065726063381709,52.77777777777778,0.9499999999829001,0.8574850299400868,3.6714862301599975e-18,0.9991486780875158,0
1093,993.4166666666666,0.9944444444444116,1.3166666666667197,1.1152777777777487,0.8916562889165567,0.03850509011587121,1.1915210245834056,127.77777777777777,2.2999999999586,1.1805728518058067,0.9976147413253784,0.6721849781874305,1
1094,994.7333333333333,1.3166666666667197,1.7805555555555657,1.1597222222222285,1.1353293413174048,0.034574329352619206,1.0698855712465032,52.77777777777778,0.9499999999829001,1.5353293413173656,5.6609138864959895e-15,0.9990059488532663,0
1095,996.5138888888889,1.7805555555555657,1.091666666666697,1.1597222222222285,1.5353293413173656,0.03540128132713131,1.095475192280679,55.55555555555556,0.9999999999820001,0.9413173652694821,2.9745485443715994e-29,0.9986975166877814,0
1096,997.6055555555556,1.091666666666697,1.0277777777777146,1.118055555555543,0.9763975155279885,0.03193313151652575,0.9881550067336211,52.77777777777778,0.9499999999829001,0.919254658385047,9.265751643529915e-17,0.9995612573216952,0
1097,998.6333333333333,1.0277777777777146,1.2583333333333258,1.118055555555543,0.919254658385047,0.04449629344597772,1.3769158570300795,119.44444444444444,2.1499999999613,1.1254658385093228,0.996001660823822,0.657921019774974,1
1098,999.8916666666667,1.2583333333333258,1.2138888888889596,1.118055555555543,1.1254658385093228,0.03556613126183397,1.1005763922131644,52.77777777777778,0.9499999999829001,1.0857142857143613,1.4028362803439935e-17,0.9977650099229238,0
1099,1001.1055555555556,1.2138888888889596,0.8916666666666515,1.1458333333333712,1.0593939393939662,0.031382390500328365,0.9711125975891447,50.0,0.8999999999838,0.7781818181817792,1.8550383517166526e-21,0.9975424254276877,0
1100,1001.9972222222223,0.8916666666666515,1.2666666666666515,1.1458333333333712,0.7781818181817792,0.036785763081725105,1.1383172974098053,136.11111111111111,2.4499999999559003,1.1054545454544957,0.9964828491210938,0.6392025346611191,1
1101,1003.2638888888889,1.2666666666666515,1.1999999999999318,1.2069444444445026,1.0494821634061509,0.03409497619007615,1.0550522240279447,52.77777777777778,0.9499999999829001,0.9942462600689405,1.2226137873961197e-18,0.9991309233426009,0
1102,1004.4638888888888,1.1999999999999318,1.0472222222222172,1.2069444444444457,0.9942462600689873,0.031211542424415782,0.9658257881349434,52.77777777777778,0.9499999999829001,0.8676639815880272,2.170963693485036e-19,0.9991596141445573,0
1103,1005.5111111111111,1.0472222222222172,0.4888888888889369,1.2069444444444457,0.8676639815880272,0.03103591110439349,0.960390963550657,55.55555555555556,0.9999999999820001,0.40506329113927986,1.360263233127245e-15,0.9987230079857388,0
1104,1006.0,0.4888888888889369,1.3833333333333258,1.1458333333333144,0.4266666666667156,0.030298706724102044,0.937578537559991,50.0,0.8999999999838,1.2072727272727406,0.0033044819720089436,0.9979298896204771,0
1105,1007.3833333333333,1.3833333333333258,1.0833333333333712,1.1458333333333144,1.2072727272727406,0.031226561686974016,0.9662905518079543,52.77777777777778,0.9499999999829001,0.9454545454545942,1.5711864922727201e-24,0.9994910771324338,0
1106,1008.4666666666667,1.0833333333333712,0.9861111111110858,1.1416666666666515,0.9489051094890969,0.028801896609393158,0.8912604867226132,50.0,0.8999999999838,0.8637469586374589,3.2686889765160755e-19,0.998728593079156,0
1107,1009.4527777777778,0.9861111111110858,1.136111111111063,1.1416666666666515,0.8637469586374589,0.03946824474182742,1.2213253694972372,111.11111111111111,1.9999999999640001,0.9951338199513093,0.9922375082969666,0.6408443228662775,1
1108,1010.5888888888888,1.136111111111063,1.1305555555555884,1.1097222222222172,1.0237797246557812,0.03186779422577802,0.9861331764929707,52.77777777777778,0.9499999999829001,1.0187734668335762,1.968409939956918e-17,0.9996603702252814,0
1109,1011.7194444444444,1.1305555555555884,1.1194444444444116,1.1069444444444798,1.0213299874529456,0.03130780468040107,0.968804576174009,50.0,0.8999999999838,1.011292346298558,1.768816965694099e-18,0.9992472895197761,0
1110,1012.8388888888888,1.1194444444444116,1.0305555555555657,1.125,0.9950617283950325,0.029858874584230786,0.923968148897945,50.0,0.8999999999838,0.9160493827160584,1.5278659224010907e-19,0.9993990136100634,0
1111,1013.8694444444444,1.0305555555555657,1.0750000000000455,1.1013888888888914,0.9356872635561231,0.027635765869639953,0.8551751460664118,47.22222222222222,0.8499999999847,0.9760403530895725,7.769954096930706e-19,0.9974670717382745,0
1112,1014.9444444444445,1.0750000000000455,1.0611111111111313,1.0791666666667084,0.9961389961389998,0.04214006207613957,1.304003439282279,116.66666666666667,2.0999999999622,0.9832689832689641,0.992420494556427,0.6151668844814093,1
1113,1016.0055555555556,1.0611111111111313,1.1611111111110404,1.0791666666667084,0.9832689832689641,0.028399619270765408,0.8788122128646367,47.22222222222222,0.8499999999847,1.0759330759329688,2.1090169128927642e-18,0.9971385368642982,0
1114,1017.1666666666666,1.1611111111110404,1.0500000000000682,1.1013888888888914,1.054224464060463,0.029219222090176206,0.9041744179184895,50.0,0.8999999999838,0.9533417402270459,4.362137364195175e-21,0.9986731044302992,0
1115,1018.2166666666667,1.0500000000000682,1.2388888888888232,1.0791666666667084,0.9729729729729986,0.04303496403849015,1.3316957391801085,94.44444444444444,1.6999999999694,1.1480051480050428,0.991085946559906,0.6352867422315653,1
1116,1019.4555555555555,1.2388888888888232,1.0861111111111086,1.0972222222222285,1.1291139240505665,0.029759106247662922,0.9208808669242995,50.0,0.8999999999838,0.9898734177215109,1.1854973915757502e-22,0.998180128409877,0
1117,1020.5416666666666,1.0861111111111086,1.0444444444444798,1.10277777777776,0.9848866498740689,0.028726960423654507,0.8889416234102302,47.22222222222222,0.8499999999847,0.9471032745592413,7.385852391750796e-20,0.9973639353824164,0
1118,1021.5861111111111,1.0444444444444798,1.2555555555555884,1.080555555555577,0.9665809768637668,0.04189071952349149,1.2962876569555932,113.88888888888889,2.0499999999631,1.161953727506434,0.995582640171051,0.5965302820707492,1
1119,1022.8416666666667,1.2555555555555884,1.1861111111111313,1.080555555555577,1.161953727506434,0.03336136705512178,1.0323510511312144,52.77777777777778,0.9499999999829001,1.0976863753213337,3.0605101053093823e-19,0.9987864831344451,0
1120,1024.0277777777778,1.1861111111111313,1.1083333333333485,1.080555555555577,1.0976863753213337,0.03630566759613993,1.1234609793707901,55.55555555555556,0.9999999999820001,1.0257069408740296,1.2453797309746706e-15,0.9990902601956275,0
1121,1025.1361111111112,1.1083333333333485,1.1749999999999545,1.0972222222222285,1.010126582278489,0.041890375699090876,1.2962770174790754,102.77777777777777,1.8499999999667,1.0708860759493195,0.9893934726715088,0.5948957984996358,1
1122,1026.3111111111111,1.1749999999999545,1.1305555555554747,1.1347222222221944,1.035495716034257,0.035321000752076316,1.0929909494765246,52.77777777777778,0.9499999999829001,0.9963280293757182,4.903541494290925e-16,0.9977279400534929,0
1123,1027.4416666666666,1.1305555555554747,1.116666666666788,1.1458333333332575,0.9866666666666614,0.029153755853053243,0.9021485974958482,47.22222222222222,0.8499999999847,0.9745454545456248,2.232693436101741e-20,0.9988747953949484,0
1124,1028.5583333333334,1.116666666666788,1.2388888888888232,1.1236111111111313,0.9938195302843916,0.04176584104283313,1.292423353956309,105.55555555555556,1.8999999999658002,1.102595797280515,0.992615818977356,0.6587001456274928,1
1125,1029.7972222222222,1.2388888888888232,1.191666666666606,1.1527777777777146,1.0746987951807248,0.03217567350522699,0.9956603489627172,55.55555555555556,0.9999999999820001,1.0337349397590403,2.0554358751243356e-18,0.9991143008911978,0
1126,1030.9888888888888,1.191666666666606,1.0555555555556566,1.1527777777777146,1.0337349397590403,0.0309891092090301,0.9589427019793162,52.77777777777778,0.9499999999829001,0.9156626506025475,9.813186111188953e-20,0.9996937099171921,0
1127,1032.0444444444445,1.0555555555556566,1.1361111111111768,1.1527777777777146,0.9156626506025475,0.03587370167496157,1.1100940069669154,113.88888888888889,2.0499999999631,0.9855421686748098,0.9886492490768433,0.5984798561657209,1
1128,1033.1805555555557,1.1361111111111768,1.1444444444443889,1.1555555555555657,0.9831730769231252,0.028931407704323234,0.8952681436859297,50.0,0.8999999999838,0.9903846153845586,1.504574455056158e-19,0.9984237272982148,0
1129,1034.325,1.1444444444443889,1.1361111111111768,1.1402777777777828,1.0036540803897154,0.030868149204094645,0.9551996542788538,52.77777777777778,0.9499999999829001,0.9963459196102846,4.4493846625880346e-18,0.9997505214866562,0
1130,1035.4611111111112,1.1361111111111768,1.166666666666515,1.1361111111111768,1.0,0.04529154688716553,1.4015245825828866,108.33333333333333,1.9499999999649,1.0268948655254795,0.9898316860198975,0.6522041736488569,1
1131,1036.6277777777777,1.166666666666515,1.2055555555555202,1.1402777777777828,1.0231425091350634,0.02970588065371433,0.9192338271681311,50.0,0.8999999999838,1.057247259439672,1.356943653724698e-19,0.999438493916927,0
1132,1037.8333333333333,1.2055555555555202,0.966666666666697,1.1402777777777828,1.057247259439672,0.029829633090557445,0.9230632852968688,50.0,0.8999999999838,0.8477466504263322,3.264248113206433e-22,0.9994371240644642,0
1133,1038.8,0.966666666666697,0.5833333333334849,1.1402777777777828,0.8477466504263322,0.04092334340807541,1.2663526801322826,119.44444444444444,2.1499999999613,0.5115712545677311,0.9963770508766174,0.6877216837873618,1
1134,1039.3833333333334,0.5833333333334849,1.349999999999909,1.1402777777777828,0.5115712545677311,0.028441950479957206,0.8801221312571477,47.22222222222222,0.8499999999847,1.1839220462849334,0.00023407666594721377,0.9970705061689478,0
1135,1040.7333333333333,1.349999999999909,1.2472222222222626,1.1402777777777828,1.1839220462849334,0.03058967740867462,0.9465824818998784,52.77777777777778,0.9499999999829001,1.093788063337424,9.057334251198911e-23,0.9992572395911672,0
1136,1041.9805555555556,1.2472222222222626,1.1888888888888687,1.1402777777777828,1.093788063337424,0.03204226936305535,0.9915322235723937,55.55555555555556,0.9999999999820001,1.0426309378806111,7.349432017120998e-19,0.9995404992313244,0
1137,1043.1694444444445,1.1888888888888687,0.9777777777776464,1.155555555555452,1.0288461538462286,0.03057389051184448,0.9460939641628873,50.0,0.8999999999838,0.8461538461538083,4.19739554025536e-21,0.9993476011752567,0
1138,1044.1472222222221,0.9777777777776464,1.2194444444444343,1.155555555555452,0.8461538461538083,0.03954473929923778,1.2236924558524793,122.22222222222223,2.1999999999604003,1.0552884615385474,0.9961779117584229,0.7099204502069909,1
1139,1045.3666666666666,1.2194444444444343,1.2111111111112223,1.1777777777776919,1.035377358490633,0.03545521586572052,1.0971441699791304,52.77777777777778,0.9499999999829001,1.0283018867926221,2.1862003748439237e-16,0.9977558664381208,0
1140,1046.5777777777778,1.2111111111112223,0.9388888888888687,1.1972222222221944,1.0116009280743623,0.029413607984176606,0.9101895935455802,50.0,0.8999999999838,0.7842227378190268,2.381043230253333e-22,0.9993665394182032,0
1141,1047.5166666666667,0.9388888888888687,1.3444444444444343,1.1972222222221944,0.7842227378190268,0.0371014892399426,1.148087287673301,177.77777777777777,3.1999999999424,1.1229698375870245,0.996347963809967,0.6185630897579186,1
1142,1048.861111111111,1.3444444444444343,1.2000000000000455,1.2000000000000455,1.1203703703703194,0.030528433063051443,0.9446873058276428,52.77777777777778,0.9499999999829001,1.0,1.2049888192574406e-22,0.998140479790985,0
1143,1050.0611111111111,1.2000000000000455,0.9638888888889596,1.2055555555556339,0.9953917050690975,0.029435315299596112,0.9108613157161236,50.0,0.8999999999838,0.7995391705069191,9.003839763058574e-22,0.9988762250431966,0
1144,1051.025,0.9638888888889596,1.1833333333331666,1.2055555555556339,0.7995391705069191,0.037950795212198234,1.1743686421436212,158.33333333333334,2.8499999999487002,0.9815668202762956,0.9588696956634521,0.3266048547512298,1
1145,1052.2083333333333,1.1833333333331666,1.2861111111112677,1.194444444444457,0.9906976744184546,0.03639959136251684,1.1263674040021667,55.55555555555556,0.9999999999820001,1.0767441860466314,1.1481481455681564e-13,0.9974725541914249,0
1146,1053.4944444444445,1.2861111111112677,0.9694444444444343,1.194444444444457,1.0767441860466314,0.03504991599503924,1.0846023653573402,52.77777777777778,0.9499999999829001,0.8116279069767272,8.02372302759826e-20,0.998952243968827,0
1147,1054.463888888889,0.9694444444444343,1.316666666666606,1.191666666666606,0.8135198135198465,0.03746393882150082,1.1593031112300953,138.88888888888889,2.499999999955,1.1048951048951103,0.996785044670105,0.6336833304273233,1
1148,1055.7805555555556,1.316666666666606,1.1388888888889142,1.2055555555556339,1.0921658986173903,0.028112656608213393,0.8699322947895919,47.22222222222222,0.8499999999847,0.9447004608294527,9.795240870405803e-26,0.9977428099537335,0
1149,1056.9194444444445,1.1388888888889142,1.0249999999998636,1.191666666666606,0.9557109557110255,0.029187589859971646,0.903195574154463,50.0,0.8999999999838,0.8601398601397894,3.9902856707434205e-20,0.9993605143978764,0
1150,1057.9444444444443,1.0249999999998636,1.1694444444444798,1.1611111111110404,0.8827751196171612,0.03811008370118029,1.179297745880948,152.77777777777777,2.7499999999505,1.0071770334929149,0.9664834141731262,0.31326412714773677,1
1151,1059.1138888888888,1.1694444444444798,1.2055555555555202,1.1763888888888232,0.994096812278716,0.02973140588039774,0.9200236927199066,52.77777777777778,0.9499999999829001,1.0247933884297793,1.985353824906393e-18,0.9983634739957173,0
1152,1060.3194444444443,1.2055555555555202,1.0777777777777828,1.1763888888888232,1.0247933884297793,0.03377673935326891,1.0452045420536478,58.333333333333336,1.0499999999811,0.916174734356608,2.402546486206963e-16,0.9981558166553508,0
1153,1061.3972222222221,1.0777777777777828,1.0777777777777828,1.154166666666697,0.9338146811070798,0.043913670212073465,1.3588868683816007,108.33333333333333,1.9499999999649,0.9338146811070798,0.9921181797981262,0.6653643803602535,1
1154,1062.475,1.0777777777777828,1.150000000000091,1.154166666666697,0.9338146811070798,0.035485843370186496,1.0980919230006638,52.77777777777778,0.9499999999829001,0.9963898916968036,4.684803434941431e-13,0.9970558548778123,0
1155,1063.625,1.150000000000091,0.9916666666665606,1.1444444444445026,1.0048543689320673,0.02867502886389523,0.8873346269038883,47.22222222222222,0.8499999999847,0.8665048543687953,4.670364530205788e-22,0.9990657896004332,0
1156,1064.6166666666666,0.9916666666665606,1.347222222222399,1.1083333333333485,0.8947368421051551,0.04067697530716417,1.258728940747722,141.66666666666666,2.5499999999541,1.2155388471179374,0.998184859752655,0.7308790842827797,1
1157,1065.963888888889,1.347222222222399,1.166666666666515,1.1444444444445026,1.1771844660195123,0.031943576696140646,0.9884782276656914,52.77777777777778,0.9499999999829001,1.019417475727971,1.2097280431405188e-22,0.9993595608455854,0
1158,1067.1305555555555,1.166666666666515,1.025000000000091,1.1444444444445026,1.019417475727971,0.03555775155866901,1.1003170864312335,55.55555555555556,0.9999999999820001,0.8956310679611991,1.2945750869138451e-15,0.999222880264675,0
1159,1068.1555555555556,1.025000000000091,1.1749999999999545,1.113888888888937,0.9201995012469247,0.040725777990378784,1.2602391157124164,125.0,2.2499999999595,1.0548628428926818,0.9961405396461487,0.6931045647007215,1
1160,1069.3305555555555,1.1749999999999545,1.1972222222223081,1.158333333333303,1.0143884892086203,0.028941186898443622,0.8955707560253077,47.22222222222222,0.8499999999847,1.0335731414869118,6.309455427670682e-21,0.9979585092064298,0
1161,1070.5277777777778,1.1972222222223081,1.008333333333212,1.158333333333303,1.0335731414869118,0.03294921753779765,1.019597287572012,52.77777777777778,0.9499999999829001,0.8705035971222203,6.775574433186569e-19,0.9993660109592812,0
1162,1071.536111111111,1.008333333333212,1.3777777777777374,1.113888888888937,0.9052369077305255,0.03662569848595898,1.1333641774307879,119.44444444444444,2.1499999999613,1.236907730673227,0.997713565826416,0.6404545562007892,1
1163,1072.9138888888888,1.3777777777777374,1.1333333333334394,1.158333333333303,1.1894484412469986,0.03041803534493079,0.9412711028837996,52.77777777777778,0.9499999999829001,0.9784172661871676,1.2110844066366512e-24,0.9996323344863058,0
1164,1074.0472222222222,1.1333333333334394,0.9805555555556111,1.158333333333303,0.9784172661871676,0.031784921608318015,0.9835687242148768,50.0,0.8999999999838,0.8465227817746505,1.521039459299632e-18,0.997647810172339,0
1165,1075.0277777777778,0.9805555555556111,0.6055555555556111,1.1499999999999773,0.8526570048309831,0.04514593601893518,1.397018726074508,113.88888888888889,2.0499999999631,0.5265700483092375,0.9958445429801941,0.6622428151808886,1
1166,1075.6333333333334,0.6055555555556111,1.3916666666666515,1.1499999999999773,0.5265700483092375,0.030949902802827885,0.9577294790742997,52.77777777777778,0.9499999999829001,1.2101449275362426,0.0022549284622073174,0.9989519160071684,0
1167,1077.025,1.3916666666666515,1.2472222222220353,1.1499999999999773,1.2101449275362426,0.033042029245383936,1.0224693000925325,55.55555555555556,0.9999999999820001,1.0845410628017913,1.867784122512715e-21,0.9984990032667982,0
1168,1078.2722222222221,1.2472222222220353,1.175000000000182,1.154166666666697,1.080625752105706,0.03341996952536538,1.034164475672688,50.0,0.8999999999838,1.0180505415163763,1.5220834129314622e-19,0.997718621739405,0
1169,1079.4472222222223,1.175000000000182,1.0055555555554747,1.1750000000000682,1.0000000000000968,0.031196204733107802,0.9653511708413067,50.0,0.8999999999838,0.8557919621748225,3.4126034104517e-20,0.9998711638952642,0
1170,1080.4527777777778,1.0055555555554747,1.2361111111110858,1.1541666666668107,0.8712394705172701,0.038132608539148426,1.1799947658835919,125.0,2.2499999999595,1.07099879663041,0.9965735673904419,0.7311080385479662,1
1171,1081.6888888888889,1.2361111111110858,1.2444444444445253,1.1541666666668107,1.07099879663041,0.036595612007000046,1.1324331661767595,55.55555555555556,0.9999999999820001,1.0782190132369993,1.7097944493061658e-15,0.9987947033078617,0
1172,1082.9333333333334,1.2444444444445253,1.0694444444443434,1.2055555555556339,1.032258064516129,0.031701131803398085,0.980975890023153,52.77777777777778,0.9499999999829001,0.8870967741934069,3.362580632259836e-20,0.999214180991407,0
1173,1084.0027777777777,1.0694444444443434,1.2194444444444343,1.1541666666668107,0.9265944645003985,0.0379891684215259,1.1755560821822517,152.77777777777777,2.7499999999505,1.0565583634174287,0.9723829627037048,0.29067058818201846,1
1174,1085.2222222222222,1.2194444444444343,1.0722222222223081,1.1972222222223081,1.018561484918712,0.02847903310622361,0.8812696348394071,47.22222222222222,0.8499999999847,0.8955916473317941,2.208817476594799e-23,0.9988132381908684,0
1175,1086.2944444444445,1.0722222222223081,1.0416666666667425,1.1972222222223081,0.8955916473317941,0.03160440708421809,0.9779827912885942,55.55555555555556,0.9999999999820001,0.8700696055684464,4.971462101715932e-15,0.9996308219353518,0
1176,1087.3361111111112,1.0416666666667425,1.125,1.1972222222223081,0.8700696055684464,0.04542777567696004,1.4057401153009053,105.55555555555556,1.8999999999658002,0.9396751740138537,0.9898461103439331,0.6367097720927228,1
1177,1088.4611111111112,1.125,0.5416666666665151,1.150000000000091,0.97826086956514,0.031542832734845636,0.976077403413081,50.0,0.8999999999838,0.47101449275345414,9.806226161816143e-20,0.9995388911053519,0
1178,1089.0027777777777,0.5416666666665151,1.400000000000091,1.098611111111154,0.4930467762324597,0.0458875584623533,1.4199678668498306,102.77777777777777,1.8499999999667,1.2743362831858738,0.9241005778312683,0.8682617332360801,1
1179,1090.4027777777778,1.400000000000091,1.1499999999998636,1.098611111111154,1.2743362831858738,0.033278927450392945,1.0297999982185435,58.333333333333336,1.0499999999811,1.0467762326167755,1.9624528837458134e-21,0.9987558238593501,0
1180,1091.5527777777777,1.1499999999998636,0.966666666666697,1.1374999999999318,1.0109890109889517,0.0332701914771169,1.029529667833722,50.0,0.8999999999838,0.8498168498169274,1.5564744291753317e-18,0.9987875406342197,0
1181,1092.5194444444444,0.966666666666697,1.2638888888889142,1.098611111111154,0.8798988621997403,0.03787889779766855,1.1721438121077088,136.11111111111111,2.4499999999559003,1.1504424778760842,0.9977914094924927,0.7309575051675739,1
1182,1093.7833333333333,1.2638888888889142,1.25,1.098611111111154,1.1504424778760842,0.03565332958514573,1.1032747013255888,55.55555555555556,0.9999999999820001,1.1378002528444562,9.573563416562128e-17,0.9990363643811215,0
1183,1095.0333333333333,1.25,1.0194444444443889,1.1374999999999318,1.0989010989011647,0.032766300728432,1.0139370171128852,52.77777777777778,0.9499999999829001,0.8962148962149011,1.522460167851086e-20,0.9994117190873124,0
1184,1096.0527777777777,1.0194444444443889,1.366666666666788,1.098611111111154,0.9279393173197614,0.03488968728919897,1.0796441670730106,133.33333333333334,2.3999999999568002,1.2439949431100492,0.9968554973602295,0.6616788049050856,1
1185,1097.4194444444445,1.366666666666788,1.1527777777778283,1.1374999999999318,1.2014652014653802,0.03103033552503269,0.9602184299969727,50.0,0.8999999999838,1.0134310134311186,1.4022053866262324e-24,0.9992547636762843,0
1186,1098.5722222222223,1.1527777777778283,0.9222222222222172,1.151388888888846,1.001206272617693,0.03255274231651436,1.0073285573739055,47.22222222222222,0.8499999999847,0.8009650180941148,1.043792745201064e-17,0.9858727317140386,0
1187,1099.4944444444445,0.9222222222222172,2.3333333333332575,1.151388888888846,0.8009650180941148,0.028497587768982008,0.8818437997281051,141.66666666666666,2.5499999999541,2.0265379975874644,0.9947546720504761,0.8394645345629721,1
1188,1101.8277777777778,2.3333333333332575,0.5083333333334394,1.2013888888889142,1.9421965317918035,0.033467711066015655,1.0356418141040389,52.77777777777778,0.9499999999829001,0.42312138728331644,5.402851964244622e-39,0.988286412113724,0
1189,1102.3361111111112,0.5083333333334394,1.283333333333303,1.151388888888846,0.441495778045947,0.03193806248614029,0.9883075931566013,52.77777777777778,0.9499999999829001,1.1145958986731153,0.006995983421802521,0.9962469567121485,0
1190,1103.6194444444445,1.283333333333303,0.9694444444444343,1.2013888888889142,1.0682080924855015,0.031654965293411545,0.9795472901389541,52.77777777777778,0.9499999999829001,0.8069364161849457,8.409903484509543e-22,0.9992612280736783,0
1191,1104.588888888889,0.9694444444444343,0.4722222222221717,1.2013888888889142,0.8069364161849457,0.030391806223886427,0.9404594556681547,50.0,0.8999999999838,0.3930635838149786,5.316919512935033e-16,0.9995171494623506,0
1192,1105.0611111111111,0.4722222222221717,1.2638888888889142,1.0861111111111086,0.43478260869560664,0.02873768041524355,0.8892733482633149,50.0,0.8999999999838,1.1636828644501538,0.0019430536776781082,0.9984414076423822,0
1193,1106.325,1.2638888888889142,1.716666666666697,1.0861111111111086,1.1636828644501538,0.03270681207154468,1.0120961699627506,55.55555555555556,0.9999999999820001,1.580562659846579,8.123300751679274e-14,0.9973441117306017,0
1194,1108.0416666666667,1.716666666666697,1.2416666666665606,1.2083333333333712,1.4206896551723944,0.03181587150932232,0.9845264536382969,61.111111111111114,1.0999999999802001,1.0275862068964317,6.143510929573719e-28,0.9980678905758009,0
1195,1109.2833333333333,1.2416666666665606,0.9944444444445253,1.1972222222221944,1.0371229698375224,0.030772199955585208,0.9522305521017667,50.0,0.8999999999838,0.830626450116096,4.457173166630254e-22,0.9997666248993138,0
1196,1110.2777777777778,0.9944444444445253,1.0138888888889142,1.118055555555543,0.8894409937889022,0.033957664957204994,1.0508031956427337,50.0,0.8999999999838,0.9068322981366788,1.8041591712345678e-13,0.9984644755477119,0
1197,1111.2916666666667,1.0138888888889142,0.9527777777777828,1.1277777777777374,0.8990147783251777,0.02950555176672386,0.9130347485537909,50.0,0.8999999999838,0.8448275862069313,4.9318470192824486e-17,0.9989272570013457,0
1198,1112.2444444444445,0.9527777777777828,0.5166666666666515,1.0041666666667197,0.9488243430151693,0.03175819833466067,0.982741785690318,52.77777777777778,0.9499999999829001,0.5145228215767212,3.637407656163511e-15,0.9995498828075609,0
1199,1112.7611111111112,0.5166666666666515,0.4500000000000455,1.0041666666667197,0.5145228215767212,0.03366602172356258,1.0417784396035525,58.333333333333336,1.0499999999811,0.44813278008300916,0.001396380364894867,0.9979300007436985,0
1200,1113.2111111111112,0.4500000000000455,0.9722222222221717,0.9819444444444798,0.4582743988684881,0.035658598566401974,1.1034377473521286,55.55555555555556,0.9999999999820001,0.9900990099009029,0.01447807066142559,0.9971625698200934,0
1201,1114.1833333333334,0.9722222222221717,1.099999999999909,0.9833333333333485,0.9887005649716848,0.033223538882576974,1.0280860263027345,58.333333333333336,1.0499999999811,1.1186440677965004,3.3994765336053945e-11,0.9986481702037852,0
1202,1115.2833333333333,1.099999999999909,1.1111111111110858,1.0041666666667197,1.0954356846471545,0.02857288018169412,0.884173686308506,47.22222222222222,0.8499999999847,1.1065006915628486,4.125880929538749e-20,0.9977102306800734,0
1203,1116.3944444444444,1.1111111111110858,1.2638888888889142,1.0041666666667197,1.1065006915628486,0.04039660891276088,1.250053140937544,136.11111111111111,2.4499999999559003,1.258644536652794,0.9975730776786804,0.6045148234238256,1
1204,1117.6583333333333,1.2638888888889142,2.0027777777777374,1.0041666666667197,1.258644536652794,0.029986582067090012,0.9279199939751929,52.77777777777778,0.9499999999829001,1.9944674965420397,2.592639210957648e-12,0.9989850649214047,0
1205,1119.661111111111,2.0027777777777374,1.4027777777778283,1.0041666666667197,1.9944674965420397,0.03344854876641605,1.0350488461929501,55.55555555555556,0.9999999999820001,1.3969571230981785,1.1351385953235297e-30,0.9958342770540554,0
1206,1121.0638888888889,1.4027777777778283,1.2527777777777374,1.0569444444444116,1.3272010512484465,0.03130353524494771,0.9686724605994064,52.77777777777778,0.9499999999829001,1.1852825229960564,3.2129279150475024e-23,0.9998241720010553,0
1207,1122.3166666666666,1.2527777777777374,1.2333333333333485,1.1055555555554974,1.1331658291457516,0.03474750835768552,1.075244510153853,50.0,0.8999999999838,1.1155778894473085,1.0194649497955731e-18,0.99866154739297,0
1208,1123.55,1.2333333333333485,1.2972222222222172,1.1722222222222172,1.0521327014218185,0.03153500388291011,0.9758351434507888,52.77777777777778,0.9499999999829001,1.1066350710900479,1.499121034223355e-18,0.9995232391870357,0
1209,1124.8472222222222,1.2972222222222172,1.375,1.243055555555543,1.04357541899442,0.03292607284126767,1.0188810863518594,52.77777777777778,0.9499999999829001,1.1061452513966592,1.5202330615999694e-18,0.9992311463770471,0
1210,1126.2222222222222,1.375,2.047222222222217,1.2583333333333258,1.0927152317880862,0.02998890549200037,0.9279918912132308,50.0,0.8999999999838,1.6269315673289242,1.98283448091474e-17,0.9969027053891215,0
1211,1128.2694444444444,2.047222222222217,0.5666666666668334,1.2805555555555657,1.5986984815618055,0.032143200472362285,0.9946554869750204,61.111111111111114,1.0999999999802001,0.4425162689806039,2.0225891918164217e-33,0.9927172622950982,0
1212,1128.8361111111112,0.5666666666668334,1.4722222222221717,1.2805555555555657,0.4425162689806039,0.03532452584021347,1.093100031590507,52.77777777777778,0.9499999999829001,1.149674620390407,0.013070231303572655,0.9945974955075311,0
1213,1130.3083333333334,1.4722222222221717,1.9527777777777828,1.3361111111111086,1.101871101871066,0.030337885216269265,0.9387908966789604,50.0,0.8999999999838,1.4615384615384681,1.1497875945766007e-20,0.9988289849514713,0
1214,1132.2611111111112,1.9527777777777828,0.9138888888887777,1.3888888888889142,1.4059999999999782,0.03599529259222817,1.1138565779383263,55.55555555555556,0.9999999999820001,0.657999999999908,6.395343871889858e-33,0.9982768997132447,0
1215,1133.175,0.9138888888887777,0.9527777777777828,1.3361111111111086,0.683991683991602,0.032175461887735644,0.9956538005638081,58.333333333333336,1.0499999999811,0.7130977130977182,5.004384906470705e-09,0.9979683218264321,0
1216,1134.1277777777777,0.9527777777777828,1.0861111111112223,1.2749999999999773,0.7472766884531763,0.03417361865695973,1.0574857763825793,50.0,0.8999999999838,0.8518518518519542,1.9854782748462974e-11,0.9987914993221969,0
1217,1135.213888888889,1.0861111111112223,1.166666666666515,1.2652777777777828,0.8583973655324664,0.035773956643207434,1.107007446149238,55.55555555555556,0.9999999999820001,0.922063666300645,2.569457233786432e-12,0.9990070680555894,0
1218,1136.3805555555555,1.166666666666515,1.2722222222223536,1.2319444444443661,0.9470124013528121,0.04174488166401507,1.2917747763150471,94.44444444444444,1.6999999999694,1.0326944757611645,0.9480657577514648,0.5705625234283694,1
1219,1137.6527777777778,1.2722222222223536,1.244444444444298,1.2194444444444343,1.0432801822324627,0.03247880883723546,1.0050407223184281,52.77777777777778,0.9499999999829001,1.0205011389520524,2.5166331656890553e-19,0.9994571967363792,0
1220,1138.8972222222221,1.244444444444298,1.1722222222222172,1.2055555555554065,1.0322580645161352,0.030805791394500116,0.9532700226131373,52.77777777777778,0.9499999999829001,0.9723502304148626,3.8423418332488973e-20,0.9992694124096972,0
1221,1140.0694444444443,1.1722222222222172,1.1333333333334394,1.1694444444443661,1.0023752969121769,0.029223056603874364,0.904293075053862,47.22222222222222,0.8499999999847,0.9691211401426735,3.2939454824919617e-21,0.9983754447994153,0
1222,1141.2027777777778,1.1333333333334394,1.158333333333303,1.1694444444443661,0.9691211401426735,0.029787716625800074,0.9217662009663472,50.0,0.8999999999838,0.9904988123515843,6.668646863353371e-19,0.9994063532092081,0
1223,1142.361111111111,1.158333333333303,1.2527777777777374,1.162499999999909,0.9964157706093709,0.031296809061515926,0.9684643221701739,52.77777777777778,0.9499999999829001,1.0776583034648046,4.0508417642705954e-17,0.9997153833161858,0
1224,1143.6138888888888,1.2527777777777374,1.1916666666668334,1.162499999999909,1.0776583034648046,0.03199532984881201,0.9900797034526806,55.55555555555556,0.9999999999820001,1.0250896057349907,1.1509779817950727e-18,0.9979351392086522,0
1225,1144.8055555555557,1.1916666666668334,1.0527777777776919,1.1694444444443661,1.019002375297123,0.029968761472705406,0.9273685444703109,50.0,0.8999999999838,0.9002375296911982,4.3946062227217986e-21,0.9994693001252971,0
1226,1145.8583333333333,1.0527777777776919,0.525000000000091,1.1694444444443661,0.9002375296911982,0.04352711596436874,1.3469251378182863,100.0,1.7999999999676,0.44893111638965655,0.9953445792198181,0.6295257904921827,1
1227,1146.3833333333334,0.525000000000091,0.43055555555542924,1.1694444444443661,0.44893111638965655,0.03289271642245895,1.017848888421773,52.77777777777778,0.9499999999829001,0.36817102137758884,0.00018329001613892615,0.998654633219749,0
1228,1146.8138888888889,0.43055555555542924,0.9222222222222172,1.16527777777776,0.36948748510120827,0.035292553070484296,1.092110649998831,55.55555555555556,0.9999999999820001,0.7914183551847515,0.002082541584968567,0.9982808050316638,0
1229,1147.736111111111,0.9222222222222172,1.2055555555555202,1.1458333333333712,0.8048484848484538,0.035972913064043745,1.113164054475279,55.55555555555556,0.9999999999820001,1.0521212121211465,8.541634599623649e-08,0.9983541142175505,0
1230,1148.9416666666666,1.2055555555555202,1.0805555555555202,1.1458333333333712,1.0521212121211465,0.030431247183184715,0.9416799367030576,50.0,0.8999999999838,0.9430303030302409,9.024408004808553e-21,0.9968778780573921,0
1231,1150.0222222222221,1.0805555555555202,0.6138888888890506,1.1069444444444798,0.9761606022584061,0.047632168221321755,1.4739539554747076,102.77777777777777,1.8499999999667,0.5545796737767908,0.9936285614967346,0.6573117773420536,1
1232,1150.6361111111112,0.6138888888890506,1.416666666666515,1.066666666666606,0.5755208333335177,0.03317668969015857,1.0266363011473512,55.55555555555556,0.9999999999820001,1.3281249999999334,0.06501524895429611,0.9982769825778066,0
1233,1152.0527777777777,1.416666666666515,1.1277777777779647,1.066666666666606,1.3281249999999334,0.030926030757492746,0.9569907704040685,52.77777777777778,0.9499999999829001,1.057291666666902,7.709669760926573e-25,0.9993921175836988,0
1234,1153.1805555555557,1.1277777777779647,1.1638888888887777,1.066666666666606,1.057291666666902,0.03187212249247891,0.986267112571515,50.0,0.8999999999838,1.091145833333291,1.6526741075286922e-17,0.9976570062408687,0
1235,1154.3444444444444,1.1638888888887777,1.1138888888888232,1.066666666666606,1.091145833333291,0.03128522612491311,0.9681058939092051,52.77777777777778,0.9499999999829001,1.044270833333331,7.914502874998582e-19,0.999401726664922,0
1236,1155.4583333333333,1.1138888888888232,1.333333333333485,1.0972222222221717,1.0151898734177085,0.04554050761864543,1.4092285496418206,94.44444444444444,1.6999999999694,1.2151898734179156,0.988355278968811,0.6225118636826782,1
1237,1156.7916666666667,1.333333333333485,1.1277777777777374,1.120833333333394,1.1895910780669854,0.03629257806980976,1.1230559304336938,55.55555555555556,0.9999999999820001,1.0061957868648415,4.459407713467916e-19,0.9978299755110751,0
1238,1157.9194444444445,1.1277777777777374,1.1138888888888232,1.127777777777851,0.9999999999998992,0.033733138143864055,1.0438553241308535,50.0,0.8999999999838,0.987684729063917,7.913846693298159e-17,0.999036959107564,0
1239,1159.0333333333333,1.1138888888888232,0.5055555555554747,1.127777777777851,0.987684729063917,0.041754150284670964,1.292061589210359,136.11111111111111,2.4499999999559003,0.4482758620688647,0.9627530574798584,0.2926292490806912,1
1240,1159.5388888888888,0.5055555555554747,0.4361111111111313,1.1208333333332803,0.4510532837669876,0.032404757634858915,1.0027492443797499,58.333333333333336,1.0499999999811,0.3890954151177564,0.0005807909765280783,0.9980609117622761,0
1241,1159.975,0.4361111111111313,0.9555555555557476,1.1208333333332803,0.3890954151177564,0.03592884238304741,1.1118003089856092,55.55555555555556,0.9999999999820001,0.8525402726148337,0.005443930625915527,0.9974982786892563,0
1242,1160.9305555555557,0.9555555555557476,1.2027777777777828,1.1208333333332803,0.8525402726148337,0.03316030190894921,1.0261291893395756,50.0,0.8999999999838,1.073110285006251,9.667039738148198e-12,0.998166761150904,0
1243,1162.1333333333334,1.2027777777777828,1.099999999999909,1.1208333333332803,1.073110285006251,0.03259873687420923,1.0087518362792383,55.55555555555556,0.9999999999820001,0.9814126394051698,5.121425069714904e-18,0.9986171079533992,0
1244,1163.2333333333333,1.099999999999909,1.2333333333333485,1.1138888888888232,0.987531172069802,0.046401254419189804,1.4358639349014124,116.66666666666667,2.0999999999622,1.1072319201995802,0.9947682619094849,0.6688391603197312,1
1245,1164.4666666666667,1.2333333333333485,0.5222222222221262,1.1138888888888232,1.1072319201995802,0.03619544008298785,1.1200500433357616,55.55555555555556,0.9999999999820001,0.468827930174505,8.417399012326348e-18,0.9983095212034587,0
1246,1164.9888888888888,0.5222222222221262,1.3166666666668334,1.1069444444443661,0.4717691342533971,0.05355683531100877,1.6572898567744085,88.88888888888889,1.5999999999712,1.1894604767881896,0.8642629384994507,0.8940828016905603,1
1247,1166.3055555555557,1.3166666666668334,1.2138888888887323,1.1069444444443661,1.1894604767881896,0.037115404739035095,1.1485178959301934,58.333333333333336,1.0499999999811,1.0966122961103502,1.3998807640153415e-16,0.9976033129701982,0
1248,1167.5194444444444,1.2138888888887323,1.0694444444445708,1.1069444444443661,1.0966122961103502,0.03350815180897927,1.0368932329514151,50.0,0.8999999999838,0.9661229611043229,8.46282022354467e-20,0.9988708264462975,0
1249,1168.588888888889,1.0694444444445708,1.244444444444298,1.08472222222224,0.9859154929578469,0.045930681036748605,1.4213022736482965,111.11111111111111,1.9999999999640001,1.1472471190779512,0.9945076107978821,0.6273151471976378,1
1250,1169.8333333333333,1.244444444444298,1.1361111111111768,1.151388888888846,1.0808202653798888,0.02986347157492571,0.9241104005079616,52.77777777777778,0.9499999999829001,0.9867310012063665,2.8446323232527727e-21,0.9990392723489913,0
1251,1170.9694444444444,1.1361111111111768,1.0166666666666515,1.1694444444444798,0.9714964370546586,0.03161076154544894,0.9781794269576362,52.77777777777778,0.9499999999829001,0.8693586698336899,6.4662147777536016e-18,0.9995549550884067,0
1252,1171.986111111111,1.0166666666666515,1.2861111111110404,1.1694444444444798,0.8693586698336899,0.04608928224972166,1.4262101099684596,116.66666666666667,2.0999999999622,1.0997624703086948,0.9935677647590637,0.6276644011635366,1
1253,1173.2722222222221,1.2861111111110404,1.2333333333333485,1.1749999999999545,1.0945626477541193,0.03460538039881987,1.070846430558144,58.333333333333336,1.0499999999811,1.0496453900709755,8.273858195193898e-17,0.9967373566508883,0
1254,1174.5055555555555,1.2333333333333485,1.0,1.2236111111110404,1.0079455164586404,0.033309279824270205,1.0307392374596915,52.77777777777778,0.9499999999829001,0.8172531214529417,3.5420832842043324e-19,0.9988259023225714,0
1255,1175.5055555555555,1.0,1.241666666666788,1.1749999999999545,0.851063829787267,0.040984037420897276,1.268230826427382,127.77777777777777,2.2999999999586,1.0567375886526265,0.9962515234947205,0.6962138654969996,1
1256,1176.7472222222223,1.241666666666788,1.1222222222222626,1.2236111111110404,1.0147559591375017,0.027363649444339118,0.8467546374815798,47.22222222222222,0.8499999999847,0.9171396140750009,4.8610208514006715e-24,0.9965923155024551,0
1257,1177.8694444444445,1.1222222222222626,1.0972222222221717,1.1749999999999545,0.9550827423168562,0.033056876371022344,1.02292873707345,55.55555555555556,0.9999999999820001,0.9338061465720972,2.2507941809592506e-15,0.9992294099092212,0
1258,1178.9666666666667,1.0972222222221717,0.6277777777777374,1.1291666666667197,0.9717097170970805,0.042798640624400655,1.3243828276756398,102.77777777777777,1.8499999999667,0.5559655596555346,0.9922871589660645,0.6447915810507581,1
1259,1179.5944444444444,0.6277777777777374,0.4249999999999545,1.1291666666667197,0.5559655596555346,0.03602183979643782,1.114678068080656,58.333333333333336,1.0499999999811,0.37638376383758043,0.002297306200489402,0.9973174077599074,0
1260,1180.0194444444444,0.4249999999999545,1.0499999999999545,1.1097222222222172,0.38297872340421607,0.031229985752670972,0.966396507832345,52.77777777777778,0.9499999999829001,0.9461827284104765,0.0009140404872596264,0.9974560658802272,0
1261,1181.0694444444443,1.0499999999999545,1.1527777777778283,1.073611111111063,0.9780077619663662,0.030246150089322597,0.9359521984154099,50.0,0.8999999999838,1.0737386804658131,3.155655126313786e-16,0.9973573542400096,0
1262,1182.2222222222222,1.1527777777778283,1.130555555555702,1.1097222222222172,1.0387984981227036,0.03131264785619956,0.9689544458606475,52.77777777777778,0.9499999999829001,1.0187734668336785,4.051705175393978e-18,0.9990924057819446,0
1263,1183.3527777777779,1.130555555555702,1.1611111111110404,1.1097222222222172,1.0187734668336785,0.0279997115627369,0.8664372660569543,47.22222222222222,0.8499999999847,1.046307884856011,1.1921605676894831e-20,0.9968905374140511,0
1264,1184.513888888889,1.1611111111110404,1.1138888888888232,1.1097222222222172,1.046307884856011,0.03139643946261088,0.971547335798634,52.77777777777778,0.9499999999829001,1.0037546933666537,1.4808872851856955e-18,0.9997140346932745,0
1265,1185.6277777777777,1.1138888888888232,1.3722222222222626,1.118055555555543,0.9962732919254184,0.04067097071750532,1.2585431316819338,138.88888888888889,2.499999999955,1.2273291925466339,0.9969947338104248,0.7245495550430003,1
1266,1187.0,1.3722222222222626,0.5222222222221262,1.118055555555543,1.2273291925466339,0.03165142315850581,0.9794376805211246,52.77777777777778,0.9499999999829001,0.4670807453415343,3.331789531941678e-24,0.999536345749608,0
1267,1187.5222222222221,0.5222222222221262,1.3250000000000455,1.1055555555554974,0.4723618090451641,0.048287289225125346,1.4942263518599432,91.66666666666667,1.6499999999703001,1.198492462311662,0.8806065917015076,0.8901321263851537,1
1268,1188.8472222222222,1.3250000000000455,1.1444444444443889,1.1222222222222626,1.1806930693069286,0.03122387476936153,0.9662074064675081,52.77777777777778,0.9499999999829001,1.0198019801979334,1.4426503956774404e-22,0.9985945639980067,0
1269,1189.9916666666666,1.1444444444443889,1.0444444444444798,1.1375000000000455,1.006105006104917,0.0345395758745731,1.068810142007285,50.0,0.8999999999838,0.9181929181929126,3.4102661495923853e-17,0.9988450448402723,0
1270,1191.036111111111,1.0444444444444798,1.3194444444445708,1.1375000000000455,0.9181929181929126,0.04324795320210445,1.33828658381107,138.88888888888889,2.499999999955,1.1599511599512247,0.9972932934761047,0.6779543783062826,1
1271,1192.3555555555556,1.3194444444445708,1.2194444444444343,1.1486111111111086,1.148730350665167,0.037009729501817745,1.1452478278289786,55.55555555555556,0.9999999999820001,1.061668681983065,1.488295618149297e-17,0.9984948853036202,0
1272,1193.575,1.2194444444444343,0.5027777777777374,1.1527777777777146,1.057831325301254,0.030259475229209912,0.9363645382978377,47.22222222222222,0.8499999999847,0.4361445783132418,8.556028765376881e-24,0.9985787573974284,0
1273,1194.0777777777778,0.5027777777777374,1.2666666666666515,1.1527777777777146,0.4361445783132418,0.049886685123015834,1.5437188691669854,91.66666666666667,1.6499999999703001,1.0987951807229386,0.841171145439148,0.9054764771222006,1
1274,1195.3444444444444,1.2666666666666515,1.1944444444443434,1.1819444444444116,1.071680376028219,0.03419093962965261,1.0580217653406028,52.77777777777778,0.9499999999829001,1.0105757931844315,9.95378174141065e-19,0.9989808172523937,0
1275,1196.5388888888888,1.1944444444443434,1.0666666666668334,1.2069444444443889,0.9896432681242426,0.03320261543874597,1.0274385606519256,52.77777777777778,0.9499999999829001,0.8837744533948854,6.702646571468715e-18,0.9988499073187411,0
1276,1197.6055555555556,1.0666666666668334,1.3194444444443434,1.1694444444443661,0.9121140142519851,0.0399803016134458,1.2371707168650705,133.33333333333334,2.3999999999568002,1.1282660332541459,0.9971269965171814,0.6770973505674862,1
1277,1198.925,1.3194444444443434,1.1694444444444798,1.2069444444443889,1.0932105868814397,0.0330800970123128,1.0236472883667629,55.55555555555556,0.9999999999820001,0.9689298043729163,5.497983249599849e-20,0.9990673098082534,0
1278,1200.0944444444444,1.1694444444444798,0.9500000000000455,1.1819444444444116,0.9894242068155685,0.032515678581693935,1.0061816383781255,50.0,0.8999999999838,0.8037602820212124,3.037330436594115e-19,0.9984963709694231,0
1279,1201.0444444444445,0.9500000000000455,1.3444444444444343,1.1819444444444116,0.8037602820212124,0.036431253603228776,1.1273471764265441,138.88888888888889,2.499999999955,1.1374853113983778,0.9972903728485107,0.6547870701277381,1
1280,1202.388888888889,1.3444444444444343,1.211111111110995,1.2069444444443889,1.1139240506329544,0.029876324473246965,0.9245081271080168,50.0,0.8999999999838,1.003452243958523,1.3826645920290933e-23,0.9968485458792007,0
1281,1203.6,1.211111111110995,1.2277777777778738,1.2027777777776691,1.006928406466507,0.03454519809111157,1.068984118725433,55.55555555555556,0.9999999999820001,1.0207852193997102,1.3735754146845303e-15,0.9965576668963697,0
1282,1204.8277777777778,1.2277777777778738,1.7888888888887777,1.2027777777776691,1.0207852193997102,0.03333416633911555,1.0315093383886234,52.77777777777778,0.9499999999829001,1.487297921478102,1.8713433851558908e-13,0.9983286217595455,0
1283,1206.6166666666666,1.7888888888887777,1.1388888888889142,1.2194444444444343,1.4669703872436568,0.030476388255636328,0.9430768049284398,50.0,0.8999999999838,0.9339407744875,2.3477744592790453e-34,0.999808698758826,0
1284,1207.7555555555555,1.1388888888889142,1.0305555555555657,1.2027777777776691,0.9468822170901758,0.030611816895336808,0.9472675773963983,50.0,0.8999999999838,0.85681293302549,3.3882961911639463e-19,0.9997174468342802,0
1285,1208.786111111111,1.0305555555555657,1.3527777777778738,1.1902777777777374,0.865810968494787,0.040745679736589754,1.2608549654342307,133.33333333333334,2.3999999999568002,1.136522753792418,0.9972854852676392,0.6999752448901089,1
1286,1210.138888888889,1.3527777777778738,1.1861111111111313,1.2194444444444343,1.1093394077449625,0.031578085307897706,0.9771682769011264,52.77777777777778,0.9499999999829001,0.972665148063806,2.645829126256197e-22,0.9984185776209029,0
1287,1211.325,1.1861111111111313,1.133333333333212,1.198611111111063,0.9895712630359776,0.030639657771936474,0.9481290995928536,50.0,0.8999999999838,0.945538818076414,7.302283885428212e-20,0.9995223101101331,0
1288,1212.4583333333333,1.133333333333212,0.9888888888890506,1.198611111111063,0.945538818076414,0.035360731289770325,1.0942203913720754,52.77777777777778,0.9499999999829001,0.825028968713957,1.896761937577739e-15,0.9986596141317035,0
1289,1213.4472222222223,0.9888888888890506,1.2944444444442524,1.198611111111063,0.825028968713957,0.04418780109513738,1.3673697133684677,122.22222222222223,2.1999999999604003,1.0799536500578204,0.9945685863494873,0.6543331771304358,1
1290,1214.7416666666666,1.2944444444442524,2.0194444444446162,1.198611111111063,1.0799536500578204,0.03150284918411245,0.9748401321538078,52.77777777777778,0.9499999999829001,1.6848203939747184,3.075216811884371e-14,0.9994166774715285,0
1291,1216.7611111111112,2.0194444444446162,1.125,1.2069444444445026,1.673187571921811,0.03381308571584284,1.0463292623190374,52.77777777777778,0.9499999999829001,0.9321058688146847,8.889989560217151e-36,0.998669243783299,0
1292,1217.8861111111112,1.125,1.1861111111111313,1.1625000000000227,0.967741935483852,0.035188001809770685,1.0888753627962275,52.77777777777778,0.9499999999829001,1.0203106332138565,1.5840522388796754e-14,0.9989822297214228,0
1293,1219.0722222222223,1.1861111111111313,0.9527777777777828,1.1625000000000227,1.0203106332138565,0.029400293632149205,0.9097775874881573,50.0,0.8999999999838,0.8195937873357111,8.310308091285835e-22,0.9990974356365597,0
1294,1220.025,0.9527777777777828,0.6888888888888687,1.1597222222221717,0.821556886227585,0.035701932885525485,1.1047787064867858,133.33333333333334,2.3999999999568002,0.5940119760479127,0.9925426244735718,0.6395248257621676,1
1295,1220.713888888889,0.6888888888888687,0.45833333333325754,1.1597222222221717,0.5940119760479127,0.03186930313975105,0.9861798690917348,55.55555555555556,0.9999999999820001,0.39520958083827523,1.8093667677021585e-05,0.9957507383419779,0
1296,1221.1722222222222,0.45833333333325754,1.0611111111111313,1.129166666666606,0.4059040590405451,0.038373828623695275,1.1874592024405366,66.66666666666667,1.1999999999784001,0.9397293972940413,0.2000129520893097,0.9888970377439114,0
1297,1222.2333333333333,1.0611111111111313,1.1777777777776919,1.0930555555555657,0.9707750952986118,0.034368627096353,1.0635202163698398,52.77777777777778,0.9499999999829001,1.0775095298601403,2.2453337745944463e-13,0.9980717789728325,0
1298,1223.411111111111,1.1777777777776919,1.183333333333394,1.0930555555555657,1.0775095298601403,0.03941466853704886,1.2196674802618415,86.11111111111111,1.5499999999721001,1.0825921219822563,0.9161807894706726,0.5970803242127803,1
1299,1224.5944444444444,1.183333333333394,1.1277777777777374,1.151388888888846,1.0277442702051574,0.029758147383380725,0.9208511953419575,50.0,0.8999999999838,0.9794933655006046,1.4612063125805405e-20,0.9988666261888195,0
1300,1225.7222222222222,1.1277777777777374,1.0972222222221717,1.1263888888888687,1.0012330456226701,0.029023136294148783,0.8981066396614911,50.0,0.8999999999838,0.9741060419235238,7.537475244266619e-20,0.9991165511166666,0
1301,1226.8194444444443,1.0972222222221717,1.3055555555556566,1.1111111111110858,0.987499999999977,0.04512556019935291,1.3963882063860114,116.66666666666667,2.0999999999622,1.1750000000001177,0.9957875609397888,0.6529223973603033,1
1302,1228.125,1.3055555555556566,0.5138888888889142,1.1124999999999545,1.173533083645582,0.02841808805869979,0.8793837203992554,47.22222222222222,0.8499999999847,0.461922596754099,4.8908482492208536e-27,0.9981372353094501,0
1303,1228.638888888889,0.5138888888889142,1.283333333333303,1.0791666666666515,0.4761904761905063,0.05109112352933407,1.58098962167335,97.22222222222223,1.7499999999685,1.1891891891891777,0.8842738270759583,0.8897014566577499,1
1304,1229.9222222222222,1.283333333333303,1.163888888889005,1.1124999999999545,1.1535580524344768,0.03533114240342451,1.0933047778760687,55.55555555555556,0.9999999999820001,1.046192259675553,3.8117173322255e-18,0.9983567721953387,0
1305,1231.0861111111112,1.163888888889005,1.0166666666666515,1.1458333333333712,1.0157575757576436,0.029583632289336595,0.9154509118200908,47.22222222222222,0.8499999999847,0.8872727272726847,1.3469217587974106e-21,0.9985372710770274,0
1306,1232.1027777777779,1.0166666666666515,1.3305555555555202,1.1458333333333712,0.8872727272726847,0.043937520224820704,1.3596248952642649,130.55555555555554,2.3499999999576997,1.1612121212120519,0.9971106052398682,0.6907262602998563,1
1307,1233.4333333333334,1.3305555555555202,1.1972222222220807,1.1708333333333485,1.136417556346337,0.03501817916858449,1.083620284913934,55.55555555555556,0.9999999999820001,1.022538552787529,3.7389739834830325e-19,0.9987419523825676,0
1308,1234.6305555555555,1.1972222222220807,1.0694444444445708,1.1736111111111995,1.0201183431950689,0.031838320862164454,0.9852211377909426,52.77777777777778,0.9499999999829001,0.9112426035503348,8.0068182993110315e-19,0.9976460308761315,0
1309,1235.7,1.0694444444445708,0.5499999999999545,1.1458333333333712,0.9333333333334127,0.04153018341007492,1.2851310447268018,113.88888888888889,2.0499999999631,0.4799999999999444,0.9941845536231995,0.6482174629958568,1
1310,1236.25,0.5499999999999545,1.3250000000000455,1.1305555555555884,0.4864864864864321,0.03481631739064975,1.0773737717452792,52.77777777777778,0.9499999999829001,1.1719901719901782,0.03324940800666809,0.9978465839290618,0
1311,1237.575,1.3250000000000455,1.224999999999909,1.180555555555543,1.1223529411765212,0.03054439273118869,0.945181169887529,52.77777777777778,0.9499999999829001,1.0376470588234634,4.59671193225554e-22,0.9986211603064175,0
1312,1238.8,1.224999999999909,1.2333333333333485,1.180555555555543,1.0376470588234634,0.03672287347662658,1.1363712095944762,55.55555555555556,0.9999999999820001,1.0447058823529651,4.230103290895184e-15,0.9983992822650006,0
1313,1240.0333333333333,1.2333333333333485,1.0444444444444798,1.211111111110995,1.0183486238533213,0.03011898950356607,0.9320172767992989,50.0,0.8999999999838,0.8623853211010294,1.965299548275732e-21,0.9969313002582929,0
1314,1241.0777777777778,1.0444444444444798,0.6111111111110858,1.180555555555543,0.8847058823529806,0.04400529832029892,1.3617222550036003,116.66666666666667,2.0999999999622,0.5176470588235136,0.9952353835105896,0.6490074603104403,1
1315,1241.6888888888889,0.6111111111110858,1.3944444444443889,1.1333333333333258,0.5392156862744911,0.03291846764041476,1.0186457471620238,55.55555555555556,0.9999999999820001,1.2303921568627043,0.020306725054979324,0.9978341707488101,0
1316,1243.0833333333333,1.3944444444443889,1.150000000000091,1.211111111110995,1.1513761467890553,0.029998887508528686,0.9283007797919989,50.0,0.8999999999838,0.9495412844038359,1.9917262440418752e-25,0.997638849196747,0
1317,1244.2333333333333,1.150000000000091,1.2277777777778738,1.1736111111110858,0.9798816568048323,0.03167429810002934,0.9801455343056342,52.77777777777778,0.9499999999829001,1.0461538461539506,8.011287245967926e-17,0.999536092639826,0
1318,1245.4611111111112,1.2277777777778738,1.0472222222222172,1.1875,1.0339181286550516,0.030675147393683894,0.9492273084358744,52.77777777777778,0.9499999999829001,0.8818713450292355,1.728902153641874e-20,0.9984853240272626,0
1319,1246.5083333333334,1.0472222222222172,1.3333333333332575,1.1875,0.8818713450292355,0.03905917648693333,1.2086669540843864,133.33333333333334,2.3999999999568002,1.1228070175437959,0.9972284436225891,0.7115534618292473,1
1320,1247.8416666666667,1.3333333333332575,1.1222222222222626,1.2263888888888914,1.087202718006731,0.027205805255128526,0.8418702268884145,47.22222222222222,0.8499999999847,0.9150622876557503,1.1870788146229519e-26,0.9965384637350354,0
1321,1248.963888888889,1.1222222222222626,1.0222222222221262,1.1875,0.9450292397661159,0.03207486322411357,0.9925408245289518,52.77777777777778,0.9499999999829001,0.8608187134502115,8.015383444361288e-17,0.9978116535216978,0
1322,1249.986111111111,1.0222222222221262,1.3638888888888232,1.1361111111111768,0.8997555012223574,0.037660897295741964,1.1653978940840501,136.11111111111111,2.4499999999559003,1.200488997554885,0.997836172580719,0.729670666849466,1
1323,1251.35,1.3638888888888232,1.2194444444444343,1.1361111111111768,1.200488997554885,0.03203483908741597,0.9913022973570251,52.77777777777778,0.9499999999829001,1.0733496332517627,1.5844114771360426e-22,0.9994543899065045,0
1324,1252.5694444444443,1.2194444444444343,1.8944444444446162,1.1847222222222626,1.0293083235638485,0.02883851298236652,0.8923935623266556,50.0,0.8999999999838,1.599062133646046,1.575701298701048e-15,0.9993153386057818,0
1325,1254.463888888889,1.8944444444446162,1.0972222222221717,1.223611111111154,1.5482406356414027,0.02848769731196638,0.881537744413304,47.22222222222222,0.8499999999847,0.8967082860385197,1.7079165813037303e-38,0.9967271527411982,0
1326,1255.5611111111111,1.0972222222221717,1.961111111110995,1.1847222222222626,0.9261430246189175,0.030166169078599012,0.9334772254817587,50.0,0.8999999999838,1.6553341148884737,3.023165051629917e-11,0.999139972888255,0
1327,1257.5222222222221,1.961111111110995,1.2333333333333485,1.223611111111154,1.6027241770713585,0.03104946661350916,0.9608104320952481,52.77777777777778,0.9499999999829001,1.007945516458547,4.14167935545426e-36,0.9998109690240887,0
1328,1258.7555555555555,1.2333333333333485,0.908333333333303,1.2263888888888914,1.0056625141562956,0.03577722379998771,1.1071085467045827,55.55555555555556,0.9999999999820001,0.7406568516421028,5.396568667943315e-17,0.9991680025651457,0
1329,1259.6638888888888,0.908333333333303,1.400000000000091,1.2263888888888914,0.7406568516421028,0.036823560227189585,1.1394869114362791,172.22222222222223,3.0999999999442003,1.1415628539072067,0.9956828355789185,0.6163482857542639,1
1330,1261.0638888888889,1.400000000000091,1.1972222222223081,1.2263888888888914,1.1415628539072067,0.030592266391581552,0.9466625966991584,50.0,0.8999999999838,0.9762174405436694,4.098622482460525e-25,0.999626625963385,0
1331,1262.2611111111112,1.1972222222223081,1.191666666666606,1.2263888888888914,0.9762174405436694,0.03408710872213005,1.0548087691122492,50.0,0.8999999999838,0.9716874292185216,3.822071730979255e-17,0.9969042636041324,0
1332,1263.4527777777778,1.191666666666606,1.9833333333333485,1.2263888888888914,0.9716874292185216,0.035506923370393496,1.098744233211321,52.77777777777778,0.9499999999829001,1.6172140430351165,3.616835164699239e-10,0.9988284376476204,0
1333,1265.4361111111111,1.9833333333333485,1.1388888888889142,1.2263888888888914,1.6172140430351165,0.031069180641823707,0.961420472979332,52.77777777777778,0.9499999999829001,0.9286523216308228,8.310910615319342e-37,0.9980983564564863,0
1334,1266.575,1.1388888888889142,0.8805555555554747,1.2152777777778283,0.937142857142839,0.03156696901231598,0.9768242886164282,50.0,0.8999999999838,0.7245714285713319,7.439299503808173e-19,0.9974861366478194,0
1335,1267.4555555555555,0.8805555555554747,1.4388888888888687,1.194444444444457,0.737209302325506,0.03986406714323608,1.2335738985062659,183.33333333333334,3.2999999999406002,1.204651162790668,0.9964639544487,0.5614238185818418,1
1336,1268.8944444444444,1.4388888888888687,1.2388888888890506,1.2152777777778283,1.1839999999999342,0.031183466291343276,0.9649569860429543,52.77777777777778,0.9499999999829001,1.0194285714286622,1.5696288864153613e-24,0.9989055789840986,0
1337,1270.1333333333334,1.2388888888890506,1.158333333333303,1.2152777777778283,1.0194285714286622,0.03260819390863,1.0090444795455868,52.77777777777778,0.9499999999829001,0.9531428571427926,7.678201155434793e-19,0.9985275095343505,0
1338,1271.2916666666667,1.158333333333303,0.9833333333333485,1.194444444444457,0.9697674418604295,0.032951972298521794,1.0196825322840912,50.0,0.8999999999838,0.8232558139534923,2.1454186501093853e-18,0.998192033585833,0
1339,1272.275,0.9833333333333485,1.2555555555554747,1.194444444444457,0.8232558139534923,0.03850450485792808,1.1915029140649795,133.33333333333334,2.3999999999568002,1.0511627906975956,0.9962255954742432,0.7048976230853214,1
1340,1273.5305555555556,1.2555555555554747,1.8611111111110858,1.194444444444457,1.0511627906975956,0.032527419772057135,1.0065449637236652,50.0,0.8999999999838,1.5581395348836833,1.2995061739195807e-14,0.9982811973181865,0
1341,1275.3916666666667,1.8611111111110858,1.241666666666788,1.2152777777778283,1.531428571428487,0.0321037954600355,0.9934361183014231,52.77777777777778,0.9499999999829001,1.021714285714343,3.551461205395882e-33,0.999079601080545,0
1342,1276.6333333333334,1.241666666666788,1.1361111111109494,1.2402777777779193,1.001119820828651,0.03160637400417817,0.9780436566567586,52.77777777777778,0.9499999999829001,0.9160134378497091,2.1349102510050882e-19,0.9980697322544958,0
1343,1277.7694444444444,1.1361111111109494,0.9722222222221717,1.1986111111111768,0.9478563151794192,0.030336264763846585,0.938740752577878,50.0,0.8999999999838,0.8111239860949307,1.6970160858620593e-19,0.9992253358769361,0
1344,1278.7416666666666,0.9722222222221717,1.208333333333485,1.1986111111111768,0.8111239860949307,0.04544628545692621,1.406312891313732,122.22222222222223,2.1999999999604003,1.0081112398610215,0.9914842247962952,0.607341030277077,1
1345,1279.95,1.208333333333485,1.2527777777777374,1.2236111111112677,0.9875141884222449,0.03102976175841934,0.9602006750720795,52.77777777777778,0.9499999999829001,1.0238365493755452,2.7697028185462716e-18,0.99912265091024,0
1346,1281.2027777777778,1.2527777777777374,0.9277777777776919,1.2236111111112677,1.0238365493755452,0.0343081411647632,1.06164850904585,52.77777777777778,0.9499999999829001,0.7582292849033515,3.5997163179021403e-19,0.9982731905254179,0
1347,1282.1305555555555,0.9277777777776919,1.3972222222223536,1.183333333333394,0.7840375586853332,0.041038847756325686,1.2699269052271172,177.77777777777777,3.1999999999424,1.1807511737089706,0.9970406889915466,0.5906383743877442,1
1348,1283.5277777777778,1.3972222222223536,1.8111111111111313,1.2250000000001364,1.140589569160978,0.02841837155595084,0.8793924930818805,47.22222222222222,0.8499999999847,1.4784580498864732,1.6605510442869774e-21,0.9978819496859612,0
1349,1285.338888888889,1.8111111111111313,1.1388888888889142,1.2472222222222626,1.4521158129175638,0.02996755404911577,0.927331181342779,50.0,0.8999999999838,0.9131403118039996,7.663273817919781e-35,0.996779053154288,0
1350,1286.4777777777779,1.1388888888889142,1.2416666666665606,1.2250000000001364,0.9297052154194182,0.03283857990347711,1.0161736605396796,52.77777777777778,0.9499999999829001,1.0136054421766711,1.3639263329867646e-15,0.9988958064597717,0
1351,1287.7194444444444,1.2416666666665606,1.0444444444444798,1.2250000000000227,1.0136054421767653,0.029825231808746088,0.922927089801739,52.77777777777778,0.9499999999829001,0.85260770975058,3.059748355975752e-21,0.9991481825438169,0
1352,1288.763888888889,1.0444444444444798,1.2527777777777374,1.1736111111111995,0.8899408284023299,0.0441893668295975,1.3674181642491832,119.44444444444444,2.1499999999613,1.0674556213016604,0.9944998025894165,0.6643086808766803,1
1353,1290.0166666666667,1.2527777777777374,1.8333333333332575,1.2250000000000227,1.0226757369613992,0.02984243362361001,0.9234593914795087,47.22222222222222,0.8499999999847,1.4965986394556927,5.4473449844087604e-17,0.9978311604973471,0
1354,1291.85,1.8333333333332575,1.2000000000000455,1.247222222222149,1.4699331848552595,0.03646680232353995,1.1284472140454755,55.55555555555556,0.9999999999820001,0.9621380846326096,9.907169456074919e-30,0.9976953601658591,0
1355,1293.05,1.2000000000000455,1.208333333333485,1.247222222222149,0.9621380846326096,0.029129828133806643,0.9014081660238829,50.0,0.8999999999838,0.9688195991093098,2.1347054914917387e-20,0.999301869373354,0
1356,1294.2583333333334,1.208333333333485,1.027777777777601,1.2250000000000227,0.9863945578232347,0.037220726940436794,1.151777039512195,55.55555555555556,0.9999999999820001,0.8390022675735362,7.238514021306545e-15,0.9979106906614204,0
1357,1295.286111111111,1.027777777777601,1.2250000000001364,1.2250000000000227,0.8390022675735362,0.0372992624495668,1.154207282111892,122.22222222222223,2.1999999999604003,1.0000000000000928,0.995073139667511,0.7586113652194857,1
1358,1296.5111111111112,1.2250000000001364,1.1361111111109494,1.2166666666668107,1.006849315068486,0.030571363330863004,0.9460157617937123,50.0,0.8999999999838,0.9337899543376561,1.0177115692350308e-20,0.9988621543939307,0
1359,1297.6472222222221,1.1361111111109494,0.933333333333394,1.2041666666667652,0.943483275662995,0.026852430873611492,0.8309352309213969,44.44444444444444,0.7999999999856,0.7750865051902983,1.4036456099808944e-23,0.9977889018694147,0
1360,1298.5805555555555,0.933333333333394,1.380555555555702,1.2041666666667652,0.7750865051902983,0.03912253344571896,1.2106275039290841,125.0,2.2499999999595,1.146482122260697,0.9959599375724792,0.6780180916008182,1
1361,1299.9611111111112,1.380555555555702,1.1638888888887777,1.2041666666667652,1.146482122260697,0.03077461879193309,0.9523054017996858,50.0,0.8999999999838,0.9665513264127467,1.2581519897618892e-24,0.9982914742285545,0
1362,1301.125,1.1638888888887777,0.9611111111112223,1.2041666666667652,0.9665513264127467,0.03497789164263722,1.0823736072915686,55.55555555555556,0.9999999999820001,0.79815455594005,1.0290116232247824e-15,0.9992340316156749,0
1363,1302.0861111111112,0.9611111111112223,1.2555555555554747,1.1819444444444116,0.8131609870741472,0.03768785423338137,1.1662320632253007,133.33333333333334,2.3999999999568002,1.0622796709752842,0.9963364601135254,0.6748700121887476,1
1364,1303.3416666666667,1.2555555555554747,1.1055555555556111,1.1819444444444116,1.0622796709752842,0.032568207340680395,1.0078071149200396,50.0,0.8999999999838,0.9353701527615301,1.3949098867476894e-20,0.9976627934010378,0
1365,1304.4472222222223,1.1055555555556111,1.066666666666606,1.1499999999998636,0.9613526570049933,0.030683792325488447,0.9494948215872582,50.0,0.8999999999838,0.9275362318841153,2.5765408426738075e-18,0.999783118762277,0
1366,1305.513888888889,1.066666666666606,1.2333333333333485,1.1208333333332803,0.9516728624535226,0.04263938112315618,1.3194546209495568,122.22222222222223,2.1999999999604003,1.1003717472119616,0.9963383674621582,0.6919088913972884,1
1367,1306.7472222222223,1.2333333333333485,1.1805555555554292,1.1499999999998636,1.0724637681160825,0.032122587799009866,0.9940176379634126,52.77777777777778,0.9499999999829001,1.0265700483091906,2.9717621558825093e-19,0.9990953578800417,0
1368,1307.9277777777777,1.1805555555554292,0.8722222222222626,1.1499999999998636,1.0265700483091906,0.02799625118798675,0.8663301864668187,47.22222222222222,0.8499999999847,0.7584541062803184,1.1903682290122554e-23,0.9971257129435428,0
1369,1308.8,0.8722222222222626,1.3694444444445253,1.1347222222221944,0.7686658506732491,0.03674717281917515,1.1371231407662525,130.55555555555554,2.3499999999576997,1.2068543451653395,0.9965593218803406,0.6824849130795292,1
1370,1310.1694444444445,1.3694444444445253,1.2000000000000455,1.1722222222221035,1.1682464454978176,0.03368782476439727,1.0424531239498611,50.0,0.8999999999838,1.0236966824645974,1.277215787779773e-22,0.9988789718301658,0
1371,1311.3694444444445,1.2000000000000455,1.0833333333332575,1.1722222222221035,1.0236966824645974,0.03184333342977845,0.9853762492237752,55.55555555555556,0.9999999999820001,0.924170616113773,2.8474267768532855e-18,0.9995390060027081,0
1372,1312.4527777777778,1.0833333333332575,1.2999999999999545,1.1430555555555202,0.9477521263669132,0.045818033189653676,1.417816441573011,113.88888888888889,2.0499999999631,1.1373025516403357,0.9945163130760193,0.6628464062412444,1
1373,1313.7527777777777,1.2999999999999545,1.1555555555555657,1.1902777777777374,1.0921820303383887,0.031663133839361625,0.9798000617650043,52.77777777777778,0.9499999999829001,0.9708284714119434,2.0856757339317218e-21,0.9995910486099706,0
1374,1314.9083333333333,1.1555555555555657,0.9722222222221717,1.1680555555554974,0.9892984542212232,0.028502105449556097,0.8819835971255449,50.0,0.8999999999838,0.8323424494649209,5.276575837849744e-21,0.9960828624399738,0
1375,1315.8805555555555,0.9722222222221717,1.3305555555557476,1.1680555555554974,0.8323424494649209,0.04188248799927823,1.296032936498247,125.0,2.2499999999595,1.1391200951250724,0.9968695044517517,0.6860169965971241,1
1376,1317.2111111111112,1.3305555555557476,1.199999999999818,1.1902777777777374,1.1178529754961153,0.031299066303778086,0.9685341714188017,52.77777777777778,0.9499999999829001,1.0081680280045489,5.971482172325034e-22,0.9986497910091303,0
1377,1318.411111111111,1.199999999999818,1.0694444444445708,1.1902777777776237,1.0081680280046452,0.033505234165213955,1.0368029479039538,58.333333333333336,1.0499999999811,0.8984830805136413,2.191385407621202e-16,0.9987547344889546,0
1378,1319.4805555555556,1.0694444444445708,1.1833333333331666,1.1777777777776919,0.9080188679247018,0.04024741065722572,1.2454362744981629,108.33333333333333,1.9499999999649,1.0047169811320071,0.9903867840766907,0.6389550553018222,1
1379,1320.6638888888888,1.1833333333331666,1.1944444444445708,1.1916666666664923,0.9930069930069984,0.03089068777368859,0.9558970991998865,50.0,0.8999999999838,1.002331002331255,2.9756530066888056e-19,0.9995077649121181,0
1380,1321.8583333333333,1.1944444444445708,1.0222222222221262,1.1888888888888687,1.004672897196385,0.030586453605358395,0.9464827228960987,50.0,0.8999999999838,0.8598130841120833,2.0096588857697356e-20,0.9972022521415678,0
1381,1322.8805555555555,1.0222222222221262,1.3277777777777828,1.1694444444443661,0.8741092636579337,0.04378726529540647,1.3549753305728018,122.22222222222223,2.1999999999604003,1.1353919239905792,0.9964648485183716,0.7186630687104794,1
1382,1324.2083333333333,1.3277777777777828,1.1694444444444798,1.1888888888888687,1.1168224299065652,0.03102908875937888,0.9601798494486666,52.77777777777778,0.9499999999829001,0.9836448598131305,2.0301139758358244e-22,0.9993782227707344,0
1383,1325.3777777777777,1.1694444444444798,1.0305555555555657,1.1763888888888232,0.994096812278716,0.03460048548892436,1.070694959985386,52.77777777777778,0.9499999999829001,0.8760330578512971,8.839991856081521e-17,0.9984381675488091,0
1384,1326.4083333333333,1.0305555555555657,1.1527777777778283,1.1763888888888232,0.8760330578512971,0.043320306269888066,1.3405255138122167,102.77777777777777,1.8499999999667,0.9799291617474413,0.9885147213935852,0.6223563826098543,1
1385,1327.5611111111111,1.1527777777778283,1.2027777777777828,1.1763888888888232,0.9799291617474413,0.036003205634544885,1.1141014431304455,55.55555555555556,0.9999999999820001,1.0224321133412657,5.891139220328898e-14,0.9988434427304407,0
1386,1328.763888888889,1.2027777777777828,1.0722222222223081,1.1763888888888232,1.0224321133412657,0.0304361873026211,0.9418328062627623,50.0,0.8999999999838,0.9114521841795808,5.5795779931209564e-21,0.9997817621202416,0
1387,1329.8361111111112,1.0722222222223081,1.1833333333331666,1.161111111111154,0.9234449760765948,0.04347804916234323,1.3454067898272404,111.11111111111111,1.9999999999640001,1.01913875598068,0.9927055239677429,0.6792722013469531,1
1388,1331.0194444444444,1.1833333333331666,1.1916666666668334,1.1763888888888232,1.005903187721284,0.034868030019728234,1.0789739935496712,52.77777777777778,0.9499999999829001,1.0129870129872114,4.707673595567841e-16,0.9986607664612454,0
1389,1332.2111111111112,1.1916666666668334,0.936111111110904,1.1763888888888232,1.0129870129872114,0.030808672929593488,0.9533591902955527,52.77777777777778,0.9499999999829001,0.7957497048404822,3.570434318088219e-20,0.9991427779449954,0
1390,1333.1472222222221,0.936111111110904,1.3027777777779193,1.161111111111154,0.8062200956935717,0.040505130488719565,1.2534112875874177,130.55555555555554,2.3499999999576997,1.1220095693780707,0.9966101050376892,0.7318028388433284,1
1391,1334.45,1.3027777777779193,1.1805555555554292,1.1763888888888232,1.1074380165291078,0.03030703034750021,0.9378361079811947,52.77777777777778,0.9499999999829001,1.0035419126327705,4.339281753986192e-22,0.9990894951279387,0
1392,1335.6305555555555,1.1805555555554292,1.1222222222222626,1.1749999999999545,1.0047281323876383,0.036552524979845284,1.1310998593701216,55.55555555555556,0.9999999999820001,0.9550827423168562,1.3624735867789287e-14,0.9978378137303046,0
1393,1336.7527777777777,1.1222222222222626,1.275000000000091,1.1666666666666288,0.9619047619048278,0.04339680970537898,1.3428928748952833,108.33333333333333,1.9499999999649,1.0928571428572562,0.9919689297676086,0.6527491485730242,1
1394,1338.0277777777778,1.275000000000091,1.1472222222221262,1.181944444444298,1.078730904818072,0.03012463916896083,0.9321921029087681,50.0,0.8999999999838,0.9706227967097923,1.4654024063614628e-22,0.9991186175657252,0
1395,1339.175,1.1472222222221262,1.0111111111111768,1.181944444444298,0.9706227967097923,0.033532334399399205,1.0376415512861479,52.77777777777778,0.9499999999829001,0.8554641598121475,5.436322306438124e-17,0.9991663100403825,0
1396,1340.1861111111111,1.0111111111111768,1.4166666666667425,1.1638888888887777,0.868735083532359,0.03620762595964804,1.1204271292794616,133.33333333333334,2.3999999999568002,1.2171837708832363,0.9977438449859619,0.6512863878191073,1
1397,1341.6027777777779,1.4166666666667425,1.186111111110904,1.181944444444298,1.1985898942422808,0.034545937717289595,1.0690070060927603,52.77777777777778,0.9499999999829001,1.0035252643947787,1.2726586961024922e-22,0.9987343413295248,0
1398,1342.7888888888888,1.186111111110904,1.050000000000182,1.1833333333331666,1.0023474178403418,0.032016415953784294,0.990732202572289,52.77777777777778,0.9499999999829001,0.8873239436622505,1.0094113966306036e-18,0.9993211077531599,0
1399,1343.838888888889,1.050000000000182,1.158333333333303,1.1638888888887777,0.9021479713606243,0.04230769489359244,1.3091907541490715,102.77777777777777,1.8499999999667,0.9952267303103315,0.9890040755271912,0.6374452990081889,1
1400,1344.9972222222223,1.158333333333303,1.1722222222222172,1.1694444444443661,0.9904988123515843,0.030368602221312446,0.9397414192517176,50.0,0.8999999999838,1.0023752969121769,3.5331362919038057e-19,0.9996958827994846,0
1401,1346.1694444444445,1.1722222222222172,1.0111111111111768,1.16527777777776,1.0059594755661612,0.028909740329724386,0.8945976574643844,47.22222222222222,0.8499999999847,0.8676996424315355,3.0283941011102203e-22,0.9988179018447639,0
1402,1347.1805555555557,1.0111111111111768,1.4055555555555657,1.1527777777777146,0.8771084337350448,0.038629806113119426,1.1953802996136929,141.66666666666666,2.5499999999541,1.2192771084338105,0.9983062744140625,0.728357718595884,1
1403,1348.5861111111112,1.4055555555555657,1.1027777777776464,1.16527777777776,1.2061978545888232,0.029541996580964007,0.9141625153574394,52.77777777777778,0.9499999999829001,0.9463647199045501,5.059672494806719e-26,0.9991571000975934,0
1404,1349.6888888888889,1.1027777777776464,1.0027777777777374,1.1527777777777146,0.9566265060240349,0.029706793511745225,0.9192620751097148,50.0,0.8999999999838,0.8698795180723018,4.47001837277544e-19,0.9990913422702821,0
1405,1350.6916666666666,1.0027777777777374,1.2250000000001364,1.1305555555554747,0.8869778869779147,0.04261801639822256,1.3187935000726483,113.88888888888889,2.0499999999631,1.0835380835382817,0.9948737025260925,0.648148998205225,1
1406,1351.9166666666667,1.2250000000001364,1.191666666666606,1.16527777777776,1.0512514898690246,0.03327908247350303,1.0298047953322342,55.55555555555556,0.9999999999820001,1.0226460071513341,2.5672804316391844e-17,0.9987504461061121,0
1407,1353.1083333333333,1.191666666666606,1.0750000000000455,1.16527777777776,1.0226460071513341,0.03117584603658576,0.9647211810174645,52.77777777777778,0.9499999999829001,0.9225268176401007,3.4551902873011096e-19,0.998239047541765,0
1408,1354.1833333333334,1.0750000000000455,1.2777777777778283,1.1305555555554747,0.950859950860059,0.04345674517384259,1.3447475484092979,111.11111111111111,1.9999999999640001,1.1302211302212557,0.993503987789154,0.601810535342105,1
1409,1355.4611111111112,1.2777777777778283,1.1111111111110858,1.16527777777776,1.0965435041716929,0.028193708976334938,0.8724404203495756,47.22222222222222,0.8499999999847,0.9535160905840214,5.026796716581633e-25,0.9975996105642402,0
1410,1356.5722222222223,1.1111111111110858,0.9861111111110858,1.1416666666666515,0.9732360097323509,0.02995994878957357,0.927095840336832,50.0,0.8999999999838,0.8637469586374589,2.751661802591337e-19,0.9989400461880786,0
1411,1357.5583333333334,0.9861111111110858,1.336111111110995,1.1069444444443661,0.8908406524467153,0.039893844139832914,1.2344953329812225,116.66666666666667,2.0999999999622,1.2070263488080106,0.9975847005844116,0.7110643704302483,1
1412,1358.8944444444444,1.336111111110995,1.2638888888889142,1.151388888888846,1.1604342581422826,0.037145848381966565,1.1494599594472141,58.333333333333336,1.0499999999811,1.097708082026601,9.809083574524146e-17,0.9979285836565497,0
1413,1360.1583333333333,1.2638888888889142,1.025000000000091,1.151388888888846,1.097708082026601,0.028241638145558218,0.8739235648545878,47.22222222222222,0.8499999999847,0.8902291917974584,4.255378512051189e-25,0.9968884275591255,0
1414,1361.1833333333334,1.025000000000091,1.211111111110995,1.151388888888846,0.8902291917974584,0.03906936001025821,1.2089820781915996,158.33333333333334,2.8499999999487002,1.0518697225572362,0.9779316782951355,0.2956425750016637,1
1415,1362.3944444444444,1.211111111110995,1.158333333333303,1.2013888888888005,1.0080924855491105,0.029712042242486157,0.9194244944940451,50.0,0.8999999999838,0.9641618497110284,6.264990026881339e-21,0.9994677236933649,0
1416,1363.5527777777777,1.158333333333303,0.9944444444445253,1.1749999999999545,0.9858156028368917,0.03156589594726402,0.9767910831475848,52.77777777777778,0.9499999999829001,0.8463356973996288,1.1108100912494977e-18,0.9997563421762199,0
1417,1364.5472222222222,0.9944444444445253,1.3055555555556566,1.1347222222221944,0.8763769889841808,0.04491955033271607,1.3900133326581288,122.22222222222223,2.1999999999604003,1.1505507955937524,0.996538519859314,0.6657284195009826,1
1418,1365.8527777777779,1.3055555555556566,1.1611111111110404,1.184722222222149,1.101992966002498,0.029690987072630817,0.9187729526463746,50.0,0.8999999999838,0.9800703399765542,1.723947118872144e-23,0.9986789785082328,0
1419,1367.013888888889,1.1611111111110404,1.058333333333394,1.1597222222221717,1.0011976047904019,0.035640192188754874,1.102868171073072,55.55555555555556,0.9999999999820001,0.9125748502994933,3.90329172182311e-15,0.9988078271471788,0
1420,1368.0722222222223,1.058333333333394,1.152777777777601,1.1597222222221717,0.9125748502994933,0.04280972212480343,1.3247257392406848,113.88888888888889,2.0499999999631,0.994011976047795,0.993608832359314,0.6823567645660593,1
1421,1369.225,1.152777777777601,1.2611111111111768,1.1597222222221717,0.994011976047795,0.03560925148345801,1.101910726206284,52.77777777777778,0.9499999999829001,1.0874251497007028,2.063181846504933e-14,0.9985145432712799,0
1422,1370.486111111111,1.2611111111111768,1.3388888888889596,1.1597222222221717,1.0874251497007028,0.03144680493190147,0.9731058704077508,52.77777777777778,0.9499999999829001,1.1544910179641832,5.457010796661596e-19,0.9995253781383433,0
1423,1371.825,1.3388888888889596,1.191666666666606,1.1597222222221717,1.1544910179641832,0.0311916477813479,0.9652101582163889,52.77777777777778,0.9499999999829001,1.0275449101796332,1.3817426345119434e-22,0.9994327507272867,0
1424,1373.0166666666667,1.191666666666606,1.1694444444444798,1.1763888888888232,1.012987012987018,0.029961703860757246,0.9271501501490854,52.77777777777778,0.9499999999829001,0.994096812278716,2.209496092863229e-19,0.9993232965101518,0
1425,1374.1861111111111,1.1694444444444798,1.1861111111111313,1.16527777777776,1.0035756853397357,0.0299894044162906,0.928007330179344,50.0,0.8999999999838,1.0178784266984833,1.3363393601478263e-19,0.9996232887061774,0
1426,1375.3722222222223,1.1861111111111313,1.1694444444444798,1.1777777777778056,1.0070754716981065,0.026503978515197858,0.820152544531984,44.44444444444444,0.7999999999856,0.9929245283018934,6.493979885717628e-24,0.9967868542245566,0
1427,1376.5416666666667,1.1694444444444798,1.283333333333303,1.1777777777778056,0.9929245283018934,0.03669305709439171,1.1354485563503738,55.55555555555556,0.9999999999820001,1.0896226415093826,1.964689126448746e-13,0.9987826832340738,0
1428,1377.825,1.283333333333303,1.2083333333332575,1.1777777777778056,1.0896226415093826,0.030710018752157,0.9503063854267724,55.55555555555556,0.9999999999820001,1.0259433962263265,4.697581963143372e-20,0.9983769013898166,0
1429,1379.0333333333333,1.2083333333332575,1.1333333333334394,1.1888888888888687,1.0163551401868693,0.03589226158879236,1.110668334347459,52.77777777777778,0.9499999999829001,0.9532710280374886,2.650322681520159e-16,0.9978827802124156,0
1430,1380.1666666666667,1.1333333333334394,1.125,1.1888888888888687,0.9532710280374886,0.031883687848683215,0.9866249968157216,50.0,0.8999999999838,0.9462616822430068,1.8915359097293023e-17,0.9975259755409632,0
1431,1381.2916666666667,1.125,1.2361111111110858,1.1888888888888687,0.9462616822430068,0.03135143726451267,0.970154764971631,52.77777777777778,0.9499999999829001,1.0397196261682207,2.999213170214041e-16,0.9994672078308301,0
1432,1382.5277777777778,1.2361111111110858,1.2000000000000455,1.1888888888888687,1.0397196261682207,0.030105012745887907,0.9315847729256831,50.0,0.8999999999838,1.0093457943925788,6.075850817735827e-21,0.998472741725174,0
1433,1383.7277777777779,1.2000000000000455,1.2305555555553838,1.1888888888888687,1.0093457943925788,0.03103976833176862,0.9605103235495619,52.77777777777778,0.9499999999829001,1.0350467289718357,1.981495027348833e-18,0.9994091158706546,0
1434,1384.9583333333333,1.2305555555553838,1.1555555555555657,1.1930555555555884,1.0314318975551244,0.029538549145756546,0.9140558361750711,50.0,0.8999999999838,0.9685681024446849,2.3837162191663585e-21,0.9976542604234411,0
1435,1386.1138888888888,1.1555555555555657,1.1388888888889142,1.1930555555555884,0.9685681024446849,0.030543350683677233,0.9451489242411799,50.0,0.8999999999838,0.9545983701978994,4.276921847568944e-19,0.9996728153623926,0
1436,1387.2527777777777,1.1388888888889142,1.1555555555555657,1.1847222222222626,0.9613130128956509,0.028659191105489475,0.8868445352805227,50.0,0.8999999999838,0.9753810082063058,2.8932037791325826e-19,0.9962754954060598,0
1437,1388.4083333333333,1.1555555555555657,1.2694444444443889,1.1777777777778056,0.9811320754716836,0.03525318462226348,1.090892412783461,52.77777777777778,0.9499999999829001,1.0778301886791726,1.7834315973888973e-14,0.9979107449864429,0
1438,1389.6777777777777,1.2694444444443889,1.2250000000001364,1.1777777777778056,1.0778301886791726,0.030167889807605507,0.9335304725922752,52.77777777777778,0.9499999999829001,1.040094339622733,7.940259372880666e-21,0.9988273402929082,0
1439,1390.9027777777778,1.2250000000001364,1.1805555555554292,1.1777777777778056,1.040094339622733,0.032189092793319087,0.9960756022149122,52.77777777777778,0.9499999999829001,1.0023584905659069,6.383251457446677e-19,0.9993986119818828,0
1440,1392.0833333333333,1.1805555555554292,1.175000000000182,1.1902777777777374,0.9918319719952601,0.028436391446947103,0.8799501097221256,47.22222222222222,0.8499999999847,0.9871645274214232,9.34666836261255e-22,0.9990741043947022,0
1441,1393.2583333333334,1.175000000000182,1.2055555555555202,1.1902777777777374,0.9871645274214232,0.029224805041563592,0.9043471795959009,50.0,0.8999999999838,1.0128354725787678,8.157356640495616e-20,0.9987690859821838,0
1442,1394.463888888889,1.2055555555555202,1.2305555555553838,1.1902777777777374,1.0128354725787678,0.02920020531081092,0.9035859530592874,52.77777777777778,0.9499999999829001,1.0338389731620845,1.333721721250008e-19,0.99898916503588,0
1443,1395.6944444444443,1.2305555555553838,1.216666666666697,1.1930555555554747,1.0314318975552228,0.029857259300227465,0.9239181647310507,50.0,0.8999999999838,1.0197904540163925,5.775080596090087e-21,0.9995864277271818,0
1444,1396.911111111111,1.216666666666697,1.158333333333303,1.1930555555554747,1.0197904540163925,0.03337077539171217,1.0326421874672176,50.0,0.8999999999838,0.9708963911525433,7.805514074476478e-19,0.998704260325761,0
1445,1398.0694444444443,1.158333333333303,1.1222222222222626,1.1930555555554747,0.9708963911525433,0.02969169477401057,0.9187948521165631,50.0,0.8999999999838,0.9406286379512036,9.935150015100775e-20,0.9991880717089152,0
1446,1399.1916666666666,1.1222222222222626,1.2111111111112223,1.1930555555554747,0.9406286379512036,0.032831222386549876,1.0159459858067768,50.0,0.8999999999838,1.0151338766008604,4.763929288759735e-16,0.998105736653278,0
1447,1400.4027777777778,1.2111111111112223,1.25,1.2083333333333712,1.0022988505747732,0.032409876020094576,1.0029076302867004,52.77777777777778,0.9499999999829001,1.0344827586206573,1.055875041536381e-17,0.9993923508582401,0
1448,1401.6527777777778,1.25,1.1861111111111313,1.2083333333333712,1.0344827586206573,0.029241594151849747,0.9048667103340399,50.0,0.8999999999838,0.9816091954022848,4.345874864105412e-22,0.9993558923710667,0
1449,1402.838888888889,1.1861111111111313,1.1444444444443889,1.1958333333333258,0.9918699186992102,0.030483446158013672,0.9432952082368533,50.0,0.8999999999838,0.9570267131242337,6.330095280320371e-20,0.9996641229958652,0
1450,1403.9833333333333,1.1444444444443889,1.133333333333212,1.1958333333333258,0.9570267131242337,0.03237095682642203,1.0017032950317735,50.0,0.8999999999838,0.9477351916375353,1.5200714305082765e-17,0.998577467256218,0
1451,1405.1166666666666,1.133333333333212,1.150000000000091,1.1958333333333258,0.9477351916375353,0.029662251412767737,0.9178837418231015,50.0,0.8999999999838,0.961672473867678,7.235434637989885e-19,0.9993507970109134,0
1452,1406.2666666666667,1.150000000000091,1.2222222222221717,1.1722222222222172,0.9810426540285179,0.033929357377712584,1.0499272315554202,50.0,0.8999999999838,1.0426540284359804,3.3676198274082544e-16,0.9984346132073658,0
1453,1407.4888888888888,1.2222222222221717,1.25,1.1722222222222172,1.0426540284359804,0.03157816575699452,0.9771707663587533,52.77777777777778,0.9499999999829001,1.0663507109004786,1.198787987224872e-18,0.9996009432807934,0
1454,1408.7388888888888,1.25,1.1388888888889142,1.1722222222222172,1.0663507109004786,0.0313998551891563,0.9716530337720927,52.77777777777778,0.9499999999829001,0.9715639810426797,3.1616613695275464e-20,0.9983708213222247,0
1455,1409.8777777777777,1.1388888888889142,1.1111111111110858,1.1680555555556111,0.9750297265160276,0.02675281235293207,0.8278525849265365,44.44444444444444,0.7999999999856,0.9512485136741304,7.865906897535306e-23,0.9966090250293964,0
1456,1410.9888888888888,1.1111111111110858,1.1666666666667425,1.1680555555556111,0.9512485136741304,0.034622147280548424,1.07136527344453,111.11111111111111,1.9999999999640001,0.9988109393579246,0.9682977199554443,0.5938738910827306,1
1457,1412.1555555555556,1.1666666666667425,1.1527777777778283,1.1583333333334167,1.0071942446043094,0.03482322243274617,1.0775874448676837,55.55555555555556,0.9999999999820001,0.9952038369304276,2.8903415373441634e-15,0.9985845162595541,0
1458,1413.3083333333334,1.1527777777778283,1.2222222222221717,1.1513888888889596,1.0012062726175939,0.03669523677731073,1.135516005563377,55.55555555555556,0.9999999999820001,1.0615199034980816,1.8131629281759737e-13,0.9985828021956927,0
1459,1414.5305555555556,1.2222222222221717,1.1694444444444798,1.1513888888889596,1.0615199034980816,0.029687373370711593,0.9186611284226064,50.0,0.8999999999838,1.0156815440289189,5.576046319646267e-21,0.9967766788008317,0
1460,1415.7,1.1694444444444798,1.1388888888889142,1.1597222222222854,1.0083832335329097,0.030763753804647912,0.9519691901262899,50.0,0.8999999999838,0.9820359281436809,1.5243204195005353e-19,0.9995614170141012,0
1461,1416.838888888889,1.1388888888889142,1.1222222222222626,1.1597222222222854,0.9820359281436809,0.03167757098077854,0.9802468119863742,47.22222222222222,0.8499999999847,0.9676646706586648,1.3269980870384474e-18,0.9967048417108071,0
1462,1417.9611111111112,1.1222222222222626,1.2472222222220353,1.1597222222222854,0.9676646706586648,0.04047941421281777,1.2526155101117964,80.55555555555556,1.4499999999739002,1.0754491017961874,0.9476379752159119,0.5851732198056518,1
1463,1419.2083333333333,1.2472222222220353,1.2277777777778738,1.1597222222222854,1.0754491017961874,0.029523295982107182,0.913583834548145,50.0,0.8999999999838,1.058682634730564,2.735447511621649e-21,0.9972397452043849,0
1464,1420.4361111111111,1.2277777777778738,1.1361111111111768,1.1597222222222854,1.058682634730564,0.030981729379700163,0.9587143368001153,50.0,0.8999999999838,0.9796407185628775,4.980045320740121e-21,0.9995300603947801,0
1465,1421.5722222222223,1.1361111111111768,1.1277777777777374,1.1597222222222854,0.9796407185628775,0.03283764966161538,1.0161448746640234,50.0,0.8999999999838,0.9724550898202715,2.5526907854310966e-17,0.9987476899678416,0
1466,1422.7,1.1277777777777374,1.1416666666666515,1.1597222222222854,0.9724550898202715,0.030535523985247604,0.9449067309180657,50.0,0.8999999999838,0.9844311377244842,1.6900849844131127e-18,0.9997075581291055,0
1467,1423.8416666666667,1.1416666666666515,1.158333333333303,1.14722222222224,0.9951573849878649,0.02941844886898664,0.9103393923387108,50.0,0.8999999999838,1.009685230024171,3.250534947009951e-19,0.9978905871547523,0
1468,1425.0,1.158333333333303,1.2055555555555202,1.1499999999999773,1.0072463768115878,0.03159174200500992,0.9775908766583691,52.77777777777778,0.9499999999829001,1.0483091787439514,2.386942319521191e-17,0.9995039033196711,0
1469,1426.2055555555555,1.2055555555555202,1.1388888888889142,1.1499999999999773,1.0483091787439514,0.029291659695422873,0.9064159638897402,50.0,0.8999999999838,0.9903381642512493,1.8574318440555145e-21,0.9992729603624892,0
1470,1427.3444444444444,1.1388888888889142,1.0944444444444343,1.1402777777777828,0.9987819732034282,0.03506086814986918,1.0849412743874216,52.77777777777778,0.9499999999829001,0.9598051157125326,2.1287826847972945e-15,0.9979111470235165,0
1471,1428.4388888888889,1.0944444444444343,1.0888888888889596,1.1402777777777828,0.9598051157125326,0.033906767838920236,1.0492282094176788,50.0,0.8999999999838,0.9549330085262454,6.97274134047951e-16,0.9991494470107063,0
1472,1429.5277777777778,1.0888888888889596,1.2000000000000455,1.1402777777777828,0.9549330085262454,0.03496230388799027,1.081891251911228,52.77777777777778,0.9499999999829001,1.0523751522533848,1.6067256845744143e-13,0.9979551428254123,0
1473,1430.7277777777779,1.2000000000000455,1.2194444444444343,1.1402777777777828,1.0523751522533848,0.03548980800233329,1.0982146065872604,55.55555555555556,0.9999999999820001,1.0694275274055893,2.0589626059880697e-15,0.9988342730649487,0
1474,1431.9472222222223,1.2194444444444343,1.1499999999998636,1.1402777777777828,1.0694275274055893,0.02908627060518322,0.9000602997813284,50.0,0.8999999999838,1.0085261875760025,6.085056433224748e-22,0.999278445990407,0
1475,1433.0972222222222,1.1499999999998636,1.1416666666666515,1.1458333333332575,1.003636363636311,0.034653622023811996,1.0723392438528334,52.77777777777778,0.9499999999829001,0.9963636363636891,9.702282778391628e-16,0.9986614635695883,0
1476,1434.2388888888888,1.1416666666666515,1.1527777777778283,1.1458333333332575,0.9963636363636891,0.028827046327131636,0.8920387323352726,47.22222222222222,0.8499999999847,1.0060606060607167,1.5953845399007316e-20,0.99819934523245,0
1477,1435.3916666666667,1.1527777777778283,1.183333333333394,1.151388888888846,1.001206272617693,0.02923445019855849,0.904645644222532,50.0,0.8999999999838,1.0277442702051574,1.393825569286906e-19,0.9989547695893168,0
1478,1436.575,1.183333333333394,1.2416666666665606,1.151388888888846,1.0277442702051574,0.030162556526368595,0.9333654368345435,50.0,0.8999999999838,1.0784077201447009,2.3868487860734266e-19,0.9990978573690625,0
1479,1437.8166666666666,1.2416666666665606,1.2111111111112223,1.151388888888846,1.0784077201447009,0.03174311506593012,0.9822750413778697,52.77777777777778,0.9499999999829001,1.0518697225574338,1.9304972487840133e-19,0.9992052545207601,0
1480,1439.0277777777778,1.2111111111112223,1.1027777777776464,1.1680555555556111,1.036860879904921,0.030379625117825507,0.9400825173482964,50.0,0.8999999999838,0.9441141498214836,4.498975978848747e-21,0.9994030324958088,0
1481,1440.1305555555555,1.1027777777776464,1.1333333333334394,1.1680555555556111,0.9441141498214836,0.03270286697598041,1.0119740909260657,47.22222222222222,0.8499999999847,0.9702734839477261,8.832913175271537e-17,0.9964516213826677,0
1482,1441.263888888889,1.1333333333334394,1.1499999999998636,1.1680555555556111,0.9702734839477261,0.02711421031835447,0.8390358667406197,47.22222222222222,0.8499999999847,0.9845422116526307,1.6379277757026871e-21,0.9981221718046247,0
1483,1442.4138888888888,1.1499999999998636,1.241666666666788,1.151388888888846,0.9987937273823072,0.031812666469343595,0.9844272752567429,52.77777777777778,0.9499999999829001,1.0784077201448983,1.0674215895325597e-16,0.9994629589090032,0
1484,1443.6555555555556,1.241666666666788,1.0805555555555202,1.151388888888846,1.0784077201448983,0.03018952039330269,0.9341998203994012,52.77777777777778,0.9499999999829001,0.9384800965018137,2.6431875908051847e-21,0.9987225296965996,0
1485,1444.736111111111,1.0805555555555202,1.191666666666606,1.151388888888846,0.9384800965018137,0.035795283997165285,1.1076674105997313,55.55555555555556,0.9999999999820001,1.0349819059107217,2.1467226867660782e-12,0.9989375931952583,0
1486,1445.9277777777777,1.191666666666606,1.0611111111111313,1.1680555555556111,1.0202140309154761,0.0323410597011202,1.0007781432332832,50.0,0.8999999999838,0.9084423305588326,1.9145536009709951e-19,0.9983963695882794,0
1487,1446.9888888888888,1.0611111111111313,1.1611111111112677,1.1666666666666288,0.9095238095238564,0.0349504782271519,1.0815253126684914,52.77777777777778,0.9499999999829001,0.9952380952382618,5.219541704230835e-13,0.9981831153999304,0
1488,1448.15,1.1611111111112677,1.2055555555555202,1.1555555555555657,1.004807692307819,0.03438198299293063,1.0639335080028816,55.55555555555556,0.9999999999820001,1.043269230769191,5.1974026346818594e-15,0.9984026924800988,0
1489,1449.3555555555556,1.2055555555555202,1.3055555555554292,1.1555555555555657,1.043269230769191,0.033377900729112855,1.0328626775191723,55.55555555555556,0.9999999999820001,1.129807692307573,5.72774902119909e-16,0.9986355598392107,0
1490,1450.661111111111,1.3055555555554292,0.5222222222223536,1.1555555555555657,1.129807692307573,0.04317899357939049,1.3361526622941027,97.22222222222223,1.7499999999685,0.4519230769231867,0.9378151893615723,0.6134994856020369,1
1491,1451.1833333333334,0.5222222222223536,0.38333333333321207,1.1555555555555657,0.4519230769231867,0.027322303128939355,0.8454751961417563,50.0,0.8999999999838,0.3317307692306614,5.037209575675661e-06,0.9917760530439503,0
1492,1451.5666666666666,0.38333333333321207,1.0111111111111768,1.1555555555555657,0.3317307692306614,0.03523302826099943,1.0902686841243945,55.55555555555556,0.9999999999820001,0.8750000000000492,0.016606349498033524,0.9890110704801165,0
1493,1452.5777777777778,1.0111111111111768,1.1861111111111313,1.120833333333394,0.9021065675340866,0.035844311329046766,1.109184537206635,55.55555555555556,0.9999999999820001,1.0582403965303202,1.4515634527700882e-10,0.9982440565301391,0
1494,1453.763888888889,1.1861111111111313,0.5527777777776919,1.120833333333394,1.0582403965303202,0.03230229802245067,0.9995786822024453,50.0,0.8999999999838,0.49318463444847166,1.0460791790429113e-20,0.997706665123803,0
1495,1454.3166666666666,0.5527777777776919,1.3611111111110858,1.1111111111111995,0.4974999999998831,0.05132811439642843,1.5883231871818955,97.22222222222223,1.7499999999685,1.2249999999998797,0.8829795718193054,0.9053523136238908,1
1496,1455.6777777777777,1.3611111111110858,1.1722222222222172,1.1111111111111995,1.2249999999998797,0.032197004677740136,0.996320431576521,55.55555555555556,0.9999999999820001,1.0549999999999116,1.07915717450353e-21,0.9981759481677404,0
1497,1456.85,1.1722222222222172,0.4888888888890506,1.1666666666667425,1.0047619047618352,0.03136734993587388,0.9706471747394594,52.77777777777778,0.9499999999829001,0.4190476190477304,3.8416968908650474e-20,0.9994116358118277,0
1498,1457.338888888889,0.4888888888890506,1.3527777777776464,1.091666666666697,0.44783715012736214,0.05390515288240769,1.6680683722461223,102.77777777777777,1.8499999999667,1.2391857506359776,0.8706842064857483,0.8628500714619438,1
1499,1458.6916666666666,1.3527777777776464,1.125,1.091666666666697,1.2391857506359776,0.03619326617784941,1.119982772913329,55.55555555555556,0.9999999999820001,1.0305343511450096,1.1786496548268091e-19,0.9986438835452545,0
1500,1459.8166666666666,1.125,1.2527777777777374,1.0680555555555884,1.0533159947984072,0.03282316604502471,1.0156966862913213,50.0,0.8999999999838,1.1729518855655958,5.995261084183311e-16,0.9976867587646194,0
1501,1461.0694444444443,1.2527777777777374,1.1805555555556566,1.1486111111111086,1.0906892382103663,0.027837749861348852,0.8614254410800374,105.55555555555556,1.8999999999658002,1.0278113663846127,0.2628665268421173,0.4847243087247238,0
1502,1462.25,1.1805555555556566,0.4944444444445253,1.176388888888937,1.0035419126328666,0.028797992633500722,0.8911396801138944,50.0,0.8999999999838,0.4203069657615628,1.0681434140891964e-22,0.9962986192495746,0
1503,1462.7444444444445,0.4944444444445253,1.4333333333331666,1.176388888888937,0.4203069657615628,0.02982995648299085,0.9230732925162373,50.0,0.8999999999838,1.2184179456904816,0.0034625676926225424,0.9952847023698994,0
1504,1464.1777777777777,1.4333333333331666,0.5750000000000455,1.176388888888937,1.2184179456904816,0.03168826843623863,0.9805778394700624,55.55555555555556,0.9999999999820001,0.4887839433294166,1.322985805156449e-24,0.9995136530633841,0
1505,1464.7527777777777,0.5750000000000455,1.3777777777777374,1.176388888888937,0.4887839433294166,0.04900498658340676,1.5164351426745322,97.22222222222223,1.7499999999685,1.1711924439196344,0.873914897441864,0.8909792052519995,1
1506,1466.1305555555555,1.3777777777777374,2.0666666666668334,1.176388888888937,1.1711924439196344,0.034906385181102846,1.0801608751032947,52.77777777777778,0.9499999999829001,1.756788665879645,1.3478318938373035e-13,0.9978378709231643,0
1507,1468.1972222222223,2.0666666666668334,0.5805555555555202,1.216666666666697,1.698630136986396,0.03427594034144241,1.0606520704482474,58.333333333333336,1.0499999999811,0.47716894977164853,1.3925454337752881e-33,0.9980123534176858,0
1508,1468.7777777777778,0.5805555555555202,1.3888888888889142,1.216666666666697,0.47716894977164853,0.032124851249450304,0.9940876793210556,58.333333333333336,1.0499999999811,1.1415525114155174,0.6000897884368896,0.27612773431834514,1
1509,1470.1666666666667,1.3888888888889142,0.5555555555554292,1.216666666666697,1.1415525114155174,0.029974048127033012,0.9275321373813284,50.0,0.8999999999838,0.45662100456609483,2.3683018777685932e-26,0.9965708891125711,0
1510,1470.7222222222222,0.5555555555554292,1.380555555555702,1.216666666666697,0.45662100456609483,0.056915331856664975,1.7612168761138767,102.77777777777777,1.8499999999667,1.1347031963471241,0.8182304501533508,0.8886420969199316,1
1511,1472.1027777777779,1.380555555555702,2.052777777777692,1.279166666666697,1.0792616720956374,0.03255466110444058,1.0073879333200189,55.55555555555556,0.9999999999820001,1.6047774158522292,4.882657049943423e-15,0.9979804940813113,0
1512,1474.1555555555556,2.052777777777692,0.5111111111111768,1.3791666666667197,1.4884189325275743,0.03265082756189357,1.0103637569207462,55.55555555555556,0.9999999999820001,0.3705941591138299,5.28872766134161e-36,0.9980367941633446,0
1513,1474.6666666666667,0.5111111111111768,1.4833333333333485,1.3791666666667197,0.3705941591138299,0.025190519725375945,0.7795082100222562,44.44444444444444,0.7999999999856,1.0755287009063141,0.00021359692618716508,0.9725199522738197,0
1514,1476.15,1.4833333333333485,0.5472222222222172,1.3791666666667197,1.0755287009063141,0.03019350283466307,0.9343230550833296,50.0,0.8999999999838,0.3967774420946437,4.664367843335156e-28,0.9991437263196373,0
1515,1476.6972222222223,0.5472222222222172,1.375,1.3791666666667197,0.3967774420946437,0.052502005539633516,1.6246486696958184,97.22222222222223,1.7499999999685,0.9969788519637078,0.7313331961631775,0.898426414723686,1
1516,1478.0722222222223,1.375,0.5916666666664696,1.377777777777851,0.9979838709676888,0.030327282746606028,0.9384628084839131,52.77777777777778,0.9499999999829001,0.4294354838708019,3.395870675425044e-24,0.9987226519035357,0
1517,1478.6638888888888,0.5916666666664696,1.491666666666788,0.9833333333332348,0.6016949152540971,0.05080624804543568,1.572174290312435,108.33333333333333,1.9499999999649,1.5169491525426482,0.9666690230369568,0.8896502173219902,1
1518,1480.1555555555556,1.491666666666788,1.9388888888888687,1.377777777777851,1.0826612903226112,0.031853961877837636,0.9857051413074739,55.55555555555556,0.9999999999820001,1.4072580645160395,7.729806885900445e-19,0.9972929115247912,0
1519,1482.0944444444444,1.9388888888888687,0.5472222222222172,1.377777777777851,1.4072580645160395,0.03529939310282852,1.0923223114265137,55.55555555555556,0.9999999999820001,0.39717741935481393,3.1006558157776733e-32,0.9976768078650758,0
1520,1482.6416666666667,0.5472222222222172,1.366666666666788,1.377777777777851,0.39717741935481393,0.03125961077794683,0.9673132396297197,63.888888888888886,1.1499999999793,0.991935483871003,0.31993991136550903,0.28796005087517096,0
1521,1484.0083333333334,1.366666666666788,0.5583333333331666,1.370833333333394,0.9969604863222328,0.03220993748407346,0.9967206308906026,55.55555555555556,0.9999999999820001,0.40729483282660806,1.55501210794607e-21,0.9973389588107664,0
1522,1484.5666666666666,0.5583333333331666,1.4944444444445253,0.9791666666666288,0.5702127659572986,0.027421691382097636,0.848550716621733,50.0,0.8999999999838,1.5262411347519147,0.01803503930568695,0.9946186807568342,0
1523,1486.0611111111111,1.4944444444445253,0.5416666666667425,1.370833333333394,1.09017223910842,0.033427923389777306,1.0344106040844117,55.55555555555556,0.9999999999820001,0.3951367781155393,1.5778242045875213e-23,0.9951144000683049,0
1524,1486.6027777777779,0.5416666666667425,0.38333333333321207,0.9791666666666288,0.553191489361801,0.027897902892290997,0.8632868469576577,52.77777777777778,0.9499999999829001,0.391489361702019,4.090343281859532e-05,0.9882744292596206,0
1525,1486.986111111111,0.38333333333321207,1.0444444444444798,0.9791666666666288,0.391489361702019,0.03201683613235513,0.9907452047909494,55.55555555555556,0.9999999999820001,1.0666666666667441,0.06793469935655594,0.9837168430575014,0
1526,1488.0305555555556,1.0444444444444798,0.5222222222221262,0.8180555555554747,1.2767402376911712,0.03183749443203125,0.9851955643180305,52.77777777777778,0.9499999999829001,0.6383701188454466,1.647086006182529e-16,0.9984897774565923,0
1527,1488.5527777777777,0.5222222222221262,1.380555555555702,0.8013888888888232,0.6516464471403149,0.052452717211775184,1.623123466697123,94.44444444444444,1.6999999999694,1.7227036395150555,0.9711744785308838,0.8991577302111198,1
1528,1489.9333333333334,1.380555555555702,2.1083333333333485,0.8013888888888232,1.7227036395150555,0.030620775900990604,0.9475448094081592,52.77777777777778,0.9499999999829001,2.6308492201042206,1.8546410934794366e-11,0.9997838023824681,0
1529,1492.0416666666667,2.1083333333333485,0.49166666666656056,0.8013888888888232,2.6308492201042206,0.030713788807424907,0.9504230479278089,52.77777777777778,0.9499999999829001,0.6135181975735747,1.0990996301601164e-35,0.9892309683051846,0
1530,1492.5333333333333,0.49166666666656056,1.4694444444444343,0.8013888888888232,0.6135181975735747,0.03180462759756542,0.9841785163339927,44.44444444444444,0.7999999999856,1.8336221837089766,0.9870139360427856,0.9231749266286426,1
1531,1494.0027777777777,1.4694444444444343,0.5138888888889142,0.8013888888888232,1.8336221837089766,0.033498901094086014,1.0366069741410975,52.77777777777778,0.9499999999829001,0.6412478336222678,4.11565678986046e-23,0.9972603363877961,0
1532,1494.5166666666667,0.5138888888889142,1.4222222222222172,0.7930555555556111,0.6479859894921055,0.04663876652850907,1.4432136299935532,102.77777777777777,1.8499999999667,1.7933450087564353,0.98073410987854,0.8930027784493346,1
1533,1495.9388888888889,1.4222222222222172,0.5305555555555657,0.7930555555556111,1.7933450087564353,0.03535185107615319,1.0939455975410322,55.55555555555556,0.9999999999820001,0.669001751313451,3.602214532599021e-20,0.9987156419649446,0
1534,1496.4694444444444,0.5305555555555657,1.5416666666667425,0.7875000000000227,0.6737213403880005,0.05166173669945001,1.5986469648207458,102.77777777777777,1.8499999999667,1.9576719576719974,0.9740772247314453,0.8672673859962566,1
1535,1498.0111111111112,1.5416666666667425,1.994444444444298,1.212500000000091,1.2714776632302076,0.03170561941268312,0.9811147568793829,52.77777777777778,0.9499999999829001,1.644902634593112,3.64181354260301e-20,0.9991573484808163,0
1536,1500.0055555555555,1.994444444444298,0.533333333333303,1.4013888888889596,1.4231912784933816,0.032340178203419764,1.00075086572166,52.77777777777778,0.9499999999829001,0.3805748265609106,2.771104348749377e-36,0.9988755474032486,0
1537,1500.5388888888888,0.533333333333303,1.3861111111111768,1.4013888888889596,0.3805748265609106,0.03203748134938364,0.9913840608505649,75.0,1.3499999999757,0.9890981169474697,0.236149862408638,0.2778388306794511,0
1538,1501.925,1.3861111111111768,0.5805555555555202,1.404166666666697,0.9871414441147633,0.03124930359795449,0.9669942890279141,52.77777777777778,0.9499999999829001,0.413452027695317,1.41872405509547e-23,0.9986031206068322,0
1539,1502.5055555555555,0.5805555555555202,1.5111111111111768,0.9833333333333485,0.5903954802259437,0.051503498412965636,1.5937503590817952,102.77777777777777,1.8499999999667,1.536723163841851,0.9576300978660583,0.887813186439963,1
1540,1504.0166666666667,1.5111111111111768,0.5111111111111768,1.404166666666697,1.0761622156281145,0.030958995550066152,0.9580108496534365,52.77777777777778,0.9499999999829001,0.363996043521305,7.291624695488518e-27,0.9982959593712616,0
1541,1504.5277777777778,0.5111111111111768,0.6555555555555657,0.9833333333333485,0.5197740112994939,0.026514669348523163,0.8204833670969771,50.0,0.8999999999838,0.6666666666666666,0.0004199128015898168,0.9807643852768877,0
1542,1505.1833333333334,0.6555555555555657,1.0111111111109494,1.0208333333333712,0.6421768707482853,0.03262895217304381,1.0096868338007903,58.333333333333336,1.0499999999811,0.9904761904759953,0.0013766190968453884,0.9981240261798203,0
1543,1506.1944444444443,1.0111111111109494,0.4638888888889596,0.8333333333332575,1.2133333333332497,0.03287134171306576,1.0171874585806866,50.0,0.8999999999838,0.5566666666668022,2.610517426955127e-16,0.9986808191775375,0
1544,1506.6583333333333,0.4638888888889596,1.4583333333332575,0.8333333333332575,0.5566666666668022,0.029587858122837894,0.9155816781537893,47.22222222222222,0.8499999999847,1.7500000000000682,0.02314302884042263,0.996198822769638,0
1545,1508.1166666666666,1.4583333333332575,0.6194444444445253,0.8333333333332575,1.7500000000000682,0.030998084528754962,0.9592204388219608,52.77777777777778,0.9499999999829001,0.7433333333334979,4.241618805711872e-25,0.9991038524517163,0
1546,1508.736111111111,0.6194444444445253,1.525000000000091,0.6375000000000455,0.9716775599129115,0.03880939565870897,1.2009376095361315,94.44444444444444,1.6999999999694,2.39215686274507,0.9749388694763184,0.9062001069750609,1
1547,1510.2611111111112,1.525000000000091,1.966666666666697,0.8333333333332575,1.8300000000002756,0.03433191146207587,1.0623840691737036,58.333333333333336,1.0499999999811,2.3600000000002512,1.342637459544882e-11,0.9977626848097334,0
1548,1512.2277777777779,1.966666666666697,0.5444444444442524,0.8333333333332575,2.3600000000002512,0.03353358983598031,1.0376804001520228,58.333333333333336,1.0499999999811,0.6533333333331623,1.2384297541280244e-30,0.9973451326872894,0
1549,1512.7722222222221,0.5444444444442524,1.4888888888890506,0.8333333333332575,0.6533333333331623,0.033122374627256305,1.0249555483116906,63.888888888888886,1.1499999999793,1.7866666666670232,0.9553415775299072,0.26371659073723136,1
1550,1514.2611111111112,1.4888888888890506,0.5277777777776009,0.8333333333332575,1.7866666666670232,0.03553638299800895,1.0996558468596618,61.111111111111114,1.0999999999802001,0.6333333333331788,4.997635009504506e-19,0.9945533455391155,0
1551,1514.7888888888888,0.5277777777776009,1.5722222222223081,0.8333333333332575,0.6333333333331788,0.028314031863307106,0.8761637527488632,47.22222222222222,0.8499999999847,1.8866666666669414,0.02063039317727089,0.9921949723500976,0
1552,1516.361111111111,1.5722222222223081,0.5805555555555202,1.2347222222221035,1.2733408323961426,0.032365247377899295,1.0015266189628917,55.55555555555556,0.9999999999820001,0.47019122609675446,5.9205682644028664e-27,0.9994266447314346,0
1553,1516.9416666666666,0.5805555555555202,1.3972222222223536,1.0388888888888914,0.5588235294117293,0.05485036291272508,1.6973174304974123,111.11111111111111,1.9999999999640001,1.34491978609638,0.9398159384727478,0.868173180072868,1
1554,1518.338888888889,1.3972222222223536,1.9277777777776919,1.4277777777778056,0.9785992217899563,0.029295249803758663,0.9065270580217044,50.0,0.8999999999838,1.3501945525290964,7.043813208460119e-20,0.9987285073531653,0
1555,1520.2666666666667,1.9277777777776919,0.5222222222221262,1.443055555555702,1.335899903753414,0.03346766525707741,1.035640396569036,55.55555555555556,0.9999999999820001,0.3618864292587995,4.0714907226500464e-33,0.9975754610580645,0
1556,1520.7888888888888,0.5222222222221262,0.4305555555556566,1.443055555555702,0.3618864292587995,0.034525686324307504,1.0683803367240443,58.333333333333336,1.0499999999811,0.2983638113571138,0.8345152139663696,0.9334461426674558,1
1557,1521.2194444444444,0.4305555555556566,1.0944444444444343,0.9888888888889369,0.43539325842704735,0.03347081397355689,1.035737832047682,47.22222222222222,0.8499999999847,1.1067415730336438,0.9526190161705017,0.8448320010210281,1
1558,1522.3138888888889,1.0944444444444343,0.5055555555554747,0.8374999999999773,1.3067993366501063,0.02903749557152778,0.8985509804186069,47.22222222222222,0.8499999999847,0.6036484245438668,1.6948858049790512e-21,0.9989816702135206,0
1559,1522.8194444444443,0.5055555555554747,1.4611111111112223,0.8374999999999773,0.6036484245438668,0.056344607055792244,1.7435560786077635,105.55555555555556,1.8999999999658002,1.744610281923895,0.9552381038665771,0.875494569103352,1
1560,1524.2805555555556,1.4611111111112223,0.8694444444445253,0.8374999999999773,1.744610281923895,0.03480450596330034,1.077008272950839,55.55555555555556,0.9999999999820001,1.0381426202322972,1.2005755148350763e-21,0.9989850368951794,0
1561,1525.15,0.8694444444445253,1.1805555555554292,0.9819444444444798,0.8854314002829359,0.03192543382481938,0.9879168054599377,55.55555555555556,0.9999999999820001,1.2022630834510304,1.296512142090478e-08,0.9979110655071513,0
1562,1526.3305555555555,1.1805555555554292,0.5861111111112223,0.9819444444444798,1.2022630834510304,0.03274085095632162,1.013149486465661,58.333333333333336,1.0499999999811,0.5968882602546886,1.230770801532143e-17,0.9988876822847295,0
1563,1526.9166666666667,0.5861111111112223,1.591666666666697,0.9819444444444798,0.5968882602546886,0.04491066320295213,1.3897383248103334,97.22222222222223,1.7499999999685,1.6209335219235934,0.9739225506782532,0.8932137324886704,1
1564,1528.5083333333334,1.591666666666697,1.974999999999909,0.9819444444444798,1.6209335219235934,0.0381450913410717,1.1803810400331272,61.111111111111114,1.0999999999802001,2.011315417255846,9.88183384946495e-13,0.9966127536221325,0
1565,1530.4833333333333,1.974999999999909,0.5222222222221262,0.9819444444444798,2.011315417255846,0.03241559641819859,1.003084645184975,52.77777777777778,0.9499999999829001,0.5318246110324149,8.654166653261266e-34,0.9975271599111022,0
1566,1531.0055555555555,0.5222222222221262,1.4972222222222626,0.9819444444444798,0.5318246110324149,0.03303670972194068,1.0223046900629407,63.888888888888886,1.1499999999793,1.524752475247511,0.9023569226264954,0.24220188828732897,1
1567,1532.5027777777777,1.4972222222222626,2.0638888888888687,1.1374999999999318,1.3162393162394308,0.032792560875181787,1.0147496244036838,55.55555555555556,0.9999999999820001,1.8144078144079054,2.3759785037229437e-16,0.9975669468639787,0
1568,1534.5666666666666,2.0638888888888687,0.48055555555561114,1.3208333333333258,1.5625657202944205,0.03101393349527064,0.9597108772747608,50.0,0.8999999999838,0.3638275499474679,3.8357294448454634e-39,0.9998236192241543,0
1569,1535.0472222222222,0.48055555555561114,1.466666666666697,1.3208333333333258,0.3638275499474679,0.03319648521568845,1.0272488639225728,50.0,0.8999999999838,1.1104100946372533,0.780608594417572,0.9258707031053695,1
1570,1536.513888888889,1.466666666666697,1.1472222222221262,1.323611111111063,1.1080797481637568,0.03416198300513727,1.0571257168751358,50.0,0.8999999999838,0.8667366211961813,4.122411569133596e-24,0.998465118677303,0
1571,1537.661111111111,1.1472222222221262,1.216666666666697,1.323611111111063,0.8667366211961813,0.03599049491776505,1.1137081162680715,55.55555555555556,0.9999999999820001,0.9192025183631203,4.856868488119226e-13,0.9976580975098821,0
1572,1538.8777777777777,1.216666666666697,1.038888888889005,1.341666666666697,0.9068322981366481,0.034698602787600105,1.0737311514056809,52.77777777777778,0.9499999999829001,0.7743271221532783,5.0507287551740797e-17,0.9990579500475462,0
1573,1539.9166666666667,1.038888888889005,0.6777777777776919,1.341666666666697,0.7743271221532783,0.042578626280749855,1.3175745923129651,127.77777777777777,2.2999999999586,0.5051759834367776,0.9948337078094482,0.7140613353267864,1
1574,1540.5944444444444,0.6777777777776919,1.4611111111112223,1.1819444444444116,0.5734430082255602,0.035990739914751435,1.1137156975789932,55.55555555555556,0.9999999999820001,1.2361927144537124,0.04250194877386093,0.9970581659368436,0
1575,1542.0555555555557,1.4611111111112223,1.9527777777777828,1.1819444444444116,1.2361927144537124,0.029923379814116035,0.9259642314255425,50.0,0.8999999999838,1.6521739130435285,3.5704207471562945e-20,0.99943006340859,0
1576,1544.0083333333334,1.9527777777777828,0.5861111111109949,1.3388888888889596,1.4585062240663167,0.03275189473537511,1.013491230762155,55.55555555555556,0.9999999999820001,0.43775933609947515,5.402968765722636e-34,0.9982256675681489,0
1577,1544.5944444444444,0.5861111111109949,1.4555555555555202,1.1819444444444116,0.4958871915392809,0.03253122154532811,1.0066626077226646,63.888888888888886,1.1499999999793,1.2314923619271487,0.6614589095115662,0.24229083601343832,1
1578,1546.05,1.4555555555555202,1.9472222222223081,1.1819444444444116,1.2314923619271487,0.03130684052552229,0.9687747408767646,52.77777777777778,0.9499999999829001,1.6474735605171573,1.1635596057071574e-18,0.9993396133689698,0
1579,1547.9972222222223,1.9472222222223081,0.4944444444442979,1.3361111111111086,1.4573804573805245,0.031099070969597742,0.962345414431677,52.77777777777778,0.9499999999829001,0.3700623700622611,7.470374219197697e-36,0.9980682231258778,0
1580,1548.4916666666666,0.4944444444442979,0.40555555555556566,1.1819444444444116,0.41833137485300165,0.031234095938409347,0.9665236955030523,47.22222222222222,0.8499999999847,0.34312573443010036,0.7814573049545288,0.9472783426289406,1
1581,1548.8972222222221,0.40555555555556566,0.9416666666668334,1.127777777777851,0.35960591133003483,0.028185233034982212,0.8721781365243848,47.22222222222222,0.8499999999847,0.8349753694582217,0.00031325846794061363,0.9910307085407957,0
1582,1549.838888888889,0.9416666666668334,0.9111111111110404,0.9902777777779193,0.9509116409537492,0.03531947784792791,1.0929438239586828,55.55555555555556,0.9999999999820001,0.9200561009815643,5.85033341216068e-11,0.9989604762652179,0
1583,1550.75,0.9111111111110404,1.0361111111110404,0.9263888888889369,0.9835082458769342,0.03129883468956093,0.9685270042310739,55.55555555555556,0.9999999999820001,1.1184407796100606,8.679753964180303e-12,0.998881019921459,0
1584,1551.786111111111,1.0361111111110404,0.5222222222223536,0.9888888888889369,1.0477528089886416,0.037547174744819965,1.1618788058288334,58.333333333333336,1.0499999999811,0.5280898876405566,1.1835564646400787e-11,0.9978745639125713,0
1585,1552.3083333333334,0.5222222222223536,0.3861111111109494,0.9263888888889369,0.5637181409296478,0.028204987636103244,0.8727894329139566,52.77777777777778,0.9499999999829001,0.4167916041977049,1.712293305899948e-05,0.9915410444845566,0
1586,1552.6944444444443,0.3861111111109494,0.9805555555556111,0.7486111111110176,0.5157699443412214,0.029435541545339543,0.9108683167790794,52.77777777777778,0.9499999999829001,1.3098330241189762,0.12286504358053207,0.9806257958075796,0
1587,1553.675,0.9805555555556111,0.49166666666678793,0.9263888888889369,1.0584707646176963,0.03117517035350065,0.9647002723376136,52.77777777777778,0.9499999999829001,0.5307346326837615,1.3331488614526875e-16,0.99959698383851,0
1588,1554.1666666666667,0.49166666666678793,0.3583333333333485,0.716666666666697,0.6860465116280472,0.02538748093089871,0.7856030773943737,50.0,0.8999999999838,0.5,3.2883598066746345e-09,0.9871043216726546,0
1589,1554.525,0.3583333333333485,1.0027777777777374,0.5083333333333258,0.7049180327869256,0.030267417015859027,0.9366102929691474,52.77777777777778,0.9499999999829001,1.972677595628365,0.006873174570500851,0.9853282008896334,0
1590,1555.5277777777778,1.0027777777777374,0.5166666666666515,0.716666666666697,1.3992248062014347,0.03196421120939006,0.9891167525021411,55.55555555555556,0.9999999999820001,0.7209302325580879,2.2762716191115917e-14,0.9993561266388251,0
1591,1556.0444444444445,0.5166666666666515,1.4833333333333485,0.716666666666697,0.7209302325580879,0.02656516199961485,0.8220458372842082,50.0,0.8999999999838,2.0697674418603986,0.0022456857841461897,0.9920536836419271,0
1592,1557.5277777777778,1.4833333333333485,2.013888888888914,0.716666666666697,2.0697674418603986,0.03565514368860367,1.103330837862457,55.55555555555556,0.9999999999820001,2.810077519379761,2.0391190957980143e-09,0.9980604004704485,0
1593,1559.5416666666667,2.013888888888914,0.48055555555538376,0.7513888888889824,2.680221811459959,0.033026438171988796,1.0219868420151659,55.55555555555556,0.9999999999820001,0.6395563770791742,1.5619889587857876e-32,0.9968554609897158,0
1594,1560.0222222222221,0.48055555555538376,0.3527777777778738,0.5194444444445026,0.925133689839138,0.03209388946592859,0.9931295821989944,47.22222222222222,0.8499999999847,0.6791443850268468,0.6860112547874451,0.9382424651278433,1
1595,1560.375,0.3527777777778738,1.0972222222221717,0.5041666666667197,0.6997245179064528,0.0318067915236507,0.9842454779595464,44.44444444444444,0.7999999999856,2.1763085399445745,0.8652322888374329,0.8436935930792727,1
1596,1561.4722222222222,1.0972222222221717,0.5055555555557021,0.7486111111111313,1.4656771799627872,0.036694734887276786,1.1355004748237874,58.333333333333336,1.0499999999811,0.6753246753248529,4.66594514761387e-12,0.9981572891607409,0
1597,1561.9777777777779,0.5055555555557021,0.45277777777778283,0.5111111111111768,0.9891304347827683,0.04674755962493992,1.446580178710536,97.22222222222223,1.7499999999685,0.8858695652172873,0.9815836548805237,0.8805477608649569,1
1598,1562.4305555555557,0.45277777777778283,1.2472222222220353,0.5111111111111768,0.8858695652172873,0.05381524488987073,1.665286213755816,100.0,1.7999999999676,2.4402173913036687,0.9798403382301331,0.8363687951466018,1
1599,1563.6777777777777,1.2472222222220353,1.2638888888889142,0.7597222222221944,1.6416819012795214,0.03349912310070062,1.0366138440263024,58.333333333333336,1.0499999999811,1.663619744058595,5.112256971917528e-12,0.998395976078728,0
1600,1564.9416666666666,1.2638888888889142,0.5361111111112677,0.8069444444444116,1.5662650602410588,0.034202948580231284,1.0583933763939624,52.77777777777778,0.9499999999829001,0.6643717728057289,5.42835932819429e-19,0.9985595297503909,0
1601,1565.4777777777779,0.5361111111112677,1.416666666666515,0.8166666666667197,0.6564625850341628,0.05193625081725008,1.607141668817528,100.0,1.7999999999676,1.7346938775507221,0.9724168181419373,0.9098981023786767,1
1602,1566.8944444444444,1.416666666666515,0.49722222222226264,0.8166666666667197,1.7346938775507221,0.03418158969634024,1.0577324362652358,52.77777777777778,0.9499999999829001,0.6088435374149759,6.360151037319295e-22,0.9986559169210745,0
1603,1567.3916666666667,0.49722222222226264,1.5166666666666515,0.5208333333334849,0.9546666666664664,0.03181683194252383,0.9845561737700731,47.22222222222222,0.8499999999847,2.9119999999991233,0.3586365282535553,0.9271750266054518,0
1604,1568.9083333333333,1.5166666666666515,2.105555555555611,0.8166666666667197,1.857142857142718,0.03336814372340387,1.0325607517892428,58.333333333333336,1.0499999999811,2.5782312925169073,5.789679499712541e-11,0.996978109079294,0
1605,1571.013888888889,2.105555555555611,0.4638888888889596,1.1722222222221035,1.7962085308059166,0.035083170670325285,1.0856314148842932,88.88888888888889,1.5999999999712,0.39573459715649856,4.29929453149569e-10,0.646904537062816,0
1606,1571.4777777777779,0.4638888888889596,1.4222222222222172,0.8916666666666515,0.5202492211838888,0.03207613619444524,0.9925802159680912,47.22222222222222,0.8499999999847,1.595015576324009,0.9818877577781677,0.9410972554508688,1
1607,1572.9,1.4222222222222172,2.0611111111111313,1.2555555555554747,1.1327433628319272,0.03657886387668977,1.1319149035437646,58.333333333333336,1.0499999999811,1.6415929203541042,4.195443905480323e-13,0.9983307213649995,0
1608,1574.9611111111112,2.0611111111111313,0.561111111110904,1.3402777777777146,1.5378238341969788,0.03583728243563113,1.1089670315662357,61.111111111111114,1.0999999999802001,0.4186528497407978,7.295000391768034e-32,0.9949834033491809,0
1609,1575.5222222222221,0.561111111110904,1.4500000000000455,1.3402777777777146,0.4186528497407978,0.03304085377794462,1.0224329258323126,63.888888888888886,1.1499999999793,1.081865284974178,0.39099884033203125,0.2593858957667503,0
1610,1576.9722222222222,1.4500000000000455,1.908333333333303,1.4194444444443661,1.0215264187867812,0.029974755561565956,0.9275540285940741,50.0,0.8999999999838,1.344422700587137,1.3157661504674107e-20,0.9975923508750062,0
1611,1578.8805555555555,1.908333333333303,1.9388888888888687,1.4361111111111313,1.3288201160541189,0.0352833168792896,1.0918248406172029,52.77777777777778,0.9499999999829001,1.3500967117988063,8.929281445799872e-28,0.997759120229287,0
1612,1580.8194444444443,1.9388888888888687,0.5388888888890051,1.4833333333333485,1.3071161048688869,0.03430896067352191,1.0616738683402418,58.333333333333336,1.0499999999811,0.36329588014988734,5.461202168115197e-32,0.9975140833701475,0
1613,1581.3583333333333,0.5388888888890051,1.5027777777777374,1.4833333333333485,0.36329588014988734,0.033941399740585576,1.05029987653575,52.77777777777778,0.9499999999829001,1.0131086142321721,0.30583032965660095,0.9295310768239082,0
1614,1582.861111111111,1.5027777777777374,1.8444444444444343,1.4763888888888914,1.017873941674477,0.028954250294759645,0.8959749963820025,50.0,0.8999999999838,1.249294449670734,3.3484952393315437e-23,0.9992598955272425,0
1615,1584.7055555555555,1.8444444444444343,0.566666666666606,1.4763888888888914,1.249294449670734,0.0353011012009106,1.0923751676793032,55.55555555555556,0.9999999999820001,0.38381937911566855,1.793647709467733e-30,0.998414577200592,0
1616,1585.2722222222221,0.566666666666606,0.3222222222223081,1.4763888888888914,0.38381937911566855,0.031682668563111756,0.9804045541577676,52.77777777777778,0.9499999999829001,0.2182502351835009,0.9901463389396667,0.33986187455530004,1
1617,1585.5944444444444,0.3222222222223081,0.5638888888888687,1.4763888888888914,0.2182502351835009,0.03317967208467714,1.0267285898749399,47.22222222222222,0.8499999999847,0.38193791157101104,0.9506460428237915,0.8369235776071258,1
1618,1586.1583333333333,0.5638888888888687,1.5750000000000455,1.0083333333333258,0.5592286501377252,0.03404686860668401,1.0535635585844634,61.111111111111114,1.0999999999802001,1.561983471074437,0.21852289140224457,0.9979489920963509,0
1619,1587.7333333333333,1.5750000000000455,0.9444444444443434,1.4763888888888914,1.0667920978363412,0.03670132227333817,1.1357043182368418,58.333333333333336,1.0499999999811,0.6396989651927809,3.8539934577559506e-22,0.9982825069199667,0
1620,1588.6777777777777,0.9444444444443434,1.1805555555556566,1.2236111111110404,0.771850170261029,0.03919647366174356,1.212915547449835,63.888888888888886,1.1499999999793,0.9648127128264721,0.0016680752160027623,0.9942703332700691,0
1621,1589.8583333333333,1.1805555555556566,0.5388888888887777,1.0625,1.1111111111112062,0.03158812760489706,0.977479030829343,52.77777777777778,0.9499999999829001,0.5071895424835555,2.0559829387772658e-20,0.9987944204997816,0
1622,1590.3972222222221,0.5388888888887777,1.4111111111112677,0.7555555555554747,0.7132352941175762,0.04706395809549687,1.4563709733478207,88.88888888888889,1.5999999999712,1.8676470588239367,0.9844276309013367,0.9110718466003302,1
1623,1591.8083333333334,1.4111111111112677,2.086111111110995,1.0625,1.328104575163546,0.0352133907242252,1.0896610102333033,58.333333333333336,1.0499999999811,1.9633986928103482,3.363154546520697e-11,0.996459856005717,0
1624,1593.8944444444444,2.086111111110995,0.5805555555555202,1.0625,1.9633986928103482,0.029323958774649456,0.9074154429678919,52.77777777777778,0.9499999999829001,0.5464052287581367,8.596380717027847e-36,0.9797316658550332,0
1625,1594.475,0.5805555555555202,1.3250000000000455,0.7624999999999318,0.7613843351548487,0.032229456029406786,0.9973246226502362,52.77777777777778,0.9499999999829001,1.737704918033002,0.9880812168121338,0.3048097141869095,1
1626,1595.8,1.3250000000000455,0.875,1.0625,1.2470588235294546,0.03195046740682389,0.9886914573095826,55.55555555555556,0.9999999999820001,0.8235294117647058,1.9274774922680532e-22,0.9989779062428328,0
1627,1596.675,0.875,0.5166666666666515,1.0625,0.8235294117647058,0.027621467947665734,0.8547327039220389,50.0,0.8999999999838,0.4862745098039073,5.916041269000169e-16,0.9966916714050207,0
1628,1597.1916666666666,0.5166666666666515,0.41111111111126775,1.0625,0.4862745098039073,0.03042470694563853,0.9414775522775544,52.77777777777778,0.9499999999829001,0.3869281045753108,2.3107104425434954e-05,0.9986673096911806,0
1629,1597.6027777777779,0.41111111111126775,0.5916666666664696,0.9097222222221717,0.45190839694676216,0.03382717120022143,1.0467651306867787,58.333333333333336,1.0499999999811,0.6503816793891325,0.005299712531268597,0.9942994142698052,0
1630,1598.1944444444443,0.5916666666664696,0.4888888888890506,0.7333333333332348,0.8068181818180215,0.03491476193226969,1.0804200895370997,63.888888888888886,1.1499999999793,0.6666666666669767,0.00016358538414351642,0.9956965501178698,0
1631,1598.6833333333334,0.4888888888890506,0.48055555555538376,0.5861111111109949,0.8341232227492564,0.030968850021350663,0.9583157914075349,52.77777777777778,0.9499999999829001,0.8199052132700116,3.1573242154081527e-07,0.9985418413897049,0
1632,1599.1638888888888,0.48055555555538376,0.4416666666668334,0.5861111111109949,0.8199052132700116,0.03886897210376228,1.202781173247769,63.888888888888886,1.1499999999793,0.7535545023701021,0.44291266798973083,0.9940456742954429,0
1633,1599.6055555555556,0.4416666666668334,0.5249999999998636,0.5486111111110858,0.8050632911395815,0.03365497953499495,1.041436744523859,58.333333333333336,1.0499999999811,0.9569620253162511,0.0037696482613682747,0.994658856617878,0
1634,1600.1305555555555,0.5249999999998636,0.808333333333394,0.5208333333332575,1.0079999999998848,0.03435754554521387,1.063177303234783,63.888888888888886,1.1499999999793,1.5520000000003422,0.22053857147693634,0.9887197587881001,0
1635,1600.9388888888889,0.808333333333394,0.566666666666606,0.5208333333332575,1.5520000000003422,0.033354879444699795,1.0321502952261161,58.333333333333336,1.0499999999811,1.0880000000000418,2.6663572498364374e-05,0.9960681895075782,0
1636,1601.5055555555555,0.566666666666606,0.4250000000001819,0.5208333333332575,1.0880000000000418,0.02858357905618521,0.8845047577034086,47.22222222222222,0.8499999999847,0.816000000000468,1.614205547006975e-09,0.9980169225878364,0
1637,1601.9305555555557,0.4250000000001819,0.5944444444444343,0.502777777777851,0.8453038674035536,0.03418171772448584,1.0577363980330634,55.55555555555556,0.9999999999820001,1.1823204419887579,0.011948397383093834,0.9954571957862832,0
1638,1602.525,0.5944444444444343,0.47499999999990905,0.5069444444444571,1.1726027397259782,0.032476498959774426,1.0049692442995284,58.333333333333336,1.0499999999811,0.9369863013696602,0.000601309584453702,0.9969000362619964,0
1639,1603.0,0.47499999999990905,0.5555555555556566,0.5069444444444571,0.9369863013696602,0.03162361402868078,0.9785771407129543,55.55555555555556,0.9999999999820001,1.0958904109590761,0.0014352635480463505,0.9943872892493082,0
1640,1603.5555555555557,0.5555555555556566,0.811111111110904,0.5069444444444571,1.0958904109590761,0.031592263070257566,0.9776070007654905,55.55555555555556,0.9999999999820001,1.5999999999995516,0.0011577664408832788,0.9963011894984868,0
1641,1604.3666666666666,0.811111111110904,0.8250000000000455,0.5402777777777601,1.5012853470433676,0.038285856126444556,1.1847369368973601,61.111111111111114,1.0999999999802001,1.526992287917872,0.04665674641728401,0.9928124427910499,0
1642,1605.1916666666666,0.8250000000000455,0.5944444444444343,0.5611111111111313,1.4702970297029985,0.03277466651864146,1.0141958923652692,58.333333333333336,1.0499999999811,1.0594059405940033,8.9179229689762e-06,0.9922461318657319,0
1643,1605.786111111111,0.5944444444444343,0.4750000000001364,0.5805555555555202,1.0239234449761214,0.026803083732366288,0.829408207971449,50.0,0.8999999999838,0.818181818182103,7.102097382416517e-11,0.9966755112275132,0
1644,1606.2611111111112,0.4750000000001364,0.5555555555554292,0.5805555555555202,0.818181818182103,0.03324126799989397,1.0286346450948718,58.333333333333336,1.0499999999811,0.9569377990429029,0.0011899224482476711,0.9943422365142272,0
1645,1606.8166666666666,0.5555555555554292,0.6777777777779193,0.5611111111111313,0.9900990099007293,0.035701129006555435,1.1047538308484959,55.55555555555556,0.9999999999820001,1.2079207920794166,0.006048611830919981,0.9969312346886343,0
1646,1607.4944444444445,0.6777777777779193,0.7444444444442979,0.5750000000000455,1.17874396135281,0.031578328674481675,0.9771758077600494,58.333333333333336,1.0499999999811,1.294685990337807,5.580126162385568e-05,0.996789335990414,0
1647,1608.2388888888888,0.7444444444442979,0.49722222222226264,0.5944444444444343,1.2523364485979056,0.028632953529803648,0.8860326264401671,52.77777777777778,0.9499999999829001,0.8364485981309233,1.0505332714849658e-10,0.9952145041935957,0
1648,1608.736111111111,0.49722222222226264,0.7083333333332575,0.5750000000000455,0.8647342995169102,0.031531813412097535,0.9757364159048965,55.55555555555556,0.9999999999820001,1.2318840579707853,0.00042677807505242527,0.9953172452138597,0
1649,1609.4444444444443,0.7083333333332575,0.6527777777778283,0.6361111111111768,1.113537117903696,0.03471910461087268,1.0743655702162342,58.333333333333336,1.0499999999811,1.0262008733624188,3.8868121919222176e-05,0.9956122973567549,0
1650,1610.0972222222222,0.6527777777778283,0.9027777777778283,0.6652777777778738,0.9812108559498299,0.03464844976700642,1.0721791909167193,52.77777777777778,0.9499999999829001,1.3569937369518634,0.0007756718550808728,0.996053882445403,0
1651,1611.0,0.9027777777778283,0.5499999999999545,0.6652777777778738,1.3569937369518634,0.03292578162866064,1.0188720749213482,61.111111111111114,1.0999999999802001,0.8267223382044052,4.344370196918135e-09,0.9970720373017843,0
1652,1611.55,0.5499999999999545,0.5861111111112223,0.6236111111111313,0.8819599109130388,0.03274573721140397,1.0133006892194936,58.333333333333336,1.0499999999811,0.9398663697106155,8.24442322482355e-05,0.9939772658459356,0
1653,1612.1361111111112,0.5861111111112223,0.4944444444442979,0.6194444444445253,0.9461883408072308,0.029303780131669496,0.9067910248121148,50.0,0.8999999999838,0.7982062780265651,9.096313702272596e-10,0.996762357980632,0
1654,1612.6305555555555,0.4944444444442979,0.4583333333334849,0.6194444444445253,0.7982062780265651,0.02883229829730378,0.8922012519622041,47.22222222222222,0.8499999999847,0.7399103139014934,1.7780018568558376e-09,0.9952632622319908,0
1655,1613.088888888889,0.4583333333334849,0.6472222222221262,0.6194444444445253,0.7399103139014934,0.03221341284937163,0.9968281743558539,58.333333333333336,1.0499999999811,1.0448430493270628,0.0005792753654532135,0.9968415066393423,0
1656,1613.736111111111,0.6472222222221262,0.5972222222221717,0.6166666666666742,1.049549549549381,0.02891280962147844,0.894692635184071,52.77777777777778,0.9499999999829001,0.9684684684683746,4.812128917563996e-09,0.9952907067965983,0
1657,1614.3333333333333,0.5972222222221717,0.5611111111111313,0.591666666666697,1.0093896713613653,0.033346601649157794,1.0318941429253212,52.77777777777778,0.9499999999829001,0.9483568075117227,2.3925882487674244e-05,0.9966150959761775,0
1658,1614.8944444444444,0.5611111111111313,0.4361111111111313,0.591666666666697,0.9483568075117227,0.026096783817193766,0.8075521054131367,47.22222222222222,0.8499999999847,0.7370892018779307,2.8566791293593852e-11,0.9924263837101155,0
1659,1615.3305555555555,0.4361111111111313,0.3916666666666515,0.5736111111111768,0.7602905569006746,0.03333021643546921,1.0313871105682098,61.111111111111114,1.0999999999802001,0.6828087167069172,0.0018640191992744803,0.9926059733313708,0
1660,1615.7222222222222,0.3916666666666515,0.4249999999999545,0.5555555555555429,0.7049999999999887,0.032263239831282195,0.9983700457385546,55.55555555555556,0.9999999999820001,0.7649999999999355,0.0009398136171512306,0.9930906225389731,0
1661,1616.1472222222221,0.4249999999999545,0.42777777777791925,0.5222222222221262,0.813829787234105,0.03702339835433681,1.1456708037292915,61.111111111111114,1.0999999999802001,0.8191489361706342,0.07033782452344894,0.995948465088746,0
1662,1616.575,0.42777777777791925,0.37222222222226264,0.4763888888888914,0.8979591836737616,0.03137281776582587,0.9708163740408254,55.55555555555556,0.9999999999820001,0.7813411078718008,0.00010253522486891598,0.9962725379420001,0
1663,1616.9472222222223,0.37222222222226264,0.41388888888877773,0.4472222222223081,0.8322981366458932,0.03658114418440286,1.1319854665413964,63.888888888888886,1.1499999999793,0.9254658385088904,0.4415462613105774,0.9923246451328329,0
1664,1617.361111111111,0.41388888888877773,0.7805555555555657,0.4319444444445253,0.9581993569127466,0.034156274385901866,1.0569490664681414,61.111111111111114,1.0999999999802001,1.807073954983608,0.006834730971604586,0.9949861758044074,0
1665,1618.1416666666667,0.7805555555555657,0.5055555555554747,0.4319444444445253,1.807073954983608,0.03347196466645087,1.035773439671814,58.333333333333336,1.0499999999811,1.170418006430462,7.383265619864687e-05,0.9981661265001034,0
1666,1618.6472222222221,0.5055555555554747,1.1388888888889142,0.4319444444445253,1.170418006430462,0.0328331712793893,1.0160062933345828,58.333333333333336,1.0499999999811,2.6366559485526198,0.00020975126244593412,0.995161089998081,0
1667,1619.786111111111,1.1388888888889142,0.6666666666667425,0.4319444444445253,2.6366559485526198,0.03512416848218017,1.0869000719537871,58.333333333333336,1.0499999999811,1.543408360128504,2.926525866087104e-08,0.9975057372549982,0
1668,1620.4527777777778,0.6666666666667425,0.5361111111110404,0.4319444444445253,1.543408360128504,0.03148170787318114,0.9741859247130227,55.55555555555556,0.9999999999820001,1.2411575562697004,5.560211866395548e-05,0.9984395330709451,0
1669,1620.9888888888888,0.5361111111110404,0.5027777777777374,0.466666666666697,1.1488095238092977,0.029149250999568267,0.9020091970263554,47.22222222222222,0.8499999999847,1.0773809523807958,3.0548756058124127e-06,0.9930646271392857,0
1670,1621.4916666666666,0.5027777777777374,0.49722222222226264,0.504166666666606,0.9972451790634006,0.02952797590575654,0.9137286524775375,50.0,0.8999999999838,0.9862258953170032,5.822633966090507e-07,0.998141690357341,0
1671,1621.9888888888888,0.49722222222226264,0.8583333333333485,0.504166666666606,0.9862258953170032,0.030236226575306967,0.935645120168046,55.55555555555556,0.9999999999820001,1.70247933884321,0.000321464758599177,0.9972585134116763,0
1672,1622.8472222222222,0.8583333333333485,0.650000000000091,0.5208333333332575,1.648000000000269,0.037355192707340404,1.1559380163563016,61.111111111111114,1.0999999999802001,1.2480000000003562,0.010408795438706875,0.9957631452498048,0
1673,1623.4972222222223,0.650000000000091,0.724999999999909,0.5930555555555657,1.0960187353631323,0.030851243519060958,0.9546765161926422,52.77777777777778,0.9499999999829001,1.2224824355970154,1.856762423813052e-06,0.9987105366406676,0
1674,1624.2222222222222,0.724999999999909,0.6944444444445708,0.6583333333334167,1.1012658227845324,0.03144522269430942,0.9730569088457561,55.55555555555556,0.9999999999820001,1.0548523206751639,1.331464449805253e-08,0.9986062174525048,0
1675,1624.9166666666667,0.6944444444445708,0.6722222222222172,0.6583333333334167,1.0548523206751639,0.0367248821205272,1.1364333660894042,61.111111111111114,1.0999999999802001,1.021097046413365,0.00014594424283131957,0.9973391108941806,0
1676,1625.588888888889,0.6722222222222172,0.8444444444444343,0.6694444444444798,1.0041493775933004,0.03046244815641789,0.9426454354327818,55.55555555555556,0.9999999999820001,1.261410788381661,6.448504450418113e-07,0.9978971407131259,0
1677,1626.4333333333334,0.8444444444444343,0.49722222222226264,0.6694444444444798,1.261410788381661,0.03088372437264996,0.9556816201887957,52.77777777777778,0.9499999999829001,0.7427385892116394,9.071786724601516e-12,0.9949846299522547,0
1678,1626.9305555555557,0.49722222222226264,0.48611111111108585,0.6611111111111541,0.7521008403361468,0.030171379051402446,0.9336384455208268,52.77777777777778,0.9499999999829001,0.7352941176469728,7.44362523619202e-07,0.99413888047426,0
1679,1627.4166666666667,0.48611111111108585,1.1833333333331666,0.6611111111111541,0.7352941176469728,0.032405922974030076,1.0027853052257063,55.55555555555556,0.9999999999820001,1.789915966386186,0.018364334478974342,0.9979787275357578,0
1680,1628.6,1.1833333333331666,0.7805555555555657,0.683333333333394,1.731707317072773,0.02921980285070762,0.904192389266728,50.0,0.8999999999838,1.142276422764141,6.540533259328129e-20,0.9971851757809854,0
1681,1629.3805555555555,0.7805555555555657,0.7277777777778738,0.7097222222222399,1.099804305283744,0.03616031075153871,1.1189629834983412,61.111111111111114,1.0999999999802001,1.0254403131116556,1.4479087440122385e-06,0.9975173487502584,0
1682,1630.1083333333333,0.7277777777778738,0.658333333333303,0.7097222222222399,1.0254403131116556,0.03478415635176885,1.076378564257549,61.111111111111114,1.0999999999802001,0.9275929549901495,1.4039663938092417e-06,0.9963913861179021,0
1683,1630.7666666666667,0.658333333333303,0.7916666666667425,0.7097222222222399,0.9275929549901495,0.03088933905108323,0.9558553636439956,52.77777777777778,0.9499999999829001,1.1154598825832494,3.3738118077053514e-08,0.9982106058001976,0
1684,1631.5583333333334,0.7916666666667425,0.4361111111111313,0.7111111111112223,1.1132812499999325,0.027133676643194216,0.8396382425628325,47.22222222222222,0.8499999999847,0.6132812499999326,7.259526049991727e-16,0.9949734323719114,0
1685,1631.9944444444445,0.4361111111111313,0.37222222222203527,0.7000000000000455,0.6230158730158614,0.03164220340039718,0.9791523796532408,52.77777777777778,0.9499999999829001,0.5317460317457301,2.5030216420418583e-05,0.9968195375063675,0
1686,1632.3666666666666,0.37222222222203527,0.4888888888890506,0.6930555555555884,0.537074148296298,0.030826107032464113,0.9538986800111355,50.0,0.8999999999838,0.7054108216434865,0.00011139084381284192,0.9954471502944544,0
1687,1632.8555555555556,0.4888888888890506,0.5805555555555202,0.5777777777777828,0.8461538461541186,0.030974221064923174,0.9584819957021189,50.0,0.8999999999838,1.0048076923076223,1.6880802604646306e-06,0.9983159520150586,0
1688,1633.4361111111111,0.5805555555555202,0.7194444444444343,0.6194444444444116,0.9372197309416966,0.029036068573557235,0.8985068226701424,50.0,0.8999999999838,1.1614349775785207,2.3882608957137563e-07,0.9972122911066449,0
1689,1634.1555555555556,0.7194444444444343,0.6638888888887777,0.6888888888888687,1.0443548387096935,0.03346069989067672,1.0354248567407853,63.888888888888886,1.1499999999793,0.9637096774192218,7.319073915823537e-07,0.9968319719371923,0
1690,1634.8194444444443,0.6638888888887777,0.7333333333333485,0.6611111111110404,1.0042016806722083,0.035343970784354695,1.0937017457975482,63.888888888888886,1.1499999999793,1.1092436974791333,0.0004838871245738119,0.9942335477171425,0
1691,1635.5527777777777,0.7333333333333485,0.5805555555557476,0.6611111111110404,1.1092436974791333,0.030334952649469702,0.9387001498455637,55.55555555555556,0.9999999999820001,0.878151260504586,3.0948661411400735e-09,0.9942496841331456,0
1692,1636.1333333333334,0.5805555555557476,0.7666666666666515,0.6194444444445253,0.9372197309418917,0.0331884045233383,1.0269988108828467,50.0,0.8999999999838,1.2376681614347915,0.00028301210841163993,0.9944826861488094,0
1693,1636.9,0.7666666666666515,0.5416666666665151,0.6222222222222626,1.2321428571427528,0.03306561680069244,1.0231992053591876,61.111111111111114,1.0999999999802001,0.8705357142854141,6.606372608075617e-06,0.9929285965421452,0
1694,1637.4416666666666,0.5416666666665151,0.9305555555556566,0.5805555555556339,0.9330143540665987,0.03154859661316718,0.9762557637852447,55.55555555555556,0.9999999999820001,1.602870813397087,0.0006486140191555023,0.998533794768239,0
1695,1638.3722222222223,0.9305555555556566,0.5194444444443889,0.6222222222222626,1.4955357142857795,0.03605090584922299,1.1155775027499677,58.333333333333336,1.0499999999811,0.834821428571285,9.149829338639393e-08,0.9985918566420431,0
1696,1638.8916666666667,0.5194444444443889,0.7055555555555202,0.6222222222222626,0.834821428571285,0.03156228293956837,0.9766792804062228,52.77777777777778,0.9499999999829001,1.1339285714284408,9.076274727704003e-05,0.9944613507832443,0
1697,1639.5972222222222,0.7055555555555202,0.7444444444445253,0.684722222222149,1.0304259634889024,0.03229351875183106,0.9993070120026797,58.333333333333336,1.0499999999811,1.08722109533492,1.4263243031109596e-07,0.9970481992675195,0
1698,1640.3416666666667,0.7444444444445253,0.6972222222220807,0.7124999999999773,1.0448343079923494,0.028743688625743804,0.8894592693742547,50.0,0.8999999999838,0.978557504873127,1.7954747931481219e-12,0.9989383262868001,0
1699,1641.0388888888888,0.6972222222220807,0.6166666666667879,0.7013888888888005,0.9940594059405177,0.03320893678616452,1.0276341716303763,58.333333333333336,1.0499999999811,0.879207920792363,8.007259566511493e-08,0.9982687834573566,0
1700,1641.6555555555556,0.6166666666667879,0.7388888888888232,0.7013888888888005,0.879207920792363,0.033741527541341354,1.0441149298984989,61.111111111111114,1.0999999999802001,1.0534653465346926,0.00015422758588101715,0.9930462507729592,0
1701,1642.3944444444444,0.7388888888888232,0.4555555555555202,0.7013888888888005,1.0534653465346926,0.03018266295614681,0.9339876203884052,55.55555555555556,0.9999999999820001,0.649504950495081,1.5094361871526019e-10,0.9965546687901513,0
1702,1642.85,0.4555555555555202,0.5500000000001819,0.7013888888888005,0.649504950495081,0.03044517161894749,0.9421108215008046,52.77777777777778,0.9499999999829001,0.7841584158419423,3.865487542498158e-06,0.9991191159017256,0
1703,1643.4,0.5500000000001819,0.8222222222220807,0.6569444444444343,0.8372093023258712,0.03161083324880964,0.978181645782772,55.55555555555556,0.9999999999820001,1.2515856236784508,0.0001432848657714203,0.9977990616983947,0
1704,1644.2222222222222,0.8222222222220807,0.625,0.7013888888888005,1.1722772277227183,0.0367794892015268,1.1381231552810762,61.111111111111114,1.0999999999802001,0.8910891089110035,4.348486527305795e-06,0.9967094923542448,0
1705,1644.8472222222222,0.625,0.6166666666667879,0.6611111111110404,0.9453781512606053,0.028404740308163944,0.8789706808414594,50.0,0.8999999999838,0.9327731092439807,4.862613645073566e-10,0.9943328443139996,0
1706,1645.463888888889,0.6166666666667879,0.7999999999999545,0.6611111111110404,0.9327731092439807,0.03433809659251673,1.062575464984956,52.77777777777778,0.9499999999829001,1.2100840336135061,3.3092564990511164e-05,0.9984797686487803,0
1707,1646.263888888889,0.7999999999999545,0.7416666666665606,0.6611111111110404,1.2100840336135061,0.03306570947976072,1.0232020732672502,61.111111111111114,1.0999999999802001,1.121848739495758,2.9387570066319313e-07,0.9979731863123874,0
1708,1647.0055555555555,0.7416666666665606,0.8833333333334394,0.6611111111110404,1.121848739495758,0.033878285611871055,1.0483468409478496,58.333333333333336,1.0499999999811,1.336134453781816,3.2225263566942886e-05,0.9977110870953871,0
1709,1647.888888888889,0.8833333333334394,0.4444444444443434,0.6819444444444116,1.295315682281277,0.029311039704438078,0.9070156687113299,52.77777777777778,0.9499999999829001,0.6517311608960136,2.1807427351004834e-14,0.9968111199685746,0
1710,1648.3333333333333,0.4444444444443434,0.7888888888890051,0.6819444444444116,0.6517311608960136,0.030497252953383007,0.9437224527106405,52.77777777777778,0.9499999999829001,1.1568228105908576,0.0011102479184046388,0.9980337011601792,0
1711,1649.1222222222223,0.7888888888890051,0.7305555555556111,0.6833333333332803,1.1544715447157068,0.032245820576516065,0.997831015490243,61.111111111111114,1.0999999999802001,1.0691056910570749,3.955581107106809e-08,0.9970764725151786,0
1712,1649.8527777777779,0.7305555555556111,0.599999999999909,0.7361111111110858,0.9924528301887888,0.0327581738590265,1.0136855351469538,52.77777777777778,0.9499999999829001,0.815094339622546,7.818173664020378e-09,0.9951405117533112,0
1713,1650.4527777777778,0.599999999999909,0.7194444444444343,0.7361111111110858,0.815094339622546,0.028105780287218687,0.869719510427516,50.0,0.8999999999838,0.9773584905660575,3.6150231697007484e-09,0.9972676385927992,0
1714,1651.1722222222222,0.7194444444444343,0.45833333333325754,0.7250000000000227,0.9923371647509128,0.031128425272777493,0.9632537688672962,55.55555555555556,0.9999999999820001,0.6321839080458527,1.306946773027562e-09,0.9959254472041998,0
1715,1651.6305555555555,0.45833333333325754,0.7250000000001364,0.7250000000000227,0.6321839080458527,0.033439353490014395,1.0347643028994151,55.55555555555556,0.9999999999820001,1.0000000000001568,0.006440695840865374,0.9956841792215412,0
1716,1652.3555555555556,0.7250000000001364,0.6805555555554292,0.7277777777778738,0.9961832061069262,0.03537468938388473,1.0946523177109149,55.55555555555556,0.9999999999820001,0.935114503816497,3.230164224987675e-07,0.9971649649436409,0
1717,1653.036111111111,0.6805555555554292,0.7194444444444343,0.7222222222222854,0.942307692307435,0.030433652368811286,0.9417543639861379,55.55555555555556,0.9999999999820001,0.996153846153745,1.6715402395561796e-09,0.9991014592099436,0
1718,1653.7555555555555,0.7194444444444343,0.5944444444444343,0.7194444444444343,1.0,0.03372100030471307,1.0434797246841858,58.333333333333336,1.0499999999811,0.8262548262548238,2.2644486818990117e-07,0.9958944767753857,0
1719,1654.35,0.5944444444444343,0.8000000000001819,0.6999999999999318,0.8492063492064176,0.031039219005387877,0.960493324915614,58.333333333333336,1.0499999999811,1.142857142857514,7.4934441727236845e-06,0.9966860786445435,0
1720,1655.15,0.8000000000001819,0.5027777777777374,0.7194444444444343,1.1119691119693804,0.03384905842752809,1.0474424201419452,55.55555555555556,0.9999999999820001,0.6988416988416525,3.952140392726733e-09,0.998214166019707,0
1721,1655.6527777777778,0.5027777777777374,0.875,0.6999999999999318,0.7182539682539805,0.032892024293362514,1.0178274708282118,55.55555555555556,0.9999999999820001,1.250000000000122,0.020361000671982765,0.9967704407796971,0
1722,1656.5277777777778,0.875,0.591666666666697,0.6999999999999318,1.250000000000122,0.032746123999224545,1.0133126581778544,58.333333333333336,1.0499999999811,0.8452380952382209,1.1809127009598797e-09,0.9963776669239945,0
1723,1657.1194444444445,0.591666666666697,0.8027777777776919,0.6999999999999318,0.8452380952382209,0.03514880898007174,1.0876625600094096,52.77777777777778,0.9499999999829001,1.1468253968253859,6.773704080842435e-05,0.9990449287928593,0
1724,1657.9222222222222,0.8027777777776919,0.6027777777778738,0.6999999999999318,1.1468253968253859,0.03463537909833498,1.0717747255205723,55.55555555555556,0.9999999999820001,0.8611111111113322,2.3153756956162397e-07,0.9934139570275815,0
1725,1658.525,0.6027777777778738,0.7166666666664696,0.6999999999999318,0.8611111111113322,0.03549011558718469,1.0982241246487996,63.888888888888886,1.1499999999793,1.023809523809342,0.0012187353568151593,0.9950861097440493,0
1726,1659.2416666666666,0.7166666666664696,0.7111111111112223,0.6986111111109494,1.0258449304174504,0.030941752745027182,0.9574772795549145,52.77777777777778,0.9499999999829001,1.0178926441355836,1.7705296118109004e-09,0.9970920405228716,0
1727,1659.9527777777778,0.7111111111112223,0.6694444444444798,0.7138888888888459,0.996108949416558,0.030485656340572025,0.9433636012461546,52.77777777777778,0.9499999999829001,0.9377431906615845,4.6259410191318295e-10,0.996472971397095,0
1728,1660.6222222222223,0.6694444444444798,0.5416666666665151,0.690277777777851,0.9698189134808336,0.0327141295808231,1.012322606678691,55.55555555555556,0.9999999999820001,0.7847082494966791,1.7545744412927888e-07,0.9954748548333912,0
1729,1661.1638888888888,0.5416666666665151,0.6166666666667879,0.690277777777851,0.7847082494966791,0.032684180477289146,1.0113958464394408,61.111111111111114,1.0999999999802001,0.8933601609658757,0.00036095804534852505,0.9931733516885102,0
1730,1661.7805555555556,0.6166666666667879,0.599999999999909,0.6430555555556339,0.9589632829374368,0.03382928469202464,1.0468305316483457,52.77777777777778,0.9499999999829001,0.9330453563712352,2.918003929153201e-06,0.9975056068527011,0
1731,1662.3805555555555,0.599999999999909,0.8388888888889596,0.6430555555556339,0.9330453563712352,0.03428263539227366,1.0608592454945096,52.77777777777778,0.9499999999829001,1.3045356371489791,0.00036079224082641304,0.9979388761169931,0
1732,1663.2194444444444,0.8388888888889596,0.7361111111110858,0.6430555555556339,1.3045356371489791,0.03267586817157131,1.0111386262382736,55.55555555555556,0.9999999999820001,1.1447084233259552,1.5191544378012622e-07,0.9926988617653971,0
1733,1663.9555555555555,0.7361111111110858,0.7194444444444343,0.690277777777851,1.0663983903419025,0.03801935444775358,1.1764901738774192,61.111111111111114,1.0999999999802001,1.0422535211266353,0.00025605622795410454,0.9952010342402681,0
1734,1664.675,0.7194444444444343,0.4472222222223081,0.690277777777851,1.0422535211266353,0.034583035644947364,1.0701549831690296,55.55555555555556,0.9999999999820001,0.6478873239437176,1.4127164149613236e-07,0.9981738801116808,0
1735,1665.1222222222223,0.4472222222223081,0.6166666666665606,0.690277777777851,0.6478873239437176,0.03270118592144548,1.011922071522506,55.55555555555556,0.9999999999820001,0.8933601609655463,0.00029354155412875116,0.998837878206609,0
1736,1665.7388888888888,0.6166666666665606,0.44444444444457076,0.6430555555556339,0.9589632829370832,0.031970674431394355,0.9893167537196813,58.333333333333336,1.0499999999811,0.6911447084234384,2.7461646823212504e-07,0.9974189436168905,0
1737,1666.1833333333334,0.44444444444457076,0.8083333333331666,0.6166666666666742,0.7207207207209168,0.030090357348006476,0.9311312688656533,52.77777777777778,0.9499999999829001,1.3108108108105243,0.0011859562946483493,0.99743437446981,0
1738,1666.9916666666666,0.8083333333331666,0.7083333333334849,0.6166666666666742,1.3108108108105243,0.029305146867186768,0.9068333177686816,52.77777777777778,0.9499999999829001,1.1486486486488803,2.0323386029641455e-10,0.9981254514267635,0
1739,1667.7,0.7083333333334849,0.5305555555555657,0.6625000000001364,1.0691823899371156,0.03124601979693526,0.9668926734248032,52.77777777777778,0.9499999999829001,0.8008385744233304,5.627179833211926e-10,0.9989286426006394,0
1740,1668.2305555555556,0.5305555555555657,0.8611111111110858,0.6625000000000227,0.8008385744234678,0.03600294211180302,1.1140932885491566,58.333333333333336,1.0499999999811,1.2997903563940472,0.2241828888654709,0.9957783022639825,0
1741,1669.0916666666667,0.8611111111110858,0.7083333333332575,0.7138888888889596,1.2062256809336973,0.029417208229864378,0.9103010013729022,52.77777777777778,0.9499999999829001,0.9922178988324803,6.984582183455768e-14,0.9991486869608961,0
1742,1669.8,0.7083333333332575,0.8222222222223081,0.7083333333333712,0.9999999999998395,0.029382296424994566,0.9092206727882045,52.77777777777778,0.9499999999829001,1.1607843137255494,2.457813508272011e-09,0.9987165786177064,0
1743,1670.6222222222223,0.8222222222223081,0.7944444444444798,0.7083333333333712,1.1607843137255494,0.033180764909359194,1.026762406795792,63.888888888888886,1.1499999999793,1.1215686274509704,4.0434193238070293e-07,0.9934565580639416,0
1744,1671.4166666666667,0.7944444444444798,0.5972222222221717,0.7083333333333712,1.1215686274509704,0.0329655689223168,1.0201032731021584,58.333333333333336,1.0499999999811,0.8431372549018443,1.325070009272622e-08,0.9969150959580669,0
1745,1672.013888888889,0.5972222222221717,0.7138888888889596,0.7083333333333712,0.8431372549018443,0.030113552385536296,0.93184902786322,52.77777777777778,0.9499999999829001,1.007843137254948,1.371346797895967e-06,0.9911863731342313,0
1746,1672.7277777777779,0.7138888888889596,0.5249999999998636,0.7111111111112223,1.0039062499999425,0.03461141905863878,1.0710332939082332,58.333333333333336,1.0499999999811,0.7382812499996928,3.84502328643066e-07,0.9980549723950761,0
1747,1673.2527777777777,0.5249999999998636,0.6083333333333485,0.7111111111112223,0.7382812499996928,0.028561091693030016,0.8838088973403702,50.0,0.8999999999838,0.8554687499998876,3.6009659254432336e-08,0.9966377077971657,0
1748,1673.861111111111,0.6083333333333485,0.49166666666678793,0.7083333333333712,0.8588235294117401,0.03425621031116638,1.060041534391357,52.77777777777778,0.9499999999829001,0.6941176470589576,8.810234817246965e-07,0.9973961999431505,0
1749,1674.3527777777779,0.49166666666678793,0.4111111111110404,0.658333333333303,0.7468354430381933,0.03143513535611909,0.9727447611400972,52.77777777777778,0.9499999999829001,0.6244725738395838,6.802714551668032e-07,0.997143884580248,0
1750,1674.763888888889,0.4111111111110404,0.6277777777777374,0.658333333333303,0.6244725738395838,0.03532826907652339,1.0932158641921146,55.55555555555556,0.9999999999820001,0.9535864978902778,0.01055910438299179,0.9962982097753109,0
1751,1675.3916666666667,0.6277777777777374,0.7305555555556111,0.6180555555555429,1.015730337078607,0.03395469758237644,1.0507113716920455,61.111111111111114,1.0999999999802001,1.1820224719102264,0.00015916817937977612,0.997081192872109,0
1752,1676.1222222222223,0.7305555555556111,0.7388888888888232,0.6180555555555429,1.1820224719102264,0.03458234363916851,1.0701335693914704,61.111111111111114,1.0999999999802001,1.1955056179774461,0.00016640046669635922,0.9961717838055577,0
1753,1676.861111111111,0.7388888888888232,0.6722222222222172,0.6180555555555429,1.1955056179774461,0.031150286691066804,0.9639302596751489,55.55555555555556,0.9999999999820001,1.0876404494382164,1.8115395405970958e-08,0.9995651173912696,0
1754,1677.5333333333333,0.6722222222222172,0.5111111111111768,0.6180555555555429,1.0876404494382164,0.03464942439045174,1.0722093501585923,55.55555555555556,0.9999999999820001,0.8269662921349547,1.406232695444487e-05,0.9964993644017727,0
1755,1678.0444444444445,0.5111111111111768,0.7361111111110858,0.6180555555555429,0.8269662921349547,0.03584685168609601,1.109263147302729,61.111111111111114,1.0999999999802001,1.1910112359550395,0.3640209138393402,0.9918584792292378,0
1756,1678.7805555555556,0.7361111111110858,0.47499999999990905,0.6180555555555429,1.1910112359550395,0.03338213008974754,1.0329935529982741,58.333333333333336,1.0499999999811,0.7685393258425652,9.696435654404922e-07,0.9965367898133202,0
1757,1679.2555555555555,0.47499999999990905,0.6444444444446162,0.6180555555555429,0.7685393258425652,0.03269122312711506,1.0116137777651721,55.55555555555556,0.9999999999820001,1.0426966292137825,0.00024126294010784477,0.9972457853419165,0
1758,1679.9,0.6444444444446162,0.6416666666666515,0.6361111111111768,1.0131004366813883,0.033137884519089125,1.0254354942656465,55.55555555555556,0.9999999999820001,1.0087336244540204,1.2302643881412223e-05,0.994720016080352,0
1759,1680.5416666666667,0.6416666666666515,0.6666666666665151,0.6430555555556339,0.997840172786032,0.03529384188459435,1.0921505317158788,55.55555555555556,0.9999999999820001,1.0367170626346272,2.6191015422227792e-05,0.997978119066902,0
1760,1681.2083333333333,0.6666666666665151,0.6777777777779193,0.6555555555555657,1.016949152542126,0.0312715946662533,0.9676840751434258,55.55555555555556,0.9999999999820001,1.0338983050849457,4.46676153842418e-08,0.9986052027609242,0
1761,1681.8861111111112,0.6777777777779193,0.658333333333303,0.6694444444443661,1.0124481327804127,0.03030638033214677,0.9378159935766419,52.77777777777778,0.9499999999829001,0.9834024896266258,2.421601807967022e-09,0.9973689298452357,0
1762,1682.5444444444445,0.658333333333303,0.7194444444444343,0.662499999999909,0.9937106918239901,0.030446609153013244,0.9421553052835395,52.77777777777778,0.9499999999829001,1.0859538784068423,1.8841593174556692e-08,0.9985602281520854,0
1763,1683.263888888889,0.7194444444444343,0.6166666666665606,0.662499999999909,1.0859538784068423,0.03424579743705325,1.0597193131371072,63.888888888888886,1.1499999999793,0.9308176100628607,5.358332782634534e-05,0.9924014270143737,0
1764,1683.8805555555555,0.6166666666665606,0.6416666666666515,0.6513888888889596,0.9466950959485616,0.03208946912017117,0.9929927967794552,58.333333333333336,1.0499999999811,0.9850746268655414,4.935012611895218e-07,0.9986792665484464,0
1765,1684.5222222222221,0.6416666666666515,0.5722222222223081,0.6513888888889596,0.9850746268655414,0.03571544600672745,1.1051968633582911,55.55555555555556,0.9999999999820001,0.8784648187633627,2.384820436418522e-05,0.99755018203894,0
1766,1685.0944444444444,0.5722222222223081,0.6527777777778283,0.6430555555556339,0.8898488120950576,0.03555140352947072,1.1001206497982667,55.55555555555556,0.9999999999820001,1.0151187904967152,8.344788511749357e-05,0.9987507211205182,0
1767,1685.7472222222223,0.6527777777778283,0.9166666666665151,0.6486111111112223,1.0064239828692845,0.03292663657994591,1.018898530967246,55.55555555555556,0.9999999999820001,1.4132762312629075,0.00037453381810337305,0.9956986855902672,0
1768,1686.6638888888888,0.9166666666665151,0.6083333333333485,0.6555555555555657,1.3983050847455099,0.02759222520353138,0.8538278016260634,47.22222222222222,0.8499999999847,0.9279661016949241,3.8530202634640077e-16,0.9922013389767612,0
1769,1687.2722222222221,0.6083333333333485,0.39444444444461624,0.6555555555555657,0.9279661016949241,0.0340886826048427,1.0548574721366208,52.77777777777778,0.9499999999829001,0.60169491525449,2.518604844681249e-07,0.9985164697960403,0
1770,1687.6666666666667,0.39444444444461624,0.6527777777776009,0.6472222222222399,0.6094420600860857,0.043185372660620135,1.3363500598168658,72.22222222222223,1.2999999999766,1.0085836909868238,0.9232065081596375,0.9796839011466263,1
1771,1688.3194444444443,0.6527777777776009,0.7666666666668789,0.6472222222221262,1.0085836909870007,0.032096790660471435,0.9932193582333786,58.333333333333336,1.0499999999811,1.1845493562236795,3.3973799418163253e-06,0.9976029710502263,0
1772,1689.0861111111112,0.7666666666668789,0.6722222222222172,0.6472222222221262,1.1845493562236795,0.02861164063580746,0.8853731094460565,50.0,0.8999999999838,1.0386266094422063,1.5637673447810307e-11,0.9960131658537286,0
1773,1689.7583333333334,0.6722222222222172,0.6666666666665151,0.6472222222221262,1.0386266094422063,0.03093699164478023,0.9573299496557421,52.77777777777778,0.9499999999829001,1.0300429184548543,1.1758248597004695e-08,0.9987606515132664,0
1774,1690.425,0.6666666666665151,0.8694444444445253,0.6527777777777146,1.0212765957445475,0.03475078261566632,1.0753458304523458,61.111111111111114,1.0999999999802001,1.331914893617274,0.004360371734946966,0.9932370563655124,0
1775,1691.2944444444445,0.8694444444445253,0.6222222222222626,0.6597222222221717,1.3178947368423288,0.03533209780773093,1.0933343423911666,58.333333333333336,1.0499999999811,0.9431578947369756,1.050146138936725e-07,0.9978216791514649,0
1776,1691.9166666666667,0.6222222222222626,0.6944444444443434,0.6597222222221717,0.9431578947369756,0.026993952657853898,0.8353145527423288,47.22222222222222,0.8499999999847,1.0526315789472958,1.8304772975152872e-10,0.9951600141668964,0
1777,1692.611111111111,0.6944444444443434,0.6166666666667879,0.6694444444443661,1.0373443983402193,0.03165158498206696,0.9794426880714199,52.77777777777778,0.9499999999829001,0.92116182572643,4.6350862703548046e-08,0.9931814137735138,0
1778,1693.2277777777779,0.6166666666667879,0.7472222222220353,0.659722222222058,0.9347368421056796,0.031186002733717515,0.965035475001361,55.55555555555556,0.9999999999820001,1.1326315789473669,3.1874953947408358e-06,0.9947534667218674,0
1779,1693.975,0.7472222222220353,0.8527777777778738,0.6694444444443661,1.1161825726139591,0.030420994796794394,0.9413626816622446,52.77777777777778,0.9499999999829001,1.273858921162118,3.0295190356355306e-08,0.9991863756630155,0
1780,1694.8277777777778,0.8527777777778738,0.7444444444445253,0.6833333333332803,1.2479674796750342,0.031128500637472578,0.963256100990619,55.55555555555556,0.9999999999820001,1.089430894309146,1.9417842334057411e-10,0.9967977578946993,0
1781,1695.5722222222223,0.7444444444445253,0.44166666666660603,0.7194444444444343,1.0347490347491617,0.0332232328045949,1.028076554870524,55.55555555555556,0.9999999999820001,0.6138996138995383,2.2339721184039263e-08,0.9953002978227135,0
1782,1696.013888888889,0.44166666666660603,0.683333333333394,0.6833333333332803,0.6463414634145956,0.033372196060911866,1.0326861493749893,52.77777777777778,0.9499999999829001,1.0000000000001663,0.0027820810209959745,0.9965991570607006,0
1783,1696.6972222222223,0.683333333333394,0.6194444444442979,0.6888888888888687,0.9919354838710849,0.03069140734635981,0.9497304646527222,52.77777777777778,0.9499999999829001,0.8991935483869105,1.2769173496351982e-09,0.9968910463425971,0
1784,1697.3166666666666,0.6194444444442979,0.7861111111112677,0.6888888888888687,0.8991935483869105,0.03620632353532375,1.120386826401046,55.55555555555556,0.9999999999820001,1.1411290322583254,0.00020559728727675974,0.9964348407454444,0
1785,1698.1027777777779,0.7861111111112677,0.7805555555555657,0.6888888888888687,1.1411290322583254,0.03646384801732278,1.128355794496522,58.333333333333336,1.0499999999811,1.1330645161290802,5.452715413412079e-05,0.9928155182108949,0
1786,1698.8833333333334,0.7805555555555657,0.6527777777776009,0.7194444444444343,1.0849420849421143,0.02731409414727387,0.8452211732524341,47.22222222222222,0.8499999999847,0.9073359073356743,3.952318412326662e-14,0.991230683826945,0
1787,1699.536111111111,0.6527777777776009,0.841666666666697,0.7138888888889596,0.9143968871591948,0.030823103336347694,0.9538057321161065,52.77777777777778,0.9499999999829001,1.1789883268481747,1.8942384372166998e-07,0.9982487250638504,0
1788,1700.3777777777777,0.841666666666697,0.7388888888888232,0.7458333333332803,1.1284916201118527,0.031652815655379044,0.9794807706501473,58.333333333333336,1.0499999999811,0.9906890130353642,1.0626207552766331e-10,0.9987254829298184,0
1789,1701.1166666666666,0.7388888888888232,0.8805555555557021,0.7416666666666742,0.9962546816478414,0.036030802899043694,1.1149554268705788,61.111111111111114,1.0999999999802001,1.1872659176031817,2.2144457034301013e-05,0.9968742323868931,0
1790,1701.9972222222223,0.8805555555557021,0.7305555555556111,0.7416666666666742,1.1872659176031817,0.03634314946106293,1.1246208371963908,58.333333333333336,1.0499999999811,0.9850187265918252,2.6080893889002255e-08,0.9983384368320027,0
1791,1702.7277777777779,0.7305555555556111,0.5694444444443434,0.7347222222222172,0.9943289224953565,0.03316935229344708,1.0264092490246022,58.333333333333336,1.0499999999811,0.7750472589790738,4.522967955722379e-08,0.9967159435603166,0
1792,1703.2972222222222,0.5694444444443434,0.566666666666606,0.7347222222222172,0.7750472589790738,0.03080836695783919,0.9533497221505081,52.77777777777778,0.9499999999829001,0.7712665406426449,6.411387687421666e-08,0.9983624498798336,0
1793,1703.8638888888888,0.566666666666606,0.5222222222223536,0.7347222222222172,0.7712665406426449,0.024810225827744684,0.7677402029046299,44.44444444444444,0.7999999999856,0.7107750472591629,1.9058925444792596e-12,0.9905545731565919,0
1794,1704.3861111111112,0.5222222222223536,0.5972222222221717,0.7347222222222172,0.7107750472591629,0.028937012683686692,0.8954415870081974,50.0,0.8999999999838,0.8128544423439822,1.290608366844026e-07,0.9961204536097303,0
1795,1704.9833333333333,0.5972222222221717,0.8805555555554747,0.691666666666606,0.8634538152610468,0.03169646923384128,0.9808316091075961,58.333333333333336,1.0499999999811,1.2730923694779064,0.0001083017632481642,0.9973325387759633,0
1796,1705.8638888888888,0.8805555555554747,0.4583333333334849,0.691666666666606,1.2730923694779064,0.0314042451412655,0.9717888786751765,55.55555555555556,0.9999999999820001,0.6626506024099158,5.968825694119273e-12,0.9970551941696636,0
1797,1706.3222222222223,0.4583333333334849,0.6722222222222172,0.6638888888888914,0.6903765690378826,0.031755856397771565,0.9826693156082271,52.77777777777778,0.9499999999829001,1.0125523012552187,0.0002126045583281666,0.9971281936967283,0
1798,1706.9944444444445,0.6722222222222172,0.6027777777776464,0.6347222222221944,1.0590809628009137,0.03299090720405003,1.020887353734644,58.333333333333336,1.0499999999811,0.9496717724287186,1.1772922334785108e-06,0.9988923687257358,0
1799,1707.5972222222222,0.6027777777776464,0.5805555555555202,0.599999999999909,1.004629629629563,0.030748748335293886,0.9515048532771808,55.55555555555556,0.9999999999820001,0.9675925925926803,7.562374548797379e-07,0.9970317411615423,0
1800,1708.1777777777777,0.5805555555555202,0.49166666666678793,0.5888888888888459,0.9858490566037854,0.034692183809195615,1.0735325192845175,55.55555555555556,0.9999999999820001,0.8349056603776253,0.0001557628420414403,0.9976793537029232,0
1801,1708.6694444444445,0.49166666666678793,0.3805555555554747,0.5749999999999318,0.8550724637684283,0.03541165967687144,1.0957963451952322,55.55555555555556,0.9999999999820001,0.6618357487922084,0.0005837336648255587,0.9963501470697234,0
1802,1709.05,0.3805555555554747,0.7250000000001364,0.5736111111110631,0.6634382566585102,0.035935626108939474,1.1120102280378978,61.111111111111114,1.0999999999802001,1.2639225181601499,0.21889084577560425,0.9931147987963291,0
1803,1709.775,0.7250000000001364,0.7777777777776009,0.5888888888888459,1.2311320754720196,0.031090302181162554,0.962074068597939,58.333333333333336,1.0499999999811,1.3207547169809282,1.0374329576734453e-05,0.9977315398138931,0
1804,1710.5527777777777,0.7777777777776009,0.5055555555557021,0.599999999999909,1.2962962962961981,0.03085570813421105,0.9548146715067058,52.77777777777778,0.9499999999829001,0.8425925925929645,1.913398772757091e-09,0.9944147360901292,0
1805,1711.0583333333334,0.5055555555557021,0.6749999999999545,0.5916666666665833,0.8544600938970817,0.028500755642534462,0.8819418280129271,47.22222222222222,0.8499999999847,1.1408450704226192,2.1270955130603397e-06,0.9931431912788178,0
1806,1711.7333333333333,0.6749999999999545,0.683333333333394,0.5916666666665833,1.1408450704226192,0.03535220420623297,1.0939565249772025,58.333333333333336,1.0499999999811,1.1549295774650539,0.00048714663716964424,0.998212627118231,0
1807,1712.4166666666667,0.683333333333394,0.7083333333332575,0.6374999999999318,1.071895424836811,0.03417701329836139,1.0575908218866628,58.333333333333336,1.0499999999811,1.1111111111111112,2.2782260202802718e-05,0.9970761206111012,0
1808,1713.125,0.7083333333332575,0.6694444444444798,0.6388888888888005,1.108695652173948,0.036959223233280374,1.1436849362566062,58.333333333333336,1.0499999999811,1.0478260869567222,0.00015908913337625563,0.9981619452366932,0
1809,1713.7944444444445,0.6694444444444798,0.4722222222221717,0.6722222222222172,0.9958677685951014,0.03235086167226659,1.0010814603964981,58.333333333333336,1.0499999999811,0.7024793388429054,5.362803676689509e-07,0.9944553174773889,0
1810,1714.2666666666667,0.4722222222221717,0.8527777777778738,0.6722222222222172,0.7024793388429054,0.03073990193315966,0.9512311057258018,58.333333333333336,1.0499999999811,1.2685950413224665,0.023653149604797363,0.9944299687930069,0
1811,1715.1194444444445,0.8527777777778738,0.6111111111110858,0.6791666666666742,1.2556237218815178,0.03583663066504075,1.1089468628467416,55.55555555555556,0.9999999999820001,0.8997955010224477,3.623889099912958e-08,0.9987367727712287,0
1812,1715.7305555555556,0.6111111111110858,0.8027777777776919,0.6791666666666742,0.8997955010224477,0.027331488158866803,0.8457594223631999,47.22222222222222,0.8499999999847,1.1820040899794104,2.7231228827417908e-08,0.9933587659865517,0
1813,1716.5333333333333,0.8027777777776919,0.5416666666667425,0.6791666666666742,1.1820040899794104,0.03158322130734415,0.9773272078711429,52.77777777777778,0.9499999999829001,0.7975460122700413,7.601888563080195e-11,0.9973948620900408,0
1814,1717.075,0.5416666666667425,0.44166666666660603,0.6722222222222172,0.8057851239670609,0.03129117529330494,0.9682899879912168,55.55555555555556,0.9999999999820001,0.6570247933883445,1.2817083927529893e-07,0.998184616486326,0
1815,1717.5166666666667,0.44166666666660603,0.7472222222222626,0.6722222222222172,0.6570247933883445,0.031764187457708974,0.9829271161494703,55.55555555555556,0.9999999999820001,1.1115702479339529,0.0017679964657872915,0.998358035994749,0
1816,1718.263888888889,0.7472222222222626,0.6694444444444798,0.6763888888889369,1.1047227926077843,0.030743353678685394,0.9513379182888434,50.0,0.8999999999838,0.9897330595482366,1.9290263830740173e-10,0.9967461836881538,0
1817,1718.9333333333334,0.6694444444444798,0.5555555555554292,0.6694444444444798,1.0,0.03508934015618425,1.085822326581674,58.333333333333336,1.0499999999811,0.8298755186719666,5.791593594040023e-06,0.9977793836843476,0
1818,1719.4888888888888,0.5555555555554292,0.5722222222223081,0.6402777777777828,0.8676789587850453,0.034935126115565755,1.0810502491464584,63.888888888888886,1.1499999999793,0.8937093275489341,0.0006162420031614602,0.996131986134694,0
1819,1720.0611111111111,0.5722222222223081,0.6194444444445253,0.591666666666697,0.9671361502348375,0.03327577519017043,1.0297024530805168,58.333333333333336,1.0499999999811,1.0469483568075948,0.0002533939841669053,0.9965205205639077,0
1820,1720.6805555555557,0.6194444444445253,0.6555555555555657,0.6152777777778056,1.0067720090294312,0.02572799226316768,0.796140032645912,47.22222222222222,0.8499999999847,1.065462753950307,1.2292501738730977e-10,0.9937059931219245,0
1821,1721.3361111111112,0.6555555555555657,0.49722222222203527,0.6152777777778056,1.065462753950307,0.03167199003286165,0.9800741123053692,52.77777777777778,0.9499999999829001,0.8081264108348741,2.097918283539002e-08,0.9976018057166924,0
1822,1721.8333333333333,0.49722222222203527,0.5361111111112677,0.5958333333334167,0.834498834498404,0.0334735888215786,1.0358236983512785,58.333333333333336,1.0499999999811,0.8997668997670367,0.00018119870219379663,0.9962807677106758,0
1823,1722.3694444444445,0.5361111111112677,0.4833333333333485,0.5638888888888687,0.9507389162564694,0.031453405956585107,0.9733101358612448,55.55555555555556,0.9999999999820001,0.8571428571429147,1.3830484931531828e-05,0.9954057180101517,0
1824,1722.8527777777779,0.4833333333333485,0.6611111111110404,0.5638888888888687,0.8571428571429147,0.027658968426368127,0.8558931377418634,47.22222222222222,0.8499999999847,1.172413793103365,5.444892394734779e-07,0.9970861462945312,0
1825,1723.513888888889,0.6611111111110404,0.7638888888889142,0.5958333333334167,1.1095571095568355,0.029765991544740085,0.9210939290468203,50.0,0.8999999999838,1.2820512820511452,2.825509284321015e-07,0.9986582450627144,0
1826,1724.2777777777778,0.7638888888889142,0.6527777777778283,0.5958333333334167,1.2820512820511452,0.036028499598457914,1.1148841523698405,61.111111111111114,1.0999999999802001,1.0955710955710272,0.0014149608323350549,0.9956592421663861,0
1827,1724.9305555555557,0.6527777777778283,0.7444444444442979,0.5958333333334167,1.0955710955710272,0.034149454331618444,1.0567380232516979,61.111111111111114,1.0999999999802001,1.2494172494168287,0.000768324825912714,0.9962645854791246,0
1828,1725.675,0.7444444444442979,0.44166666666660603,0.6361111111111768,1.170305676855544,0.02796593021365968,0.8653919188692663,52.77777777777778,0.9499999999829001,0.6943231441046365,2.314326248004095e-12,0.9972779014523683,0
1829,1726.1166666666666,0.44166666666660603,0.625,0.6361111111111768,0.6943231441046365,0.03356014728655149,1.038502207362957,58.333333333333336,1.0499999999811,0.9825327510916017,0.0022950165439397097,0.9971734423139464,0
1830,1726.7416666666666,0.625,0.7000000000000455,0.6388888888889142,0.9782608695651787,0.030668958297511692,0.9490357899070213,55.55555555555556,0.9999999999820001,1.0956521739130713,2.3237750212956598e-07,0.9979557846817757,0
1831,1727.4416666666666,0.7000000000000455,0.7361111111110858,0.6388888888889142,1.0956521739130713,0.02795111358382724,0.8649334255660251,50.0,0.8999999999838,1.1521739130433932,8.085538349966725e-10,0.9963293168100478,0
1832,1728.1777777777777,0.7361111111110858,0.7361111111110858,0.6569444444444343,1.1205073995771457,0.03259901801972835,1.0087605361886787,50.0,0.8999999999838,1.1205073995771457,3.579559404442989e-08,0.9974512781309135,0
1833,1728.9138888888888,0.7361111111110858,0.6222222222222626,0.6805555555555429,1.0816326530612075,0.03520576292501173,1.0894249717483446,55.55555555555556,0.9999999999820001,0.9142857142857906,2.582586830612854e-06,0.9952027478438429,0
1834,1729.536111111111,0.6222222222222626,0.6000000000001364,0.6805555555555429,0.9142857142857906,0.03359022126678015,1.039432831849941,52.77777777777778,0.9499999999829001,0.8816326530614413,9.326340659754351e-07,0.9956659348267614,0
1835,1730.1361111111112,0.6000000000001364,0.5388888888887777,0.6763888888889369,0.8870636550309395,0.03258075892313057,1.0081955174490604,50.0,0.8999999999838,0.7967145790552206,2.9845821813978546e-08,0.9978323854923491,0
1836,1730.675,0.5388888888887777,0.7000000000000455,0.6388888888889142,0.8434782608693578,0.031769767654203765,0.983099792578089,58.333333333333336,1.0499999999811,1.0956521739130713,2.430742642900441e-05,0.9972854959989339,0
1837,1731.375,0.7000000000000455,0.46111111111122227,0.6625000000000227,1.056603773584938,0.03224336706178985,0.9977550926870081,55.55555555555556,0.9999999999820001,0.6960167714886135,2.485387895490021e-08,0.9966299169563758,0
1838,1731.8361111111112,0.46111111111122227,0.6083333333331211,0.6236111111111313,0.739420935412181,0.03444977574925192,1.0660313214147759,58.333333333333336,1.0499999999811,0.9755011135853742,0.017940232530236244,0.9937908355860132,0
1839,1732.4444444444443,0.6083333333331211,0.6472222222223536,0.6236111111111313,0.9755011135853742,0.0303182571186846,0.9381835148789355,50.0,0.8999999999838,1.0378619153676603,1.6234848132512525e-08,0.9995826433101103,0
1840,1733.0916666666667,0.6472222222223536,0.6527777777778283,0.6347222222223081,1.0196936542670274,0.029442012463329097,0.9110685561450881,52.77777777777778,0.9499999999829001,1.0284463894966582,1.2113969383165113e-08,0.9962916364489814,0
1841,1733.7444444444445,0.6527777777778283,0.5638888888888687,0.6347222222223081,1.0284463894966582,0.032876994588728434,1.0173623840303134,58.333333333333336,1.0499999999811,0.8884026258204168,3.983841907029273e-06,0.9959303733791072,0
1842,1734.3083333333334,0.5638888888888687,0.6361111111109494,0.6152777777776919,0.9164785553048355,0.031721655249215976,0.981610977932708,52.77777777777778,0.9499999999829001,1.0338600451466085,5.60127273274702e-06,0.9961601943067159,0
1843,1734.9444444444443,0.6361111111109494,0.6944444444445708,0.6152777777776919,1.0338600451466085,0.033479321470812506,1.0360010923547258,52.77777777777778,0.9499999999829001,1.128668171557925,4.879283005720936e-05,0.9953809950471084,0
1844,1735.638888888889,0.6944444444445708,0.8333333333332575,0.6222222222220353,1.1160714285719668,0.03031661899037308,0.9381328238061898,52.77777777777778,0.9499999999829001,1.3392857142859949,1.8954505094370688e-06,0.9974370155171819,0
1845,1736.4722222222222,0.8333333333332575,0.9583333333334849,0.6416666666666515,1.2987012987012112,0.034960423123050796,1.0818330525676882,63.888888888888886,1.1499999999793,1.493506493506765,0.0006939760642126203,0.9955229109568757,0
1846,1737.4305555555557,0.9583333333334849,0.6777777777776919,0.650000000000091,1.4743589743590013,0.03007539043645672,0.9306681251687823,52.77777777777778,0.9499999999829001,1.0427350427347646,6.986740423405371e-14,0.996641256966484,0
1847,1738.1083333333333,0.6777777777776919,0.5833333333332575,0.650000000000091,1.0427350427347646,0.03491039403217712,1.0802849270227954,52.77777777777778,0.9499999999829001,0.8974358974356552,2.433313284200267e-06,0.9969303025038523,0
1848,1738.6916666666666,0.5833333333332575,0.7027777777777828,0.650000000000091,0.8974358974356552,0.03242028323335449,1.0032296763686388,55.55555555555556,0.9999999999820001,1.0811965811964377,6.119701083662221e-06,0.9970725735024224,0
1849,1739.3944444444444,0.7027777777777828,0.6722222222222172,0.6652777777777601,1.056367432150349,0.0321918410450456,0.9961606455092697,55.55555555555556,0.9999999999820001,1.0104384133611883,6.750124015297843e-08,0.9977892040168463,0
1850,1740.0666666666666,0.6722222222222172,0.45277777777778283,0.6749999999999545,0.9958847736626111,0.031790072707880826,0.9837281224505476,52.77777777777778,0.9499999999829001,0.6707818930041679,2.5112900647883407e-09,0.9978078286384732,0
1851,1740.5194444444444,0.45277777777778283,0.6749999999999545,0.6749999999999545,0.6707818930041679,0.03497952862629051,1.0824242629434297,52.77777777777778,0.9499999999829001,1.0,0.005517841782420874,0.9968295247452337,0
1852,1741.1944444444443,0.6749999999999545,0.5361111111112677,0.6763888888888232,0.9979466119096806,0.0318580085089769,0.9858303623124542,55.55555555555556,0.9999999999820001,0.7926078028750518,2.120665065774574e-08,0.9974711550055437,0
1853,1741.7305555555556,0.5361111111112677,0.4888888888888232,0.6763888888888232,0.7926078028750518,0.03451375349991615,1.068011081358009,55.55555555555556,0.9999999999820001,0.7227926078028478,2.2571173758478835e-05,0.9976952168425386,0
1854,1742.2194444444444,0.4888888888888232,0.724999999999909,0.6736111111110858,0.7257731958762184,0.03211641532354128,0.9938266337540362,55.55555555555556,0.9999999999820001,1.0762886597937198,0.00031665267306379974,0.9972696259936102,0
1855,1742.9444444444443,0.724999999999909,0.6916666666668334,0.6736111111110858,1.0762886597937198,0.037265243883342375,1.153154594356569,61.111111111111114,1.0999999999802001,1.0268041237116263,0.00011724780779331923,0.9965591032281458,0
1856,1743.6361111111112,0.6916666666668334,0.48055555555538376,0.6736111111110858,1.0268041237116263,0.0357304161515888,1.1056601071083947,61.111111111111114,1.0999999999802001,0.7134020618554419,0.0001797669247025624,0.9935587200336917,0
1857,1744.1166666666666,0.48055555555538376,1.1972222222223081,0.6277777777777374,0.7654867256634924,0.03376414444143348,1.0448147987181686,55.55555555555556,0.9999999999820001,1.9070796460179587,0.04662599787116051,0.9951114660065858,0
1858,1745.3138888888889,1.1972222222223081,0.6055555555556111,0.6736111111110858,1.7773195876290602,0.02808617640902411,0.8691128780845734,52.77777777777778,0.9499999999829001,0.8989690721650647,7.282111987591855e-21,0.9973462786904034,0
1859,1745.9194444444445,0.6055555555556111,0.47499999999990905,0.6388888888889142,0.9478260869565712,0.03077843224880876,0.9524234073420708,52.77777777777778,0.9499999999829001,0.7434782608693935,6.7956831273363605e-09,0.9976177211741566,0
1860,1746.3944444444444,0.47499999999990905,0.5666666666668334,0.5708333333334394,0.8321167883208539,0.03039022183626237,0.94041042757448,52.77777777777778,0.9499999999829001,0.9927007299271149,3.1525810300081503e-06,0.997305645226773,0
1861,1746.9611111111112,0.5666666666668334,0.625,0.5861111111112223,0.9668246445498642,0.03461389480767642,1.07110990474127,55.55555555555556,0.9999999999820001,1.0663507109002717,0.0005345611134544015,0.9973850861483039,0
1862,1747.5861111111112,0.625,0.5388888888887777,0.5861111111112223,1.0663507109002717,0.029734376518975317,0.9201156176656987,52.77777777777778,0.9499999999829001,0.9194312796204891,8.180025545811986e-09,0.9988132581664247,0
1863,1748.125,0.5388888888887777,0.8333333333332575,0.5861111111112223,0.9194312796204891,0.032357070857386205,1.001273600567922,58.333333333333336,1.0499999999811,1.4218009478668996,0.0009725462296046317,0.9985888808662117,0
1864,1748.9583333333333,0.8333333333332575,0.48055555555561114,0.6152777777778056,1.35440180586889,0.034082162265228824,1.0546557034428203,61.111111111111114,1.0999999999802001,0.7810383747178881,1.0395705203336547e-06,0.9959853624584221,0
1865,1749.4388888888889,0.48055555555561114,0.650000000000091,0.5861111111112223,0.8199052132700815,0.033649726588677,1.041274194690577,61.111111111111114,1.0999999999802001,1.1090047393364377,0.00391331035643816,0.99630022210126,0
1866,1750.088888888889,0.650000000000091,0.7194444444444343,0.5861111111112223,1.1090047393364377,0.031009478434076993,0.9595730176031677,52.77777777777778,0.9499999999829001,1.2274881516585177,2.5533804546284955e-06,0.9989214557860713,0
1867,1750.8083333333334,0.7194444444444343,0.46944444444443434,0.6152777777778056,1.1693002257335652,0.03616158057323644,1.1190022775045563,63.888888888888886,1.1499999999793,0.7629796839728611,0.0007867114036343992,0.9967774346178109,0
1868,1751.2777777777778,0.46944444444443434,0.7611111111109494,0.5861111111112223,0.800947867298409,0.03164591227039232,0.9792671488061853,55.55555555555556,0.9999999999820001,1.2985781990516105,0.0006748512969352305,0.9988307833573375,0
1869,1752.0388888888888,0.7611111111109494,0.6138888888890506,0.5958333333334167,1.2773892773888273,0.028217918000616533,0.8731895566671214,50.0,0.8999999999838,1.0303030303031575,7.354103437329229e-11,0.9943714095630387,0
1870,1752.6527777777778,0.6138888888890506,0.7416666666665606,0.6194444444445253,0.9910313901346608,0.028310097819041494,0.8760420156891651,47.22222222222222,0.8499999999847,1.1973094170400311,3.102332257753915e-08,0.9957901732790319,0
1871,1753.3944444444444,0.7416666666665606,0.4722222222221717,0.6375000000000455,1.163398692810208,0.029711767144101574,0.9194159817102008,50.0,0.8999999999838,0.7407407407406087,1.2800202738028066e-11,0.9968125850090555,0
1872,1753.8666666666666,0.4722222222221717,0.46111111111122227,0.6319444444445708,0.7472527472525179,0.03315703075572445,1.0260279651162274,58.333333333333336,1.0499999999811,0.7296703296703597,5.479591709445231e-05,0.9971470530595534,0
1873,1754.3277777777778,0.46111111111122227,0.7138888888889596,0.6319444444445708,0.7296703296703597,0.035432865982850184,1.0964525638757077,61.111111111111114,1.0999999999802001,1.1296703296702157,0.14971216022968292,0.9947251562543078,0
1874,1755.0416666666667,0.7138888888889596,0.7277777777776464,0.6319444444445708,1.1296703296702157,0.034565033533430045,1.0695979167059924,52.77777777777778,0.9499999999829001,1.1516483516479135,1.963742579391692e-05,0.9956850890125806,0
1875,1755.7694444444444,0.7277777777776464,0.7916666666667425,0.6819444444445253,1.0672097759670942,0.028701818493555006,0.8881636187822184,50.0,0.8999999999838,1.1608961303462058,2.63441962689015e-10,0.9982386941706494,0
1876,1756.5611111111111,0.7916666666667425,0.7111111111109949,0.716666666666697,1.1046511627907567,0.03636015174750683,1.1251469645656016,61.111111111111114,1.0999999999802001,0.9922480620152997,8.960104423749726e-06,0.9931459989368923,0
1877,1757.2722222222221,0.7111111111109949,0.43888888888909605,0.7124999999999773,0.9980506822610773,0.030998130471259665,0.959221860490112,55.55555555555556,0.9999999999820001,0.6159844054584,3.247011548523915e-10,0.9991943086395447,0
1878,1757.7111111111112,0.43888888888909605,0.6472222222221262,0.7124999999999773,0.6159844054584,0.033744856382884963,1.0442179392584245,50.0,0.8999999999838,0.9083820662766974,0.0005670959362760186,0.9989083790490537,0
1879,1758.3583333333333,0.6472222222221262,0.7694444444443889,0.6791666666665606,0.9529652351738317,0.031801337179228326,0.9840766959612438,55.55555555555556,0.9999999999820001,1.1329243353784182,3.4916811841867457e-07,0.9984955284454629,0
1880,1759.1277777777777,0.7694444444443889,0.6055555555556111,0.7124999999999773,1.0799220272904049,0.034095084141956,1.0550555645456297,61.111111111111114,1.0999999999802001,0.8499025341131655,1.9597469247401023e-07,0.9974174337835688,0
1881,1759.7333333333333,0.6055555555556111,0.6472222222221262,0.6791666666665606,0.8916155419225116,0.03225360280735053,0.9980718327855544,55.55555555555556,0.9999999999820001,0.9529652351738317,1.7227412740794534e-07,0.9982307957807415,0
1882,1760.3805555555555,0.6472222222221262,0.775000000000091,0.6791666666665606,0.9529652351738317,0.029804479523292755,0.9222849205625191,52.77777777777778,0.9499999999829001,1.1411042944788399,1.7504106608612346e-08,0.9995478657749086,0
1883,1761.1555555555556,0.775000000000091,1.0305555555555657,0.7124999999999773,1.0877192982457764,0.03629811556593943,1.1232272855205718,58.333333333333336,1.0499999999811,1.4463937621832963,0.0007760818116366863,0.9968867704267046,0
1884,1762.1861111111111,1.0305555555555657,0.783333333333303,0.7194444444443207,1.432432432432693,0.0315611528653951,0.9766443108182347,58.333333333333336,1.0499999999811,1.088803088803234,8.639081474932225e-14,0.9979568121276234,0
1885,1762.9694444444444,0.783333333333303,0.7027777777777828,0.7402777777776919,1.0581613508443595,0.03546720552937704,1.0975151842081956,55.55555555555556,0.9999999999820001,0.9493433395873591,8.287368302717368e-08,0.9974503382902017,0
1886,1763.6722222222222,0.7027777777777828,0.7999999999999545,0.7069444444443889,0.9941060903733663,0.03607814585726817,1.116420431365327,55.55555555555556,0.9999999999820001,1.1316306483300835,6.432702502934262e-05,0.9933656949999321,0
1887,1764.4722222222222,0.7999999999999545,0.7888888888890051,0.7361111111110858,1.0867924528301642,0.0302166535351278,0.9350394420922822,55.55555555555556,0.9999999999820001,1.0716981132077419,2.315379277195717e-10,0.9954827503043212,0
1888,1765.2611111111112,0.7888888888890051,0.48055555555538376,0.7722222222222399,1.0215827338130767,0.02946917817410476,0.9119091856680823,50.0,0.8999999999838,0.6223021582731446,2.8767637686062664e-14,0.9986972116155945,0
1889,1765.7416666666666,0.48055555555538376,0.4777777777778738,0.7722222222222399,0.6223021582731446,0.03232104780593138,1.0001588850056702,58.333333333333336,1.0499999999811,0.6187050359713332,0.0002105453168042004,0.9978392772687805,0
1890,1766.2194444444444,0.4777777777778738,0.7305555555556111,0.7388888888889369,0.6466165413534714,0.03475650314611357,1.0755228494459166,61.111111111111114,1.0999999999802001,0.9887218045112892,0.0188866276293993,0.9976081834066322,0
1891,1766.95,0.7305555555556111,0.691666666666606,0.752777777777851,0.9704797047970274,0.0325021750724367,1.0057637789435094,58.333333333333336,1.0499999999811,0.9188191881917119,7.238814703214302e-08,0.9936236093482156,0
1892,1767.6416666666667,0.691666666666606,0.8388888888889596,0.752777777777851,0.9188191881917119,0.03590028893514022,1.110916736621452,58.333333333333336,1.0499999999811,1.1143911439114247,2.198556649091188e-05,0.9968446495113485,0
1893,1768.4805555555556,0.8388888888889596,0.7111111111109949,0.7569444444444571,1.1082568807340198,0.030227543585628697,0.9353764293345285,52.77777777777778,0.9499999999829001,0.9394495412842344,3.8548859742325303e-13,0.9983062343659914,0
1894,1769.1916666666666,0.7111111111109949,1.0361111111112677,0.720833333333303,0.9865125240846587,0.033958418510644295,1.0508265139822928,61.111111111111114,1.0999999999802001,1.4373795761081776,0.0008622609893791378,0.9953021019452082,0
1895,1770.2277777777779,1.0361111111112677,0.6722222222222172,0.720833333333303,1.4373795761081776,0.03355335403390738,1.0382919935100248,52.77777777777778,0.9499999999829001,0.9325626204239243,4.4062128755741406e-14,0.9967768008635793,0
1896,1770.9,0.6722222222222172,0.47499999999990905,0.720833333333303,0.9325626204239243,0.029078742399582226,0.8998273431715924,50.0,0.8999999999838,0.6589595375721559,3.5694888884940656e-12,0.9986687782845576,0
1897,1771.375,0.47499999999990905,0.5083333333334394,0.7013888888888005,0.677227722772233,0.03283834981969669,1.0161665407105618,55.55555555555556,0.9999999999820001,0.7247524752477674,3.56311647919938e-05,0.9984713619139233,0
1898,1771.8833333333334,0.5083333333334394,0.625,0.6819444444444116,0.7454175152751406,0.03010294858160835,0.9315208983800092,52.77777777777778,0.9499999999829001,0.9164969450102275,8.948284744292323e-07,0.9971673760636017,0
1899,1772.5083333333334,0.625,0.5388888888887777,0.6819444444444116,0.9164969450102275,0.03370446283835905,1.042967980943427,52.77777777777778,0.9499999999829001,0.7902240325864331,4.862674245487142e-07,0.9967321338159618,0
1900,1773.0472222222222,0.5388888888887777,0.658333333333303,0.6819444444444116,0.7902240325864331,0.03265781607211952,1.010580012923256,58.333333333333336,1.0499999999811,0.9653767820773951,0.00027678313199430704,0.9936295491986691,0
1901,1773.7055555555555,0.658333333333303,0.49166666666678793,0.6652777777777601,0.9895615866388117,0.035093647519231747,1.085955615806973,63.888888888888886,1.1499999999793,0.7390396659709744,3.5155026125721633e-05,0.996987683543088,0
1902,1774.1972222222223,0.49166666666678793,0.6083333333333485,0.6416666666666515,0.7662337662339733,0.03175503961477329,0.9826440406611476,55.55555555555556,0.9999999999820001,0.9480519480519941,9.402550858794712e-06,0.998775674999649,0
1903,1774.8055555555557,0.6083333333333485,0.5777777777777828,0.6166666666666742,0.986486486486499,0.029392240813310138,0.9095283969804858,50.0,0.8999999999838,0.9369369369369336,1.235230029372758e-09,0.9988217226903388,0
1904,1775.3833333333334,0.5777777777777828,0.6333333333332121,0.5930555555555657,0.974238875878212,0.032657114014222846,1.010558288087868,50.0,0.8999999999838,1.067915690866288,6.139729066489963e-06,0.998082051894039,0
1905,1776.0166666666667,0.6333333333332121,0.7333333333333485,0.5930555555555657,1.067915690866288,0.032411539316567116,1.0029591001757767,55.55555555555556,0.9999999999820001,1.2365339578454377,3.285023558419198e-05,0.9982557716004863,0
1906,1776.75,0.7333333333333485,0.599999999999909,0.5930555555555657,1.2365339578454377,0.031431076751452326,0.9726191696202133,55.55555555555556,0.9999999999820001,1.0117096018733658,6.143034170236206e-08,0.9982886577973927,0
1907,1777.35,0.599999999999909,0.42222222222221717,0.6041666666666288,0.9931034482757738,0.029236130553252464,0.9046976419698585,52.77777777777778,0.9499999999829001,0.6988505747126792,1.0173736297858227e-09,0.9978041523396572,0
1908,1777.7722222222221,0.42222222222221717,0.7277777777778738,0.6041666666666288,0.6988505747126792,0.032156528820445174,0.995067926133478,55.55555555555556,0.9999999999820001,1.2045977011496598,0.0021848599426448345,0.9988568767370714,0
1909,1778.5,0.7277777777778738,0.7305555555556111,0.6041666666666288,1.2045977011496598,0.033408779673872104,1.0338182112365815,61.111111111111114,1.0999999999802001,1.2091954022990183,8.294956205645576e-05,0.9963588062313375,0
1910,1779.2305555555556,0.7305555555556111,0.7472222222222626,0.6208333333332803,1.1767337807608165,0.03280432055911546,1.0151135220236416,58.333333333333336,1.0499999999811,1.203579418344687,2.2826776330475695e-05,0.9949788071419335,0
1911,1779.9777777777779,0.7472222222222626,0.6277777777777374,0.6208333333332803,1.203579418344687,0.029279567317146996,0.9060417712074333,55.55555555555556,0.9999999999820001,1.0111856823266432,7.528260792533104e-10,0.9980857824252487,0
1912,1780.6055555555556,0.6277777777777374,0.5222222222221262,0.6305555555554747,0.9955947136564512,0.033910183954772806,1.0493339194380553,52.77777777777778,0.9499999999829001,0.8281938325990729,1.2509736961874296e-06,0.9976061505867444,0
1913,1781.1277777777777,0.5222222222221262,0.933333333333394,0.6305555555554747,0.8281938325990729,0.03251036432682157,1.0060171913818616,58.333333333333336,1.0499999999811,1.4801762114540304,0.004436371847987175,0.9988926148591644,0
1914,1782.0611111111111,0.933333333333394,0.7777777777778283,0.6805555555555429,1.371428571428686,0.03312005112260489,1.024883648606105,52.77777777777778,0.9499999999829001,1.1428571428572383,2.3423672723676958e-11,0.9980793627366136,0
1915,1782.838888888889,0.7777777777778283,0.599999999999909,0.7291666666667425,1.0666666666666251,0.02870051664745823,0.8881233337967681,50.0,0.8999999999838,0.8228571428569326,3.7466170031870416e-13,0.9944171037314157,0
1916,1783.4388888888889,0.599999999999909,0.7444444444445253,0.6777777777778056,0.8852459016391738,0.032188759036919895,0.9960652742877335,55.55555555555556,0.9999999999820001,1.0983606557377792,1.386125745739264e-06,0.9982691893085942,0
1917,1784.1833333333334,0.7444444444445253,0.5277777777778283,0.7291666666667425,1.0209523809523857,0.03701696204409752,1.1454716352830479,61.111111111111114,1.0999999999802001,0.7238095238095179,2.556634171924088e-05,0.9960235316898691,0
1918,1784.7111111111112,0.5277777777778283,0.6638888888887777,0.7291666666667425,0.7238095238095179,0.032814827744722136,1.0154386617005486,58.333333333333336,1.0499999999811,0.9104761904759434,0.00015874985547270626,0.996556467876204,0
1919,1785.375,0.6638888888887777,0.6527777777778283,0.6972222222221944,0.9521912350596394,0.032033928604354195,0.9912741229076895,52.77777777777778,0.9499999999829001,0.936254980079791,2.0746517392922215e-08,0.9966930157741232,0
1920,1786.0277777777778,0.6527777777778283,0.7416666666665606,0.658333333333303,0.9915611814347216,0.03204006026740685,0.9914638641969817,55.55555555555556,0.9999999999820001,1.1265822784809034,1.95754982996732e-05,0.991082667986458,0
1921,1786.7694444444444,0.7416666666665606,3.7722222222223536,0.658333333333303,1.1265822784809034,0.03085154712829617,0.9546859112306988,55.55555555555556,0.9999999999820001,5.729957805907636,4.3342092226339446e-07,0.998727454647922,0
1922,1790.5416666666667,3.7722222222223536,1.6166666666665606,0.7027777777776691,5.367588932807341,0.03460635329617379,1.0708765363869701,55.55555555555556,0.9999999999820001,2.300395256917201,0.0,0.9981148689890722,0
1923,1792.1583333333333,1.6166666666665606,1.7388888888888232,0.7430555555555429,2.1757009345793334,0.03735765063863391,1.1560140758280333,58.333333333333336,1.0499999999811,2.3401869158878017,1.112675836884014e-11,0.9982067855337414,0
1924,1793.8972222222221,1.7388888888888232,0.6916666666668334,0.7430555555555429,2.3401869158878017,0.0286243985168064,0.8857678957819312,52.77777777777778,0.9499999999829001,0.9308411214955673,3.870432934616334e-31,0.9972408977033,0
1925,1794.588888888889,0.6916666666668334,1.2999999999999545,0.716666666666697,0.9651162790699592,0.029158321599151927,0.9022898822572427,47.22222222222222,0.8499999999847,1.8139534883719528,4.897421604255214e-05,0.996305739511346,0
1926,1795.888888888889,1.2999999999999545,2.0305555555555657,0.7430555555555429,1.7495327102803424,0.03186559466202548,0.9860651120773785,52.77777777777778,0.9499999999829001,2.7327102803738916,3.0562850028559296e-09,0.9983742193862336,0
1927,1797.9194444444445,2.0305555555555657,1.9861111111110858,1.0208333333332575,1.989115646258661,0.03198237366212707,0.9896787806451485,52.77777777777778,0.9499999999829001,1.9455782312926366,2.5417159514496735e-28,0.9981125883229817,0
1928,1799.9055555555556,1.9861111111110858,1.2611111111111768,1.4583333333332575,1.3619047619048155,0.03188438419683332,0.9866465449658178,52.77777777777778,0.9499999999829001,0.8647619047619948,1.4425961874188723e-36,0.9991360307502644,0
1929,1801.1666666666667,1.2611111111111768,1.8999999999998636,1.4583333333332575,0.8647619047619948,0.035427705555606835,1.0962928769995626,52.77777777777778,0.9499999999829001,1.302857142857117,5.116888358337734e-13,0.9982274324394536,0
1930,1803.0666666666666,1.8999999999998636,1.9361111111111313,1.6777777777776919,1.1324503311258045,0.03656025027641624,1.1313389148627262,55.55555555555556,0.9999999999820001,1.153973509933846,7.88924445501737e-26,0.9987345981584177,0
1931,1805.0027777777777,1.9361111111111313,,1.8194444444443434,1.0641221374046503,0.03125743086605463,0.9672457833312541,52.77777777777778,0.9499999999829001,,3.2549570229636433e-31,0.9992564417630285,0
