beat_index,peak_time_s,rr_prev_s,rr_next_s,rr_baseline_s,prematurity_index,aa_ratio,morph_index,qrs_width_ms,width_index,pause_index,pvc_score,morphology_score,is_pvc_candidate
0,0.6388888888888888,,0.6555555555555557,0.6749999999999972,,0.023403893585752025,1.037611704131176,38.888888888888886,0.9999999999742858,0.9711934156378643,5.3971749745302104e-21,0.9965618447674467,0
1,1.2944444444444445,0.6555555555555557,0.6694444444444443,0.6749999999999972,0.9711934156378643,0.028757032874428295,1.274943153251951,41.666666666666664,1.0714285714010205,0.9917695473251068,1.7629095137362306e-14,0.9934208395848206,0
2,1.9638888888888888,0.6694444444444443,0.6611111111111112,0.6749999999999972,0.9917695473251068,0.02240781030723157,0.9934503484877122,36.111111111111114,0.9285714285475513,0.9794238683127615,2.3743233975182985e-21,0.9994151824470987,0
3,2.625,0.6611111111111112,0.6749999999999998,0.6749999999999972,0.9794238683127615,0.023707755831531643,1.0510834378625438,38.888888888888886,0.9999999999742858,1.000000000000004,1.2569655642596813e-19,0.9991041875738688,0
4,3.3,0.6749999999999998,0.6750000000000003,0.6749999999999972,1.000000000000004,0.02961398121688267,1.3129359610173985,41.666666666666664,1.0714285714010205,1.0000000000000047,2.4026038726891394e-14,0.9940696765349277,0
5,3.975,0.6750000000000003,0.6666666666666665,0.6694444444444443,1.0082987551867226,0.021709811664734235,0.9625045762268171,36.111111111111114,0.9285714285475513,0.995850622406639,3.72494737520722e-21,0.9950787189375678,0
6,4.641666666666667,0.6666666666666665,0.6444444444444448,0.6680555555555554,0.997920997920998,0.02849250272573854,1.2632152081828814,41.666666666666664,1.0714285714010205,0.9646569646569655,8.07292787171265e-15,0.99221607268835,0
7,5.286111111111111,0.6444444444444448,0.6749999999999998,0.6666666666666665,0.9666666666666675,0.02240906892562445,0.9935061493385706,38.888888888888886,0.9999999999742858,1.0125,4.561884599241182e-20,0.9992567359775815,0
8,5.961111111111111,0.6749999999999998,0.6888888888888891,0.6680555555555554,1.0103950103950103,0.024135674274147083,1.0700552035153186,38.888888888888886,0.9999999999742858,1.0311850311850317,2.7902960485824504e-19,0.9987193506569101,0
9,6.65,0.6888888888888891,0.6749999999999998,0.6694444444444443,1.0290456431535275,0.022984783993428227,1.0190304788869473,38.888888888888886,0.9999999999742858,1.008298755186722,2.6068201185760863e-20,0.996851260729539,0
10,7.325,0.6749999999999998,0.6583333333333332,0.672222222222222,1.0041322314049588,0.024120510867225303,1.069382933816309,41.666666666666664,1.0714285714010205,0.9793388429752067,5.008437471316566e-19,0.996631236043737,0
11,7.983333333333333,0.6583333333333332,0.6638888888888888,0.672222222222222,0.9793388429752067,0.02198731463116411,0.9748076712158514,38.888888888888886,0.9999999999742858,0.987603305785124,7.157517907826056e-21,0.9988596977376014,0
12,8.647222222222222,0.6638888888888888,0.6694444444444443,0.6708333333333332,0.989648033126294,0.027460684065563484,1.2174695242685445,41.666666666666664,1.0714285714010205,0.9979296066252588,1.777314833663595e-15,0.992404563154669,0
13,9.316666666666666,0.6694444444444443,0.6694444444444443,0.672222222222222,0.9958677685950413,0.021645823939543,0.9596676802062517,36.111111111111114,0.9285714285475513,0.9958677685950413,1.97927861790013e-21,0.9972049015224081,0
14,9.98611111111111,0.6694444444444443,0.6805555555555554,0.6694444444444443,1.0,0.023465440851986756,1.0403404023953535,38.888888888888886,0.9999999999742858,1.016597510373444,9.057071945481594e-20,0.9987036085143992,0
15,10.666666666666666,0.6805555555555554,0.6777777777777789,0.6694444444444443,1.016597510373444,0.022804753306794462,1.0110488177642147,38.888888888888886,0.9999999999742858,1.012448132780085,1.3126379698794111e-20,0.9993492854064847,0
16,11.344444444444445,0.6777777777777789,0.6666666666666661,0.672222222222222,1.0082644628099193,0.02190859259939469,0.9713175296615135,36.111111111111114,0.9285714285475513,0.991735537190082,2.5030925583348603e-21,0.9964494810845299,0
17,12.011111111111111,0.6666666666666661,0.6611111111111114,0.672222222222222,0.991735537190082,0.02867576073024951,1.2713399524550084,41.666666666666664,1.0714285714010205,0.983471074380166,1.5734766937200266e-14,0.9916126126136398,0
18,12.672222222222222,0.6611111111111114,0.6805555555555554,0.6694444444444443,0.9875518672199177,0.02307798623554501,1.023162600617774,38.888888888888886,0.9999999999742858,1.016597510373444,6.646244356672991e-20,0.9989095838749584,0
19,13.352777777777778,0.6805555555555554,0.6999999999999993,0.6694444444444443,1.016597510373444,0.024062318223701085,1.0668029627617568,38.888888888888886,0.9999999999742858,1.0456431535269701,3.3660349514225543e-19,0.9976328867652521,0
20,14.052777777777777,0.6999999999999993,0.6777777777777789,0.6694444444444443,1.0456431535269701,0.02198755297150204,0.9748182380355686,36.111111111111114,0.9285714285475513,1.012448132780085,1.377228153945319e-21,0.9967480656014911,0
21,14.730555555555556,0.6777777777777789,0.6694444444444443,0.6736111111111116,1.0061855670103101,0.023212647197238978,1.0291327948263258,38.888888888888886,0.9999999999742858,0.9938144329896897,2.097317412480482e-20,0.999144260019859,0
22,15.4,0.6694444444444443,0.6638888888888896,0.6736111111111116,0.9938144329896897,0.02504079171674025,1.1101835885042033,41.666666666666664,1.0714285714010205,0.9855670103092787,5.0318604345295e-18,0.9955705387376764,0
23,16.06388888888889,0.6638888888888896,0.6694444444444443,0.6736111111111116,0.9855670103092787,0.02299926160657434,1.0196723439165096,41.666666666666664,1.0714285714010205,0.9938144329896897,2.5429204485681076e-19,0.9955342282385073,0
24,16.733333333333334,0.6694444444444443,0.6750000000000007,0.6736111111111116,0.9938144329896897,0.02225574891822573,0.9867087062733176,36.111111111111114,0.9285714285475513,1.0020618556701033,6.857371706710781e-21,0.9967842399459874,0
25,17.408333333333335,0.6750000000000007,0.68611111111111,0.6722222222222225,1.0041322314049592,0.022956025238893445,1.0177554594038776,38.888888888888886,0.9999999999742858,1.0206611570247914,2.484145356325351e-20,0.999286908203305,0
26,18.094444444444445,0.68611111111111,0.6638888888888879,0.6722222222222225,1.0206611570247914,0.02365224515497416,1.0486223718228593,38.888888888888886,0.9999999999742858,0.987603305785122,3.236057541456168e-20,0.9986137031723773,0
27,18.758333333333333,0.6638888888888879,0.6638888888888879,0.6722222222222225,0.987603305785122,0.022100958310920894,0.979846064156074,38.888888888888886,0.9999999999742858,0.987603305785122,5.923003350172513e-21,0.9991713969640952,0
28,19.42222222222222,0.6638888888888879,0.6555555555555586,0.6722222222222225,0.987603305785122,0.0220253145088802,0.9764923959275451,38.888888888888886,0.9999999999742858,0.975206611570252,4.23551572257634e-21,0.9991605324813695,0
29,20.07777777777778,0.6555555555555586,0.6777777777777771,0.6694444444444443,0.9792531120331998,0.02942652403201721,1.3046250460695417,41.666666666666664,1.0714285714010205,1.0124481327800823,6.93554304156789e-14,0.9936743422259875,0
30,20.755555555555556,0.6777777777777771,0.6583333333333314,0.6694444444444443,1.0124481327800823,0.023257033306849938,1.031100653151456,38.888888888888886,0.9999999999742858,0.9834024896265534,2.3055711176832172e-20,0.9988129009232809,0
31,21.413888888888888,0.6583333333333314,0.6666666666666679,0.666666666666667,0.9874999999999967,0.02781855847211747,1.2333358873371016,41.666666666666664,1.0714285714010205,1.0000000000000013,6.119319647220544e-15,0.9917464064880341,0
32,22.080555555555556,0.6666666666666679,0.6472222222222221,0.6652777777777787,1.0020876826722342,0.023129372571021482,1.0254408139811804,38.888888888888886,0.9999999999742858,0.9728601252609588,2.9159942205955524e-20,0.9988090962614462,0
33,22.727777777777778,0.6472222222222221,0.6611111111111114,0.6652777777777779,0.9728601252609601,0.023233812454201808,1.0300711565679357,38.888888888888886,0.9999999999742858,0.9937369519832989,1.2751049888581156e-19,0.9988173155891836,0
34,23.38888888888889,0.6611111111111114,0.6527777777777786,0.6638888888888879,0.995815899581592,0.02251143653271693,0.9980446175577101,38.888888888888886,0.9999999999742858,0.9832635983263626,1.4824627540598793e-20,0.9991244210962696,0
35,24.041666666666668,0.6527777777777786,0.6777777777777771,0.6624999999999996,0.9853249475891003,0.02311325416823487,1.0247262045371572,38.888888888888886,0.9999999999742858,1.023060796645702,1.185458514490857e-19,0.9993075338203062,0
36,24.719444444444445,0.6777777777777771,0.6722222222222207,0.6624999999999996,1.023060796645702,0.02234859007464631,0.990824819268538,38.888888888888886,0.9999999999742858,1.0146750524108998,9.121176019573753e-21,0.9991081407292556,0
37,25.391666666666666,0.6722222222222207,0.6500000000000021,0.6624999999999996,1.0146750524108998,0.02312553364697987,1.025270615270344,38.888888888888886,0.9999999999742858,0.9811320754717019,2.6826428539439354e-20,0.9988163726926329,0
38,26.041666666666668,0.6500000000000021,0.6583333333333314,0.6597222222222214,0.9852631578947413,0.02285397680349853,1.013231141663068,36.111111111111114,0.9285714285475513,0.9978947368421036,3.2021043622502807e-20,0.9984857381115582,0
39,26.7,0.6583333333333314,0.6638888888888879,0.6597222222222214,0.9978947368421036,0.022799148087472434,1.010800310345932,38.888888888888886,0.9999999999742858,1.0063157894736838,9.432354742108953e-20,0.9969644616724849,0
40,27.363888888888887,0.6638888888888879,0.6861111111111136,0.6597222222222214,1.0063157894736838,0.027896992550131637,1.2368132624606913,41.666666666666664,1.0714285714010205,1.040000000000005,9.233545968567649e-15,0.9913938896718443,0
41,28.05,0.6861111111111136,0.6666666666666643,0.6624999999999996,1.0356394129979078,0.022650086907968953,1.0041916824303374,38.888888888888886,0.9999999999742858,1.0062893081760975,7.791613239659039e-21,0.9994443058279143,0
42,28.716666666666665,0.6666666666666643,0.6611111111111114,0.6624999999999996,1.0062893081760975,0.02196766118650898,0.9739363356782009,36.111111111111114,0.9285714285475513,0.9979035639413008,5.094955571225369e-21,0.9970725030429182,0
43,29.377777777777776,0.6611111111111114,0.6500000000000021,0.6624999999999996,0.9979035639413008,0.022836623153487896,1.0124617675290397,38.888888888888886,0.9999999999742858,0.9811320754717019,2.2708571584959796e-20,0.9994382466864338,0
44,30.02777777777778,0.6500000000000021,0.6527777777777786,0.6624999999999996,0.9811320754717019,0.02776921133642915,1.2311480819034484,38.888888888888886,0.9999999999742858,0.9853249475891003,1.8830783320730824e-15,0.9922730996496107,0
45,30.680555555555557,0.6527777777777786,0.6499999999999986,0.6624999999999996,0.9853249475891003,0.02277914610228049,1.0099135222623605,38.888888888888886,0.9999999999742858,0.9811320754716965,2.9746187078056876e-20,0.9995335192013469,0
46,31.330555555555556,0.6499999999999986,0.6694444444444443,0.6597222222222214,0.9852631578947358,0.0224829222664517,0.9967804374629278,38.888888888888886,0.9999999999742858,1.014736842105264,5.60838859692095e-20,0.998563262356899,0
47,32.0,0.6694444444444443,0.68888888888889,0.6597222222222214,1.014736842105264,0.021713418853022862,0.9626645009322329,36.111111111111114,0.9285714285475513,1.0442105263157924,7.367052288949827e-21,0.9970408180034913,0
48,32.68888888888889,0.68888888888889,0.6444444444444457,0.6624999999999996,1.0398322851153061,0.022802099510739863,1.0109311617068353,38.888888888888886,0.9999999999742858,0.9727463312368997,9.503536218758555e-21,0.9976413088613454,0
49,33.333333333333336,0.6444444444444457,0.6583333333333314,0.6624999999999996,0.9727463312368997,0.022023562193949048,0.9764147070389325,36.111111111111114,0.9285714285475513,0.993710691823897,2.2254063303343183e-20,0.9959184111750853,0
50,33.99166666666667,0.6583333333333314,0.6611111111111114,0.6597222222222214,0.9978947368421036,0.02184338285977939,0.9684264556271753,36.111111111111114,0.9285714285475513,1.0021052631578964,8.440054177447422e-21,0.9965336255323868,0
51,34.65277777777778,0.6611111111111114,0.68611111111111,0.6597222222222214,1.0021052631578964,0.02840800105947093,1.2594688265128144,41.666666666666664,1.0714285714010205,1.0399999999999996,1.99724202562708e-14,0.9921961701622452,0
52,35.33888888888889,0.68611111111111,0.6638888888888914,0.6597222222222214,1.0399999999999996,0.023333060501459276,1.034471319090859,41.666666666666664,1.0714285714010205,1.0063157894736892,1.1199446467539208e-19,0.9978117425872512,0
53,36.00277777777778,0.6638888888888914,0.6749999999999972,0.6597222222222214,1.0063157894736892,0.022870768518084214,1.0139756023880622,41.666666666666664,1.0714285714010205,1.023157894736839,2.0690838640929719e-19,0.9977238963798898,0
54,36.67777777777778,0.6749999999999972,0.6611111111111114,0.6625000000000014,1.0188679245282954,0.023282963351407688,1.0322502617677822,38.888888888888886,0.9999999999742858,0.9979035639412981,3.993544633109909e-20,0.9988435153699382,0
55,37.33888888888889,0.6611111111111114,0.6777777777777771,0.6625000000000014,0.9979035639412981,0.02202175827520753,0.9763347302952063,38.888888888888886,0.9999999999742858,1.0230607966456993,2.926513631541754e-20,0.9969369113664609,0
56,38.016666666666666,0.6777777777777771,0.6638888888888914,0.6666666666666679,1.016666666666664,0.022712161970686016,1.0069437805534083,38.888888888888886,0.9999999999742858,0.9958333333333353,1.7956832556148928e-20,0.9976821818954746,0
57,38.68055555555556,0.6638888888888914,0.68333333333333,0.6638888888888914,1.0,0.023217998599421107,1.0293700492608218,38.888888888888886,0.9999999999742858,1.0292887029288613,1.1923794312785116e-19,0.9984727620831669,0
58,39.36388888888889,0.68333333333333,0.69166666666667,0.6638888888888914,1.0292887029288613,0.023445854511742137,1.039472041931978,38.888888888888886,0.9999999999742858,1.0418410041841015,1.435105500768482e-19,0.9969445616449422,0
59,40.05555555555556,0.69166666666667,0.6749999999999972,0.6694444444444443,1.0331950207468932,0.02293767719970694,1.0169419990222526,38.888888888888886,0.9999999999742858,1.008298755186718,9.16484291642217e-21,0.9992778142123468,0
60,40.730555555555554,0.6749999999999972,0.6638888888888914,0.6749999999999972,1.0,0.028585835285177736,1.2673531075326538,41.666666666666664,1.0714285714010205,0.9835390946502136,6.760459213788058e-15,0.9921730221545011,0
61,41.394444444444446,0.6638888888888914,0.6805555555555571,0.6749999999999972,0.9835390946502136,0.022467461594106484,0.9960949885003286,38.888888888888886,0.9999999999742858,1.0082304526749037,2.717061806920524e-20,0.9974520768759474,0
62,42.075,0.6805555555555571,0.6888888888888829,0.6749999999999972,1.0082304526749037,0.023478184595375456,1.0409053963031454,38.888888888888886,0.9999999999742858,1.0205761316872382,9.536225362590885e-20,0.9969671137085857,0
63,42.763888888888886,0.6888888888888829,0.6805555555555571,0.6763888888888872,1.0184804928131355,0.02381234031143524,1.055720191145532,38.888888888888886,0.9999999999742858,1.006160164271052,4.6576837464021866e-20,0.9986484172808182,0
64,43.44444444444444,0.6805555555555571,0.6611111111111114,0.6791666666666671,1.0020449897750527,0.028530228378008674,1.2648877751084677,41.666666666666664,1.0714285714010205,0.9734151329243351,4.335772768647526e-15,0.9919122692405069,0
65,44.105555555555554,0.6611111111111114,0.6666666666666714,0.6791666666666671,0.9734151329243351,0.023317122172002148,1.0337646931985296,38.888888888888886,0.9999999999742858,0.9815950920245462,5.3179231554706743e-20,0.9985421440332531,0
66,44.772222222222226,0.6666666666666714,0.6638888888888843,0.6777777777777771,0.983606557377057,0.022005546608220808,0.9756159859825446,36.111111111111114,0.9285714285475513,0.9795081967213056,4.352330750292447e-21,0.9959497034744798,0
67,45.43611111111111,0.6638888888888843,0.6722222222222243,0.6777777777777771,0.9795081967213056,0.02177227317841076,0.9652738076545299,38.888888888888886,0.9999999999742858,0.9918032786885286,3.753604255891424e-21,0.9988451811961674,0
68,46.108333333333334,0.6722222222222243,0.6777777777777771,0.6736111111111107,0.9979381443299006,0.02315611142945877,1.02662628136369,38.888888888888886,0.9999999999742858,1.006185567010309,3.229780339206142e-20,0.9990481509299896,0
69,46.78611111111111,0.6777777777777771,0.6805555555555571,0.6736111111111107,1.006185567010309,0.02451339345045724,1.086801384520551,41.666666666666664,1.0714285714010205,1.0103092783505183,9.978874265292445e-19,0.9977043809516026,0
70,47.46666666666667,0.6805555555555571,0.6611111111111114,0.6750000000000007,1.0082304526748984,0.027672339412380106,1.2268532648112964,38.888888888888886,0.9999999999742858,0.9794238683127566,2.670426743825444e-16,0.9916033544569055,0
71,48.12777777777778,0.6611111111111114,0.6555555555555515,0.6750000000000007,0.9794238683127566,0.02856056266543229,1.2662326458476847,41.666666666666664,1.0714285714010205,0.971193415637853,1.2104947002178259e-14,0.9922061982689225,0
72,48.78333333333333,0.6555555555555515,0.6750000000000043,0.6694444444444478,0.9792531120331839,0.028494606204160663,1.2633084659060967,41.666666666666664,1.0714285714010205,1.0082987551867233,2.7677599456570577e-14,0.9914690227723523,0
73,49.458333333333336,0.6750000000000043,0.68333333333333,0.6694444444444478,1.0082987551867233,0.022528345542977966,0.9987942785868822,38.888888888888886,0.9999999999742858,1.020746887966795,1.3094721461111918e-20,0.9992387228742599,0
74,50.141666666666666,0.68333333333333,0.6722222222222243,0.6694444444444478,1.020746887966795,0.022471353745663284,0.9962675470532374,38.888888888888886,0.9999999999742858,1.004149377593359,1.2453242896077045e-20,0.9970772950876818,0
75,50.81388888888889,0.6722222222222243,0.6638888888888843,0.6722222222222243,1.0,0.022159095715696377,0.9824235862005075,36.111111111111114,0.9285714285475513,0.9876033057851141,5.444114243118327e-21,0.9959744881170851,0
76,51.477777777777774,0.6638888888888843,0.6611111111111114,0.6722222222222243,0.9876033057851141,0.023355568963834922,1.0354692318491525,38.888888888888886,0.9999999999742858,0.9834710743801628,5.344014241448187e-20,0.998614437934829,0
77,52.138888888888886,0.6611111111111114,0.6638888888888914,0.6722222222222243,0.9834710743801628,0.022371075169804733,0.9918216960411741,41.666666666666664,1.0714285714010205,0.9876033057851247,6.89364826177392e-20,0.9963326896603244,0
78,52.80277777777778,0.6638888888888914,0.6749999999999972,0.6680555555555578,0.9937629937629942,0.022257297989918275,0.9867773843722345,38.888888888888886,0.9999999999742858,1.0103950103950026,2.0087544800921825e-20,0.9977964206936054,0
79,53.477777777777774,0.6749999999999972,0.68888888888889,0.6680555555555578,1.0103950103950026,0.023363886710792137,1.035837999189646,38.888888888888886,0.9999999999742858,1.0311850311850292,1.7406360337483654e-19,0.9963751266502032,0
80,54.166666666666664,0.68888888888889,0.6611111111111114,0.6680555555555578,1.0311850311850292,0.023658837630104245,1.0489146492308514,38.888888888888886,0.9999999999742858,0.9896049896049867,4.249711482825071e-20,0.9978158100678296,0
81,54.827777777777776,0.6611111111111114,0.6777777777777771,0.6680555555555578,0.9896049896049867,0.02944739978850003,1.3055505728063557,41.666666666666664,1.0714285714010205,1.0145530145530102,1.502482762771179e-13,0.9909454408432147,0
82,55.50555555555555,0.6777777777777771,0.6555555555555586,0.6736111111111107,1.006185567010309,0.023123769383260245,1.0251923966321523,38.888888888888886,0.9999999999742858,0.9731958762886648,3.0020000016683267e-20,0.996686357596549,0
83,56.16111111111111,0.6555555555555586,0.68333333333333,0.6680555555555578,0.9812889812889825,0.022797823097564382,1.0107415669137159,38.888888888888886,0.9999999999742858,1.0228690228690145,6.205316377386454e-20,0.9990020263059056,0
84,56.84444444444444,0.68333333333333,0.6805555555555571,0.6680555555555578,1.0228690228690145,0.02291945749529647,1.016134228363373,38.888888888888886,0.9999999999742858,1.0187110187110175,3.9710611532023785e-20,0.9967025373811547,0
85,57.525,0.6805555555555571,0.6805555555555571,0.6694444444444443,1.0165975103734466,0.022185056751627293,0.9835745688194718,36.111111111111114,0.9285714285475513,1.0165975103734466,4.467746275653819e-21,0.9971055573589568,0
86,58.205555555555556,0.6805555555555571,0.6638888888888914,0.6763888888888872,1.006160164271052,0.023257033205161693,1.0311006486431074,38.888888888888886,0.9999999999742858,0.9815195071868645,1.5385095719978888e-20,0.9991006596939838,0
87,58.86944444444445,0.6638888888888914,0.6722222222222172,0.6763888888888872,0.9815195071868645,0.023034552332509246,1.0212369583744918,38.888888888888886,0.9999999999742858,0.9938398357289479,3.191068609656087e-20,0.9989022797907143,0
88,59.541666666666664,0.6722222222222172,0.6694444444444443,0.6763888888888872,0.9938398357289479,0.023004654436688195,1.0199114350585037,38.888888888888886,0.9999999999742858,0.989733059548257,1.7370665232230004e-20,0.9991139044062196,0
89,60.21111111111111,0.6694444444444443,0.6972222222222229,0.6749999999999972,0.9917695473251068,0.02419376689769686,1.0726307401839534,38.888888888888886,0.9999999999742858,1.0329218106995937,9.12692786519958e-19,0.9963050697270764,0
90,60.90833333333333,0.6972222222222229,0.6944444444444429,0.6749999999999972,1.0329218106995937,0.029227149930378688,1.2957857945747941,41.666666666666664,1.0714285714010205,1.028806584362142,1.190650751142731e-14,0.991622288559575,0
91,61.602777777777774,0.6944444444444429,0.6750000000000043,0.6791666666666671,1.0224948875255593,0.023877559154706875,1.0586116687905058,38.888888888888886,0.9999999999742858,0.9938650306748522,3.211597229131607e-20,0.9984736537764798,0
92,62.27777777777778,0.6750000000000043,0.6638888888888914,0.6777777777777807,0.9959016393442643,0.02289940581949583,1.0152452372464909,41.666666666666664,1.0714285714010205,0.979508196721311,7.723583773507661e-20,0.9958914209152949,0
93,62.94166666666667,0.6638888888888914,0.6777777777777771,0.6777777777777807,0.979508196721311,0.028355334303232078,1.2571338456904215,41.666666666666664,1.0714285714010205,0.9999999999999948,9.667854488975766e-15,0.9919814371693347,0
94,63.61944444444445,0.6777777777777771,0.68888888888889,0.6763888888888907,1.0020533880903455,0.022736262304622567,1.0080122689429325,38.888888888888886,0.9999999999742858,1.0184804928131406,1.4423383551199487e-20,0.9990850469187528,0
95,64.30833333333334,0.68888888888889,0.6722222222222172,0.6763888888888907,1.0184804928131406,0.02430274443546169,1.0774622597026127,38.888888888888886,0.9999999999742858,0.9938398357289426,1.02931583078577e-19,0.9980618583697798,0
96,64.98055555555555,0.6722222222222172,0.6638888888888914,0.6736111111111107,0.99793814432989,0.022870648745946912,1.0139702922899352,36.111111111111114,0.9285714285475513,0.9855670103092827,1.6857433589470662e-20,0.9959435905695353,0
97,65.64444444444445,0.6638888888888914,0.6666666666666714,0.6736111111111107,0.9855670103092827,0.023401291423822097,1.0374963372728947,38.888888888888886,0.9999999999742858,0.9896907216494921,9.326874996841664e-20,0.9974639096699023,0
98,66.31111111111112,0.6666666666666714,0.6611111111111114,0.6736111111111107,0.9896907216494921,0.022774664747451767,1.0097148413803265,38.888888888888886,0.9999999999742858,0.9814432989690732,2.0398429001922516e-20,0.9980379104781958,0
99,66.97222222222223,0.6611111111111114,0.6583333333333314,0.6736111111111107,0.9814432989690732,0.028919486968195757,1.2821455560683679,41.666666666666664,1.0714285714010205,0.9773195876288637,1.953649644403227e-14,0.9928413995721788,0
100,67.63055555555556,0.6583333333333314,0.6722222222222172,0.6694444444444443,0.9834024896265534,0.023853862014953094,1.0575610560164874,38.888888888888886,0.9999999999742858,1.0041493775933537,2.7114928780699963e-19,0.9983758390139899,0
101,68.30277777777778,0.6722222222222172,0.6833333333333371,0.6694444444444443,1.0041493775933537,0.023715271105952545,1.0514166275803278,41.666666666666664,1.0714285714010205,1.020746887966811,5.001449346104141e-19,0.9973850098716494,0
102,68.98611111111111,0.6833333333333371,0.6555555555555515,0.6694444444444443,1.020746887966811,0.02294511811511932,1.0172718920331334,38.888888888888886,0.9999999999742858,0.9792531120331891,1.8246780363481505e-20,0.9970361512863659,0
103,69.64166666666667,0.6555555555555515,0.6555555555555515,0.6694444444444443,0.9792531120331891,0.024572271090764358,1.0894117249098734,38.888888888888886,0.9999999999742858,0.9792531120331891,1.0491653866771724e-18,0.9970305155103351,0
104,70.29722222222222,0.6555555555555515,0.6638888888888914,0.6652777777777814,0.9853862212943517,0.02369749376818162,1.0506284692479624,38.888888888888886,0.9999999999742858,0.9979123173277645,3.851559727200035e-19,0.9968467252429328,0
105,70.96111111111111,0.6638888888888914,0.6833333333333371,0.6638888888888914,1.0,0.02316423026377272,1.0269862299114472,41.666666666666664,1.0714285714010205,1.029288702928872,4.63063358327851e-19,0.9968789504431861,0
106,71.64444444444445,0.6833333333333371,0.6555555555555515,0.6638888888888914,1.029288702928872,0.023162386748079467,1.0269044976367272,38.888888888888886,0.9999999999742858,0.9874476987447599,1.7680326433770338e-20,0.9988827436680161,0
107,72.3,0.6555555555555515,0.6638888888888914,0.6625000000000014,0.9895178197064907,0.02352585831844936,1.043019010982675,41.666666666666664,1.0714285714010205,1.002096436058702,6.286830115368667e-19,0.9975575380677285,0
108,72.96388888888889,0.6638888888888914,0.6611111111111114,0.6625000000000014,1.002096436058702,0.02263176370890211,1.0033793233355046,38.888888888888886,0.9999999999742858,0.9979035639412981,2.6126341319948258e-20,0.9985053049111579,0
109,73.625,0.6611111111111114,0.6694444444444514,0.6625000000000014,0.9979035639412981,0.02408580159913214,1.067844098293778,38.888888888888886,0.9999999999742858,1.0104821802935093,1.0509759816404744e-18,0.9958320806114601,0
110,74.29444444444445,0.6694444444444514,0.6611111111110972,0.6638888888888914,1.0083682008368267,0.023365646561363838,1.0359160221709087,38.888888888888886,0.9999999999742858,0.9958158995815652,1.2629061427744898e-19,0.9964981709417022,0
111,74.95555555555555,0.6611111111110972,0.6750000000000114,0.6625000000000014,0.9979035639412767,0.02446251996802112,1.0845459084984859,41.666666666666664,1.0714285714010205,1.0188679245283168,3.2619520040171374e-18,0.9974627923913889,0
112,75.63055555555556,0.6750000000000114,0.6666666666666572,0.6625000000000014,1.0188679245283168,0.023455025226389144,1.0398786255979873,38.888888888888886,0.9999999999742858,1.0062893081760842,8.750130423322454e-20,0.9978317271618231,0
113,76.29722222222222,0.6666666666666572,0.6638888888888914,0.6638888888888914,1.004184100418392,0.026995243808168225,1.1968342288260307,38.888888888888886,0.9999999999742858,1.0,2.790289582098012e-16,0.9918217113946195,0
114,76.96111111111111,0.6638888888888914,0.6638888888888914,0.6638888888888914,1.0,0.02279471802646983,1.0106039035758587,38.888888888888886,0.9999999999742858,1.0,3.53754451833386e-20,0.998440731817092,0
115,77.625,0.6638888888888914,0.6805555555555571,0.6638888888888914,1.0,0.022253639996226943,0.9866152072091118,36.111111111111114,0.9285714285475513,1.0251046025104587,2.18909164741482e-20,0.9959281665455477,0
116,78.30555555555556,0.6805555555555571,0.6944444444444429,0.6638888888888914,1.0251046025104587,0.023590654744460884,1.0458917607569413,38.888888888888886,0.9999999999742858,1.0460251046025042,1.3215668191364242e-19,0.9984888760259583,0
117,79.0,0.6944444444444429,0.6638888888888914,0.6652777777777743,1.0438413361169132,0.02294739175341313,1.0173726937948562,38.888888888888886,0.9999999999742858,0.9979123173277752,9.609620516731347e-21,0.9985566924288813,0
118,79.66388888888889,0.6638888888888914,0.6527777777777715,0.6652777777777743,0.9979123173277752,0.028236125507358534,1.2518487233076623,41.666666666666664,1.0714285714010205,0.9812108559498912,4.990539401270467e-15,0.9931494561352684,0
119,80.31666666666666,0.6527777777777715,0.6583333333333314,0.6652777777777743,0.9812108559498912,0.023297210683902326,1.0328819173038546,38.888888888888886,0.9999999999742858,0.9895615866388332,1.9911397981948365e-19,0.9967919226788741,0
120,80.975,0.6583333333333314,0.6694444444444514,0.6638888888888914,0.9916317991631733,0.02279397085733142,1.0105707778294892,38.888888888888886,0.9999999999742858,1.0083682008368267,6.941251859791493e-20,0.9976984318568867,0
121,81.64444444444445,0.6694444444444514,0.6749999999999972,0.6652777777777743,1.0062630480167172,0.022388797280315124,0.9926074058727502,36.111111111111114,0.9285714285475513,1.0146137787056377,1.533183950569725e-20,0.9962069720203297,0
122,82.31944444444444,0.6749999999999972,0.6694444444444514,0.6652777777777743,1.0146137787056377,0.02407528516584807,1.0673778521872792,38.888888888888886,0.9999999999742858,1.0062630480167172,1.9316021811366252e-19,0.9983626619856422,0
123,82.9888888888889,0.6694444444444514,0.6638888888888772,0.6666666666666714,1.00416666666667,0.022963510922827727,1.0180873372273336,38.888888888888886,0.9999999999742858,0.9958333333333087,2.5349095274529583e-20,0.9990646156447913,0
124,83.65277777777777,0.6638888888888772,0.6638888888888914,0.6666666666666714,0.9958333333333087,0.02886932973821176,1.2799218351012773,41.666666666666664,1.0714285714010205,0.99583333333333,2.7604475102234113e-14,0.9919116236616996,0
125,84.31666666666666,0.6638888888888914,0.6694444444444514,0.6666666666666714,0.99583333333333,0.023458227445673156,1.0400205960011644,38.888888888888886,0.9999999999742858,1.00416666666667,9.890378864446343e-20,0.9987104196446905,0
126,84.98611111111111,0.6694444444444514,0.6805555555555571,0.6666666666666714,1.00416666666667,0.022921171165954227,1.0162102039579892,38.888888888888886,0.9999999999742858,1.0208333333333284,6.061015365761431e-20,0.9976271254811792,0
127,85.66666666666667,0.6805555555555571,0.6888888888888829,0.6666666666666714,1.0208333333333284,0.02352834412667095,1.0431292192988892,38.888888888888886,0.9999999999742858,1.033333333333317,1.0410081579911778e-19,0.9980648730077668,0
128,86.35555555555555,0.6888888888888829,0.6749999999999972,0.6694444444444514,1.0290456431535073,0.02342855351335323,1.0387050021077835,38.888888888888886,0.9999999999742858,1.0082987551867073,2.535335234662739e-20,0.9990564001112499,0
129,87.03055555555555,0.6749999999999972,0.6555555555555657,0.6694444444444514,1.0082987551867073,0.0282488827509239,1.2524143157458338,41.666666666666664,1.0714285714010205,0.9792531120332,2.8923487936709192e-15,0.9927487600846349,0
130,87.68611111111112,0.6555555555555657,0.6583333333333314,0.6694444444444514,0.9792531120332,0.022547312893803264,0.999635196152183,38.888888888888886,0.9999999999742858,0.983402489626543,1.945511352383675e-20,0.9989808140945375,0
131,88.34444444444445,0.6583333333333314,0.6638888888888914,0.6694444444444514,0.983402489626543,0.02337583512114687,1.03636773200459,38.888888888888886,0.9999999999742858,0.9917012448132715,1.1456508352526546e-19,0.9978647591314233,0
132,89.00833333333334,0.6638888888888914,0.6749999999999972,0.6666666666666714,0.99583333333333,0.02229774556275552,0.9885706276557015,38.888888888888886,0.9999999999742858,1.0124999999999886,2.378494681939296e-20,0.9976895866329606,0
133,89.68333333333334,0.6749999999999972,0.6777777777777771,0.6666666666666714,1.0124999999999886,0.023351244923748512,1.0352775255167703,38.888888888888886,0.9999999999742858,1.0166666666666584,5.3370668936550217e-20,0.9990688093390732,0
134,90.36111111111111,0.6777777777777771,0.6666666666666572,0.6722222222222243,1.0082644628099133,0.02358291719404717,1.045548716432237,38.888888888888886,0.9999999999742858,0.9917355371900656,4.1739740504578915e-20,0.9989017342766862,0
135,91.02777777777777,0.6666666666666572,0.6638888888888914,0.6722222222222243,0.9917355371900656,0.023241512574149963,1.0304125414128182,38.888888888888886,0.9999999999742858,0.9876033057851247,4.032242791728039e-20,0.9987056774769703,0
136,91.69166666666666,0.6638888888888914,0.6472222222222257,0.6708333333333272,0.9896480331263069,0.021777187762390165,0.9654916957524774,38.888888888888886,0.9999999999742858,0.9648033126294137,3.513670583359545e-21,0.9981143345294028,0
137,92.33888888888889,0.6472222222222257,0.6694444444444514,0.6652777777777743,0.9728601252609707,0.02818901431202783,1.2497600482975986,41.666666666666664,1.0714285714010205,1.0062630480167172,1.5810396814994708e-14,0.9928032886930671,0
138,93.00833333333334,0.6694444444444514,0.6722222222222172,0.6652777777777743,1.0062630480167172,0.022734240043807363,1.0079226120026044,36.111111111111114,0.9285714285475513,1.0104384133611668,2.3595170261123127e-20,0.9964029467117064,0
139,93.68055555555556,0.6722222222222172,0.6666666666666714,0.6652777777777743,1.0104384133611668,0.02276015526765116,1.0090715635425256,38.888888888888886,0.9999999999742858,1.0020876826722462,1.9087771014855047e-20,0.998920273774357,0
140,94.34722222222223,0.6666666666666714,0.6472222222222115,0.6666666666666643,1.0000000000000107,0.022537771631302154,0.9992121842457639,38.888888888888886,0.9999999999742858,0.9708333333333207,1.0028587496989456e-20,0.9988802728773318,0
141,94.99444444444444,0.6472222222222115,0.6555555555555657,0.6666666666666643,0.9708333333333207,0.02296333398238597,1.0180794925722283,38.888888888888886,0.9999999999742858,0.9833333333333519,7.898543459055137e-20,0.9982465240932794,0
142,95.65,0.6555555555555657,0.6555555555555515,0.6666666666666643,0.9833333333333519,0.022458907671707332,0.9957157503207894,38.888888888888886,0.9999999999742858,0.9833333333333306,1.9274573277211383e-20,0.9987371692585454,0
143,96.30555555555556,0.6555555555555515,0.6722222222222172,0.6652777777777743,0.9853862212943623,0.022253293982891633,0.9865998667066784,36.111111111111114,0.9285714285475513,1.0104384133611668,1.731020511491834e-20,0.9969223460475629,0
144,96.97777777777777,0.6722222222222172,0.6749999999999972,0.6652777777777743,1.0104384133611668,0.022772597879307424,1.0096232067739048,38.888888888888886,0.9999999999742858,1.0146137787056377,4.594542723800541e-20,0.9970814257695066,0
145,97.65277777777777,0.6749999999999972,0.6666666666666714,0.6652777777777814,1.0146137787056269,0.02305551613155359,1.0221663884785794,38.888888888888886,0.9999999999742858,1.0020876826722356,3.123825611321488e-20,0.9985221026269636,0
146,98.31944444444444,0.6666666666666714,0.6638888888888914,0.6666666666666714,1.0,0.022650012169031557,1.0041883688792859,38.888888888888886,0.9999999999742858,0.99583333333333,1.9753572244190674e-20,0.9986698702036991,0
147,98.98333333333333,0.6638888888888914,0.6583333333333314,0.6666666666666714,0.99583333333333,0.027733821082793403,1.2295790548845007,41.666666666666664,1.0714285714010205,0.9874999999999902,3.3084753283497493e-15,0.9918558849926067,0
148,99.64166666666667,0.6583333333333314,0.6694444444444514,0.6652777777777814,0.9895615866388227,0.02325947178502095,1.0312087630897122,38.888888888888886,0.9999999999742858,1.0062630480167065,9.316846078149312e-20,0.998896854329931,0
149,100.31111111111112,0.6694444444444514,0.6722222222222172,0.6652777777777814,1.0062630480167065,0.028852866143861833,1.2791919215880851,41.666666666666664,1.0714285714010205,1.010438413361156,1.451718418057652e-14,0.9931659173098155,0
150,100.98333333333333,0.6722222222222172,0.6666666666666714,0.6652777777777814,1.010438413361156,0.022165489033233014,0.9827070339558964,38.888888888888886,0.9999999999742858,1.0020876826722356,1.3747198943354332e-20,0.9970097728861947,0
151,101.65,0.6666666666666714,0.6527777777777715,0.6666666666666714,1.0,0.027993423969165317,1.2410885497614437,41.666666666666664,1.0714285714010205,0.9791666666666502,3.834693488040299e-15,0.9920642596232798,0
152,102.30277777777778,0.6527777777777715,0.6527777777777715,0.6666666666666714,0.9791666666666502,0.022994565607111748,1.0194641467638808,38.888888888888886,0.9999999999742858,0.9791666666666502,3.822371883804277e-20,0.9995046688185865,0
153,102.95555555555555,0.6527777777777715,0.6583333333333456,0.6666666666666714,0.9791666666666502,0.02344522073268705,1.03944394333535,38.888888888888886,0.9999999999742858,0.9875000000000115,1.4336117935279703e-19,0.9982711498896064,0
154,103.6138888888889,0.6583333333333456,0.6638888888888772,0.6652777777777814,0.989561586638844,0.023072077178735263,1.0229006225634087,38.888888888888886,0.9999999999742858,0.9979123173277432,6.074440248609226e-20,0.9988026567037634,0
155,104.27777777777777,0.6638888888888772,0.6750000000000114,0.6638888888888843,0.9999999999999893,0.023573181422095513,1.0451170809486465,38.888888888888886,0.9999999999742858,1.0167364016736644,2.001527118736971e-19,0.9980289866054317,0
156,104.95277777777778,0.6750000000000114,0.6472222222222115,0.6638888888888843,1.0167364016736644,0.023047082641244526,1.0217924896561763,38.888888888888886,0.9999999999742858,0.9748953974895302,2.5691281476249445e-20,0.9978111084293706,0
157,105.6,0.6472222222222115,0.6638888888888914,0.6611111111111114,0.9789915966386388,0.02971150470743939,1.3172596653129516,41.666666666666664,1.0714285714010205,1.0042016806722722,3.540216622459347e-13,0.9916528270497367,0
158,106.26388888888889,0.6638888888888914,0.6472222222222257,0.6638888888888843,1.0000000000000107,0.02193544703183498,0.9725081210178511,36.111111111111114,0.9285714285475513,0.9748953974895517,5.78864506566625e-21,0.9957834372867038,0
159,106.91111111111111,0.6472222222222257,0.6722222222222172,0.6611111111111114,0.9789915966386602,0.02169495222451929,0.9618457828928202,38.888888888888886,0.9999999999742858,1.0168067226890676,1.2065401817540512e-20,0.9996466217369547,0
160,107.58333333333333,0.6722222222222172,0.6583333333333314,0.6611111111111114,1.0168067226890676,0.022545516347776535,0.9995555462777929,38.888888888888886,0.9999999999742858,0.9957983193277278,2.5643010963863e-20,0.9969385206916677,0
161,108.24166666666666,0.6583333333333314,0.6638888888888914,0.6583333333333385,0.9999999999999892,0.02233926781188567,0.99041151671638,38.888888888888886,0.9999999999742858,1.0084388185653967,3.767075506089961e-20,0.9976021946943829,0
162,108.90555555555555,0.6638888888888914,0.6472222222222257,0.6611111111111114,1.0042016806722722,0.023321871701603825,1.0339752636100623,38.888888888888886,0.9999999999742858,0.9789915966386602,5.1724091610255256e-20,0.9989887091906833,0
163,109.55277777777778,0.6472222222222257,0.6472222222222257,0.6611111111111114,0.9789915966386602,0.022893629260380504,1.0149891334778718,38.888888888888886,0.9999999999742858,0.9789915966386602,5.10376964917239e-20,0.9992691998147838,0
164,110.2,0.6472222222222257,0.6555555555555515,0.6611111111111043,0.9789915966386707,0.023377385178946376,1.0364364538225626,38.888888888888886,0.9999999999742858,0.9915966386554662,1.7555331688395333e-19,0.9986690524185559,0
165,110.85555555555555,0.6555555555555515,0.6694444444444514,0.6569444444444414,0.9978858350951357,0.021582172059644425,0.9568456738879132,38.888888888888886,0.9999999999742858,1.0190274841437785,8.124248090243327e-21,0.9994293388468705,0
166,111.525,0.6694444444444514,0.6666666666666572,0.6569444444444414,1.0190274841437785,0.023368537368745508,1.0360441861263046,38.888888888888886,0.9999999999742858,1.0147991543340282,1.2658483208157644e-19,0.9978820552350465,0
167,112.19166666666666,0.6666666666666572,0.6583333333333314,0.6611111111111114,1.008403361344523,0.023194651424887334,1.028334952196059,38.888888888888886,0.9999999999742858,0.9957983193277278,4.912892876064377e-20,0.9989604907936124,0
168,112.85,0.6583333333333314,0.6527777777777857,0.6583333333333314,1.0,0.023227896735904304,1.0298088831764873,38.888888888888886,0.9999999999742858,0.991561181434614,7.745978396122828e-20,0.9989110042231988,0
169,113.50277777777778,0.6527777777777857,0.6527777777777715,0.6583333333333314,0.991561181434614,0.02848490969085767,1.262878570954832,41.666666666666664,1.0714285714010205,0.9915611814345924,1.440805753784996e-14,0.9935831940866793,0
170,114.15555555555555,0.6527777777777715,0.6611111111111114,0.6569444444444414,0.9936575052854072,0.022111731995949527,0.9803237155195692,36.111111111111114,0.9285714285475513,1.006342494714593,1.2939447381673497e-20,0.9977422865793315,0
171,114.81666666666666,0.6611111111111114,0.6638888888888914,0.6569444444444414,1.006342494714593,0.02266144533824093,1.0046952584762452,36.111111111111114,0.9285714285475513,1.0105708245243215,1.8459543495492362e-20,0.9984180403189467,0
172,115.48055555555555,0.6638888888888914,0.6638888888888914,0.6569444444444414,1.0105708245243215,0.022799514364378045,1.0108165492338257,36.111111111111114,0.9285714285475513,1.0105708245243215,3.53441512605551e-20,0.9968063517418373,0
173,116.14444444444445,0.6638888888888914,0.6416666666666657,0.6597222222222214,1.0063157894736892,0.029138097446654732,1.291837652396854,41.666666666666664,1.0714285714010205,0.9726315789473682,3.0497143439084384e-14,0.9926529232851746,0
174,116.78611111111111,0.6416666666666657,0.6388888888888857,0.6597222222222214,0.9726315789473682,0.022783181549127188,1.010092433812449,38.888888888888886,0.9999999999742858,0.9684210526315753,4.89219041941325e-20,0.999208549676372,0
175,117.425,0.6388888888888857,0.6500000000000057,0.6597222222222214,0.9684210526315753,0.022620032984445225,1.0028592416256044,38.888888888888886,0.9999999999742858,0.9852631578947466,5.767070272742178e-20,0.9991730329870434,0
176,118.075,0.6500000000000057,0.6583333333333314,0.6555555555555586,0.9915254237288177,0.022214427455649277,0.9848767190852009,38.888888888888886,0.9999999999742858,1.0042372881355857,4.013367241007918e-20,0.9979327386933817,0
177,118.73333333333333,0.6583333333333314,0.6638888888888914,0.6555555555555586,1.0042372881355857,0.028023558115119706,1.2424245472279212,41.666666666666664,1.0714285714010205,1.012711864406779,6.681646609694308e-15,0.9932210210734087,0
178,119.39722222222223,0.6638888888888914,0.6499999999999915,0.6555555555555586,1.012711864406779,0.02245930348767301,0.9957332988230146,36.111111111111114,0.9285714285475513,0.991525423728796,1.1703649240042077e-20,0.9975323133597697,0
179,120.04722222222222,0.6499999999999915,0.6611111111111114,0.6555555555555515,0.9915254237288068,0.0225388403377968,0.9992595653519487,36.111111111111114,0.9285714285475513,1.0084745762711933,4.286016956897906e-20,0.99690646279999,0
180,120.70833333333333,0.6611111111111114,0.6444444444444457,0.6597222222222214,1.0021052631578964,0.022802894558924994,1.0109664101709088,38.888888888888886,0.9999999999742858,0.976842105263161,2.7733052418127284e-20,0.9986646684622569,0
181,121.35277777777777,0.6444444444444457,0.6722222222222314,0.6541666666666686,0.9851380042462836,0.023264424436213963,1.0314283388977086,38.888888888888886,0.9999999999742858,1.0276008492569113,3.934017485056325e-19,0.9984470353294264,0
182,122.025,0.6722222222222314,0.6694444444444372,0.6541666666666686,1.0276008492569113,0.022715924232183427,1.0071105804300788,38.888888888888886,0.9999999999742858,1.0233545647558246,2.6425942260405843e-20,0.9994936033156328,0
183,122.69444444444444,0.6694444444444372,0.6749999999999972,0.6541666666666686,1.0233545647558246,0.02838632996184023,1.2585080383234222,41.666666666666664,1.0714285714010205,1.0318471337579544,1.675845538186803e-14,0.9913178558734375,0
184,123.36944444444444,0.6749999999999972,0.6527777777777857,0.6597222222222214,1.023157894736839,0.022751026586648574,1.0086668434382893,38.888888888888886,0.9999999999742858,0.9894736842105395,2.796379057258983e-20,0.9970624462849853,0
185,124.02222222222223,0.6527777777777857,0.6666666666666572,0.6597222222222214,0.9894736842105395,0.02265955818466479,1.0046115915158345,38.888888888888886,0.9999999999742858,1.0105263157894606,5.18295636007043e-20,0.999031756943584,0
186,124.68888888888888,0.6666666666666572,0.6638888888888914,0.6625000000000014,1.0062893081760842,0.022665349583455428,1.0048683532015104,38.888888888888886,0.9999999999742858,1.002096436058702,2.2581759304059162e-20,0.9989160729222001,0
187,125.35277777777777,0.6638888888888914,0.6833333333333371,0.6638888888888914,1.0,0.022107498337007692,0.9801360162355484,38.888888888888886,0.9999999999742858,1.029288702928872,1.3988743760155486e-20,0.9993429791456788,0
188,126.03611111111111,0.6833333333333371,0.6833333333333371,0.6652777777777743,1.0271398747390508,0.021803786102662554,0.966670933261654,36.111111111111114,0.9285714285475513,1.0271398747390508,3.406150836218289e-21,0.9964841601594319,0
189,126.71944444444445,0.6833333333333371,0.6666666666666572,0.6680555555555472,1.0228690228690414,0.023063249507414642,1.022509247724477,38.888888888888886,0.9999999999742858,0.9979209979209962,1.677161198533115e-20,0.9988188336078843,0
190,127.3861111111111,0.6666666666666572,0.6666666666666714,0.6680555555555472,0.9979209979209962,0.023352217738236713,1.0353206552505134,38.888888888888886,0.9999999999742858,0.9979209979210175,5.147842866184981e-20,0.9993009160335062,0
191,128.05277777777778,0.6666666666666714,0.6722222222222172,0.6680555555555543,0.9979209979210069,0.028875074738673463,1.2801765397168772,41.666666666666664,1.0714285714010205,1.0062370062370005,2.009189764161281e-14,0.9926055290459868,0
192,128.725,0.6722222222222172,0.6833333333333371,0.6680555555555543,1.0062370062370005,0.02305090691941827,1.0219620390424096,38.888888888888886,0.9999999999742858,1.0228690228690305,4.4474793812939894e-20,0.9987846709735919,0
193,129.40833333333333,0.6833333333333371,0.6666666666666572,0.6694444444444443,1.020746887966811,0.023842980942437118,1.0570786436283646,38.888888888888886,0.9999999999742858,0.9958506224066251,9.851818676969447e-20,0.9972512002047385,0
194,130.075,0.6666666666666572,0.6666666666666856,0.6666666666666643,0.9999999999999893,0.027850247719108746,1.2347408302134983,41.666666666666664,1.0714285714010205,1.000000000000032,4.056227332098136e-15,0.9918048861258355,0
195,130.74166666666667,0.6666666666666856,0.6638888888888914,0.6666666666666785,1.0000000000000107,0.022112657417347838,0.980364744080506,36.111111111111114,0.9285714285475513,0.9958333333333195,9.480181291151003e-21,0.9956214654733332,0
196,131.40555555555557,0.6638888888888914,0.6638888888888914,0.6666666666666785,0.9958333333333195,0.02215073934515159,0.9820531064831238,36.111111111111114,0.9285714285475513,0.9958333333333195,1.0331704762843958e-20,0.9959364578094997,0
197,132.06944444444446,0.6638888888888914,0.6611111111110972,0.6666666666666785,0.9958333333333195,0.02316960793463892,1.0272246489681434,36.111111111111114,0.9285714285475513,0.9916666666666282,4.483695674957034e-20,0.9963923692595806,0
198,132.73055555555555,0.6611111111110972,0.6694444444444514,0.6666666666666643,0.9916666666666494,0.021666588385151495,0.9605882719750626,36.111111111111114,0.9285714285475513,1.0041666666666806,6.00882333872489e-21,0.9959833822445765,0
199,133.4,0.6694444444444514,0.6777777777777771,0.6666666666666643,1.0041666666666806,0.0223992129851958,0.9930691861851315,38.888888888888886,0.9999999999742858,1.0166666666666693,1.2612732850141359e-20,0.9994521648609149,0
200,134.07777777777778,0.6777777777777771,0.6611111111110972,0.6666666666666785,1.0166666666666477,0.027204581669771882,1.2061152236537453,38.888888888888886,0.9999999999742858,0.9916666666666282,1.4866224964678982e-16,0.9924542511732812,0
201,134.73888888888888,0.6611111111110972,0.6666666666666856,0.6666666666666714,0.9916666666666388,0.02391680616312377,1.0603516850461896,38.888888888888886,0.9999999999742858,1.0000000000000213,2.7178096945165457e-19,0.9981607018034091,0
202,135.40555555555557,0.6666666666666856,0.6777777777777771,0.6666666666666714,1.0000000000000213,0.022822792233994763,1.0118485736648481,38.888888888888886,0.9999999999742858,1.0166666666666584,4.3236223323786714e-20,0.9983084247136924,0
203,136.08333333333334,0.6777777777777771,0.6944444444444287,0.6666666666666714,1.0166666666666584,0.02425887652596098,1.0755173757811862,38.888888888888886,0.9999999999742858,1.0416666666666357,4.200571526066651e-19,0.9982868360605976,0
204,136.77777777777777,0.6944444444444287,0.6583333333333314,0.6666666666666856,1.0416666666666134,0.023607286134252226,1.0466291134816166,38.888888888888886,0.9999999999742858,0.9874999999999691,2.3774605446148912e-20,0.9985036191130781,0
205,137.4361111111111,0.6583333333333314,0.6611111111111256,0.6652777777777885,0.9895615866388121,0.02345271868734917,1.039776365181568,38.888888888888886,0.9999999999742858,0.9937369519833044,1.1025772143115457e-19,0.9986893051761145,0
206,138.09722222222223,0.6611111111111256,0.6583333333333314,0.6652777777777885,0.9937369519833044,0.02117748334604126,0.9389037983522942,36.111111111111114,0.9285714285475513,0.9895615866388121,1.2874989493999016e-21,0.997451033521318,0
207,138.75555555555556,0.6583333333333314,0.6805555555555429,0.6638888888889056,0.991631799163152,0.022187941954407545,0.983702484294844,36.111111111111114,0.9285714285475513,1.0251046025104154,1.924459767352914e-20,0.9967544124478185,0
208,139.4361111111111,0.6805555555555429,0.6638888888888914,0.6680555555555685,1.01871101871098,0.02873287145093311,1.2738719564566308,41.666666666666664,1.0714285714010205,0.9937629937629783,1.0063299443697962e-14,0.991459610194378,0
209,140.1,0.6638888888888914,0.6777777777777771,0.6652777777777885,0.9979123173277539,0.023982737843790194,1.0632747663395592,38.888888888888886,0.9999999999742858,1.018789144050087,4.01735179586798e-19,0.9980065453484301,0
210,140.77777777777777,0.6777777777777771,0.6638888888888914,0.6652777777777885,1.018789144050087,0.022575130554167138,1.000868492221888,38.888888888888886,0.9999999999742858,0.9979123173277539,1.2665672409344753e-20,0.9982207930422109,0
211,141.44166666666666,0.6638888888888914,0.6694444444444514,0.6652777777777885,0.9979123173277539,0.02202268832468101,0.976375964041872,38.888888888888886,0.9999999999742858,1.0062630480166956,8.051006255321872e-21,0.9992639499250664,0
212,142.11111111111111,0.6694444444444514,0.6500000000000057,0.6666666666666714,1.00416666666667,0.02262212433905838,1.0029519618397067,38.888888888888886,0.9999999999742858,0.9750000000000016,1.0050991651568712e-20,0.9990899623429941,0
213,142.76111111111112,0.6500000000000057,0.6722222222222172,0.6638888888888914,0.9790794979079547,0.023706209273818876,1.051014871220929,38.888888888888886,0.9999999999742858,1.0125523012552187,1.2067806198936656e-18,0.9952942868103587,0
214,143.43333333333334,0.6722222222222172,0.674999999999983,0.6638888888888914,1.0125523012552187,0.023904552928151707,1.0598084378307682,41.666666666666664,1.0714285714010205,1.0167364016736107,9.404729236095155e-19,0.9965636499655258,0
215,144.10833333333332,0.674999999999983,0.6666666666666856,0.6666666666666714,1.0124999999999673,0.02863128737822438,1.2693682262371402,41.666666666666664,1.0714285714010205,1.0000000000000213,1.0451210887387277e-14,0.991859570601596,0
216,144.775,0.6666666666666856,0.6500000000000057,0.6680555555555685,0.997920997921007,0.028882006954182894,1.2804838795157782,41.666666666666664,1.0714285714010205,0.9729729729729626,2.095264574634905e-14,0.9917457033840869,0
217,145.425,0.6500000000000057,0.6583333333333314,0.6680555555555685,0.9729729729729626,0.022894069448312702,1.0150086492113883,38.888888888888886,0.9999999999742858,0.9854469854469635,6.21057349792014e-20,0.9982496011488758,0
218,146.08333333333334,0.6583333333333314,0.669444444444423,0.6652777777777885,0.9895615866388121,0.0217962257116593,0.9663357433000331,36.111111111111114,0.9285714285475513,1.006263048016653,7.56065374975915e-21,0.9965172195213108,0
219,146.75277777777777,0.669444444444423,0.6777777777777771,0.6680555555555543,1.0020790020789718,0.022639418736340778,1.003718709003821,38.888888888888886,0.9999999999742858,1.0145530145530155,3.1237900684045424e-20,0.9977888956125172,0
220,147.43055555555554,0.6777777777777771,0.6888888888888971,0.6680555555555543,1.0145530145530155,0.0233366131037733,1.0346288237268997,38.888888888888886,0.9999999999742858,1.0311850311850455,8.222214062868309e-20,0.9980265686126424,0
221,148.11944444444444,0.6888888888888971,0.6750000000000114,0.6694444444444372,1.0290456431535504,0.023304967002776008,1.0332257937282971,38.888888888888886,0.9999999999742858,1.00829875518675,2.1976091843434153e-20,0.9988761771498436,0
222,148.79444444444445,0.6750000000000114,0.6694444444444514,0.6708333333333201,1.0062111801242604,0.02346230747766059,1.0402014842336236,38.888888888888886,0.9999999999742858,0.9979296066252888,5.434343979926111e-20,0.9983447812331747,0
223,149.4638888888889,0.6694444444444514,0.6555555555555372,0.6708333333333343,0.9979296066252678,0.02264800010521892,1.0040991640231023,38.888888888888886,0.9999999999742858,0.9772256728778181,1.0391508143985695e-20,0.998969213259538,0
224,150.11944444444444,0.6555555555555372,0.6638888888888914,0.6694444444444372,0.9792531120331783,0.022616819987549934,1.0027167933969934,38.888888888888886,0.9999999999742858,0.9917012448132926,3.956636221918705e-20,0.9976855653230376,0
225,150.78333333333333,0.6638888888888914,0.6916666666666629,0.6680555555555543,0.9937629937629994,0.02303421776130514,1.0212221251589855,38.888888888888886,0.9999999999742858,1.0353430353430317,9.860240409581002e-20,0.9982214376845058,0
226,151.475,0.6916666666666629,0.6638888888888914,0.6694444444444372,1.0331950207468936,0.023631091381442457,1.0476845191992088,38.888888888888886,0.9999999999742858,0.9917012448132926,3.310461468203033e-20,0.9980383344186967,0
227,152.13888888888889,0.6638888888888914,0.6500000000000057,0.6694444444444372,0.9917012448132926,0.0293344218224674,1.300541694286426,41.666666666666664,1.0714285714010205,0.970954356846492,3.5392289142802125e-14,0.992920159468185,0
228,152.7888888888889,0.6500000000000057,0.6500000000000057,0.6694444444444372,0.970954356846492,0.028261837115603868,1.2529886475493122,41.666666666666664,1.0714285714010205,0.970954356846492,1.9714373362955673e-14,0.991155797204692,0
229,153.4388888888889,0.6500000000000057,0.6611111111110972,0.6666666666666714,0.9750000000000016,0.02391338224690745,1.0601998857087418,41.666666666666664,1.0714285714010205,0.9916666666666388,1.076063335643442e-18,0.998160746165758,0
230,154.1,0.6611111111110972,0.6666666666666856,0.6638888888888914,0.9958158995815652,0.022676928987791556,1.0053817261333267,38.888888888888886,0.9999999999742858,1.0041841004184349,3.3653397319670977e-20,0.9986267685819357,0
231,154.76666666666668,0.6666666666666856,0.669444444444423,0.6638888888888914,1.0041841004184349,0.023098166150508564,1.0240572772183933,38.888888888888886,0.9999999999742858,1.0083682008367838,7.630747613150216e-20,0.9977143242862152,0
232,155.4361111111111,0.669444444444423,0.6666666666666856,0.6638888888888914,1.0083682008367838,0.023951470938495308,1.0618885479837517,38.888888888888886,0.9999999999742858,1.0041841004184349,2.06679619271138e-19,0.9983233603553313,0
233,156.1027777777778,0.6666666666666856,0.669444444444423,0.6638888888888914,1.0041841004184349,0.023617890109207607,1.0470992407484196,38.888888888888886,0.9999999999742858,1.0083682008367838,1.1946148868839361e-19,0.9989159695074702,0
234,156.7722222222222,0.669444444444423,0.6555555555555657,0.6652777777777885,1.006263048016653,0.023210476146233856,1.0290365412724065,38.888888888888886,0.9999999999742858,0.9853862212943626,5.838256919270608e-20,0.9973817313111693,0
235,157.42777777777778,0.6555555555555657,0.6805555555555429,0.6652777777777885,0.9853862212943626,0.023231192030848835,1.0299549800893997,41.666666666666664,1.0714285714010205,1.0229645093945365,1.1679755094072717e-18,0.9954725735872161,0
236,158.10833333333332,0.6805555555555429,0.6777777777777771,0.6652777777777885,1.0229645093945365,0.023822760517240638,1.0561821710064265,41.666666666666664,1.0714285714010205,1.018789144050087,4.2135866960172903e-19,0.9973533167832449,0
237,158.7861111111111,0.6777777777777771,0.6750000000000114,0.6666666666666856,1.0166666666666369,0.028454550070877657,1.2615325770966386,41.666666666666664,1.0714285714010205,1.0124999999999882,7.645072895329664e-15,0.991729761913483,0
238,159.4611111111111,0.6750000000000114,0.6638888888888914,0.6680555555555543,1.0103950103950292,0.023295229856990226,1.0327940973357659,41.666666666666664,1.0714285714010205,0.9937629937629994,1.7003726296914347e-19,0.9967748275500248,0
239,160.125,0.6638888888888914,0.6750000000000114,0.6680555555555543,0.9937629937629994,0.023388066503801198,1.0369100103974283,41.666666666666664,1.0714285714010205,1.0103950103950292,5.023630194229751e-19,0.9965192343094783,0
240,160.8,0.6750000000000114,0.6611111111110972,0.669444444444423,1.0082987551867713,0.02414507044242177,1.070471782668701,38.888888888888886,0.9999999999742858,0.9875518672199279,1.3318608233657052e-19,0.9985732314436406,0
241,161.4611111111111,0.6611111111110972,0.6750000000000114,0.669444444444423,0.9875518672199279,0.023654826621871856,1.048736821166814,38.888888888888886,0.9999999999742858,1.0082987551867713,1.9070312980286203e-19,0.998197689016388,0
242,162.13611111111112,0.6750000000000114,0.674999999999983,0.6722222222222172,1.0041322314049832,0.02864914127171667,1.2701597786676806,41.666666666666664,1.0714285714010205,1.0041322314049408,8.656462421603294e-15,0.9923865667857941,0
243,162.8111111111111,0.674999999999983,0.6555555555555657,0.6749999999999972,0.9999999999999789,0.023758064690460382,1.053313881299431,38.888888888888886,0.9999999999742858,0.9711934156378792,4.028706271491948e-20,0.9990916147599658,0
244,163.46666666666667,0.6555555555555657,0.6611111111110972,0.6749999999999972,0.9711934156378792,0.02401093764668235,1.0645250046995944,41.666666666666664,1.0714285714010205,0.9794238683127408,1.5589285706552e-18,0.9958147769055857,0
245,164.12777777777777,0.6611111111110972,0.6583333333333314,0.6749999999999972,0.9794238683127408,0.022786212360750974,1.0102268048564096,38.888888888888886,0.9999999999742858,0.97530864197531,2.916550305687038e-20,0.9974502229632632,0
246,164.7861111111111,0.6583333333333314,0.6694444444444514,0.6694444444444372,0.9834024896265638,0.02334918805020828,1.0351863340211567,38.888888888888886,0.9999999999742858,1.0000000000000213,1.9495017233574191e-19,0.9966237528521266,0
247,165.45555555555555,0.6694444444444514,0.6638888888888914,0.6666666666666714,1.00416666666667,0.02388058917736515,1.0587460048556776,38.888888888888886,0.9999999999742858,0.99583333333333,1.359425195562357e-19,0.9986074637052096,0
248,166.11944444444444,0.6638888888888914,0.6527777777777715,0.6638888888888914,1.0,0.022416114014210176,0.9938184933657047,36.111111111111114,0.9285714285475513,0.9832635983263466,9.137857764524761e-21,0.997159263462391,0
249,166.7722222222222,0.6527777777777715,0.6472222222222399,0.6624999999999943,0.9853249475890975,0.022556031163229472,1.0000217206577426,38.888888888888886,0.9999999999742858,0.9769392033543328,4.83185728725031e-20,0.9968510029391304,0
250,167.41944444444445,0.6472222222222399,0.6583333333333314,0.6611111111110972,0.9789915966387028,0.023873296491064865,1.0584226835830008,41.666666666666664,1.0714285714010205,0.9957983193277492,3.144044645528063e-18,0.9956431226921787,0
251,168.07777777777778,0.6583333333333314,0.6555555555555372,0.6597222222222143,0.9978947368421144,0.02489204687149797,1.1035889852691871,41.666666666666664,1.0714285714010205,0.9936842105263,7.767853781957858e-18,0.9961802965523978,0
252,168.73333333333332,0.6555555555555372,0.6694444444444514,0.6583333333333314,0.9957805907172746,0.02399578321673357,1.0638531329947143,38.888888888888886,0.9999999999742858,1.0168776371308152,7.954910647921798e-19,0.9975596883292985,0
253,169.40277777777777,0.6694444444444514,0.6750000000000114,0.6583333333333314,1.0168776371308152,0.02316027950677503,1.0268110730861113,38.888888888888886,0.9999999999742858,1.0253164556962227,9.145290111575521e-20,0.9982914972358632,0
254,170.07777777777778,0.6750000000000114,0.6527777777777715,0.6597222222222143,1.0231578947368716,0.024504925844771132,1.0864259731927872,41.666666666666664,1.0714285714010205,0.9894736842105286,1.0695237491181744e-18,0.9975075276669247,0
255,170.73055555555555,0.6527777777777715,0.6583333333333314,0.6583333333333314,0.9915611814345924,0.022548258569505427,0.999677122687752,38.888888888888886,0.9999999999742858,1.0,3.8846097931980767e-20,0.9988641536377963,0
256,171.38888888888889,0.6583333333333314,0.6611111111111256,0.6583333333333314,1.0,0.023375993538171613,1.036374755423937,38.888888888888886,0.9999999999742858,1.0042194092827255,3.1026994184768837e-19,0.9962569479374208,0
257,172.05,0.6611111111111256,0.6944444444444287,0.6583333333333314,1.0042194092827255,0.024493205261448124,1.0859063410900929,41.666666666666664,1.0714285714010205,1.0548523206750846,6.251558513663947e-18,0.9978545038080172,0
258,172.74444444444444,0.6944444444444287,0.6666666666666572,0.6583333333333314,1.0548523206750846,0.025056287050141682,1.1108705741648512,41.666666666666664,1.0714285714010205,1.0126582278480898,2.757537266482301e-18,0.9959991459711086,0
259,173.4111111111111,0.6666666666666572,0.6666666666666856,0.6597222222222285,1.0105263157894497,0.024295186323770254,1.0771271707942893,41.666666666666664,1.0714285714010205,1.0105263157894928,1.5940538647890752e-18,0.997609786987663,0
260,174.07777777777778,0.6666666666666856,0.6444444444444457,0.6638888888888914,1.0041841004184349,0.023788265304544347,1.054652825630666,38.888888888888886,0.9999999999742858,0.9707112970711279,1.2269863416622574e-19,0.9977972928696395,0
261,174.72222222222223,0.6444444444444457,0.6583333333333314,0.6638888888888914,0.9707112970711279,0.022615040217654685,1.0026378872924513,38.888888888888886,0.9999999999742858,0.9916317991631733,7.352260457828047e-20,0.9977583058989942,0
262,175.38055555555556,0.6583333333333314,0.6527777777777715,0.6638888888888914,0.9916317991631733,0.02556104961427843,1.1332492242145336,41.666666666666664,1.0714285714010205,0.9832635983263466,2.5261291887814064e-17,0.9953333763092078,0
263,176.03333333333333,0.6527777777777715,0.6722222222222172,0.6597222222222285,0.9894736842105073,0.0243308355499759,1.078707679363031,41.666666666666664,1.0714285714010205,1.0189473684210353,7.318102448022976e-18,0.9959109202417549,0
264,176.70555555555555,0.6722222222222172,0.6722222222222172,0.6597222222222285,1.0189473684210353,0.023805639170398366,1.0554230960341815,38.888888888888886,0.9999999999742858,1.0189473684210353,2.2490216259643684e-19,0.9979864838669052,0
265,177.37777777777777,0.6722222222222172,0.6444444444444457,0.6638888888888914,1.0125523012552187,0.02262683994510875,1.0031610282504733,38.888888888888886,0.9999999999742858,0.9707112970711279,1.503850704331917e-20,0.9975305409534533,0
266,178.0222222222222,0.6444444444444457,0.6527777777777999,0.6638888888888914,0.9707112970711279,0.023000987756625974,1.0197488727850972,38.888888888888886,0.9999999999742858,0.9832635983263894,1.090871445421184e-19,0.9980376547001979,0
267,178.675,0.6527777777777999,0.6638888888888914,0.6624999999999943,0.9853249475891404,0.02411158798378407,1.0689873377476764,38.888888888888886,0.9999999999742858,1.0020964360587126,1.171487201300289e-18,0.9963803351613811,0
268,179.3388888888889,0.6638888888888914,0.6861111111111029,0.6611111111111114,1.0042016806722722,0.023162270815282774,1.0268993577557797,41.666666666666664,1.0714285714010205,1.0378151260504072,8.020116261633587e-19,0.9958792149675635,0
269,180.025,0.6861111111111029,0.6694444444444514,0.6611111111111114,1.0378151260504072,0.029309987087744117,1.2994583802368505,41.666666666666664,1.0714285714010205,1.0126050420168167,2.390217032275082e-14,0.9918345268364943,0
270,180.69444444444446,0.6694444444444514,0.6611111111110972,0.6611111111111114,1.0126050420168167,0.02290732817832263,1.0155964750528368,38.888888888888886,0.9999999999742858,0.9999999999999785,2.4702446830666254e-20,0.99939839314344,0
271,181.35555555555555,0.6611111111110972,0.6666666666666572,0.6624999999999943,0.9979035639412874,0.022134588787018093,0.9813370714316839,36.111111111111114,0.9285714285475513,1.0062893081760949,1.1791483057956851e-20,0.9966411840958742,0
272,182.0222222222222,0.6666666666666572,0.6638888888888914,0.6652777777777743,1.002087682672225,0.02223314247477552,0.9857064495237399,36.111111111111114,0.9285714285475513,0.9979123173277752,6.826756330523516e-21,0.997333809931996,0
273,182.6861111111111,0.6638888888888914,0.6638888888888914,0.6652777777777743,0.9979123173277752,0.023533904592758344,1.0433757425823575,38.888888888888886,0.9999999999742858,0.9979123173277752,8.998493340946061e-20,0.9991038023729706,0
274,183.35,0.6638888888888914,0.6694444444444514,0.6638888888888914,1.0,0.022905294210826314,1.0155062990967607,38.888888888888886,0.9999999999742858,1.0083682008368267,4.789484314137428e-20,0.9985281710855334,0
275,184.01944444444445,0.6694444444444514,0.6833333333333371,0.6638888888888914,1.0083682008368267,0.028674510783293874,1.2712845360523504,41.666666666666664,1.0714285714010205,1.029288702928872,1.3442394238200907e-14,0.9929862746412905,0
276,184.70277777777778,0.6833333333333371,0.6527777777777715,0.6652777777777743,1.0271398747390508,0.022813694429437686,1.0114452224679316,38.888888888888886,0.9999999999742858,0.9812108559498912,8.725060711530989e-21,0.9988821916271208,0
277,185.35555555555555,0.6527777777777715,0.6555555555555657,0.6652777777777743,0.9812108559498912,0.023586718762294612,1.0457172589738082,38.888888888888886,0.9999999999742858,0.9853862212943836,1.4360474526910268e-19,0.9989171258593919,0
278,186.01111111111112,0.6555555555555657,0.6527777777777715,0.6652777777777743,0.9853862212943836,0.021862824094448497,0.9692883828343519,38.888888888888886,0.9999999999742858,0.9812108559498912,5.905721414601264e-21,0.9992678689199019,0
279,186.6638888888889,0.6527777777777715,0.6805555555555429,0.6638888888888914,0.9832635983263466,0.02124062778590327,0.9417033073148336,33.333333333333336,0.8571428571208165,1.0251046025104373,9.031910589509958e-22,0.9989197482006877,0
280,187.34444444444443,0.6805555555555429,0.6527777777777999,0.6638888888888914,1.0251046025104373,0.02293960782552103,1.0170275933244852,36.111111111111114,0.9285714285475513,0.9832635983263894,9.460276449867879e-21,0.9972856130229848,0
281,187.99722222222223,0.6527777777777999,0.6499999999999773,0.6638888888888914,0.9832635983263894,0.022044169079209287,0.9773283133691514,36.111111111111114,0.9285714285475513,0.9790794979079118,6.03254783188932e-21,0.9978875914260732,0
282,188.6472222222222,0.6499999999999773,0.6416666666666799,0.6597222222222285,0.985263157894693,0.021424147909154267,0.949839672622218,36.111111111111114,0.9285714285475513,0.9726315789473792,3.580348287755995e-21,0.9967404312518567,0
283,189.2888888888889,0.6416666666666799,0.6527777777777715,0.6541666666666828,0.980891719745219,0.02110387827850684,0.9356405174252448,33.333333333333336,0.8571428571208165,0.997876857749435,1.8169464421705156e-21,0.9971402414818051,0
284,189.94166666666666,0.6527777777777715,0.6444444444444457,0.6527777777777857,0.9999999999999782,0.02209994765176338,0.9798012565787844,36.111111111111114,0.9285714285475513,0.9872340425531815,5.789219406892349e-21,0.9993377213020026,0
285,190.5861111111111,0.6444444444444457,0.6638888888888914,0.6527777777777715,0.987234042553203,0.02280251007427996,1.010949364042824,38.888888888888886,0.9999999999742858,1.0170212765957585,1.1427482067844178e-19,0.9993373817514841,0
286,191.25,0.6638888888888914,0.6722222222222172,0.6527777777777715,1.0170212765957585,0.022061563546012818,0.9780994971158358,38.888888888888886,0.9999999999742858,1.0297872340425553,1.675434620563124e-20,0.9992566529933897,0
287,191.92222222222222,0.6722222222222172,0.6527777777777715,0.6527777777777857,1.029787234042533,0.023105672483351967,1.0243900705113076,38.888888888888886,0.9999999999742858,0.9999999999999782,3.904815941481672e-20,0.9990968988502031,0
288,192.575,0.6527777777777715,0.6500000000000057,0.6527777777777715,1.0,0.021651034386938616,0.9598986854097936,38.888888888888886,0.9999999999742858,0.9957446808510821,8.435515993188318e-21,0.999066565772323,0
289,193.225,0.6500000000000057,0.6500000000000057,0.6527777777777715,0.9957446808510821,0.02206855936667714,0.9784096568495019,36.111111111111114,0.9285714285475513,0.9957446808510821,7.434129043368349e-21,0.9992313155260641,0
290,193.875,0.6500000000000057,0.6861111111111029,0.6513888888888886,0.9978678038379623,0.022436617973848064,0.994727536488096,36.111111111111114,0.9285714285475513,1.0533049040511606,4.536357676290825e-20,0.998893804899114,0
291,194.5611111111111,0.6861111111111029,0.6666666666666856,0.6513888888888886,1.0533049040511606,0.02417260188513366,1.071692389277802,38.888888888888886,0.9999999999742858,1.0234541577825456,3.448198543173505e-19,0.9972959355620662,0
292,195.2277777777778,0.6666666666666856,0.6611111111110972,0.6527777777777715,1.0212765957447199,0.023647416906061113,1.0484083113903813,36.111111111111114,0.9285714285475513,1.012765957446797,2.2302939984022264e-19,0.9954997258336523,0
293,195.88888888888889,0.6611111111110972,0.6555555555555657,0.6569444444444343,1.006342494714582,0.022787183293627028,1.0102698511688715,36.111111111111114,0.9285714285475513,0.9978858350951681,3.35063433475698e-20,0.9966545651039267,0
294,196.54444444444445,0.6555555555555657,0.6527777777777715,0.6583333333333314,0.9957805907173178,0.027220178557384782,1.2068067117207144,41.666666666666664,1.0714285714010205,0.9915611814345924,2.052978529973955e-15,0.992267139985404,0
295,197.19722222222222,0.6527777777777715,0.6500000000000057,0.6583333333333314,0.9915611814345924,0.022747039224457123,1.0084900637215597,38.888888888888886,0.9999999999742858,0.9873417721519102,4.3284409825642196e-20,0.998848933349265,0
296,197.84722222222223,0.6500000000000057,0.6638888888888914,0.6541666666666686,0.9936305732484134,0.02295835278119502,1.0178586509999736,38.888888888888886,0.9999999999742858,1.0148619957537164,1.125834301962269e-19,0.9991540235583347,0
297,198.51111111111112,0.6638888888888914,0.6777777777777771,0.6541666666666686,1.0148619957537164,0.022416748852081336,0.9938466389049471,38.888888888888886,0.9999999999742858,1.0360934182590193,2.9544665201323644e-20,0.9995712715860298,0
298,199.1888888888889,0.6777777777777771,0.6527777777777715,0.6583333333333314,1.029535864978905,0.02221133508074373,0.9847396186329278,36.111111111111114,0.9285714285475513,0.9915611814345924,2.2187340766403768e-21,0.9990858165423611,0
299,199.84166666666667,0.6527777777777715,0.6416666666666515,0.6583333333333314,0.9915611814345924,0.0228492744456989,1.0130226626135443,36.111111111111114,0.9285714285475513,0.9746835443037772,1.5333828293459073e-20,0.9992103872508358,0
300,200.48333333333332,0.6416666666666515,0.6472222222222399,0.6583333333333314,0.9746835443037772,0.021162532305501608,0.9382409439175806,36.111111111111114,0.9285714285475513,0.983122362869228,4.281749383483729e-21,0.9966550955967867,0
301,201.13055555555556,0.6472222222222399,0.6722222222222172,0.6541666666666686,0.9893842887473703,0.02833392649629472,1.256184730494841,41.666666666666664,1.0714285714010205,1.0276008492568895,3.7660599329835884e-14,0.9920191990108509,0
302,201.80277777777778,0.6722222222222172,0.6555555555555657,0.6541666666666686,1.0276008492568895,0.026137175662036823,1.1587917745606382,41.666666666666664,1.0714285714010205,1.0021231422505434,9.291695998006518e-17,0.9937134471757607,0
303,202.45833333333334,0.6555555555555657,0.6583333333333314,0.6541666666666686,1.0021231422505434,0.025561685549575636,1.1332774184081635,41.666666666666664,1.0714285714010205,1.0063694267515866,3.3165968787713705e-17,0.9965662572173746,0
304,203.11666666666667,0.6583333333333314,0.6527777777777715,0.6541666666666686,1.0063694267515866,0.02453780340536863,1.0878835999570797,41.666666666666664,1.0714285714010205,0.9978768577494567,3.918906704722571e-18,0.9969965576409829,0
305,203.76944444444445,0.6527777777777715,0.6555555555555657,0.6541666666666686,0.9978768577494567,0.026897198679069187,1.1924873976838763,41.666666666666664,1.0714285714010205,1.0021231422505434,2.1372858367965436e-15,0.99143731385837,0
306,204.425,0.6555555555555657,0.6555555555555372,0.6555555555555657,1.0,0.029475296843218896,1.3067873888250674,44.44444444444444,1.1428571428277552,0.9999999999999566,1.510903598414548e-12,0.9887786641085959,0
307,205.08055555555555,0.6555555555555372,0.6666666666666856,0.6555555555555515,0.9999999999999784,0.026834188656590225,1.1896938481164854,41.666666666666664,1.0714285714010205,1.0169491525424081,2.7065792217450006e-15,0.9904958082611179,0
308,205.74722222222223,0.6666666666666856,0.6722222222222172,0.6555555555555515,1.0169491525424081,0.02477901483827244,1.098577709680071,41.666666666666664,1.0714285714010205,1.0254237288135581,6.860862648002651e-18,0.9967151263169818,0
309,206.41944444444445,0.6722222222222172,0.6527777777777715,0.6555555555555657,1.0254237288135357,0.02243699701754702,0.9947443413918174,36.111111111111114,0.9285714285475513,0.9957627118643818,1.4458474103747634e-20,0.9958592308212393,0
310,207.07222222222222,0.6527777777777715,0.6611111111110972,0.6555555555555657,0.9957627118643818,0.02465022118385413,1.0928676425601445,41.666666666666664,1.0714285714010205,1.0084745762711498,7.77010619476584e-18,0.9968031305538223,0
311,207.73333333333332,0.6611111111110972,0.6638888888888914,0.6569444444444485,1.0063424947145603,0.02287695586445077,1.0142499184109037,38.888888888888886,0.9999999999742858,1.0105708245243104,5.284979071988616e-20,0.9990057897390581,0
312,208.3972222222222,0.6638888888888914,0.6861111111111313,0.6569444444444485,1.0105708245243104,0.022974036280216634,1.0185539789840516,36.111111111111114,0.9285714285475513,1.0443974630021384,3.9761848262388056e-20,0.9990651930606025,0
313,209.08333333333334,0.6861111111111313,0.6611111111110972,0.6597222222222143,1.0400000000000431,0.027878771644048696,1.2360054385256585,41.666666666666664,1.0714285714010205,1.0021052631578857,1.6700085706198024e-15,0.9920043028561016,0
314,209.74444444444444,0.6611111111110972,0.6611111111111256,0.6611111111110972,1.0,0.021598469184099262,0.9575682069577233,36.111111111111114,0.9285714285475513,1.000000000000043,2.9013574050592686e-21,0.9978757722502545,0
315,210.40555555555557,0.6611111111111256,0.6555555555555372,0.6611111111111114,1.0000000000000215,0.021270681163805105,0.9430357239294179,36.111111111111114,0.9285714285475513,0.991596638655434,1.9087469303957793e-21,0.997109728851278,0
316,211.0611111111111,0.6555555555555372,0.6694444444444514,0.6611111111111114,0.991596638655434,0.02836255657385834,1.2574540450839435,41.666666666666664,1.0714285714010205,1.0126050420168167,1.9240948014010405e-14,0.9921911751941366,0
317,211.73055555555555,0.6694444444444514,0.6750000000000114,0.6625000000000085,1.0104821802934985,0.028263588967253173,1.2530663158983224,41.666666666666664,1.0714285714010205,1.0188679245283059,6.304302325538464e-15,0.9928182436452282,0
318,212.40555555555557,0.6750000000000114,0.6777777777777771,0.6625000000000085,1.0188679245283059,0.022576978489337547,1.0009504204341433,36.111111111111114,0.9285714285475513,1.0230607966456882,1.3312302273956042e-20,0.9973359166002648,0
319,213.08333333333334,0.6777777777777771,0.6833333333333371,0.6625000000000085,1.0230607966456882,0.02195618939456907,0.9734277337423479,36.111111111111114,0.9285714285475513,1.0314465408804956,5.555430216127447e-21,0.9969306033990282,0
320,213.76666666666668,0.6833333333333371,0.6722222222222172,0.6666666666666714,1.0249999999999984,0.02197628678785138,0.9743187517439401,36.111111111111114,0.9285714285475513,1.0083333333333186,2.3664385245113355e-21,0.9972962952541118,0
321,214.4388888888889,0.6722222222222172,0.6611111111110972,0.6708333333333343,1.0020703933747324,0.02269676770642528,1.0062612757934672,38.888888888888886,0.9999999999742858,0.9855072463767894,1.1165399422720841e-20,0.9989982934878168,0
322,215.1,0.6611111111110972,0.6750000000000114,0.6708333333333343,0.9855072463767894,0.02281139067476863,1.0113430854966068,36.111111111111114,0.9285714285475513,1.006211180124239,1.4485414019205294e-20,0.998824914036918,0
323,215.775,0.6750000000000114,0.6972222222222229,0.6708333333333343,1.006211180124239,0.022971919757566645,1.018460142944948,38.888888888888886,0.9999999999742858,1.0393374741200823,3.495757357115727e-20,0.9994234444704126,0
324,216.47222222222223,0.6972222222222229,0.674999999999983,0.6736111111111143,1.0350515463917487,0.023136984189321638,1.0257782751051887,38.888888888888886,0.9999999999742858,1.002061855670073,9.127963101123236e-21,0.9989184903072184,0
325,217.1472222222222,0.674999999999983,0.6638888888888914,0.6749999999999972,0.9999999999999789,0.023228118244916683,1.0298187037793272,38.888888888888886,0.9999999999742858,0.9835390946502136,2.057630352977696e-20,0.9990551902579172,0
326,217.8111111111111,0.6638888888888914,0.6666666666666856,0.6749999999999972,0.9835390946502136,0.02239017155257333,0.9926683342381333,38.888888888888886,0.9999999999742858,0.9876543209876866,1.5293928138013326e-20,0.9976707056226143,0
327,218.4777777777778,0.6666666666666856,0.6777777777777771,0.6749999999999972,0.9876543209876866,0.022532489579958008,0.9989780044809129,38.888888888888886,0.9999999999742858,1.0041152263374518,1.5484719285003243e-20,0.9987860703289152,0
328,219.15555555555557,0.6777777777777771,0.6666666666666572,0.6749999999999972,1.0041152263374518,0.02218166112576391,0.9834240237349205,38.888888888888886,0.9999999999742858,0.9876543209876445,3.070399921949506e-21,0.9993672190057532,0
329,219.82222222222222,0.6666666666666572,0.6777777777777771,0.6736111111111001,0.9896907216494867,0.02321700553451424,1.0293260217246962,38.888888888888886,0.9999999999742858,1.0061855670103248,6.666582659984139e-20,0.9980234720431825,0
330,220.5,0.6777777777777771,0.6805555555555429,0.6736111111111001,1.0061855670103248,0.02610774331303523,1.1574868912645222,44.44444444444444,1.1428571428277552,1.0103092783505132,1.2352302645633143e-16,0.9945749504300478,0
331,221.18055555555554,0.6805555555555429,0.6750000000000114,0.6749999999999972,1.0082304526748826,0.0237756172573917,1.0540920744158346,38.888888888888886,0.9999999999742858,1.000000000000021,7.239020078204391e-20,0.9981165431089181,0
332,221.85555555555555,0.6750000000000114,0.6555555555555657,0.6750000000000114,1.0,0.022824812769740854,1.0119381541242312,36.111111111111114,0.9285714285475513,0.9711934156378587,6.965944008869768e-21,0.9971618761114798,0
333,222.51111111111112,0.6555555555555657,0.6805555555555429,0.6749999999999972,0.9711934156378792,0.02808348366087992,1.2450813465091783,41.666666666666664,1.0714285714010205,1.0082304526748826,6.928070093390739e-15,0.9930920082417636,0
334,223.19166666666666,0.6805555555555429,0.6888888888888971,0.6749999999999972,1.0082304526748826,0.02321459925301335,1.0292193392259226,38.888888888888886,0.9999999999742858,1.0205761316872592,2.954827119180649e-20,0.9990943482052982,0
335,223.88055555555556,0.6888888888888971,0.674999999999983,0.6763888888888943,1.0184804928131457,0.022322333569175474,0.989660737006486,38.888888888888886,0.9999999999742858,0.9979466119096178,2.501383872992377e-21,0.9995402160435884,0
336,224.55555555555554,0.674999999999983,0.6583333333333599,0.6763888888888943,0.9979466119096178,0.022675522670229976,1.0053193770393063,38.888888888888886,0.9999999999742858,0.9733059548254935,7.229936601102793e-21,0.9988793699204493,0
337,225.2138888888889,0.6583333333333599,0.674999999999983,0.6763888888888943,0.9733059548254935,0.02893977004143092,1.2830448061913204,41.666666666666664,1.0714285714010205,0.9979466119096178,2.7895742627740555e-14,0.9927673201968238,0
338,225.88888888888889,0.674999999999983,0.6805555555555713,0.6749999999999972,0.9999999999999789,0.028241130518669572,1.2520706205016745,41.666666666666664,1.0714285714010205,1.0082304526749248,4.597798175715907e-15,0.9921049707962388,0
339,226.56944444444446,0.6805555555555713,0.6888888888888687,0.6763888888888943,1.0061601642710627,0.022484238819566273,0.9968388068498755,38.888888888888886,0.9999999999742858,1.0184804928131037,8.493021201632092e-21,0.9990196929285897,0
340,227.25833333333333,0.6888888888888687,0.6888888888888971,0.6777777777777771,1.016393442622922,0.022615194152392354,1.0026447119895852,38.888888888888886,0.9999999999742858,1.016393442622964,5.6949668612946194e-21,0.9994532937634764,0
341,227.94722222222222,0.6888888888888971,0.6694444444444514,0.6777777777777771,1.016393442622964,0.022877824010488015,1.014288407668507,38.888888888888886,0.9999999999742858,0.987704918032798,6.444756003372788e-21,0.9988679543364979,0
342,228.61666666666667,0.6694444444444514,0.6666666666666572,0.6777777777777629,0.9877049180328188,0.022849778784824144,1.0130450224904293,38.888888888888886,0.9999999999742858,0.9836065573770567,1.2413686860690818e-20,0.9993420196821571,0
343,229.28333333333333,0.6666666666666572,0.6722222222222172,0.6777777777777629,0.9836065573770567,0.028838232953567067,1.2785431590450922,41.666666666666664,1.0714285714010205,0.9918032786885389,1.3000665709174842e-14,0.9929538382348146,0
344,229.95555555555555,0.6722222222222172,0.7055555555555486,0.674999999999983,0.9958847736625691,0.02329111265309342,1.0326115610865743,38.888888888888886,0.9999999999742858,1.0452674897119503,8.345389010895697e-20,0.9990247697646686,0
345,230.6611111111111,0.7055555555555486,0.6777777777778056,0.674999999999983,1.0452674897119503,0.023832001162082384,1.0565918550278646,38.888888888888886,0.9999999999742858,1.004115226337515,2.2814675269978195e-20,0.998485764392586,0
346,231.3388888888889,0.6777777777778056,0.674999999999983,0.6763888888888943,1.0020533880903821,0.02419878864777946,1.0728533794914616,38.888888888888886,0.9999999999742858,0.9979466119096178,1.4937315389422658e-19,0.9982598049477773,0
347,232.01388888888889,0.674999999999983,0.6638888888888914,0.6763888888888943,0.9979466119096178,0.028681535780087697,1.2715959893098199,41.666666666666664,1.0714285714010205,0.9815195071868542,7.389027540868898e-15,0.992330100869106,0
348,232.67777777777778,0.6638888888888914,0.6555555555555657,0.6763888888888943,0.9815195071868542,0.02302993450382152,1.0210322269234406,38.888888888888886,0.9999999999742858,0.9691991786447711,3.6902701706272784e-20,0.9971954292966037,0
349,233.33333333333334,0.6555555555555657,0.6583333333333314,0.6736111111111001,0.9731958762886908,0.021963566153750565,0.9737547823865076,38.888888888888886,0.9999999999742858,0.9773195876288792,6.266901670357517e-21,0.9989111352904493,0
350,233.99166666666667,0.6583333333333314,0.669444444444423,0.6708333333333343,0.9813664596273249,0.028435741400627042,1.2606986946351724,41.666666666666664,1.0714285714010205,0.9979296066252253,1.7492238330008535e-14,0.9917348100915051,0
351,234.6611111111111,0.669444444444423,0.6888888888888971,0.6694444444444372,0.9999999999999788,0.028839193859144595,1.2785857607972388,41.666666666666664,1.0714285714010205,1.0290456431535504,2.854991633730042e-14,0.9915558118385256,0
352,235.35,0.6888888888888971,0.6638888888888914,0.6708333333333201,1.0269151138716681,0.0286522770793734,1.2702988047111297,41.666666666666664,1.0714285714010205,0.9896480331263173,2.6912595721027225e-15,0.9931815915279028,0
353,236.01388888888889,0.6638888888888914,0.6611111111111256,0.6708333333333201,0.9896480331263173,0.02229974770063313,0.9886593924455207,36.111111111111114,0.9285714285475513,0.9855072463768527,4.642532608701828e-21,0.998245431456251,0
354,236.675,0.6611111111111256,0.6722222222222172,0.6666666666666572,0.9916666666667026,0.022667104410968433,1.0049461534854482,38.888888888888886,0.9999999999742858,1.0083333333333402,2.9575784640696684e-20,0.999010541584866,0
355,237.34722222222223,0.6722222222222172,0.6916666666666629,0.6666666666666572,1.0083333333333402,0.02952775021799898,1.3091129093797382,41.666666666666664,1.0714285714010205,1.037500000000009,1.049374210573481e-13,0.9912303313393669,0
356,238.0388888888889,0.6916666666666629,0.6666666666666572,0.6666666666666572,1.037500000000009,0.02307983569136857,1.023244596248192,38.888888888888886,0.9999999999742858,1.0,1.5118632087224574e-20,0.9982489078479366,0
357,238.70555555555555,0.6666666666666572,0.6666666666666856,0.6652777777777743,1.002087682672225,0.022813966213569094,1.01145727201835,38.888888888888886,0.9999999999742858,1.0020876826722676,4.156321822315554e-20,0.9977041622063081,0
358,239.37222222222223,0.6666666666666856,0.6666666666666572,0.6666666666666714,1.0000000000000213,0.022221915850964048,0.9852087171177204,38.888888888888886,0.9999999999742858,0.9999999999999787,8.460749848632587e-21,0.9992844383856099,0
359,240.0388888888889,0.6666666666666572,0.6750000000000114,0.6666666666666714,0.9999999999999787,0.021775933640708657,0.9654360942633333,38.888888888888886,0.9999999999742858,1.01250000000001,8.006902342153737e-21,0.9979450161767198,0
360,240.7138888888889,0.6750000000000114,0.6611111111110972,0.6680555555555543,1.0103950103950292,0.0273563659007584,1.212844578066382,41.666666666666664,1.0714285714010205,0.9896049896049707,6.27165322882831e-16,0.9927324053638027,0
361,241.375,0.6611111111110972,0.6777777777777771,0.6666666666666714,0.9916666666666388,0.022077791788411245,0.9788189762994336,36.111111111111114,0.9285714285475513,1.0166666666666584,6.3288364148256416e-21,0.9984672210141011,0
362,242.05277777777778,0.6777777777777771,0.6722222222222172,0.6666666666666714,1.0166666666666584,0.024725926234710312,1.0962240262551226,41.666666666666664,1.0714285714010205,1.0083333333333186,2.9860477718564533e-18,0.9957913871995879,0
363,242.725,0.6722222222222172,0.6805555555555713,0.6694444444444514,1.004149377593343,0.02262623783690083,1.0031343337809653,36.111111111111114,0.9285714285475513,1.016597510373457,1.1610577688639223e-20,0.9976305621658206,0
364,243.40555555555557,0.6805555555555713,0.6527777777777715,0.6722222222222172,1.0123966942149072,0.027991373403599626,1.2409976379299037,38.888888888888886,0.9999999999742858,0.9710743801652871,5.522040187815687e-16,0.9911727260503009,0
365,244.05833333333334,0.6527777777777715,0.6666666666666572,0.6694444444444514,0.9751037344398145,0.0227136893204266,1.0070114956095089,36.111111111111114,0.9285714285475513,0.9958506224066145,2.450478782277016e-20,0.9975249202738209,0
366,244.725,0.6666666666666572,0.6777777777777771,0.6666666666666714,0.9999999999999787,0.028875762636052654,1.280207037649594,41.666666666666664,1.0714285714010205,1.0166666666666584,2.945961617012438e-14,0.9918537904215474,0
367,245.40277777777777,0.6777777777777771,0.6666666666666856,0.6694444444444514,1.0124481327800716,0.021771573305530704,0.9652427787879403,36.111111111111114,0.9285714285475513,0.995850622406657,1.5100237617963248e-21,0.9976131310190399,0
368,246.06944444444446,0.6666666666666856,0.6472222222222115,0.6694444444444514,0.995850622406657,0.022549965784275913,0.9997528120605836,36.111111111111114,0.9285714285475513,0.966804979253086,6.1955205879175224e-21,0.9974558448739128,0
369,246.71666666666667,0.6472222222222115,0.46388888888887436,0.6694444444444514,0.966804979253086,0.022680645330008284,1.0055464901785272,36.111111111111114,0.9285714285475513,0.6929460580912574,9.991276521874164e-22,0.9973217324626686,0
370,247.18055555555554,0.46388888888887436,0.8527777777777885,0.6666666666666714,0.6958333333333065,0.033256238533536944,1.4744154519136758,97.22222222222223,2.499999999935715,1.2791666666666737,0.9976601600646973,0.4094709155058177,1
371,248.03333333333333,0.8527777777777885,0.6694444444444514,0.6694444444444514,1.2738589211618285,0.021590587950724775,0.9572187924484497,36.111111111111114,0.9285714285475513,1.0,6.479204027924773e-25,0.9974710784162042,0
372,248.70277777777778,0.6694444444444514,0.6611111111110972,0.6680555555555685,1.0020790020789931,0.023124566903632227,1.0252277547006388,38.888888888888886,0.9999999999742858,0.9896049896049496,3.51269388015775e-20,0.9984925602744577,0
373,249.36388888888888,0.6611111111110972,0.6666666666666856,0.6666666666666714,0.9916666666666388,0.02333919318368742,1.0347432115789326,38.888888888888886,0.9999999999742858,1.0000000000000213,9.444379880263942e-20,0.9984462769131075,0
374,250.03055555555557,0.6666666666666856,0.6555555555555372,0.6666666666666714,1.0000000000000213,0.023265639509854535,1.0314822091918208,36.111111111111114,0.9285714285475513,0.9833333333332989,3.4300792164790164e-20,0.9968656681193819,0
375,250.6861111111111,0.6555555555555372,0.6416666666666799,0.6666666666666714,0.9833333333332989,0.02176464426970323,0.96493557996025,38.888888888888886,0.9999999999742858,0.962500000000013,3.5733075590264905e-21,0.9992951091320927,0
376,251.32777777777778,0.6416666666666799,0.6638888888888914,0.6638888888888914,0.966527196652736,0.023067125063989533,1.0226810705388045,36.111111111111114,0.9285714285475513,1.0,6.541057355794364e-20,0.9984624069651238,0
377,251.99166666666667,0.6638888888888914,0.6777777777777771,0.6624999999999943,1.0020964360587126,0.029379962412399607,1.302560736500644,41.666666666666664,1.0714285714010205,1.0230607966457101,6.696896590876675e-14,0.9927973528110174,0
378,252.66944444444445,0.6777777777777771,0.6527777777777715,0.6624999999999943,1.0230607966457101,0.02313909799336331,1.0258719906147828,36.111111111111114,0.9285714285475513,0.9853249475890975,2.2468165757088037e-20,0.9962974131688883,0
379,253.32222222222222,0.6527777777777715,0.63611111111112,0.6624999999999943,0.9853249475890975,0.022412478277521273,0.9936573029668626,36.111111111111114,0.9285714285475513,0.9601677148847176,1.0985672624217388e-20,0.9971424462806693,0
380,253.95833333333334,0.63611111111112,0.6472222222222115,0.6624999999999943,0.9601677148847176,0.02269304022642395,1.0060960179545473,38.888888888888886,0.9999999999742858,0.9769392033542899,7.667747789690625e-20,0.9985301833245959,0
381,254.60555555555555,0.6472222222222115,0.6694444444444514,0.6583333333333172,0.9831223628692061,0.02306232962912734,1.022468464917386,38.888888888888886,0.9999999999742858,1.016877637130837,1.584546664418697e-19,0.9989224697312087,0
382,255.275,0.6694444444444514,0.6666666666666572,0.6583333333333172,1.016877637130837,0.02299960966039547,1.019687774883889,38.888888888888886,0.9999999999742858,1.0126582278481115,9.957156250568953e-20,0.9966130469132011,0
383,255.94166666666666,0.6666666666666572,0.6666666666666856,0.6597222222222143,1.0105263157894715,0.028625161954225087,1.2690966555426682,41.666666666666664,1.0714285714010205,1.0105263157895146,2.0545111090370695e-14,0.9916711073703153,0
384,256.60833333333335,0.6666666666666856,0.6611111111110972,0.6597222222222143,1.0105263157895146,0.023362540411167157,1.035778310991055,38.888888888888886,0.9999999999742858,1.0021052631578857,1.0509553925980401e-19,0.9979686322171357,0
385,257.26944444444445,0.6611111111110972,0.6527777777777715,0.6624999999999943,0.9979035639412874,0.022954755462429595,1.0176991638599036,36.111111111111114,0.9285714285475513,0.9853249475890975,4.558753268258271e-20,0.9956518833384393,0
386,257.9222222222222,0.6527777777777715,0.6555555555555657,0.6624999999999943,0.9853249475890975,0.022518928778501115,0.9983767863008047,38.888888888888886,0.9999999999742858,0.9895178197065227,4.440901679837059e-20,0.997553688857864,0
387,258.5777777777778,0.6555555555555657,0.6777777777777487,0.6583333333333314,0.9957805907173178,0.023378220466794476,1.036473486312235,38.888888888888886,0.9999999999742858,1.0295358649788617,2.1894935731819897e-19,0.9989875097838472,0
388,259.25555555555553,0.6777777777777487,0.6750000000000114,0.6583333333333314,1.0295358649788617,0.02378633421601487,1.054567210813945,41.666666666666664,1.0714285714010205,1.0253164556962227,1.2412184235409327e-18,0.9951656701542755,0
389,259.93055555555554,0.6750000000000114,0.6555555555555657,0.6638888888888772,1.0167364016736753,0.022178543770101783,0.9832858157607168,36.111111111111114,0.9285714285475513,0.9874476987448024,3.455212986300341e-21,0.9975008421102711,0
390,260.5861111111111,0.6555555555555657,0.6388888888889142,0.6638888888888772,0.9874476987448024,0.02245494254852094,0.9955399565704269,38.888888888888886,0.9999999999742858,0.9623430962343646,1.2562698116604704e-20,0.9991313901708123,0
391,261.225,0.6388888888889142,0.6472222222221831,0.6638888888888772,0.9623430962343646,0.022607192379547787,1.0022899533624832,38.888888888888886,0.9999999999742858,0.9748953974894979,1.0715283437845142e-19,0.9965290003068039,0
392,261.8722222222222,0.6472222222221831,0.6555555555555657,0.6583333333333314,0.9831223628691417,0.02874580637588272,1.2744454263995955,41.666666666666664,1.0714285714010205,0.9957805907173178,4.912102286882235e-14,0.992427070413385,0
393,262.52777777777777,0.6555555555555657,0.6583333333333599,0.6555555555555657,1.0,0.021914785577527116,0.9715920953687146,36.111111111111114,0.9285714285475513,1.0042372881356183,1.009187004502403e-20,0.9970968902363212,0
394,263.18611111111113,0.6583333333333599,0.6611111111110972,0.6555555555555657,1.0042372881356183,0.02326657602985053,1.0315237298091247,38.888888888888886,0.9999999999742858,1.0084745762711498,1.2373837434681076e-19,0.9987750622921413,0
395,263.84722222222223,0.6611111111110972,0.6388888888888573,0.6555555555555657,1.0084745762711498,0.02354025908103722,1.0436574688424676,38.888888888888886,0.9999999999742858,0.9745762711863775,9.364200875748265e-20,0.998828417287163,0
396,264.4861111111111,0.6388888888888573,0.6583333333333599,0.6555555555555657,0.9745762711863775,0.021953684407327624,0.973316675124221,36.111111111111114,0.9285714285475513,1.0042372881356183,2.061480135559049e-20,0.9975261910619017,0
397,265.14444444444445,0.6583333333333599,0.6388888888889142,0.6569444444444628,1.002114164904875,0.022184365588345682,0.9835439260929597,36.111111111111114,0.9285714285475513,0.9725158562367978,1.818126022726649e-20,0.9947329568209909,0
398,265.78333333333336,0.6388888888889142,0.6777777777777487,0.6555555555555657,0.9745762711864642,0.02216931154859805,0.9828765051879993,36.111111111111114,0.9285714285475513,1.0338983050846855,7.643100392375959e-20,0.9963045102613091,0
399,266.4611111111111,0.6777777777777487,0.6666666666666856,0.6555555555555657,1.0338983050846855,0.02310596242400471,1.024402925031163,38.888888888888886,0.9999999999742858,1.0169491525423862,1.6234170446253001e-19,0.9949279711911307,0
400,267.1277777777778,0.6666666666666856,0.6611111111110972,0.6569444444444628,1.0147991543340387,0.022537535481661344,0.9992017145506111,38.888888888888886,0.9999999999742858,1.0063424947145385,1.8435054425716817e-20,0.9994225802175085,0
401,267.7888888888889,0.6611111111110972,0.6444444444444457,0.6583333333333599,1.0042194092826389,0.02105297677438025,0.9333837990614343,36.111111111111114,0.9285714285475513,0.9789029535864604,2.4230654593994475e-21,0.9949489945681883,0
402,268.43333333333334,0.6444444444444457,0.6499999999999773,0.6583333333333599,0.9789029535864604,0.023447649220111978,1.0395516103338436,38.888888888888886,0.9999999999742858,0.9873417721518244,1.887238416933875e-19,0.9991260564610293,0
403,269.0833333333333,0.6499999999999773,0.6500000000000341,0.6583333333333599,0.9873417721518244,0.022577843293453376,1.0009887615276487,38.888888888888886,0.9999999999742858,0.9873417721519108,5.142288800736085e-20,0.9979266755669882,0
404,269.73333333333335,0.6500000000000341,0.658333333333303,0.654166666666697,0.9936305732484138,0.028049664887461752,1.2435819910711834,41.666666666666664,1.0714285714010205,1.0063694267514993,1.7426701696813575e-14,0.9917986076151415,0
405,270.39166666666665,0.658333333333303,0.6583333333333599,0.6541666666666686,1.006369426751543,0.021796579502906855,0.9663514286362332,36.111111111111114,0.9285714285475513,1.00636942675163,8.724096206012055e-21,0.9967530363292904,0
406,271.05,0.6583333333333599,0.6527777777777715,0.6583333333333314,1.000000000000043,0.023210179457630507,1.0290233875821375,38.888888888888886,0.9999999999742858,0.9915611814345924,1.0883525512089893e-19,0.9978392584643616,0
407,271.7027777777778,0.6527777777777715,0.6416666666666515,0.6555555555555372,0.995762711864425,0.023536823288419884,1.043505142964739,38.888888888888886,0.9999999999742858,0.9788135593220382,1.5954217630282965e-19,0.9986124709313334,0
408,272.34444444444443,0.6416666666666515,0.6277777777777942,0.6555555555555372,0.9788135593220382,0.02330413712914751,1.03318900127807,38.888888888888886,0.9999999999742858,0.9576271186441196,2.3832094498721347e-19,0.9968775735234197,0
409,272.97222222222223,0.6277777777777942,0.6472222222222399,0.6513888888889028,0.9637526652452072,0.023662768976393928,1.04908894548238,38.888888888888886,0.9999999999742858,0.9936034115138652,1.4987379462021664e-18,0.9972733229744478,0
410,273.61944444444447,0.6472222222222399,0.6611111111110972,0.6500000000000057,0.9957264957265142,0.02447263545931012,1.0849943788402283,41.666666666666664,1.0714285714010205,1.0170940170939868,1.0180625477850507e-17,0.9967125575955614,0
411,274.28055555555557,0.6611111111110972,0.6388888888888573,0.6500000000000057,1.0170940170939868,0.022461055975894036,0.9958109953944346,38.888888888888886,0.9999999999742858,0.9829059829059257,3.214011562544496e-20,0.9974520802201279,0
412,274.9194444444444,0.6388888888888573,0.6305555555555884,0.6500000000000057,0.9829059829059257,0.024325313913646538,1.078462877597021,41.666666666666664,1.0714285714010205,0.9700854700855122,1.4161924348226422e-17,0.9937430947389894,0
413,275.55,0.6305555555555884,0.6305555555555316,0.648611111111137,0.9721627408993694,0.022361602300145215,0.9914017163316265,36.111111111111114,0.9285714285475513,0.9721627408992818,5.475002491972507e-20,0.9966528033623547,0
414,276.18055555555554,0.6305555555555316,0.6500000000000341,0.6444444444444457,0.9784482758620298,0.029620217413162453,1.3132124428013143,41.666666666666664,1.0714285714010205,1.0086206896552234,8.61945063934666e-13,0.9918140082194081,0
415,276.8305555555556,0.6500000000000341,0.6277777777777374,0.6444444444444457,1.0086206896552234,0.022539642974172852,0.9992951502384935,36.111111111111114,0.9285714285475513,0.9741379310344181,2.4371106065376214e-20,0.9975610488538204,0
416,277.4583333333333,0.6277777777777374,0.6472222222222399,0.6402777777777544,0.9804772234273046,0.022662369962223268,1.004736251683742,38.888888888888886,0.9999999999742858,1.01084598698488,3.482077276124263e-19,0.9981719650640449,0
417,278.10555555555555,0.6472222222222399,0.6444444444444457,0.6402777777777544,1.01084598698488,0.022824143124106105,1.011908465382668,38.888888888888886,0.9999999999742858,1.0065075921909281,2.022819652432881e-19,0.9975437314968387,0
418,278.75,0.6444444444444457,0.63611111111112,0.6416666666666515,1.00432900432903,0.0212323298347028,0.9413354176192849,36.111111111111114,0.9285714285475513,0.9913419913420285,1.3844717398343225e-20,0.99461278351338,0
419,279.3861111111111,0.63611111111112,0.6194444444444116,0.6416666666666515,0.9913419913420285,0.023285505894544842,1.0323629854266771,38.888888888888886,0.9999999999742858,0.965367965367937,2.6924041344716866e-19,0.9983886317939399,0
420,280.00555555555553,0.6194444444444116,0.6388888888889142,0.6374999999999886,0.9716775599128198,0.02265829092406502,1.0045554075127032,38.888888888888886,0.9999999999742858,1.0021786492375302,6.294989218135737e-19,0.997295465700149,0
421,280.64444444444445,0.6388888888889142,0.6527777777777715,0.6374999999999886,1.0021786492375302,0.024825374557603083,1.1006330679990388,38.888888888888886,0.9999999999742858,1.0239651416122089,1.0483538190986813e-17,0.9979802137945968,0
422,281.2972222222222,0.6527777777777715,0.6305555555555884,0.637500000000017,1.0239651416121631,0.024108661148440742,1.0688575764924744,38.888888888888886,0.9999999999742858,0.9891067538126612,9.445104955769633e-19,0.9977584787328799,0
423,281.9277777777778,0.6305555555555884,0.625,0.637500000000017,0.9891067538126612,0.024599508750121894,1.0906193066329302,38.888888888888886,0.9999999999742858,0.9803921568627189,6.623851000678138e-18,0.9971455067156898,0
424,282.5527777777778,0.625,0.6194444444444116,0.637500000000017,0.9803921568627189,0.022701494901385906,1.0064708559986106,38.888888888888886,0.9999999999742858,0.9716775599127765,1.5821970837381342e-19,0.9991957359433974,0
425,283.1722222222222,0.6194444444444116,0.61388888888888,0.6333333333333542,0.9780701754385125,0.02125600614959206,0.9423851071228615,36.111111111111114,0.9285714285475513,0.9692982456139893,1.5068080365805074e-20,0.9973072924058202,0
426,283.7861111111111,0.61388888888888,0.61388888888888,0.6333333333333542,0.9692982456139893,0.021725938454628172,0.9632195575132727,36.111111111111114,0.9285714285475513,0.9692982456139893,4.323853038221391e-20,0.9972457752854773,0
427,284.4,0.61388888888888,0.6222222222222626,0.6277777777777942,0.9778761061946506,0.02138799437980312,0.9482368057717535,36.111111111111114,0.9285714285475513,0.9911504424779146,8.425068475869575e-20,0.995035971155494,0
428,285.02222222222224,0.6222222222222626,0.6194444444444116,0.6236111111111313,0.9977728285078276,0.021359563012221215,0.9469763009903868,36.111111111111114,0.9285714285475513,0.9933184855233005,1.9692554749317817e-20,0.9984030692651289,0
429,285.64166666666665,0.6194444444444116,0.6083333333333485,0.6208333333333371,0.9977628635346166,0.023539147756450603,1.0436081982630259,36.111111111111114,0.9285714285475513,0.979865771812099,1.707347623411635e-18,0.9959179998588665,0
430,286.25,0.6083333333333485,0.6111111111110858,0.6208333333333371,0.979865771812099,0.023397326744402137,1.0373205631969187,36.111111111111114,0.9285714285475513,0.9843400447426826,2.138709801751274e-18,0.9962495755509755,0
431,286.8611111111111,0.6111111111110858,0.6000000000000227,0.6194444444444116,0.9865470852018052,0.020202803634254085,0.8956913699149481,36.111111111111114,0.9285714285475513,0.9686098654709401,5.267445751059333e-21,0.9971003876065743,0
432,287.4611111111111,0.6000000000000227,0.625,0.6166666666666458,0.9729729729730427,0.026316758376031563,1.1667535748148499,38.888888888888886,0.9999999999742858,1.0135135135135478,7.97041825037004e-15,0.9920721994912678,0
433,288.0861111111111,0.625,0.6333333333333258,0.6166666666666458,1.0135135135135478,0.02259532701822007,1.0017639025264429,36.111111111111114,0.9285714285475513,1.0270270270270494,2.562669385692811e-19,0.9986723191640456,0
434,288.71944444444443,0.6333333333333258,0.6055555555555543,0.6166666666666458,1.0270270270270494,0.02058892484259738,0.9128100550398104,36.111111111111114,0.9285714285475513,0.9819819819820131,3.512410829291892e-21,0.9980688086409268,0
435,289.325,0.6055555555555543,0.6027777777778169,0.61388888888888,0.986425339366528,0.020768554214428678,0.9207739238693694,36.111111111111114,0.9285714285475513,0.9819004524887657,1.9589309037939274e-20,0.99772202250545,0
436,289.9277777777778,0.6027777777778169,0.6166666666666174,0.612499999999983,0.9841269841270754,0.021355425854454584,0.9467928800863066,36.111111111111114,0.9285714285475513,1.006802721088383,5.357649150623387e-20,0.9993237204897922,0
437,290.5444444444444,0.6166666666666174,0.6305555555555884,0.6138888888888516,1.0045248868778087,0.02760727022030802,1.223968421952779,41.666666666666664,1.0714285714010205,1.0271493212670841,9.756127519354105e-14,0.9918825665511779,0
438,291.175,0.6305555555555884,0.6166666666666742,0.6138888888888516,1.0271493212670841,0.021012965450689546,0.931609896885408,38.888888888888886,0.9999999999742858,1.0045248868779013,2.864583006820821e-20,0.9982130338481243,0
439,291.7916666666667,0.6166666666666742,0.6305555555555316,0.6138888888888516,1.0045248868779013,0.02156627270022101,0.956140775732165,36.111111111111114,0.9285714285475513,1.0271493212669915,2.4945541641763664e-19,0.9950627060563945,0
440,292.4222222222222,0.6305555555555316,0.6472222222222399,0.6166666666666458,1.022522522522518,0.029605121411865068,1.3125431615308987,38.888888888888886,0.9999999999742858,1.0495495495496137,2.352802468911369e-13,0.9938167382046378,0
441,293.06944444444446,0.6472222222222399,0.6222222222222058,0.6208333333333371,1.0425055928411855,0.01927944010306785,0.8547540445243558,36.111111111111114,0.9285714285475513,1.0022371364652918,1.6519962074904283e-21,0.9927903633330144,0
442,293.69166666666666,0.6222222222222058,0.6305555555555316,0.6236111111111029,0.9977728285077819,0.02079650120107785,0.9220129536203863,36.111111111111114,0.9285714285475513,1.0111358574609994,1.2827786884708075e-20,0.9977909706269266,0
443,294.3222222222222,0.6305555555555316,0.625,0.6263888888888687,1.0066518847006594,0.028309044755123466,1.2550815984128283,38.888888888888886,0.9999999999742858,0.9977827050998105,1.8043509394938262e-14,0.9938318920258183,0
444,294.9472222222222,0.625,0.6527777777778283,0.6236111111111029,1.0022271714922182,0.02118147561795209,0.9390807957414498,38.888888888888886,0.9999999999742858,1.0467706013363978,7.817668459602179e-20,0.9986759004808625,0
445,295.6,0.6527777777778283,0.6388888888888573,0.6277777777777658,1.0398230088496578,0.02096707935489596,0.9295755366676152,38.888888888888886,0.9999999999742858,1.017699115044217,3.0361819480123734e-20,0.9946938387858695,0
446,296.2388888888889,0.6388888888888573,0.63611111111112,0.6305555555555316,1.0132158590308256,0.020172925052247027,0.8943667028769712,33.333333333333336,0.8571428571208165,1.0088105726872771,8.174107027704975e-22,0.9972729617488969,0
447,296.875,0.63611111111112,0.375,0.63055555555556,1.0088105726872316,0.020821468202392057,0.9231198657111356,38.888888888888886,0.9999999999742858,0.594713656387661,1.9703505047450047e-22,0.9973801874713917,0
448,297.25,0.375,0.8722222222222058,0.6305555555555316,0.5947136563876878,0.04108846525752728,1.8216572511657818,102.77777777777777,2.642857142789184,1.3832599118942996,0.999738872051239,0.38351869377974024,1
449,298.1222222222222,0.8722222222222058,0.5055555555555884,0.6333333333333258,1.3771929824561309,0.021595095745724994,0.9574186455555797,36.111111111111114,0.9285714285475513,0.7982456140351492,6.242549084365413e-26,0.9982161384975152,0
450,298.6277777777778,0.5055555555555884,0.34444444444443434,0.6333333333333258,0.7982456140351492,0.021170139698168108,0.938578217698106,36.111111111111114,0.9285714285475513,0.5438596491227976,4.601192674314099e-19,0.9899907075558544,0
451,298.97222222222223,0.34444444444443434,0.32222222222219443,0.6277777777777658,0.5486725663716758,0.044748592522166945,1.9839290062686072,105.55555555555556,2.7142857142159187,0.5132743362831513,0.9986090064048767,0.3483014947637346,1
452,299.2944444444444,0.32222222222219443,0.2944444444444798,0.6277777777777658,0.5132743362831513,0.0478203808196057,2.1201167511990504,116.66666666666667,2.9999999999228577,0.46902654867263166,0.9988538026809692,0.3462027347266,1
453,299.5888888888889,0.2944444444444798,0.3555555555555543,0.5652777777777942,0.5208845208845683,0.04731006769928563,2.0974920172215312,116.66666666666667,2.9999999999228577,0.6289926289926084,0.9993234872817993,0.3981574774578398,1
454,299.94444444444446,0.3555555555555543,0.34722222222222854,0.4402777777777942,0.8075709779179481,0.04493253684429018,1.9920841784344787,127.77777777777777,3.2857142856297963,0.7886435331230133,0.9996312856674194,0.2566554447920064,1
455,300.2916666666667,0.34722222222222854,0.3361111111111086,0.36527777777777715,0.9505703422053421,0.044867255285599664,1.9891899203011891,122.22222222222223,3.1428571427763274,0.9201520912547475,0.9997468590736389,0.3056914558574184,1
456,300.6277777777778,0.3361111111111086,0.3083333333333371,0.3513888888888914,0.9565217391304207,0.045286010295749725,2.007755425143503,122.22222222222223,3.1428571427763274,0.8774703557312298,0.9996803998947144,0.2785485135288809,1
457,300.93611111111113,0.3083333333333371,0.3555555555555543,0.34583333333333144,0.8915662650602568,0.044506354595768044,1.9731893869529142,125.0,3.214285714203062,1.0281124497991987,0.9998620748519897,0.3494810155577056,1
458,301.2916666666667,0.3555555555555543,0.5916666666666401,0.34583333333333144,1.0281124497991987,0.04586409190212358,2.0333846751876763,158.33333333333334,4.071428571323879,1.7108433734939086,0.999882698059082,0.321178786159085,1
459,301.8833333333333,0.5916666666666401,0.6500000000000341,0.34583333333333144,1.7108433734939086,0.023771853364565183,1.0539252022141825,38.888888888888886,0.9999999999742858,1.8795180722892655,1.7510224173400424e-11,0.9985665856186927,0
460,302.53333333333336,0.6500000000000341,0.669444444444423,0.34583333333333144,1.8795180722892655,0.024489584582483293,1.0857458182755002,44.44444444444444,1.1428571428277552,1.9357429718874988,5.409084985474877e-11,0.9970326872396452,0
461,303.2027777777778,0.669444444444423,0.29722222222221717,0.3513888888888914,1.905138339920874,0.033498239787119646,1.4851445783392334,52.77777777777778,1.3571428571079593,0.8458498023715211,0.9922736287117004,0.33353772590333175,1
462,303.5,0.29722222222221717,0.34444444444443434,0.3513888888888914,0.8458498023715211,0.05068479534065585,2.2471105790266703,102.77777777777777,2.642857142789184,0.9802371541501618,0.9999483823776245,0.2538563743616923,1
463,303.84444444444443,0.34444444444443434,0.30000000000001137,0.3513888888888914,0.9802371541501618,0.04613505889433008,2.0453979977366155,136.11111111111111,3.499999999910001,0.8537549407114887,0.9998037219047546,0.3152331674179438,1
464,304.14444444444445,0.30000000000001137,0.30000000000001137,0.34583333333333144,0.8674698795181099,0.04509045944488012,1.9990856774849919,111.11111111111111,2.8571428570693884,0.8674698795181099,0.9997358918190002,0.27861328078530356,1
465,304.44444444444446,0.30000000000001137,0.29722222222221717,0.34027777777777146,0.8816326530612743,0.04362416691335217,1.9340775929618352,105.55555555555556,2.7142857142159187,0.8734693877551034,0.9996805191040039,0.27875547450966254,1
466,304.7416666666667,0.29722222222221717,0.2638888888888573,0.32638888888888573,0.9106382978723337,0.04435758803339739,1.9665938208889358,119.44444444444444,3.071428571349592,0.8085106382977834,0.9996528625488281,0.29226843538478875,1
467,305.00555555555553,0.2638888888888573,0.2888888888888914,0.32222222222222285,0.8189655172412798,0.04656168426598251,2.064312435083714,69.44444444444444,1.7857142856683677,0.8965517241379372,0.9999264478683472,0.3644816451171752,1
468,305.2944444444444,0.2888888888888914,0.3194444444444571,0.30000000000001137,0.9629629629629349,0.0453358027402036,2.0099629733428372,122.22222222222223,3.1428571427763274,1.0648148148148167,0.9998341798782349,0.35618839753625187,1
469,305.6138888888889,0.3194444444444571,0.28333333333335986,0.30000000000001137,1.0648148148148167,0.04445259716940268,1.9708060512666408,119.44444444444444,3.071428571349592,0.944444444444497,0.9995729327201843,0.2670002989430659,1
470,305.89722222222224,0.28333333333335986,0.48611111111108585,0.29861111111111427,0.9488372093024043,0.04731191093941957,2.097573737279328,116.66666666666667,2.9999999999228577,1.6279069767440841,0.999942421913147,0.37571002622218674,1
471,306.3833333333333,0.48611111111108585,0.61388888888888,0.29861111111111427,1.6279069767440841,0.022016562387536277,0.9761043705970951,38.888888888888886,0.9999999999742858,2.055813953488321,4.237258460770832e-11,0.9972122940121975,0
472,306.9972222222222,0.61388888888888,0.6444444444444457,0.30000000000001137,2.0462962962961893,0.02307030446147882,1.0228220291376326,36.111111111111114,0.9285714285475513,2.148148148148071,3.963933781908624e-12,0.9979460253800503,0
473,307.64166666666665,0.6444444444444457,0.6194444444444684,0.30000000000001137,2.148148148148071,0.02058177538904681,0.9124930839915943,38.888888888888886,0.9999999999742858,2.0648148148148167,9.845557257925214e-14,0.9975016664478839,0
474,308.2611111111111,0.6194444444444684,0.6222222222222058,0.3097222222222342,2.0,0.02141408830627572,0.949393680093349,38.888888888888886,0.9999999999742858,2.00896860986534,3.9119787053829014e-13,0.9994396567061234,0
475,308.8833333333333,0.6222222222222058,0.6305555555555884,0.40277777777777146,1.54482758620688,0.02650154971594523,1.1749462995174282,38.888888888888886,0.9999999999742858,1.5655172413794165,1.2901045509661202e-10,0.9923676820417813,0
476,309.5138888888889,0.6305555555555884,0.6555555555555088,0.549999999999983,1.1464646464647417,0.0209704842613417,0.9297264932068179,36.111111111111114,0.9285714285475513,1.1919191919191439,1.5538403759122332e-18,0.9988294008297216,0
477,310.1694444444444,0.6555555555555088,0.63611111111112,0.6166666666666742,1.0630630630629743,0.022968794050772755,1.0183215647232884,38.888888888888886,0.9999999999742858,1.0315315315315332,2.426518041805997e-19,0.9992121783531769,0
478,310.80555555555554,0.63611111111112,0.6388888888889142,0.6208333333333371,1.0246085011185762,0.022542745512866835,0.9994327013023624,38.888888888888886,0.9999999999742858,1.0290827740492514,2.852828834939928e-19,0.999032507626326,0
479,311.44444444444446,0.6388888888889142,0.6333333333333258,0.6263888888888971,1.0199556541020225,0.021669378197735168,0.9607119583257352,36.111111111111114,0.9285714285475513,1.0110864745010832,2.8334571050992456e-20,0.9972553005617908,0
480,312.0777777777778,0.6333333333333258,0.6444444444444457,0.6319444444444571,1.0021978021977702,0.021614033476686893,0.9582582499241329,33.333333333333336,0.8571428571208165,1.0197802197802015,7.542101962700661e-21,0.9988762908765201,0
481,312.72222222222223,0.6444444444444457,0.6388888888888573,0.6347222222222229,1.0153172866520797,0.02773178736513139,1.2294888900048293,38.888888888888886,0.9999999999742858,1.0065645514222687,6.04041895170028e-15,0.9917887759907784,0
482,313.3611111111111,0.6388888888888573,0.6583333333333599,0.6374999999999886,1.0021786492374412,0.020713385877291914,0.918328035449102,36.111111111111114,0.9285714285475513,1.0326797385621516,2.2140595772168502e-20,0.9938525886596916,0
483,314.01944444444445,0.6583333333333599,0.6611111111110972,0.6374999999999886,1.0326797385621516,0.01990750161324373,0.8825991537787207,36.111111111111114,0.9285714285475513,1.0370370370370336,1.000783124128677e-21,0.996754732347062,0
484,314.68055555555554,0.6611111111110972,0.6444444444444457,0.6388888888888857,1.0347826086956355,0.02213321371953918,0.9812761078101881,36.111111111111114,0.9285714285475513,1.00869565217392,9.550126520525751e-21,0.998735167176944,0
485,315.325,0.6444444444444457,0.6444444444444457,0.6416666666666799,1.0043290043289856,0.02791808286854725,1.2377483018015476,50.0,1.2857142856812247,1.0043290043289856,3.500829183836207e-12,0.986405254916492,0
486,315.96944444444443,0.6444444444444457,0.33333333333337123,0.6444444444444457,1.0,0.021017636936866937,0.9318170072414514,36.111111111111114,0.9285714285475513,0.5172413793104026,2.1774616755618932e-23,0.9983655227091629,0
487,316.3027777777778,0.33333333333337123,0.9611111111111086,0.6416666666666799,0.5194805194805678,0.04468940294455662,1.981304836137854,94.44444444444444,2.42857142850898,1.4978354978354629,0.9997460246086121,0.39373634478157854,1
488,317.2638888888889,0.9611111111111086,0.6555555555555088,0.6444444444444457,1.4913793103448207,0.023679876326099667,1.0498473998915279,38.888888888888886,0.9999999999742858,1.0172413793102704,1.1829980001823886e-24,0.9981020987079506,0
489,317.9194444444444,0.6555555555555088,0.6444444444444457,0.6444444444444457,1.0172413793102704,0.0213364923677583,0.9459534638872843,36.111111111111114,0.9285714285475513,1.0,3.2369201034269535e-21,0.9980587592976078,0
490,318.56388888888887,0.6444444444444457,0.6277777777777942,0.6444444444444457,1.0,0.021266169423907348,0.9428356959252419,36.111111111111114,0.9285714285475513,0.9741379310345063,2.0407838181390307e-21,0.9993649587501308,0
491,319.19166666666666,0.6277777777777942,0.6388888888889142,0.6444444444444457,0.9741379310345063,0.0220807019103741,0.9789479965668538,38.888888888888886,0.9999999999742858,0.9913793103448648,5.674368529234272e-20,0.9993640970428634,0
492,319.8305555555556,0.6388888888889142,0.6388888888888573,0.6444444444444457,0.9913793103448648,0.02210616122495575,0.9800767353680403,38.888888888888886,0.9999999999742858,0.9913793103447767,3.3831024662693936e-20,0.9994328589083903,0
493,320.46944444444443,0.6388888888888573,0.6444444444444457,0.6444444444444457,0.9913793103447767,0.020976795671004602,0.9300063095763377,36.111111111111114,0.9285714285475513,1.0,2.151858664768417e-20,0.9931000529885877,0
494,321.1138888888889,0.6444444444444457,0.6500000000000341,0.6444444444444457,1.0,0.024493592555936358,1.0859235117925858,38.888888888888886,0.9999999999742858,1.0086206896552234,3.410903740408541e-17,0.990979101150084,0
495,321.7638888888889,0.6500000000000341,0.6388888888888573,0.6444444444444457,1.0086206896552234,0.021594232686669462,0.9573803818293285,36.111111111111114,0.9285714285475513,0.9913793103447767,6.598645524637463e-21,0.997591077956267,0
496,322.40277777777777,0.6388888888888573,0.63611111111112,0.6416666666666799,0.9956709956709259,0.02748751680729174,1.2186591539670883,38.888888888888886,0.9999999999742858,0.9913419913419846,1.4936492171005239e-15,0.9942956221888286,0
497,323.0388888888889,0.63611111111112,0.625,0.6416666666666799,0.9913419913419846,0.020639019488882446,0.9150310013583898,33.333333333333336,0.8571428571208165,0.9740259740259539,1.2296747634713793e-21,0.9965090574782033,0
498,323.6638888888889,0.625,0.6472222222222399,0.6388888888888857,0.9782608695652222,0.022497897231586402,0.9974443525946468,38.888888888888886,0.9999999999742858,1.0130434782609024,2.273415182228557e-19,0.999198267395179,0
499,324.31111111111113,0.6472222222222399,0.6638888888888914,0.6388888888888857,1.0130434782609024,0.02191737734709806,0.971707001481724,36.111111111111114,0.9285714285475513,1.0391304347826178,2.780190551059952e-20,0.9981064189653384,0
500,324.975,0.6638888888888914,0.6416666666666515,0.6388888888888857,1.0391304347826178,0.02235386711584553,0.9910587769085961,36.111111111111114,0.9285714285475513,1.0043478260869378,1.1501034418612767e-20,0.9986790224321754,0
501,325.6166666666667,0.6416666666666515,0.63611111111112,0.6402777777777828,1.0021691973969316,0.028552518890644283,1.265876025064273,38.888888888888886,0.9999999999742858,0.9934924078091166,9.019513448290696e-15,0.9943740980290147,0
502,326.2527777777778,0.63611111111112,0.6444444444444457,0.6402777777777544,0.9934924078091607,0.021516194252345345,0.9539205475701233,36.111111111111114,0.9285714285475513,1.0065075921909281,2.081869329864914e-20,0.99677103493767,0
503,326.89722222222224,0.6444444444444457,0.6611111111110972,0.6430555555555486,1.0021598272138357,0.02243741477106611,0.99476286249555,36.111111111111114,0.9285714285475513,1.028077753779687,4.8352681148073843e-20,0.9985839078616874,0
504,327.55833333333334,0.6611111111110972,0.6472222222222399,0.6430555555555486,1.028077753779687,0.021504185530851358,0.9533881408606091,36.111111111111114,0.9285714285475513,1.006479481641507,3.47135754852933e-21,0.9982973071737189,0
505,328.2055555555556,0.6472222222222399,0.658333333333303,0.6430555555555486,1.006479481641507,0.023791935516690524,1.054815544499027,38.888888888888886,0.9999999999742858,1.0237580993520157,8.716287491782583e-19,0.9987149830852706,0
506,328.8638888888889,0.658333333333303,0.6527777777777715,0.6458333333333428,1.0193548387096156,0.022247213336794792,0.9863302812406685,38.888888888888886,0.9999999999742858,1.0107526881720184,2.5365734206421544e-20,0.9991277116104266,0
507,329.51666666666665,0.6527777777777715,0.6472222222222399,0.6472222222222399,1.0085836909870871,0.021522649226899268,0.9542067288895897,36.111111111111114,0.9285714285475513,1.0,7.63752904014473e-21,0.9966745835697334,0
508,330.1638888888889,0.6472222222222399,0.6333333333333258,0.6472222222222399,1.0,0.021523105478930205,0.9542269568249799,36.111111111111114,0.9285714285475513,0.9785407725321504,5.258170665323655e-21,0.9975178047758426,0
509,330.7972222222222,0.6333333333333258,0.6638888888888914,0.6472222222222399,0.9785407725321504,0.023142095651159027,1.02600489178366,36.111111111111114,0.9285714285475513,1.0257510729613493,6.434984883919392e-19,0.995659920855489,0
510,331.4611111111111,0.6638888888888914,0.6583333333333599,0.6472222222222399,1.0257510729613493,0.022478465782468125,0.9965828592299004,38.888888888888886,0.9999999999742858,1.0171673819742622,4.064224631513151e-20,0.9983447757010212,0
511,332.11944444444447,0.6583333333333599,0.6472222222221831,0.6500000000000057,1.0128205128205447,0.02750918547236787,1.219619834309165,38.888888888888886,0.9999999999742858,0.9957264957264268,1.075576624225377e-15,0.9921909969212044,0
512,332.76666666666665,0.6472222222221831,0.6305555555555884,0.6500000000000057,0.9957264957264268,0.022691656956524094,1.0060346906786903,38.888888888888886,0.9999999999742858,0.9700854700855122,3.8796932384322146e-20,0.9993379939348608,0
513,333.39722222222224,0.6305555555555884,0.6416666666666515,0.6500000000000057,0.9700854700855122,0.021417066021387595,0.9495256971032678,36.111111111111114,0.9285714285475513,0.9871794871794553,2.0139872052601473e-20,0.9956017104906665,0
514,334.0388888888889,0.6416666666666515,0.6527777777777715,0.6472222222222399,0.9914163090128251,0.02182367288427227,0.9675526137940036,38.888888888888886,0.9999999999742858,1.0085836909870871,2.559326865159758e-20,0.9992331723083131,0
515,334.69166666666666,0.6527777777777715,0.6444444444444457,0.6500000000000057,1.0042735042734858,0.022102409741591108,0.9799104133399237,36.111111111111114,0.9285714285475513,0.9914529914529847,6.4219814754430874e-21,0.9994141721204708,0
516,335.3361111111111,0.6444444444444457,0.6583333333333599,0.6472222222222115,0.9957081545064562,0.022625567495332066,1.0031046141851654,38.888888888888886,0.9999999999742858,1.0171673819743068,1.1291978251280628e-19,0.998842928678867,0
517,335.99444444444447,0.6583333333333599,0.658333333333303,0.6472222222222115,1.0171673819743068,0.02228266178738477,0.987901888421786,36.111111111111114,0.9285714285475513,1.0171673819742189,2.9650570169124574e-20,0.9965023059364173,0
518,336.65277777777777,0.658333333333303,0.6500000000000341,0.6499999999999773,1.0128205128205017,0.027709313727134616,1.228492521185495,38.888888888888886,0.9999999999742858,1.0000000000000875,1.5421506412976603e-15,0.9923084542534186,0
519,337.3027777777778,0.6500000000000341,0.6416666666666515,0.6513888888889028,0.9978678038379841,0.021986384917507606,0.9747664523576326,38.888888888888886,0.9999999999742858,0.9850746268656274,1.2880841958391542e-20,0.9993720170864422,0
520,337.94444444444446,0.6416666666666515,0.6722222222222172,0.6486111111111086,0.9892933618843488,0.022493422464731423,0.9972459637904517,38.888888888888886,0.9999999999742858,1.036402569593144,1.862045080414924e-19,0.9980758176636544,0
521,338.6166666666667,0.6722222222222172,0.6861111111111313,0.6486111111111086,1.036402569593144,0.02349602439895706,1.0416963240574462,38.888888888888886,0.9999999999742858,1.0578158458244464,2.6586016572336486e-19,0.9987760535498964,0
522,339.3027777777778,0.6861111111111313,0.658333333333303,0.6513888888889028,1.0533049040511813,0.022400136471272848,0.9931101289435933,38.888888888888886,0.9999999999742858,1.0106609808101665,1.1270068466364343e-20,0.9980955711512396,0
523,339.9611111111111,0.658333333333303,0.6444444444444457,0.6555555555555372,1.004237288135575,0.02227945394783969,0.9877596688443145,36.111111111111114,0.9285714285475513,0.9830508474576565,6.14761196704907e-21,0.9989068767084659,0
524,340.60555555555555,0.6444444444444457,0.6555555555555657,0.6555555555555372,0.9830508474576565,0.021912334407940083,0.9714834227564847,36.111111111111114,0.9285714285475513,1.0000000000000433,1.2672729293945596e-20,0.9977472243359493,0
525,341.2611111111111,0.6555555555555657,0.6638888888888914,0.6569444444444343,0.9978858350951681,0.02221114940306898,0.9847313866125672,36.111111111111114,0.9285714285475513,1.0105708245243323,1.789187625984364e-20,0.9971156937203527,0
526,341.925,0.6638888888888914,0.658333333333303,0.658333333333303,1.0084388185654511,0.02202659929069852,0.9765493567339624,38.888888888888886,0.9999999999742858,1.0,2.4068805478817894e-20,0.9961737598570051,0
527,342.5833333333333,0.658333333333303,0.6583333333333599,0.658333333333303,1.0,0.02365583375212701,1.0487814722902054,38.888888888888886,0.9999999999742858,1.0000000000000864,4.0771150781370533e-19,0.996592320341783,0
528,343.2416666666667,0.6583333333333599,0.6611111111110972,0.658333333333303,1.0000000000000864,0.027659709124541573,1.2262933009557186,41.666666666666664,1.0714285714010205,1.0042194092827255,3.565530134325406e-15,0.9929001993418392,0
529,343.90277777777777,0.6611111111110972,0.6583333333333599,0.6583333333333314,1.0042194092826822,0.02256369000106471,1.0003612752600044,36.111111111111114,0.9285714285475513,1.000000000000043,1.9885654570322066e-20,0.997106078271536,0
530,344.56111111111113,0.6583333333333599,0.6416666666666515,0.6583333333333599,1.0,0.021985222768799134,0.9747149284905703,36.111111111111114,0.9285714285475513,0.9746835443037352,7.88700800536043e-21,0.9962111259028372,0
531,345.2027777777778,0.6416666666666515,0.6611111111110972,0.6583333333333314,0.9746835443037772,0.021469230899168,0.9518384271424469,36.111111111111114,0.9285714285475513,1.0042194092826822,8.209203739679071e-21,0.99730843150226,0
532,345.8638888888889,0.6611111111110972,0.6722222222222172,0.6583333333333314,1.0042194092826822,0.022812701927477863,1.0114012198900653,36.111111111111114,0.9285714285475513,1.0210970464134974,3.304102840361458e-20,0.9979264420449067,0
533,346.5361111111111,0.6722222222222172,0.6583333333333599,0.6583333333333599,1.0210970464134532,0.021555838709199047,0.9556781847036457,36.111111111111114,0.9285714285475513,1.0,4.257221943513754e-21,0.9952050056418795,0
534,347.19444444444446,0.6583333333333599,0.6527777777777715,0.6583333333333599,1.0,0.02870916562600629,1.2728209586254353,41.666666666666664,1.0714285714010205,0.9915611814345496,2.330291992355682e-14,0.9925589731449377,0
535,347.84722222222223,0.6527777777777715,0.658333333333303,0.6583333333333599,0.9915611814345496,0.021760488905821083,0.9647513518879747,36.111111111111114,0.9285714285475513,0.9999999999999136,6.842320896971438e-21,0.9974845157985175,0
536,348.50555555555553,0.658333333333303,0.6666666666666856,0.6583333333333599,0.9999999999999136,0.026978535942132786,1.1960934855268055,38.888888888888886,0.9999999999742858,1.0126582278480893,4.041243954535918e-16,0.9928403112236177,0
537,349.1722222222222,0.6666666666666856,0.6666666666666856,0.6583333333333599,1.0126582278480893,0.02130987508977427,0.9447733867745958,36.111111111111114,0.9285714285475513,1.0126582278480893,2.8386811060966875e-21,0.9965889205299966,0
538,349.8388888888889,0.6666666666666856,0.6805555555555429,0.6597222222222285,1.0105263157894928,0.02197138109019328,0.9741012576210788,36.111111111111114,0.9285714285475513,1.031578947368392,1.3570360006852712e-20,0.9961399643040791,0
539,350.51944444444445,0.6805555555555429,0.6833333333333371,0.6597222222222285,1.031578947368392,0.023289745854380314,1.0325509640608395,38.888888888888886,0.9999999999742858,1.0357894736842064,6.63611010169951e-20,0.998743579045655,0
540,351.2027777777778,0.6833333333333371,0.6750000000000114,0.6638888888888914,1.029288702928872,0.02206863891239419,0.9784131835091459,38.888888888888886,0.9999999999742858,1.0167364016736533,4.972319179169063e-21,0.9988067290984919,0
541,351.8777777777778,0.6750000000000114,0.6555555555555657,0.6666666666666856,1.0124999999999882,0.020596697687300408,0.9131546641369551,36.111111111111114,0.9285714285475513,0.9833333333333205,3.9212612048659567e-22,0.9957648918805448,0
542,352.53333333333336,0.6555555555555657,0.6805555555555429,0.6666666666666856,0.9833333333333205,0.02239485301183905,0.9928758867510826,36.111111111111114,0.9285714285475513,1.0208333333332853,2.896703140864594e-20,0.996567274516371,0
543,353.2138888888889,0.6805555555555429,0.6916666666666629,0.6666666666666856,1.0208333333332853,0.02233124193174951,0.9900556892924207,36.111111111111114,0.9285714285475513,1.0374999999999648,1.5205852789822036e-20,0.9954966978720898,0
544,353.90555555555557,0.6916666666666629,0.6750000000000114,0.6708333333333485,1.031055900621089,0.021950360607802026,0.9731693144606071,38.888888888888886,0.9999999999742858,1.0062111801242177,3.17380396086717e-21,0.9974804353600322,0
545,354.5805555555556,0.6750000000000114,0.669444444444423,0.6750000000000114,1.0,0.022576615144421094,1.0009343115359992,38.888888888888886,0.9999999999742858,0.9917695473250544,1.3480120579695572e-20,0.9975840291311346,0
546,355.25,0.669444444444423,0.6638888888888914,0.6750000000000114,0.9917695473250544,0.023251845225799005,1.030870639559884,38.888888888888886,0.9999999999742858,0.983539094650193,3.084394945496851e-20,0.9987760718024895,0
547,355.9138888888889,0.6638888888888914,0.669444444444423,0.6750000000000114,0.983539094650193,0.022548601163667716,0.9996923116011376,36.111111111111114,0.9285714285475513,0.9917695473250544,7.367164572255633e-21,0.9981503217377337,0
548,356.5833333333333,0.669444444444423,0.6833333333333371,0.6750000000000114,0.9917695473250544,0.02367375685640123,1.049576093181005,38.888888888888886,0.9999999999742858,1.0123456790123342,2.047148197470802e-19,0.9968485611653428,0
549,357.26666666666665,0.6833333333333371,0.6916666666666629,0.6750000000000114,1.0123456790123342,0.023613248483113174,1.0468934542392587,38.888888888888886,0.9999999999742858,1.0246913580246684,1.1661318272194676e-19,0.9968570684922655,0
550,357.9583333333333,0.6916666666666629,0.6722222222222172,0.6750000000000114,1.0246913580246684,0.028766273695059956,1.2753528450670353,41.666666666666664,1.0714285714010205,0.9958847736625271,3.197998726863502e-15,0.99297137135848,0
551,358.63055555555553,0.6722222222222172,0.6694444444444798,0.6736111111111143,0.9979381443298847,0.022887809350073486,1.0147311077340173,38.888888888888886,0.9999999999742858,0.9938144329897386,1.6406862493699346e-20,0.9990760023612555,0
552,359.3,0.6694444444444798,0.6861111111110745,0.6736111111111143,0.9938144329897386,0.023051470435309165,1.021987022521407,38.888888888888886,0.9999999999742858,1.0185567010308687,3.5615107841128766e-20,0.9993000549824398,0
553,359.9861111111111,0.6861111111110745,0.7000000000000455,0.6736111111111143,1.0185567010308687,0.02324321226866557,1.0304878973751235,38.888888888888886,0.9999999999742858,1.0391752577320215,3.764288618283996e-20,0.9987939648745441,0
554,360.68611111111113,0.7000000000000455,0.6805555555555429,0.6736111111111143,1.0391752577320215,0.023710934481266432,1.0512243633096736,38.888888888888886,0.9999999999742858,1.010309278350492,3.033611871999777e-20,0.9982304029750002,0
555,361.3666666666667,0.6805555555555429,0.669444444444423,0.67638888888888,1.0061601642710416,0.02309723984482361,1.024016209452605,38.888888888888886,0.9999999999742858,0.9897330595482358,1.8963519439561633e-20,0.9981339744400182,0
556,362.0361111111111,0.669444444444423,0.6666666666666856,0.67638888888888,0.9897330595482358,0.021545892070387204,0.9552372004370698,36.111111111111114,0.9285714285475513,0.9856262833675974,2.0255124807559106e-21,0.9959401521443436,0
557,362.7027777777778,0.6666666666666856,0.4833333333333485,0.67638888888888,0.9856262833675974,0.022491892186047958,0.9971781188796582,36.111111111111114,0.9285714285475513,0.7145790554415102,3.6877051130322167e-22,0.9967774745068823,0
558,363.18611111111113,0.4833333333333485,0.86388888888888,0.67638888888888,0.7145790554415102,0.035845360521268875,1.5892041843120122,105.55555555555556,2.7142857142159187,1.277207392197129,0.9985887408256531,0.40155104998572505,1
559,364.05,0.86388888888888,0.6722222222222172,0.67638888888888,1.277207392197129,0.024543984127472527,1.088157622293213,41.666666666666664,1.0714285714010205,0.9938398357289583,4.241738661293507e-22,0.9961608914409767,0
560,364.72222222222223,0.6722222222222172,0.6666666666666856,0.6722222222222172,1.0,0.023146508927963536,1.0262005544262518,38.888888888888886,0.9999999999742858,0.9917355371901183,3.04322041491989e-20,0.9984977829221003,0
561,365.3888888888889,0.6666666666666856,0.6555555555555088,0.6708333333333485,0.9937888198757822,0.022070130524358418,0.9784793141308066,38.888888888888886,0.9999999999742858,0.9772256728777551,4.442034610314701e-21,0.9990338777587013,0
562,366.0444444444444,0.6555555555555088,0.6416666666667084,0.6708333333333201,0.9772256728777965,0.02422157765736965,1.073863730311495,38.888888888888886,0.9999999999742858,0.9565217391305159,2.900098846526095e-19,0.9978443230866743,0
563,366.68611111111113,0.6416666666667084,0.6527777777777715,0.6680555555555543,0.9604989604990247,0.0226599082949707,1.0046271136574738,38.888888888888886,0.9999999999742858,0.9771309771309695,4.15646464021819e-20,0.9991413306927308,0
564,367.3388888888889,0.6527777777777715,0.6666666666666288,0.6666666666666856,0.9791666666666293,0.023732098007544188,1.0521626483213544,41.666666666666664,1.0714285714010205,0.9999999999999147,1.958335210968267e-18,0.9955497198467406,0
565,368.00555555555553,0.6666666666666288,0.6500000000000341,0.6666666666666572,0.9999999999999574,0.02380034482978727,1.0551883714246373,38.888888888888886,0.9999999999742858,0.975000000000065,1.0678557911117495e-19,0.9982893978814971,0
566,368.65555555555557,0.6500000000000341,0.6472222222222399,0.6611111111110688,0.9831932773110389,0.022688690910754608,1.0059031910291072,38.888888888888886,0.9999999999742858,0.9789915966387449,5.755202815891456e-20,0.9975436319908659,0
567,369.3027777777778,0.6472222222222399,0.6499999999999773,0.6541666666666401,0.9893842887474132,0.022097582986630376,0.9796964191418268,38.888888888888886,0.9999999999742858,0.9936305732484132,4.2364064765426116e-20,0.9971317764669523,0
568,369.9527777777778,0.6499999999999773,0.658333333333303,0.6541666666666401,0.9936305732484132,0.022406128836149772,0.9933758004614088,36.111111111111114,0.9285714285475513,1.0063694267515868,1.6392223658679144e-20,0.9990272173293829,0
569,370.6111111111111,0.658333333333303,0.6472222222222399,0.6541666666666401,1.0063694267515868,0.023374556060655447,1.036311024853221,38.888888888888886,0.9999999999742858,0.9893842887474132,1.110771472254649e-19,0.9986913224940168,0
570,371.2583333333333,0.6472222222222399,0.6750000000000114,0.6513888888889028,0.9936034115138652,0.023346804776632136,1.0350806715788075,38.888888888888886,0.9999999999742858,1.0362473347547927,7.357229745357959e-19,0.9972450126840988,0
571,371.93333333333334,0.6750000000000114,0.6833333333333371,0.6513888888889028,1.0362473347547927,0.02936987787598354,1.3021136385433014,41.666666666666664,1.0714285714010205,1.0490405117270623,4.2474799176982214e-14,0.9933219558042349,0
572,372.6166666666667,0.6833333333333371,0.6527777777777715,0.6513888888889028,1.0490405117270623,0.021466556443557862,0.9517198551436002,36.111111111111114,0.9285714285475513,1.0021321961620158,1.4015230503422088e-21,0.9970942763517234,0
573,373.26944444444445,0.6527777777777715,0.6499999999999773,0.6527777777777715,1.0,0.02257899109180699,1.001039649171678,38.888888888888886,0.9999999999742858,0.9957446808510386,3.411679294611113e-20,0.9994802452331962,0
574,373.9194444444444,0.6499999999999773,0.6694444444444798,0.6513888888889028,0.9978678038378969,0.02207552549400173,0.9787185001288468,36.111111111111114,0.9285714285475513,1.0277185501066421,2.7052407174205452e-20,0.9972455216979148,0
575,374.5888888888889,0.6694444444444798,0.6916666666666629,0.6513888888889028,1.0277185501066421,0.02336063410721483,1.0356937949986489,38.888888888888886,0.9999999999742858,1.0618336886993318,2.3069622674524695e-19,0.9990329508266098,0
576,375.28055555555557,0.6916666666666629,0.658333333333303,0.6555555555555372,1.0550847457627355,0.024334621586819996,1.0788755333197801,38.888888888888886,0.9999999999742858,1.004237288135575,1.6985508936392573e-19,0.9981335634295094,0
577,375.93888888888887,0.658333333333303,0.6500000000000341,0.658333333333303,1.0,0.022908999774351266,1.0156705852686236,38.888888888888886,0.9999999999742858,0.987341772151996,7.745535079013287e-20,0.9971566682904607,0
578,376.5888888888889,0.6500000000000341,0.6472222222221831,0.658333333333303,0.987341772151996,0.02719922320669208,1.2058776561743263,41.666666666666664,1.0714285714010205,0.9831223628691841,3.0781846459249605e-15,0.9916254322919389,0
579,377.2361111111111,0.6472222222221831,0.6638888888888914,0.6555555555555372,0.9872881355931882,0.023301457955097613,1.03307022008718,38.888888888888886,0.9999999999742858,1.0127118644068118,4.274882847359001e-19,0.9971367885256436,0
580,377.9,0.6638888888888914,0.6444444444444457,0.6611111111110972,1.0042016806722938,0.02283032157972814,1.0121823872343203,36.111111111111114,0.9285714285475513,0.974789915966409,1.8102917175969768e-20,0.9969456939565031,0
581,378.5444444444444,0.6444444444444457,0.6611111111111541,0.6555555555555372,0.9830508474576565,0.029214130090668037,1.2952085599356011,41.666666666666664,1.0714285714010205,1.0084745762712801,1.3550208318672402e-13,0.992774963253322,0
582,379.2055555555556,0.6611111111111541,0.6638888888888914,0.6555555555555372,1.0084745762712801,0.028774291727281742,1.2757083245536833,41.666666666666664,1.0714285714010205,1.0127118644068118,3.301536222687605e-14,0.9921114672652414,0
583,379.86944444444447,0.6638888888888914,0.6416666666666515,0.6597222222222285,1.0063157894736785,0.021929253737850624,0.9722335413073535,36.111111111111114,0.9285714285475513,0.9726315789473361,1.935051920109819e-21,0.999076261998361,0
584,380.5111111111111,0.6416666666666515,0.63611111111112,0.6597222222222285,0.9726315789473361,0.022656706279399835,1.0044851522859197,38.888888888888886,0.9999999999742858,0.9642105263157936,3.264525156107637e-20,0.9995767412801433,0
585,381.14722222222224,0.63611111111112,0.6555555555555657,0.6541666666666686,0.9723991507431105,0.027716312197498108,1.228802798393583,41.666666666666664,1.0714285714010205,1.0021231422505434,2.4339036035626697e-14,0.9911749457832745,0
586,381.8027777777778,0.6555555555555657,0.6722222222222172,0.6527777777777999,1.0042553191489176,0.02294140536321364,1.0171072871643856,38.888888888888886,0.9999999999742858,1.0297872340425105,1.2645740749315206e-19,0.9988070012014252,0
587,382.475,0.6722222222222172,0.6444444444444457,0.6527777777777999,1.0297872340425105,0.022770368651892352,1.0095243739686464,36.111111111111114,0.9285714285475513,0.9872340425531599,7.800772810914643e-21,0.9990222416908716,0
588,383.11944444444447,0.6444444444444457,0.6444444444444457,0.6513888888888744,0.9893390191897895,0.024354612746874275,1.0797618414708354,41.666666666666664,1.0714285714010205,0.9893390191897895,4.596160417660056e-18,0.9973035321660868,0
589,383.7638888888889,0.6444444444444457,0.6472222222221831,0.6500000000000057,0.9914529914529847,0.021924685308965398,0.9720309999967194,38.888888888888886,0.9999999999742858,0.9957264957264268,3.572777888784644e-20,0.9975303272378622,0
590,384.4111111111111,0.6472222222221831,0.6500000000000341,0.6458333333333144,1.0021505376343773,0.022969165645725084,1.018338039386802,36.111111111111114,0.9285714285475513,1.006451612903308,1.1071459654792233e-19,0.9970725540766342,0
591,385.06111111111113,0.6500000000000341,0.6388888888888573,0.6486111111111086,1.0021413276231828,0.02177594896320593,0.9654367735863036,36.111111111111114,0.9285714285475513,0.9850107066380708,8.447140142616675e-21,0.9972026218190826,0
592,385.7,0.6388888888888573,0.6638888888888914,0.6458333333333144,0.9892473118279371,0.024020164107091745,1.0649340598541743,38.888888888888886,0.9999999999742858,1.027956989247346,4.938339394474255e-18,0.9960270565055032,0
593,386.3638888888889,0.6638888888888914,0.6638888888888914,0.6458333333333144,1.027956989247346,0.023321569803864566,1.0339618789727343,38.888888888888886,0.9999999999742858,1.027956989247346,1.947197508363576e-19,0.9985000653156271,0
594,387.02777777777777,0.6638888888888914,0.6527777777777715,0.6486111111111086,1.0235546038543977,0.022989518908144328,1.0192404013474767,38.888888888888886,0.9999999999742858,1.0064239828693733,6.24649833966423e-20,0.9989196176404825,0
595,387.68055555555554,0.6527777777777715,0.6388888888889142,0.6513888888889028,1.0021321961620158,0.02380108961323025,1.0552213914011914,38.888888888888886,0.9999999999742858,0.9808102345415957,2.555114124772905e-19,0.9988604623141284,0
596,388.31944444444446,0.6388888888889142,0.6499999999999773,0.6486111111111086,0.9850107066381584,0.023065342069894842,1.022602021489369,36.111111111111114,0.9285714285475513,1.0021413276230953,1.845202002932725e-19,0.9968307045024667,0
597,388.96944444444443,0.6499999999999773,0.6722222222222172,0.6486111111110802,1.002141327623139,0.024051974651046658,1.066344380431879,38.888888888888886,0.9999999999742858,1.0364025695931893,1.5805872610191353e-18,0.9981946780950888,0
598,389.64166666666665,0.6722222222222172,0.6444444444444457,0.6500000000000057,1.0341880341880174,0.024876828120722047,1.1029142619002106,44.44444444444444,1.1428571428277552,0.9914529914529847,1.0767044419772013e-17,0.996276305925845,0
599,390.2861111111111,0.6444444444444457,0.6500000000000341,0.6500000000000057,0.9914529914529847,0.02382753725704309,1.0563939477823059,41.666666666666664,1.0714285714010205,1.0000000000000437,2.9633412504515664e-18,0.996676369205906,0
600,390.93611111111113,0.6500000000000341,0.6527777777777715,0.6500000000000341,1.0,0.023103814936122877,1.024307716148397,41.666666666666664,1.0714285714010205,1.0042735042734419,1.969174792510315e-18,0.9938221344534179,0
601,391.5888888888889,0.6527777777777715,0.6444444444444457,0.6513888888889028,1.0021321961620158,0.02436465087556684,1.0802068819415938,41.666666666666664,1.0714285714010205,0.9893390191897463,5.440987274220678e-18,0.9956973066201573,0
602,392.23333333333335,0.6444444444444457,0.6416666666666515,0.6513888888889028,0.9893390191897463,0.024425701357644512,1.0829135552784273,41.666666666666664,1.0714285714010205,0.9850746268656274,4.716350587844624e-18,0.9973475147922837,0
603,392.875,0.6416666666666515,0.6638888888888914,0.6500000000000057,0.9871794871794553,0.02508481864642171,1.1121355225859004,41.666666666666664,1.0714285714010205,1.0213675213675164,1.043777392728895e-16,0.9940946290865973,0
604,393.5388888888889,0.6638888888888914,0.6722222222222172,0.6500000000000057,1.0213675213675164,0.024693885439248234,1.0948034974760408,41.666666666666664,1.0714285714010205,1.0341880341880174,7.68529619374139e-18,0.9971386673659719,0
605,394.2111111111111,0.6722222222222172,0.6444444444444457,0.6500000000000057,1.0341880341880174,0.024965838984303736,1.1068605588489973,41.666666666666664,1.0714285714010205,0.9914529914529847,4.531190757217998e-18,0.9965695481586316,0
606,394.85555555555555,0.6444444444444457,0.6472222222222399,0.6500000000000057,0.9914529914529847,0.02432512816963744,1.0784546426357269,38.888888888888886,0.9999999999742858,0.9957264957265142,1.6211155955166303e-18,0.9980193112563618,0
607,395.5027777777778,0.6472222222222399,0.6499999999999773,0.648611111111137,0.9978586723768611,0.023297261642734074,1.0328841765638386,41.666666666666664,1.0714285714010205,1.0021413276230513,1.230878148896137e-18,0.996473957749594,0
608,396.15277777777777,0.6499999999999773,0.6750000000000114,0.6486111111111086,1.0021413276230953,0.02470086617657127,1.095112988489718,38.888888888888886,0.9999999999742858,1.040685224839422,5.8770760659780214e-18,0.9977326259489123,0
609,396.8277777777778,0.6750000000000114,0.6472222222222399,0.6500000000000057,1.0384615384615468,0.024482978479238488,1.0854529366649943,41.666666666666664,1.0714285714010205,0.9957264957265142,1.6104279050145624e-18,0.9970760505888907,0
610,397.475,0.6472222222222399,0.6611111111110972,0.6486111111111086,0.9978586723769048,0.024611835180875827,1.0911657989835974,41.666666666666664,1.0714285714010205,1.0192719486081196,4.484626196277489e-17,0.993275548753631,0
611,398.1361111111111,0.6611111111110972,0.6472222222222399,0.6486111111111086,1.0192719486081196,0.02935158637875256,1.3013026849494729,41.666666666666664,1.0714285714010205,0.9978586723769048,1.0788034555302486e-13,0.9915823176014691,0
612,398.78333333333336,0.6472222222222399,0.6527777777777715,0.6486111111111086,0.9978586723769048,0.02368584381676776,1.0501119686112077,41.666666666666664,1.0714285714010205,1.0064239828693733,2.355670177437195e-18,0.9966879311460138,0
613,399.43611111111113,0.6527777777777715,0.6472222222221831,0.6513888888888744,1.0021321961620595,0.024832297320605202,1.100939988720995,41.666666666666664,1.0714285714010205,0.9936034115138214,1.1122522806474839e-17,0.9960997950173427,0
614,400.0833333333333,0.6472222222221831,0.6666666666666856,0.6486111111111086,0.9978586723768171,0.024498359388140788,1.0861348493150722,38.888888888888886,0.9999999999742858,1.0278372591006757,3.597851025620833e-18,0.9979032296453858,0
615,400.75,0.6666666666666856,0.6750000000000114,0.6486111111111086,1.0278372591006757,0.022945250205190088,1.0172777482468838,38.888888888888886,0.9999999999742858,1.040685224839422,9.986674966209733e-20,0.9987423161621471,0
616,401.425,0.6750000000000114,0.6444444444444457,0.6513888888888744,1.036247334754838,0.02956232302282102,1.310645694802666,41.666666666666664,1.0714285714010205,0.9893390191897895,8.094718471907125e-14,0.9911865083151989,0
617,402.06944444444446,0.6444444444444457,0.6472222222221831,0.6513888888888744,0.9893390191897895,0.022658036717825493,1.004544137278183,38.888888888888886,0.9999999999742858,0.9936034115138214,6.274846723985218e-20,0.9992378930430803,0
618,402.71666666666664,0.6472222222221831,0.6555555555555657,0.6500000000000057,0.9957264957264268,0.022793943680542793,1.0105695729464703,38.888888888888886,0.9999999999742858,1.0085470085470152,1.703047137256366e-19,0.9974611697052911,0
619,403.3722222222222,0.6555555555555657,0.6750000000000114,0.6500000000000057,1.0085470085470152,0.02372131961546207,1.0516847882706266,38.888888888888886,0.9999999999742858,1.0384615384615468,1.2248170863552313e-18,0.9965850444452301,0
620,404.0472222222222,0.6750000000000114,0.6555555555555657,0.6541666666666686,1.0318471337579762,0.023278288252683976,1.032042991249485,38.888888888888886,0.9999999999742858,1.0021231422505434,8.517555023171246e-20,0.9973068340304969,0
621,404.7027777777778,0.6555555555555657,0.6444444444444457,0.6541666666666686,1.0021231422505434,0.02387867755968119,1.058661253278961,38.888888888888886,0.9999999999742858,0.9851380042462836,3.05940142479462e-19,0.9983632644882533,0
622,405.34722222222223,0.6444444444444457,0.6444444444444457,0.6541666666666686,0.9851380042462836,0.027224951208175346,1.2070183072102374,38.888888888888886,0.9999999999742858,0.9851380042462836,1.0128226001412661e-15,0.99246688190146,0
623,405.9916666666667,0.6444444444444457,0.6472222222222399,0.6513888888888744,0.9893390191897895,0.024924075601628178,1.1050089791317381,41.666666666666664,1.0714285714010205,0.9936034115139086,1.2779989267600418e-17,0.9973039650414444,0
624,406.6388888888889,0.6472222222222399,0.6472222222221831,0.6513888888889028,0.9936034115138652,0.02503523577152489,1.1099372656536124,41.666666666666664,1.0714285714010205,0.993603411513778,1.4699075585683657e-17,0.9970453399868124,0
625,407.2861111111111,0.6472222222221831,0.6638888888888914,0.6472222222222115,0.999999999999956,0.025067120173012703,1.1113508607052969,41.666666666666664,1.0714285714010205,1.0257510729613943,4.2171451029354015e-17,0.9960684126721325,0
626,407.95,0.6638888888888914,0.6638888888888914,0.6472222222222115,1.0257510729613943,0.024991518094662105,1.1079990422967148,44.44444444444444,1.1428571428277552,1.0257510729613943,2.8789822696561115e-17,0.99703480161539,0
627,408.6138888888889,0.6638888888888914,0.6416666666666515,0.6513888888889028,1.0191897654584043,0.024636170856263195,1.0922447212371682,41.666666666666664,1.0714285714010205,0.9850746268656274,4.6593942395866726e-18,0.9956714221673777,0
628,409.25555555555553,0.6416666666666515,0.6472222222222399,0.6513888888889028,0.9850746268656274,0.02576371579940829,1.142234430242405,44.44444444444444,1.1428571428277552,0.9936034115138652,2.6975177691543925e-16,0.9960830824302211,0
629,409.90277777777777,0.6472222222222399,0.6472222222222399,0.6472222222222399,1.0,0.02534859658076547,1.1238301182293047,41.666666666666664,1.0714285714010205,1.0,8.27935133620574e-17,0.9941139333340137,0
630,410.55,0.6472222222222399,0.6750000000000114,0.6472222222222399,1.0,0.025682606390667162,1.138638444321661,41.666666666666664,1.0714285714010205,1.0429184549356114,9.491097347608633e-16,0.9907168469517853,0
631,411.225,0.6750000000000114,0.6527777777777715,0.6472222222222399,1.0429184549356114,0.02652479902739462,1.1759770578220021,47.22222222222222,1.21428571425449,1.0085836909870871,4.020962809405098e-15,0.9915596328378502,0
632,411.8777777777778,0.6527777777777715,0.6444444444444457,0.6472222222222399,1.0085836909870871,0.024385773887281394,1.0811433707399731,41.666666666666664,1.0714285714010205,0.9957081545064125,7.286485950649974e-18,0.9955228836442707,0
633,412.52222222222224,0.6444444444444457,0.6416666666666515,0.6472222222222399,0.9957081545064125,0.025472365671103194,1.1293174212831125,41.666666666666664,1.0714285714010205,0.9914163090128251,1.6423804734627353e-16,0.9926605667323677,0
634,413.1638888888889,0.6416666666666515,0.6444444444444457,0.6472222222222399,0.9914163090128251,0.02608243684985043,1.1563649291305507,44.44444444444444,1.1428571428277552,0.9957081545064125,9.10833480544744e-16,0.994547533974955,0
635,413.80833333333334,0.6444444444444457,0.6499999999999773,0.6472222222222399,0.9957081545064125,0.02510815301152021,1.1131700517443057,41.666666666666664,1.0714285714010205,1.0042918454934997,5.945131689131332e-17,0.9945307260260162,0
636,414.4583333333333,0.6499999999999773,0.6527777777777715,0.6472222222222399,1.0042918454934997,0.02611217838509732,1.1576835201999351,44.44444444444444,1.1428571428277552,1.0085836909870871,9.256076409689903e-16,0.9938747707490818,0
637,415.1111111111111,0.6527777777777715,0.6611111111111541,0.6472222222222399,1.0085836909870871,0.02455441500112744,1.0886200751132533,38.888888888888886,0.9999999999742858,1.0214592274678496,3.8107433270542185e-18,0.9969645887945522,0
638,415.77222222222224,0.6611111111111541,0.63611111111112,0.6486111111111086,1.0192719486082071,0.025203028989689298,1.1173763785688762,41.666666666666664,1.0714285714010205,0.9807280513918805,9.836245373426305e-18,0.9965585608833805,0
639,416.40833333333336,0.63611111111112,0.6472222222221831,0.6486111111111086,0.9807280513918805,0.024562535172449714,1.0889800829372793,41.666666666666664,1.0714285714010205,0.9978586723768171,2.039760554362272e-17,0.9958059407611232,0
640,417.05555555555554,0.6472222222221831,0.6388888888889142,0.6486111111110802,0.9978586723768609,0.02452096808645638,1.0871372060341145,38.888888888888886,0.9999999999742858,0.9850107066382016,2.3571622044670876e-18,0.9970104271516713,0
641,417.69444444444446,0.6388888888889142,0.658333333333303,0.6458333333333144,0.9892473118280252,0.0269475226620974,1.1947185116477665,44.44444444444444,1.1428571428277552,1.0193548387096605,9.521599851072208e-15,0.9935491413940614,0
642,418.35277777777776,0.658333333333303,0.6500000000000341,0.6458333333333144,1.0193548387096605,0.024733526423606877,1.0965609806564827,41.666666666666664,1.0714285714010205,1.006451612903308,9.884768615339278e-18,0.9961687785474156,0
643,419.0027777777778,0.6500000000000341,0.6499999999999773,0.6486111111110802,1.0021413276232267,0.0233827795085299,1.0366756114435498,38.888888888888886,0.9999999999742858,1.002141327623139,2.0956551025666772e-19,0.9990441190588555,0
644,419.65277777777777,0.6499999999999773,0.6305555555555884,0.6499999999999773,1.0,0.02342514463409251,1.0385538694338148,41.666666666666664,1.0714285714010205,0.9700854700855546,8.254966279222346e-19,0.9961221389495164,0
645,420.28333333333336,0.6305555555555884,0.6472222222221831,0.6499999999999773,0.9700854700855546,0.023499853934365784,1.0418661065232107,41.666666666666664,1.0714285714010205,0.9957264957264703,4.405372036555313e-18,0.9957721549431594,0
646,420.93055555555554,0.6472222222221831,0.6416666666666515,0.6486111111110802,0.9978586723768609,0.025377461330661696,1.1251098370170953,41.666666666666664,1.0714285714010205,0.9892933618843921,8.084476848311108e-17,0.9936804167485568,0
647,421.5722222222222,0.6416666666666515,0.6527777777778283,0.6472222222221831,0.9914163090129121,0.023799215567587403,1.0551383055810493,38.888888888888886,0.9999999999742858,1.0085836909872636,9.17146223540367e-19,0.9983613865179113,0
648,422.225,0.6527777777778283,0.6527777777777715,0.6472222222221831,1.0085836909872636,0.02302710856924272,1.0209069391039876,38.888888888888886,0.9999999999742858,1.0085836909871757,1.3999481275364763e-19,0.9985232132758797,0
649,422.8777777777778,0.6527777777777715,0.6499999999999773,0.6486111111110802,1.0064239828694173,0.024472463057337232,1.0849867353981562,41.666666666666664,1.0714285714010205,1.002141327623139,5.321601537181818e-18,0.9971114595715077,0
650,423.52777777777777,0.6499999999999773,0.6444444444444457,0.6499999999999773,1.0,0.02408931138191632,1.0679997045258127,38.888888888888886,0.9999999999742858,0.9914529914530281,7.181428532784181e-19,0.9982366679803762,0
651,424.1722222222222,0.6444444444444457,0.63611111111112,0.6499999999999773,0.9914529914530281,0.024297520212592266,1.0772306437633912,41.666666666666664,1.0714285714010205,0.9786324786325264,1.5366876692171192e-17,0.9930438617387168,0
652,424.80833333333334,0.63611111111112,0.6499999999999773,0.6486111111110802,0.9807280513919234,0.02450233207695237,1.0863109784874538,41.666666666666664,1.0714285714010205,1.002141327623139,1.3169884158049738e-17,0.997028157047236,0
653,425.4583333333333,0.6499999999999773,0.6611111111111541,0.6486111111110802,1.002141327623139,0.023160264498007097,1.0268104076723323,41.666666666666664,1.0714285714010205,1.019271948608252,8.007917932537844e-19,0.9975722079742548,0
654,426.11944444444447,0.6611111111111541,0.6499999999999773,0.6486111111110802,1.019271948608252,0.02390702462299107,1.0599180204301322,38.888888888888886,0.9999999999742858,1.002141327623139,3.70550677288702e-19,0.9983413046534355,0
655,426.76944444444445,0.6499999999999773,0.6333333333333258,0.6499999999999773,1.0,0.023730787543313172,1.0521045488850806,38.888888888888886,0.9999999999742858,0.9743589743589968,2.543415205971991e-19,0.9987015485732524,0
656,427.40277777777777,0.6333333333333258,0.63611111111112,0.6499999999999773,0.9743589743589968,0.025717158490013506,1.1401703117672513,44.44444444444444,1.1428571428277552,0.9786324786325264,3.9123678916111763e-16,0.9954531898631892,0
657,428.0388888888889,0.63611111111112,0.6444444444444457,0.6499999999999773,0.9786324786325264,0.02556982794538747,1.133638411555012,41.666666666666664,1.0714285714010205,0.9914529914530281,3.157617860471252e-16,0.992465358957482,0
658,428.68333333333334,0.6444444444444457,0.6388888888888573,0.6472222222222115,0.9957081545064562,0.023487710763157456,1.0413277389851399,36.111111111111114,0.9285714285475513,0.9871244635192808,2.3364186860533656e-19,0.9967773118076084,0
659,429.3222222222222,0.6388888888888573,0.6500000000000341,0.6444444444444457,0.9913793103447767,0.024772144041562763,1.0982730928838724,41.666666666666664,1.0714285714010205,1.0086206896552234,2.2409393165774163e-17,0.9969078089364273,0
660,429.97222222222223,0.6500000000000341,0.6472222222222399,0.6444444444444457,1.0086206896552234,0.025076000231632537,1.111744558135323,41.666666666666664,1.0714285714010205,1.0043103448276116,1.9645690095005892e-17,0.9969700807733899,0
661,430.61944444444447,0.6472222222222399,0.6416666666666515,0.6458333333333428,1.0021505376344213,0.02468043616433759,1.0942072238257514,38.888888888888886,0.9999999999742858,0.9935483870967361,5.0443144658320985e-18,0.9961626013669815,0
662,431.2611111111111,0.6416666666666515,0.6305555555555316,0.6458333333333428,0.9935483870967361,0.02614140821298598,1.1589794247218,41.666666666666664,1.0714285714010205,0.9763440860214538,5.721896552929155e-16,0.9920877922125216,0
663,431.89166666666665,0.6305555555555316,0.6527777777777715,0.6430555555555486,0.9805615550755672,0.026385003811930464,1.1697792364545585,41.666666666666664,1.0714285714010205,1.0151187904967613,7.756702520415361e-15,0.9895619481277715,0
664,432.5444444444444,0.6527777777777715,0.6638888888888914,0.6430555555555486,1.0151187904967613,0.028795926467715588,1.2766675008466255,44.44444444444444,1.1428571428277552,1.0323974082073586,1.1276522250691645e-12,0.9877230125468605,0
665,433.2083333333333,0.6638888888888914,0.6444444444444457,0.6430555555555486,1.0323974082073586,0.026155601477409102,1.159608683149732,41.666666666666664,1.0714285714010205,1.0021598272138357,2.2100811453027786e-16,0.9931415986824652,0
666,433.85277777777776,0.6444444444444457,1.9361111111111313,0.6444444444444457,1.0,0.02616899745288201,1.1602025937692626,41.666666666666664,1.0714285714010205,3.0043103448276116,2.349540409340989e-06,0.9910256165105635,0
667,435.7888888888889,1.9361111111111313,0.6499999999999773,0.6458333333333428,2.9978494623655787,0.026531106558101182,1.176256702217979,38.888888888888886,0.9999999999742858,1.0064516129031758,2.734578741970386e-38,0.9886431088791903,0
668,436.43888888888887,0.6499999999999773,0.6583333333333599,0.6486111111111086,1.0021413276230953,0.02381465856271268,1.0558229708240405,36.111111111111114,0.9285714285475513,1.0149892933619291,1.4483937695682343e-18,0.9935852556146203,0
669,437.09722222222223,0.6583333333333599,0.6499999999999773,0.6500000000000057,1.0128205128205447,0.02262117784722189,1.0029099991208195,38.888888888888886,0.9999999999742858,0.9999999999999563,4.7837874307858956e-20,0.9982941287065156,0
670,437.7472222222222,0.6499999999999773,0.6472222222222399,0.6499999999999773,1.0,0.0227335864206944,1.007893633619601,38.888888888888886,0.9999999999742858,0.9957264957265578,6.069437098372987e-20,0.9991008495721799,0
671,438.39444444444445,0.6472222222222399,0.6305555555555316,0.6499999999999773,0.9957264957265578,0.0231718704307032,1.027324956739081,36.111111111111114,0.9285714285475513,0.9700854700854671,4.991916412661894e-20,0.998390868034779,0
672,439.025,0.6305555555555316,0.6583333333333599,0.6499999999999773,0.9700854700854671,0.021953594744616587,0.973312699927613,38.888888888888886,0.9999999999742858,1.0128205128205892,7.363178595678893e-20,0.9984046434589201,0
673,439.68333333333334,0.6583333333333599,0.658333333333303,0.6513888888888744,1.0106609808102978,0.023690875144546313,1.0503350325458995,38.888888888888886,0.9999999999742858,1.0106609808102105,2.9604925955182986e-19,0.9986351576130031,0
674,440.34166666666664,0.658333333333303,0.6416666666667084,0.6541666666666401,1.0063694267515868,0.022288216652776263,0.988148163398382,38.888888888888886,0.9999999999742858,0.9808917197453264,1.388613135893343e-20,0.9990961392546849,0
675,440.98333333333335,0.6416666666667084,0.6277777777777374,0.6499999999999773,0.9871794871795858,0.023304088217213983,1.0331868327673257,38.888888888888886,0.9999999999742858,0.9658119658119374,1.9235873179888692e-19,0.9982111702739054,0
676,441.6111111111111,0.6277777777777374,0.6388888888889142,0.6499999999999773,0.9658119658119374,0.02222399819034872,0.9853010376416365,36.111111111111114,0.9285714285475513,0.9829059829060561,2.48373774369147e-20,0.9990735167765523,0
677,442.25,0.6388888888889142,0.6444444444444457,0.6486111111111086,0.9850107066381584,0.021928291837661984,0.9721908954591197,36.111111111111114,0.9285714285475513,0.9935760171306268,1.4937364826388955e-20,0.9981920489616726,0
678,442.89444444444445,0.6444444444444457,0.6388888888889142,0.6458333333333428,0.9978494623655787,0.022309378577597724,0.9890863774094925,36.111111111111114,0.9285714285475513,0.9892473118279816,5.616910495934807e-20,0.9954025432695892,0
679,443.53333333333336,0.6388888888889142,0.6444444444444457,0.643055555555577,0.9935205183585374,0.023073172049765885,1.0229491636743877,38.888888888888886,0.9999999999742858,1.0021598272137915,6.181527955439136e-19,0.996302390824987,0
680,444.1777777777778,0.6444444444444457,0.6499999999999773,0.643055555555577,1.0021598272137915,0.023623845846612476,1.0473632883871333,38.888888888888886,0.9999999999742858,1.0107991360690454,5.341102113327603e-19,0.9990416209241024,0
681,444.8277777777778,0.6499999999999773,0.6305555555555316,0.643055555555577,1.0107991360690454,0.02163038949694949,0.9589833941397863,36.111111111111114,0.9285714285475513,0.9805615550755239,5.736919216297193e-21,0.997752093264084,0
682,445.4583333333333,0.6305555555555316,0.6305555555555884,0.643055555555577,0.9805615550755239,0.022527176272984756,0.998742438997636,36.111111111111114,0.9285714285475513,0.9805615550756123,9.064952779520722e-20,0.9967207370901866,0
683,446.0888888888889,0.6305555555555884,0.6444444444444457,0.6402777777778113,0.984815618221258,0.023592963140349085,1.0459941034967333,36.111111111111114,0.9285714285475513,1.0065075921908386,1.3678008387041568e-18,0.9954346773565069,0
684,446.73333333333335,0.6444444444444457,0.6666666666666288,0.6402777777778113,1.0065075921908386,0.023198255631218686,1.0284947446963884,36.111111111111114,0.9285714285475513,1.0412147505421858,5.761817546605495e-19,0.9959138208782697,0
685,447.4,0.6666666666666288,0.6305555555555884,0.6416666666666799,1.0389610389609585,0.023683600027347915,1.0500124901994166,41.666666666666664,1.0714285714010205,0.9826839826840136,8.804108223441573e-19,0.9959813922550325,0
686,448.03055555555557,0.6305555555555884,0.6416666666666515,0.6416666666666799,0.9826839826840136,0.022447815437214625,0.9952239760656882,38.888888888888886,0.9999999999742858,0.9999999999999557,2.3359820897863025e-19,0.997258407559086,0
687,448.6722222222222,0.6416666666666515,0.6416666666666515,0.6430555555555486,0.9978401727861643,0.02699684474625216,1.1969052064215915,36.111111111111114,0.9285714285475513,0.9978401727861643,8.442426619073671e-16,0.9906839978255606,0
688,449.31388888888887,0.6416666666666515,0.6416666666667084,0.6416666666666515,1.0,0.02295087783564116,1.017527249262651,38.888888888888886,0.9999999999742858,1.0000000000000886,1.6358999755505496e-19,0.9991399758894145,0
689,449.9555555555556,0.6416666666667084,0.6333333333333258,0.6416666666666799,1.0000000000000442,0.023672920172188142,1.049538998783486,38.888888888888886,0.9999999999742858,0.9870129870129548,8.28319795352878e-19,0.9972376546932791,0
690,450.5888888888889,0.6333333333333258,0.6555555555555657,0.6416666666666515,0.9870129870129986,0.023416916794412913,1.0381890881327898,38.888888888888886,0.9999999999742858,1.0216450216450614,1.5212250579495736e-18,0.9972324601316833,0
691,451.24444444444447,0.6555555555555657,0.6638888888888914,0.6416666666666515,1.0216450216450614,0.023484129584278216,1.0411689674069804,38.888888888888886,0.9999999999742858,1.034632034632063,5.013368501743147e-19,0.9983028042298654,0
692,451.90833333333336,0.6638888888888914,0.625,0.6416666666666799,1.0346320346320173,0.021620738057406278,0.9585554975338196,36.111111111111114,0.9285714285475513,0.9740259740259539,6.273408043642486e-21,0.995352257175789,0
693,452.53333333333336,0.625,0.6361111111110631,0.6416666666666799,0.9740259740259539,0.02187886893525179,0.9699997309075866,36.111111111111114,0.9285714285475513,0.991341991341896,3.7725691485800494e-20,0.997476542444298,0
694,453.1694444444444,0.6361111111110631,0.63611111111112,0.6416666666666515,0.9913419913419399,0.02146382203618184,0.951598625183003,36.111111111111114,0.9285714285475513,0.9913419913420285,3.112644455885244e-20,0.9945145613484521,0
695,453.80555555555554,0.63611111111112,0.6583333333333599,0.6388888888888857,0.9956521739130623,0.022173872915682152,0.9830787334136559,38.888888888888886,0.9999999999742858,1.0304347826087423,1.0489808220029965e-19,0.9992296833096166,0
696,454.4638888888889,0.6583333333333599,0.6388888888888573,0.6416666666666515,1.0259740259740915,0.022326171847225216,0.9898309070772706,38.888888888888886,0.9999999999742858,0.99567099567097,2.012835291633682e-20,0.999632659025898,0
697,455.10277777777776,0.6388888888888573,0.6472222222222399,0.6402777777777544,0.9978308026030239,0.022131735572495866,0.9812105741558435,38.888888888888886,0.9999999999742858,1.01084598698488,8.405967066068135e-20,0.998168766677616,0
698,455.75,0.6472222222222399,0.6277777777777942,0.6402777777777828,1.0108459869848352,0.022251430282952095,0.9865172395633286,38.888888888888886,0.9999999999742858,0.9804772234273498,4.628229654246763e-20,0.9977680453757756,0
699,456.3777777777778,0.6277777777777942,0.6333333333333258,0.6374999999999886,0.984749455337734,0.022159864144799653,0.9824576545074939,38.888888888888886,0.9999999999742858,0.9934640522875875,8.302015666229508e-20,0.9991548491851938,0
700,457.0111111111111,0.6333333333333258,0.6277777777777942,0.6374999999999886,0.9934640522875875,0.022104800177379234,0.9800163933189663,38.888888888888886,0.9999999999742858,0.984749455337734,5.920747505857459e-20,0.9986380390434708,0
701,457.6388888888889,0.6277777777777942,0.6527777777777715,0.6361111111110915,0.9868995633188334,0.027749328965159872,1.2302665969035573,41.666666666666664,1.0714285714010205,1.026200873362467,4.3601068393760156e-14,0.9921758440732654,0
702,458.2916666666667,0.6527777777777715,0.6555555555555088,0.6361111111110915,1.026200873362467,0.022907071770411083,1.01558510720718,38.888888888888886,0.9999999999742858,1.0305676855894779,1.5281164030303294e-19,0.99946092993797,0
703,458.9472222222222,0.6555555555555088,0.6388888888889142,0.6374999999999886,1.028322440087091,0.02321280797271985,1.0291399228078337,38.888888888888886,0.9999999999742858,1.0021786492375302,1.4981713016331734e-19,0.9990271343154888,0
704,459.5861111111111,0.6388888888889142,0.6444444444444457,0.6388888888888857,1.0000000000000444,0.02206561976192207,0.9782793294623854,36.111111111111114,0.9285714285475513,1.00869565217392,5.186061195424345e-20,0.9965828780089758,0
705,460.23055555555555,0.6444444444444457,0.6416666666666515,0.6416666666666799,1.0043290043289856,0.022499129472412487,0.997498983995989,38.888888888888886,0.9999999999742858,0.9999999999999557,1.0353409368194239e-19,0.9978980830449513,0
706,460.8722222222222,0.6416666666666515,0.6555555555555657,0.6402777777777828,1.0021691973969316,0.02341164923405941,1.0379555508260596,38.888888888888886,0.9999999999742858,1.0238611713666022,5.643373037706144e-19,0.9990949623263505,0
707,461.52777777777777,0.6555555555555657,0.6555555555555657,0.6430555555555486,1.0194384449244327,0.023233004341247244,1.0300353288772635,38.888888888888886,0.9999999999742858,1.0194384449244327,2.407937755790466e-19,0.9983475942583462,0
708,462.18333333333334,0.6555555555555657,0.6499999999999773,0.6430555555555486,1.0194384449244327,0.02290873494608124,1.015658844106344,38.888888888888886,0.9999999999742858,1.01079913606909,2.0194273071926186e-19,0.9968444272864004,0
709,462.8333333333333,0.6499999999999773,0.6388888888889142,0.6472222222222115,1.0042918454935437,0.022654925761285662,1.004406213009089,38.888888888888886,0.9999999999742858,0.9871244635193687,7.55699476801831e-20,0.9978030007953327,0
710,463.47222222222223,0.6388888888889142,0.6416666666666515,0.6472222222222115,0.9871244635193687,0.024044779117411572,1.0660253664229544,38.888888888888886,0.9999999999742858,0.9914163090128686,1.2856604597091458e-18,0.9980595780964211,0
711,464.1138888888889,0.6416666666666515,0.6388888888889142,0.6472222222222115,0.9914163090128686,0.022434324741277743,0.9946258660140553,38.888888888888886,0.9999999999742858,0.9871244635193687,5.3120227081402716e-20,0.9989324865665183,0
712,464.7527777777778,0.6388888888889142,0.6499999999999773,0.6430555555555486,0.9935205183585814,0.027149772421601184,1.2036852554440467,41.666666666666664,1.0714285714010205,1.01079913606909,8.550228396391607e-15,0.9914915231451686,0
713,465.40277777777777,0.6499999999999773,0.6583333333333599,0.6430555555555486,1.01079913606909,0.022991401053784624,1.0193238462810343,36.111111111111114,0.9285714285475513,1.023758099352104,1.5541714291030134e-19,0.9968674270815472,0
714,466.06111111111113,0.6583333333333599,0.6388888888888573,0.6472222222222115,1.0171673819743068,0.02373959017664859,1.0524948136648506,38.888888888888886,0.9999999999742858,0.9871244635192808,2.0823231482908245e-19,0.9989319220985562,0
715,466.7,0.6388888888888573,0.6444444444444457,0.6458333333333144,0.9892473118279371,0.023176312827333508,1.027521910409252,38.888888888888886,0.9999999999742858,0.9978494623656227,2.5474448680248313e-19,0.9989889944458608,0
716,467.34444444444443,0.6444444444444457,0.6277777777777942,0.6472222222222115,0.9957081545064562,0.02283373417290286,1.012333684564679,36.111111111111114,0.9285714285475513,0.9699570815451058,5.183193205144259e-20,0.9971890065201381,0
717,467.97222222222223,0.6277777777777942,0.6527777777777715,0.6430555555555486,0.9762419006479842,0.02299915480729362,1.0196676089700247,38.888888888888886,0.9999999999742858,1.0151187904967613,4.150429905285218e-19,0.9993532826800087,0
718,468.625,0.6527777777777715,0.6555555555555657,0.6430555555555486,1.0151187904967613,0.023062415863013847,1.0224722880970465,38.888888888888886,0.9999999999742858,1.0194384449244327,1.5834470311918843e-19,0.9991363535191669,0
719,469.28055555555557,0.6555555555555657,0.6472222222222399,0.6430555555555486,1.0194384449244327,0.021565430666691317,0.9561034441726756,36.111111111111114,0.9285714285475513,1.006479481641507,1.1530995482010806e-20,0.9958633329277276,0
720,469.9277777777778,0.6472222222222399,0.6333333333333258,0.6458333333333428,1.0021505376344213,0.021940357247309045,0.9727258154380992,38.888888888888886,0.9999999999742858,0.9806451612902964,1.4652530352335148e-20,0.9992855874221678,0
721,470.56111111111113,0.6333333333333258,0.6416666666666515,0.6458333333333428,0.9806451612902964,0.027391798058618213,1.2144154629092505,41.666666666666664,1.0714285714010205,0.9935483870967361,1.379275671133844e-14,0.9916558698141831,0
722,471.2027777777778,0.6416666666666515,0.6527777777777715,0.6458333333333428,0.9935483870967361,0.022082021437645257,0.9790064978130442,36.111111111111114,0.9285714285475513,1.0107526881720184,1.9260094385317437e-20,0.9988610945489648,0
723,471.85555555555555,0.6527777777777715,0.6472222222222399,0.6458333333333428,1.0107526881720184,0.020813800698494436,0.9227799268989678,33.333333333333336,0.8571428571208165,1.0021505376344213,2.2979923580484485e-21,0.9943451536080936,0
724,472.5027777777778,0.6472222222222399,0.658333333333303,0.6458333333333428,1.0021505376344213,0.029364158041689684,1.3018600496698414,41.666666666666664,1.0714285714010205,1.0193548387096156,1.280165345474496e-13,0.9938088858292966,0
725,473.1611111111111,0.658333333333303,0.6500000000000341,0.6472222222222399,1.0171673819741742,0.022157314575101995,0.9823446193260145,36.111111111111114,0.9285714285475513,1.0042918454935874,1.4889577374555544e-20,0.9972396823899001,0
726,473.81111111111113,0.6500000000000341,0.6444444444444457,0.648611111111137,1.002141327623139,0.02242018010293367,0.9939987634235083,36.111111111111114,0.9285714285475513,0.9935760171305833,3.4751883479618594e-20,0.9966086869636208,0
727,474.4555555555556,0.6444444444444457,0.6305555555555316,0.648611111111137,0.9935760171305833,0.021363715277422726,0.9471603916826452,38.888888888888886,0.9999999999742858,0.9721627408992818,5.528834016832523e-21,0.9991599278229254,0
728,475.0861111111111,0.6305555555555316,0.6555555555555657,0.6472222222222399,0.9742489270385629,0.0220773571639341,0.9787997072217165,36.111111111111114,0.9285714285475513,1.0128755364806747,5.2190850889108176e-20,0.9975221825180935,0
729,475.7416666666667,0.6555555555555657,0.658333333333303,0.6472222222222399,1.0128755364806747,0.023461043555613587,1.040145448245241,38.888888888888886,0.9999999999742858,1.0171673819741742,2.2506436754467966e-19,0.9992902093732576,0
730,476.4,0.658333333333303,0.6500000000000341,0.648611111111137,1.014989293361797,0.02192720749498292,0.9721428211226439,36.111111111111114,0.9285714285475513,1.002141327623139,1.3731894486434967e-20,0.996183639859417,0
731,477.05,0.6500000000000341,0.6222222222222058,0.6500000000000341,1.0,0.02296401808190048,1.0181098221266012,38.888888888888886,0.9999999999742858,0.9572649572648818,4.6686593991549995e-20,0.99913143891461,0
732,477.6722222222222,0.6222222222222058,0.6388888888889142,0.6500000000000341,0.9572649572648818,0.027708823121393923,1.2284707701782622,38.888888888888886,0.9999999999742858,0.9829059829059702,8.588016230234516e-15,0.9925958503759336,0
733,478.31111111111113,0.6388888888889142,0.6416666666666515,0.648611111111137,0.9850107066381153,0.022255549996151716,0.9866998870624692,36.111111111111114,0.9285714285475513,0.9892933618843054,4.1683889657360246e-20,0.9965954295238391,0
734,478.9527777777778,0.6416666666666515,0.6388888888888573,0.6472222222222399,0.9914163090128251,0.022543403786037572,0.9994618858456936,36.111111111111114,0.9285714285475513,0.9871244635192375,2.4067702032805446e-20,0.9991889455702094,0
735,479.59166666666664,0.6388888888888573,0.6500000000000341,0.6430555555555486,0.993520518358493,0.022570988427852125,1.000684851037198,36.111111111111114,0.9285714285475513,1.0107991360691784,9.72338273099925e-20,0.9970728171979697,0
736,480.2416666666667,0.6500000000000341,0.6527777777777715,0.6430555555555486,1.0107991360691784,0.02301760129623588,1.020485434121916,38.888888888888886,0.9999999999742858,1.0151187904967613,1.4269062021935209e-19,0.9993902794640519,0
737,480.89444444444445,0.6527777777777715,0.6305555555555316,0.6458333333333428,1.0107526881720184,0.021464412877760613,0.9516248201464681,36.111111111111114,0.9285714285475513,0.9763440860214538,4.833163812565489e-21,0.9967051966605032,0
738,481.525,0.6305555555555316,0.6388888888889142,0.6458333333333428,0.9763440860214538,0.027511923050495598,1.2197412048450504,38.888888888888886,0.9999999999742858,0.9892473118279816,6.386041004948504e-15,0.9914289053855511,0
739,482.1638888888889,0.6388888888889142,0.6527777777777715,0.6402777777777828,0.9978308026030684,0.02201718979579935,0.9761321867446369,36.111111111111114,0.9285714285475513,1.0195227765726502,3.469903116212043e-20,0.9980033234218628,0
740,482.81666666666666,0.6527777777777715,0.6750000000000114,0.6402777777777828,1.0195227765726502,0.022245323544816703,0.9862464973066981,36.111111111111114,0.9285714285475513,1.0542299349240876,7.243605114490378e-20,0.9969822335214864,0
741,483.4916666666667,0.6750000000000114,0.6472222222222399,0.6402777777777828,1.0542299349240876,0.023414851369730285,1.0380975175222482,38.888888888888886,0.9999999999742858,1.0108459869848352,9.55293699590387e-20,0.9989071014613762,0
742,484.1388888888889,0.6472222222222399,0.6499999999999773,0.6444444444444457,1.0043103448276116,0.022366427167506628,0.9916156268430011,38.888888888888886,0.9999999999742858,1.008620689655135,5.147018270511842e-20,0.9991896785965844,0
743,484.7888888888889,0.6499999999999773,0.6388888888889142,0.6486111111111086,1.0021413276230953,0.02284686740124683,1.0129159462893276,36.111111111111114,0.9285714285475513,0.9850107066381584,9.261885096323991e-20,0.9954273092558462,0
744,485.4277777777778,0.6388888888889142,0.6499999999999773,0.6486111111111086,0.9850107066381584,0.022243143836143627,0.9861498599150396,38.888888888888886,0.9999999999742858,1.0021413276230953,9.538953766142603e-20,0.997414332101108,0
745,486.0777777777778,0.6499999999999773,0.6444444444444457,0.6499999999999773,1.0,0.023941046865145477,1.061426396655261,38.888888888888886,0.9999999999742858,0.9914529914530281,4.655039547251887e-19,0.9987805503428873,0
746,486.72222222222223,0.6444444444444457,0.6555555555555657,0.6486111111111086,0.9935760171306268,0.022548047925892385,0.9996677838024297,36.111111111111114,0.9285714285475513,1.0107066381156513,4.4269475306442015e-20,0.9981478958400989,0
747,487.3777777777778,0.6555555555555657,0.6611111111110972,0.6486111111111086,1.0107066381156513,0.02235035716111588,0.9909031630533581,38.888888888888886,0.9999999999742858,1.0192719486081196,3.477854066732782e-20,0.9993926838449074,0
748,488.0388888888889,0.6611111111110972,0.6333333333333258,0.6499999999999773,1.0170940170940312,0.022383301666610348,0.9923637578198924,38.888888888888886,0.9999999999742858,0.9743589743589968,1.3275333601364744e-20,0.999244215011204,0
749,488.6722222222222,0.6333333333333258,0.6388888888889142,0.6499999999999773,0.9743589743589968,0.02281333556651743,1.0114293122791047,36.111111111111114,0.9285714285475513,0.9829059829060561,9.970764017880304e-20,0.9971325238879085,0
750,489.31111111111113,0.6388888888889142,0.6416666666666515,0.6486111111111086,0.9850107066381584,0.022712758874308694,1.0069702442776114,36.111111111111114,0.9285714285475513,0.9892933618843488,6.983162128749229e-20,0.9973078835979472,0
751,489.9527777777778,0.6416666666666515,0.658333333333303,0.6458333333333428,0.9935483870967361,0.02268693370097231,1.0058252851272518,38.888888888888886,0.9999999999742858,1.0193548387096156,1.3176555473087555e-19,0.9992770845435277,0
752,490.6111111111111,0.658333333333303,0.6416666666667084,0.6472222222222115,1.0171673819742189,0.0217516698398251,0.9643603585661409,36.111111111111114,0.9285714285475513,0.9914163090129564,3.1611048401495987e-21,0.9991811972192226,0
753,491.2527777777778,0.6416666666667084,0.6499999999999773,0.643055555555577,0.9978401727862086,0.022710973183418786,1.00689107566575,38.888888888888886,0.9999999999742858,1.0107991360690454,1.34333640340123e-19,0.9990451230431849,0
754,491.90277777777777,0.6499999999999773,0.6416666666666515,0.6472222222222115,1.0042918454935437,0.02129463598904956,0.9440977611905682,36.111111111111114,0.9285714285475513,0.9914163090128686,6.363406344419893e-21,0.9960804525486537,0
755,492.5444444444444,0.6416666666666515,0.6416666666667084,0.643055555555577,0.9978401727861202,0.022944073166559557,1.0172255642350747,38.888888888888886,0.9999999999742858,0.9978401727862086,2.509634959212915e-19,0.9976753496214942,0
756,493.18611111111113,0.6416666666667084,0.6361111111110631,0.6416666666667084,1.0,0.02273555350098893,1.0079808441313516,38.888888888888886,0.9999999999742858,0.9913419913418521,1.0178246118667892e-19,0.9990259941275865,0
757,493.8222222222222,0.6361111111110631,0.6611111111111541,0.6416666666666799,0.991341991341896,0.028165309690763057,1.2487091038307643,38.888888888888886,0.9999999999742858,1.030303030303076,1.223880870103054e-14,0.9936195134779306,0
758,494.48333333333335,0.6611111111111541,0.6638888888888914,0.6416666666666799,1.030303030303076,0.023099661166544425,1.0241235587595816,36.111111111111114,0.9285714285475513,1.0346320346320173,1.447603036601422e-19,0.9966653507163632,0
759,495.14722222222224,0.6638888888888914,0.6472222222221831,0.6416666666667084,1.0346320346319713,0.02262497927490342,1.0030785354304002,38.888888888888886,0.9999999999742858,1.008658008657882,3.267727249807012e-20,0.9995477187716552,0
760,495.7944444444444,0.6472222222221831,0.6444444444444457,0.6444444444444457,1.0043103448275235,0.022950953021670287,1.0175305826355159,38.888888888888886,0.9999999999742858,1.0,1.3250195227120088e-19,0.9988091575724554,0
761,496.43888888888887,0.6444444444444457,0.6416666666667084,0.6458333333333144,0.9978494623656227,0.021496097123019323,0.9530295412710341,36.111111111111114,0.9285714285475513,0.9935483870968679,9.32299274095892e-21,0.9968851406310038,0
762,497.0805555555556,0.6416666666667084,0.6555555555555088,0.643055555555577,0.9978401727862086,0.02227378213655378,0.98750820907108,38.888888888888886,0.9999999999742858,1.0194384449242992,6.335192780845229e-20,0.999573482849063,0
763,497.7361111111111,0.6555555555555088,0.6527777777778283,0.6458333333333144,1.0150537634408177,0.028744528002475612,1.2743887497101118,41.666666666666664,1.0714285714010205,1.010752688172151,5.089233477998875e-14,0.991848407065492,0
764,498.3888888888889,0.6527777777778283,0.6499999999999773,0.6458333333333144,1.010752688172151,0.021915686679767205,0.9716320457396864,38.888888888888886,0.9999999999742858,1.0064516129032202,2.2449147065347853e-20,0.9984483831195505,0
765,499.0388888888889,0.6499999999999773,0.6305555555555316,0.6486111111110802,1.002141327623139,0.02352571721021088,1.0430127549484274,38.888888888888886,0.9999999999742858,0.9721627408993669,1.7805889865816474e-19,0.9987287562918286,0
766,499.6694444444444,0.6305555555555316,0.625,0.6486111111110802,0.9721627408993669,0.030328960622386603,1.3446345754656917,41.666666666666664,1.0714285714010205,0.9635974304068983,3.293313538543785e-12,0.9898713582101479,0
767,500.2944444444444,0.625,0.6333333333333826,0.6486111111110802,0.9635974304068983,0.023883587415922294,1.0588789317726144,38.888888888888886,0.9999999999742858,0.9764453961457328,1.3768626023146753e-18,0.998177624545254,0
768,500.9277777777778,0.6333333333333826,0.6416666666666515,0.6458333333333144,0.9806451612904277,0.023732272355957974,1.0521703780588907,38.888888888888886,0.9999999999742858,0.9935483870967798,9.238952935557637e-19,0.9984903852762642,0
769,501.56944444444446,0.6416666666666515,0.6472222222221831,0.643055555555577,0.9978401727861202,0.023210669791311814,1.0290451265276164,38.888888888888886,0.9999999999742858,1.0064794816413742,4.893163132114824e-19,0.9974744834974894,0
770,502.21666666666664,0.6472222222221831,0.63611111111112,0.643055555555577,1.0064794816413742,0.025121031635667878,1.113741025591019,41.666666666666664,1.0714285714010205,0.9892008639308663,6.11061281026726e-17,0.9935669620398597,0
771,502.85277777777776,0.63611111111112,0.6416666666667084,0.6416666666666799,0.9913419913419846,0.023301609484831426,1.0330769381584595,38.888888888888886,0.9999999999742858,1.0000000000000442,6.507362670529899e-19,0.9976115767972931,0
772,503.49444444444447,0.6416666666667084,0.6222222222222058,0.6416666666666799,1.0000000000000442,0.02255885518850055,1.0001469238280312,38.888888888888886,0.9999999999742858,0.9696969696969241,6.179992372180113e-20,0.9985922890385327,0
773,504.1166666666667,0.6222222222222058,0.6499999999999773,0.6388888888888857,0.9739130434782399,0.023993135933022568,1.0637357656621111,38.888888888888886,0.9999999999742858,1.0173913043477956,4.000150316535998e-18,0.9987136449270855,0
774,504.76666666666665,0.6499999999999773,0.6611111111111541,0.6388888888888857,1.0173913043477956,0.02905938807143889,1.2883480719708633,41.666666666666664,1.0714285714010205,1.0347826086957246,1.1322227741949673e-13,0.992813388177661,0
775,505.4277777777778,0.6611111111111541,0.6361111111110631,0.6388888888888857,1.0347826086957246,0.022508117835374514,0.9978974830994055,36.111111111111114,0.9285714285475513,0.9956521739129732,1.129589281890605e-20,0.9994338031701815,0
776,506.06388888888887,0.6361111111110631,0.6277777777777942,0.6388888888888857,0.9956521739129732,0.022067986413841088,0.9783842549835078,38.888888888888886,0.9999999999742858,0.9826086956522044,3.495383833370371e-20,0.9994212398706761,0
777,506.69166666666666,0.6277777777777942,0.63611111111112,0.6388888888888857,0.9826086956522044,0.02764561102435211,1.2256682616344194,38.888888888888886,0.9999999999742858,0.9956521739130623,6.61997032915646e-15,0.9929056550418265,0
778,507.3277777777778,0.63611111111112,0.6499999999999773,0.6388888888888857,0.9956521739130623,0.027921651987969268,1.237906538723629,36.111111111111114,0.9285714285475513,1.0173913043477956,4.083972743318398e-15,0.9922085222146354,0
779,507.97777777777776,0.6499999999999773,0.6388888888889142,0.6388888888889142,1.0173913043477503,0.020909603242646544,0.927027333029642,33.333333333333336,0.8571428571208165,1.0,2.872602781353464e-21,0.9948605240232666,0
780,508.6166666666667,0.6388888888889142,0.6472222222222399,0.637500000000017,1.0021786492374856,0.028492414139370474,1.2632112807059428,41.666666666666664,1.0714285714010205,1.01525054466231,8.860599564177243e-14,0.9919143484927417,0
781,509.2638888888889,0.6472222222222399,0.6444444444444457,0.6402777777778113,1.0108459869847903,0.02214522095268089,0.9818084485335989,38.888888888888886,0.9999999999742858,1.0065075921908386,3.30900937848709e-20,0.9995271605199529,0
782,509.90833333333336,0.6444444444444457,0.6388888888888573,0.6416666666666799,1.0043290043289856,0.027965558214638798,1.2398531214368693,38.888888888888886,0.9999999999742858,0.9956709956709259,6.707772070402946e-15,0.9918246611377743,0
783,510.5472222222222,0.6388888888888573,0.6277777777777942,0.6416666666666799,0.9956709956709259,0.028376749253582592,1.2580832775892492,41.666666666666664,1.0714285714010205,0.9783549783549838,5.090738147326378e-14,0.9918270983568396,0
784,511.175,0.6277777777777942,0.6499999999999773,0.6388888888888857,0.9826086956522044,0.022297452857980633,0.9885576505884812,36.111111111111114,0.9285714285475513,1.0173913043477956,6.43309154504544e-20,0.9990863045534686,0
785,511.825,0.6499999999999773,0.6583333333333599,0.6388888888888857,1.0173913043477956,0.022707831905751614,1.006751807109369,38.888888888888886,0.9999999999742858,1.0304347826087423,1.2171501302032362e-19,0.9993956169179528,0
786,512.4833333333333,0.6583333333333599,0.6305555555555884,0.6416666666666799,1.0259740259740462,0.02685394880980331,1.1905699145784268,38.888888888888886,0.9999999999742858,0.9826839826840136,4.395590129503506e-16,0.9917360809324797,0
787,513.1138888888889,0.6305555555555884,0.6333333333333258,0.6416666666666799,0.9826839826840136,0.02757326710299276,1.2224608936274606,38.888888888888886,0.9999999999742858,0.9870129870129548,5.771596528746656e-15,0.99198066405258,0
788,513.7472222222223,0.6333333333333258,0.6416666666666515,0.6416666666666799,0.9870129870129548,0.02225891045969329,0.98684887322536,36.111111111111114,0.9285714285475513,0.9999999999999557,7.340657957267283e-20,0.9966704749278823,0
789,514.3888888888889,0.6416666666666515,0.6472222222222399,0.6402777777777828,1.0021691973969316,0.022156738976760612,0.9823191001715325,36.111111111111114,0.9285714285475513,1.0108459869848352,2.3797653412201024e-20,0.998931204218193,0
790,515.0361111111112,0.6472222222222399,0.6444444444443889,0.6430555555555486,1.006479481641507,0.023176686326596887,1.0275384695004024,38.888888888888886,0.9999999999742858,1.0021598272137473,1.842845442915744e-19,0.9991291837566469,0
791,515.6805555555555,0.6444444444443889,0.6555555555555657,0.6430555555555202,1.0021598272137915,0.027934169939088416,1.2384615221303592,41.666666666666664,1.0714285714010205,1.0194384449244778,1.8520719287091862e-14,0.9925764869651077,0
792,516.3361111111111,0.6555555555555657,0.6666666666666288,0.6430555555555202,1.0194384449244778,0.022281664532055514,0.987857675103269,38.888888888888886,0.9999999999742858,1.0367170626349873,4.7420894499775536e-20,0.9993866458151308,0
793,517.0027777777777,0.6666666666666288,0.6361111111111768,0.6458333333333144,1.0322580645161006,0.023424909889337594,1.038543462024283,36.111111111111114,0.9285714285475513,0.9849462365592704,4.719891282757869e-20,0.9980221725096727,0
794,517.6388888888889,0.6361111111111768,0.6416666666666515,0.6458333333333144,0.9849462365592704,0.022778979086380494,1.0099061176118491,38.888888888888886,0.9999999999742858,0.9935483870967798,1.653025457663753e-19,0.9984994384197917,0
795,518.2805555555556,0.6416666666666515,0.6472222222222399,0.6430555555555202,0.9978401727862084,0.021198141789224256,0.9398196905031992,36.111111111111114,0.9285714285475513,1.0064794816415514,1.1871730886484432e-20,0.9959284225928068,0
796,518.9277777777778,0.6472222222222399,0.6694444444443661,0.6430555555555202,1.0064794816415514,0.028435622257700504,1.2606934124331068,41.666666666666664,1.0714285714010205,1.0410367170625705,6.515550902627676e-14,0.9916944268800085,0
797,519.5972222222222,0.6694444444443661,0.6444444444445026,0.6458333333333144,1.0365591397848555,0.023802714358390167,1.0552934244835495,38.888888888888886,0.9999999999742858,0.9978494623657106,1.8949355910276223e-19,0.9985550482135581,0
798,520.2416666666667,0.6444444444445026,0.6472222222222399,0.6458333333333712,0.9978494623656228,0.02316761143476109,1.0271361341390641,38.888888888888886,0.9999999999742858,1.0021505376343771,2.0822594295342638e-19,0.9989697588285319,0
799,520.8888888888889,0.6472222222222399,0.6333333333333258,0.6472222222222399,1.0,0.021548223699206788,0.955340573208956,38.888888888888886,0.9999999999742858,0.9785407725321504,1.1932388913219998e-20,0.997812989543142,0
800,521.5222222222222,0.6333333333333258,0.6361111111110631,0.6458333333333712,0.9806451612902533,0.02141659462431352,0.949504797712337,36.111111111111114,0.9285714285475513,0.9849462365590077,1.0149821155516759e-20,0.9973647718653127,0
801,522.1583333333333,0.6361111111110631,0.6305555555555884,0.6458333333333712,0.9849462365590077,0.022744029692993495,1.0083566361335743,38.888888888888886,0.9999999999742858,0.9763440860214989,9.481633380866946e-20,0.9990745562477321,0
802,522.7888888888889,0.6305555555555884,0.6472222222222399,0.643055555555577,0.9805615550756123,0.02226985152464146,0.9873339453781743,36.111111111111114,0.9285714285475513,1.0064794816414626,4.6344661437010155e-20,0.9987057671555741,0
803,523.4361111111111,0.6472222222222399,0.6416666666666515,0.643055555555577,1.0064794816414626,0.0226291210325369,1.003262160269593,38.888888888888886,0.9999999999742858,0.9978401727861202,7.488067358537915e-20,0.9988793698698026,0
804,524.0777777777778,0.6416666666666515,0.6194444444444116,0.643055555555577,0.9978401727861202,0.02779746433499125,1.2324006786936972,38.888888888888886,0.9999999999742858,0.9632829373649275,2.310648493627555e-15,0.9933717425035515,0
805,524.6972222222222,0.6194444444444116,0.625,0.643055555555577,0.9632829373649275,0.027872185466865106,1.2357134403371461,41.666666666666664,1.0714285714010205,0.9719222462202699,5.6643403888775173e-14,0.9917226543577851,0
806,525.3222222222222,0.625,0.6166666666666742,0.6388888888888573,0.9782608695652657,0.02694044225323075,1.194404601695854,38.888888888888886,0.9999999999742858,0.9652173913044074,2.1330424134890363e-15,0.991668125045353,0
807,525.9388888888889,0.6166666666666742,0.6361111111111768,0.6347222222221944,0.9715536105033368,0.022771711789820764,1.0095839219934089,38.888888888888886,0.9999999999742858,1.0021881838075872,7.731104008498505e-19,0.9977951458876806,0
808,526.575,0.6361111111111768,0.6361111111110631,0.6347222222221944,1.0021881838075872,0.029579700920257985,1.3114161439464256,41.666666666666664,1.0714285714010205,1.002188183807408,3.7148593663022256e-13,0.9932356802039347,0
809,527.2111111111111,0.6361111111110631,0.6361111111110631,0.6347222222221944,1.002188183807408,0.023342026598431407,1.0348688310315355,38.888888888888886,0.9999999999742858,1.002188183807408,1.2170624749076998e-18,0.996490766528362,0
810,527.8472222222222,0.6361111111110631,0.6083333333333485,0.6361111111110631,1.0,0.027839945985139617,1.23428410280188,41.666666666666664,1.0714285714010205,0.9563318777293537,1.3695081954058757e-14,0.9930209865148908,0
811,528.4555555555555,0.6083333333333485,0.6166666666666742,0.6333333333333258,0.9605263157895091,0.023134420893929288,1.025664631394987,38.888888888888886,0.9999999999742858,0.9736842105263394,7.346068493955204e-19,0.9993819317627097,0
812,529.0722222222222,0.6166666666666742,0.625,0.6305555555555316,0.9779735682819876,0.02204993245492489,0.9775838326516975,38.888888888888886,0.9999999999742858,0.991189427312813,1.3126887154712867e-19,0.9991013883325125,0
813,529.6972222222222,0.625,0.6305555555555884,0.625,1.0,0.022495450671790537,0.9973358843575244,36.111111111111114,0.9285714285475513,1.0088888888889413,2.2684254736772724e-19,0.9971179967515414,0
814,530.3277777777778,0.6305555555555884,0.6305555555555884,0.625,1.0088888888889413,0.023086056918984656,1.0235204143963503,38.888888888888886,0.9999999999742858,1.0088888888889413,5.697993324516669e-19,0.9991394317379898,0
815,530.9583333333334,0.6305555555555884,0.6361111111110631,0.6277777777777942,1.004424778761088,0.027601783023861234,1.2237251470790838,38.888888888888886,0.9999999999742858,1.013274336283083,1.1163516468117203e-14,0.9921133096041672,0
816,531.5944444444444,0.6361111111110631,0.6166666666666742,0.6305555555555884,1.008810572687096,0.020216879629417442,0.8963154292098375,33.333333333333336,0.8571428571208165,0.9779735682818994,2.8516510396075775e-21,0.9928443409120442,0
817,532.2111111111111,0.6166666666666742,0.6111111111110858,0.6305555555555884,0.9779735682818994,0.022320860520801584,0.9895954294016681,36.111111111111114,0.9285714285475513,0.9691629955946232,8.445050703776412e-20,0.9980091676057025,0
818,532.8222222222222,0.6111111111110858,0.6305555555555884,0.6277777777777942,0.9734513274335627,0.02767151740888908,1.2268168212836414,41.666666666666664,1.0714285714010205,1.004424778761088,7.262455746373866e-14,0.992627510663576,0
819,533.4527777777778,0.6305555555555884,0.6416666666666515,0.6277777777777942,1.004424778761088,0.022532532626911336,0.9989799129677396,38.888888888888886,0.9999999999742858,1.0221238938052588,2.559240205065896e-19,0.9993428601568253,0
820,534.0944444444444,0.6416666666666515,0.6194444444444116,0.6277777777777942,1.0221238938052588,0.022281528963657857,0.9878516646778839,36.111111111111114,0.9285714285475513,0.986725663716736,5.1044708139884994e-20,0.9968953719033442,0
821,534.7138888888888,0.6194444444444116,0.625,0.6277777777777942,0.986725663716736,0.028310356199753355,1.2551397413150898,38.888888888888886,0.9999999999742858,0.995575221238912,3.789897134185219e-14,0.9929890017077343,0
822,535.3388888888888,0.625,0.6222222222222626,0.6277777777777942,0.995575221238912,0.02125741306134522,0.9424474825603677,36.111111111111114,0.9285714285475513,0.9911504424779146,2.5936970274049033e-20,0.9963978088711186,0
823,535.9611111111111,0.6222222222222626,0.6222222222222626,0.6277777777777942,0.9911504424779146,0.02099290093524482,0.9307203365228603,36.111111111111114,0.9285714285475513,0.9911504424779146,1.720251169216019e-20,0.9966554221661816,0
824,536.5833333333334,0.6222222222222626,0.625,0.6236111111111313,0.9977728285078276,0.02272266768996906,1.007409551654634,38.888888888888886,0.9999999999742858,1.0022271714921724,3.847961750029371e-19,0.9994429304512453,0
825,537.2083333333334,0.625,0.6444444444443889,0.6236111111111313,1.0022271714921724,0.022453982103662284,0.9954973752442531,36.111111111111114,0.9285714285475513,1.0334075723829508,1.9933438467863781e-19,0.9986646626511252,0
826,537.8527777777778,0.6444444444443889,0.6527777777778283,0.6236111111111313,1.0334075723829508,0.02345730753792119,1.0399798118877577,38.888888888888886,0.9999999999742858,1.04677060133635,1.1265781182787132e-18,0.999044203878553,0
827,538.5055555555556,0.6527777777778283,0.625,0.625,1.0444444444445253,0.02100543261051343,0.9312759283898049,33.333333333333336,0.8571428571208165,1.0,9.320108110131354e-22,0.9988574951762026,0
828,539.1305555555556,0.625,0.6416666666666515,0.625,1.0,0.028568454637065484,1.2665825364376957,41.666666666666664,1.0714285714010205,1.0266666666666424,3.333734113417086e-13,0.9913212057070746,0
829,539.7722222222222,0.6416666666666515,0.6388888888889142,0.625,1.0266666666666424,0.02212566691166433,0.9809415200566127,36.111111111111114,0.9285714285475513,1.0222222222222626,7.325720238627312e-20,0.9969748363312138,0
830,540.4111111111112,0.6388888888889142,0.6666666666666288,0.625,1.0222222222222626,0.022560108816502628,1.000202503429896,36.111111111111114,0.9285714285475513,1.066666666666606,2.6688033791258416e-19,0.9982744867198565,0
831,541.0777777777778,0.6666666666666288,0.6444444444443889,0.6319444444444571,1.054945054944974,0.022772444687957135,1.009616415034853,38.888888888888886,0.9999999999742858,1.0197802197801114,6.713514819988866e-20,0.9989636244606728,0
832,541.7222222222222,0.6444444444443889,0.650000000000091,0.6402777777777828,1.0065075921907947,0.02102291780151433,0.9320511343940976,33.333333333333336,0.8571428571208165,1.015184381778876,2.1106957260291418e-21,0.9975509536814562,0
833,542.3722222222223,0.650000000000091,0.6416666666666515,0.6430555555555202,1.0107991360693116,0.021594163558358498,0.9573773170254196,36.111111111111114,0.9285714285475513,0.9978401727862084,1.0571188090462265e-20,0.9966079805291548,0
834,543.0138888888889,0.6416666666666515,0.6444444444443889,0.6430555555555202,0.9978401727862084,0.022743595502495828,1.008337386296339,38.888888888888886,0.9999999999742858,1.0021598272137915,1.122134090437772e-19,0.9992714567815444,0
835,543.6583333333333,0.6444444444443889,0.6388888888889142,0.6444444444443889,1.0,0.022926966202521538,1.0164671269245067,38.888888888888886,0.9999999999742858,0.9913793103449523,1.1048171935609451e-19,0.9991633876663458,0
836,544.2972222222222,0.6388888888889142,0.6555555555555657,0.6430555555555202,0.9935205183586252,0.023511806637565316,1.0423960296614438,38.888888888888886,0.9999999999742858,1.0194384449244778,1.4491397830831806e-18,0.9968477012357035,0
837,544.9527777777778,0.6555555555555657,0.6499999999999773,0.6430555555555202,1.0194384449244778,0.022287667889808585,0.9881238339902871,36.111111111111114,0.9285714285475513,1.0107991360691346,2.4063570976504082e-20,0.99742390752382,0
838,545.6027777777778,0.6499999999999773,0.6333333333333258,0.6444444444443889,1.0086206896552241,0.022451499760337196,0.9953873205442373,38.888888888888886,0.9999999999742858,0.9827586206897282,3.457271809764417e-20,0.9990529507235169,0
839,546.2361111111111,0.6333333333333258,0.6416666666666515,0.6444444444443889,0.9827586206897282,0.021330275717720313,0.9456778486860671,36.111111111111114,0.9285714285475513,0.9956896551724761,6.006004139176247e-21,0.9990653909694687,0
840,546.8777777777777,0.6416666666666515,0.6416666666666515,0.6444444444443889,0.9956896551724761,0.02243321163142584,0.994576516284871,36.111111111111114,0.9285714285475513,0.9956896551724761,3.169026831270963e-20,0.9984261516172563,0
841,547.5194444444444,0.6416666666666515,0.6555555555555657,0.6430555555555202,0.9978401727862084,0.02374601086417097,1.0527794748686532,38.888888888888886,0.9999999999742858,1.0194384449244778,1.965759984146543e-18,0.996696606125518,0
842,548.175,0.6555555555555657,0.6555555555555657,0.6430555555555202,1.0194384449244778,0.022664133662594843,1.0048144453458958,38.888888888888886,0.9999999999742858,1.0194384449244778,8.518497233587732e-20,0.9986233541766993,0
843,548.8305555555555,0.6555555555555657,0.6472222222222399,0.6430555555555202,1.0194384449244778,0.023509487066155257,1.0422931914548512,38.888888888888886,0.9999999999742858,1.0064794816415514,2.8103363083791375e-19,0.9985513196025175,0
844,549.4777777777778,0.6472222222222399,0.6388888888889142,0.6458333333333144,1.0021505376344655,0.026526108213699582,1.17603510060142,36.111111111111114,0.9285714285475513,0.9892473118280252,1.7031861894192633e-16,0.9919133715926438,0
845,550.1166666666667,0.6388888888889142,0.6416666666666515,0.6444444444444457,0.9913793103448648,0.023574837534440347,1.0451905046952576,38.888888888888886,0.9999999999742858,0.9956896551723883,5.345749834394385e-19,0.9987220753383395,0
846,550.7583333333333,0.6416666666666515,0.6555555555555657,0.6444444444444457,0.9956896551723883,0.022890154489771736,1.0148350795107566,38.888888888888886,0.9999999999742858,1.0172413793103585,1.716050674979641e-19,0.9994567779917605,0
847,551.4138888888889,0.6555555555555657,0.6666666666666288,0.6444444444444457,1.0172413793103585,0.02374284556517553,1.0526391413265994,38.888888888888886,0.9999999999742858,1.0344827586206289,8.528873697384327e-19,0.9978437497590888,0
848,552.0805555555555,0.6666666666666288,0.6666666666667425,0.6444444444444457,1.0344827586206289,0.022341672248166515,0.9905181174073163,36.111111111111114,0.9285714285475513,1.0344827586208052,2.5084562268400272e-20,0.9971651975129694,0
849,552.7472222222223,0.6666666666667425,0.6472222222221262,0.6513888888889028,1.0234541577826106,0.022777466481199587,1.0098390562558535,38.888888888888886,0.9999999999742858,0.9936034115136907,4.8448136498292756e-20,0.9974329308487968,0
850,553.3944444444444,0.6472222222221262,0.6555555555555657,0.6513888888889028,0.9936034115136907,0.02394399856255948,1.0615572601704535,38.888888888888886,0.9999999999742858,1.0063965884861348,3.0825747862577163e-18,0.9944062787526937,0
851,554.05,0.6555555555555657,0.6583333333334167,0.6555555555555657,1.0,0.02217432489836556,0.9830987720675086,36.111111111111114,0.9285714285475513,1.004237288135705,1.5404298588652335e-20,0.997123654978437,0
852,554.7083333333334,0.6583333333334167,0.6694444444443661,0.6555555555555657,1.004237288135705,0.02295092432548782,1.0175293103901655,38.888888888888886,0.9999999999742858,1.0211864406778308,1.4702929885446636e-19,0.9974173292161979,0
853,555.3777777777777,0.6694444444443661,0.6638888888888914,0.6555555555555657,1.0211864406778308,0.022582103593753847,1.0011776419563982,38.888888888888886,0.9999999999742858,1.0127118644067679,2.108339109466611e-20,0.9992648866882066,0
854,556.0416666666666,0.6638888888888914,0.6694444444444798,0.6569444444444912,1.0105708245242448,0.022876987729362405,1.0142513311418728,38.888888888888886,0.9999999999742858,1.0190274841437446,6.02762828828726e-20,0.9986724800874127,0
855,556.7111111111111,0.6694444444444798,0.6416666666666515,0.6611111111111541,1.0126050420167945,0.022999991312135103,1.0197046954151028,38.888888888888886,0.9999999999742858,0.9705882352940317,4.0656356853158926e-20,0.9969842376188569,0
856,557.3527777777778,0.6416666666666515,0.6472222222222399,0.6611111111111541,0.9705882352940317,0.028116174325929083,1.2465306872586805,41.666666666666664,1.0714285714010205,0.9789915966386186,1.8171296173492835e-14,0.992349625274625,0
857,558.0,0.6472222222222399,0.46388888888884594,0.6611111111111541,0.9789915966386186,0.022851081378226293,1.0131027729734778,38.888888888888886,0.9999999999742858,0.701680672268797,4.6911149294051134e-21,0.9975036982021536,0
858,558.4638888888888,0.46388888888884594,0.841666666666697,0.6569444444444912,0.7061310782239859,0.03401456549268431,1.5080358803046394,100.0,2.5714285713624494,1.281183932346678,0.9984720349311829,0.4371471792750458,1
859,559.3055555555555,0.841666666666697,0.6694444444444798,0.6569444444444912,1.281183932346678,0.023740249420688187,1.052524041251656,38.888888888888886,0.9999999999742858,1.0190274841437446,2.063728285640378e-22,0.9966338419817198,0
860,559.975,0.6694444444444798,0.6361111111110631,0.6611111111111541,1.0126050420167945,0.02250906292996685,0.9979393838714683,38.888888888888886,0.9999999999742858,0.9621848739494447,1.3439251879763057e-20,0.9974431653444916,0
861,560.6111111111111,0.6361111111110631,0.6499999999999773,0.6611111111111541,0.9621848739494447,0.022208487601981762,0.9846133756520384,36.111111111111114,0.9285714285475513,0.9831932773108261,3.5391103453840285e-20,0.9961623680008618,0
862,561.2611111111111,0.6499999999999773,0.6333333333333258,0.6569444444444343,0.9894291754756677,0.02234918188042512,0.9908510569798152,38.888888888888886,0.9999999999742858,0.9640591966173394,1.544684184464913e-20,0.9992832492226863,0
863,561.8944444444444,0.6333333333333258,0.6583333333334167,0.6486111111111086,0.9764453961456024,0.022859551765311615,1.0134783076145857,38.888888888888886,0.9999999999742858,1.0149892933620168,2.9239599052709527e-19,0.9985902339606552,0
864,562.5527777777778,0.6583333333334167,0.6527777777777146,0.6486111111111086,1.0149892933620168,0.023591218998712218,1.0459167769711515,38.888888888888886,0.9999999999742858,1.0064239828692856,4.292596920176824e-19,0.9970115507642912,0
865,563.2055555555555,0.6527777777777146,0.6611111111111541,0.6486111111111086,1.0064239828692856,0.0234542028303455,1.0398421646665106,38.888888888888886,0.9999999999742858,1.0192719486082071,2.9341388796963006e-19,0.9989135004290363,0
866,563.8666666666667,0.6611111111111541,0.6388888888889142,0.6513888888888459,1.0149253731344612,0.022766051084949758,1.0093329546231178,38.888888888888886,0.9999999999742858,0.9808102345416813,4.76477390892454e-20,0.9975984022297433,0
867,564.5055555555556,0.6388888888889142,0.6444444444443889,0.6513888888888459,0.9808102345416813,0.02279851741992723,1.0107723496981056,38.888888888888886,0.9999999999742858,0.9893390191897453,1.6670137280568782e-19,0.997643179500235,0
868,565.15,0.6444444444443889,0.6472222222222399,0.6513888888888459,0.9893390191897453,0.021750595738764946,0.9643127382918754,36.111111111111114,0.9285714285475513,0.9936034115139519,1.2542682607602908e-20,0.9969155830326315,0
869,565.7972222222222,0.6472222222222399,0.6694444444444798,0.6486111111111086,0.9978586723769048,0.02284643792514551,1.0128969054648707,36.111111111111114,0.9285714285475513,1.0321199143469537,1.6326644068857601e-19,0.9965300813751412,0
870,566.4666666666667,0.6694444444444798,0.6722222222222172,0.6486111111111086,1.0321199143469537,0.023972005175844826,1.062798933468594,38.888888888888886,0.9999999999742858,1.036402569593144,2.782209169022614e-18,0.9934166310919473,0
871,567.1388888888889,0.6722222222222172,0.6555555555555657,0.6513888888888459,1.0319829424307638,0.024059872852513823,1.066694547221601,38.888888888888886,0.9999999999742858,1.0063965884862225,4.612088193945071e-19,0.9969384934929488,0
872,567.7944444444445,0.6555555555555657,0.6527777777777146,0.6541666666666401,1.002123142250587,0.023934337152873245,1.061128921538161,41.666666666666664,1.0714285714010205,0.9978768577494131,1.68624676297329e-18,0.9969235506573904,0
873,568.4472222222222,0.6527777777777146,0.6472222222222399,0.6541666666666401,0.9978768577494131,0.022986022983379224,1.0190854095107662,38.888888888888886,0.9999999999742858,0.9893842887474132,1.3001251344363133e-19,0.997149449019914,0
874,569.0944444444444,0.6472222222222399,0.6611111111111541,0.6527777777777146,0.9914893617022507,0.023816088985366565,1.0558863886174126,38.888888888888886,0.9999999999742858,1.0127659574469723,6.794702467863975e-19,0.9984307081632395,0
875,569.7555555555556,0.6611111111111541,0.6666666666666288,0.6541666666666401,1.0106157112527605,0.023236533907849452,1.0301918122249398,38.888888888888886,0.9999999999742858,1.0191082802547604,2.835102095918975e-19,0.9964653433040367,0
876,570.4222222222222,0.6666666666666288,0.658333333333303,0.6541666666666401,1.0191082802547604,0.022057806600236013,0.977932932911657,38.888888888888886,0.9999999999742858,1.0063694267515868,1.011044283471526e-20,0.9990124760504707,0
877,571.0805555555555,0.658333333333303,0.6416666666666515,0.6569444444444343,1.0021141649048317,0.022670513269375258,1.0050972852348594,38.888888888888886,0.9999999999742858,0.9767441860465036,2.1866128520752885e-20,0.9992612295698533,0
878,571.7222222222222,0.6416666666666515,0.6388888888889142,0.6569444444444343,0.9767441860465036,0.022135471382517955,0.9813762013062629,36.111111111111114,0.9285714285475513,0.9725158562368399,2.1671151387499052e-20,0.9962464228207465,0
879,572.3611111111111,0.6388888888889142,0.6527777777778283,0.6569444444444343,0.9725158562368399,0.023330211965823137,1.0343450292534495,38.888888888888886,0.9999999999742858,0.9936575052855044,1.9736343299877416e-18,0.9929434392677128,0
880,573.0138888888889,0.6527777777778283,0.6499999999999773,0.654166666666697,0.9978768577495002,0.02289551598604925,1.0150727814670069,36.111111111111114,0.9285714285475513,0.9936305732483268,8.648881577641403e-20,0.9955438940662155,0
881,573.6638888888889,0.6499999999999773,0.6611111111111541,0.6527777777777715,0.9957446808510386,0.02265232114426972,1.0042907373045606,38.888888888888886,0.9999999999742858,1.0127659574468841,1.497017384678662e-19,0.9968237781586327,0
882,574.325,0.6611111111111541,0.6388888888888005,0.6527777777777715,1.0127659574468841,0.024158626555807503,1.0710727930031576,38.888888888888886,0.9999999999742858,0.9787234042551931,4.082780231357276e-19,0.9978920310542071,0
883,574.9638888888888,0.6388888888888005,0.6472222222222399,0.6513888888889028,0.9808102345414211,0.02217681974402538,0.9832093810585786,38.888888888888886,0.9999999999742858,0.9936034115138652,3.8963047053428987e-20,0.9990895087617996,0
884,575.6111111111111,0.6472222222222399,0.6388888888889142,0.6513888888889028,0.9936034115138652,0.023112581618827264,1.0246963870568144,38.888888888888886,0.9999999999742858,0.9808102345415957,1.285164539082526e-19,0.998306714891106,0
885,576.25,0.6388888888889142,0.6611111111111541,0.6486111111111086,0.9850107066381584,0.02879274552175613,1.276526473596367,41.666666666666664,1.0714285714010205,1.0192719486082071,1.2327538620980627e-13,0.9922470685130851,0
886,576.9111111111112,0.6611111111111541,0.6611111111110404,0.6486111111111086,1.0192719486082071,0.022700565391870993,1.00642964619101,38.888888888888886,0.9999999999742858,1.019271948608032,6.879987503204577e-20,0.9983130809755381,0
887,577.5722222222222,0.6611111111110404,0.6611111111111541,0.6486111111111086,1.019271948608032,0.02311234841444158,1.0246860479395579,38.888888888888886,0.9999999999742858,1.0192719486082071,1.0135974604427018e-19,0.999171321608834,0
888,578.2333333333333,0.6611111111111541,0.6361111111110631,0.6513888888889028,1.0149253731343726,0.02305955066386242,1.0223452594826286,38.888888888888886,0.9999999999742858,0.9765458422173895,4.532448601661658e-20,0.9989577151777024,0
889,578.8694444444444,0.6361111111110631,0.6444444444445026,0.6513888888889028,0.9765458422173895,0.02272874167201032,1.0076788416697162,38.888888888888886,0.9999999999742858,0.9893390191898336,1.5565210097835761e-19,0.9978991206663084,0
890,579.5138888888889,0.6444444444445026,0.6555555555555657,0.6486111111111086,0.9935760171307144,0.02333779193290098,1.0346810871204057,38.888888888888886,0.9999999999742858,1.0107066381156513,2.797660799467528e-19,0.9992236052633285,0
891,580.1694444444445,0.6555555555555657,0.6611111111110404,0.6513888888889028,1.0063965884861348,0.022063877848602267,0.9782021017292484,36.111111111111114,0.9285714285475513,1.014925373134198,2.80993803383889e-20,0.9956397844617233,0
892,580.8305555555555,0.6611111111110404,0.6694444444444798,0.6513888888889028,1.014925373134198,0.022355949362393837,0.9911510933166114,36.111111111111114,0.9285714285475513,1.0277185501066421,4.7638468850271124e-20,0.9954041031258867,0
893,581.5,0.6694444444444798,0.6527777777778283,0.658333333333303,1.0168776371309023,0.022405803862131028,0.9933613927371491,38.888888888888886,0.9999999999742858,0.9915611814347216,1.3198279788600869e-20,0.9985232994671454,0
894,582.1527777777778,0.6527777777778283,0.6527777777777146,0.658333333333303,0.9915611814347216,0.022515857407209676,0.9982406170438368,36.111111111111114,0.9285714285475513,0.9915611814345489,2.737797867784036e-20,0.9966955181942934,0
895,582.8055555555555,0.6527777777777146,0.6527777777778283,0.658333333333303,0.9915611814345489,0.022876461691063974,1.0142280092320686,38.888888888888886,0.9999999999742858,0.9915611814347216,5.727388221559507e-20,0.9988790187811595,0
896,583.4583333333334,0.6527777777778283,0.6722222222222172,0.654166666666697,0.9978768577495002,0.02258617553509844,1.0013581714901787,38.888888888888886,0.9999999999742858,1.027600849256845,6.788739788117175e-20,0.9991011247982204,0
897,584.1305555555556,0.6722222222222172,0.6749999999999545,0.654166666666697,1.027600849256845,0.022597883196652794,1.0018772307062145,38.888888888888886,0.9999999999742858,1.0318471337578445,2.6830829398792077e-20,0.9993238232280606,0
898,584.8055555555555,0.6749999999999545,0.658333333333303,0.654166666666697,1.0318471337578445,0.022792356097235275,1.0104991874349687,38.888888888888886,0.9999999999742858,1.0063694267514993,2.029473415732075e-20,0.9993513254697803,0
899,585.4638888888888,0.658333333333303,0.6333333333333258,0.6569444444444343,1.0021141649048317,0.022479925292592864,0.9966475666163949,38.888888888888886,0.9999999999742858,0.9640591966173394,1.444678533083392e-20,0.9989578857160029,0
900,586.0972222222222,0.6333333333333258,0.6444444444445026,0.6569444444444343,0.9640591966173394,0.027434845726836195,1.216323981430533,38.888888888888886,0.9999999999742858,0.9809725158563404,3.504378167181908e-15,0.9916441910934266,0
901,586.7416666666667,0.6444444444445026,0.6555555555555657,0.6555555555555657,0.9830508474577005,0.022852801797376542,1.0131790477625324,36.111111111111114,0.9285714285475513,1.0,5.068400246284932e-20,0.9982692008959466,0
902,587.3972222222222,0.6555555555555657,0.6694444444444798,0.654166666666697,1.0021231422504997,0.027985565201384795,1.2407401312643573,38.888888888888886,0.9999999999742858,1.0233545647558453,5.028624967194336e-15,0.991630087127092,0
903,588.0666666666667,0.6694444444444798,0.6611111111110404,0.654166666666697,1.0233545647558453,0.021842881956492585,0.9684042480781996,36.111111111111114,0.9285714285475513,1.010615711252499,6.66675787040881e-21,0.996413066011903,0
904,588.7277777777778,0.6611111111110404,0.6472222222222399,0.6569444444444343,1.0063424947144954,0.02762911773838519,1.2249370317432837,41.666666666666664,1.0714285714010205,0.985200845666004,2.150264075614374e-15,0.9931703248594507,0
905,589.375,0.6472222222222399,0.6555555555555657,0.6569444444444343,0.985200845666004,0.021419608460837732,0.9496384161651983,36.111111111111114,0.9285714285475513,0.9978858350951681,2.8990117744892483e-21,0.9990723987522548,0
906,590.0305555555556,0.6555555555555657,0.6472222222222399,0.6569444444444343,0.9978858350951681,0.021910383157165397,0.9713969140465518,36.111111111111114,0.9285714285475513,0.985200845666004,1.3354825335113663e-20,0.9952675422394699,0
907,590.6777777777778,0.6472222222222399,0.6694444444443661,0.6555555555555657,0.9872881355932321,0.022154095155598803,0.9822018863510598,36.111111111111114,0.9285714285475513,1.0211864406778308,2.1637035033992642e-20,0.9980776763668917,0
908,591.3472222222222,0.6694444444443661,0.6722222222222172,0.6555555555555657,1.0211864406778308,0.023084677890313626,1.0234592751553881,38.888888888888886,0.9999999999742858,1.0254237288135357,6.535744012828417e-20,0.9990643525172311,0
909,592.0194444444444,0.6722222222222172,0.6583333333334167,0.6555555555555657,1.0254237288135357,0.022167269430925736,0.9827859678938418,38.888888888888886,0.9999999999742858,1.004237288135705,1.1007570292230169e-20,0.9983257793409057,0
910,592.6777777777778,0.6583333333334167,0.6388888888889142,0.6569444444444912,1.0021141649049181,0.02793558291492826,1.2385241664191695,41.666666666666664,1.0714285714010205,0.9725158562367557,2.8062709762303323e-15,0.9940360894858018,0
911,593.3166666666667,0.6388888888889142,0.6472222222221262,0.6569444444444912,0.9725158562367557,0.022405101518711317,0.9933302543391752,38.888888888888886,0.9999999999742858,0.9852008456657457,3.5463132790617754e-20,0.9997064977324558,0
912,593.9638888888888,0.6472222222221262,0.6611111111111541,0.6569444444444912,0.9852008456657457,0.021712083128387055,0.9626052815758239,36.111111111111114,0.9285714285475513,1.0063424947145816,7.996951133202525e-21,0.9979788670539345,0
913,594.625,0.6611111111111541,0.6611111111111541,0.6569444444444912,1.0063424947145816,0.020952675989565635,0.9289369634152261,36.111111111111114,0.9285714285475513,1.0063424947145816,4.762772277245004e-21,0.9938829090112633,0
914,595.2861111111112,0.6611111111111541,0.6611111111110404,0.6569444444444912,1.0063424947145816,0.02249679754480262,0.9973955979772344,38.888888888888886,0.9999999999742858,1.0063424947144084,2.4213479691070846e-20,0.9992199052195032,0
915,595.9472222222222,0.6611111111110404,0.6444444444445026,0.6597222222222285,1.0021052631577778,0.022440166529070795,0.99488486169633,38.888888888888886,0.9999999999742858,0.9768421052632367,1.3710224616208065e-20,0.9989618900296615,0
916,596.5916666666667,0.6444444444445026,0.6527777777777146,0.6597222222222285,0.9768421052632367,0.02198185139461382,0.9745654586042513,36.111111111111114,0.9285714285475513,0.9894736842104211,1.644979187502114e-20,0.9965391136823403,0
917,597.2444444444444,0.6527777777777146,0.6388888888889142,0.6597222222222285,0.9894736842104211,0.02148098975269498,0.9523597559547685,36.111111111111114,0.9285714285475513,0.9684210526316079,3.711402292676664e-21,0.9963403161493853,0
918,597.8833333333333,0.6388888888889142,0.6611111111111541,0.6555555555555657,0.9745762711864642,0.022555540242037955,0.9999999556649966,36.111111111111114,0.9285714285475513,1.0084745762712364,6.463816134922957e-20,0.997337686513786,0
919,598.5444444444445,0.6611111111111541,0.6611111111110404,0.6555555555555657,1.0084745762712364,0.024473173170654137,1.0850182182745494,38.888888888888886,0.9999999999742858,1.008474576271063,1.1755923952828131e-18,0.9976603926347498,0
920,599.2055555555555,0.6611111111110404,0.6555555555555657,0.6569444444443775,1.0063424947145827,0.023215642886030338,1.0292656086993877,38.888888888888886,0.9999999999742858,0.9978858350952545,8.624567637511172e-20,0.9985553680962147,0
921,599.8611111111111,0.6555555555555657,0.6333333333333258,0.658333333333303,0.9957805907173608,0.02281615464767344,1.0115542962520345,38.888888888888886,0.9999999999742858,0.962025316455729,4.142914064691379e-20,0.9977269397219817,0
922,600.4944444444444,0.6333333333333258,0.6416666666666515,0.658333333333303,0.962025316455729,0.024464894157141873,1.0846511681814737,41.666666666666664,1.0714285714010205,0.9746835443038193,1.2883367819015458e-17,0.9956225484230421,0
923,601.1361111111111,0.6416666666666515,0.6527777777778283,0.6541666666666401,0.9808917197452396,0.02269660032509998,1.0062538549418236,38.888888888888886,0.9999999999742858,0.9978768577495869,1.4871760033408123e-19,0.9973790075103428,0
924,601.7888888888889,0.6527777777778283,0.6499999999999773,0.6527777777777715,1.000000000000087,0.022752695562687126,1.0087408374968065,38.888888888888886,0.9999999999742858,0.9957446808510386,8.93241711963956e-20,0.997524524515865,0
925,602.4388888888889,0.6499999999999773,0.6555555555555657,0.6513888888888459,0.997867803837984,0.022547355320917752,0.9996370771584525,36.111111111111114,0.9285714285475513,1.0063965884862225,3.058174612548627e-20,0.99806078719779,0
926,603.0944444444444,0.6555555555555657,0.658333333333303,0.6527777777777715,1.0042553191489614,0.024025767343750257,1.0651824793710631,38.888888888888886,0.9999999999742858,1.0085106382978357,6.395780141799558e-19,0.9982155727326862,0
927,603.7527777777777,0.658333333333303,0.650000000000091,0.654166666666697,1.0063694267514993,0.023302119259299404,1.0330995390112836,38.888888888888886,0.9999999999742858,0.9936305732485006,9.361878307684581e-20,0.9990599271257605,0
928,604.4027777777778,0.650000000000091,0.6444444444443889,0.654166666666697,0.9936305732485006,0.02767492403406823,1.2269678540228959,38.888888888888886,0.9999999999742858,0.9851380042461538,2.5803514073298494e-15,0.9910889830203106,0
929,605.0472222222222,0.6444444444443889,0.6499999999999773,0.6513888888889596,0.9893390191895727,0.022394442019163945,0.9928576653893918,38.888888888888886,0.9999999999742858,0.9978678038378098,4.6652585882381555e-20,0.9990513357582093,0
930,605.6972222222222,0.6499999999999773,0.6722222222222172,0.6500000000000341,0.9999999999999125,0.022408921465437708,0.9934996116906748,38.888888888888886,0.9999999999742858,1.0341880341879721,6.487158784068291e-20,0.9993532903486277,0
931,606.3694444444444,0.6722222222222172,0.6444444444445026,0.6500000000000341,1.0341880341879721,0.02196856272898946,0.9739763055672319,36.111111111111114,0.9285714285475513,0.9914529914530288,3.7019708988857824e-21,0.9977148846777717,0
932,607.0138888888889,0.6444444444445026,0.6416666666666515,0.6500000000000341,0.9914529914530288,0.02811457247266637,1.2464596690886651,41.666666666666664,1.0714285714010205,0.9871794871794121,1.6645557748460292e-14,0.9927487759441905,0
933,607.6555555555556,0.6416666666666515,0.6416666666666515,0.6500000000000341,0.9871794871794121,0.021442576372658395,0.9506566986162466,36.111111111111114,0.9285714285475513,0.9871794871794121,8.160713507442418e-21,0.9968388718865869,0
934,608.2972222222222,0.6416666666666515,0.6555555555555657,0.6499999999999773,0.9871794871794984,0.02137577631524302,0.9476951178366695,33.333333333333336,0.8571428571208165,1.0085470085470594,2.7002802186846412e-21,0.9979814646406391,0
935,608.9527777777778,0.6555555555555657,0.6416666666666515,0.6500000000000341,1.0085470085469712,0.022095931035171195,0.9796231798680956,36.111111111111114,0.9285714285475513,0.9871794871794121,1.086352777454657e-20,0.9972793721378673,0
936,609.5944444444444,0.6416666666666515,0.6555555555555657,0.6472222222222399,0.9914163090128251,0.022913511656359797,1.0158706195732814,36.111111111111114,0.9285714285475513,1.0128755364806747,6.909339490253139e-20,0.9992025353183949,0
937,610.25,0.6555555555555657,0.6555555555555657,0.6472222222222399,1.0128755364806747,0.02214219954248991,0.9816744943021949,36.111111111111114,0.9285714285475513,1.0128755364806747,2.049288107253128e-20,0.9970667406159952,0
938,610.9055555555556,0.6555555555555657,0.6611111111111541,0.6472222222222399,1.0128755364806747,0.02183639147468246,0.9681164925444051,36.111111111111114,0.9285714285475513,1.0214592274678496,2.5012326136469664e-20,0.9954576029383047,0
939,611.5666666666667,0.6611111111111541,0.6416666666666515,0.6527777777777715,1.0127659574468841,0.02265818354645972,1.004550646926196,38.888888888888886,0.9999999999742858,0.9829787234042416,2.0899059065037496e-20,0.9994876574627202,0
940,612.2083333333334,0.6416666666666515,0.6555555555555657,0.6500000000000341,0.9871794871794121,0.022137610461419266,0.9814710373768478,36.111111111111114,0.9285714285475513,1.0085470085469712,1.883669908072533e-20,0.9988387903542724,0
941,612.8638888888889,0.6555555555555657,0.6638888888888914,0.6500000000000341,1.0085470085469712,0.022395330795075587,0.9928970692725486,36.111111111111114,0.9285714285475513,1.0213675213674716,1.801419074616352e-20,0.9989472466271425,0
942,613.5277777777778,0.6638888888888914,0.6527777777777146,0.6555555555555657,1.0127118644067679,0.028316222923560223,1.255399842535624,38.888888888888886,0.9999999999742858,0.9957627118642951,2.65852598385608e-15,0.9925190418256753,0
943,614.1805555555555,0.6527777777777146,0.6499999999999773,0.6555555555555657,0.9957627118642951,0.022767404276504758,1.0093929483754505,38.888888888888886,0.9999999999742858,0.9915254237287636,4.437210063236114e-20,0.9992490606881756,0
944,614.8305555555555,0.6499999999999773,0.6583333333334167,0.6555555555555657,0.9915254237287636,0.02181873579659553,0.967333727994556,36.111111111111114,0.9285714285475513,1.004237288135705,1.5637035224399506e-20,0.9961324976044766,0
945,615.4888888888889,0.6583333333334167,0.6694444444443661,0.6555555555555657,1.004237288135705,0.0226238954247616,1.0030304829305647,38.888888888888886,0.9999999999742858,1.0211864406778308,4.3659184035439805e-20,0.9993651901785223,0
946,616.1583333333333,0.6694444444443661,0.6527777777778283,0.6555555555555657,1.0211864406778308,0.022129872940473173,0.9811279943585907,38.888888888888886,0.9999999999742858,0.9957627118644685,7.558980809282004e-21,0.9991807088085224,0
947,616.8111111111111,0.6527777777778283,0.658333333333303,0.6555555555555657,0.9957627118644685,0.02286421585183823,1.013685089907086,36.111111111111114,0.9285714285475513,1.0042372881355315,5.94083765498484e-20,0.9969254724607914,0
948,617.4694444444444,0.658333333333303,0.6666666666666288,0.6569444444444343,1.0021141649048317,0.02932447497837841,1.3001007009188872,41.666666666666664,1.0714285714010205,1.014799154333996,5.3079370461667566e-14,0.9939544447050562,0
949,618.1361111111111,0.6666666666666288,0.6583333333334167,0.6569444444444343,1.014799154333996,0.02108115158937784,0.9346329295830766,33.333333333333336,0.8571428571208165,1.002114164905005,1.1365129411374194e-21,0.9950816218175524,0
950,618.7944444444445,0.6583333333334167,0.6472222222222399,0.6583333333333599,1.0000000000000864,0.02215965192161552,0.9824482455918816,36.111111111111114,0.9285714285475513,0.9831223628691855,4.2768036673701e-21,0.9992193802836604,0
951,619.4416666666667,0.6472222222222399,0.658333333333303,0.6583333333333599,0.9831223628691855,0.028288011209863913,1.254149076110045,41.666666666666664,1.0714285714010205,0.9999999999999136,2.2783133073276535e-14,0.9923628018760804,0
952,620.1,0.658333333333303,0.6722222222222172,0.658333333333303,1.0,0.028949766909613713,1.2834880173772334,41.666666666666664,1.0714285714010205,1.0210970464135414,2.724693741300039e-14,0.9940309008489912,0
953,620.7722222222222,0.6722222222222172,0.6499999999999773,0.6583333333333599,1.0210970464134532,0.02846773945758028,1.2621173286023148,41.666666666666664,1.0714285714010205,0.9873417721518244,4.119144939420186e-15,0.9940095732220752,0
954,621.4222222222222,0.6499999999999773,0.6416666666666515,0.6583333333333599,0.9873417721518244,0.022102251260229917,0.97990338706822,36.111111111111114,0.9285714285475513,0.9746835443037352,6.3889455458324674e-21,0.9985177526513267,0
955,622.0638888888889,0.6416666666666515,0.6444444444445026,0.658333333333303,0.9746835443038193,0.02229488300693753,0.9884437162334805,38.888888888888886,0.9999999999742858,0.9789029535866313,2.4599197888113444e-20,0.9994394076217066,0
956,622.7083333333334,0.6444444444445026,0.6555555555555657,0.6555555555555657,0.9830508474577005,0.02160713221723042,0.9579522825619482,36.111111111111114,0.9285714285475513,1.0,7.225552705414975e-21,0.9979031193866095,0
957,623.3638888888889,0.6555555555555657,0.6444444444443889,0.6569444444444343,0.9978858350951681,0.027504767374798192,1.2194239579379325,41.666666666666664,1.0714285714010205,0.9809725158561673,2.3517501321183593e-15,0.9930299760287786,0
958,624.0083333333333,0.6444444444443889,0.6499999999999773,0.6527777777777715,0.9872340425531159,0.022411187081992228,0.9936000578085581,36.111111111111114,0.9285714285475513,0.9957446808510386,1.512999774271151e-20,0.9995843568754958,0
959,624.6583333333333,0.6499999999999773,0.6583333333334167,0.6499999999999773,1.0,0.028491918622109914,1.2631893119464594,41.666666666666664,1.0714285714010205,1.0128205128206764,2.526672684825034e-14,0.9932602231068391,0
960,625.3166666666667,0.6583333333334167,0.6472222222221262,0.6499999999999773,1.0128205128206764,0.021037728851153455,0.932707782331746,36.111111111111114,0.9285714285475513,0.9957264957263828,3.693662338152956e-21,0.9953161011886907,0
961,625.9638888888888,0.6472222222221262,0.6416666666667652,0.6499999999999773,0.9957264957263828,0.023093254286449857,1.0238395097081394,38.888888888888886,0.9999999999742858,0.9871794871796733,1.090567715040012e-19,0.9990790897097497,0
962,626.6055555555556,0.6416666666667652,0.6472222222221262,0.6486111111110517,0.9892933618846108,0.02200618354258692,0.975644224469898,36.111111111111114,0.9285714285475513,0.997858672376817,1.0540142160303817e-20,0.999412605258885,0
963,627.2527777777777,0.6472222222221262,0.6750000000000682,0.6472222222221262,1.0,0.022329534982520348,0.9899800116923647,38.888888888888886,0.9999999999742858,1.0429184549358823,7.524719214492257e-20,0.9995482933658584,0
964,627.9277777777778,0.6750000000000682,0.6499999999999773,0.6472222222221262,1.0429184549358823,0.027615354543848586,1.2243268404652774,41.666666666666664,1.0714285714010205,1.004291845493676,2.4269209180553895e-15,0.9920737682166161,0
965,628.5777777777778,0.6499999999999773,0.6388888888889142,0.6486111111110517,1.002141327623183,0.02337816078211454,1.0364708401917408,38.888888888888886,0.9999999999742858,0.9850107066382447,1.4311147420538258e-19,0.9992508264646502,0
966,629.2166666666667,0.6388888888889142,0.6305555555554747,0.6486111111110517,0.9850107066382447,0.0210628187937552,0.9338201450249091,36.111111111111114,0.9285714285475513,0.972162740899322,6.428010846626775e-21,0.9954605114759009,0
967,629.8472222222222,0.6305555555554747,0.6472222222222399,0.6472222222221262,0.9742489270386462,0.022075546850172715,0.9787194469547621,38.888888888888886,0.9999999999742858,1.0000000000001756,5.881398911859224e-20,0.9991409438875745,0
968,630.4944444444444,0.6472222222222399,0.6333333333333258,0.6472222222221831,1.000000000000088,0.022674642065577327,1.0052803354289455,38.888888888888886,0.9999999999742858,0.9785407725322364,4.7441700030885805e-20,0.9992318087950185,0
969,631.1277777777777,0.6333333333333258,0.650000000000091,0.6472222222221262,0.9785407725323223,0.023482462697384396,1.0410950659707021,38.888888888888886,0.9999999999742858,1.0042918454938516,6.8151059116483615e-19,0.9986539922381754,0
970,631.7777777777778,0.650000000000091,0.6472222222221262,0.6472222222221262,1.0042918454938516,0.022223619114970984,0.9852842313334362,38.888888888888886,0.9999999999742858,1.0,4.978623361724226e-20,0.9975990645122761,0
971,632.425,0.6472222222221262,0.6333333333333258,0.6472222222221262,1.0,0.02147951343973488,0.9522943036145094,36.111111111111114,0.9285714285475513,0.9785407725323223,8.407919341560731e-21,0.9959440722605998,0
972,633.0583333333333,0.6333333333333258,0.6222222222222626,0.6472222222221262,0.9785407725323223,0.022905304851792943,1.0155067708640535,38.888888888888886,0.9999999999742858,0.961373390558145,1.0301839180645532e-19,0.9992084754974373,0
973,633.6805555555555,0.6222222222222626,0.6416666666666515,0.6430555555555202,0.9676025917927726,0.027679754492248864,1.22718201240326,38.888888888888886,0.9999999999742858,0.9978401727862084,1.772464723007617e-14,0.9912332943855334,0
974,634.3222222222222,0.6416666666666515,0.6583333333334167,0.6402777777777828,1.0021691973969316,0.029060369009114725,1.2883915618461588,38.888888888888886,0.9999999999742858,1.0281995661606427,1.171436537182602e-13,0.9905393915416638,0
975,634.9805555555556,0.6583333333334167,0.6416666666666515,0.6402777777777828,1.0281995661606427,0.02357607716210343,1.045245463592044,38.888888888888886,0.9999999999742858,1.0021691973969316,2.640821926954704e-19,0.9985847479433698,0
976,635.6222222222223,0.6416666666666515,0.6333333333333258,0.6416666666666515,1.0,0.021965903753011988,0.9738584198579537,36.111111111111114,0.9285714285475513,0.9870129870129986,2.823907369550806e-20,0.9962662731804003,0
977,636.2555555555556,0.6333333333333258,0.6305555555554747,0.6416666666666515,0.9870129870129986,0.026933513305299903,1.194097406765061,38.888888888888886,0.9999999999742858,0.9826839826838799,2.634297453432818e-15,0.9904954225528393,0
978,636.8861111111111,0.6305555555554747,0.6388888888889142,0.6374999999999886,0.989106753812527,0.02757749576374853,1.2226483713168848,41.666666666666664,1.0714285714010205,1.0021786492375302,2.0349410904171167e-14,0.9924058057883323,0
979,637.525,0.6388888888889142,0.6305555555555884,0.6402777777777828,0.9978308026030684,0.022802581856765345,1.0109525465195652,38.888888888888886,0.9999999999742858,0.9848156182213017,1.290263461324062e-19,0.9988054862835324,0
980,638.1555555555556,0.6305555555555884,0.6555555555555657,0.63611111111112,0.9912663755458894,0.028895954592334527,1.281102248102103,41.666666666666664,1.0714285714010205,1.0305676855895212,1.941211134979387e-13,0.9933682238982154,0
981,638.8111111111111,0.6555555555555657,0.658333333333303,0.63611111111112,1.0305676855895212,0.028666021994927147,1.270908185590367,41.666666666666664,1.0714285714010205,1.0349344978165318,4.1739391619648875e-14,0.9931099149642006,0
982,639.4694444444444,0.658333333333303,0.6361111111111768,0.6402777777777828,1.028199566160465,0.02269494431842252,1.0061804358799757,38.888888888888886,0.9999999999742858,0.9934924078092053,4.8665226172648177e-20,0.9988271150556992,0
983,640.1055555555556,0.6361111111111768,0.47499999999990905,0.6402777777777828,0.9934924078092053,0.02356393672000573,1.0447072170491025,38.888888888888886,0.9999999999742858,0.7418655097612404,3.381309164550773e-20,0.9987387204251262,0
984,640.5805555555555,0.47499999999990905,0.8000000000000682,0.6375000000000455,0.7450980392154904,0.03383364112778042,1.5000145979526698,102.77777777777777,2.642857142789184,1.2549019607843312,0.9985461235046387,0.4494922993517486,1
985,641.3805555555556,0.8000000000000682,0.6638888888888914,0.6375000000000455,1.2549019607843312,0.023329071794610485,1.0342944797587414,38.888888888888886,0.9999999999742858,1.0413943355119122,8.266329285146381e-22,0.9984962076123287,0
986,642.0444444444445,0.6638888888888914,0.6388888888888005,0.6375000000000455,1.0413943355119122,0.02316227228864953,1.0268994230775,38.888888888888886,0.9999999999742858,1.0021786492372626,9.104286510117326e-20,0.9990663471321157,0
987,642.6833333333333,0.6388888888888005,0.6472222222222399,0.6388888888888573,0.9999999999999111,0.02197541378403196,0.9742800471165471,36.111111111111114,0.9285714285475513,1.0130434782609474,1.6932968750328678e-20,0.9996252207125975,0
988,643.3305555555555,0.6472222222222399,0.6388888888889142,0.643055555555577,1.0064794816414626,0.020888508044191737,0.926092077332231,33.333333333333336,0.8571428571208165,0.9935205183585374,2.4523665554532912e-21,0.9950407144620035,0
989,643.9694444444444,0.6388888888889142,0.6305555555555884,0.643055555555577,0.9935205183585374,0.02137569189937358,0.9476913752588022,36.111111111111114,0.9285714285475513,0.9805615550756123,7.604387693473624e-21,0.9972148740824978,0
990,644.6,0.6305555555555884,0.6361111111110631,0.643055555555577,0.9805615550756123,0.022115140121607573,0.9804748147825607,36.111111111111114,0.9285714285475513,0.9892008639307779,2.7080597554104744e-20,0.9986396085319074,0
991,645.2361111111111,0.6361111111110631,0.6472222222222399,0.6388888888888573,0.9956521739130175,0.02104239161922594,0.9329145061705778,36.111111111111114,0.9285714285475513,1.0130434782609474,5.4850968419437814e-21,0.9987754468803112,0
992,645.8833333333333,0.6472222222222399,0.6638888888888914,0.6388888888888573,1.0130434782609474,0.022593758608655597,1.0016943670829062,38.888888888888886,0.9999999999742858,1.039130434782664,1.3109422011560634e-19,0.9994822449926615,0
993,646.5472222222222,0.6638888888888914,0.6388888888889142,0.643055555555577,1.0323974082073128,0.028224329147614687,1.2513257316570845,41.666666666666664,1.0714285714010205,0.9935205183585374,7.925697451853855e-15,0.9932805374243348,0
994,647.1861111111111,0.6388888888889142,0.6472222222222399,0.643055555555577,0.9935205183585374,0.022654281589949796,1.0043776536706561,36.111111111111114,0.9285714285475513,1.0064794816414626,5.85114348848539e-20,0.9987248507645488,0
995,647.8333333333334,0.6472222222222399,0.6416666666666515,0.643055555555577,1.0064794816414626,0.021677375426154662,0.9610665154757356,36.111111111111114,0.9285714285475513,0.9978401727861202,7.38714534613405e-21,0.9984291327976191,0
996,648.475,0.6416666666666515,0.6666666666666288,0.6402777777777828,1.0021691973969316,0.023113857257114765,1.0247529424847606,36.111111111111114,0.9285714285475513,1.041214750542232,6.344506834542576e-19,0.9956138736196395,0
997,649.1416666666667,0.6666666666666288,0.658333333333303,0.6444444444444457,1.0344827586206289,0.028753322683906513,1.2747786619421673,41.666666666666664,1.0714285714010205,1.021551724137882,1.7822277941642595e-14,0.9936713006116642,0
998,649.8,0.658333333333303,0.6583333333334167,0.6444444444444457,1.021551724137882,0.023171556145973632,1.0273110229244944,38.888888888888886,0.9999999999742858,1.0215517241380585,2.277060463790502e-19,0.9978534703859212,0
999,650.4583333333334,0.6583333333334167,0.6444444444443889,0.6472222222222399,1.0171673819743499,0.021431278579239883,0.9501558109054495,36.111111111111114,0.9285714285475513,0.9957081545063247,1.9684808412907585e-21,0.9992129003792577,0
1000,651.1027777777778,0.6444444444443889,0.6527777777778283,0.6472222222222399,0.9957081545063247,0.027875017062707362,1.2358389791487343,41.666666666666664,1.0714285714010205,1.008583690987175,2.1522675202928672e-14,0.9914540938455132,0
1001,651.7555555555556,0.6527777777778283,0.6499999999999773,0.6500000000000341,1.0042735042735293,0.028319078042966805,1.2555264242645192,38.888888888888886,0.9999999999742858,0.9999999999999125,2.6465654551243757e-15,0.9945773461913298,0
1002,652.4055555555556,0.6499999999999773,0.37222222222226264,0.6513888888889028,0.9978678038378969,0.027703100243185667,1.2282170463528463,41.666666666666664,1.0714285714010205,0.5714285714286212,3.6492609293482694e-16,0.9922683906203471,0
1003,652.7777777777778,0.37222222222226264,0.9611111111111086,0.6486111111111086,0.5738758029979232,0.0431813801394858,1.9144466397909523,102.77777777777777,2.642857142789184,1.481798715203428,0.9997715353965759,0.35764724165686845,1
1004,653.7388888888889,0.9611111111111086,0.655555555555452,0.6513888888889028,1.4754797441364251,0.02275012399380403,1.0086268269813636,36.111111111111114,0.9285714285475513,1.0063965884859603,4.505249957260912e-26,0.9989216697933667,0
1005,654.3944444444444,0.655555555555452,0.6527777777778283,0.6541666666666401,1.002123142250413,0.02820105806627025,1.2502940081841374,38.888888888888886,0.9999999999742858,0.9978768577495869,4.385559671221239e-15,0.9919150255858369,0
1006,655.0472222222222,0.6527777777778283,0.6499999999999773,0.6541666666666401,0.9978768577495869,0.022553988727540455,0.9999311692643135,36.111111111111114,0.9285714285475513,0.9936305732484132,2.804166510361772e-20,0.997163033541814,0
1007,655.6972222222222,0.6499999999999773,0.6611111111111541,0.6527777777778283,0.9957446808509519,0.028206988491696238,1.2505569336161786,41.666666666666664,1.0714285714010205,1.012765957446796,2.3410950505649633e-14,0.9919696349314487,0
1008,656.3583333333333,0.6611111111111541,0.6499999999999773,0.6527777777778283,1.012765957446796,0.021518421169517226,0.9540192779507418,36.111111111111114,0.9285714285475513,0.9957446808509519,1.5097760720938599e-21,0.999688277208505,0
1009,657.0083333333333,0.6499999999999773,0.6472222222222399,0.6513888888889028,0.9978678038378969,0.022039313510105265,0.9771130416959107,36.111111111111114,0.9285714285475513,0.9936034115138652,1.5270726691183494e-20,0.9969858073682187,0
1010,657.6555555555556,0.6472222222222399,0.6472222222222399,0.6513888888889028,0.9936034115138652,0.021196887885821927,0.9397640986914634,36.111111111111114,0.9285714285475513,0.9936034115138652,6.841563994399209e-21,0.9956211256630167,0
1011,658.3027777777778,0.6472222222222399,0.6527777777777146,0.6499999999999773,0.9957264957265578,0.021548784322179774,0.9553654284304278,36.111111111111114,0.9285714285475513,1.0042735042734423,8.46468784227145e-21,0.9973185413668799,0
1012,658.9555555555555,0.6527777777777146,0.6555555555555657,0.6513888888888459,1.002132196162016,0.024028201992320457,1.0652904195239539,41.666666666666664,1.0714285714010205,1.0063965884862225,2.3344778101435865e-18,0.997426018829829,0
1013,659.6111111111111,0.6555555555555657,0.6666666666667425,0.6527777777777715,1.0042553191489614,0.022316057743707114,0.9893824982623559,38.888888888888886,0.9999999999742858,1.021276595744807,3.0585012842671e-20,0.9994702544734482,0
1014,660.2777777777778,0.6666666666667425,0.6749999999999545,0.6527777777777715,1.021276595744807,0.022276119853958727,0.9876118517804195,36.111111111111114,0.9285714285475513,1.0340425531914297,1.734298860903929e-20,0.9974169888796188,0
1015,660.9527777777778,0.6749999999999545,0.6611111111111541,0.6527777777777715,1.0340425531914297,0.023168307640753744,1.027167000434188,38.888888888888886,0.9999999999742858,1.0127659574468841,7.939264009647474e-20,0.997613865703049,0
1016,661.6138888888889,0.6611111111111541,0.6749999999999545,0.6541666666666401,1.0106157112527605,0.022620545902941692,1.0028819818689425,38.888888888888886,0.9999999999742858,1.031847133757934,6.436896575863184e-20,0.9984646309152858,0
1017,662.2888888888889,0.6749999999999545,0.6749999999999545,0.6583333333333599,1.025316455696092,0.023158977376486044,1.0267533431351865,38.888888888888886,0.9999999999742858,1.025316455696092,5.0148390091524165e-20,0.9992441774055405,0
1018,662.9638888888888,0.6749999999999545,0.6944444444444571,0.6583333333333599,1.025316455696092,0.023526698656890024,1.0430562673903863,38.888888888888886,0.9999999999742858,1.0548523206750822,1.6415510408509646e-19,0.999179361339032,0
1019,663.6583333333333,0.6944444444444571,0.6694444444444798,0.6638888888889483,1.046025104602436,0.021982754126924093,0.9746054812443903,36.111111111111114,0.9285714285475513,1.0083682008367831,1.3174681917078058e-21,0.9977517815265847,0
1020,664.3277777777778,0.6694444444444798,0.6777777777778056,0.6680555555556111,1.0020790020789716,0.022977844335146404,1.0187228091127063,38.888888888888886,0.9999999999742858,1.0145530145529718,3.31374660308109e-20,0.9992467793134038,0
1021,665.0055555555556,0.6777777777778056,0.6611111111110404,0.6722222222222172,1.0082644628099662,0.022137257362907455,0.9814553827530894,38.888888888888886,0.9999999999742858,0.9834710743800674,2.9133353680699486e-21,0.9992580132327322,0
1022,665.6666666666666,0.6611111111110404,0.6805555555555429,0.6722222222222172,0.9834710743800674,0.02808166477893847,1.2450007063719308,41.666666666666664,1.0714285714010205,1.0123966942148648,7.708502957584802e-15,0.9921190472585888,0
1023,666.3472222222222,0.6805555555555429,0.6527777777778283,0.6749999999999545,1.0082304526749464,0.02218241633379933,0.9834575058858169,38.888888888888886,0.9999999999742858,0.9670781893005516,2.041429851044196e-21,0.9992065538318342,0
1024,667.0,0.6527777777778283,0.6777777777778056,0.6749999999999545,0.9670781893005516,0.02257284720002293,1.0007672597079036,38.888888888888886,0.9999999999742858,1.0041152263375575,4.742921800468935e-20,0.9979686777318135,0
1025,667.6777777777778,0.6777777777778056,0.6694444444443661,0.6749999999999545,1.0041152263375575,0.02320113842886229,1.0286225535400189,38.888888888888886,0.9999999999742858,0.9917695473250536,2.01770160163968e-20,0.9990203985957408,0
1026,668.3472222222222,0.6694444444443661,0.6583333333334167,0.6749999999999545,0.9917695473250536,0.021324437520711004,0.9454190122012024,36.111111111111114,0.9285714285475513,0.9753086419754978,8.462294450906784e-22,0.9970034553461978,0
1027,669.0055555555556,0.6583333333334167,0.6499999999999773,0.6722222222222172,0.979338842975338,0.022566562170880943,1.000488612918871,38.888888888888886,0.9999999999742858,0.966942148760304,1.2137692879433672e-20,0.9990953675808618,0
1028,669.6555555555556,0.6499999999999773,0.6611111111111541,0.669444444444423,0.9709543568464702,0.022322264643284368,0.9896576811768624,38.888888888888886,0.9999999999742858,0.9875518672200129,1.6271857570442742e-20,0.9994114808893327,0
1029,670.3166666666667,0.6611111111111541,0.6777777777776919,0.6652777777777601,0.9937369519833895,0.02219116440644541,0.9838453517172342,38.888888888888886,0.9999999999742858,1.0187891440500023,1.4339390791695542e-20,0.9994408829077981,0
1030,670.9944444444444,0.6777777777776919,0.6611111111111541,0.6652777777777601,1.0187891440500023,0.022064673664739187,0.9782373842404672,38.888888888888886,0.9999999999742858,0.9937369519833895,3.1124051874307144e-21,0.9996183435663432,0
1031,671.6555555555556,0.6611111111111541,0.658333333333303,0.6611111111111541,1.0,0.023604266135087315,1.0464952218080583,38.888888888888886,0.9999999999742858,0.9957983193276205,1.9332829087437564e-19,0.9977416148539248,0
1032,672.3138888888889,0.658333333333303,0.6611111111111541,0.6611111111111541,0.9957983193276205,0.021688046378913334,0.9615396122036821,36.111111111111114,0.9285714285475513,1.0,5.4733503117900315e-21,0.996850716228368,0
1033,672.975,0.6611111111111541,0.6694444444443661,0.6611111111111541,1.0,0.021530463248273585,0.9545531635546002,36.111111111111114,0.9285714285475513,1.0126050420166224,5.892309618009254e-21,0.9961425954933754,0
1034,673.6444444444444,0.6694444444443661,0.6638888888888914,0.6611111111111541,1.0126050420166224,0.027604183853342807,1.2238315878625616,41.666666666666664,1.0714285714010205,1.0042016806722074,2.5654622621830133e-15,0.9917282791811839,0
1035,674.3083333333333,0.6638888888888914,0.6694444444444798,0.6611111111111541,1.0042016806722074,0.022792745214387053,1.0105164389452561,38.888888888888886,0.9999999999742858,1.0126050420167945,3.589608429310684e-20,0.9992006660187431,0
1036,674.9777777777778,0.6694444444444798,0.6750000000000682,0.6611111111111541,1.0126050420167945,0.022227299255965158,0.985447390397308,36.111111111111114,0.9285714285475513,1.0210084033613813,8.800540134632885e-21,0.9976083079251714,0
1037,675.6527777777778,0.6750000000000682,0.6638888888888914,0.6625000000000227,1.0188679245283698,0.02177178902408467,0.9652523426707863,36.111111111111114,0.9285714285475513,1.0020964360586697,2.3164132825490923e-21,0.9974625372845323,0
1038,676.3166666666667,0.6638888888888914,0.655555555555452,0.6638888888888914,1.0,0.02104556305202862,0.9330551116549973,36.111111111111114,0.9285714285475513,0.9874476987446101,1.2940576273183305e-21,0.9964113280025737,0
1039,676.9722222222222,0.655555555555452,0.6611111111111541,0.6638888888888914,0.9874476987446101,0.02325466076985244,1.0309954667153585,38.888888888888886,0.9999999999742858,0.9958158995816508,9.415817592206428e-20,0.9987717698094546,0
1040,677.6333333333333,0.6611111111111541,0.6861111111111313,0.6625000000000227,0.9979035639413304,0.023040187903853964,1.0214868114498068,38.888888888888886,0.9999999999742858,1.0356394129978985,1.3484859904552846e-19,0.998060663534647,0
1041,678.3194444444445,0.6861111111111313,0.6611111111111541,0.6638888888888914,1.0334728033473068,0.027294142723641487,1.2100859132908748,38.888888888888886,0.9999999999742858,0.9958158995816508,1.2670724829818696e-16,0.9924744729143171,0
1042,678.9805555555556,0.6611111111111541,0.6527777777777146,0.6638888888888914,0.9958158995816508,0.022600378121222328,1.001987843195747,38.888888888888886,0.9999999999742858,0.983263598326261,1.5911117966077257e-20,0.999347415953018,0
1043,679.6333333333333,0.6527777777777146,0.6527777777778283,0.6638888888888914,0.983263598326261,0.02216726829499789,0.9827859175324768,38.888888888888886,0.9999999999742858,0.9832635983264322,1.9459045862920645e-20,0.9978510097167155,0
1044,680.2861111111112,0.6527777777778283,0.6694444444443661,0.6625000000000227,0.985324947589141,0.02652663173827442,1.1760583110652798,38.888888888888886,0.9999999999742858,1.0104821802933481,5.350634071213715e-16,0.9906787075466731,0
1045,680.9555555555555,0.6694444444443661,0.6527777777778283,0.6625000000000227,1.0104821802933481,0.020947368076024576,0.9287016370497845,38.888888888888886,0.9999999999742858,0.985324947589141,1.3427970638703869e-21,0.9975953403814082,0
1046,681.6083333333333,0.6527777777778283,0.6666666666666288,0.6611111111111541,0.9873949579832055,0.021416887758690644,0.9495177938259739,36.111111111111114,0.9285714285475513,1.008403361344415,2.0833777631821512e-21,0.9995507569750541,0
1047,682.275,0.6666666666666288,0.6611111111111541,0.6611111111111541,1.008403361344415,0.023067038497647834,1.022677232619742,38.888888888888886,0.9999999999742858,1.0,4.7391962565381786e-20,0.9986688404315764,0
1048,682.9361111111111,0.6611111111111541,0.6666666666666288,0.6611111111111541,1.0,0.028089500541800354,1.2453481049458688,41.666666666666664,1.0714285714010205,1.008403361344415,8.375931885736248e-15,0.9921971916292741,0
1049,683.6027777777778,0.6666666666666288,0.6472222222222399,0.6611111111111541,1.008403361344415,0.021613181990660545,0.9582204992881712,36.111111111111114,0.9285714285475513,0.9789915966386186,8.894734115197011e-22,0.9996377199909847,0
1050,684.25,0.6472222222222399,0.6722222222222172,0.6611111111111541,0.9789915966386186,0.021742656008588504,0.9639607303266821,38.888888888888886,0.9999999999742858,1.0168067226890019,1.5639064401839675e-20,0.9991237108995339,0
1051,684.9222222222222,0.6722222222222172,0.6805555555555429,0.6611111111111541,1.0168067226890019,0.02182509840528523,0.9676158142731083,36.111111111111114,0.9285714285475513,1.0294117647057963,3.52295818989551e-21,0.9983727285610225,0
1052,685.6027777777778,0.6805555555555429,0.6666666666666288,0.6638888888888914,1.0251046025104373,0.02775276160027957,1.230418782793617,38.888888888888886,0.9999999999742858,1.0041841004183492,2.2427452503779666e-16,0.994090745371553,0
1053,686.2694444444444,0.6666666666666288,0.6527777777778283,0.6666666666666288,1.0,0.023308564532333296,1.0333852902138252,36.111111111111114,0.9285714285475513,0.9791666666667981,2.2393380228660147e-20,0.998116988324401,0
1054,686.9222222222222,0.6527777777778283,0.6611111111111541,0.6666666666666288,0.9791666666667981,0.021962539845284422,0.973709280997065,36.111111111111114,0.9285714285475513,0.9916666666667875,4.0742966863819776e-21,0.9990502906519978,0
1055,687.5833333333334,0.6611111111111541,0.6694444444443661,0.6638888888888914,0.9958158995816508,0.021938989879494105,0.9726651931812326,38.888888888888886,0.9999999999742858,1.0083682008366983,1.712904125165929e-20,0.9972504996014905,0
1056,688.2527777777777,0.6694444444443661,0.6666666666667425,0.6666666666666288,1.0041666666666063,0.020930463088977842,0.9279521543898327,36.111111111111114,0.9285714285475513,1.0000000000001705,6.284974233882415e-22,0.9976117252012359,0
1057,688.9194444444445,0.6666666666667425,0.6722222222222172,0.6666666666666288,1.0000000000001705,0.022437473710640816,0.9947654755818012,38.888888888888886,0.9999999999742858,1.008333333333383,1.385480835558152e-20,0.999323107699702,0
1058,689.5916666666667,0.6722222222222172,0.6666666666666288,0.6666666666666856,1.008333333333297,0.02272513799084752,1.0075190724527363,38.888888888888886,0.9999999999742858,0.9999999999999147,1.605396656486891e-20,0.9990671278611309,0
1059,690.2583333333333,0.6666666666666288,0.6638888888888914,0.6666666666666856,0.9999999999999147,0.022125249266907836,0.9809230037748702,38.888888888888886,0.9999999999742858,0.9958333333333088,6.940269098137946e-21,0.9991779287349389,0
1060,690.9222222222222,0.6638888888888914,0.6527777777778283,0.6666666666666856,0.9958333333333088,0.026772724087212672,1.1869688162177607,38.888888888888886,0.9999999999742858,0.9791666666667146,1.1736176173756285e-16,0.992741514769784,0
1061,691.575,0.6527777777778283,0.6722222222222172,0.6666666666666288,0.9791666666667981,0.027568286487472185,1.222240078020904,38.888888888888886,0.9999999999742858,1.008333333333383,9.192878222704075e-16,0.9938797084321105,0
1062,692.2472222222223,0.6722222222222172,0.6777777777776919,0.6666666666666288,1.008333333333383,0.02273648831500564,1.0080222891140578,38.888888888888886,0.9999999999742858,1.0166666666665956,1.8633445294584564e-20,0.9995528711854178,0
1063,692.925,0.6777777777776919,0.6638888888888914,0.6666666666666856,1.016666666666509,0.021178534782322882,0.9389504137835242,36.111111111111114,0.9285714285475513,0.9958333333333088,2.3314394545846442e-21,0.9936905980888674,0
1064,693.5888888888888,0.6638888888888914,0.6555555555555657,0.6666666666666856,0.9958333333333088,0.0223472039401803,0.9907633649921305,38.888888888888886,0.9999999999742858,0.9833333333333205,7.761621480105456e-21,0.9996653415284592,0
1065,694.2444444444444,0.6555555555555657,0.6527777777778283,0.6666666666666856,0.9833333333333205,0.022024242748462743,0.9764448794256818,38.888888888888886,0.9999999999742858,0.9791666666667146,6.2676189910449654e-21,0.9996876083263604,0
1066,694.8972222222222,0.6527777777778283,0.6666666666666288,0.6652777777777601,0.9812108559499977,0.026984227005728122,1.196345798851246,38.888888888888886,0.9999999999742858,1.0020876826722036,2.878072370982303e-16,0.994193829681625,0
1067,695.5638888888889,0.6666666666666288,0.6750000000000682,0.6652777777777601,1.0020876826722036,0.027595995816509206,1.2234685712208533,41.666666666666664,1.0714285714010205,1.0146137787057663,2.0491838223702557e-15,0.9929140317831513,0
1068,696.2388888888889,0.6750000000000682,0.6805555555555429,0.6652777777777601,1.0146137787057663,0.021914557153186052,0.9715819681747532,38.888888888888886,0.9999999999742858,1.0229645093945803,5.2595750144397915e-21,0.9992798354189252,0
1069,696.9194444444445,0.6805555555555429,0.658333333333303,0.6652777777777601,1.0229645093945803,0.02330478074001935,1.033217535768328,38.888888888888886,0.9999999999742858,0.9895615866388117,2.8343327533258154e-20,0.9985960093979489,0
1070,697.5777777777778,0.658333333333303,0.6666666666666288,0.6652777777777601,0.9895615866388117,0.022981248484542867,1.0188737320881265,38.888888888888886,0.9999999999742858,1.0020876826722036,5.061966332082918e-20,0.999110734355809,0
1071,698.2444444444444,0.6666666666666288,0.6555555555555657,0.6666666666666288,1.0,0.0232398275798665,1.0303378371853567,38.888888888888886,0.9999999999742858,0.9833333333334043,3.979098052958641e-20,0.9988383532955888,0
1072,698.9,0.6555555555555657,0.6750000000000682,0.6652777777777601,0.9853862212944047,0.023207585037797695,1.028908363969759,38.888888888888886,0.9999999999742858,1.0146137787057663,1.1888685665661068e-19,0.998763881888791,0
1073,699.575,0.6750000000000682,0.6749999999999545,0.6652777777777601,1.0146137787057663,0.02434343005582012,1.0792660568237653,38.888888888888886,0.9999999999742858,1.0146137787055953,3.8691277509409543e-19,0.9980712030868844,0
1074,700.25,0.6749999999999545,0.6749999999999545,0.6666666666666288,1.0124999999999893,0.028253381748849782,1.2526137788346423,41.666666666666664,1.0714285714010205,1.0124999999999893,4.374415258734214e-15,0.9926693250461722,0
1075,700.925,0.6749999999999545,0.650000000000091,0.6708333333332916,1.0062111801242184,0.023294056365940653,1.0327420706059711,38.888888888888886,0.9999999999742858,0.9689440993790778,2.3275041670542302e-20,0.998596992672195,0
1076,701.575,0.650000000000091,0.6499999999999773,0.6708333333332916,0.9689440993790778,0.022758347848626903,1.008991431613752,38.888888888888886,0.9999999999742858,0.9689440993789084,2.6689851649901472e-20,0.9990510920808995,0
1077,702.225,0.6499999999999773,0.658333333333303,0.6708333333332916,0.9689440993789084,0.022509901403674273,0.997976557606225,38.888888888888886,0.9999999999742858,0.981366459627345,2.51456880076111e-20,0.9986652024848603,0
1078,702.8833333333333,0.658333333333303,0.6805555555555429,0.6624999999999659,0.9937106918239048,0.029153002373064892,1.292498462361475,41.666666666666664,1.0714285714010205,1.0272536687631366,4.788887114550583e-14,0.9935082105489007,0
1079,703.5638888888889,0.6805555555555429,0.6805555555555429,0.6624999999999659,1.0272536687631366,0.021820686071390146,0.967420193434409,36.111111111111114,0.9285714285475513,1.0272536687631366,1.6985232994110105e-21,0.9991229103732946,0
1080,704.2444444444444,0.6805555555555429,0.6666666666667425,0.6708333333332916,1.0144927536232327,0.0279588145178029,1.23955413961402,41.666666666666664,1.0714285714010205,0.9937888198759511,1.4382487095480011e-15,0.9927173325341205,0
1081,704.9111111111112,0.6666666666667425,0.6611111111110404,0.6708333333333485,0.9937888198758669,0.02223072230416351,0.9855991512511764,36.111111111111114,0.9285714285475513,0.9855072463766839,2.648718755306458e-21,0.999159321732128,0
1082,705.5722222222222,0.6611111111110404,0.6611111111111541,0.6708333333333485,0.9855072463766839,0.026501392871081712,1.1749393457998545,38.888888888888886,0.9999999999742858,0.9855072463768534,9.513167982189426e-17,0.9927741375713545,0
1083,706.2333333333333,0.6611111111111541,0.6805555555555429,0.6638888888889483,0.9958158995815656,0.02202093754073207,0.976298343029361,38.888888888888886,0.9999999999742858,1.0251046025103496,1.2209673748597124e-20,0.9994950698388219,0
1084,706.9138888888889,0.6805555555555429,0.6777777777778056,0.6638888888889483,1.0251046025103496,0.02387555678362037,1.0585228936613693,38.888888888888886,0.9999999999742858,1.0209205020920007,1.710560780651703e-19,0.9978098211668471,0
1085,707.5916666666667,0.6777777777778056,0.6722222222222172,0.6638888888889483,1.0209205020920007,0.026927440714493604,1.1938281784303855,36.111111111111114,0.9285714285475513,1.012552301255132,7.971626251701723e-17,0.991318832432317,0
1086,708.2638888888889,0.6722222222222172,0.6499999999999773,0.6694444444444798,1.0041493775933004,0.022372128601445204,0.9918683999366456,36.111111111111114,0.9285714285475513,0.9709543568463878,2.4580047526021847e-21,0.9987087648479825,0
1087,708.9138888888889,0.6499999999999773,0.658333333333303,0.6694444444444798,0.9709543568463878,0.02230247947633482,0.9887805057308272,38.888888888888886,0.9999999999742858,0.9834024896264588,1.6878281125846412e-20,0.9989954335705298,0
1088,709.5722222222222,0.658333333333303,0.6555555555555657,0.6694444444444798,0.9834024896264588,0.02164661891709494,0.9597029255388025,38.888888888888886,0.9999999999742858,0.9792531120331583,2.7947672263651766e-21,0.9996684052116802,0
1089,710.2277777777778,0.6555555555555657,0.6777777777778056,0.6638888888889483,0.9874476987446968,0.028320670157685735,1.2555970106761618,41.666666666666664,1.0714285714010205,1.0209205020920007,2.1696196678437293e-14,0.9917635876292721,0
1090,710.9055555555556,0.6777777777778056,0.6805555555555429,0.6638888888889483,1.0209205020920007,0.021576660963307345,0.9566013394124979,36.111111111111114,0.9285714285475513,1.0251046025103496,2.143362090082884e-21,0.9974647641557786,0
1091,711.5861111111111,0.6805555555555429,0.658333333333303,0.6666666666666856,1.0208333333332853,0.023037554773524482,1.0213700716074228,38.888888888888886,0.9999999999742858,0.9874999999999264,1.4339172687432467e-20,0.9991076354288201,0
1092,712.2444444444444,0.658333333333303,0.6555555555555657,0.6666666666666856,0.9874999999999264,0.027308855965883803,1.2107382249372427,41.666666666666664,1.0714285714010205,0.9833333333333205,1.1750426444302655e-15,0.9932704907911127,0
1093,712.9,0.6555555555555657,0.658333333333303,0.6652777777777601,0.9853862212944047,0.02670751171161272,1.1840776253170338,36.111111111111114,0.9285714285475513,0.9895615866388117,1.0454270555681217e-16,0.9918074498196356,0
1094,713.5583333333333,0.658333333333303,0.683333333333394,0.658333333333303,1.0,0.028431884494255568,1.2605276986776786,41.666666666666664,1.0714285714010205,1.0379746835444437,1.912335781807488e-14,0.992838439795098,0
1095,714.2416666666667,0.683333333333394,0.6666666666666288,0.658333333333303,1.0379746835444437,0.029118002074074383,1.2909467239830903,41.666666666666664,1.0714285714010205,1.0126582278480902,2.6700728216963454e-14,0.9911430294913823,0
1096,714.9083333333333,0.6666666666666288,0.6638888888888914,0.658333333333303,1.0126582278480902,0.021374957767261938,0.9476588275090602,36.111111111111114,0.9285714285475513,1.0084388185654511,1.0364621542903454e-21,0.9996053346816787,0
1097,715.5722222222222,0.6638888888888914,0.6499999999999773,0.6611111111110972,1.0042016806722938,0.027803508051625375,1.232668626891848,38.888888888888886,0.9999999999742858,0.9831932773109107,5.547037188880345e-16,0.9935208557320228,0
1098,716.2222222222222,0.6499999999999773,0.6611111111111541,0.6611111111110972,0.9831932773109107,0.027623604688846674,1.2246926106726759,38.888888888888886,0.9999999999742858,1.000000000000086,1.0631673797898648e-15,0.9939208276486011,0
1099,716.8833333333333,0.6611111111111541,0.6499999999999773,0.6625000000000227,0.9979035639413304,0.02190398395124687,0.9711132052297312,36.111111111111114,0.9285714285475513,0.9811320754716302,2.372594113439858e-21,0.99897225164787,0
1100,717.5333333333333,0.6499999999999773,0.6722222222222172,0.6597222222222285,0.985263157894693,0.02821908672805417,1.2510933089674996,41.666666666666664,1.0714285714010205,1.0189473684210353,2.529951718770445e-14,0.9917404255241091,0
1101,718.2055555555555,0.6722222222222172,0.6777777777778056,0.6597222222222285,1.0189473684210353,0.021692737123403107,0.9617475763770725,36.111111111111114,0.9285714285475513,1.027368421052664,1.926956414930275e-21,0.9994582867671975,0
1102,718.8833333333333,0.6777777777778056,0.6555555555555657,0.6625000000000227,1.023060796645709,0.027823641172339666,1.2335612288692623,41.666666666666664,1.0714285714010205,0.9895178197064802,1.778216923752421e-15,0.9920876716688908,0
1103,719.5388888888889,0.6555555555555657,0.6499999999999773,0.6625000000000227,0.9895178197064802,0.021666968045519236,0.9606051042187967,38.888888888888886,0.9999999999742858,0.9811320754716302,3.966411412651679e-21,0.9996333400130551,0
1104,720.1888888888889,0.6499999999999773,0.6666666666667425,0.6625000000000227,0.9811320754716302,0.021471591851292295,0.9519430999631503,38.888888888888886,0.9999999999742858,1.0062893081761806,6.2899419623707434e-21,0.9994435001427351,0
1105,720.8555555555556,0.6666666666667425,0.691666666666606,0.6625000000000227,1.0062893081761806,0.02281303447234128,1.01141596326775,38.888888888888886,0.9999999999742858,1.044025157232577,5.658286974903505e-20,0.9991386916192542,0
1106,721.5472222222222,0.691666666666606,0.6666666666666288,0.6625000000000227,1.044025157232577,0.023077359782208127,1.0231348268068883,38.888888888888886,0.9999999999742858,1.006289308176009,1.3183485857215814e-20,0.9992134319160921,0
1107,722.2138888888888,0.6666666666666288,0.6722222222222172,0.6638888888888914,1.0041841004183492,0.021192961350738736,0.9395900157447915,38.888888888888886,0.9999999999742858,1.0125523012552187,3.69910525120704e-21,0.9975397719736797,0
1108,722.8861111111111,0.6722222222222172,0.6638888888888914,0.6666666666666856,1.008333333333297,0.02218289358240587,0.9834786647044602,38.888888888888886,0.9999999999742858,0.9958333333333088,6.2150498051920166e-21,0.9989938098861137,0
1109,723.55,0.6638888888888914,0.6805555555556566,0.6666666666666856,0.9958333333333088,0.02675510742352767,1.1861877813715578,38.888888888888886,0.9999999999742858,1.0208333333334558,1.1516950812117072e-16,0.9947483606530759,0
1110,724.2305555555556,0.6805555555556566,0.6611111111110404,0.6694444444444798,1.0165975103735412,0.022697731022431132,1.0063039844119621,38.888888888888886,0.9999999999742858,0.9875518672197592,6.816971527047095e-21,0.9994639487100283,0
1111,724.8916666666667,0.6611111111110404,0.6750000000000682,0.6666666666666856,0.9916666666665324,0.02861983848553483,1.2688606395396322,41.666666666666664,1.0714285714010205,1.0125000000000735,1.1361572252943045e-14,0.9939107966428335,0
1112,725.5666666666667,0.6750000000000682,0.6777777777776919,0.6666666666666856,1.0125000000000735,0.0228295753760542,1.0121493042918213,38.888888888888886,0.9999999999742858,1.016666666666509,1.8191874634736164e-20,0.999679629044465,0
1113,726.2444444444444,0.6777777777776919,0.6638888888888914,0.6694444444444798,1.012448132779901,0.027936304213119673,1.2385561451770133,41.666666666666664,1.0714285714010205,0.9917012448132294,9.540501603048424e-16,0.9941613338276414,0
1114,726.9083333333333,0.6638888888888914,0.6472222222222399,0.6694444444444798,0.9917012448132294,0.021516709061104197,0.9539433716182509,36.111111111111114,0.9285714285475513,0.9668049792530874,5.909842474457236e-22,0.9996742287644653,0
1115,727.5555555555555,0.6472222222222399,0.6722222222222172,0.669444444444423,0.9668049792531694,0.021436937863897037,0.9504067153105545,38.888888888888886,0.9999999999742858,1.0041493775933856,6.131498504872409e-21,0.9992594560993304,0
1116,728.2277777777778,0.6722222222222172,0.6888888888888687,0.669444444444423,1.0041493775933856,0.022920793941540295,1.0161934797122758,38.888888888888886,0.9999999999742858,1.0290456431535298,3.2557079277657043e-20,0.9993092716957597,0
1117,728.9166666666666,0.6888888888888687,0.6694444444444798,0.6722222222222172,1.0247933884297298,0.027311365402474756,1.2108494808172956,38.888888888888886,0.9999999999742858,0.9958677685951014,9.163568368100015e-17,0.9925774412402422,0
1118,729.5861111111111,0.6694444444444798,0.6555555555555657,0.6708333333333485,0.997929606625289,0.0219001308656778,0.9709423786675254,38.888888888888886,0.9999999999742858,0.9772256728778398,3.079490628803528e-21,0.9988967084437503,0
1119,730.2416666666667,0.6555555555555657,0.6555555555555657,0.6708333333333485,0.9772256728778398,0.0281123579054608,1.2463614862438466,41.666666666666664,1.0714285714010205,0.9772256728778398,5.904410447843183e-15,0.9930425467964765,0
1120,730.8972222222222,0.6555555555555657,0.6749999999999545,0.6666666666666856,0.9833333333333205,0.027355615044213646,1.2128112888388394,41.666666666666664,1.0714285714010205,1.012499999999903,2.449503875220373e-15,0.9928540810189349,0
1121,731.5722222222222,0.6749999999999545,0.6805555555555429,0.6708333333333485,1.0062111801241331,0.021794673819577906,0.9662669401591668,36.111111111111114,0.9285714285475513,1.0144927536231467,1.2873909070103225e-21,0.9994284252153829,0
1122,732.2527777777777,0.6805555555555429,0.6777777777778056,0.6708333333333485,1.0144927536231467,0.028586566565311517,1.2673855288399474,41.666666666666664,1.0714285714010205,1.0103519668737246,2.9098343065593266e-15,0.994449358609242,0
1123,732.9305555555555,0.6777777777778056,0.6638888888888914,0.6708333333333485,1.0103519668737246,0.028479346306394843,1.2626319182851786,41.666666666666664,1.0714285714010205,0.9896480331262754,5.47647881497847e-15,0.9920922812130283,0
1124,733.5944444444444,0.6638888888888914,0.6638888888888914,0.6708333333333485,0.9896480331262754,0.027388704047250953,1.2142782899044418,41.666666666666664,1.0714285714010205,0.9896480331262754,1.5325621224556232e-15,0.9921434898832826,0
1125,734.2583333333333,0.6638888888888914,0.658333333333303,0.6708333333333485,0.9896480331262754,0.022122714877810076,0.9808106416253406,36.111111111111114,0.9285714285475513,0.9813664596272619,2.509651438201681e-21,0.9989869823140209,0
1126,734.9166666666666,0.658333333333303,0.683333333333394,0.6666666666666856,0.9874999999999264,0.02187584422027003,0.9698656301582719,36.111111111111114,0.9285714285475513,1.0250000000000619,4.292674387579894e-21,0.9994334233060372,0
1127,735.6,0.683333333333394,0.6777777777778056,0.6666666666666856,1.0250000000000619,0.022638151287893885,1.0036625166724868,36.111111111111114,0.9285714285475513,1.0166666666666795,5.43351235644894e-21,0.9984892251015717,0
1128,736.2777777777778,0.6777777777778056,0.6638888888888914,0.669444444444423,1.0124481327801569,0.02181083032585297,0.9669832389214839,36.111111111111114,0.9285714285475513,0.9917012448133136,8.076194874326392e-22,0.9994261249802145,0
1129,736.9416666666667,0.6638888888888914,0.6472222222221262,0.669444444444423,0.9917012448133136,0.02222534331335633,0.985360673674892,38.888888888888886,0.9999999999742858,0.9668049792529997,4.805715391057437e-21,0.9995389929684982,0
1130,737.5888888888888,0.6472222222221262,0.650000000000091,0.669444444444423,0.9668049792529997,0.027752225900968118,1.2303950325627668,41.666666666666664,1.0714285714010205,0.97095435684664,3.3880837198974447e-15,0.9938897016235195,0
1131,738.2388888888889,0.650000000000091,0.655555555555452,0.6638888888888914,0.979079497908083,0.02867152386982861,1.2711521112334017,41.666666666666664,1.0714285714010205,0.9874476987446101,3.8631942832429225e-14,0.9919269421143104,0
1132,738.8944444444444,0.655555555555452,0.6722222222223309,0.6638888888888914,0.9874476987446101,0.02714051158736353,1.2032746763256703,41.666666666666664,1.0714285714010205,1.0125523012553899,1.481793720454279e-15,0.9933889767524713,0
1133,739.5666666666667,0.6722222222223309,0.6666666666666288,0.6638888888888914,1.0125523012553899,0.02275086985581414,1.0086598947761956,38.888888888888886,0.9999999999742858,1.0041841004183492,1.701546224497237e-20,0.9993960305430587,0
1134,740.2333333333333,0.6666666666666288,0.6555555555555657,0.6638888888888914,1.0041841004183492,0.023140925145476984,1.0259529974101451,38.888888888888886,0.9999999999742858,0.9874476987447813,4.1237880979655043e-20,0.9986202046791397,0
1135,740.8888888888889,0.6555555555555657,0.6555555555555657,0.6611111111110972,0.9915966386554983,0.022053963179816737,0.9777625348539011,38.888888888888886,0.9999999999742858,0.9915966386554983,1.1081172403082482e-20,0.9991374553446766,0
1136,741.5444444444445,0.6555555555555657,0.6555555555555657,0.6597222222222285,0.9936842105263216,0.021862253654741735,0.9692630923879537,38.888888888888886,0.9999999999742858,0.9936842105263216,7.098405190184058e-21,0.9996935657111442,0
1137,742.2,0.6555555555555657,0.6805555555555429,0.6555555555555657,1.0,0.027300201183241824,1.2103545151184842,38.888888888888886,0.9999999999742858,1.0381355932203038,8.784898450911937e-16,0.9938983212203611,0
1138,742.8805555555556,0.6805555555555429,0.6749999999999545,0.6555555555555657,1.0381355932203038,0.029349234001900783,1.3011983923135069,41.666666666666664,1.0714285714010205,1.0296610169490672,3.884436514307345e-14,0.9920691696606746,0
1139,743.5555555555555,0.6749999999999545,0.6694444444444798,0.6555555555555657,1.0296610169490672,0.022625240220765293,1.0030901044661007,38.888888888888886,0.9999999999742858,1.0211864406780042,1.8339731553642884e-20,0.9995358014857141,0
1140,744.225,0.6694444444444798,0.6638888888888914,0.6611111111110972,1.0126050420168815,0.021080878569085047,0.9346208252274391,36.111111111111114,0.9285714285475513,1.0042016806722938,1.384640063818835e-21,0.9965813878049987,0
1141,744.8888888888889,0.6638888888888914,0.6611111111110404,0.6652777777777601,0.9979123173277965,0.021848446369703674,0.9686509463574109,36.111111111111114,0.9285714285475513,0.9937369519832187,1.8616454972490983e-21,0.9994399945382816,0
1142,745.55,0.6611111111110404,0.6555555555555657,0.6652777777777601,0.9937369519832187,0.022517235936347815,0.9983017341380065,38.888888888888886,0.9999999999742858,0.9853862212944047,1.3870566792485507e-20,0.9993755701630158,0
1143,746.2055555555555,0.6555555555555657,0.6777777777778056,0.6624999999999659,0.9895178197065652,0.022965447353580706,1.0181731888915522,38.888888888888886,0.9999999999742858,1.023060796645797,8.824041595993481e-20,0.9990610080359441,0
1144,746.8833333333333,0.6777777777778056,0.6805555555555429,0.6624999999999659,1.023060796645797,0.022687877787077582,1.005867141188037,38.888888888888886,0.9999999999742858,1.0272536687631366,1.6403671709109908e-20,0.9996918130844352,0
1145,747.5638888888889,0.6805555555555429,0.6611111111111541,0.6666666666666856,1.0208333333332853,0.027903370682991237,1.2370960370033706,41.666666666666664,1.0714285714010205,0.9916666666667029,1.4621188391554562e-15,0.9924379744549281,0
1146,748.225,0.6611111111111541,0.6499999999999773,0.6666666666666856,0.9916666666667029,0.022819290967798167,1.0116933450157537,38.888888888888886,0.9999999999742858,0.9749999999999381,2.5970235213135882e-20,0.9984313774280826,0
1147,748.875,0.6499999999999773,0.6555555555555657,0.6666666666666856,0.9749999999999381,0.021315624576789722,0.945028290301572,36.111111111111114,0.9285714285475513,0.9833333333333205,1.534171841712422e-21,0.9987393628768083,0
1148,749.5305555555556,0.6555555555555657,0.6861111111111313,0.6625000000000227,0.9895178197064802,0.023199882759761262,1.028566883446025,36.111111111111114,0.9285714285475513,1.0356394129978985,9.433505040148284e-20,0.9980433631971093,0
1149,750.2166666666667,0.6861111111111313,0.658333333333303,0.6625000000000227,1.0356394129978985,0.02435674425878581,1.079856342058902,41.666666666666664,1.0714285714010205,0.9937106918238195,9.459527883725261e-19,0.9956500344343655,0
1150,750.875,0.658333333333303,0.658333333333303,0.6611111111110972,0.9957983193277061,0.02301167790395006,1.0202228205041686,38.888888888888886,0.9999999999742858,0.9957983193277061,4.604017172988541e-20,0.9994428764102323,0
1151,751.5333333333333,0.658333333333303,0.6527777777778283,0.6597222222221717,0.9978947368421357,0.020891066075374557,0.9262054876536846,36.111111111111114,0.9285714285475513,0.9894736842106787,1.4180924110132158e-21,0.9965008318568636,0
1152,752.1861111111111,0.6527777777778283,0.6555555555555657,0.658333333333303,0.9915611814347216,0.02141728653851792,0.9495354737310133,36.111111111111114,0.9285714285475513,0.9957805907173608,1.8243014025975618e-21,0.9994452188731291,0
1153,752.8416666666667,0.6555555555555657,0.6472222222222399,0.658333333333303,0.9957805907173608,0.022765210133621996,1.009295671043055,38.888888888888886,0.9999999999742858,0.9831223628692705,3.523000356719705e-20,0.9989288684020554,0
1154,753.4888888888889,0.6472222222222399,0.6694444444443661,0.6569444444444343,0.985200845666004,0.022282306663337755,0.9878861439959171,38.888888888888886,0.9999999999742858,1.0190274841436597,6.901832179959367e-20,0.9977699095033734,0
1155,754.1583333333333,0.6694444444443661,0.6694444444444798,0.6569444444444343,1.0190274841436597,0.023092251816344406,1.0237950651925016,38.888888888888886,0.9999999999742858,1.0190274841438327,4.9694015903639666e-20,0.9994844210977516,0
1156,754.8277777777778,0.6694444444444798,0.6555555555555657,0.6569444444444343,1.0190274841438327,0.02242473769505738,0.9942008242862828,38.888888888888886,0.9999999999742858,0.9978858350951681,1.2307406268881258e-20,0.9992194210984584,0
1157,755.4833333333333,0.6555555555555657,0.6444444444443889,0.6569444444444343,0.9978858350951681,0.022311456759624426,0.9891785136169282,36.111111111111114,0.9285714285475513,0.9809725158561673,6.314006132730074e-21,0.9991865211924675,0
1158,756.1277777777777,0.6444444444443889,0.6611111111111541,0.6569444444444343,0.9809725158561673,0.0221560372788599,0.9822879903926457,36.111111111111114,0.9285714285475513,1.0063424947146686,2.800029637946727e-20,0.9968718683704207,0
1159,756.7888888888889,0.6611111111111541,0.6805555555555429,0.6569444444444343,1.0063424947146686,0.02304907335225629,1.0218807478358582,38.888888888888886,0.9999999999742858,1.0359408033826605,9.455122242234621e-20,0.9994673019035217,0
1160,757.4694444444444,0.6805555555555429,0.6527777777778283,0.6569444444444343,1.0359408033826605,0.0226437116263897,1.0039090342991823,38.888888888888886,0.9999999999742858,0.9936575052855044,1.9899312743951994e-20,0.9971651733946829,0
1161,758.1222222222223,0.6527777777778283,0.6444444444443889,0.6555555555555657,0.9957627118644685,0.022664785416332153,1.0048433408501232,38.888888888888886,0.9999999999742858,0.9830508474575271,3.028755417075296e-20,0.9994304734410855,0
1162,758.7666666666667,0.6444444444443889,0.6499999999999773,0.6555555555555657,0.9830508474575271,0.02583925118167009,1.1455832916796567,36.111111111111114,0.9285714285475513,0.9915254237287636,1.8632345206408415e-16,0.9883507369211102,0
1163,759.4166666666666,0.6499999999999773,0.6694444444444798,0.654166666666697,0.9936305732483268,0.022351569119368277,0.9909568952267249,38.888888888888886,0.9999999999742858,1.0233545647558453,4.7088490678151394e-20,0.9992041528420219,0
1164,760.0861111111111,0.6694444444444798,0.6527777777778283,0.6583333333333599,1.0168776371308144,0.022613116847622218,1.0025526146753223,38.888888888888886,0.9999999999742858,0.991561181434636,2.764601750805022e-20,0.9973768292392793,0
1165,760.7388888888889,0.6527777777778283,0.6666666666666288,0.654166666666697,0.9978768577495002,0.023013550836129718,1.0203058569589165,38.888888888888886,0.9999999999742858,1.0191082802546718,1.50130644540172e-19,0.9984136381889228,0
1166,761.4055555555556,0.6666666666666288,0.658333333333303,0.654166666666697,1.0191082802546718,0.02747704174897647,1.2181947422199761,41.666666666666664,1.0714285714010205,1.0063694267514993,2.1825849470574667e-15,0.9923616301421645,0
1167,762.0638888888889,0.658333333333303,0.6611111111111541,0.6555555555555657,1.0042372881355315,0.02764066812857635,1.2254491183328813,36.111111111111114,0.9285714285475513,1.0084745762712364,7.3917028944328e-16,0.9912503056658757,0
1168,762.725,0.6611111111111541,0.6416666666666515,0.6597222222222285,1.0021052631579503,0.028640785110103383,1.2697893082132756,38.888888888888886,0.9999999999742858,0.9726315789473361,2.8737621379510813e-15,0.9934690832701779,0
1169,763.3666666666667,0.6416666666666515,0.6611111111111541,0.6555555555555657,0.9788135593219957,0.022916226297641087,1.0159909732039993,38.888888888888886,0.9999999999742858,1.0084745762712364,1.4190896038988362e-19,0.9990451489634791,0
1170,764.0277777777778,0.6611111111111541,0.6722222222222172,0.6555555555555657,1.0084745762712364,0.028785148705306497,1.2761896687124534,41.666666666666664,1.0714285714010205,1.0254237288135357,3.73112558373339e-14,0.9921356051422682,0
1171,764.7,0.6722222222222172,0.6444444444443889,0.6597222222222285,1.0189473684210353,0.02170196333349371,0.9621566204337679,38.888888888888886,0.9999999999742858,0.9768421052630643,1.9400483252697738e-21,0.999549240070553,0
1172,765.3444444444444,0.6444444444443889,0.6305555555555884,0.6597222222222285,0.9768421052630643,0.02136364464119738,0.9471572600253471,36.111111111111114,0.9285714285475513,0.9557894736842512,3.407385548685367e-21,0.9965664197137158,0
1173,765.975,0.6305555555555884,0.6472222222222399,0.6597222222222285,0.9557894736842512,0.022037507207301393,0.9770329592547717,36.111111111111114,0.9285714285475513,0.9810526315789648,3.923180643550056e-20,0.9957767900061629,0
1174,766.6222222222223,0.6472222222222399,0.6555555555555657,0.6555555555555657,0.9872881355932321,0.02295051031744218,1.0175109553420116,36.111111111111114,0.9285714285475513,1.0,9.922386876743023e-20,0.9964046897546107,0
1175,767.2777777777778,0.6555555555555657,0.6499999999999773,0.6569444444444343,0.9978858350951681,0.021980311028111908,0.9744971664499915,38.888888888888886,0.9999999999742858,0.9894291754756677,4.5348176986347983e-20,0.994817659444982,0
1176,767.9277777777778,0.6499999999999773,0.6527777777777146,0.6527777777777715,0.9957446808510386,0.02227050697207366,0.9873630046423776,36.111111111111114,0.9285714285475513,0.999999999999913,1.4585331621088018e-20,0.9984594048933427,0
1177,768.5805555555555,0.6527777777777146,0.6611111111111541,0.6513888888888459,1.002132196162016,0.022278041009551584,0.9876970262203605,36.111111111111114,0.9285714285475513,1.0149253731344612,2.2760433547544883e-20,0.9976739442216145,0
1178,769.2416666666667,0.6611111111111541,0.6388888888889142,0.6513888888888459,1.0149253731344612,0.02356971658841322,1.044963467535201,41.666666666666664,1.0714285714010205,0.9808102345416813,6.40007527713024e-19,0.9964645102472329,0
1179,769.8805555555556,0.6388888888889142,0.6333333333333258,0.6513888888888459,0.9808102345416813,0.022613307686116576,1.0025610755006384,38.888888888888886,0.9999999999742858,0.9722814498934427,5.70353633934957e-20,0.99901359297043,0
1180,770.5138888888889,0.6333333333333258,0.6499999999999773,0.6486111111111086,0.9764453961456024,0.022113945615161446,0.9804218563350862,36.111111111111114,0.9285714285475513,1.0021413276230953,4.975604475605834e-20,0.9968102611319227,0
1181,771.1638888888889,0.6499999999999773,0.6666666666666288,0.6486111111111086,1.0021413276230953,0.023063411636836895,1.0225164357329806,38.888888888888886,0.9999999999742858,1.027837259100588,1.9223988920931778e-19,0.9990997418857002,0
1182,771.8305555555555,0.6666666666666288,0.6444444444445026,0.6499999999999773,1.0256410256410031,0.023480880154323498,1.041024903918552,38.888888888888886,0.9999999999742858,0.9914529914531155,1.1482847592687825e-19,0.9982983193691879,0
1183,772.475,0.6444444444445026,0.6388888888889142,0.6499999999999773,0.9914529914531155,0.023194407750347153,1.028324148884466,38.888888888888886,0.9999999999742858,0.9829059829060561,1.4272873515101488e-19,0.9989607239343937,0
1184,773.1138888888889,0.6388888888889142,0.6361111111110631,0.6499999999999773,0.9829059829060561,0.027614145633636872,1.224273243426805,41.666666666666664,1.0714285714010205,0.978632478632439,1.2535258374108283e-14,0.9916672804952023,0
1185,773.75,0.6361111111110631,0.6499999999999773,0.6472222222222399,0.98283261802565,0.02156498341220933,0.9560836151436495,36.111111111111114,0.9285714285475513,1.0042918454934997,3.2449083740104856e-20,0.9952027922888196,0
1186,774.4,0.6499999999999773,0.6333333333333258,0.6472222222222399,1.0042918454934997,0.023226927437462495,1.0297659093266733,38.888888888888886,0.9999999999742858,0.9785407725321504,1.2844980124545674e-19,0.998617392993691,0
1187,775.0333333333333,0.6333333333333258,0.6527777777778283,0.6416666666667084,0.9870129870129111,0.022773299807561573,1.009654326765512,38.888888888888886,0.9999999999742858,1.01731601731603,2.5981445772257963e-19,0.999033730495158,0
1188,775.6861111111111,0.6527777777778283,0.6499999999999773,0.6416666666667084,1.01731601731603,0.022594948952821672,1.0017471409956802,38.888888888888886,0.9999999999742858,1.0129870129869119,1.2358506159015288e-19,0.9973439918224878,0
1189,776.3361111111111,0.6499999999999773,0.6361111111110631,0.6472222222222399,1.0042918454934997,0.023179028963954323,1.027642330335853,36.111111111111114,0.9285714285475513,0.98283261802565,9.408133213562781e-20,0.9969625684603958,0
1190,776.9722222222222,0.6361111111110631,0.6305555555555884,0.6472222222222399,0.98283261802565,0.024305265525892242,1.077574032255685,38.888888888888886,0.9999999999742858,0.9742489270386507,1.741394067231588e-18,0.9979675832026829,0
1191,777.6027777777778,0.6305555555555884,0.6305555555555884,0.6416666666667084,0.9826839826839701,0.023821834047684048,1.0561410959753887,41.666666666666664,1.0714285714010205,0.9826839826839701,6.770385219011295e-18,0.9957628079755458,0
1192,778.2333333333333,0.6305555555555884,0.6527777777777146,0.6374999999999886,0.9891067538127053,0.023966380836037294,1.0625495783435195,38.888888888888886,0.9999999999742858,1.0239651416121196,1.3294408754644083e-17,0.9943406334551956,0
1193,778.8861111111111,0.6527777777777146,0.6472222222222399,0.6374999999999886,1.0239651416121196,0.02416327162712231,1.0712787322561759,38.888888888888886,0.9999999999742858,1.0152505446623552,2.0407790618505085e-18,0.9971081717161987,0
1194,779.5333333333333,0.6472222222222399,0.6472222222222399,0.6416666666666515,1.00865800865806,0.021809825871984788,0.9669387064557184,33.333333333333336,0.8571428571208165,1.00865800865806,9.976542165264671e-21,0.9961373229797927,0
1195,780.1805555555555,0.6472222222222399,0.6194444444444116,0.6472222222222399,1.0,0.022674786775473618,1.0052867511427046,36.111111111111114,0.9285714285475513,0.9570815450643008,4.7419450164877836e-20,0.9957022277867775,0
1196,780.8,0.6194444444444116,0.6333333333333258,0.6416666666666515,0.965367965367937,0.022907117585709538,1.0155871384285975,36.111111111111114,0.9285714285475513,0.9870129870129986,1.2275020112260018e-18,0.9928907983290056,0
1197,781.4333333333333,0.6333333333333258,0.6305555555555884,0.6416666666666515,0.9870129870129986,0.023182017203677404,1.0277748139544465,36.111111111111114,0.9285714285475513,0.9826839826840571,1.5823065559223268e-18,0.991389068028738,0
1198,782.0638888888889,0.6305555555555884,0.6499999999999773,0.6347222222221944,0.9934354485777758,0.02365949961167063,1.0489439981859168,38.888888888888886,0.9999999999742858,1.024070021881847,7.832899956606577e-18,0.9945595780064469,0
1199,782.7138888888888,0.6499999999999773,0.6444444444445026,0.6347222222221944,1.024070021881847,0.02160160858273403,0.957707392207196,33.333333333333336,0.8571428571208165,1.0153172866522149,4.411034320492786e-20,0.991244598326688,0
1200,783.3583333333333,0.6444444444445026,0.6388888888889142,0.6388888888889142,1.008695652173964,0.025434057501624013,1.1276190284550218,38.888888888888886,0.9999999999742858,1.0,7.44276998142717e-17,0.9930996980574105,0
1201,783.9972222222223,0.6388888888889142,0.6361111111110631,0.6416666666667084,0.9956709956709704,0.02296371877915461,1.0180965525383143,36.111111111111114,0.9285714285475513,0.9913419913418521,5.943516039958893e-19,0.9928243359027231,0
1202,784.6333333333333,0.6361111111110631,0.6361111111110631,0.6416666666667084,0.9913419913418521,0.022932508302181024,1.0167128359323294,36.111111111111114,0.9285714285475513,0.9913419913418521,1.5601829642047425e-19,0.9969354455629711,0
1203,785.2694444444444,0.6361111111110631,0.6472222222222399,0.6374999999999886,0.9978213507624697,0.023398530109110756,1.0373739143754919,38.888888888888886,0.9999999999742858,1.0152505446623552,1.0686428017658054e-18,0.9976723585357198,0
1204,785.9166666666666,0.6472222222222399,0.6555555555555657,0.6374999999999886,1.0152505446623552,0.02843124775568346,1.2604994688708528,41.666666666666664,1.0714285714010205,1.0283224400871802,5.0963241602069304e-14,0.9922148155440015,0
1205,786.5722222222222,0.6555555555555657,0.6472222222222399,0.6374999999999886,1.0283224400871802,0.023127521090721734,1.0253587285956034,38.888888888888886,0.9999999999742858,1.0152505446623552,2.0620002253691916e-19,0.9983766679407934,0
1206,787.2194444444444,0.6472222222222399,0.6222222222222626,0.6416666666667084,1.0086580086579706,0.023221205358827643,1.0295122209503471,38.888888888888886,0.9999999999742858,0.9696969696969697,1.3825777224137748e-19,0.9986756647930257,0
1207,787.8416666666667,0.6222222222222626,0.625,0.6416666666667084,0.9696969696969697,0.02242189356947764,0.9940747299687392,38.888888888888886,0.9999999999742858,0.9740259740259107,1.17218394587e-19,0.99893901780521,0
1208,788.4666666666667,0.625,0.6444444444443889,0.6416666666667084,0.9740259740259107,0.02758101858647376,1.2228045556747518,38.888888888888886,0.9999999999742858,1.0043290043288524,1.095139654823515e-14,0.9920106818515209,0
1209,789.1111111111111,0.6444444444443889,0.6416666666666515,0.6416666666666515,1.0043290043289415,0.021940782931880596,0.9727446881650704,36.111111111111114,0.9285714285475513,1.0,1.857283977443085e-20,0.9975893352102307,0
1210,789.7527777777777,0.6416666666666515,0.6416666666666515,0.6402777777777828,1.0021691973969316,0.02403691448841204,1.0656766880687027,38.888888888888886,0.9999999999742858,1.0021691973969316,1.5382528810517074e-18,0.9980581216825498,0
1211,790.3944444444444,0.6416666666666515,0.6361111111111768,0.6416666666666515,1.0,0.02814326376147633,1.2477316974785888,41.666666666666664,1.0714285714010205,0.9913419913421171,1.5752603757003547e-14,0.9938568810141464,0
1212,791.0305555555556,0.6361111111111768,0.6388888888889142,0.6416666666666515,0.9913419913421171,0.022018478383053867,0.9761893162650811,36.111111111111114,0.9285714285475513,0.9956709956710585,2.6173224042986688e-20,0.9979017808697201,0
1213,791.6694444444445,0.6388888888889142,0.625,0.6416666666666515,0.9956709956710585,0.021718418006477187,0.9628861384181473,38.888888888888886,0.9999999999742858,0.974025974025997,2.9413317967338174e-20,0.997287622933439,0
1214,792.2944444444445,0.625,0.6472222222222399,0.6402777777777828,0.976138828633398,0.0225463624889933,0.9995930599516031,36.111111111111114,0.9285714285475513,1.0108459869848352,2.43775348096994e-19,0.9963858842340872,0
1215,792.9416666666667,0.6472222222222399,0.658333333333303,0.6402777777777828,1.0108459869848352,0.027999699306574772,1.2413667668674806,38.888888888888886,0.9999999999742858,1.028199566160465,4.218372308092185e-15,0.9942175476819037,0
1216,793.6,0.658333333333303,0.6388888888889142,0.6402777777777828,1.028199566160465,0.029125923224259095,1.2912979082042852,36.111111111111114,0.9285714285475513,0.9978308026030684,6.439139044016329e-14,0.9863041677059291,0
1217,794.2388888888889,0.6388888888889142,0.6333333333333258,0.6402777777777828,0.9978308026030684,0.029021351943085624,1.2866617400870433,38.888888888888886,0.9999999999742858,0.9891540130151647,8.648792538265906e-14,0.990688855517188,0
1218,794.8722222222223,0.6333333333333258,0.6388888888888005,0.6402777777777828,0.9891540130151647,0.022534685493508,0.9990753603158463,38.888888888888886,0.9999999999742858,0.9978308026028909,1.7098757717069326e-19,0.9981548144933841,0
1219,795.5111111111111,0.6388888888888005,0.6527777777778283,0.6388888888889142,0.999999999999822,0.02800234770150946,1.2414841834661898,38.888888888888886,0.9999999999742858,1.0217391304348213,1.5825482471785307e-14,0.9913587458300781,0
1220,796.1638888888889,0.6527777777778283,0.6388888888889142,0.6388888888889142,1.0217391304348213,0.021530525447693336,0.9545559211660928,36.111111111111114,0.9285714285475513,1.0,8.003574232657918e-21,0.9970833177613647,0
1221,796.8027777777778,0.6388888888889142,0.6416666666666515,0.6388888888889142,1.0,0.0236589869307758,1.048921268476648,41.666666666666664,1.0714285714010205,1.004347826086893,6.658355185569563e-18,0.9951573521220227,0
1222,797.4444444444445,0.6416666666666515,0.6527777777777146,0.6388888888889142,1.004347826086893,0.031168822238724456,1.3818698431688916,55.55555555555556,1.4285714285346942,1.0217391304346433,4.234574291217541e-08,0.9774113763406463,0
1223,798.0972222222222,0.6527777777777146,0.6305555555555884,0.6402777777777828,1.0195227765725614,0.02493826578742394,1.1056381010687155,41.666666666666664,1.0714285714010205,0.9848156182213017,1.8811521460638016e-17,0.995247526900993,0
1224,798.7277777777778,0.6305555555555884,0.6361111111111768,0.6402777777777828,0.9848156182213017,0.023413437091986285,1.0380348155135122,41.666666666666664,1.0714285714010205,0.9934924078092053,3.737450161698345e-18,0.9961678023903178,0
1225,799.3638888888889,0.6361111111111768,0.6333333333333258,0.6388888888889142,0.9956521739131069,0.021906512626446956,0.9712253140535875,38.888888888888886,0.9999999999742858,0.9913043478260359,6.723689787758122e-20,0.9971785937260795,0
1226,799.9972222222223,0.6333333333333258,0.6499999999999773,0.6388888888888573,0.9913043478261241,0.02259092643670496,1.0015688027295508,38.888888888888886,0.9999999999742858,1.0173913043478409,1.8057200260607155e-19,0.9993716643997992,0
1227,800.6472222222222,0.6499999999999773,0.625,0.6388888888888573,1.0173913043478409,0.022748604136751446,1.0085594441136119,38.888888888888886,0.9999999999742858,0.9782608695652657,6.065710261972523e-20,0.9989693841899017,0
1228,801.2722222222222,0.625,0.625,0.6388888888888573,0.9782608695652657,0.023271603361810136,1.0317466165891696,38.888888888888886,0.9999999999742858,0.9782608695652657,1.985141653079273e-18,0.9948316202749126,0
1229,801.8972222222222,0.625,0.6333333333333258,0.6375000000000455,0.9803921568626751,0.031084999643396897,1.3781535681113313,41.666666666666664,1.0714285714010205,0.9934640522874989,2.2962745593879674e-10,0.9836133686286377,0
1230,802.5305555555556,0.6333333333333258,0.6222222222222626,0.6347222222222513,0.9978118161925026,0.022694013990778996,1.0061391898006404,38.888888888888886,0.9999999999742858,0.9803063457330604,8.176614180637674e-19,0.9938158849299736,0
1231,803.1527777777778,0.6222222222222626,0.625,0.6333333333333258,0.9824561403509527,0.02865965071419844,1.2706257148369346,41.666666666666664,1.0714285714010205,0.9868421052631697,1.1760282689083495e-13,0.9938822521300602,0
1232,803.7777777777778,0.625,0.6277777777777374,0.6319444444444571,0.9890109890109693,0.02214010917892962,0.9815818180264249,38.888888888888886,0.9999999999742858,0.9934065934065096,2.3529656587256647e-19,0.9967351189971605,0
1233,804.4055555555556,0.6277777777777374,0.6472222222222399,0.6291666666666629,0.997792494481178,0.020847147509277596,0.9242583578718858,36.111111111111114,0.9285714285475513,1.0286975717439637,3.6991071091322443e-20,0.9948320564827213,0
1234,805.0527777777778,0.6472222222222399,0.6333333333333258,0.6305555555555316,1.026431718061741,0.02291966600944888,1.0161434728390506,38.888888888888886,0.9999999999742858,1.0044052863436386,1.6805882788967562e-19,0.998963668629375,0
1235,805.6861111111111,0.6333333333333258,0.6305555555555884,0.6305555555555316,1.0044052863436386,0.02267568680307614,1.0053266538696162,36.111111111111114,0.9285714285475513,1.0000000000000902,7.714955891977821e-20,0.9991989481806482,0
1236,806.3166666666667,0.6305555555555884,0.6277777777777374,0.6291666666666629,1.002207505518822,0.02825081881221607,1.2525001510300062,47.22222222222222,1.21428571425449,0.997792494481178,1.3940518010790992e-11,0.9841682236266392,0
1237,806.9444444444445,0.6277777777777374,0.6416666666666515,0.6277777777777374,1.0,0.02209276909222169,0.97948299511635,38.888888888888886,0.9999999999742858,1.0221238938053514,1.5019022739366997e-19,0.9991675250284651,0
1238,807.5861111111111,0.6416666666666515,0.6555555555555657,0.6291666666666629,1.0198675496688563,0.023464260952873822,1.0402880915640471,38.888888888888886,0.9999999999742858,1.0419426048565346,1.4368754863335865e-18,0.9982074850853361,0
1239,808.2416666666667,0.6555555555555657,0.6444444444443889,0.6319444444444571,1.0373626373626326,0.02210929570735536,0.9802157026562102,36.111111111111114,0.9285714285475513,1.0197802197801114,3.740741112690084e-20,0.9963889284249628,0
1240,808.8861111111111,0.6444444444443889,0.6194444444445253,0.6319444444444571,1.0197802197801114,0.022795913624686873,1.0106569104270007,38.888888888888886,0.9999999999742858,0.9802197802198885,1.0316705167216759e-19,0.9989256002232139,0
1241,809.5055555555556,0.6194444444445253,0.6361111111110631,0.6319444444444571,0.9802197802198885,0.021139380150338997,0.9372144930373215,36.111111111111114,0.9285714285475513,1.0065934065933104,7.945868529850827e-20,0.9938212824906947,0
1242,810.1416666666667,0.6361111111110631,0.6472222222222399,0.6347222222221944,1.002188183807408,0.021960982076049965,0.973640217292597,36.111111111111114,0.9285714285475513,1.019693654267031,4.489891451615512e-20,0.9976980406755107,0
1243,810.7888888888889,0.6472222222222399,0.6416666666666515,0.6388888888888573,1.0130434782609474,0.028287952781549844,1.2541464856905358,38.888888888888886,0.9999999999742858,1.0043478260869825,2.0449640312819768e-14,0.9904839700171366,0
1244,811.4305555555555,0.6416666666666515,0.6388888888889142,0.6388888888888573,1.0043478260869825,0.02786073614437523,1.2352058345844392,41.666666666666664,1.0714285714010205,1.000000000000089,2.60968360772185e-14,0.9913655222957112,0
1245,812.0694444444445,0.6388888888889142,0.6444444444443889,0.6402777777777828,0.9978308026030684,0.022530466119324008,0.9988882943466144,36.111111111111114,0.9285714285475513,1.0065075921907947,8.009105841445653e-20,0.9973747223450107,0
1246,812.7138888888888,0.6444444444443889,0.6444444444445026,0.6416666666666515,1.0043290043289415,0.022336403082895417,0.9902845089465591,38.888888888888886,0.9999999999742858,1.0043290043291186,8.398435198849928e-20,0.9979487745774722,0
1247,813.3583333333333,0.6444444444445026,0.6222222222222626,0.6430555555555202,1.0021598272139685,0.022580061825782243,1.0010871201662228,36.111111111111114,0.9285714285475513,0.9676025917927726,1.9032438771106358e-20,0.9990135776620268,0
1248,813.9805555555556,0.6222222222222626,0.6444444444443889,0.6430555555555202,0.9676025917927726,0.021916383414759412,0.9716629354880073,38.888888888888886,0.9999999999742858,1.0021598272137915,8.665988706684765e-20,0.9987525933416372,0
1249,814.625,0.6444444444443889,0.6499999999999773,0.6430555555555202,1.0021598272137915,0.02240041472104068,0.993122465148025,38.888888888888886,0.9999999999742858,1.0107991360691346,6.096308189818743e-20,0.9994478995324214,0
1250,815.275,0.6499999999999773,0.6444444444445026,0.6430555555555202,1.0107991360691346,0.022064019068644726,0.9782083627203256,36.111111111111114,0.9285714285475513,1.0021598272139685,3.700250298588187e-20,0.9954433346374771,0
1251,815.9194444444445,0.6444444444445026,0.6305555555554747,0.6444444444443889,1.0000000000001763,0.02364622058933755,1.0483552726842502,38.888888888888886,0.9999999999742858,0.9784482758620279,4.2677952019791287e-19,0.9980822969744058,0
1252,816.55,0.6305555555554747,0.650000000000091,0.6444444444443889,0.9784482758620279,0.021516154448724647,0.9539187828764603,38.888888888888886,0.9999999999742858,1.0086206896554006,7.055565635506907e-20,0.9965207246699485,0
1253,817.2,0.650000000000091,0.6611111111110404,0.6444444444443889,1.0086206896554006,0.021512689460978434,0.9537651626325906,36.111111111111114,0.9285714285475513,1.025862068965496,1.4056464326046863e-20,0.9967296497740125,0
1254,817.8611111111111,0.6611111111110404,0.6472222222222399,0.6444444444444457,1.0258620689654054,0.022659217213444452,1.004596474555586,36.111111111111114,0.9285714285475513,1.0043103448276116,1.8318964796623828e-20,0.9988363812067745,0
1255,818.5083333333333,0.6472222222222399,0.6611111111111541,0.6444444444445026,1.004310344827523,0.03509478124080093,1.5559272492824483,66.66666666666667,1.714285714241633,1.0258620689654914,0.0010166169377043843,0.9520774052771346,0
1256,819.1694444444445,0.6611111111111541,0.6666666666666288,0.6458333333333712,1.023655913978501,0.02338118571583271,1.0366049506387354,38.888888888888886,0.9999999999742858,1.0322580645160098,2.563666913812762e-19,0.998607849805483,0
1257,819.8361111111111,0.6666666666666288,0.6527777777778283,0.6486111111111086,1.027837259100588,0.028518021746528812,1.2643465940590364,38.888888888888886,0.9999999999742858,1.0064239828694608,8.673021915722116e-15,0.9908253382081523,0
1258,820.4888888888889,0.6527777777778283,0.6472222222221262,0.6500000000000341,1.0042735042735293,0.022755407291960718,1.008861062023653,38.888888888888886,0.9999999999742858,0.9957264957262958,7.536727550541054e-20,0.9981847398261914,0
1259,821.1361111111111,0.6472222222221262,0.6555555555555657,0.6500000000000341,0.9957264957262958,0.021114409239819665,0.9361074076319492,33.333333333333336,0.8571428571208165,1.0085470085469712,1.6629471619549319e-21,0.9974039357790997,0
1260,821.7916666666666,0.6555555555555657,0.5611111111111313,0.6513888888889596,1.0063965884860469,0.02292557510936522,1.016405452804547,38.888888888888886,0.9999999999742858,0.8614072494668884,9.264919653637582e-21,0.998667094996994,0
1261,822.3527777777778,0.5611111111111313,0.7611111111111768,0.6513888888889596,0.8614072494668884,0.034388961414123065,1.524634724793504,105.55555555555556,2.7142857142159187,1.1684434968016797,0.997287392616272,0.36487336388519387,1
1262,823.1138888888889,0.7611111111111768,0.6722222222222172,0.654166666666697,1.163481953290917,0.02260642585280614,1.0022559693967064,38.888888888888886,0.9999999999742858,1.027600849256845,6.453731902566108e-22,0.9988303453797271,0
1263,823.7861111111112,0.6722222222222172,0.6333333333333258,0.658333333333303,1.0210970464135414,0.02128487144486505,0.9436648500899332,36.111111111111114,0.9285714285475513,0.962025316455729,6.871980653369006e-22,0.997429448840904,0
1264,824.4194444444445,0.6333333333333258,0.6472222222222399,0.654166666666697,0.9681528662419817,0.020471031583643527,0.9075832569909953,33.333333333333336,0.8571428571208165,0.9893842887473272,7.985180268267571e-22,0.9971570568002076,0
1265,825.0666666666667,0.6472222222222399,0.6611111111110404,0.654166666666697,0.9893842887473272,0.022843081553632363,1.0127481007220747,38.888888888888886,0.9999999999742858,1.010615711252499,1.2562752561891116e-19,0.9984523582210943,0
1266,825.7277777777778,0.6611111111110404,0.6527777777778283,0.654166666666697,1.010615711252499,0.023100176817237028,1.0241464201348451,38.888888888888886,0.9999999999742858,0.9978768577495002,7.31831826461467e-20,0.9986309267499125,0
1267,826.3805555555556,0.6527777777778283,0.6611111111110404,0.6527777777778283,1.0,0.022793935696112783,1.010569218956738,38.888888888888886,0.9999999999742858,1.0127659574466217,9.814309267364435e-20,0.9983375245959846,0
1268,827.0416666666666,0.6611111111110404,0.6416666666666515,0.654166666666697,1.010615711252499,0.02163021046841539,0.9589754569090998,36.111111111111114,0.9285714285475513,0.9808917197451543,1.6778066255931052e-21,0.99914741615814,0
1269,827.6833333333333,0.6416666666666515,0.6611111111111541,0.654166666666697,0.9808917197451543,0.02319495186649433,1.0283482722757578,38.888888888888886,0.9999999999742858,1.0106157112526728,2.396254605119979e-19,0.9990580757155896,0
1270,828.3444444444444,0.6611111111111541,0.6555555555555657,0.6569444444444343,1.0063424947146686,0.02185498531233947,0.9689408504020812,38.888888888888886,0.9999999999742858,0.9978858350951681,6.24780583433169e-21,0.9996198390830696,0
1271,829.0,0.6555555555555657,0.6805555555555429,0.658333333333303,0.9957805907173608,0.02284763935311872,1.0129501707782729,38.888888888888886,0.9999999999742858,1.0337552742616318,1.120598377931779e-19,0.9985957540569926,0
1272,829.6805555555555,0.6805555555555429,0.6555555555555657,0.658333333333303,1.0337552742616318,0.02183664821356216,0.9681278750635364,38.888888888888886,0.9999999999742858,0.9957805907173608,2.2873137309902017e-21,0.9995891771630998,0
1273,830.3361111111111,0.6555555555555657,0.6666666666666288,0.6555555555555657,1.0,0.023801230602037447,1.0552276421404527,38.888888888888886,0.9999999999742858,1.0169491525422993,4.720217760605886e-19,0.9982987882998821,0
1274,831.0027777777777,0.6666666666666288,0.6583333333334167,0.658333333333303,1.0126582278480902,0.02271930582438327,1.007260503332108,38.888888888888886,0.9999999999742858,1.0000000000001728,2.386966013075862e-20,0.999140398654598,0
1275,831.6611111111112,0.6583333333334167,0.6777777777776919,0.6597222222222285,0.9978947368422221,0.027749535950522465,1.2302757736003331,38.888888888888886,0.9999999999742858,1.0273684210524916,2.3059112501117984e-15,0.9922872310116783,0
1276,832.3388888888888,0.6777777777776919,0.6638888888888914,0.6597222222222285,1.0273684210524916,0.027896634841086232,1.23679740342891,38.888888888888886,0.9999999999742858,1.0063157894736785,3.927680923808554e-16,0.9939365272274249,0
1277,833.0027777777777,0.6638888888888914,0.6555555555555657,0.6611111111110972,1.0042016806722938,0.023047994780433175,1.0218329293503012,38.888888888888886,0.9999999999742858,0.9915966386554983,4.544307334341857e-20,0.9986540981141736,0
1278,833.6583333333333,0.6555555555555657,0.683333333333394,0.6597222222222854,0.993684210526236,0.030128081856022806,1.3357286146550769,36.111111111111114,0.9285714285475513,1.0357894736842033,6.139410811331625e-13,0.9846764307040652,0
1279,834.3416666666667,0.683333333333394,0.6611111111110404,0.6625000000000227,1.0314465408805593,0.022329248715508024,0.9899673200433702,38.888888888888886,0.9999999999742858,0.9979035639411588,5.0716858658391296e-21,0.9990969043327698,0
1280,835.0027777777777,0.6611111111110404,0.6472222222222399,0.6624999999999659,0.9979035639412444,0.022948869475775,1.0174382086209477,38.888888888888886,0.9999999999742858,0.9769392033543747,3.395877559971936e-20,0.9986177886967025,0
1281,835.65,0.6472222222222399,0.6555555555555657,0.6624999999999659,0.9769392033543747,0.027695940183557106,1.2278996050841253,41.666666666666664,1.0714285714010205,0.9895178197065652,8.571815031052383e-15,0.9917418585966022,0
1282,836.3055555555555,0.6555555555555657,0.6861111111111313,0.6597222222222285,0.9936842105263216,0.023552147023255015,1.0441845208023488,38.888888888888886,0.9999999999742858,1.0400000000000207,4.394878836894772e-19,0.9982677677014641,0
1283,836.9916666666667,0.6861111111111313,0.6694444444444798,0.6624999999999659,1.0356394129979873,0.02126241854542653,0.9426694007146517,36.111111111111114,0.9285714285475513,1.0104821802936064,4.570101192676411e-22,0.9986613280026546,0
1284,837.6611111111112,0.6694444444444798,0.6305555555554747,0.6624999999999659,1.0104821802936064,0.021273861800603904,0.9431767374730377,38.888888888888886,0.9999999999742858,0.9517819706498222,8.068526893892154e-22,0.9990924278822533,0
1285,838.2916666666666,0.6305555555554747,0.6444444444445026,0.6624999999999659,0.9517819706498222,0.03029612491590767,1.3431788043038924,52.77777777777778,1.3571428571079593,0.972746331237035,1.044315212084257e-08,0.9779584476768091,0
1286,838.9361111111111,0.6444444444445026,0.6555555555555657,0.658333333333303,0.9789029535866313,0.022823724161978996,1.0118898906952947,38.888888888888886,0.9999999999742858,0.9957805907173608,1.4705004299326554e-19,0.9972852771030389,0
1287,839.5916666666667,0.6555555555555657,0.6805555555555429,0.6555555555555657,1.0,0.021487097223748704,0.9526305307053358,36.111111111111114,0.9285714285475513,1.0381355932203038,9.561719166004997e-21,0.9969558582484025,0
1288,840.2722222222222,0.6805555555555429,0.6611111111110404,0.658333333333303,1.0337552742616318,0.022868472069618537,1.0138737893372896,36.111111111111114,0.9285714285475513,1.0042194092826393,7.911898548538747e-21,0.9987619499370125,0
1289,840.9333333333333,0.6611111111110404,0.6583333333334167,0.658333333333303,1.0042194092826393,0.02772043618892926,1.2289856355681334,41.666666666666664,1.0714285714010205,1.0000000000001728,2.615023853992757e-15,0.9935643515000054,0
1290,841.5916666666667,0.6583333333334167,0.6472222222222399,0.6569444444444912,1.0021141649049181,0.021351242363373348,0.9466074049945612,38.888888888888886,0.9999999999742858,0.9852008456659188,2.7026504869584535e-21,0.9993665153506359,0
1291,842.2388888888889,0.6472222222222399,0.6611111111110404,0.6569444444444912,0.9852008456659188,0.02273616642743362,1.0080080182274245,38.888888888888886,0.9999999999742858,1.0063424947144084,7.258569328759345e-20,0.9991482952435411,0
1292,842.9,0.6611111111110404,0.6888888888888687,0.6597222222222285,1.0021052631577778,0.02209809147939707,0.97971896317042,36.111111111111114,0.9285714285475513,1.0442105263157488,1.2098632021503983e-20,0.9985442405980355,0
1293,843.5888888888888,0.6888888888888687,0.6777777777778056,0.6597222222222285,1.0442105263157488,0.023779528872662735,1.0542654958925823,38.888888888888886,0.9999999999742858,1.027368421052664,8.191221285526566e-20,0.9989043016442124,0
1294,844.2666666666667,0.6777777777778056,0.6666666666666288,0.6597222222222285,1.027368421052664,0.02210920951782933,0.9802118814432715,38.888888888888886,0.9999999999742858,1.0105263157894067,7.928939761627047e-21,0.9983270604900472,0
1295,844.9333333333333,0.6666666666666288,0.6305555555555884,0.6611111111110404,1.0084033613445884,0.02128106987354809,0.9434963074122751,36.111111111111114,0.9285714285475513,0.9537815126051937,4.139150140468773e-22,0.9990921426269289,0
1296,845.5638888888889,0.6305555555555884,0.6666666666667425,0.6611111111110404,0.9537815126051937,0.023217089357428868,1.02932973801391,38.888888888888886,0.9999999999742858,1.0084033613447603,4.698086026329147e-19,0.9986714036831458,0
1297,846.2305555555556,0.6666666666667425,0.6666666666666288,0.6638888888888346,1.0041841004186063,0.0224554394502646,0.9955619867109733,36.111111111111114,0.9285714285475513,1.004184100418435,6.81902574608784e-21,0.9988072252722389,0
1298,846.8972222222222,0.6666666666666288,0.6777777777778056,0.6638888888888346,1.004184100418435,0.02329499110885231,1.0327835124362348,38.888888888888886,0.9999999999742858,1.0209205020921757,8.193251755436442e-20,0.9991065346100418,0
1299,847.575,0.6777777777778056,0.6638888888888914,0.6666666666666288,1.016666666666766,0.021476718869509144,0.9521704063337593,38.888888888888886,0.9999999999742858,0.9958333333333937,1.4057262022194223e-21,0.9991321148372656,0
1300,848.2388888888889,0.6638888888888914,0.6361111111110631,0.6666666666666288,0.9958333333333937,0.02264764798072365,1.0040835525823708,36.111111111111114,0.9285714285475513,0.954166666666649,8.470599275594363e-21,0.9969852594609182,0
1301,848.875,0.6361111111110631,0.6749999999999545,0.6666666666666288,0.954166666666649,0.02327121376843267,1.0317293439654145,38.888888888888886,0.9999999999742858,1.0124999999999893,4.65438245565279e-19,0.998193360215795,0
1302,849.55,0.6749999999999545,0.650000000000091,0.6666666666666856,1.012499999999903,0.02281982612221414,1.0117170710886612,36.111111111111114,0.9285714285475513,0.9750000000001087,8.999243619611041e-21,0.9970709655830783,0
1303,850.2,0.650000000000091,0.6722222222222172,0.6666666666666288,0.9750000000001918,0.027392840347705786,1.2144616727996003,41.666666666666664,1.0714285714010205,1.008333333333383,4.562922864662132e-15,0.9919516109212807,0
1304,850.8722222222223,0.6722222222222172,0.6611111111110404,0.6666666666666288,1.008333333333383,0.022156520530059377,0.9823094153362678,36.111111111111114,0.9285714285475513,0.991666666666617,3.128081027442483e-21,0.9980925885184784,0
1305,851.5333333333333,0.6611111111110404,0.6805555555555429,0.6652777777777601,0.9937369519832187,0.028077404095883867,1.2448118089737756,41.666666666666664,1.0714285714010205,1.0229645093945803,9.607890485540792e-15,0.991976121910259,0
1306,852.2138888888888,0.6805555555555429,0.650000000000091,0.6666666666666856,1.0208333333332853,0.022441439005361913,0.9949412769371554,38.888888888888886,0.9999999999742858,0.9750000000001087,4.674145609944272e-21,0.9989134343597473,0
1307,852.8638888888889,0.650000000000091,0.655555555555452,0.6652777777777601,0.9770354906055907,0.022911535313682053,1.0157829984137385,38.888888888888886,0.9999999999742858,0.9853862212942337,5.548211207357718e-20,0.9988165840716555,0
1308,853.5194444444444,0.655555555555452,0.650000000000091,0.6624999999999659,0.9895178197063935,0.022913620661159532,1.0158754523014597,36.111111111111114,0.9285714285475513,0.9811320754718859,1.943849559457753e-20,0.9984968254336757,0
1309,854.1694444444445,0.650000000000091,0.6861111111111313,0.6583333333332462,0.9873417721521676,0.02334376608756528,1.034945951288381,38.888888888888886,0.9999999999742858,1.042194092827173,3.755771178290629e-19,0.9986985909242949,0
1310,854.8555555555556,0.6861111111111313,0.6833333333332803,0.6583333333332462,1.042194092827173,0.022937046640113465,1.0169140431604664,38.888888888888886,0.9999999999742858,1.0379746835443606,3.5757912819067804e-20,0.9983052079378676,0
1311,855.5388888888889,0.6833333333332803,0.6611111111111541,0.6666666666666288,1.0249999999999786,0.02786852051779195,1.2355509548071457,41.666666666666664,1.0714285714010205,0.9916666666667875,1.2185369392388266e-15,0.9923677533618462,0
1312,856.2,0.6611111111111541,0.658333333333303,0.6611111111110972,1.000000000000086,0.023069031809344397,1.0227656061007937,36.111111111111114,0.9285714285475513,0.9957983193277061,3.134999335056916e-20,0.9978557676042024,0
1313,856.8583333333333,0.658333333333303,0.6694444444444798,0.6611111111110972,0.9957983193277061,0.023503792707784334,1.0420407320565233,36.111111111111114,0.9285714285475513,1.0126050420168815,1.6002369881691208e-19,0.9964693643316127,0
1314,857.5277777777778,0.6694444444444798,0.6888888888888687,0.6611111111110972,1.0126050420168815,0.02310910674598714,1.0245423285572717,36.111111111111114,0.9285714285475513,1.0420168067226805,8.027060184382028e-20,0.9965318766670919,0
1315,858.2166666666667,0.6888888888888687,0.658333333333303,0.6652777777778169,1.0354906054278836,0.023738862591731077,1.0524625561849832,41.666666666666664,1.0714285714010205,0.9895615866387271,1.2668240061976648e-19,0.9977837505384559,0
1316,858.875,0.658333333333303,0.6666666666666288,0.6597222222222285,0.9978947368420498,0.022250947766389997,0.9864958471898573,38.888888888888886,0.9999999999742858,1.0105263157894067,1.7721787246387425e-20,0.999394218067539,0
1317,859.5416666666666,0.6666666666666288,0.6583333333334167,0.6638888888888914,1.0041841004183492,0.022628603460587107,1.0032392137153856,38.888888888888886,0.9999999999742858,0.9916317991633017,3.17125181787176e-20,0.9971329108881368,0
1318,860.2,0.6583333333334167,0.6666666666666288,0.6638888888888914,0.9916317991633017,0.022128955107587788,0.9810873022344011,36.111111111111114,0.9285714285475513,1.0041841004183492,1.647862041183832e-20,0.9958369943761938,0
1319,860.8666666666667,0.6666666666666288,0.6527777777777146,0.6666666666666288,1.0,0.02271033626970836,1.0068628380941667,41.666666666666664,1.0714285714010205,0.9791666666666275,1.0423631832321162e-19,0.9958591904992156,0
1320,861.5194444444444,0.6527777777777146,0.6666666666667425,0.6638888888888914,0.983263598326261,0.023077045345907737,1.0231208862724086,36.111111111111114,0.9285714285475513,1.0041841004185204,4.674593450697787e-20,0.9981631364095485,0
1321,862.1861111111111,0.6666666666667425,0.6833333333332803,0.6638888888888914,1.0041841004185204,0.023931762419434285,1.0610147707221227,38.888888888888886,0.9999999999742858,1.0292887029287865,2.854832162985955e-19,0.9989848729433065,0
1322,862.8694444444444,0.6833333333332803,0.6666666666667425,0.6666666666666288,1.0249999999999786,0.022139983493850914,0.98157624577802,36.111111111111114,0.9285714285475513,1.0000000000001705,3.960333573853975e-21,0.9961952258435416,0
1323,863.5361111111112,0.6666666666667425,0.6527777777777146,0.6666666666666856,1.0000000000000853,0.02426320049204669,1.0757090788327475,41.666666666666664,1.0714285714010205,0.9791666666665441,7.899390802195121e-19,0.9974654549948322,0
1324,864.1888888888889,0.6527777777777146,0.6666666666667425,0.6666666666666288,0.9791666666666275,0.02233238010918521,0.9901061503930205,38.888888888888886,0.9999999999742858,1.0000000000001705,1.8778870754854776e-20,0.9994578255040523,0
1325,864.8555555555556,0.6666666666667425,0.6944444444443434,0.6666666666666288,1.0000000000001705,0.02397963191952943,1.063137065176575,38.888888888888886,0.9999999999742858,1.0416666666665744,3.800405068662166e-19,0.9988670953348777,0
1326,865.55,0.6944444444443434,0.6694444444444798,0.6666666666666856,1.0416666666664856,0.022173132405737487,0.9830459029026645,38.888888888888886,0.9999999999742858,1.004166666666691,3.421765889764145e-21,0.9981098958505907,0
1327,866.2194444444444,0.6694444444444798,0.6527777777778283,0.6666666666667425,1.0041666666666056,0.02311764602453877,1.0249209175017795,41.666666666666664,1.0714285714010205,0.9791666666666311,1.0866144379468622e-19,0.9973149065763991,0
1328,866.8722222222223,0.6527777777778283,0.6555555555555657,0.6666666666667425,0.9791666666666311,0.027682835625650673,1.2273186144634254,38.888888888888886,0.9999999999742858,0.9833333333332367,1.5205718416916466e-15,0.9917971311890303,0
1329,867.5277777777778,0.6555555555555657,0.6861111111110176,0.6666666666667425,0.9833333333332367,0.022895572862307163,1.0150753030761006,38.888888888888886,0.9999999999742858,1.0291666666664094,8.021764289757128e-20,0.9991257127348523,0
1330,868.2138888888888,0.6861111111110176,0.683333333333394,0.6666666666667425,1.0291666666664094,0.021779041553168385,0.9655738835731255,36.111111111111114,0.9285714285475513,1.0249999999999744,2.139849197808626e-21,0.9971426189033011,0
1331,868.8972222222222,0.683333333333394,0.6694444444444798,0.6680555555556111,1.0228690228690285,0.023822355493513976,1.0561642142780858,38.888888888888886,0.9999999999742858,1.0020790020789716,8.735822783664701e-20,0.9979010058041008,0
1332,869.5666666666667,0.6694444444444798,0.6638888888888914,0.6680555555556111,1.0020790020789716,0.02307181195369786,1.022888863810446,38.888888888888886,0.9999999999742858,0.9937629937629149,2.611328899149354e-20,0.9993139390370754,0
1333,870.2305555555556,0.6638888888888914,0.658333333333303,0.6680555555556111,0.9937629937629149,0.022239609845859012,0.9859931804433881,38.888888888888886,0.9999999999742858,0.985446985446858,7.587466033833232e-21,0.9992440585846396,0
1334,870.8888888888889,0.658333333333303,0.6666666666666288,0.6680555555556111,0.985446985446858,0.022558945367247507,1.0001509219030935,38.888888888888886,0.9999999999742858,0.9979209979208582,3.223380029216513e-20,0.9980123772314722,0
1335,871.5555555555555,0.6666666666666288,0.6722222222222172,0.6680555555555543,0.9979209979209431,0.02274520625053087,1.0084087988161166,38.888888888888886,0.9999999999742858,1.0062370062370005,2.2869921887608787e-20,0.9991628461992659,0
1336,872.2277777777778,0.6722222222222172,0.6777777777778056,0.6680555555555543,1.0062370062370005,0.02277324525390605,1.0096519081290034,38.888888888888886,0.9999999999742858,1.0145530145530581,2.1980704344701416e-20,0.9990619240678857,0
1337,872.9055555555556,0.6777777777778056,0.658333333333303,0.6680555555555543,1.0145530145530581,0.02269089295374625,1.0060008186128575,38.888888888888886,0.9999999999742858,0.985446985446942,7.784988524616512e-21,0.9994142889989757,0
1338,873.5638888888889,0.658333333333303,0.6638888888888914,0.6680555555555543,0.985446985446942,0.02362231357866232,1.047295355282194,38.888888888888886,0.9999999999742858,0.9937629937629994,1.7170067148219932e-19,0.9980637612586238,0
1339,874.2277777777778,0.6638888888888914,0.6611111111111541,0.6680555555555543,0.9937629937629994,0.023662121658362213,1.0490602466351757,38.888888888888886,0.9999999999742858,0.9896049896050557,9.709780133566728e-20,0.9989122939525679,0
1340,874.8888888888889,0.6611111111111541,0.6722222222222172,0.6652777777777601,0.9937369519833895,0.02298110672583566,1.0188674472153458,38.888888888888886,0.9999999999742858,1.0104384133611883,6.028203437306926e-20,0.9986451070175362,0
1341,875.5611111111111,0.6722222222222172,0.6777777777778056,0.6652777777777601,1.0104384133611883,0.0228753616477354,1.0141792388072417,38.888888888888886,0.9999999999742858,1.0187891440501733,3.17619163709235e-20,0.9988633962663875,0
1342,876.2388888888889,0.6777777777778056,0.6694444444443661,0.6652777777777601,1.0187891440501733,0.023298961146166298,1.0329595240544613,38.888888888888886,0.9999999999742858,1.0062630480166106,3.461138232893249e-20,0.9992219403585532,0
1343,876.9083333333333,0.6694444444443661,0.6694444444444798,0.6680555555554974,1.002079002078972,0.02459569327606277,1.0904501475771495,38.888888888888886,0.9999999999742858,1.0020790020791421,6.476901227484751e-19,0.9977658125279345,0
1344,877.5777777777778,0.6694444444444798,0.6722222222222172,0.669444444444423,1.0000000000000848,0.028879346496834393,1.2803659281299102,41.666666666666664,1.0714285714010205,1.0041493775933856,2.1818826720408982e-14,0.9918993562603846,0
1345,878.25,0.6722222222222172,0.6638888888888914,0.6708333333333485,1.002070393374711,0.02184709891420944,0.9685912069133525,36.111111111111114,0.9285714285475513,0.9896480331262754,3.415974817682707e-21,0.9960026572494548,0
1346,878.9138888888889,0.6638888888888914,0.6833333333332803,0.669444444444423,0.9917012448133136,0.022211993823294064,0.9847688239862051,36.111111111111114,0.9285714285475513,1.0207468879667585,1.464342167207426e-20,0.9963478713759313,0
1347,879.5972222222222,0.6833333333332803,0.683333333333394,0.669444444444423,1.0207468879667585,0.023280277368609773,1.0321311787110252,38.888888888888886,0.9999999999742858,1.0207468879669284,6.235166611507107e-20,0.997157256725808,0
1348,880.2805555555556,0.683333333333394,0.6972222222221944,0.6708333333333485,1.0186335403727382,0.02278011028379615,1.0099562692532358,36.111111111111114,0.9285714285475513,1.0393374741200179,9.875971058386288e-21,0.9983823781496532,0
1349,880.9777777777778,0.6972222222221944,0.6638888888888914,0.6722222222222172,1.0371900826445946,0.022587525525368777,1.0014180233135443,38.888888888888886,0.9999999999742858,0.9876033057851351,4.4140788944466065e-21,0.9978122323469992,0
1350,881.6416666666667,0.6638888888888914,0.6694444444444798,0.6722222222222172,0.9876033057851351,0.02884653234803696,1.278911112727996,41.666666666666664,1.0714285714010205,0.9958677685951014,1.7290952808554812e-14,0.9929010667441582,0
1351,882.3111111111111,0.6694444444444798,0.6694444444444798,0.6708333333333485,0.997929606625289,0.02260177481975351,1.002049765830021,36.111111111111114,0.9285714285475513,0.997929606625289,1.2008281118834604e-20,0.9967608643587955,0
1352,882.9805555555556,0.6694444444444798,0.7055555555555202,0.6694444444444798,1.0,0.022420478177852823,0.9940119785760935,38.888888888888886,0.9999999999742858,1.0539419087135844,4.845996582728712e-20,0.9976086216185218,0
1353,883.6861111111111,0.7055555555555202,0.6972222222221944,0.6708333333333485,1.0517598343684536,0.023157389475266892,1.0266829435290714,38.888888888888886,0.9999999999742858,1.0393374741200179,1.538304230873171e-20,0.9985381767592985,0
1354,884.3833333333333,0.6972222222221944,0.683333333333394,0.6777777777777487,1.0286885245901671,0.027955998961804455,1.2394293119289632,41.666666666666664,1.0714285714010205,1.008196721311608,6.386963529707182e-16,0.9925748095595588,0
1355,885.0666666666667,0.683333333333394,0.6638888888888914,0.6833333333333371,1.0000000000000833,0.02252842121581471,0.9987976335423643,38.888888888888886,0.9999999999742858,0.9715447154471528,2.9998351149089106e-21,0.999111265142876,0
1356,885.7305555555556,0.6638888888888914,0.691666666666606,0.6833333333333371,0.9715447154471528,0.022401280145488242,0.9931608337439402,38.888888888888886,0.9999999999742858,1.0121951219511252,1.4777368385758166e-20,0.9990158400275746,0
1357,886.4222222222222,0.691666666666606,0.7111111111111086,0.683333333333394,1.012195121951041,0.022969689620413958,1.0183612698064692,38.888888888888886,0.9999999999742858,1.040650406503969,2.1551447689987545e-20,0.9978835413977121,0
1358,887.1333333333333,0.7111111111111086,0.6888888888888687,0.6875,1.0343434343434306,0.023061224591285217,1.0224194730607836,38.888888888888886,0.9999999999742858,1.0020202020201727,5.084199395984695e-21,0.9976678766817654,0
1359,887.8222222222222,0.6888888888888687,0.6638888888888914,0.6861111111111313,1.0040485829958923,0.0223146934262398,0.9893220112426621,36.111111111111114,0.9285714285475513,0.9676113360323638,1.0314372744071558e-21,0.9975462603598243,0
1360,888.4861111111111,0.6638888888888914,0.6722222222222172,0.6861111111111313,0.9676113360323638,0.021209913236631458,0.9403415776652445,36.111111111111114,0.9285714285475513,0.9797570850202066,9.28320507076737e-22,0.9964917439846341,0
1361,889.1583333333333,0.6722222222222172,0.6916666666667197,0.6861111111111313,0.9797570850202066,0.02176516870693019,0.9649588308865449,38.888888888888886,0.9999999999742858,1.0080971659919504,4.727276616223032e-21,0.997504831455203,0
1362,889.85,0.6916666666667197,0.6888888888888687,0.6902777777777374,1.0020120724347432,0.02221857734052877,0.9850607042458744,36.111111111111114,0.9285714285475513,0.9979879275654215,1.4735256289577728e-21,0.9968586312735298,0
1363,890.5388888888889,0.6888888888888687,0.6888888888888687,0.6888888888888687,1.0,0.023328011442823923,1.0342474690585688,38.888888888888886,0.9999999999742858,1.0,1.3771027237992114e-20,0.9988822631010326,0
1364,891.2277777777778,0.6888888888888687,0.6861111111111313,0.6888888888888687,1.0,0.027242533854082387,1.2077978338781354,41.666666666666664,1.0714285714010205,0.9959677419355424,3.1303928980575186e-16,0.9914804533774471,0
1365,891.9138888888889,0.6861111111111313,0.6861111111111313,0.6888888888888687,0.9959677419355424,0.0214342406864877,0.9502871359406607,36.111111111111114,0.9285714285475513,0.9959677419355424,5.008945145339584e-22,0.9969640142452,0
1366,892.6,0.6861111111111313,0.6805555555555429,0.6888888888888687,0.9959677419355424,0.028291301341737976,1.25429494411821,41.666666666666664,1.0714285714010205,0.9879032258064623,2.4503824601449127e-15,0.9915380153677038,0
1367,893.2805555555556,0.6805555555555429,0.6972222222221944,0.6875,0.9898989898989715,0.02306645715365259,1.0226514587316757,38.888888888888886,0.9999999999742858,1.0141414141413738,3.214612560958304e-20,0.9973288005945997,0
1368,893.9777777777778,0.6972222222221944,0.6972222222221944,0.6875,1.0141414141413738,0.029322817138019912,1.300027200560784,41.666666666666664,1.0714285714010205,1.0141414141413738,1.0978752324299675e-14,0.9916278139186139,0
1369,894.675,0.6972222222221944,0.6861111111111313,0.6875,1.0141414141413738,0.02232275539952347,0.9896794388564425,38.888888888888886,0.9999999999742858,0.9979797979798274,1.8301562903707887e-21,0.9987303870688298,0
1370,895.3611111111111,0.6861111111111313,0.6888888888888687,0.6875,0.9979797979798274,0.027155200400042764,1.2039259048872737,38.888888888888886,0.9999999999742858,1.0020202020201727,7.639642937681731e-17,0.9927161605012824,0
1371,896.05,0.6888888888888687,0.6777777777778056,0.6888888888888687,1.0,0.023907710330808022,1.0599484212885992,38.888888888888886,0.9999999999742858,0.9838709677420047,3.018904536085099e-20,0.9985530205567119,0
1372,896.7277777777778,0.6777777777778056,0.6750000000000682,0.6875,0.9858585858586263,0.02443379836050551,1.0832725359286413,41.666666666666664,1.0714285714010205,0.9818181818182811,7.728037753365347e-19,0.9962457171082597,0
1373,897.4027777777778,0.6750000000000682,0.6833333333332803,0.6861111111111313,0.9838056680162648,0.022407246285938796,0.9934253426017207,38.888888888888886,0.9999999999742858,0.995951417003942,7.250457788877497e-21,0.9982579751917797,0
1374,898.0861111111111,0.6833333333332803,0.7055555555555202,0.6861111111111313,0.995951417003942,0.023776150847552104,1.0541157311374658,38.888888888888886,0.9999999999742858,1.0283400809715781,8.772188357578917e-20,0.9983096853260089,0
1375,898.7916666666666,0.7055555555555202,0.6694444444444798,0.6861111111111313,1.0283400809715781,0.021755865489938804,0.9645463727286334,36.111111111111114,0.9285714285475513,0.9757085020243144,3.632349190834597e-21,0.9894140378310856,0
1376,899.4611111111111,0.6694444444444798,0.6749999999999545,0.6847222222222058,0.9776876267749229,0.020986403874673005,0.9304322893196433,36.111111111111114,0.9285714285475513,0.9858012170384968,4.450631553350927e-22,0.9970954377812873,0
1377,900.1361111111111,0.6749999999999545,0.6583333333334167,0.6847222222222058,0.9858012170384968,0.027033011913260897,1.198508677897653,38.888888888888886,0.9999999999742858,0.9614604462476093,9.477055923623321e-17,0.9916423277157547,0
1378,900.7944444444445,0.6583333333334167,0.7111111111111086,0.6805555555555429,0.9673469387756507,0.029005499004501698,1.2859588999993765,41.666666666666664,1.0714285714010205,1.044897959183689,8.27475430840649e-14,0.9911508529680275,0
1379,901.5055555555556,0.7111111111111086,0.6861111111111313,0.6805555555555429,1.044897959183689,0.023147940794644068,1.0262640362405504,38.888888888888886,0.9999999999742858,1.008163265306171,5.1780722786059595e-21,0.998742622247599,0
1380,902.1916666666667,0.6861111111111313,0.6888888888888687,0.6805555555555429,1.008163265306171,0.023530530023442863,1.0432261310399313,36.111111111111114,0.9285714285475513,1.0122448979591727,1.4431253076128678e-20,0.9985714593495442,0
1381,902.8805555555556,0.6888888888888687,0.6666666666666288,0.6805555555555429,1.0122448979591727,0.027711590344042622,1.2285934550040887,38.888888888888886,0.9999999999742858,0.9795918367346563,1.4048773319618558e-16,0.9921142063166383,0
1382,903.5472222222222,0.6666666666666288,0.683333333333394,0.6791666666666742,0.9815950920244731,0.02991804105005845,1.3264164547866675,52.77777777777778,1.3571428571079593,1.0061349693252315,1.4764794942223602e-10,0.9822324698171614,0
1383,904.2305555555556,0.683333333333394,0.6777777777776919,0.6833333333333371,1.0000000000000833,0.02670466252624075,1.183951306673584,36.111111111111114,0.9285714285475513,0.9918699186990558,2.822974862996881e-17,0.9905971225678747,0
1384,904.9083333333333,0.6777777777776919,0.6777777777778056,0.6805555555555429,0.995918367346831,0.022235104016282606,0.9857934144733298,36.111111111111114,0.9285714285475513,0.9959183673469981,1.7711166780466e-21,0.9987508794905594,0
1385,905.5861111111111,0.6777777777778056,0.6833333333332803,0.6777777777777487,1.000000000000084,0.021954483311744096,0.9733520945543247,38.888888888888886,0.9999999999742858,1.0081967213114404,3.278000849170792e-21,0.9990164040060876,0
1386,906.2694444444444,0.6833333333332803,0.6694444444444798,0.6805555555555429,1.004081632653002,0.026620797621021697,1.180233155806836,38.888888888888886,0.9999999999742858,0.9836734693878253,4.4373690370100893e-17,0.9914529696725396,0
1387,906.9388888888889,0.6694444444444798,0.6777777777778056,0.6805555555555429,0.9836734693878253,0.02264238876581412,1.0038503852709286,38.888888888888886,0.9999999999742858,0.9959183673469981,1.3125378034771098e-20,0.998685258819255,0
1388,907.6166666666667,0.6777777777778056,0.6888888888888687,0.6805555555555429,0.9959183673469981,0.023169768260942997,1.0272317570353964,38.888888888888886,0.9999999999742858,1.0122448979591727,4.233644145661082e-20,0.9975033324631708,0
1389,908.3055555555555,0.6888888888888687,0.7027777777777828,0.6805555555555429,1.0122448979591727,0.022599765180067823,1.0019606684475142,36.111111111111114,0.9285714285475513,1.0326530612245164,6.861349282234425e-21,0.996934469784722,0
1390,909.0083333333333,0.7027777777777828,0.6805555555555429,0.6805555555555429,1.0326530612245164,0.02181409054695843,0.9671277808356182,36.111111111111114,0.9285714285475513,1.0,5.323215213076131e-22,0.997039869666356,0
1391,909.6888888888889,0.6805555555555429,0.6527777777778283,0.6791666666666742,1.0020449897750214,0.02261910656141431,1.0028181686572826,38.888888888888886,0.9999999999742858,0.9611451942740923,3.4733709739949436e-21,0.9992512574272048,0
1392,910.3416666666667,0.6527777777778283,0.658333333333303,0.6791666666666742,0.9611451942740923,0.027825496038942174,1.233643464386584,52.77777777777778,1.3571428571079593,0.9693251533741777,3.927905743716931e-12,0.98384469755257,0
1393,911.0,0.658333333333303,0.6666666666666288,0.6777777777778056,0.9713114754097515,0.021865174019668022,0.9693925667771937,38.888888888888886,0.9999999999742858,0.9836065573769529,4.280998539363252e-21,0.9992622552044574,0
1394,911.6666666666666,0.6666666666666288,0.6861111111111313,0.6777777777778056,0.9836065573769529,0.028243978241486622,1.2521968743027467,41.666666666666664,1.0714285714010205,1.0122950819672014,1.3370081341427913e-14,0.9904454382125476,0
1395,912.3527777777778,0.6861111111111313,0.6722222222222172,0.6791666666666742,1.0102249488752741,0.022199607311983578,0.9842196679638525,38.888888888888886,0.9999999999742858,0.9897750511247259,1.8572050560115944e-21,0.9996345445400674,0
1396,913.025,0.6722222222222172,0.6722222222222172,0.6750000000000114,0.9958847736625271,0.022136766104317064,0.9814336028017631,36.111111111111114,0.9285714285475513,0.9958847736625271,2.2245392851092365e-21,0.9986868645614314,0
1397,913.6972222222222,0.6722222222222172,0.6805555555555429,0.6750000000000114,0.9958847736625271,0.021462740269448305,0.9515506650510812,36.111111111111114,0.9285714285475513,1.0082304526748613,7.542299872124563e-22,0.9992303577429988,0
1398,914.3777777777777,0.6805555555555429,0.6527777777778283,0.67638888888888,1.0061601642710416,0.02645703619015254,1.1729727921954345,36.111111111111114,0.9285714285475513,0.9650924024641531,8.628590630420324e-18,0.9926796100826192,0
1399,915.0305555555556,0.6527777777778283,0.6833333333332803,0.6722222222222172,0.9710743801653717,0.03484391482857323,1.5448050860173013,69.44444444444444,1.7857142856683677,1.0165289256197634,0.008258476853370667,0.9466997765004788,0
1400,915.7138888888888,0.6833333333332803,0.6777777777778056,0.6722222222222172,1.0165289256197634,0.022088177355084962,0.9792794204343037,38.888888888888886,0.9999999999742858,1.0082644628099662,4.242048349152235e-21,0.998422447052178,0
1401,916.3916666666667,0.6777777777778056,0.6694444444444798,0.6722222222222172,1.0082644628099662,0.02626727252148997,1.164559619280351,38.888888888888886,0.9999999999742858,0.9958677685951014,4.724384165953739e-17,0.9913538364473277,0
1402,917.0611111111111,0.6694444444444798,0.6499999999999773,0.6722222222222172,0.9958677685951014,0.021605716725886022,0.9578895267482346,36.111111111111114,0.9285714285475513,0.966942148760304,1.129291468597311e-21,0.9973053316030016,0
1403,917.7111111111111,0.6499999999999773,0.6611111111111541,0.6722222222222172,0.966942148760304,0.02614973739948266,1.1593486992343156,38.888888888888886,0.9999999999742858,0.9834710743802366,1.3192468008569783e-16,0.9919686283733742,0
1404,918.3722222222223,0.6611111111111541,0.6666666666666288,0.6722222222222172,0.9834710743802366,0.02026261336427926,0.8983430345051865,36.111111111111114,0.9285714285475513,0.9917355371900337,1.7458470020063465e-22,0.9983416560064361,0
1405,919.0388888888889,0.6666666666666288,0.6722222222222172,0.6708333333333485,0.9937888198756974,0.025666797659957056,1.137937564190235,38.888888888888886,0.9999999999742858,1.002070393374711,7.051997286911809e-17,0.9895506539590393,0
1406,919.7111111111111,0.6722222222222172,0.6666666666666288,0.6708333333333485,1.002070393374711,0.02578808610618925,1.143314887878932,38.888888888888886,0.9999999999742858,0.9937888198756974,5.229655531730935e-17,0.9896670538072445,0
1407,920.3777777777777,0.6666666666666288,0.6416666666666515,0.6680555555555543,0.9979209979209431,0.022865521495518636,1.0137429756242318,38.888888888888886,0.9999999999742858,0.9604989604989397,1.8593398120709634e-20,0.9981082232137841,0
1408,921.0194444444444,0.6416666666666515,0.6666666666667425,0.6666666666666288,0.962500000000032,0.02303631947815336,1.0213153047828156,38.888888888888886,0.9999999999742858,1.0000000000001705,1.283244187591696e-19,0.9991048386701842,0
1409,921.6861111111111,0.6666666666667425,0.6388888888889142,0.6666666666666856,1.0000000000000853,0.021779708268167552,0.9656034423849497,36.111111111111114,0.9285714285475513,0.958333333333344,1.0433247645383378e-21,0.9986911905588319,0
1410,922.325,0.6388888888889142,0.6694444444443661,0.6666666666666288,0.9583333333334257,0.029189801280832796,1.294129942066308,50.0,1.2857142856812247,1.0041666666666063,9.334552575346322e-11,0.9836743371926491,0
1411,922.9944444444444,0.6694444444443661,0.6555555555555657,0.6666666666666288,1.0041666666666063,0.024242679773067082,1.0747992926848822,38.888888888888886,0.9999999999742858,0.9833333333334043,3.9848267956884534e-19,0.9966015712116341,0
1412,923.65,0.6555555555555657,0.6638888888888914,0.6638888888888914,0.9874476987447813,0.022467037555276948,0.9960761887373354,38.888888888888886,0.9999999999742858,1.0,2.222674372490906e-20,0.9993851017306381,0
1413,924.3138888888889,0.6638888888888914,0.6388888888889142,0.6652777777777601,0.9979123173277965,0.027938421281144637,1.2386500053953182,41.666666666666664,1.0714285714010205,0.9603340292276209,4.179768358004597e-15,0.9914633344982906,0
1414,924.9527777777778,0.6388888888889142,0.6444444444443889,0.6652777777777601,0.9603340292276209,0.032260706477443266,1.4302785347184346,55.55555555555556,1.4285714285346942,0.9686847599164349,4.1917755311260407e-07,0.973183018359854,0
1415,925.5972222222222,0.6444444444443889,0.4138888888888914,0.6597222222222285,0.9768421052630643,0.024044126616034986,1.0659964377721372,38.888888888888886,0.9999999999742858,0.6273684210526294,2.764179759445649e-20,0.9980576320640415,0
1416,926.0111111111111,0.4138888888888914,0.8972222222222399,0.6499999999999773,0.6367521367521629,0.042299613827406754,1.8753535272552329,100.0,2.5714285713624494,1.3803418803419558,0.9998400211334229,0.4115324782703956,1
1417,926.9083333333333,0.8972222222222399,0.49722222222226264,0.6499999999999773,1.3803418803419558,0.02813179527042102,1.247223241887466,41.666666666666664,1.0714285714010205,0.7649572649573539,2.2882235246508463e-19,0.9914390358569842,0
1418,927.4055555555556,0.49722222222226264,0.34444444444443434,0.6499999999999773,0.7649572649573539,0.03652962832957892,1.6195411999911011,66.66666666666667,1.714285714241633,0.5299145299145329,0.9996634721755981,0.5263752645359117,1
1419,927.75,0.34444444444443434,0.46944444444443434,0.6416666666666515,0.5367965367965337,0.049625023161251516,2.2001255757393547,116.66666666666667,2.9999999999228577,0.7316017316017331,0.9987591505050659,0.26628835066606293,1
1420,928.2194444444444,0.46944444444443434,0.6555555555555657,0.6416666666666515,0.7316017316017331,0.03369163201760774,1.4937186235555664,66.66666666666667,1.714285714241633,1.0216450216450614,0.9995680451393127,0.5521476410088938,1
1421,928.875,0.6555555555555657,0.6527777777778283,0.6416666666666515,1.0216450216450614,0.029165920311107894,1.293071179189876,41.666666666666664,1.0714285714010205,1.0173160173161202,1.3313772285160341e-13,0.9916145640487426,0
1422,929.5277777777778,0.6527777777778283,0.6722222222222172,0.6416666666666515,1.0173160173161202,0.022144373426831624,0.981770873472102,38.888888888888886,0.9999999999742858,1.0476190476190645,5.819823070072893e-20,0.9992486839403341,0
1423,930.2,0.6722222222222172,0.658333333333303,0.6416666666666515,1.0476190476190645,0.023691104704863464,1.0503452101033648,38.888888888888886,0.9999999999742858,1.025974025974003,3.279304805702428e-19,0.997736745770266,0
1424,930.8583333333333,0.658333333333303,0.6833333333332803,0.6486111111111086,1.0149892933618416,0.0235062939575869,1.0421516249752845,38.888888888888886,0.9999999999742858,1.0535331905780807,4.935304882397104e-19,0.998666218511238,0
1425,931.5416666666666,0.6833333333332803,0.6472222222222399,0.654166666666697,1.044585987261017,0.021278146963233185,0.943366720173222,33.333333333333336,0.8571428571208165,0.9893842887473272,2.2165587895387863e-22,0.9979161608445661,0
1426,932.1888888888889,0.6472222222222399,0.6499999999999773,0.654166666666697,0.9893842887473272,0.02195081066077636,0.9731892675608012,36.111111111111114,0.9285714285475513,0.9936305732483268,6.2438747069381454e-21,0.9993619071779021,0
1427,932.8388888888888,0.6499999999999773,0.6555555555555657,0.6513888888889028,0.9978678038378969,0.022828327064714146,1.012093960404186,38.888888888888886,0.9999999999742858,1.0063965884861348,8.30176169593206e-20,0.9991274309613443,0
1428,933.4944444444444,0.6555555555555657,0.6750000000000682,0.654166666666697,1.0021231422504997,0.02249603923257541,0.997361978201984,38.888888888888886,0.9999999999742858,1.0318471337580182,7.466560662611536e-20,0.9982199268063641,0
1429,934.1694444444445,0.6750000000000682,0.6749999999999545,0.6555555555555657,1.0296610169492406,0.023385870029577975,1.0368126297050453,38.888888888888886,0.9999999999742858,1.0296610169490672,1.2570997226152797e-19,0.9980527732438904,0
1430,934.8444444444444,0.6749999999999545,0.658333333333303,0.6569444444444343,1.02748414376316,0.028310411171606372,1.2551421784923857,41.666666666666664,1.0714285714010205,1.0021141649048317,5.4391280501363444e-15,0.9925256221837673,0
1431,935.5027777777777,0.658333333333303,0.6666666666667425,0.658333333333303,1.0,0.02400349501745493,1.064195035706718,38.888888888888886,0.9999999999742858,1.012658227848263,5.701929153268773e-19,0.9979512794705789,0
1432,936.1694444444445,0.6666666666667425,0.6611111111110404,0.6625000000000227,1.0062893081761806,0.028516369243740416,1.2642733303421225,41.666666666666664,1.0714285714010205,0.9979035639411588,6.869698511896604e-15,0.993743397571965,0
1433,936.8305555555555,0.6611111111110404,0.6861111111111313,0.6597222222221717,1.0021052631578642,0.022379536079731317,0.992196810512416,36.111111111111114,0.9285714285475513,1.0400000000001104,1.6586464084199922e-20,0.9987437879039642,0
1434,937.5166666666667,0.6861111111111313,0.6666666666666288,0.6638888888888914,1.0334728033473068,0.028827583082052913,1.2780709969541952,41.666666666666664,1.0714285714010205,1.0041841004183492,7.017226663836359e-15,0.9925162773170237,0
1435,938.1833333333333,0.6666666666666288,0.6750000000000682,0.6638888888888346,1.004184100418435,0.023424577757115764,1.0385287369410645,38.888888888888886,0.9999999999742858,1.016736401673826,1.3145176893538238e-19,0.9981420001268991,0
1436,938.8583333333333,0.6750000000000682,0.6694444444444798,0.6666666666666856,1.0125000000000735,0.020355176711541027,0.9024468308303775,36.111111111111114,0.9285714285475513,1.004166666666691,9.693004805730989e-22,0.9929423519225294,0
1437,939.5277777777778,0.6694444444444798,0.6944444444443434,0.6680555555556111,1.0020790020789716,0.022339699764110287,0.9904306673197718,38.888888888888886,0.9999999999742858,1.0395010395008017,2.1237729749154006e-20,0.9987710019002861,0
1438,940.2222222222222,0.6944444444443434,0.6666666666667425,0.6722222222222172,1.0330578512395268,0.022079736549133925,0.978905197272888,36.111111111111114,0.9285714285475513,0.9917355371902028,6.395257745738782e-22,0.998988936824503,0
1439,940.8888888888889,0.6666666666667425,0.6749999999999545,0.6680555555556111,0.9979209979210284,0.03325014227364638,1.4741451742100664,63.888888888888886,1.6428571428148981,1.0103950103948582,9.325706741947215e-06,0.9609214329263657,0
1440,941.5638888888889,0.6749999999999545,0.6777777777778056,0.6680555555556111,1.0103950103948582,0.028121931251067427,1.246785920554861,41.666666666666664,1.0714285714010205,1.0145530145529718,4.4618159298801755e-15,0.9919688579032964,0
1441,942.2416666666667,0.6777777777778056,0.6777777777778056,0.6722222222222172,1.0082644628099662,0.02822666499228194,1.2514292913385918,36.111111111111114,0.9285714285475513,1.0082644628099662,8.908547261760936e-16,0.9897192691137763,0
1442,942.9194444444445,0.6777777777778056,0.6666666666666288,0.6750000000000114,1.0041152263374729,0.02762133032961824,1.224591776948314,36.111111111111114,0.9285714285475513,0.9876543209875815,1.2593192198387366e-16,0.991480363921483,0
1443,943.5861111111111,0.6666666666666288,0.6888888888888687,0.6750000000000114,0.9876543209875815,0.02285808282985998,1.0134131823561903,36.111111111111114,0.9285714285475513,1.0205761316871957,3.1501280160961137e-20,0.9965431693365961,0
1444,944.275,0.6888888888888687,0.6861111111111313,0.6750000000000114,1.0205761316871957,0.02246079273761375,0.9957993247243557,38.888888888888886,0.9999999999742858,1.016460905349807,4.582498198599945e-21,0.9994894757524866,0
1445,944.9611111111111,0.6861111111111313,0.6666666666666288,0.6763888888889369,1.0143737166324014,0.02855574372589167,1.2660189981462657,52.77777777777778,1.3571428571079593,0.9856262833674305,6.806284268828788e-12,0.9815098376120203,0
1446,945.6277777777777,0.6666666666666288,0.6333333333333258,0.67638888888888,0.9856262833675133,0.022367553054885674,0.9916655430638961,38.888888888888886,0.9999999999742858,0.9363449691991796,3.3838106992792138e-21,0.9990450612127182,0
1447,946.2611111111111,0.6333333333333258,0.6722222222222172,0.67638888888888,0.9363449691991796,0.023329696912091198,1.0343221943444394,38.888888888888886,0.9999999999742858,0.9938398357289583,6.447245768548959e-19,0.996835533511135,0
1448,946.9333333333333,0.6722222222222172,0.6777777777778056,0.6736111111110858,0.9979381443299268,0.022187524256424958,0.9836839656533223,38.888888888888886,0.9999999999742858,1.0061855670103883,1.213542378730412e-20,0.99723796083617,0
1449,947.6111111111111,0.6777777777778056,0.6694444444444798,0.67638888888888,1.0020533880904032,0.02737497991442239,1.213669830427398,38.888888888888886,0.9999999999742858,0.9897330595483198,2.1250911034549234e-15,0.9854464837573262,0
1450,948.2805555555556,0.6694444444444798,0.6694444444444798,0.6750000000000114,0.9917695473251386,0.028296797574156724,1.2545386196017538,52.77777777777778,1.3571428571079593,0.9917695473251386,5.934723632666783e-12,0.9830868490046135,0
1451,948.95,0.6694444444444798,0.6499999999999773,0.6708333333333485,0.997929606625289,0.02183228666143389,0.9679345056346466,38.888888888888886,0.9999999999742858,0.9689440993788262,1.946066993188699e-21,0.9995206417658451,0
1452,949.6,0.6499999999999773,0.6777777777778056,0.6694444444444798,0.9709543568463878,0.027947023352023287,1.2390313782378648,38.888888888888886,0.9999999999742858,1.012448132780071,7.597799986543401e-15,0.9904084110077225,0
1453,950.2777777777778,0.6777777777778056,0.655555555555452,0.6708333333333485,1.0103519668737246,0.02842301487093153,1.2601344638965284,38.888888888888886,0.9999999999742858,0.9772256728776703,9.368757202663142e-16,0.9925564304440713,0
1454,950.9333333333333,0.655555555555452,0.683333333333394,0.6694444444444798,0.9792531120329886,0.02169062427903506,0.9616539034146119,36.111111111111114,0.9285714285475513,1.0207468879668415,2.034092702465301e-20,0.9940385126960317,0
1455,951.6166666666667,0.683333333333394,0.6888888888888687,0.6694444444444798,1.0207468879668415,0.021709996801043786,0.9625127842457497,33.333333333333336,0.8571428571208165,1.0290456431534425,5.20681014059525e-22,0.9983549369998743,0
1456,952.3055555555555,0.6888888888888687,0.6861111111111313,0.6708333333333485,1.0269151138715822,0.022599622311025018,1.0019543343480009,38.888888888888886,0.9999999999742858,1.0227743271221603,1.8430765041876332e-20,0.9966954792817706,0
1457,952.9916666666667,0.6861111111111313,0.658333333333303,0.6750000000000114,1.016460905349807,0.021895452276238576,0.9707349533883437,38.888888888888886,0.9999999999742858,0.9753086419752472,1.9600585836133845e-21,0.9975645982537404,0
1458,953.65,0.658333333333303,0.6555555555555657,0.6736111111111427,0.9773195876287751,0.023447384681193378,1.0395398819999606,38.888888888888886,0.9999999999742858,0.9731958762886291,6.004999728655106e-20,0.9989005126342033,0
1459,954.3055555555555,0.6555555555555657,0.6499999999999773,0.6694444444444798,0.9792531120331583,0.022701014864402895,1.006449573557287,38.888888888888886,0.9999999999742858,0.9709543568463878,5.0322007547280803e-20,0.9963525439947069,0
1460,954.9555555555555,0.6499999999999773,0.6888888888888687,0.6638888888888914,0.9790794979079118,0.02277480433417662,1.009721029958262,38.888888888888886,0.9999999999742858,1.037656903765656,1.8770501367266358e-19,0.9975396004654666,0
1461,955.6444444444444,0.6888888888888687,0.683333333333394,0.6680555555555543,1.0311850311850028,0.022780783603016982,1.0099861208632508,38.888888888888886,0.9999999999742858,1.0228690228691155,2.0026642012735474e-20,0.9974830283065464,0
1462,956.3277777777778,0.683333333333394,0.6527777777778283,0.6805555555555998,1.004081632653085,0.02163780199236388,0.9593120271499567,36.111111111111114,0.9285714285475513,0.9591836734693997,8.04590614966276e-22,0.9956978397237214,0
1463,956.9805555555556,0.6527777777778283,0.6499999999999773,0.6708333333333485,0.9730848861284177,0.022885015964391384,1.0146072629700134,38.888888888888886,0.9999999999742858,0.9689440993788262,3.466859996286643e-20,0.9985233738555525,0
1464,957.6305555555556,0.6499999999999773,0.6444444444443889,0.6708333333333485,0.9689440993788262,0.02163789927736287,0.9593163402807278,36.111111111111114,0.9285714285475513,0.9606625258798126,3.079185484783614e-21,0.9969749911318561,0
1465,958.275,0.6444444444443889,0.6888888888888687,0.6569444444444343,0.9809725158561673,0.023548855972009442,1.0440386120338445,38.888888888888886,0.9999999999742858,1.0486257928118248,1.1599477215624446e-18,0.9977780166404067,0
1466,958.9638888888888,0.6888888888888687,0.6611111111111541,0.6569444444444343,1.0486257928118248,0.024482526160243104,1.085432883100749,38.888888888888886,0.9999999999742858,1.0063424947146686,6.311074779122597e-19,0.9954222621319551,0
1467,959.625,0.6611111111111541,0.6611111111111541,0.6569444444444343,1.0063424947146686,0.022457085279279473,0.9956349545461146,36.111111111111114,0.9285714285475513,1.0063424947146686,2.0098046117292127e-20,0.9969675700305135,0
1468,960.2861111111112,0.6611111111111541,0.6444444444443889,0.6583333333333599,1.0042194092827252,0.02103045294536149,0.9323852050229645,36.111111111111114,0.9285714285475513,0.978902953586374,7.534995398795451e-22,0.9982317844385844,0
1469,960.9305555555555,0.6444444444443889,0.6472222222222399,0.6569444444444912,0.9809725158560824,0.023041749202739676,1.0215560316413757,38.888888888888886,0.9999999999742858,0.9852008456659188,1.1603410459437136e-19,0.9985504314318088,0
1470,961.5777777777778,0.6472222222222399,0.6666666666666288,0.6569444444444912,0.9852008456659188,0.022701548836455563,1.006473247210113,38.888888888888886,0.9999999999742858,1.014799154333908,9.36195068598818e-20,0.9986836375693171,0
1471,962.2444444444444,0.6666666666666288,0.683333333333394,0.6569444444444912,1.014799154333908,0.022887625606666375,1.0147229614694193,38.888888888888886,0.9999999999742858,1.0401691331924072,1.1093865909634763e-19,0.9976622623784881,0
1472,962.9277777777778,0.683333333333394,0.6833333333332803,0.6569444444444912,1.0401691331924072,0.023489178367447607,1.0413928052264863,38.888888888888886,0.9999999999742858,1.0401691331922343,1.6607426650379605e-19,0.9970612383031511,0
1473,963.6111111111111,0.6833333333332803,0.658333333333303,0.6611111111111541,1.033613445378004,0.029455813699054482,1.3059236035602695,50.0,1.2857142856812247,0.9957983193276205,3.3322563458559884e-11,0.9808489877553086,0
1474,964.2694444444444,0.658333333333303,0.6638888888888914,0.6611111111111541,0.9957983193276205,0.023237993227771796,1.0302565111788105,38.888888888888886,0.9999999999742858,1.0042016806722074,9.477945318557696e-20,0.9988742910970482,0
1475,964.9333333333333,0.6638888888888914,0.6611111111111541,0.6625000000000227,1.0020964360586697,0.022752542846464493,1.008734066822541,38.888888888888886,0.9999999999742858,0.9979035639413304,2.140560540823679e-20,0.9996647619780161,0
1476,965.5944444444444,0.6611111111111541,0.6722222222222172,0.6611111111111541,1.0,0.022785634314950374,1.0102011771938144,36.111111111111114,0.9285714285475513,1.0168067226890019,6.268985373863455e-20,0.9955573055311315,0
1477,966.2666666666667,0.6722222222222172,0.6750000000000682,0.6625000000000227,1.014675052410859,0.02429085759521894,1.076935256598799,38.888888888888886,0.9999999999742858,1.0188679245283698,4.237879439644324e-19,0.998323323355071,0
1478,966.9416666666667,0.6750000000000682,0.6777777777776919,0.6652777777777601,1.0146137787057663,0.023345308863347215,1.0350143502580789,38.888888888888886,0.9999999999742858,1.0187891440500023,8.946911521169991e-20,0.9977304739746647,0
1479,967.6194444444444,0.6777777777776919,1.3138888888888687,0.669444444444423,1.0124481327799872,0.022603013226608962,1.0021046706022967,38.888888888888886,0.9999999999742858,1.9626556016597838,1.4675111820183773e-11,0.9974814628850677,0
1480,968.9333333333333,1.3138888888888687,0.6527777777778283,0.6736111111111427,1.9505154639174043,0.022981096675266655,1.0188670016233337,38.888888888888886,0.9999999999742858,0.9690721649484831,4.144659074643392e-32,0.9984285371873113,0
1481,969.5861111111111,0.6527777777778283,0.6805555555555429,0.6736111111111427,0.9690721649484831,0.023762979246806717,1.0535317681722662,38.888888888888886,0.9999999999742858,1.0103092783504493,3.9678080715730577e-19,0.998079032582317,0
1482,970.2666666666667,0.6805555555555429,0.6722222222222172,0.6736111111111427,1.0103092783504493,0.023547561547480313,1.0439812237178099,38.888888888888886,0.9999999999742858,0.9979381443298426,4.2720443900117224e-20,0.9985156468567153,0
1483,970.9388888888889,0.6722222222222172,0.6527777777778283,0.6722222222222172,1.0,0.020878574441481557,0.9256516710212679,36.111111111111114,0.9285714285475513,0.9710743801653717,2.2885007836368293e-21,0.9915163576074965,0
1484,971.5916666666667,0.6527777777778283,0.6444444444443889,0.6722222222222172,0.9710743801653717,0.022883930253641358,1.0145591279801067,38.888888888888886,0.9999999999742858,0.9586776859503378,2.494067646266866e-20,0.9989156066716305,0
1485,972.2361111111111,0.6444444444443889,0.658333333333303,0.6722222222222172,0.9586776859503378,0.023298887928127107,1.0329562779324373,38.888888888888886,0.9999999999742858,0.9793388429751688,2.423187864358647e-19,0.9968005656400678,0
1486,972.8944444444444,0.658333333333303,0.6916666666667197,0.6722222222222172,0.9793388429751688,0.02339339161298088,1.0371460991315686,38.888888888888886,0.9999999999742858,1.0289256198347974,3.4034139508341185e-19,0.9968712990907537,0
1487,973.5861111111111,0.6916666666667197,0.6694444444444798,0.6736111111111427,1.0268041237113708,0.022549432091542438,0.9997291507913749,38.888888888888886,0.9999999999742858,0.9938144329896966,6.471633718725793e-21,0.9974365331248722,0
1488,974.2555555555556,0.6694444444444798,0.6555555555555657,0.6708333333333485,0.997929606625289,0.02346452966128205,1.0403000047522677,41.666666666666664,1.0714285714010205,0.9772256728778398,1.733856513146669e-19,0.9972900064002185,0
1489,974.9111111111112,0.6555555555555657,0.6611111111110404,0.6638888888888914,0.9874476987447813,0.029437733188193965,1.3051220040479146,50.0,1.2857142856812247,0.9958158995814796,8.736045914448098e-11,0.9822249404918035,0
1490,975.5722222222222,0.6611111111110404,0.6694444444444798,0.6597222222221717,1.0021052631578642,0.021767172839440026,0.9650476841083909,36.111111111111114,0.9285714285475513,1.0147368421053944,5.240788967246888e-21,0.9978187782551045,0
1491,976.2416666666667,0.6694444444444798,0.6638888888888914,0.6652777777777601,1.0062630480167813,0.02725515472449455,1.208357380212082,38.888888888888886,0.9999999999742858,0.9979123173277965,6.188450241210704e-16,0.9901270634845616,0
1492,976.9055555555556,0.6638888888888914,0.6722222222222172,0.6624999999999659,1.0020964360587556,0.023594380181354912,1.0460569280146919,36.111111111111114,0.9285714285475513,1.014675052410946,1.7774265717022806e-19,0.9958461297047909,0
1493,977.5777777777778,0.6722222222222172,0.6722222222222172,0.6624999999999659,1.014675052410946,0.021653072482609278,0.9599890443884939,38.888888888888886,0.9999999999742858,1.014675052410946,3.817750335249064e-21,0.9990692781367074,0
1494,978.25,0.6722222222222172,0.658333333333303,0.6666666666666856,1.008333333333297,0.02688968884081896,1.1921544489787381,38.888888888888886,0.9999999999742858,0.9874999999999264,1.8283048671295443e-16,0.9910442681360603,0
1495,978.9083333333333,0.658333333333303,0.6444444444445026,0.6666666666666856,0.9874999999999264,0.0295257637395834,1.309024838852223,52.77777777777778,1.3571428571079593,0.9666666666667264,8.447360172469942e-11,0.9829927404622454,0
1496,979.5527777777778,0.6444444444445026,0.658333333333303,0.6666666666666856,0.9666666666667264,0.021621266408428763,0.9585789219782528,38.888888888888886,0.9999999999742858,0.9874999999999264,1.360716469734992e-20,0.9974778712274703,0
1497,980.2111111111111,0.658333333333303,0.6777777777778056,0.6624999999999659,0.9937106918239048,0.022724747584452348,1.0075017637838384,38.888888888888886,0.9999999999742858,1.023060796645797,6.798925741878941e-20,0.9982671676913126,0
1498,980.8888888888889,0.6777777777778056,0.6638888888888914,0.6624999999999659,1.023060796645797,0.02161495838769776,0.9582992558570406,38.888888888888886,0.9999999999742858,1.0020964360587556,2.0011587164028296e-21,0.9993493837255076,0
1499,981.5527777777778,0.6638888888888914,0.6444444444443889,0.6638888888888914,1.0,0.02193559017565465,0.9725144672995978,36.111111111111114,0.9285714285475513,0.9707112970710423,4.384559290232904e-21,0.9963967397305806,0
1500,982.1972222222222,0.6444444444443889,0.6416666666666515,0.6638888888888914,0.9707112970710423,0.021835469487560703,0.9680756162421315,36.111111111111114,0.9285714285475513,0.9665271966526932,1.0194366931766013e-20,0.9959044670161946,0
1501,982.8388888888888,0.6416666666666515,0.6611111111111541,0.6611111111110972,0.9705882352941151,0.029520232507521827,1.3087796116593917,50.0,1.2857142856812247,1.000000000000086,3.0710731180327855e-10,0.9816750692297346,0
1502,983.5,0.6611111111111541,0.6472222222222399,0.6597222222222285,1.0021052631579503,0.021617165460535815,0.9583971064390493,36.111111111111114,0.9285714285475513,0.9810526315789648,3.124575001413544e-21,0.99695288863904,0
1503,984.1472222222222,0.6472222222222399,0.6666666666666288,0.658333333333303,0.9831223628692705,0.028411905191878147,1.2596419162367682,38.888888888888886,0.9999999999742858,1.0126582278480902,1.2594260995148123e-14,0.9918418674477786,0
1504,984.8138888888889,0.6666666666666288,0.6666666666667425,0.658333333333303,1.0126582278480902,0.022141005658294213,0.9816215634421953,36.111111111111114,0.9285714285475513,1.012658227848263,1.248101726228936e-20,0.9962942278007687,0
1505,985.4805555555556,0.6666666666667425,0.6499999999999773,0.6597222222222285,1.010526315789579,0.022256067104873,0.9867228130794393,38.888888888888886,0.9999999999742858,0.985263157894693,1.3061046970686627e-20,0.9978408886471332,0
1506,986.1305555555556,0.6499999999999773,0.6416666666666515,0.6597222222222285,0.985263157894693,0.023967987320181176,1.0626208018236678,38.888888888888886,0.9999999999742858,0.9726315789473361,6.832364518141398e-19,0.996315547371471,0
1507,986.7722222222222,0.6416666666666515,0.6611111111110404,0.6555555555555657,0.9788135593219957,0.026474166274910966,1.173732254563223,38.888888888888886,0.9999999999742858,1.008474576271063,6.6690895580095e-16,0.99176120693334,0
1508,987.4333333333333,0.6611111111110404,0.6972222222223081,0.6555555555555088,1.0084745762711504,0.02284995861822879,1.0130529954050544,38.888888888888886,0.9999999999742858,1.063559322034105,1.6599068248783698e-19,0.9986043612995033,0
1509,988.1305555555556,0.6972222222223081,0.658333333333303,0.6555555555555088,1.063559322034105,0.022584649826756825,1.0012905292055072,38.888888888888886,0.9999999999742858,1.0042372881356185,6.303080724737125e-21,0.998643432761201,0
1510,988.7888888888889,0.658333333333303,0.6527777777778283,0.6597222222221717,0.9978947368421357,0.022888277450516893,1.014751860968816,36.111111111111114,0.9285714285475513,0.9894736842106787,4.541933390607315e-20,0.9960845492805495,0
1511,989.4416666666667,0.6527777777778283,0.6472222222221262,0.6597222222221717,0.9894736842106787,0.02287074749575733,1.013974670363126,36.111111111111114,0.9285714285475513,0.981052631578877,9.970345257695199e-20,0.9940875917321212,0
1512,990.0888888888888,0.6472222222221262,0.683333333333394,0.6555555555555657,0.9872881355930587,0.02094185784278385,0.9284573408397491,33.333333333333336,0.8571428571208165,1.0423728813560087,1.0317206080007622e-21,0.9993071163839491,0
1513,990.7722222222222,0.683333333333394,0.6472222222222399,0.6597222222221717,1.0357894736843818,0.021600514287435153,0.957658876621286,38.888888888888886,0.9999999999742858,0.9810526315790493,1.5171950501610866e-21,0.9985212612146175,0
1514,991.4194444444445,0.6472222222222399,0.6638888888888914,0.6555555555555657,0.9872881355932321,0.026670602492155148,1.182441254943053,44.44444444444444,1.1428571428277552,1.0127118644067679,3.9553128432017956e-14,0.9863863711679286,0
1515,992.0833333333334,0.6638888888888914,0.6499999999999773,0.6555555555555657,1.0127118644067679,0.022791043595639167,1.0104409976721063,36.111111111111114,0.9285714285475513,0.9915254237287636,4.8104129529873e-20,0.9950298229649612,0
1516,992.7333333333333,0.6499999999999773,0.658333333333303,0.6555555555555657,0.9915254237287636,0.02203439115909976,0.9768948092468339,38.888888888888886,0.9999999999742858,1.0042372881355315,2.7420620484652323e-20,0.9981710087358471,0
1517,993.3916666666667,0.658333333333303,0.6277777777777374,0.658333333333303,1.0,0.02168023202163575,0.9611931626463991,36.111111111111114,0.9285714285475513,0.9535864978902778,4.345876883589329e-21,0.9954923727365994,0
1518,994.0194444444444,0.6277777777777374,0.6750000000000682,0.6555555555555657,0.9576271186439914,0.026487430106092974,1.1743203065651535,36.111111111111114,0.9285714285475513,1.0296610169492406,1.5966854811780892e-15,0.9897900185653881,0
1519,994.6944444444445,0.6750000000000682,0.6694444444444798,0.6555555555555657,1.0296610169492406,0.021736229459558293,0.9636758092529092,38.888888888888886,0.9999999999742858,1.0211864406780042,5.335008393308372e-21,0.9988816474033417,0
1520,995.3638888888889,0.6694444444444798,0.655555555555452,0.6555555555555657,1.0211864406780042,0.02747729245941461,1.2182058574681298,41.666666666666664,1.0714285714010205,0.9999999999998266,2.219045480272028e-15,0.9916539961673656,0
1521,996.0194444444444,0.655555555555452,0.6333333333334394,0.6569444444443775,0.9978858350950814,0.021455317040540465,0.9512215561714412,33.333333333333336,0.8571428571208165,0.9640591966175959,8.312179648006254e-22,0.9974197877502522,0
1522,996.6527777777778,0.6333333333334394,0.6499999999999773,0.6569444444443775,0.9640591966175959,0.021998249805774354,0.9752924822205132,36.111111111111114,0.9285714285475513,0.9894291754757534,2.794502391244253e-20,0.9967793370287921,0
1523,997.3027777777778,0.6499999999999773,0.6694444444443661,0.6527777777777146,0.9957446808511253,0.022571490470764243,1.0007071091114659,38.888888888888886,0.9999999999742858,1.0255319148935962,1.2230890285074256e-19,0.997686641088418,0
1524,997.9722222222222,0.6694444444443661,0.6527777777778283,0.6569444444443775,1.0190274841437479,0.022260623119336652,0.9869248039966495,38.888888888888886,0.9999999999742858,0.9936575052855905,1.4335673325700456e-20,0.9977668625604026,0
1525,998.625,0.6527777777778283,0.658333333333303,0.6541666666666401,0.9978768577495869,0.023258113312109134,1.0311485351884069,38.888888888888886,0.9999999999742858,1.0063694267515868,1.3576424920953345e-19,0.9992188093484271,0
1526,999.2833333333333,0.658333333333303,0.6611111111111541,0.6569444444443775,1.0021141649049186,0.024468548922990392,1.084813202238174,38.888888888888886,0.9999999999742858,1.0063424947147557,5.98138891789494e-18,0.993121995015557,0
1527,999.9444444444445,0.6611111111111541,0.6611111111111541,0.6569444444443775,1.0063424947147557,0.023469190653755554,1.0405066498699125,36.111111111111114,0.9285714285475513,1.0063424947147557,1.5297670160932848e-19,0.9959520715906961,0
1528,1000.6055555555556,0.6611111111111541,0.6388888888888005,0.6597222222222285,1.0021052631579503,0.023478063732667104,1.040900037854547,41.666666666666664,1.0714285714010205,0.9684210526314356,2.0082037587499812e-19,0.9982957211074426,0
1529,1001.2444444444444,0.6388888888888005,0.6499999999999773,0.6569444444443775,0.972515856236751,0.02225322014091959,0.986596592922589,38.888888888888886,0.9999999999742858,0.9894291754757534,3.429150253877028e-20,0.9992933381885303,0
1530,1001.8944444444444,0.6499999999999773,0.6694444444444798,0.6541666666666401,0.9936305732484132,0.021295254174066067,0.9441251684254411,36.111111111111114,0.9285714285475513,1.0233545647559341,1.092099178551843e-20,0.9957181354487692,0
1531,1002.5638888888889,0.6694444444444798,0.6444444444445026,0.6555555555555657,1.0211864406780042,0.022061606002875916,0.97810137944101,36.111111111111114,0.9285714285475513,0.9830508474577005,3.968258028745718e-21,0.9975954109898445,0
1532,1003.2083333333334,0.6444444444445026,0.658333333333303,0.6555555555555657,0.9830508474577005,0.02357363037494446,1.0451369852747776,33.333333333333336,0.8571428571208165,1.0042372881355315,2.2023026200637382e-18,0.9883835391012696,0
1533,1003.8666666666667,0.658333333333303,0.6499999999999773,0.658333333333303,1.0,0.0274457155499123,1.2168058950746998,36.111111111111114,0.9285714285475513,0.9873417721519097,5.560426662194068e-16,0.990182379497207,0
1534,1004.5166666666667,0.6499999999999773,0.6527777777778283,0.6555555555555657,0.9915254237287636,0.02661251770090719,1.1798660655195465,36.111111111111114,0.9285714285475513,0.9957627118644685,2.167565914702125e-16,0.9908139394830883,0
1535,1005.1694444444445,0.6527777777778283,0.6444444444443889,0.6555555555555657,0.9957627118644685,0.029195508022677803,1.2943829504860025,41.666666666666664,1.0714285714010205,0.9830508474575271,2.628964483174928e-13,0.9890327874860289,0
1536,1005.8138888888889,0.6444444444443889,0.6666666666667425,0.6513888888889028,0.989339019189659,0.027281032125610977,1.2095046548812527,38.888888888888886,0.9999999999742858,1.0234541577826106,1.0643400969053383e-15,0.9945362595717855,0
1537,1006.4805555555556,0.6666666666667425,0.6805555555555429,0.6513888888889028,1.0234541577826106,0.021788990514466113,0.9660149708071213,36.111111111111114,0.9285714285475513,1.0447761194029435,5.1049160698026e-21,0.9993553721568952,0
1538,1007.1611111111112,0.6805555555555429,0.6638888888888914,0.6513888888889028,1.0447761194029435,0.026711499212013146,1.184254411161259,36.111111111111114,0.9285714285475513,1.0191897654584043,1.1165422874583676e-16,0.9899760055444542,0
1539,1007.825,0.6638888888888914,0.6416666666666515,0.6555555555555657,1.0127118644067679,0.02800796186224964,1.2417330873022778,55.55555555555556,1.4285714285346942,0.9788135593219957,4.497803605257866e-12,0.9845430691379657,0
1540,1008.4666666666667,0.6416666666666515,0.6694444444443661,0.6555555555555657,0.9788135593219957,0.025355901773209084,1.1241539939618894,36.111111111111114,0.9285714285475513,1.0211864406778308,4.658135270694367e-17,0.9919417107533921,0
1541,1009.1361111111111,0.6694444444443661,0.7027777777777828,0.6555555555555657,1.0211864406778308,0.02188894851764144,0.9704466092281505,38.888888888888886,0.9999999999742858,1.072033898305076,2.0167703772157042e-20,0.9996039571243043,0
1542,1009.8388888888888,0.7027777777777828,0.6750000000000682,0.6611111111110972,1.0630252100840636,0.021395137179613086,0.9485534818263567,36.111111111111114,0.9285714285475513,1.0210084033614693,2.45524840949047e-22,0.9994970695794096,0
1543,1010.5138888888889,0.6750000000000682,0.6527777777777146,0.6652777777778169,1.0146137787056795,0.022725302881790248,1.00752638289326,38.888888888888886,0.9999999999742858,0.9812108559497429,1.0061080993219871e-20,0.9991894596820987,0
1544,1011.1666666666666,0.6527777777777146,0.6638888888888914,0.6652777777778169,0.9812108559497429,0.02509564532581722,1.112615523454837,36.111111111111114,0.9285714285475513,0.9979123173277112,9.938875326386984e-18,0.9919375731556443,0
1545,1011.8305555555555,0.6638888888888914,0.6777777777778056,0.6652777777778169,0.9979123173277112,0.020173286497788996,0.8943827275663409,33.333333333333336,0.8571428571208165,1.0187891440500862,1.7000002994610739e-22,0.9965759059023647,0
1546,1012.5083333333333,0.6777777777778056,0.6888888888888687,0.6680555555555543,1.0145530145530581,0.02188084258115234,0.9700872325055032,36.111111111111114,0.9285714285475513,1.0311850311850028,7.430443081322373e-21,0.9953944784816002,0
1547,1013.1972222222222,0.6888888888888687,0.6805555555555429,0.6722222222222172,1.0247933884297298,0.022135583512132784,0.9813811725731293,36.111111111111114,0.9285714285475513,1.0123966942148648,1.1748015484171078e-21,0.9992020189611178,0
1548,1013.8777777777777,0.6805555555555429,0.6722222222222172,0.6722222222222172,1.0123966942148648,0.02160583240647067,0.9578946554473603,36.111111111111114,0.9285714285475513,1.0,6.694966324689163e-22,0.9988149824882786,0
1549,1014.55,0.6722222222222172,0.6722222222222172,0.6736111111111427,0.9979381443298426,0.020607749096078234,0.913644628383844,36.111111111111114,0.9285714285475513,0.9979381443298426,1.9388266132304144e-22,0.9984756850497767,0
1550,1015.2222222222222,0.6722222222222172,0.6777777777778056,0.6736111111111427,0.9979381443298426,0.019549122488890767,0.8667104140447773,33.333333333333336,0.8571428571208165,1.0061855670103033,8.923923988174106e-23,0.9930340063027232,0
1551,1015.9,0.6777777777778056,0.6944444444444571,0.6763888888889369,1.002053388090319,0.021727536672698354,0.9632904145170144,36.111111111111114,0.9285714285475513,1.0266940451744837,2.032424164463095e-21,0.9977415122347966,0
1552,1016.5944444444444,0.6944444444444571,0.6861111111111313,0.6763888888889369,1.0266940451744837,0.021438646265881278,0.950482457318512,36.111111111111114,0.9285714285475513,1.0143737166324014,9.27488681651174e-22,0.9957117683334331,0
1553,1017.2805555555556,0.6861111111111313,0.6694444444444798,0.6777777777778056,1.0122950819672014,0.018991016583079362,0.8419667867550348,33.333333333333336,0.8571428571208165,0.9877049180327986,7.056035786509e-24,0.9945848642903585,0
1554,1017.95,0.6694444444444798,0.6777777777776919,0.6777777777778056,0.9877049180327986,0.021245940933933144,0.9419388657513552,33.333333333333336,0.8571428571208165,0.9999999999998322,3.468642099966942e-22,0.997337969099622,0
1555,1018.6277777777777,0.6777777777776919,0.6805555555555429,0.6777777777778056,0.9999999999998322,0.02182587782351476,0.9676503697830455,38.888888888888886,0.9999999999742858,1.004098360655678,2.076656920705158e-21,0.9995072976009678,0
1556,1019.3083333333333,0.6805555555555429,0.6861111111111313,0.6791666666666742,1.0020449897750214,0.027730817217649237,1.2294458785128086,41.666666666666664,1.0714285714010205,1.0102249488752741,1.6031792592682143e-15,0.9915931228670436,0
1557,1019.9944444444444,0.6861111111111313,0.683333333333394,0.6791666666666742,1.0102249488752741,0.025688449843911488,1.1388975138417237,38.888888888888886,0.9999999999742858,1.0061349693252315,1.148689007604016e-17,0.9916618579126568,0
1558,1020.6777777777778,0.683333333333394,0.6999999999999318,0.6791666666666742,1.0061349693252315,0.026506529270870615,1.1751670681024935,36.111111111111114,0.9285714285475513,1.030674846625655,3.3620987607789325e-17,0.9911187085540474,0
1559,1021.3777777777777,0.6999999999999318,0.6861111111111313,0.6819444444444684,1.026476578411269,0.02205500677169608,0.9778088025035284,36.111111111111114,0.9285714285475513,1.0061099796333954,1.2576261374490516e-21,0.9962643566308935,0
1560,1022.0638888888889,0.6861111111111313,0.6805555555555429,0.6847222222222626,1.0020283975658932,0.027136592551490975,1.2031009258565286,38.888888888888886,0.9999999999742858,0.9939148073021541,2.6249656914529174e-17,0.9953832919238266,0
1561,1022.7444444444444,0.6805555555555429,0.6861111111111313,0.6847222222222626,0.9939148073021541,0.021031370140598506,0.9324258688770115,36.111111111111114,0.9285714285475513,1.0020283975658932,3.945674493507502e-22,0.9969718597721393,0
1562,1023.4305555555555,0.6861111111111313,0.7138888888888459,0.6847222222222626,1.0020283975658932,0.02045565214124027,0.9069014093581577,36.111111111111114,0.9285714285475513,1.0425963488842571,1.4599456345989956e-22,0.9985578333105736,0
1563,1024.1444444444444,0.7138888888888459,0.683333333333394,0.6847222222222626,1.0425963488842571,0.02645742789221374,1.1729901583076905,38.888888888888886,0.9999999999742858,0.9979716024341068,2.730978771759908e-18,0.9946671341319067,0
1564,1024.8277777777778,0.683333333333394,0.6805555555556566,0.6847222222222626,0.9979716024341068,0.022130638653114498,0.9811619422312269,36.111111111111114,0.9285714285475513,0.9939148073023202,2.879558489810047e-21,0.9957451604471822,0
1565,1025.5083333333334,0.6805555555556566,0.6805555555554292,0.6847222222222626,0.9939148073023202,0.027694504512667095,1.227835954610186,36.111111111111114,0.9285714285475513,0.9939148073019881,1.5504079155141893e-16,0.9908254491433095,0
1566,1026.1888888888889,0.6805555555554292,0.691666666666606,0.6847222222222626,0.9939148073019881,0.02712361850832822,1.2025257216074468,36.111111111111114,0.9285714285475513,1.0101419878294664,6.984557582442606e-17,0.9912744787247556,0
1567,1026.8805555555555,0.691666666666606,0.6750000000001819,0.6847222222222626,1.0101419878294664,0.019503330187949468,0.8646802122220894,33.333333333333336,0.8571428571208165,0.985801217038747,6.6144878553210004e-24,0.9959778101926287,0
1568,1027.5555555555557,0.6750000000001819,0.6972222222220807,0.6847222222222626,0.985801217038747,0.022043089885236924,0.9772804673006051,36.111111111111114,0.9285714285475513,1.0182555780930396,1.6740857264753588e-21,0.9993248814035429,0
1569,1028.2527777777777,0.6972222222220807,0.683333333333394,0.6847222222222626,1.0182555780930396,0.022258029782782258,0.9868098284114234,36.111111111111114,0.9285714285475513,0.9979716024341068,7.744168494246406e-22,0.9984423191861975,0
1570,1028.9361111111111,0.683333333333394,0.6888888888888687,0.683333333333394,1.0,0.02700407222691741,1.1972256368022103,38.888888888888886,0.9999999999742858,1.008130081300694,9.575170793928441e-17,0.9921868717290694,0
1571,1029.625,0.6888888888888687,0.6611111111110404,0.6847222222222626,1.00608519269768,0.020551936468304482,0.9111701753359281,36.111111111111114,0.9285714285475513,0.9655172413791501,3.249722280933183e-23,0.9988121175625997,0
1572,1030.286111111111,0.6611111111110404,0.6916666666668334,0.683333333333394,0.9674796747965586,0.02096748705162552,0.9295936119035488,33.333333333333336,0.8571428571208165,1.0121951219513736,2.657431313796953e-22,0.9981511107640682,0
1573,1030.9777777777779,0.6916666666668334,0.7138888888887323,0.683333333333394,1.0121951219513736,0.027659249098239715,1.226272905688014,38.888888888888886,0.9999999999742858,1.0447154471541495,3.1951557137156023e-16,0.9921772048756543,0
1574,1031.6916666666666,0.7138888888887323,0.6944444444445708,0.6861111111111313,1.0404858299592552,0.02250119447969515,0.9975905361011016,36.111111111111114,0.9285714285475513,1.0121457489880086,1.5402997637112768e-21,0.9960242309021833,0
1575,1032.3861111111112,0.6944444444445708,0.6749999999999545,0.6902777777777374,1.006036217304065,0.02694226752042235,1.1944855249231892,36.111111111111114,0.9285714285475513,0.9778672032193073,9.593849193904378e-18,0.9922694841924522,0
1576,1033.0611111111111,0.6749999999999545,0.6888888888888687,0.6902777777777374,0.9778672032193073,0.021090233652537507,0.9350355828850838,36.111111111111114,0.9285714285475513,0.9979879275654215,3.300018474528264e-22,0.9980230537946555,0
1577,1033.75,0.6888888888888687,0.691666666666606,0.6888888888888687,1.0,0.027888697524792224,1.2364455024832028,38.888888888888886,0.9999999999742858,1.0040322580644576,1.3297154663405514e-16,0.9941510394950673,0
1578,1034.4416666666666,0.691666666666606,0.7083333333334849,0.6902777777777374,1.0020120724345785,0.022024471898659633,0.9764550388004638,38.888888888888886,0.9999999999742858,1.026156941650179,1.7616428750934534e-21,0.9994976661012159,0
1579,1035.15,0.7083333333334849,0.7138888888887323,0.6902777777777374,1.026156941650179,0.021371575628401716,0.9475088803708412,36.111111111111114,0.9285714285475513,1.0342052313881636,1.4473523853257922e-22,0.9992264009751678,0
1580,1035.8638888888888,0.7138888888887323,0.683333333333394,0.6916666666667197,1.0321285140559193,0.020599838762138962,0.9132939237009287,33.333333333333336,0.8571428571208165,0.9879518072289275,5.212766829290574e-24,0.9985638067078446,0
1581,1036.5472222222222,0.683333333333394,0.6749999999999545,0.6916666666667197,0.9879518072289275,0.019499611060850595,0.8645153247091292,33.333333333333336,0.8571428571208165,0.9759036144576907,4.634174037343054e-24,0.9971182194840362,0
1582,1037.2222222222222,0.6749999999999545,0.7111111111112223,0.6916666666667197,0.9759036144576907,0.021584978532103408,0.956970098854216,38.888888888888886,0.9999999999742858,1.0281124497992786,2.383534263665404e-21,0.9994736209603591,0
1583,1037.9333333333334,0.7111111111112223,0.7194444444444343,0.6930555555555884,1.0260521042085287,0.02223862705824529,0.9859496085510902,36.111111111111114,0.9285714285475513,1.0380761523045454,2.0021054504632907e-21,0.9954160094248315,0
1584,1038.6527777777778,0.7194444444444343,0.6861111111111313,0.6930555555555884,1.0380761523045454,0.020190420335324737,0.8951423563135246,33.333333333333336,0.8571428571208165,0.9899799599198219,4.769182848106199e-24,0.9962325753080274,0
1585,1039.338888888889,0.6861111111111313,0.6722222222222172,0.6902777777777374,0.9939637826962645,0.020578527488963157,0.912349088330005,36.111111111111114,0.9285714285475513,0.9738430583501503,7.631871430706681e-23,0.996928308631158,0
1586,1040.0111111111112,0.6722222222222172,0.6888888888888687,0.6902777777777374,0.9738430583501503,0.020046152260445965,0.8887462307082612,33.333333333333336,0.8571428571208165,0.9979879275654215,3.078935472674644e-23,0.9970827083822715,0
1587,1040.7,0.6888888888888687,0.691666666666606,0.6902777777777374,0.9979879275654215,0.022448232790519336,0.995242479425915,36.111111111111114,0.9285714285475513,1.0020120724345785,1.4841425607823442e-21,0.9985355427726843,0
1588,1041.3916666666667,0.691666666666606,0.683333333333394,0.6902777777777374,1.0020120724345785,0.0214797507286632,0.952304823819978,36.111111111111114,0.9285714285475513,0.9899396378271076,6.064339557458451e-22,0.9954829166662441,0
1589,1042.075,0.683333333333394,0.691666666666606,0.6875,0.9939393939394822,0.02492914101311504,1.1052335541677574,36.111111111111114,0.9285714285475513,1.006060606060518,1.3605518414060484e-18,0.9917226109527695,0
1590,1042.7666666666667,0.691666666666606,0.683333333333394,0.6875,1.006060606060518,0.021256097019130032,0.942389135824146,36.111111111111114,0.9285714285475513,0.9939393939394822,1.2812319102026893e-22,0.9991949793528656,0
1591,1043.45,0.683333333333394,0.6749999999999545,0.6875,0.9939393939394822,0.02178110874262988,0.9656655324251443,36.111111111111114,0.9285714285475513,0.9818181818181156,4.680334217434844e-22,0.9986125544999587,0
1592,1044.125,0.6749999999999545,0.6694444444444798,0.6875,0.9818181818181156,0.02044336194681073,0.9063565235450594,36.111111111111114,0.9285714285475513,0.9737373737374252,1.0948762062275812e-22,0.9968934350338514,0
1593,1044.7944444444445,0.6694444444444798,0.6972222222220807,0.6847222222222626,0.9776876267748418,0.025757166135433728,1.1419440508671428,38.888888888888886,0.9999999999742858,1.0182555780930396,3.6509158199689675e-17,0.9920282195084884,0
1594,1045.4916666666666,0.6972222222220807,0.688888888889096,0.6847222222222626,1.0182555780930396,0.02776084952472603,1.230777360952291,38.888888888888886,0.9999999999742858,1.0060851926980119,6.658333430719453e-17,0.9942807311130255,0
1595,1046.1805555555557,0.688888888889096,0.6888888888888687,0.6861111111111313,1.0040485829962238,0.020608976167476544,0.9136990305985877,33.333333333333336,0.8571428571208165,1.0040485829958923,3.599818750670268e-23,0.9976133950345377,0
1596,1046.8694444444445,0.6888888888888687,0.6722222222222172,0.6888888888888687,1.0,0.021191748840559597,0.9395362591017508,33.333333333333336,0.8571428571208165,0.9758064516129246,6.526068301873213e-23,0.9973379106078488,0
1597,1047.5416666666667,0.6722222222222172,0.6805555555554292,0.6861111111111313,0.9797570850202066,0.019808692956475964,0.8782184716346977,36.111111111111114,0.9285714285475513,0.9919028340078838,6.942698562534086e-23,0.9963496269810423,0
1598,1048.2222222222222,0.6805555555554292,0.6777777777779193,0.683333333333394,0.9959349593493203,0.02031670843760096,0.9007413397704525,36.111111111111114,0.9285714285475513,0.9918699186993061,2.600451070197498e-22,0.9941125766640238,0
1599,1048.9,0.6777777777779193,0.6861111111111313,0.6819444444444116,0.9938900203668541,0.022032391962997066,0.9768061748806157,38.888888888888886,0.9999999999742858,1.0061099796334794,3.2062829168133806e-21,0.9991269314901425,0
1600,1049.5861111111112,0.6861111111111313,0.691666666666606,0.6819444444444116,1.0061099796334794,0.026476129553506655,1.173819296526642,36.111111111111114,0.9285714285475513,1.0142566191445628,1.8542568647550075e-17,0.9913766561031407,0
1601,1050.2777777777778,0.691666666666606,0.6749999999999545,0.6833333333332803,1.0121951219512093,0.020600406608302455,0.9133190991625769,36.111111111111114,0.9285714285475513,0.9878048780487906,7.652891102842838e-23,0.997375232910336,0
1602,1050.9527777777778,0.6749999999999545,0.6555555555555657,0.6833333333332803,0.9878048780487906,0.02014278643582254,0.8930305072121862,33.333333333333336,0.8571428571208165,0.9593495934960242,2.1219313898606705e-23,0.9968666911738371,0
1603,1051.6083333333333,0.6555555555555657,0.691666666666606,0.6833333333332803,0.9593495934960242,0.021098512991404614,0.9354026474027678,36.111111111111114,0.9285714285475513,1.0121951219512093,1.5167031038788163e-21,0.9977039021417173,0
1604,1052.3,0.691666666666606,0.7000000000000455,0.6833333333332803,1.0121951219512093,0.021365356067903667,0.947233136134367,36.111111111111114,0.9285714285475513,1.0243902439025852,5.587626242376834e-22,0.9973160830971577,0
1605,1053.0,0.7000000000000455,0.6777777777776919,0.6833333333332803,1.0243902439025852,0.026724824390543335,1.184845182998086,38.888888888888886,0.9999999999742858,0.9918699186991383,1.757551841085923e-17,0.992278338072766,0
1606,1053.6777777777777,0.6777777777776919,0.6583333333335304,0.6791666666666742,0.9979550102248113,0.020637016768880728,0.914942210760096,36.111111111111114,0.9285714285475513,0.9693251533745124,7.543652421478219e-22,0.9922281750943714,0
1607,1054.3361111111112,0.6583333333335304,0.6805555555554292,0.6791666666666742,0.9693251533745124,0.02171791349910498,0.9628637710820328,36.111111111111114,0.9285714285475513,1.002044989774854,1.729679695339738e-21,0.9994262944619815,0
1608,1055.0166666666667,0.6805555555554292,0.6861111111111313,0.6791666666666742,1.002044989774854,0.02069811541048015,0.917651019249495,36.111111111111114,0.9285714285475513,1.0102249488752741,1.9249130001284883e-22,0.9981151492728342,0
1609,1055.7027777777778,0.6861111111111313,0.6888888888888687,0.6833333333332803,1.004065040650514,0.022385574578927342,0.9924645273954306,36.111111111111114,0.9285714285475513,1.0081300813008618,5.051103689650121e-21,0.9957617762199475,0
1610,1056.3916666666667,0.6888888888888687,0.7000000000000455,0.6833333333332803,1.0081300813008618,0.020676904275712397,0.9167106235152432,36.111111111111114,0.9285714285475513,1.0243902439025852,6.256651476812339e-22,0.9939935647754968,0
1611,1057.0916666666667,0.7000000000000455,0.6722222222222172,0.6833333333332803,1.0243902439025852,0.02146139295844014,0.9514909320128132,36.111111111111114,0.9285714285475513,0.983739837398443,1.2827437715938762e-21,0.9922736378697523,0
1612,1057.763888888889,0.6722222222222172,0.6944444444443434,0.6833333333332803,0.983739837398443,0.020979713296351253,0.9301356625063048,33.333333333333336,0.8571428571208165,1.016260162601557,1.8745142546157283e-22,0.9978613175618327,0
1613,1058.4583333333333,0.6944444444443434,0.6861111111111313,0.6875,1.0101010101008632,0.02094930084959438,0.9287873265727742,36.111111111111114,0.9285714285475513,0.9979797979798274,2.5183868168604425e-22,0.9955323660518318,0
1614,1059.1444444444444,0.6861111111111313,0.7111111111112223,0.6861111111111313,1.0,0.020577898663046712,0.9123212093307961,36.111111111111114,0.9285714285475513,1.0364372469636942,6.011961212835693e-22,0.9946031514323793,0
1615,1059.8555555555556,0.7111111111112223,0.6944444444443434,0.6861111111111313,1.0364372469636942,0.021389919680656705,0.9483221639918434,36.111111111111114,0.9285714285475513,1.012145748987677,1.3039925036933604e-22,0.9982381455790159,0
1616,1060.55,0.6944444444443434,0.6944444444445708,0.6875,1.0101010101008632,0.020190095528311476,0.8951279559934535,36.111111111111114,0.9285714285475513,1.0101010101011938,1.2539990433592668e-22,0.9944020201507419,0
1617,1061.2444444444445,0.6944444444445708,0.6833333333331666,0.691666666666606,1.0040160642572988,0.0207422568205081,0.9196080288177549,36.111111111111114,0.9285714285475513,0.9879518072287612,3.920573318156604e-22,0.9924846115450252,0
1618,1061.9277777777777,0.6833333333331666,0.6944444444445708,0.691666666666606,0.9879518072287612,0.019296614769244352,0.8555154834094707,33.333333333333336,0.8571428571208165,1.0040160642572988,3.610380651558091e-23,0.9916264496102498,0
1619,1062.6222222222223,0.6944444444445708,0.6861111111111313,0.6944444444443434,1.0000000000003275,0.019485082357547416,0.8638711945972744,33.333333333333336,0.8571428571208165,0.9880000000001729,3.664898670945734e-24,0.9966272544335062,0
1620,1063.3083333333334,0.6861111111111313,0.7083333333332575,0.6944444444443434,0.9880000000001729,0.02287922604989157,1.0143505670903763,38.888888888888886,0.9999999999742858,1.0200000000000393,1.3236145112051477e-20,0.9983148096779967,0
1621,1064.0166666666667,0.7083333333332575,0.7027777777777828,0.6944444444443434,1.0200000000000393,0.02230978391204389,0.9891043479135836,38.888888888888886,0.9999999999742858,1.0120000000001546,1.1064946253703232e-21,0.9990448234042084,0
1622,1064.7194444444444,0.7027777777777828,0.7027777777777828,0.6944444444444571,1.011999999999989,0.027211429834999055,1.2064188370830877,38.888888888888886,0.9999999999742858,1.011999999999989,3.2532795116028864e-17,0.9929920559761201,0
1623,1065.4222222222222,0.7027777777777828,0.6722222222222172,0.6944444444445708,1.0119999999998233,0.02093093688677118,0.9279731602166605,36.111111111111114,0.9285714285475513,0.9679999999998167,3.508470235567485e-23,0.998134386024778,0
1624,1066.0944444444444,0.6722222222222172,0.7111111111112223,0.6944444444445708,0.9679999999998167,0.020959133750888394,0.9292232682860986,36.111111111111114,0.9285714285475513,1.0239999999999738,3.4931811014823433e-22,0.9989988284370308,0
1625,1066.8055555555557,0.7111111111112223,0.7111111111109949,0.6944444444445708,1.0239999999999738,0.021306517555395615,0.9446245304761534,36.111111111111114,0.9285714285475513,1.0239999999996463,1.5391184918373627e-22,0.9974572136818038,0
1626,1067.5166666666667,0.7111111111109949,0.7055555555555202,0.6986111111111768,1.0178926441349267,0.02091894680774712,0.9274415800211158,36.111111111111114,0.9285714285475513,1.009940357852737,1.1494443025054877e-22,0.9953833946152644,0
1627,1068.2222222222222,0.7055555555555202,0.683333333333394,0.7027777777777828,1.003952569169903,0.02164491947345409,0.9596275806990306,36.111111111111114,0.9285714285475513,0.972332015810356,8.536798387545947e-23,0.9984518715719894,0
1628,1068.9055555555556,0.683333333333394,0.6861111111111313,0.7027777777777828,0.972332015810356,0.021055844109492655,0.9335109223736899,36.111111111111114,0.9285714285475513,0.9762845849802589,2.976817996473636e-22,0.9951408140059508,0
1629,1069.5916666666667,0.6861111111111313,0.6888888888888687,0.7027777777777828,0.9762845849802589,0.02051851926930627,0.9096886237012491,36.111111111111114,0.9285714285475513,0.9802371541501618,4.169591525494783e-23,0.9978964689945254,0
1630,1070.2805555555556,0.6888888888888687,0.7055555555555202,0.7027777777777828,0.9802371541501618,0.021535511367163564,0.9547769719232759,38.888888888888886,0.9999999999742858,1.003952569169903,9.454499716122254e-22,0.997966267516073,0
1631,1070.986111111111,0.7055555555555202,0.716666666666697,0.7027777777777828,1.003952569169903,0.02128464706560729,0.9436549022347541,36.111111111111114,0.9285714285475513,1.0197628458498382,5.5770219323267465e-22,0.9936183918422772,0
1632,1071.7027777777778,0.716666666666697,0.691666666666606,0.7041666666666515,1.0177514792900058,0.021449135493286142,0.9509474972522608,36.111111111111114,0.9285714285475513,0.9822485207099942,3.156727570893385e-23,0.9992826813933314,0
1633,1072.3944444444444,0.691666666666606,0.6749999999999545,0.6986111111110631,0.9900596421470985,0.02639271586202245,1.1701211502224098,38.888888888888886,0.9999999999742858,0.9662027833002002,1.0402351241045346e-17,0.9922998844712998,0
1634,1073.0694444444443,0.6749999999999545,0.6944444444445708,0.6986111111110631,0.9662027833002002,0.025033515609405078,1.109861002260003,36.111111111111114,0.9285714285475513,0.9940357852885195,1.7574504701018547e-18,0.9921418214961387,0
1635,1073.763888888889,0.6944444444445708,0.7194444444444343,0.6930555555555884,1.0020040080161667,0.02679126619329181,1.1877908805557507,38.888888888888886,0.9999999999742858,1.0380761523045454,4.7240956453560804e-17,0.9926776051285535,0
1636,1074.4833333333333,0.7194444444444343,0.6972222222223081,0.6930555555555884,1.0380761523045454,0.022456654868561805,0.9956158722854387,38.888888888888886,0.9999999999742858,1.0060120240481725,8.54080845151711e-22,0.9988553690736444,0
1637,1075.1805555555557,0.6972222222223081,0.686111111110904,0.6930555555555884,1.0060120240481725,0.02295601694366684,1.017755091634977,36.111111111111114,0.9285714285475513,0.9899799599194938,8.620319774260028e-21,0.9939807824452214,0
1638,1075.8666666666666,0.686111111110904,0.6861111111111313,0.6930555555555884,0.9899799599194938,0.02684061672578558,1.1899788365867854,38.888888888888886,0.9999999999742858,0.9899799599198219,3.065818216357954e-17,0.9932259450262622,0
1639,1076.5527777777777,0.6861111111111313,0.7000000000000455,0.6930555555555884,0.9899799599198219,0.020166616805882987,0.8940870267523174,36.111111111111114,0.9285714285475513,1.010020040080178,5.420195122191361e-23,0.9974864234027817,0
1640,1077.2527777777777,0.7000000000000455,0.6972222222223081,0.6958333333334394,1.0059880239520078,0.02129958744297619,0.944317283917755,36.111111111111114,0.9285714285475513,1.0019960079840027,3.4627722175256286e-22,0.9953047693808506,0
1641,1077.95,0.6972222222223081,0.7138888888887323,0.6958333333334394,1.0019960079840027,0.021855817458069186,0.968977743585924,36.111111111111114,0.9285714285475513,1.0259481037920337,3.833816793937549e-22,0.9993936186302512,0
1642,1078.6638888888888,0.7138888888887323,0.7000000000000455,0.6958333333334394,1.0259481037920337,0.022259688035273725,0.9868833470414431,36.111111111111114,0.9285714285475513,1.0059880239520078,9.210049265860795e-22,0.9954889887543172,0
1643,1079.3638888888888,0.7000000000000455,0.6944444444445708,0.6972222222223081,1.0039840637449615,0.021511893450029428,0.9537298714843772,36.111111111111114,0.9285714285475513,0.9960159362550386,6.714199889518154e-22,0.9940673475395059,0
1644,1080.0583333333334,0.6944444444445708,0.6861111111111313,0.6972222222223081,0.9960159362550386,0.02003017356110837,0.8880378150171399,33.333333333333336,0.8571428571208165,0.9840637450198281,6.760222413381983e-24,0.9971707369955076,0
1645,1080.7444444444445,0.6861111111111313,0.7277777777776464,0.6972222222223081,0.9840637450198281,0.02058754059092167,0.9127486842369175,36.111111111111114,0.9285714285475513,1.043824701194902,2.4605553607898177e-22,0.9972633896959164,0
1646,1081.4722222222222,0.7277777777776464,0.7055555555555202,0.6972222222223081,1.043824701194902,0.020627602166762814,0.9145248143422097,36.111111111111114,0.9285714285475513,1.0119521912348843,1.4225337799511442e-23,0.9980525774075273,0
1647,1082.1777777777777,0.7055555555555202,0.7083333333334849,0.6986111111111768,1.009940357852737,0.02115928185716802,0.9380968352793214,33.333333333333336,0.8571428571208165,1.0139165009941575,3.655029547704876e-23,0.997708423622948,0
1648,1082.8861111111112,0.7083333333334849,0.691666666666606,0.7000000000000455,1.0119047619049126,0.026784980723192034,1.1875122142168528,38.888888888888886,0.9999999999742858,0.9880952380950873,8.93256296192131e-18,0.9926387419250995,0
1649,1083.5777777777778,0.691666666666606,0.7083333333332575,0.7000000000000455,0.9880952380950873,0.020856405759444724,0.9246688224254862,36.111111111111114,0.9285714285475513,1.011904761904588,3.7319860844528067e-22,0.9943188383975575,0
1650,1084.286111111111,0.7083333333332575,0.7027777777777828,0.7027777777777828,1.0079051383398059,0.020737609458548342,0.9194019880089849,36.111111111111114,0.9285714285475513,1.0,7.820907116057878e-23,0.9951663392141727,0
1651,1084.9888888888888,0.7027777777777828,0.7138888888889596,0.7041666666666515,0.9980276134122574,0.02285185316517145,1.0131369901503957,36.111111111111114,0.9285714285475513,1.0138067061145206,5.007438812285621e-21,0.9949431483693733,0
1652,1085.7027777777778,0.7138888888889596,0.7111111111109949,0.7041666666666515,1.0138067061145206,0.021682971406075738,0.9613146132651447,36.111111111111114,0.9285714285475513,1.0098619329387126,1.306671475327491e-22,0.9980555837118397,0
1653,1086.4138888888888,0.7111111111109949,0.6972222222223081,0.7069444444443889,1.0058939096266337,0.020268445310937504,0.8986015938807148,36.111111111111114,0.9285714285475513,0.9862475442045212,2.452298606130359e-23,0.9949064895831974,0
1654,1087.111111111111,0.6972222222223081,0.6861111111111313,0.7069444444443889,0.9862475442045212,0.01946762527365923,0.8630972347219222,33.333333333333336,0.8571428571208165,0.9705304518665097,1.6559624155284277e-24,0.9968164964183731,0
1655,1087.7972222222222,0.6861111111111313,0.7194444444444343,0.7069444444443889,0.9705304518665097,0.022082199306810837,0.9790143836431234,36.111111111111114,0.9285714285475513,1.017681728880223,4.878918451887679e-21,0.9941841808060883,0
1656,1088.5166666666667,0.7194444444444343,0.7194444444444343,0.7069444444443889,1.017681728880223,0.026781754330629296,1.1873691720912787,38.888888888888886,0.9999999999742858,1.017681728880223,5.425442896149581e-18,0.9934374079353538,0
1657,1089.236111111111,0.7194444444444343,0.6972222222223081,0.7083333333333712,1.0156862745097353,0.01986052748437166,0.8805165556105807,36.111111111111114,0.9285714285475513,0.9843137254902646,1.5366360412319408e-23,0.9930311353658934,0
1658,1089.9333333333334,0.6972222222223081,0.6861111111111313,0.7055555555555202,0.9881889763781241,0.01927407373875831,0.8545161267438885,33.333333333333336,0.8571428571208165,0.9724409448819672,1.6945469829093715e-24,0.9960122582918316,0
1659,1090.6194444444445,0.6861111111111313,0.691666666666606,0.7055555555555202,0.9724409448819672,0.02061083904594697,0.9137816213221016,33.333333333333336,0.8571428571208165,0.9803149606298844,1.8007361015638056e-23,0.9976932564254146,0
1660,1091.3111111111111,0.691666666666606,0.7000000000000455,0.7000000000000455,0.9880952380950873,0.020697367315931386,0.9176178524750543,33.333333333333336,0.8571428571208165,1.0,2.3120145247218203e-23,0.9978799393671587,0
1661,1092.0111111111112,0.7000000000000455,0.7027777777777828,0.6986111111111768,1.0019880715705474,0.026372175907395712,1.1692105112620617,38.888888888888886,0.9999999999742858,1.0059642147116423,7.762047801238348e-18,0.9933480643460977,0
1662,1092.713888888889,0.7027777777777828,0.7111111111109949,0.6986111111111768,1.0059642147116423,0.020213378558076284,0.8961602091996597,33.333333333333336,0.8571428571208165,1.0178926441349267,1.0264904223338235e-23,0.9972980295232844,0
1663,1093.425,0.7111111111109949,0.691666666666606,0.6986111111111768,1.0178926441349267,0.025653444837670663,1.1373455667673797,38.888888888888886,0.9999999999742858,0.9900596421469374,1.778573767814315e-18,0.9915639609605152,0
1664,1094.1166666666666,0.691666666666606,0.683333333333394,0.6986111111111768,0.9900596421469374,0.020869674347920794,0.9252570853420657,36.111111111111114,0.9285714285475513,0.9781312127236529,1.9815061339045333e-22,0.9945698890247567,0
1665,1094.8,0.683333333333394,0.7055555555555202,0.6986111111111768,0.9781312127236529,0.02157575376454556,0.9565611187522154,36.111111111111114,0.9285714285475513,1.009940357852737,2.264230020072752e-21,0.9940068740485113,0
1666,1095.5055555555555,0.7055555555555202,0.7250000000001364,0.6986111111111768,1.009940357852737,0.023591318834576137,1.0459212031945282,38.888888888888886,0.9999999999742858,1.037773359841052,2.9206028444536945e-20,0.9971804675360517,0
1667,1096.2305555555556,0.7250000000001364,0.691666666666606,0.6986111111111768,1.037773359841052,0.021585417039305728,0.9569895400725674,36.111111111111114,0.9285714285475513,0.9900596421469374,4.719055865175288e-23,0.9984934089129325,0
1668,1096.9222222222222,0.691666666666606,0.6749999999999545,0.6958333333333258,0.9940119760478279,0.019991205865188762,0.8863101820820019,33.333333333333336,0.8571428571208165,0.9700598802394662,4.959922315240493e-24,0.9976516341067675,0
1669,1097.5972222222222,0.6749999999999545,0.691666666666606,0.6958333333333258,0.9700598802394662,0.02216203648313092,0.9825539651350225,36.111111111111114,0.9285714285475513,0.9940119760478279,4.685445834152284e-21,0.9952826482152073,0
1670,1098.2888888888888,0.691666666666606,0.7000000000000455,0.6958333333333258,0.9940119760478279,0.027886624414769,1.236353591143059,38.888888888888886,0.9999999999742858,1.0059880239521721,1.4121148314494498e-16,0.9934889119625693,0
1671,1098.9888888888888,0.7000000000000455,0.7027777777777828,0.6958333333333258,1.0059880239521721,0.02117381052980912,0.9387409640317729,36.111111111111114,0.9285714285475513,1.009980039920178,1.1045794477972893e-22,0.9983858554421733,0
1672,1099.6916666666666,0.7027777777777828,0.7027777777777828,0.6958333333333258,1.009980039920178,0.02666219875935597,1.182068675419955,38.888888888888886,0.9999999999742858,1.009980039920178,1.4139358861115975e-17,0.9927207725425328,0
1673,1100.3944444444444,0.7027777777777828,0.6888888888888687,0.6958333333333258,1.009980039920178,0.02184034094990843,0.9682915925423874,36.111111111111114,0.9285714285475513,0.9900199600798221,2.10518652341547e-22,0.9984618209141963,0
1674,1101.0833333333333,0.6888888888888687,0.6888888888888687,0.6958333333333258,0.9900199600798221,0.020658780502826924,0.9159071059808604,36.111111111111114,0.9285714285475513,0.9900199600798221,5.164849682413458e-23,0.9985008031599562,0
1675,1101.7722222222221,0.6888888888888687,0.688888888889096,0.6958333333333258,0.9900199600798221,0.025632366416409497,1.1364110548869075,36.111111111111114,0.9285714285475513,0.9900199600801488,2.3102484492309895e-18,0.9916114033491441,0
1676,1102.4611111111112,0.688888888889096,0.7138888888887323,0.691666666666606,0.9959839357433588,0.021353237410769058,0.9466958554278405,36.111111111111114,0.9285714285475513,1.032128514056089,3.960588634672738e-22,0.9986149335422506,0
1677,1103.175,0.7138888888887323,0.6972222222223081,0.691666666666606,1.032128514056089,0.020809991979444387,0.9226110673265382,36.111111111111114,0.9285714285475513,1.0080321285142688,4.518871997511507e-23,0.9975256771485314,0
1678,1103.8722222222223,0.6972222222223081,0.691666666666606,0.6944444444444571,1.0040000000001055,0.020364684776078855,0.9028683709049782,36.111111111111114,0.9285714285475513,0.9959999999998945,1.3498838873203048e-22,0.9935053489875557,0
1679,1104.5638888888889,0.691666666666606,0.6888888888888687,0.6944444444444571,0.9959999999998945,0.021332609473040623,0.9457813157363705,36.111111111111114,0.9285714285475513,0.9919999999999528,5.807287022681649e-22,0.9947101635823503,0
1680,1105.2527777777777,0.6888888888888687,0.6972222222223081,0.6944444444444571,0.9919999999999528,0.01927963199203681,0.8547625519224669,33.333333333333336,0.8571428571208165,1.0040000000001055,1.3385917221153006e-23,0.993479047249241,0
1681,1105.95,0.6972222222223081,0.6861111111111313,0.6944444444444571,1.0040000000001055,0.019496018649884567,0.8643560551563625,33.333333333333336,0.8571428571208165,0.9880000000000111,2.684315969548202e-24,0.9971688623969761,0
1682,1106.6361111111112,0.6861111111111313,0.7027777777777828,0.690277777777851,0.9939637826961009,0.019623551527659905,0.8700102257394052,33.333333333333336,0.8571428571208165,1.018108651911368,1.0409781684025694e-23,0.9971723094209126,0
1683,1107.338888888889,0.7027777777777828,0.7138888888887323,0.690277777777851,1.018108651911368,0.022252828723093268,0.9865792394118876,36.111111111111114,0.9285714285475513,1.0342052313879933,1.7066939293922807e-21,0.9969278871383245,0
1684,1108.0527777777777,0.7138888888887323,0.7000000000000455,0.6944444444444571,1.0279999999997558,0.020286875032029365,0.8994186756299,33.333333333333336,0.8571428571208165,1.008000000000047,5.780582203550964e-24,0.997559502639996,0
1685,1108.7527777777777,0.7000000000000455,0.6861111111111313,0.6972222222223081,1.0039840637449615,0.025746059930556578,1.1414516572349984,38.888888888888886,0.9999999999742858,0.9840637450198281,1.8078921506504914e-18,0.9935903425228352,0
1686,1109.4388888888889,0.6861111111111313,0.7055555555555202,0.6972222222223081,0.9840637450198281,0.020138349711739348,0.8928338050344118,36.111111111111114,0.9285714285475513,1.0119521912348843,4.314487918843968e-23,0.997857685430538,0
1687,1110.1444444444444,0.7055555555555202,0.716666666666697,0.6972222222223081,1.0119521912348843,0.020195581553005063,0.8953711789174666,36.111111111111114,0.9285714285475513,1.0278884462150564,2.5276829430941842e-23,0.9981034838761866,0
1688,1110.861111111111,0.716666666666697,0.7027777777777828,0.6986111111111768,1.025844930417442,0.020044647693046598,0.8886795257073383,33.333333333333336,0.8571428571208165,1.0059642147116423,3.3083844233142235e-24,0.997252084844497,0
1689,1111.5638888888889,0.7027777777777828,0.691666666666606,0.7013888888889142,1.0019801980197731,0.025477302434028584,1.129536292684708,38.888888888888886,0.9999999999742858,0.9861386138612642,1.0939682803876118e-18,0.9933577399338858,0
1690,1112.2555555555555,0.691666666666606,0.6888888888888687,0.7013888888889142,0.9861386138612642,0.0209053229179531,0.92683756481936,36.111111111111114,0.9285714285475513,0.982178217821718,5.312116129466289e-23,0.9985639445866483,0
1691,1112.9444444444443,0.6888888888888687,0.688888888889096,0.7013888888889142,0.982178217821718,0.020991764569737892,0.9306699557541289,36.111111111111114,0.9285714285475513,0.9821782178220422,1.1820294328186538e-22,0.9970785519439005,0
1692,1113.6333333333334,0.688888888889096,0.7027777777777828,0.7013888888889142,0.9821782178220422,0.02494918721212899,1.1061223024712823,36.111111111111114,0.9285714285475513,1.0019801980197731,8.750101601247985e-19,0.9917381290421611,0
1693,1114.3361111111112,0.7027777777777828,0.7194444444444343,0.7013888888889142,1.0019801980197731,0.025842386636218184,1.145722302068033,38.888888888888886,0.9999999999742858,1.0257425742573745,5.675262608078865e-18,0.9922282472130592,0
1694,1115.0555555555557,0.7194444444444343,0.6999999999998181,0.7013888888889142,1.0257425742573745,0.020202784802940202,0.8956905350285811,33.333333333333336,0.8571428571208165,0.9980198019799027,2.986938395578634e-24,0.9973908587741274,0
1695,1115.7555555555555,0.6999999999998181,0.6805555555556566,0.7013888888888005,0.9980198019800645,0.02107972285421927,0.9345695866048152,36.111111111111114,0.9285714285475513,0.9702970297032367,4.165076716762022e-23,0.9984314746000607,0
1696,1116.4361111111111,0.6805555555556566,0.7083333333332575,0.7013888888888005,0.9702970297032367,0.02043946271368766,0.9061836510308852,33.333333333333336,0.8571428571208165,1.0099009900990292,2.597148456686136e-23,0.998249241366606,0
1697,1117.1444444444444,0.7083333333332575,0.7194444444444343,0.7013888888888005,1.0099009900990292,0.02085323336073258,0.9245281741174673,36.111111111111114,0.9285714285475513,1.0257425742575406,7.093742075601116e-23,0.9975242436708012,0
1698,1117.8638888888888,0.7194444444444343,0.7027777777777828,0.7013888888888005,1.0257425742575406,0.02567077341900101,1.1381138294813795,36.111111111111114,0.9285714285475513,1.0019801980199354,4.1046115956740816e-19,0.9922765055099158,0
1699,1118.5666666666666,0.7027777777777828,0.6861111111111313,0.7013888888888005,1.0019801980199354,0.02081673161833778,0.9229098692404922,36.111111111111114,0.9285714285475513,0.9782178217823304,2.4600378049271203e-23,0.9986250603666897,0
1700,1119.2527777777777,0.6861111111111313,0.7027777777777828,0.7013888888888005,0.9782178217823304,0.0193292275513089,0.856961371216577,36.111111111111114,0.9285714285475513,1.0019801980199354,1.2713236594609323e-23,0.9965639041653556,0
1701,1119.9555555555555,0.7027777777777828,0.7055555555555202,0.7027777777777828,1.0,0.020186422025585408,0.8949650912372215,36.111111111111114,0.9285714285475513,1.003952569169903,1.5908241589890204e-23,0.9979762761881632,0
1702,1120.661111111111,0.7055555555555202,0.7138888888889596,0.7027777777777828,1.003952569169903,0.02010757887105369,0.8914695797047925,36.111111111111114,0.9285714285475513,1.0158102766799353,6.780861539017461e-23,0.9936872233467138,0
1703,1121.375,0.7138888888889596,0.716666666666697,0.7041666666666515,1.0138067061145206,0.02111025735177178,0.935923333660798,36.111111111111114,0.9285714285475513,1.0177514792900058,3.541346487109114e-23,0.9994313263741479,0
1704,1122.0916666666667,0.716666666666697,0.6972222222220807,0.7041666666666515,1.0177514792900058,0.021401341915647885,0.9488285688202007,36.111111111111114,0.9285714285475513,0.9901380670609644,5.09588336000233e-23,0.9980381236293697,0
1705,1122.7888888888888,0.6972222222220807,0.6944444444445708,0.7041666666666515,0.9901380670609644,0.020758065147560976,0.9203088910530364,36.111111111111114,0.9285714285475513,0.9861932938858022,4.005453868034171e-23,0.9978854045416399,0
1706,1123.4833333333333,0.6944444444445708,0.7027777777777828,0.7041666666666515,0.9861932938858022,0.020411310994558816,0.9049355444646647,36.111111111111114,0.9285714285475513,0.9980276134122574,4.7244056042901346e-23,0.9966673746995982,0
1707,1124.1861111111111,0.7027777777777828,0.7277777777776464,0.7027777777777828,1.0,0.020628110287192913,0.9145473418632586,36.111111111111114,0.9285714285475513,1.03557312252945,4.365129317971174e-23,0.9991542584882849,0
1708,1124.9138888888888,0.7277777777776464,0.7055555555557476,0.7027777777777828,1.03557312252945,0.021258257671909156,0.9424849283726794,38.888888888888886,0.9999999999742858,1.0039525691702265,6.249920915568994e-23,0.9990360486674277,0
1709,1125.6194444444445,0.7055555555557476,0.6888888888888687,0.7041666666666515,1.0019723865880654,0.020853952102510058,0.9245600395366902,36.111111111111114,0.9285714285475513,0.9783037475345091,2.0351997620917843e-23,0.9988265733634896,0
1710,1126.3083333333334,0.6888888888888687,0.691666666666606,0.7041666666666515,0.9783037475345091,0.019694413589255378,0.87315189548854,36.111111111111114,0.9285714285475513,0.9822485207099942,3.0236483139044107e-23,0.9942838895601869,0
1711,1127.0,0.691666666666606,0.7027777777777828,0.7041666666666515,0.9822485207099942,0.01877400121428586,0.8323454096191565,33.333333333333336,0.8571428571208165,0.9980276134122574,2.264321690443104e-24,0.9947585512548739,0
1712,1127.7027777777778,0.7027777777777828,0.7083333333332575,0.7027777777777828,1.0,0.020298329068440094,0.8999264903743044,33.333333333333336,0.8571428571208165,1.0079051383398059,1.0130850723131312e-23,0.9969898558474137,0
1713,1128.411111111111,0.7083333333332575,0.7138888888889596,0.7027777777777828,1.0079051383398059,0.021973035432585518,0.9741746028968354,36.111111111111114,0.9285714285475513,1.0158102766799353,2.606250775572683e-22,0.9986304282238082,0
1714,1129.125,0.7138888888889596,0.7055555555555202,0.7027777777777828,1.0158102766799353,0.020948495315902337,0.9287516132337148,36.111111111111114,0.9285714285475513,1.003952569169903,2.695964960206465e-23,0.9987793776623741,0
1715,1129.8305555555555,0.7055555555555202,0.6972222222223081,0.7041666666666515,1.0019723865877426,0.019837466483391398,0.8794941460513155,36.111111111111114,0.9285714285475513,0.9901380670612873,2.773586664469678e-23,0.9934957098196934,0
1716,1130.5277777777778,0.6972222222223081,0.6888888888888687,0.7041666666666515,0.9901380670612873,0.02463977935736816,1.092404704146301,36.111111111111114,0.9285714285475513,0.9783037475345091,3.3599668061476536e-19,0.9904919892127988,0
1717,1131.2166666666667,0.6888888888888687,0.7444444444445253,0.7041666666666515,0.9783037475345091,0.02088055751904577,0.9257395907720259,33.333333333333336,0.8571428571208165,1.0571992110455024,8.900668999776915e-23,0.9986336865110848,0
1718,1131.9611111111112,0.7444444444445253,0.724999999999909,0.7041666666666515,1.0571992110455024,0.0212609842260278,0.9426058101590833,36.111111111111114,0.9285714285475513,1.029585798816461,1.1995128623977584e-22,0.9935642538364753,0
1719,1132.6861111111111,0.724999999999909,0.716666666666697,0.7041666666666515,1.029585798816461,0.021106051672537852,0.9357368748572252,36.111111111111114,0.9285714285475513,1.0177514792900058,1.3307364029932908e-22,0.9941707333196901,0
1720,1133.4027777777778,0.716666666666697,0.691666666666606,0.7069444444443889,1.0137524557958004,0.019787303780105268,0.8772701824253556,33.333333333333336,0.8571428571208165,0.9783889980353546,1.1170063341941907e-24,0.9972797848347097,0
1721,1134.0944444444444,0.691666666666606,0.7111111111112223,0.7069444444443889,0.9783889980353546,0.019061744567759727,0.8451025122036684,33.333333333333336,0.8571428571208165,1.0058939096269555,2.4576259415954976e-24,0.9961738758227409,0
1722,1134.8055555555557,0.7111111111112223,0.7027777777777828,0.7097222222222399,1.0019569471625582,0.020834364330329223,0.9236916155884177,36.111111111111114,0.9285714285475513,0.9902152641878493,1.375625428399625e-23,0.9993560141403413,0
1723,1135.5083333333334,0.7027777777777828,0.7222222222221717,0.7083333333333712,0.9921568627450521,0.021434439817218365,0.9502959644023025,38.888888888888886,0.9999999999742858,1.019607843137129,3.518779322312403e-22,0.999125612000749,0
1724,1136.2305555555556,0.7222222222221717,0.7055555555555202,0.7083333333333712,1.019607843137129,0.020155488880257148,0.8935936701307038,36.111111111111114,0.9285714285475513,0.9960784313724458,4.84729979924571e-24,0.9980204533820929,0
1725,1136.9361111111111,0.7055555555555202,0.6972222222223081,0.7083333333333712,0.9960784313724458,0.019773523208485286,0.8766592207342968,33.333333333333336,0.8571428571208165,0.9843137254902646,1.76313942469447e-24,0.9975218239367047,0
1726,1137.6333333333334,0.6972222222223081,0.691666666666606,0.7083333333333712,0.9843137254902646,0.01931634119289759,0.856390054471258,33.333333333333336,0.8571428571208165,0.9764705882351563,1.719027506165869e-24,0.9961873223477984,0
1727,1138.325,0.691666666666606,0.7277777777776464,0.7083333333333712,0.9764705882351563,0.02077223096372898,0.9209369325624817,36.111111111111114,0.9285714285475513,1.0274509803919165,3.5842136304609307e-22,0.9948163720600787,0
1728,1139.0527777777777,0.7277777777776464,0.7194444444444343,0.7083333333333712,1.0274509803919165,0.021774429917613157,0.9653694266946253,36.111111111111114,0.9285714285475513,1.0156862745097353,5.362037140814847e-23,0.9993510268803543,0
1729,1139.7722222222221,0.7194444444444343,0.7111111111112223,0.7083333333333712,1.0156862745097353,0.020768974245637874,0.9207925459545009,36.111111111111114,0.9285714285475513,1.0039215686275542,1.17563427945499e-23,0.9992319159735334,0
1730,1140.4833333333333,0.7111111111112223,0.7027777777777828,0.7083333333333712,1.0039215686275542,0.02558816653263606,1.1344514528849363,36.111111111111114,0.9285714285475513,0.9921568627450521,5.5762643915976e-19,0.991659196170327,0
1731,1141.1861111111111,0.7027777777777828,0.7083333333332575,0.7083333333333712,0.9921568627450521,0.018956910910607385,0.840454711646484,33.333333333333336,0.8571428571208165,0.9999999999998395,1.238348524204834e-24,0.9957257146664058,0
1732,1141.8944444444444,0.7083333333332575,0.7111111111112223,0.7069444444443889,1.0019646365422112,0.025293561163859644,1.1213901228279417,38.888888888888886,0.9999999999742858,1.0058939096269555,8.11196174396053e-19,0.9933063908327268,0
1733,1142.6055555555556,0.7111111111112223,0.724999999999909,0.7097222222222399,1.0019569471625582,0.02101097938963989,0.9315218448618123,36.111111111111114,0.9285714285475513,1.0215264187865392,1.8252608089196044e-22,0.9944076571590301,0
1734,1143.3305555555555,0.724999999999909,0.7222222222221717,0.7097222222222399,1.0215264187865392,0.021603913495444996,0.9578095805203132,36.111111111111114,0.9285714285475513,1.0176125244617429,7.283827261500619e-23,0.99799653325039,0
1735,1144.0527777777777,0.7222222222221717,0.7111111111112223,0.7111111111112223,1.0156249999997702,0.02031214548326537,0.9005390411739954,36.111111111111114,0.9285714285475513,1.0,1.9861592772856338e-23,0.994735313131461,0
1736,1144.763888888889,0.7111111111112223,0.6972222222223081,0.7111111111112223,1.0,0.019722788834061138,0.8744099120664298,36.111111111111114,0.9285714285475513,0.9804687499999676,3.3302390258324664e-24,0.9974386518995408,0
1737,1145.4611111111112,0.6972222222223081,0.7194444444444343,0.7111111111112223,0.9804687499999676,0.0210085266732688,0.9314131036729059,36.111111111111114,0.9285714285475513,1.0117187499998277,6.193789991174536e-23,0.99905826854693,0
1738,1146.1805555555557,0.7194444444444343,0.7222222222221717,0.7111111111112223,1.0117187499998277,0.02219531887526958,0.9840295401071109,36.111111111111114,0.9285714285475513,1.0156249999997702,1.408720920164033e-22,0.9994973894301191,0
1739,1146.9027777777778,0.7222222222221717,0.7027777777777828,0.7111111111112223,1.0156249999997702,0.024991981125188984,1.1080195707567464,36.111111111111114,0.9285714285475513,0.9882812499998527,4.022167021008804e-19,0.9877927974903207,0
1740,1147.6055555555556,0.7027777777777828,0.7000000000000455,0.7111111111112223,0.9882812499998527,0.025917083570519948,1.1490339909120384,38.888888888888886,0.9999999999742858,0.9843749999999101,2.8038378740893443e-18,0.9925597465907605,0
1741,1148.3055555555557,0.7000000000000455,0.691666666666606,0.7111111111112223,0.9843749999999101,0.019957810388819122,0.8848295935201367,36.111111111111114,0.9285714285475513,0.9726562499997627,2.719836837831539e-23,0.9935596608990664,0
1742,1148.9972222222223,0.691666666666606,0.6861111111111313,0.7111111111112223,0.9726562499997627,0.02561218927958305,1.1355165014550066,38.888888888888886,0.9999999999742858,0.9648437499998777,1.61617608648877e-18,0.9938335443677041,0
1743,1149.6833333333334,0.6861111111111313,0.7027777777777828,0.7069444444445026,0.9705304518663536,0.020931966236059897,0.9280187964209826,36.111111111111114,0.9285714285475513,0.9941060903732064,2.672426234318884e-22,0.9953011556745315,0
1744,1150.3861111111112,0.7027777777777828,0.7111111111109949,0.7027777777777828,1.0,0.021836748678474627,0.9681323291757825,36.111111111111114,0.9285714285475513,1.0118577075097088,2.182527203869807e-22,0.9990601971462221,0
1745,1151.0972222222222,0.7111111111109949,0.6972222222223081,0.7027777777777828,1.0118577075097088,0.02072503763627247,0.9188446162243327,36.111111111111114,0.9285714285475513,0.9920948616601941,8.821774074012675e-23,0.9940088318027002,0
1746,1151.7944444444445,0.6972222222223081,0.691666666666606,0.7013888888889142,0.9940594059406808,0.025303987258911323,1.1218523637885907,38.888888888888886,0.9999999999742858,0.9861386138612642,2.4201499401614693e-18,0.9911783277799143,0
1747,1152.486111111111,0.691666666666606,0.7083333333332575,0.7013888888889142,0.9861386138612642,0.02104871321058859,0.9331947739457916,36.111111111111114,0.9285714285475513,1.0099009900988654,8.699262082165679e-23,0.9992988851547553,0
1748,1153.1944444444443,0.7083333333332575,0.716666666666697,0.7013888888889142,1.0099009900988654,0.021786364940058096,0.9658985659565419,36.111111111111114,0.9285714285475513,1.0217821782178282,1.9521852469082994e-22,0.9989537007526851,0
1749,1153.911111111111,0.716666666666697,0.7111111111112223,0.7013888888889142,1.0217821782178282,0.02609835282952626,1.157070564145248,36.111111111111114,0.9285714285475513,1.0138613861387358,1.0731978786039818e-18,0.9923527809054138,0
1750,1154.6222222222223,0.7111111111112223,0.6861111111111313,0.7013888888889142,1.0138613861387358,0.021427785144024,0.9500009294429124,36.111111111111114,0.9285714285475513,0.9782178217821718,6.960146903580127e-23,0.9975814500829161,0
1751,1155.3083333333334,0.6861111111111313,0.7055555555555202,0.7000000000000455,0.9801587301586954,0.020771696011752886,0.920913215464747,33.333333333333336,0.8571428571208165,1.007936507936392,6.354812910236973e-23,0.9966316937992641,0
1752,1156.013888888889,0.7055555555555202,0.6944444444443434,0.7041666666666515,1.0019723865877426,0.021069463231872674,0.9341147262121293,36.111111111111114,0.9285714285475513,0.9861932938854793,1.3591069965886592e-22,0.9947843198629909,0
1753,1156.7083333333333,0.6944444444443434,0.7111111111112223,0.7041666666666515,0.9861932938854793,0.021089274061822823,0.934993039427386,36.111111111111114,0.9285714285475513,1.0098619329390357,4.206802851700527e-22,0.9944038677397875,0
1754,1157.4194444444445,0.7111111111112223,0.7277777777776464,0.7069444444443889,1.0058939096269555,0.02656644471111607,1.1778234193557184,36.111111111111114,0.9285714285475513,1.0294695481334903,3.632341148441844e-18,0.9926036425601633,0
1755,1158.1472222222221,0.7277777777776464,0.6972222222223081,0.7069444444443889,1.0294695481334903,0.02079624916699115,0.9220017796882692,36.111111111111114,0.9285714285475513,0.9862475442045212,3.089182460289103e-23,0.9947585235138965,0
1756,1158.8444444444444,0.6972222222223081,0.691666666666606,0.7069444444443889,0.9862475442045212,0.02020608400382932,0.8958368051115606,36.111111111111114,0.9285714285475513,0.9783889980353546,9.758887029101501e-24,0.9986624288338474,0
1757,1159.536111111111,0.691666666666606,0.716666666666697,0.7069444444443889,0.9783889980353546,0.021164949061985825,0.9383480908247767,36.111111111111114,0.9285714285475513,1.0137524557958004,4.901992772204913e-22,0.9950103686158684,0
1758,1160.2527777777777,0.716666666666697,0.7194444444444343,0.7083333333333712,1.0117647058823416,0.020998306926159373,0.9309600111489995,36.111111111111114,0.9285714285475513,1.0156862745097353,8.794490215200339e-23,0.9955252797677918,0
1759,1160.9722222222222,0.7194444444444343,0.7055555555555202,0.7083333333333712,1.0156862745097353,0.019914135233837147,0.8828932553709739,33.333333333333336,0.8571428571208165,0.9960784313724458,1.5247876659798833e-24,0.9973770318149318,0
1760,1161.6777777777777,0.7055555555555202,0.6722222222222172,0.7055555555555202,1.0,0.021645436130745262,0.959650486701845,36.111111111111114,0.9285714285475513,0.9527559055118516,5.604295693719496e-23,0.9985804474640487,0
1761,1162.35,0.6722222222222172,0.6972222222223081,0.7055555555555202,0.9527559055118516,0.019862205005728426,0.880590928525811,36.111111111111114,0.9285714285475513,0.9881889763781241,3.892659064817688e-23,0.9973238416641873,0
1762,1163.0472222222222,0.6972222222223081,0.7000000000000455,0.7013888888889142,0.9940594059406808,0.02081511254563833,0.922838087646689,36.111111111111114,0.9285714285475513,0.9980198019802269,5.531423247650075e-23,0.9980140273386816,0
1763,1163.7472222222223,0.7000000000000455,0.7111111111109949,0.7027777777777828,0.9960474308300971,0.02101030780422613,0.93149207012014,33.333333333333336,0.8571428571208165,1.0118577075097088,3.6546947551367e-23,0.9974265444323607,0
1764,1164.4583333333333,0.7111111111109949,0.7250000000001364,0.7027777777777828,1.0118577075097088,0.02010417743975697,0.891318777236334,33.333333333333336,0.8571428571208165,1.0316205533598706,1.0948422220997843e-23,0.9961851876503633,0
1765,1165.1833333333334,0.7250000000001364,0.7027777777777828,0.7027777777777828,1.0316205533598706,0.0196753870289083,0.8723083528688835,33.333333333333336,0.8571428571208165,1.0,1.3841626586096306e-24,0.9964050388003627,0
1766,1165.8861111111112,0.7027777777777828,0.7027777777777828,0.7041666666666515,0.9980276134122574,0.020848406676456824,0.924314183053189,36.111111111111114,0.9285714285475513,0.9980276134122574,3.3041356973647936e-23,0.9987335934607249,0
1767,1166.588888888889,0.7027777777777828,0.7111111111109949,0.7041666666666515,0.9980276134122574,0.025806110676935858,1.1441140072861407,38.888888888888886,0.9999999999742858,1.0098619329387126,3.594092316917392e-18,0.9925642523764238,0
1768,1167.3,0.7111111111109949,0.7472222222222626,0.7041666666666515,1.0098619329387126,0.021914506449302987,0.9715797202179198,36.111111111111114,0.9285714285475513,1.0611439842209875,1.2135835156178087e-21,0.9961852128191113,0
1769,1168.0472222222222,0.7472222222222626,0.7083333333332575,0.7041666666666515,1.0611439842209875,0.021407659518549744,0.9491086597669914,36.111111111111114,0.9285714285475513,1.0059171597632277,7.286189426595213e-23,0.9939787316380634,0
1770,1168.7555555555555,0.7083333333332575,0.7027777777777828,0.7055555555555202,1.0039370078739587,0.02142601477506704,0.9499224401290022,38.888888888888886,0.9999999999742858,0.9960629921260413,1.5246496468759058e-22,0.9991699849489906,0
1771,1169.4583333333333,0.7027777777777828,0.7000000000000455,0.7055555555555202,0.9960629921260413,0.020287050073892855,0.8994264361115311,36.111111111111114,0.9285714285475513,0.9921259842520826,1.6649830794226752e-23,0.9975343482351118,0
1772,1170.1583333333333,0.7000000000000455,0.716666666666697,0.7055555555555202,0.9921259842520826,0.02066507925387658,0.9161863611307176,36.111111111111114,0.9285714285475513,1.015748031496157,4.8310390882924797e-23,0.9979549549323055,0
1773,1170.875,0.716666666666697,0.7111111111112223,0.7097222222221262,1.0097847358123124,0.02642556647808352,1.1715775824005854,38.888888888888886,0.9999999999742858,1.0019569471627188,5.5912628304644114e-18,0.9913797892494505,0
1774,1171.5861111111112,0.7111111111112223,0.7277777777776464,0.7097222222221262,1.0019569471627188,0.02219315938646669,0.9839337991634679,36.111111111111114,0.9285714285475513,1.0254403131114995,3.160066472006387e-22,0.998915835349681,0
1775,1172.3138888888889,0.7277777777776464,0.7000000000000455,0.7097222222221262,1.0254403131114995,0.022012709615578756,0.9759335579388584,36.111111111111114,0.9285714285475513,0.9863013698632112,6.236488823163615e-23,0.9985225580276682,0
1776,1173.013888888889,0.7000000000000455,0.7000000000000455,0.7097222222221262,0.9863013698632112,0.021742025504948654,0.9639327769456001,36.111111111111114,0.9285714285475513,0.9863013698632112,5.714506377937092e-22,0.9944762909247008,0
1777,1173.713888888889,0.7000000000000455,0.691666666666606,0.7097222222221262,0.9863013698632112,0.01959942068316263,0.8689403846640644,36.111111111111114,0.9285714285475513,0.9745596868885004,3.3527645545506e-23,0.9913556259078362,0
1778,1174.4055555555556,0.691666666666606,0.7305555555556111,0.7055555555555202,0.9803149606298844,0.027771157736184278,1.231234375543412,38.888888888888886,0.9999999999742858,1.0354330708662725,2.753325064279834e-16,0.992329949621038,0
1779,1175.1361111111112,0.7305555555556111,0.7111111111109949,0.7055555555555202,1.0354330708662725,0.02798704993879928,1.240805957102831,38.888888888888886,0.9999999999742858,1.0078740157479174,2.1387110425221928e-17,0.9928955144846907,0
1780,1175.8472222222222,0.7111111111109949,0.7055555555555202,0.7069444444443889,1.0058939096266337,0.021994763443090964,0.975137914318729,36.111111111111114,0.9285714285475513,0.9980353634577888,1.80937176189326e-22,0.9982563742065172,0
1781,1176.5527777777777,0.7055555555555202,0.7027777777777828,0.7083333333332575,0.9960784313726057,0.020826313066126475,0.9233346627617773,36.111111111111114,0.9285714285475513,0.9921568627452113,2.150707710396812e-22,0.9922721217699861,0
1782,1177.2555555555555,0.7027777777777828,0.7083333333334849,0.7083333333332575,0.9921568627452113,0.020764274740588378,0.9205841933816645,36.111111111111114,0.9285714285475513,1.000000000000321,1.0175203165349915e-22,0.9949183433624149,0
1783,1177.963888888889,0.7083333333334849,0.716666666666697,0.7069444444445026,1.0019646365423718,0.019494113920599,0.8642716089768128,33.333333333333336,0.8571428571208165,1.0137524557956374,4.09576384775523e-24,0.9950755233736629,0
1784,1178.6805555555557,0.716666666666697,0.7277777777776464,0.7069444444445026,1.0137524557956374,0.022096838508583502,0.97966341270501,36.111111111111114,0.9285714285475513,1.029469548133325,2.0981315825678974e-22,0.999187589163804,0
1785,1179.4083333333333,0.7277777777776464,0.7250000000001364,0.7069444444445026,1.029469548133325,0.021742123513333978,0.9639371221477068,36.111111111111114,0.9285714285475513,1.0255402750492246,7.01575276215607e-23,0.9990274741913545,0
1786,1180.1333333333334,0.7250000000001364,0.7166666666664696,0.7097222222222399,1.0215264187868596,0.021814404881411963,0.9671417168547171,36.111111111111114,0.9285714285475513,1.0097847358118301,6.005471222614003e-23,0.9991729504138906,0
1787,1180.85,0.7166666666664696,0.6972222222223081,0.7138888888887323,1.0038910505836018,0.0204016822677904,0.904508654829648,36.111111111111114,0.9285714285475513,0.9766536964983891,6.797018830306017e-24,0.9976570435131529,0
1788,1181.5472222222222,0.6972222222223081,0.7305555555556111,0.7138888888887323,0.9766536964983891,0.020907448506142654,0.926931802779192,36.111111111111114,0.9285714285475513,1.0233463035022479,1.1642719845155115e-22,0.997499948802967,0
1789,1182.2777777777778,0.7305555555556111,0.7138888888887323,0.7138888888887323,1.0233463035022479,0.022194943869374806,0.984012914219452,36.111111111111114,0.9285714285475513,1.0,7.551767338946919e-23,0.9988905571784218,0
1790,1182.9916666666666,0.7138888888887323,0.7055555555557476,0.7152777777776009,0.9980582524272122,0.021116910406805925,0.9362182968790491,36.111111111111114,0.9285714285475513,0.9864077669908036,6.365633557501708e-23,0.9954264776804371,0
1791,1183.6972222222223,0.7055555555557476,0.6999999999998181,0.7152777777776009,0.9864077669908036,0.020614410485515555,0.913939961107889,36.111111111111114,0.9285714285475513,0.9786407766990168,3.8174847226268325e-23,0.9951376651413506,0
1792,1184.3972222222221,0.6999999999998181,0.7000000000000455,0.7152777777776009,0.9786407766990168,0.019279872735014168,0.8547732252632116,33.333333333333336,0.8571428571208165,0.9786407766993347,1.2025905440549103e-24,0.9963104898288035,0
1793,1185.0972222222222,0.7000000000000455,0.6972222222223081,0.7152777777776009,0.9786407766993347,0.01994905702786501,0.8844415132315646,33.333333333333336,0.8571428571208165,0.9747572815537592,2.682872551306874e-24,0.9971112624395315,0
1794,1185.7944444444445,0.6972222222223081,0.7194444444444343,0.7097222222222399,0.982387475538257,0.02203078377663455,0.9767348759325986,36.111111111111114,0.9285714285475513,1.0136986301369468,1.4323093758430792e-21,0.9953644113441413,0
1795,1186.513888888889,0.7194444444444343,0.7111111111109949,0.7097222222222399,1.0136986301369468,0.02686830867704985,1.191206559343119,38.888888888888886,0.9999999999742858,1.0019569471622378,3.8305795317335464e-18,0.9941490156056141,0
1796,1187.225,0.7111111111109949,0.7027777777777828,0.7083333333333712,1.0039215686272331,0.020521897890503,0.9098384148838448,36.111111111111114,0.9285714285475513,0.9921568627450521,4.129322700638147e-23,0.9948325249686368,0
1797,1187.9277777777777,0.7027777777777828,0.6972222222223081,0.7041666666667652,0.9980276134120963,0.019258759720307612,0.8538371796822168,33.333333333333336,0.8571428571208165,0.9901380670611274,1.5481497816880035e-24,0.9963511457072554,0
1798,1188.625,0.6972222222223081,0.724999999999909,0.7041666666667652,0.9901380670611274,0.021014123694337094,0.9316612476215805,36.111111111111114,0.9285714285475513,1.0295857988162949,1.0357541106071424e-22,0.9988339738508962,0
1799,1189.35,0.724999999999909,0.7138888888889596,0.7041666666667652,1.0295857988162949,0.02257329440550378,1.0007870865644641,36.111111111111114,0.9285714285475513,1.013806706114357,3.704158605813465e-22,0.9980736328439974,0
1800,1190.0638888888889,0.7138888888889596,0.716666666666697,0.7041666666667652,1.013806706114357,0.020297826245175843,0.8999041977031219,36.111111111111114,0.9285714285475513,1.0177514792898414,4.918342009128927e-23,0.9945275443488015,0
1801,1190.7805555555556,0.716666666666697,0.7000000000000455,0.7069444444443889,1.0137524557958004,0.020027116570307243,0.8879022833192602,36.111111111111114,0.9285714285475513,0.9901768172889438,1.1291093931894988e-23,0.9954545140093266,0
1802,1191.4805555555556,0.7000000000000455,0.716666666666697,0.7069444444443889,0.9901768172889438,0.02075351285775752,0.9201070652686489,36.111111111111114,0.9285714285475513,1.0137524557958004,3.816086861102781e-23,0.9988912604084936,0
1803,1192.1972222222223,0.716666666666697,0.6972222222220807,0.7124999999999773,1.0058479532164488,0.020898661817226,0.9265422448952837,36.111111111111114,0.9285714285475513,0.978557504873127,4.8216863534001794e-23,0.9946242750468923,0
1804,1192.8944444444444,0.6972222222220807,0.7222222222221717,0.7124999999999773,0.978557504873127,0.02041584126549754,0.9051363940426072,33.333333333333336,0.8571428571208165,1.0136452241715015,1.2773320185455482e-23,0.9974076602870284,0
1805,1193.6166666666666,0.7222222222221717,0.7138888888889596,0.7124999999999773,1.0136452241715015,0.027054921136370837,1.199480023381002,38.888888888888886,0.9999999999742858,1.0019493177389227,7.056649681549052e-18,0.992775260154359,0
1806,1194.3305555555555,0.7138888888889596,0.7083333333332575,0.7138888888889596,1.0,0.0201972682595408,0.8954459590576387,33.333333333333336,0.8571428571208165,0.9922178988324803,2.4816114546339688e-24,0.9975281670144434,0
1807,1195.0388888888888,0.7083333333332575,0.6916666666668334,0.7138888888889596,0.9922178988324803,0.02079117423195378,0.9217767824256051,36.111111111111114,0.9285714285475513,0.9688715953308769,2.059409903273017e-23,0.9970678912400117,0
1808,1195.7305555555556,0.6916666666668334,0.7194444444444343,0.7138888888889596,0.9688715953308769,0.025459418911896348,1.1287434266683116,38.888888888888886,0.9999999999742858,1.0077821011672012,3.0148797724924485e-18,0.993089336574325,0
1809,1196.45,0.7194444444444343,0.7222222222221717,0.7138888888889596,1.0077821011672012,0.022768551325285644,1.0094438027871702,36.111111111111114,0.9285714285475513,1.0116731517508017,1.189511570245396e-21,0.9956992479339098,0
1810,1197.1722222222222,0.7222222222221717,0.7055555555555202,0.7152777777778283,1.0097087378639358,0.02211042013704973,0.9802655542506501,36.111111111111114,0.9285714285475513,0.9864077669901722,3.3401663196764754e-22,0.9944806932603873,0
1811,1197.8777777777777,0.7055555555555202,0.7000000000000455,0.7111111111111086,0.9921874999999538,0.02214269332121507,0.9816963859837051,38.888888888888886,0.9999999999742858,0.9843750000000675,4.375918221473083e-22,0.9991359330236032,0
1812,1198.5777777777778,0.7000000000000455,0.7000000000000455,0.7111111111111086,0.9843750000000675,0.02151189618398875,0.9537299926944733,36.111111111111114,0.9285714285475513,0.9843750000000675,6.796633077323364e-23,0.9992844780815373,0
1813,1199.2777777777778,0.7000000000000455,0.7083333333332575,0.7069444444443889,0.9901768172889438,0.021051102169734964,0.933300688457917,38.888888888888886,0.9999999999742858,1.0019646365422112,2.1606248910440163e-22,0.997905381316631,0
1814,1199.986111111111,0.7083333333332575,0.4027777777778283,0.7083333333332575,1.0,0.02202271050759024,0.9763769475212305,38.888888888888886,0.9999999999742858,0.5686274509805244,1.1604670874885771e-23,0.9994594641919503,0
1815,1200.388888888889,0.4027777777778283,1.0194444444443889,0.7069444444443889,0.5697445972496251,0.043469266479115753,1.927210081667195,102.77777777777777,2.642857142789184,1.442043222003964,0.9997324347496033,0.37456771642090425,1
1816,1201.4083333333333,1.0194444444443889,0.5083333333334394,0.7069444444443889,1.442043222003964,0.02777661224847859,1.231476201365093,38.888888888888886,0.9999999999742858,0.7190569744599316,5.136163860000363e-23,0.9930464558047082,0
1817,1201.9166666666667,0.5083333333334394,0.849999999999909,0.7027777777777828,0.7233201581029126,0.020671315294426406,0.9164628360103452,38.888888888888886,0.9999999999742858,1.209486166007767,2.8976305946684655e-13,0.9946249489273767,0
1818,1202.7666666666667,0.849999999999909,0.724999999999909,0.7069444444443889,1.2023575638506534,0.027239726523966137,1.2076733708875946,38.888888888888886,0.9999999999742858,1.0255402750490679,2.473582647643961e-20,0.9942431244811958,0
1819,1203.4916666666666,0.724999999999909,0.7388888888890506,0.7069444444443889,1.0255402750490679,0.0204079649885411,0.9047871992761449,36.111111111111114,0.9285714285475513,1.0451866404718237,1.5506862850426512e-23,0.998693174422714,0
1820,1204.2305555555556,0.7388888888890506,0.7111111111109949,0.7069444444443889,1.0451866404718237,0.02063556438482802,0.91487781930803,33.333333333333336,0.8571428571208165,1.0058939096266337,1.9728831426812168e-24,0.9981498497777854,0
1821,1204.9416666666666,0.7111111111109949,0.6916666666668334,0.7097222222221262,1.0019569471623984,0.0215368302230419,0.9548354434032632,36.111111111111114,0.9285714285475513,0.9745596868888208,4.143018588130232e-23,0.9989137062019942,0
1822,1205.6333333333334,0.6916666666668334,0.6944444444443434,0.7097222222221262,0.9745596868888208,0.02031901707098242,0.9008436930395088,36.111111111111114,0.9285714285475513,0.9784735812132972,8.48731282741707e-23,0.9935614729203741,0
1823,1206.3277777777778,0.6944444444443434,0.7000000000000455,0.7097222222221262,0.9784735812132972,0.02651565521974865,1.175571667077978,38.888888888888886,0.9999999999742858,0.9863013698632112,1.5145380885186643e-17,0.9919773546048165,0
1824,1207.0277777777778,0.7000000000000455,0.716666666666697,0.7055555555555202,0.9921259842520826,0.025070485689521076,1.1115000708914884,38.888888888888886,0.9999999999742858,1.015748031496157,1.455533268832756e-18,0.9924879422631638,0
1825,1207.7444444444445,0.716666666666697,0.716666666666697,0.7138888888888459,1.0038910505837604,0.020903046165183868,0.9267366249773584,36.111111111111114,0.9285714285475513,1.0038910505837604,1.454375045985123e-23,0.9992747033811156,0
1826,1208.4611111111112,0.716666666666697,0.6999999999998181,0.7138888888888459,1.0038910505837604,0.022160460568390352,0.9824840969494774,38.888888888888886,0.9999999999742858,0.9805447470815163,2.4183637979172323e-22,0.9989605485999974,0
1827,1209.161111111111,0.6999999999998181,0.6972222222223081,0.7138888888888459,0.9805447470815163,0.021799094394373993,0.9664629263582409,36.111111111111114,0.9285714285475513,0.9766536964982335,9.529373470753784e-23,0.999329121555727,0
1828,1209.8583333333333,0.6972222222223081,0.7083333333332575,0.7055555555555202,0.9881889763781241,0.026505381400211765,1.1751161772528111,38.888888888888886,0.9999999999742858,1.0039370078739587,1.0107798015179501e-17,0.9934769706934401,0
1829,1210.5666666666666,0.7083333333332575,0.7361111111110858,0.7041666666666515,1.0059171597632277,0.020730688920307584,0.9190951659218314,36.111111111111114,0.9285714285475513,1.0453648915187244,6.218837902637113e-23,0.998532977800657,0
1830,1211.3027777777777,0.7361111111110858,0.7138888888889596,0.7041666666666515,1.0453648915187244,0.02586345669661942,1.1466564432697508,38.888888888888886,0.9999999999742858,1.0138067061145206,3.839267047815673e-19,0.994061869632894,0
1831,1212.0166666666667,0.7138888888889596,0.7027777777777828,0.7041666666666515,1.0138067061145206,0.025878626918676723,1.1473290151178177,38.888888888888886,0.9999999999742858,0.9980276134122574,1.0012542584174885e-18,0.9941435639567331,0
1832,1212.7194444444444,0.7027777777777828,0.7111111111112223,0.7055555555555202,0.9960629921260413,0.01987448199971037,0.8811352290970188,33.333333333333336,0.8571428571208165,1.0078740157482395,1.507535751299243e-23,0.993765284156829,0
1833,1213.4305555555557,0.7111111111112223,0.7222222222221717,0.7097222222222399,1.0019569471625582,0.026941280475782755,1.1944417642956342,38.888888888888886,0.9999999999742858,1.0176125244617429,1.1392064572158918e-17,0.9934066830833246,0
1834,1214.1527777777778,0.7222222222221717,0.7222222222221717,0.712500000000091,1.0136452241713396,0.020586085290133622,0.91268416347138,36.111111111111114,0.9285714285475513,1.0136452241713396,4.243549128625425e-23,0.9945230021375089,0
1835,1214.875,0.7222222222221717,0.7277777777778738,0.712500000000091,1.0136452241713396,0.020844206440490468,0.924127965576903,36.111111111111114,0.9285714285475513,1.02144249512671,2.1622975601530107e-23,0.9981789504039114,0
1836,1215.6027777777779,0.7277777777778738,0.7194444444444343,0.712500000000091,1.02144249512671,0.021567622544162095,0.9562006210680228,36.111111111111114,0.9285714285475513,1.009746588693814,4.8520754842798274e-23,0.9980440509284325,0
1837,1216.3222222222223,0.7194444444444343,0.7138888888887323,0.716666666666697,1.0038759689921914,0.020617213011223087,0.9140642110949525,36.111111111111114,0.9285714285475513,0.9961240310074913,2.0836219377204225e-23,0.9958907802425139,0
1838,1217.036111111111,0.7138888888887323,0.7111111111112223,0.716666666666697,0.9961240310074913,0.020550083833374897,0.9110880387598335,36.111111111111114,0.9285714285475513,0.992248062015617,2.4699676704576803e-23,0.9955717294337285,0
1839,1217.7472222222223,0.7111111111112223,0.7361111111110858,0.716666666666697,0.992248062015617,0.020043469213087726,0.8886272777942323,33.333333333333336,0.8571428571208165,1.0271317829456577,4.632706756059343e-24,0.9971073615296762,0
1840,1218.4833333333333,0.7361111111110858,0.716666666666697,0.716666666666697,1.0271317829456577,0.020297074567835974,0.899870872085625,36.111111111111114,0.9285714285475513,1.0,3.562916705271025e-24,0.9975026535696524,0
1841,1219.2,0.716666666666697,0.7000000000000455,0.7180555555555657,0.998065764023239,0.027283541229469885,1.2096158960096293,38.888888888888886,0.9999999999742858,0.9748549323017904,6.89276162755484e-18,0.9939461463677244,0
1842,1219.9,0.7000000000000455,0.7055555555555202,0.7180555555555657,0.9748549323017904,0.020800955276643163,0.9222104250761815,33.333333333333336,0.8571428571208165,0.9825918762088344,9.418815403747964e-24,0.9978931206027091,0
1843,1220.6055555555556,0.7055555555555202,0.7194444444444343,0.7180555555555657,0.9825918762088344,0.02035658223121602,0.9025091445500931,33.333333333333336,0.8571428571208165,1.001934235976761,4.336828301907646e-24,0.9980504990054111,0
1844,1221.325,0.7194444444444343,0.7000000000000455,0.7180555555555657,1.001934235976761,0.019785710364820075,0.8771995383531033,33.333333333333336,0.8571428571208165,0.9748549323017904,7.8314684055785e-25,0.9970550913288971,0
1845,1222.025,0.7000000000000455,0.7222222222221717,0.7152777777777146,0.9786407766991791,0.024382028221774373,1.0809773066465946,36.111111111111114,0.9285714285475513,1.009708737864096,1.5200641875080378e-19,0.9924273341105665,0
1846,1222.7472222222223,0.7222222222221717,0.7027777777777828,0.7152777777777146,1.009708737864096,0.021552152960917774,0.9555147770406807,36.111111111111114,0.9285714285475513,0.982524271844754,3.458638523273398e-23,0.9981032626757381,0
1847,1223.45,0.7027777777777828,0.7083333333332575,0.7124999999999773,0.9863547758284986,0.020021775342246324,0.8876654799544639,33.333333333333336,0.8571428571208165,0.9941520467835511,3.1434596404423822e-24,0.9976661354241858,0
1848,1224.1583333333333,0.7083333333332575,0.7083333333332575,0.7097222222222399,0.9980430528374418,0.025891507863225718,1.147900091839532,36.111111111111114,0.9285714285475513,0.9980430528374418,1.1253583370679272e-18,0.9917749405922198,0
1849,1224.8666666666666,0.7083333333332575,0.7305555555556111,0.7083333333332575,1.0,0.026011278400268418,1.153210119018994,38.888888888888886,0.9999999999742858,1.0313725490197967,5.090863641213214e-18,0.9925580203192911,0
1850,1225.5972222222222,0.7305555555556111,0.7111111111112223,0.7083333333332575,1.0313725490197967,0.02614290535628313,1.159045800575125,38.888888888888886,0.9999999999742858,1.0039215686277154,1.1720459618040686e-18,0.9923646552259939,0
1851,1226.3083333333334,0.7111111111112223,0.7083333333332575,0.7083333333332575,1.0039215686277154,0.02159078934542044,0.9572277212829877,38.888888888888886,0.9999999999742858,1.0,2.2950301285513584e-22,0.9984774092221755,0
1852,1227.0166666666667,0.7083333333332575,0.7111111111112223,0.7083333333332575,1.0,0.024868988094914637,1.1025666743285676,36.111111111111114,0.9285714285475513,1.0039215686277154,2.933859189251681e-19,0.9911987729782642,0
1853,1227.7277777777779,0.7111111111112223,0.724999999999909,0.7097222222222399,1.0019569471625582,0.019876061450670255,0.8812052540608597,36.111111111111114,0.9285714285475513,1.0215264187865392,2.676015614546512e-23,0.9945519671264239,0
1854,1228.4527777777778,0.724999999999909,0.7111111111109949,0.7097222222222399,1.0215264187865392,0.02088886177407636,0.9261077599479052,36.111111111111114,0.9285714285475513,1.0019569471622378,5.792836605510938e-23,0.9943152430300315,0
1855,1229.1638888888888,0.7111111111109949,0.716666666666697,0.7111111111111086,0.9999999999998401,0.020821012640065324,0.9230996683537835,36.111111111111114,0.9285714285475513,1.0078125000000462,1.8560133206866334e-23,0.9992600857483596,0
1856,1229.8805555555555,0.716666666666697,0.716666666666697,0.7111111111111086,1.0078125000000462,0.025132270673599733,1.1142393083771092,38.888888888888886,0.9999999999742858,1.0078125000000462,3.8987004918154907e-19,0.9932895449159218,0
1857,1230.5972222222222,0.716666666666697,0.7111111111112223,0.7111111111112223,1.0078124999998852,0.02045540703214639,0.9068905424456217,33.333333333333336,0.8571428571208165,1.0,4.927034309671376e-24,0.9970437319605683,0
1858,1231.3083333333334,0.7111111111112223,0.7083333333332575,0.7111111111112223,1.0,0.020351852785679664,0.9022994645656669,33.333333333333336,0.8571428571208165,0.9960937499997378,3.910680907741824e-24,0.997707023271315,0
1859,1232.0166666666667,0.7083333333332575,0.7416666666667879,0.7111111111112223,0.9960937499997378,0.026287473635420878,1.1654552357372618,38.888888888888886,0.9999999999742858,1.0429687500000075,5.564198308002289e-18,0.9941270352974825,0
1860,1232.7583333333334,0.7416666666667879,0.7166666666664696,0.7111111111112223,1.0429687500000075,0.020675856527300338,0.9166641715857233,36.111111111111114,0.9285714285475513,1.0078124999995655,4.395605933525211e-24,0.9988147686470064,0
1861,1233.475,0.7166666666664696,0.7111111111112223,0.7138888888888459,1.003891050583442,0.024904358863163566,1.1041348374628226,38.888888888888886,0.9999999999742858,0.996108949416558,3.43225360289078e-19,0.9919734673375173,0
1862,1234.1861111111111,0.7111111111112223,0.7027777777777828,0.7138888888888459,0.996108949416558,0.01994730661705309,0.8843639087620846,36.111111111111114,0.9285714285475513,0.984435797665436,1.847945482436757e-23,0.9935940500486731,0
1863,1234.888888888889,0.7027777777777828,0.724999999999909,0.7138888888888459,0.984435797665436,0.025430877262682235,1.1274780325503946,38.888888888888886,0.9999999999742858,1.0155642023345641,1.6804802801280298e-18,0.9931443191423384,0
1864,1235.6138888888888,0.724999999999909,0.7194444444444343,0.7138888888888459,1.0155642023345641,0.02161775312717057,0.9584231606413602,36.111111111111114,0.9285714285475513,1.0077821011673616,3.7632208742228516e-23,0.9991855320926988,0
1865,1236.3333333333333,0.7194444444444343,0.7277777777778738,0.7166666666665833,1.0038759689923507,0.020660478778418378,0.9159823990351582,33.333333333333336,0.8571428571208165,1.0155038759692443,2.959728413590072e-24,0.9993977086822641,0
1866,1237.0611111111111,0.7277777777778738,0.7083333333332575,0.7166666666665833,1.0155038759692443,0.020486210975604827,0.9082562353867879,38.888888888888886,0.9999999999742858,0.988372093023265,1.4611092359886328e-23,0.9978098496669848,0
1867,1237.7694444444444,0.7083333333332575,0.7000000000000455,0.7138888888888459,0.9922178988326383,0.020013676628896703,0.8873064234697307,36.111111111111114,0.9285714285475513,0.9805447470818347,3.4337249548229796e-24,0.9989415404912727,0
1868,1238.4694444444444,0.7000000000000455,0.7083333333332575,0.7138888888888459,0.9805447470818347,0.025021754931863968,1.1093395925800087,36.111111111111114,0.9285714285475513,0.9922178988326383,5.548319645566144e-19,0.9908185783715664,0
1869,1239.1777777777777,0.7083333333332575,0.7444444444445253,0.7138888888888459,0.9922178988326383,0.021839514878933573,0.9682549686828226,36.111111111111114,0.9285714285475513,1.0428015564204094,4.1072836939946994e-22,0.9981018881014708,0
1870,1239.9222222222222,0.7444444444445253,0.7111111111112223,0.7138888888888459,1.0428015564204094,0.022692191224594798,1.006058377455477,36.111111111111114,0.9285714285475513,0.996108949416558,1.7428593017683487e-22,0.99695552867666,0
1871,1240.6333333333334,0.7111111111112223,0.7027777777777828,0.7111111111112223,1.0,0.020696240902813204,0.9175679129455128,36.111111111111114,0.9285714285475513,0.9882812499998527,1.1735416681317102e-23,0.9989517374153187,0
1872,1241.3361111111112,0.7027777777777828,0.7055555555555202,0.7097222222222399,0.9902152641878493,0.024918874804412225,1.1047784017689455,38.888888888888886,0.9999999999742858,0.9941291585126455,5.557385545079726e-19,0.9929761428330135,0
1873,1242.0416666666667,0.7055555555555202,0.7222222222221717,0.7097222222222399,0.9941291585126455,0.02554053423277861,1.1323396747038534,36.111111111111114,0.9285714285475513,1.0176125244617429,1.0227330369981935e-18,0.9918442009580641,0
1874,1242.763888888889,0.7222222222221717,0.716666666666697,0.7097222222222399,1.0176125244617429,0.02031650765434876,0.9007324380442625,33.333333333333336,0.8571428571208165,1.0097847358121506,3.411711396832335e-24,0.9972183480359935,0
1875,1243.4805555555556,0.716666666666697,0.7361111111110858,0.7097222222222399,1.0097847358121506,0.026558615466119474,1.1774763097513608,38.888888888888886,0.9999999999742858,1.0371819960860442,8.078091179418321e-18,0.9926223801516485,0
1876,1244.2166666666667,0.7361111111110858,0.7111111111109949,0.7097222222222399,1.0371819960860442,0.021895303163110058,0.9707283424572684,36.111111111111114,0.9285714285475513,1.0019569471622378,4.098751816205936e-23,0.9988590969313649,0
1877,1244.9277777777777,0.7111111111109949,0.7138888888889596,0.7111111111111086,0.9999999999998401,0.019293327952343692,0.855369762370663,33.333333333333336,0.8571428571208165,1.003906250000103,1.0004190032897669e-24,0.9968394409125718,0
1878,1245.6416666666667,0.7138888888889596,0.7083333333332575,0.712500000000091,1.0019493177387628,0.01978863893402108,0.8773293764788915,36.111111111111114,0.9285714285475513,0.9941520467833924,1.032826000921925e-23,0.994715095737285,0
1879,1246.35,0.7083333333332575,0.7472222222222626,0.712500000000091,0.9941520467833924,0.021909899521492904,0.9713754720573172,38.888888888888886,0.9999999999742858,1.0487329434697084,1.0467691963077969e-21,0.9994960444524317,0
1880,1247.0972222222222,0.7472222222222626,0.7138888888889596,0.712500000000091,1.0487329434697084,0.02634677298386254,1.168084272558207,38.888888888888886,0.9999999999742858,1.0019493177387628,4.296020413937028e-19,0.9935831189313311,0
1881,1247.8111111111111,0.7138888888889596,0.7138888888889596,0.7138888888889596,1.0,0.021974760910038388,0.9742511019457545,36.111111111111114,0.9285714285475513,1.0,2.8060577570503853e-22,0.9962006360279705,0
1882,1248.525,0.7138888888889596,0.7083333333332575,0.7138888888889596,1.0,0.0199471243296563,0.8843558270497092,36.111111111111114,0.9285714285475513,0.9922178988324803,1.6375575411917615e-23,0.9939719052397621,0
1883,1249.2333333333333,0.7083333333332575,0.7111111111109949,0.7138888888889596,0.9922178988324803,0.0239802443174723,1.063164215841518,38.888888888888886,0.9999999999742858,0.996108949416081,1.0626665252376864e-19,0.9924265317996083,0
1884,1249.9444444444443,0.7111111111109949,0.7138888888889596,0.7138888888889596,0.996108949416081,0.02255719911272768,1.0000735017028382,33.333333333333336,0.8571428571208165,1.0,5.7528073040686765e-21,0.9880874934852927,0
1885,1250.6583333333333,0.7138888888889596,0.7388888888888232,0.7138888888889596,1.0,0.020332508494828892,0.9014418353630159,33.333333333333336,0.8571428571208165,1.0350194552527237,5.356085106398864e-24,0.9983195868123427,0
1886,1251.3972222222221,0.7388888888888232,0.7361111111113132,0.7138888888889596,1.0350194552527237,0.02109914359463303,0.9354306051991093,36.111111111111114,0.9285714285475513,1.0311284046694416,1.6515661331466763e-23,0.9986595613722429,0
1887,1252.1333333333334,0.7361111111113132,0.7277777777776464,0.7138888888889596,1.0311284046694416,0.02019764630923927,0.895462719892345,33.333333333333336,0.8571428571208165,1.019455252918003,1.4892272954867174e-24,0.9975337639514866,0
1888,1252.861111111111,0.7277777777776464,0.7305555555556111,0.7138888888889596,1.019455252918003,0.025681160286471473,1.138574331287078,38.888888888888886,0.9999999999742858,1.023346303501922,8.305694164262926e-19,0.9924863361647087,0
1889,1253.5916666666667,0.7305555555556111,0.7472222222222626,0.720833333333303,1.0134874759153414,0.021739070438905335,0.963801764082215,38.888888888888886,0.9999999999742858,1.0366088631985582,2.0391173400104204e-22,0.9989612791275564,0
1890,1254.338888888889,0.7472222222222626,0.7305555555553838,0.720833333333303,1.0366088631985582,0.025992658429640936,1.1523846025559805,38.888888888888886,0.9999999999742858,1.0134874759150259,3.589514337516006e-19,0.99263982563783,0
1891,1255.0694444444443,0.7305555555553838,0.7250000000001364,0.7291666666665151,1.0019047619047345,0.02083842875227824,0.923871811749769,36.111111111111114,0.9285714285475513,0.9942857142861081,4.7841609501136305e-24,0.9989192033407746,0
1892,1255.7944444444445,0.7250000000001364,0.7222222222221717,0.7291666666665151,0.9942857142861081,0.02081421887297359,0.9227984666659664,36.111111111111114,0.9285714285475513,0.9904761904763271,1.791090225959125e-23,0.9955543738870432,0
1893,1256.5166666666667,0.7222222222221717,0.7305555555556111,0.7291666666665151,0.9904761904763271,0.02094760939025257,0.928712335716928,36.111111111111114,0.9285714285475513,1.0019047619050465,1.5509582842827714e-23,0.9978431650120969,0
1894,1257.2472222222223,0.7305555555556111,0.7333333333333485,0.7305555555554974,1.0000000000001557,0.02042983735392252,0.9057569106719706,36.111111111111114,0.9285714285475513,1.0038022813689218,4.43435833106374e-24,0.9976596358853234,0
1895,1257.9805555555556,0.7333333333333485,0.7388888888888232,0.7305555555556111,1.0038022813687657,0.020238270899609147,0.8972638112487414,36.111111111111114,0.9285714285475513,1.011406844106297,8.172602133533303e-24,0.9950264389599636,0
1896,1258.7194444444444,0.7388888888888232,0.7222222222221717,0.7305555555556111,1.011406844106297,0.020753384971425877,0.9201013954276875,36.111111111111114,0.9285714285475513,0.9885931558933917,1.0286542677968447e-23,0.994867724255432,0
1897,1259.4416666666666,0.7222222222221717,0.7222222222221717,0.7305555555554974,0.9885931558935456,0.02065670675993242,0.9158151665823662,36.111111111111114,0.9285714285475513,0.9885931558935456,1.6408903207441393e-23,0.9953047681538232,0
1898,1260.1638888888888,0.7222222222221717,0.7333333333333485,0.7305555555554974,0.9885931558935456,0.021519998580491313,0.9540892124718051,36.111111111111114,0.9285714285475513,1.0038022813689218,2.8496035101073093e-23,0.999098162246651,0
1899,1260.8972222222221,0.7333333333333485,0.7527777777779647,0.7305555555554974,1.0038022813689218,0.02138507509518385,0.9481073792779291,38.888888888888886,0.9999999999742858,1.030418250950908,1.0194006453886763e-22,0.9983129344417764,0
1900,1261.65,0.7527777777779647,0.7277777777776464,0.7305555555554974,1.030418250950908,0.026580331586133592,1.1784390940082796,38.888888888888886,0.9999999999742858,0.9961977186310781,5.288914771493749e-19,0.992940863441668,0
1901,1262.3777777777777,0.7277777777776464,0.7111111111112223,0.7291666666666288,0.9980952380951098,0.020005296601824367,0.8869348949401151,33.333333333333336,0.8571428571208165,0.9752380952382984,5.489042089947529e-25,0.9973472811493463,0
1902,1263.088888888889,0.7111111111112223,0.724999999999909,0.7291666666666288,0.9752380952382984,0.020727140599636998,0.9189378511124677,36.111111111111114,0.9285714285475513,0.9942857142856413,4.4539752507382333e-23,0.9950035187415383,0
1903,1263.8138888888889,0.724999999999909,0.7361111111110858,0.7291666666666288,0.9942857142856413,0.02166088685199984,0.9603354944828059,36.111111111111114,0.9285714285475513,1.0095238095238273,3.05088736541733e-23,0.9995183073606742,0
1904,1264.55,0.7361111111110858,0.7388888888888232,0.7305555555554974,1.0076045627376882,0.02167173390487677,0.9608163986101125,36.111111111111114,0.9285714285475513,1.0114068441064543,1.8225187599674923e-23,0.999354019196747,0
1905,1265.2888888888888,0.7388888888888232,0.7444444444445253,0.7305555555554974,1.0114068441064543,0.021699449046534387,0.9620451495126163,36.111111111111114,0.9285714285475513,1.0190114068442981,1.910711989221572e-23,0.9994084692098442,0
1906,1266.0333333333333,0.7444444444445253,0.7277777777778738,0.7305555555554974,1.0190114068442981,0.025763912035515358,1.1422431303708995,38.888888888888886,0.9999999999742858,0.9961977186313894,1.7368488390125797e-19,0.9936843009306666,0
1907,1266.7611111111112,0.7277777777778738,0.7111111111109949,0.7305555555556111,0.9961977186312343,0.019729927021654447,0.8747263836383913,33.333333333333336,0.8571428571208165,0.9733840304180178,3.4315363095452505e-25,0.9971958975000659,0
1908,1267.4722222222222,0.7111111111109949,0.7388888888890506,0.7305555555556111,0.9733840304180178,0.02118886562975814,0.9394084319407654,38.888888888888886,0.9999999999742858,1.0114068441066082,2.3488279179325347e-22,0.9972739166602798,0
1909,1268.2111111111112,0.7388888888890506,0.7388888888888232,0.7319444444444798,1.0094876660343277,0.02208908345205009,0.9793195922464276,36.111111111111114,0.9285714285475513,1.009487666034017,1.2778347596004455e-22,0.9952748023263875,0
1910,1268.95,0.7388888888888232,0.724999999999909,0.7319444444444798,1.009487666034017,0.021200214805829787,0.9399115977016692,33.333333333333336,0.8571428571208165,0.9905123339656723,2.3210003604071023e-24,0.998033858295281,0
1911,1269.675,0.724999999999909,0.7027777777777828,0.7319444444444798,0.9905123339656723,0.019808098652663256,0.8781921231730789,36.111111111111114,0.9285714285475513,0.960151802656507,3.645767610702767e-24,0.9936582894051967,0
1912,1270.3777777777777,0.7027777777777828,0.7194444444444343,0.7319444444444798,0.960151802656507,0.020207278017924147,0.8958897417306385,33.333333333333336,0.8571428571208165,0.9829222011384586,2.7907041178090235e-24,0.9976251422583531,0
1913,1271.0972222222222,0.7194444444444343,0.7194444444444343,0.7319444444444798,0.9829222011384586,0.0225554222143094,0.9999947229052374,36.111111111111114,0.9285714285475513,0.9829222011384586,1.4396597924313114e-22,0.9990552306740168,0
1914,1271.8166666666666,0.7194444444444343,0.7222222222221717,0.7263888888888914,0.990439770554476,0.021532692871664597,0.9546520139154533,36.111111111111114,0.9285714285475513,0.994263862332623,9.779500437871469e-23,0.9954717489404289,0
1915,1272.5388888888888,0.7222222222221717,0.7388888888890506,0.7236111111110404,0.9980806142034826,0.020368117426535836,0.9030205574750163,33.333333333333336,0.8571428571208165,1.0211132437623194,3.868188126221189e-24,0.9968990518187271,0
1916,1273.2777777777778,0.7388888888890506,0.7083333333332575,0.7236111111110404,1.0211132437623194,0.018592048076401267,0.8242785166134823,36.111111111111114,0.9285714285475513,0.9788867562379948,8.250879617867026e-25,0.9915492384250906,0
1917,1273.986111111111,0.7083333333332575,0.7138888888889596,0.720833333333303,0.9826589595375085,0.020865459979422404,0.9250702412999225,36.111111111111114,0.9285714285475513,0.9903660886321244,4.829473041623435e-23,0.9957467552844078,0
1918,1274.7,0.7138888888889596,0.7277777777776464,0.720833333333303,0.9903660886321244,0.02199389514635471,0.9750994183798846,36.111111111111114,0.9285714285475513,1.0096339113678756,2.2253190583368294e-22,0.9973768972962906,0
1919,1275.4277777777777,0.7277777777776464,0.7555555555557021,0.720833333333303,1.0096339113678756,0.02052369656201998,0.9099181589918526,36.111111111111114,0.9285714285475513,1.0481695568403244,2.915444681156314e-23,0.9966018068117469,0
1920,1276.1833333333334,0.7555555555557021,0.7305555555553838,0.720833333333303,1.0481695568403244,0.019640193798480934,0.8707480608745698,33.333333333333336,0.8571428571208165,1.0134874759150259,3.7133346812224976e-25,0.9957285215542255,0
1921,1276.9138888888888,0.7305555555553838,0.7333333333333485,0.720833333333303,1.0134874759150259,0.026183675285657952,1.160853335536815,38.888888888888886,0.9999999999742858,1.0173410404624916,1.1102297206522152e-18,0.9931762423638213,0
1922,1277.6472222222221,0.7333333333333485,0.7305555555556111,0.724999999999909,1.011494252873711,0.021085635878057788,0.934831740537415,38.888888888888886,0.9999999999742858,1.0076628352492452,3.759145934330842e-23,0.9980217104489224,0
1923,1278.3777777777777,0.7305555555556111,0.7277777777778738,0.7291666666665151,1.0019047619050465,0.021072171646175666,0.9342348037697427,38.888888888888886,0.9999999999742858,0.9980952380955772,3.18839907406056e-23,0.998337402173834,0
1924,1279.1055555555556,0.7277777777778738,0.7444444444442979,0.7291666666666288,0.9980952380954217,0.021601897156449213,0.9577201861238699,36.111111111111114,0.9285714285475513,1.020952380952233,5.147521248225011e-23,0.9980017844484759,0
1925,1279.85,0.7444444444442979,0.7444444444445253,0.7305555555554974,1.0190114068439868,0.020380607519921618,0.9035743058090401,36.111111111111114,0.9285714285475513,1.0190114068442981,2.364053035955218e-24,0.9983958655849043,0
1926,1280.5944444444444,0.7444444444445253,0.7361111111110858,0.7305555555554974,1.0190114068442981,0.019991379929631438,0.8863178992296779,36.111111111111114,0.9285714285475513,1.0076045627376882,7.821231653434286e-24,0.99223117980657,0
1927,1281.3305555555555,0.7361111111110858,0.7111111111112223,0.7319444444444798,1.0056925996204102,0.021682799010349547,0.96130697010002,36.111111111111114,0.9285714285475513,0.9715370018976381,4.8737423379026277e-23,0.9946665387297788,0
1928,1282.0416666666667,0.7111111111112223,0.7472222222220353,0.7319444444444798,0.9715370018976381,0.020921022003313916,0.9275335838238411,36.111111111111114,0.9285714285475513,1.0208728652748376,6.787668461996432e-23,0.9965743354320589,0
1929,1282.7888888888888,0.7472222222220353,0.7444444444445253,0.7347222222222172,1.0170132325139303,0.020968214476857986,0.9296258623037791,38.888888888888886,0.9999999999742858,1.0132325141778107,2.0486987499019262e-23,0.9974618194588108,0
1930,1283.5333333333333,0.7444444444445253,0.7416666666667879,0.7347222222222172,1.0132325141778107,0.021049751544348298,0.9332408084766666,36.111111111111114,0.9285714285475513,1.0094517958413818,4.633449074171156e-24,0.9988219885537026,0
1931,1284.275,0.7416666666667879,0.7222222222221717,0.7388888888889369,1.0037593984963395,0.025388972414579554,1.1256201809629283,36.111111111111114,0.9285714285475513,0.9774436090224246,4.726521652355364e-20,0.9924441380880502,0
1932,1284.9972222222223,0.7222222222221717,0.7388888888888232,0.7388888888889369,0.9774436090224246,0.020996198990835005,0.9308665558290076,36.111111111111114,0.9285714285475513,0.9999999999998461,6.036432435422118e-23,0.9941567635178732,0
1933,1285.736111111111,0.7388888888888232,0.7277777777778738,0.7402777777778056,0.9981238273919939,0.02703412974260509,1.1985582368655447,38.888888888888886,0.9999999999742858,0.9831144465291735,2.8323034337139785e-18,0.9922515591319988,0
1934,1286.463888888889,0.7277777777778738,0.7472222222222626,0.7402777777778056,0.9831144465291735,0.020567346344097258,0.9118533722331968,36.111111111111114,0.9285714285475513,1.0093808630394163,5.031461349721818e-24,0.9989778823504738,0
1935,1287.2111111111112,0.7472222222222626,0.7388888888888232,0.7402777777778056,1.0093808630394163,0.02148339489682684,0.9524663880282821,38.888888888888886,0.9999999999742858,0.9981238273919939,2.632016582013448e-23,0.9985204716155056,0
1936,1287.95,0.7388888888888232,0.7388888888888232,0.7388888888888232,1.0,0.020722190965461636,0.9187184090639595,36.111111111111114,0.9285714285475513,1.0,3.519164901745657e-24,0.9983084882931081,0
1937,1288.6888888888889,0.7388888888888232,0.7277777777778738,0.7388888888888232,1.0,0.019507436019702357,0.8648622442872406,36.111111111111114,0.9285714285475513,0.9849624060152551,1.4255479780269485e-24,0.9939659379532824,0
1938,1289.4166666666667,0.7277777777778738,0.75,0.7388888888888232,0.9849624060152551,0.021037625691949256,0.9327032087680663,36.111111111111114,0.9285714285475513,1.0150375939850527,4.3925908282593655e-23,0.9953346292389063,0
1939,1290.1666666666667,0.75,0.7305555555553838,0.7388888888888232,1.0150375939850527,0.020701396077876414,0.9177964676500038,36.111111111111114,0.9285714285475513,0.9887218045111336,1.4659825228382487e-24,0.9985268733522656,0
1940,1290.8972222222221,0.7305555555553838,0.716666666666697,0.7388888888888232,0.9887218045111336,0.025427583426078464,1.1273320002930247,38.888888888888886,0.9999999999742858,0.9699248120302024,2.1196220145805476e-19,0.9929705687842383,0
1941,1291.6138888888888,0.716666666666697,0.7250000000001364,0.7347222222221035,0.9754253308130534,0.025592100183398584,1.1346258513052763,36.111111111111114,0.9285714285475513,0.9867674858226514,3.5902262298306843e-19,0.9918791701808296,0
1942,1292.338888888889,0.7250000000001364,0.7277777777776464,0.7347222222221035,0.9867674858226514,0.026201861059570085,1.161659601886932,38.888888888888886,0.9999999999742858,0.9905482041587714,1.158435325209968e-18,0.9933431310594922,0
1943,1293.0666666666666,0.7277777777776464,0.7138888888889596,0.7291666666666288,0.9980952380951098,0.01954213732346903,0.8664007267113287,36.111111111111114,0.9285714285475513,0.9790476190477669,2.3041155815917518e-24,0.9942638812628293,0
1944,1293.7805555555556,0.7138888888889596,0.7277777777778738,0.7291666666666288,0.9790476190477669,0.020856616833201353,0.924678180381226,33.333333333333336,0.8571428571208165,0.9980952380954217,8.145337522927055e-24,0.9969868214913559,0
1945,1294.5083333333334,0.7277777777778738,0.7138888888887323,0.7277777777778738,1.0,0.0230839614510247,1.023427511817003,38.888888888888886,0.9999999999742858,0.9809160305340066,7.514127566606331e-22,0.9986346227202219,0
1946,1295.2222222222222,0.7138888888887323,0.7222222222221717,0.7277777777777601,0.9809160305341598,0.02136748371606245,0.9473274654229419,36.111111111111114,0.9285714285475513,0.9923664122136951,3.153694242940629e-23,0.9986590702983129,0
1947,1295.9444444444443,0.7222222222221717,0.716666666666697,0.7263888888888914,0.994263862332623,0.022438836180290772,0.9948258806785061,36.111111111111114,0.9285714285475513,0.9866156787763289,9.418353604574048e-23,0.9993287706686707,0
1948,1296.661111111111,0.716666666666697,0.7444444444445253,0.7236111111111541,0.9904030710172576,0.02718663621066162,1.2053196116612113,38.888888888888886,0.9999999999742858,1.0287907869482273,1.7190206101003454e-17,0.9928179909278902,0
1949,1297.4055555555556,0.7444444444445253,0.7222222222221717,0.7236111111111541,1.0287907869482273,0.02304370346798147,1.0216426739977182,38.888888888888886,0.9999999999742858,0.9980806142033258,1.7631621328444877e-21,0.9942076047071322,0
1950,1298.1277777777777,0.7222222222221717,0.7194444444444343,0.7222222222221717,1.0,0.021368432116358502,0.9473695127533905,38.888888888888886,0.9999999999742858,0.9961538461539019,8.986609400057864e-23,0.9979211474151484,0
1951,1298.8472222222222,0.7194444444444343,0.7305555555556111,0.7222222222221717,0.9961538461539019,0.026863783377447298,1.1910059301693832,38.888888888888886,0.9999999999742858,1.0115384615386092,7.511993583605405e-18,0.992555665550283,0
1952,1299.5777777777778,0.7305555555556111,0.7444444444445253,0.7222222222221717,1.0115384615386092,0.021831741637418897,0.9679103419930322,36.111111111111114,0.9285714285475513,1.0307692307694147,1.49152001321152e-22,0.9963496724561569,0
1953,1300.3222222222223,0.7444444444445253,0.7305555555553838,0.7222222222221717,1.0307692307694147,0.025341697639469817,1.123524253642788,38.888888888888886,0.9999999999742858,1.0115384615382945,1.3436285015550377e-19,0.9928177255349392,0
1954,1301.0527777777777,0.7305555555553838,0.7444444444445253,0.7250000000000227,1.0076628352487735,0.020655106845075863,0.9157442343515947,36.111111111111114,0.9285714285475513,1.0268199233717268,1.0615907094255419e-23,0.9980043334258681,0
1955,1301.7972222222222,0.7444444444445253,0.724999999999909,0.7263888888887777,1.0248565965585856,0.020518111747474584,0.9096705562194134,36.111111111111114,0.9285714285475513,0.9980879541109262,8.910075061666408e-24,0.9941637164812744,0
1956,1302.5222222222221,0.724999999999909,0.7305555555556111,0.7277777777776464,0.9961832061069251,0.020961756263349604,0.9293395373852555,36.111111111111114,0.9285714285475513,1.0038167938933873,1.161144561233981e-23,0.9984209678609448,0
1957,1303.2527777777777,0.7305555555556111,0.7250000000001364,0.7305555555554974,1.0000000000001557,0.021349222459088466,0.9465178525310132,36.111111111111114,0.9285714285475513,0.9923954372626231,3.7765232778954125e-23,0.9953410518513803,0
1958,1303.9777777777779,0.7250000000001364,0.7416666666665606,0.7305555555554974,0.9923954372626231,0.021634177496019386,0.9591513350918233,36.111111111111114,0.9285714285475513,1.0152091254752207,1.6020670677191027e-22,0.9949183869693081,0
1959,1304.7194444444444,0.7416666666665606,0.7222222222221717,0.7305555555554974,1.0152091254752207,0.020794562795189327,0.9219270143885264,36.111111111111114,0.9285714285475513,0.9885931558935456,2.32693121390778e-24,0.9990167663759055,0
1960,1305.4416666666666,0.7222222222221717,0.7055555555555202,0.7305555555554974,0.9885931558935456,0.020746946180194143,0.9198159315958672,36.111111111111114,0.9285714285475513,0.9657794676806367,2.2781420996290784e-23,0.9936892168164746,0
1961,1306.1472222222221,0.7055555555555202,0.716666666666697,0.7305555555554974,0.9657794676806367,0.020165339971412854,0.89403041829161,36.111111111111114,0.9285714285475513,0.9809885931560131,3.0407091664738066e-23,0.9933347934997263,0
1962,1306.8638888888888,0.716666666666697,0.7222222222223991,0.7277777777777601,0.9847328244275465,0.019741808867764717,0.8752531653273239,36.111111111111114,0.9285714285475513,0.9923664122140076,2.4992342128261536e-24,0.997386415595491,0
1963,1307.5861111111112,0.7222222222223991,0.7277777777776464,0.7250000000000227,0.9961685823756916,0.026809242359825812,1.1885878539620238,38.888888888888886,0.9999999999742858,1.0038314176243084,3.7191177713726385e-18,0.9936606325608384,0
1964,1308.3138888888889,0.7277777777776464,0.7305555555556111,0.7250000000000227,1.0038314176243084,0.019550714439507486,0.8667809931809478,33.333333333333336,0.8571428571208165,1.0076628352490873,5.81889786797084e-25,0.996826184726592,0
1965,1309.0444444444445,0.7305555555556111,0.7194444444444343,0.7250000000000227,1.0076628352490873,0.02017892202478599,0.8946325786754994,36.111111111111114,0.9285714285475513,0.9923371647509128,6.789918293298123e-24,0.9948317766649735,0
1966,1309.763888888889,0.7194444444444343,0.7138888888889596,0.7236111111112677,0.9942418426101355,0.025311552080145204,1.122187750164502,38.888888888888886,0.9999999999742858,0.9865642994240684,3.3421084937105166e-19,0.9932733190997156,0
1967,1310.4777777777779,0.7138888888889596,0.724999999999909,0.7222222222222854,0.9884615384615499,0.025671713506711998,1.1381555082733403,38.888888888888886,0.9999999999742858,1.0038461538459402,8.436232053717802e-19,0.9938426106246538,0
1968,1311.2027777777778,0.724999999999909,0.7472222222222626,0.7222222222222854,1.0038461538459402,0.021363955523877414,0.9471710430100556,36.111111111111114,0.9285714285475513,1.03461538461535,2.732890844982264e-22,0.9935095039282249,0
1969,1311.95,0.7472222222222626,0.716666666666697,0.7222222222222854,1.03461538461535,0.026183709827017877,1.1608548669281282,38.888888888888886,0.9999999999742858,0.9923076923076475,3.4147667462474674e-19,0.992955252296624,0
1970,1312.6666666666667,0.716666666666697,0.7111111111109949,0.7208333333334167,0.9942196531791179,0.025548308697460668,1.1326843556227741,38.888888888888886,0.9999999999742858,0.9865125240845031,5.664574710781644e-19,0.9932942473034859,0
1971,1313.3777777777777,0.7111111111109949,0.7000000000000455,0.7208333333334167,0.9865125240845031,0.01971412812752734,0.8740259396119069,36.111111111111114,0.9285714285475513,0.9710982658959045,8.578022996275348e-24,0.993571069555339,0
1972,1314.0777777777778,0.7000000000000455,0.7277777777778738,0.7208333333334167,0.9710982658959045,0.02017120986562975,0.8942906600722842,33.333333333333336,0.8571428571208165,1.009633911368032,5.42416419694989e-24,0.9977435861711631,0
1973,1314.8055555555557,0.7277777777778738,0.7222222222221717,0.7222222222221717,1.007692307692511,0.019299446039103243,0.8556410077685853,36.111111111111114,0.9285714285475513,1.0,4.215071565491309e-24,0.9928567924563614,0
1974,1315.5277777777778,0.7222222222221717,0.724999999999909,0.720833333333303,1.0019267822735751,0.020246293453024866,0.8976194911825383,33.333333333333336,0.8571428571208165,1.0057803468207254,1.7349968119007104e-24,0.9978719601094765,0
1975,1316.2527777777777,0.724999999999909,0.7138888888889596,0.720833333333303,1.0057803468207254,0.026274465889245934,1.1648785372650168,38.888888888888886,0.9999999999742858,0.9903660886321244,1.1669868217801177e-18,0.9934378713583301,0
1976,1316.9666666666667,0.7138888888889596,0.7027777777777828,0.7194444444444343,0.9922779922781045,0.020470851360245856,0.9075752667860281,36.111111111111114,0.9285714285475513,0.9768339768339975,5.097066572474071e-24,0.9988207708579855,0
1977,1317.6694444444445,0.7027777777777828,0.7083333333332575,0.7194444444444343,0.9768339768339975,0.024592916567540365,1.0903270421950793,38.888888888888886,0.9999999999742858,0.984555984555893,3.512307108597896e-19,0.99229626110514,0
1978,1318.3777777777777,0.7083333333332575,0.7388888888888232,0.7152777777778283,0.9902912621357464,0.02040545911371486,0.9046761013069431,36.111111111111114,0.9285714285475513,1.0330097087376993,2.3004282090624772e-23,0.9986210311200893,0
1979,1319.1166666666666,0.7388888888888232,0.7055555555557476,0.7152777777778283,1.0330097087376993,0.025944553160970628,1.1502518553009224,38.888888888888886,0.9999999999742858,0.98640776699049,2.623221074483224e-19,0.9936886519428995,0
1980,1319.8222222222223,0.7055555555557476,0.7083333333332575,0.7124999999999773,0.9902534113063439,0.021045172032664372,0.9330377758101133,36.111111111111114,0.9285714285475513,0.9941520467835511,2.132636106126775e-22,0.9932580282693617,0
1981,1320.5305555555556,0.7083333333332575,0.7055555555555202,0.7111111111111086,0.996093749999897,0.019873363181242457,0.8810856262763236,36.111111111111114,0.9285714285475513,0.9921874999999538,2.4427940943998942e-23,0.9933371302952078,0
1982,1321.236111111111,0.7055555555555202,0.7277777777778738,0.7111111111111086,0.9921874999999538,0.025680463068826268,1.1385434201403348,38.888888888888886,0.9999999999742858,1.0234375000001386,2.6380241436291083e-18,0.9929608890598443,0
1983,1321.963888888889,0.7277777777778738,0.7194444444444343,0.7111111111111086,1.0234375000001386,0.0212344576031848,0.9414297522423899,36.111111111111114,0.9285714285475513,1.0117187499999893,1.4020142140744612e-22,0.9935359389037296,0
1984,1322.6833333333334,0.7194444444444343,0.7194444444444343,0.7111111111111086,1.0117187499999893,0.01987158796264307,0.8810069219534994,36.111111111111114,0.9285714285475513,1.0117187499999893,4.245360274377722e-24,0.9980056703099658,0
1985,1323.4027777777778,0.7194444444444343,0.7194444444444343,0.7111111111111086,1.0117187499999893,0.02009302891620012,0.8908245074053768,36.111111111111114,0.9285714285475513,1.0117187499999893,5.572443620291115e-24,0.9983037882602357,0
1986,1324.1222222222223,0.7194444444444343,0.7083333333332575,0.7138888888888459,1.0077821011673616,0.0200618661247281,0.8894429049362709,33.333333333333336,0.8571428571208165,0.9922178988326383,1.866784111942159e-24,0.9969894783599643,0
1987,1324.8305555555555,0.7083333333332575,0.7111111111112223,0.7138888888888459,0.9922178988326383,0.02079369109509624,0.921888367561845,36.111111111111114,0.9285714285475513,0.996108949416558,8.283370195312093e-23,0.9943762739409432,0
1988,1325.5416666666667,0.7111111111112223,0.7277777777776464,0.7152777777778283,0.9941747572816386,0.02562515859815834,1.1360914962394864,38.888888888888886,0.9999999999742858,1.0174757281550844,1.9759245863087478e-18,0.9922313183488634,0
1989,1326.2694444444444,0.7277777777776464,0.7194444444444343,0.7152777777778283,1.0174757281550844,0.020788104822625133,0.9216407001522643,36.111111111111114,0.9285714285475513,1.0058252427183614,8.932092958392032e-24,0.9987175033997024,0
1990,1326.9888888888888,0.7194444444444343,0.7027777777777828,0.7194444444444343,1.0,0.02558854668472076,1.1344683069289436,38.888888888888886,0.9999999999742858,0.9768339768339975,6.150667914736314e-19,0.9924104971847951,0
1991,1327.6916666666666,0.7027777777777828,0.7111111111112223,0.7194444444444343,0.9768339768339975,0.026158511507844335,1.1597376993592747,38.888888888888886,0.9999999999742858,0.9884169884171569,2.724454591473549e-18,0.9940408518931912,0
1992,1328.4027777777778,0.7111111111112223,0.7138888888887323,0.7194444444444343,0.9884169884171569,0.01956433702049177,0.8673849503566192,33.333333333333336,0.8571428571208165,0.9922779922777885,9.932396787989636e-25,0.9970603413001666,0
1993,1329.1166666666666,0.7138888888887323,0.7055555555557476,0.7166666666665833,0.9961240310076492,0.024928052382918498,1.1051852897441792,36.111111111111114,0.9285714285475513,0.9844961240313902,1.427450719681128e-19,0.9916553642725302,0
1994,1329.8222222222223,0.7055555555557476,0.36111111111108585,0.7124999999999773,0.9902534113063439,0.02529846467742646,1.1216075201191082,36.111111111111114,0.9285714285475513,0.5068226120857507,2.0080494378669517e-20,0.992038122850881,0
1995,1330.1833333333334,0.36111111111108585,1.0444444444444798,0.7111111111112223,0.5078124999998851,0.04612830433800445,2.045098534458251,100.0,2.5714285713624494,1.4687499999998201,0.9996480941772461,0.4111963100623316,1
1996,1331.2277777777779,1.0444444444444798,0.7111111111109949,0.7111111111112223,1.4687499999998201,0.021146638104746443,0.9375362744714073,33.333333333333336,0.8571428571208165,0.9999999999996803,8.734112610338497e-30,0.9978344286519868,0
1997,1331.9388888888889,0.7111111111109949,0.7083333333332575,0.7111111111112223,0.9999999999996803,0.025401267381088152,1.1261652783461684,38.888888888888886,0.9999999999742858,0.9960937499997378,7.311848549001768e-19,0.9930931687361555,0
1998,1332.6472222222221,0.7083333333332575,0.7305555555556111,0.7111111111111086,0.996093749999897,0.02486950490936926,1.1025895872992244,38.888888888888886,0.9999999999742858,1.0273437500000817,7.177704152076161e-19,0.9926612117690168,0
1999,1333.3777777777777,0.7305555555556111,0.7111111111112223,0.7111111111111086,1.0273437500000817,0.02087043899347851,0.9252909859055464,36.111111111111114,0.9285714285475513,1.0000000000001599,1.48902939000712e-23,0.9972538306753114,0
2000,1334.088888888889,0.7111111111112223,0.7138888888887323,0.7111111111111086,1.0000000000001599,0.02499146737553658,1.1079967936641069,38.888888888888886,0.9999999999742858,1.0039062499997833,5.031473934388285e-19,0.9926405983692184,0
2001,1334.8027777777777,0.7138888888887323,0.7055555555557476,0.7111111111112223,1.0039062499996227,0.021083677529068683,0.934744917128121,36.111111111111114,0.9285714285475513,0.9921875000001149,2.1845003658748182e-23,0.9988994096166673,0
2002,1335.5083333333334,0.7055555555557476,0.7305555555553838,0.7111111111111086,0.9921875000002736,0.020774323262332257,0.9210296946283892,36.111111111111114,0.9285714285475513,1.027343749999762,2.964692257727303e-22,0.9929753721834557,0
2003,1336.2388888888888,0.7305555555553838,0.7055555555555202,0.7111111111111086,1.027343749999762,0.020926411679933345,0.9277725351556488,36.111111111111114,0.9285714285475513,0.9921874999999538,4.939061598576738e-23,0.993698918654969,0
2004,1336.9444444444443,0.7055555555555202,0.7277777777778738,0.7111111111111086,0.9921874999999538,0.021666707624653645,0.9605935584588082,36.111111111111114,0.9285714285475513,1.0234375000001386,2.473985938582259e-22,0.9977533111013913,0
2005,1337.6722222222222,0.7277777777778738,0.7083333333332575,0.7124999999999773,1.021442495126873,0.022158518511043345,0.9823979958301928,36.111111111111114,0.9285714285475513,0.9941520467835511,1.2406714592466112e-22,0.9974366055489572,0
2006,1338.3805555555555,0.7083333333332575,0.716666666666697,0.7111111111111086,0.996093749999897,0.02604303334013584,1.154617974389285,38.888888888888886,0.9999999999742858,1.0078125000000462,4.8969191524812745e-18,0.9916138093137115,0
2007,1339.0972222222222,0.716666666666697,0.7055555555555202,0.7124999999999773,1.0058479532164488,0.020419003494217772,0.905276591463999,33.333333333333336,0.8571428571208165,0.9902534113060248,7.687295693502242e-24,0.9951754648385789,0
2008,1339.8027777777777,0.7055555555555202,0.7416666666667879,0.7124999999999773,0.9902534113060248,0.020630510200918942,0.9146537420467113,36.111111111111114,0.9285714285475513,1.0409356725148233,2.493427762690229e-22,0.9938836015763521,0
2009,1340.5444444444445,0.7416666666667879,0.7111111111109949,0.7124999999999773,1.0409356725148233,0.021228569220897584,0.9411686907930534,36.111111111111114,0.9285714285475513,0.9980506822610773,1.1330271131030979e-23,0.9982353081145485,0
2010,1341.2555555555555,0.7111111111109949,0.7138888888889596,0.7124999999998636,0.9980506822612366,0.026330001758167573,1.1673407202082544,38.888888888888886,0.9999999999742858,1.0019493177390826,3.617241379949995e-18,0.9930981948757152,0
2011,1341.9694444444444,0.7138888888889596,0.7000000000000455,0.7124999999999773,1.0019493177389227,0.019477706069133214,0.8635441668245842,36.111111111111114,0.9285714285475513,0.9824561403509724,5.308811433362137e-24,0.9945433820665304,0
2012,1342.6694444444445,0.7000000000000455,0.41388888888877773,0.7124999999999773,0.9824561403509724,0.02015674661117896,0.8936494316355295,33.333333333333336,0.8571428571208165,0.5808966861597066,7.069256824109568e-26,0.9976963375087671,0
2013,1343.0833333333333,0.41388888888877773,1.0,0.7097222222221262,0.5831702544030534,0.04246090997878894,1.882504592691941,111.11111111111111,2.8571428570693884,1.409001956947353,0.9998292922973633,0.4272573765130443,1
2014,1344.0833333333333,1.0,0.7250000000001364,0.7124999999999773,1.4035087719298693,0.022933975113055793,1.016777866997602,38.888888888888886,0.9999999999742858,1.0175438596493467,8.984500168421387e-27,0.9991410672955179,0
2015,1344.8083333333334,0.7250000000001364,0.716666666666697,0.7124999999999773,1.0175438596493467,0.02107142668662441,0.9342017759854274,36.111111111111114,0.9285714285475513,1.0058479532164488,1.4234348168770877e-23,0.9992950969377251,0
2016,1345.525,0.716666666666697,0.6999999999998181,0.7152777777778283,1.0019417475727872,0.02136337399180673,0.9471452607836641,36.111111111111114,0.9285714285475513,0.9786407766987056,2.756057859611305e-23,0.9983495416779967,0
2017,1346.225,0.6999999999998181,0.7111111111112223,0.7124999999999773,0.9824561403506532,0.02486272458723651,1.1022889816937107,38.888888888888886,0.9999999999742858,0.9980506822613965,8.78404702563563e-19,0.9919989302248013,0
2018,1346.9361111111111,0.7111111111112223,0.7277777777776464,0.712500000000091,0.9980506822612372,0.02078172106483224,0.9213576762281478,36.111111111111114,0.9285714285475513,1.021442495126391,2.9396336808652867e-23,0.9984113541383812,0
2019,1347.6638888888888,0.7277777777776464,0.7194444444446617,0.712500000000091,1.021442495126391,0.02546699294016377,1.1290792212380871,36.111111111111114,0.9285714285475513,1.0097465886941333,2.0425769906106808e-19,0.9919455955427523,0
2020,1348.3833333333334,0.7194444444446617,0.7055555555555202,0.7152777777778283,1.0058252427186793,0.020341192026813875,0.901826819783997,36.111111111111114,0.9285714285475513,0.9864077669901722,4.806643091481977e-24,0.9983804185768494,0
2021,1349.088888888889,0.7055555555555202,0.6999999999998181,0.7138888888889596,0.9883268482488797,0.020279027029896094,0.8990707344278221,36.111111111111114,0.9285714285475513,0.9805447470813601,3.9816883288591207e-23,0.9935219595248721,0
2022,1349.7888888888888,0.6999999999998181,0.7111111111112223,0.7138888888889596,0.9805447470813601,0.02508925117721526,1.112332038854164,38.888888888888886,0.9999999999742858,0.9961089494163994,1.306893462250346e-18,0.9917861119851604,0
2023,1350.5,0.7111111111112223,0.7027777777777828,0.7138888888889596,0.9961089494163994,0.01963180960951657,0.8703763478274567,36.111111111111114,0.9285714285475513,0.9844357976652792,2.8954044981631244e-24,0.9973957874741552,0
2024,1351.2027777777778,0.7027777777777828,0.7194444444444343,0.7111111111112223,0.9882812499998527,0.021819601892261883,0.9673721263489585,36.111111111111114,0.9285714285475513,1.0117187499998277,2.209046056930696e-22,0.9986394160606198,0
2025,1351.9222222222222,0.7194444444444343,0.7111111111112223,0.7111111111112223,1.0117187499998277,0.021877105764422942,0.9699215607227116,36.111111111111114,0.9285714285475513,1.0,9.804229018439613e-23,0.9981664630250562,0
2026,1352.6333333333334,0.7111111111112223,0.7083333333332575,0.7111111111112223,1.0,0.019918722005045728,0.8830966098885782,36.111111111111114,0.9285714285475513,0.9960937499997378,4.983553826947746e-24,0.9980035390579628,0
2027,1353.3416666666667,0.7083333333332575,0.6972222222220807,0.7111111111112223,0.9960937499997378,0.018683563089125173,0.8283358350232638,33.333333333333336,0.8571428571208165,0.9804687499996478,4.857329672617529e-25,0.9953040204548231,0
2028,1354.0388888888888,0.6972222222220807,0.7305555555556111,0.7097222222222399,0.9823874755379366,0.0211223458632207,0.9364592778582439,36.111111111111114,0.9285714285475513,1.029354207436452,3.9628852927577623e-22,0.9954686847186666,0
2029,1354.7694444444444,0.7305555555556111,0.7194444444444343,0.7097222222222399,1.029354207436452,0.02127072846879068,0.9430378211961191,36.111111111111114,0.9285714285475513,1.0136986301369468,1.2790393817571542e-22,0.9938185327194184,0
2030,1355.4888888888888,0.7194444444444343,0.7250000000001364,0.7097222222222399,1.0136986301369468,0.02101690618207635,0.9317846092252502,36.111111111111114,0.9285714285475513,1.0215264187868596,2.5699475860410293e-23,0.9990368560435499,0
2031,1356.213888888889,0.7250000000001364,0.7083333333332575,0.7111111111112223,1.0195312500000324,0.019789240765580068,0.877356058683168,33.333333333333336,0.8571428571208165,0.9960937499997378,3.1709068723481895e-24,0.9940024090330699,0
2032,1356.9222222222222,0.7083333333332575,0.7277777777778738,0.7111111111112223,0.9960937499997378,0.020683716584168493,0.9170126472345145,36.111111111111114,0.9285714285475513,1.0234374999999751,5.004912867045329e-23,0.9969838591527733,0
2033,1357.65,0.7277777777778738,0.7166666666664696,0.7152777777778283,1.017475728155402,0.020621331757948225,0.9142468157454435,33.333333333333336,0.8571428571208165,1.0019417475724692,2.7829646034679e-24,0.997797854721297,0
2034,1358.3666666666666,0.7166666666664696,0.7444444444445253,0.718055555555452,0.9980657640230803,0.020608072521743945,0.9136589674618666,36.111111111111114,0.9285714285475513,1.0367504835592563,3.6678236094101125e-23,0.9971957045432054,0
2035,1359.111111111111,0.7444444444445253,0.7305555555556111,0.718055555555452,1.0367504835592563,0.026200913826019193,1.1616176062841341,38.888888888888886,0.9999999999742858,1.0174081237913266,7.18307255425163e-19,0.9922253898420481,0
2036,1359.8416666666667,0.7305555555556111,0.7333333333333485,0.7222222222222854,1.01153846153845,0.019922708756815607,0.8832733625422653,33.333333333333336,0.8571428571208165,1.0153846153845476,1.4100473542774213e-24,0.9963877372181802,0
2037,1360.575,0.7333333333333485,0.7194444444444343,0.7263888888890051,1.009560229445366,0.020447587286725768,0.906543854004998,36.111111111111114,0.9285714285475513,0.990439770554321,1.228388879175102e-23,0.9939098231053558,0
2038,1361.2944444444445,0.7194444444444343,0.7416666666665606,0.7263888888890051,0.990439770554321,0.021066523291311624,0.9339843839370536,36.111111111111114,0.9285714285475513,1.0210325047798052,1.9718994489096243e-22,0.9927829161240713,0
2039,1362.036111111111,0.7416666666665606,0.7361111111110858,0.7263888888890051,1.0210325047798052,0.026335386390695676,1.1675794479102557,38.888888888888886,0.9999999999742858,1.0133843212235125,9.02362438042513e-19,0.9925857413005255,0
2040,1362.7722222222221,0.7361111111110858,0.716666666666697,0.7291666666667425,1.00952380952367,0.020098503573637082,0.8910672263620276,36.111111111111114,0.9285714285475513,0.9828571428570823,4.962875021608735e-24,0.993925732620571,0
2041,1363.4888888888888,0.716666666666697,0.716666666666697,0.7291666666667425,0.9828571428570823,0.026179627223704385,1.1606738646959192,36.111111111111114,0.9285714285475513,0.9828571428570823,7.366834863233348e-19,0.992404437192052,0
2042,1364.2055555555555,0.716666666666697,0.7222222222221717,0.7291666666667425,0.9828571428570823,0.019839411312032748,0.8795803700359444,33.333333333333336,0.8571428571208165,0.9904761904760182,8.70363548758118e-25,0.9973475795351444,0
2043,1364.9277777777777,0.7222222222221717,0.7250000000001364,0.7263888888888914,0.994263862332623,0.025310639967278146,1.1221473116373448,38.888888888888886,0.9999999999742858,0.998087954111083,3.6821301317883884e-19,0.9929768195822226,0
2044,1365.6527777777778,0.7250000000001364,0.724999999999909,0.7277777777778738,0.9961832061069262,0.021478715923265158,0.9522589457190298,36.111111111111114,0.9285714285475513,0.9961832061066138,1.7635640290767052e-23,0.9993565127246935,0
2045,1366.3777777777777,0.724999999999909,0.7222222222221717,0.7250000000000227,0.9999999999998432,0.021016701445262815,0.9317755322179048,36.111111111111114,0.9285714285475513,0.996168582375378,8.954336469336548e-24,0.9990561825392597,0
2046,1367.1,0.7222222222221717,0.3638888888890506,0.7236111111110404,0.9980806142034826,0.02003266522600761,0.8881482829891785,36.111111111111114,0.9285714285475513,0.5028790786950903,4.908288546350851e-26,0.9979183981892984,0
2047,1367.463888888889,0.3638888888890506,1.0527777777776919,0.7222222222221717,0.503846153846413,0.044447063436401146,1.9705607131946277,100.0,2.5714285713624494,1.4576923076922907,0.9996482133865356,0.43480982796694584,1
2048,1368.5166666666667,1.0527777777776919,0.7444444444445253,0.7236111111110404,1.4548944337812135,0.022256703971756192,0.9867510485749372,36.111111111111114,0.9285714285475513,1.0287907869483888,1.7851035394412107e-28,0.9970161961412736,0
2049,1369.2611111111112,0.7444444444445253,0.7222222222221717,0.7236111111110404,1.0287907869483888,0.02776270898421178,1.230859800095107,38.888888888888886,0.9999999999742858,0.9980806142034826,4.171925124080598e-18,0.993951799749216,0
2050,1369.9833333333333,0.7222222222221717,0.7027777777777828,0.7222222222221717,1.0,0.020057244259359237,0.8892379945189474,36.111111111111114,0.9285714285475513,0.9730769230769981,1.9695369919364956e-24,0.9981245605187165,0
2051,1370.6861111111111,0.7027777777777828,0.7138888888889596,0.7222222222221717,0.9730769230769981,0.020713288069203722,0.9183236991271694,36.111111111111114,0.9285714285475513,0.9884615384617056,9.030114763436441e-23,0.9939204794204632,0
2052,1371.4,0.7138888888889596,0.7194444444444343,0.7222222222221717,0.9884615384617056,0.020516754464664406,0.9096103810812682,36.111111111111114,0.9285714285475513,0.9961538461539019,3.5595360418617e-23,0.9942743276766987,0
2053,1372.1194444444445,0.7194444444444343,0.7222222222221717,0.7222222222221717,0.9961538461539019,0.026043454451686914,1.1546366443713774,38.888888888888886,0.9999999999742858,1.0,1.4074668374130653e-18,0.9930702576532814,0
2054,1372.8416666666667,0.7222222222221717,0.7305555555556111,0.7222222222221717,1.0,0.020889802195489107,0.9261494535345345,36.111111111111114,0.9285714285475513,1.0115384615386092,1.2749516307640438e-23,0.9987949709696387,0
2055,1373.5722222222223,0.7305555555556111,0.7166666666664696,0.7222222222221717,1.0115384615386092,0.02527115853056095,1.1203969020021456,38.888888888888886,0.9999999999742858,0.9923076923074888,1.3573939501706565e-19,0.9940369682170068,0
2056,1374.2888888888888,0.7166666666664696,0.716666666666697,0.720833333333303,0.9942196531789592,0.020264301837548335,0.8984178929734874,33.333333333333336,0.8571428571208165,0.9942196531792746,1.947437842537634e-24,0.9978012266450333,0
2057,1375.0055555555555,0.716666666666697,0.7111111111112223,0.720833333333303,0.9942196531792746,0.020344185970394817,0.9019595562831488,33.333333333333336,0.8571428571208165,0.9865125240849741,2.4643385562532495e-24,0.9972072381284275,0
2058,1375.7166666666667,0.7111111111112223,0.7444444444445253,0.7180555555555657,0.990328820116195,0.02091156258505572,0.9271142004822184,36.111111111111114,0.9285714285475513,1.0367504835590922,4.74673352335151e-23,0.9988417392368745,0
2059,1376.4611111111112,0.7444444444445253,0.7194444444444343,0.7180555555555657,1.0367504835590922,0.02150759070235516,0.9535391091511618,38.888888888888886,0.9999999999742858,1.001934235976761,3.679749924119606e-23,0.9985957835233215,0
2060,1377.1805555555557,0.7194444444444343,0.7055555555555202,0.7180555555555657,1.001934235976761,0.021204137186617553,0.9400854964676388,36.111111111111114,0.9285714285475513,0.9825918762088344,6.384894385363585e-23,0.9947855052696889,0
2061,1377.8861111111112,0.7055555555555202,0.7194444444444343,0.7180555555555657,0.9825918762088344,0.0255585544739903,1.1331386021611165,38.888888888888886,0.9999999999742858,1.001934235976761,2.851481202625714e-18,0.9909940194039155,0
2062,1378.6055555555556,0.7194444444444343,0.7194444444444343,0.7194444444444343,1.0,0.020630223180858036,0.9146410170113054,36.111111111111114,0.9285714285475513,1.0,9.557218682986275e-24,0.9982329679352331,0
2063,1379.325,0.7194444444444343,0.724999999999909,0.7194444444444343,1.0,0.025872848493298357,1.1470728286084202,36.111111111111114,0.9285714285475513,1.0077220077218954,6.14832182372396e-19,0.9918501555919077,0
2064,1380.05,0.724999999999909,0.7305555555556111,0.7194444444444343,1.0077220077218954,0.026129740440279596,1.1584621339779786,38.888888888888886,0.9999999999742858,1.015444015444107,2.315789525359329e-18,0.9916120506071053,0
2065,1380.7805555555556,0.7305555555556111,0.7222222222221717,0.7194444444444343,1.015444015444107,0.020398533423242746,0.9043690507955944,33.333333333333336,0.8571428571208165,1.0038610038609477,2.10917148583263e-24,0.9970266454297148,0
2066,1381.5027777777777,0.7222222222221717,0.7138888888889596,0.7194444444444343,1.0038610038609477,0.02075064848952931,0.9199800734932145,36.111111111111114,0.9285714285475513,0.9922779922781045,8.114851204383883e-24,0.9985359109929752,0
2067,1382.2166666666667,0.7138888888889596,0.7111111111109949,0.7194444444444343,0.9922779922781045,0.020521719370729143,0.9098305002090453,36.111111111111114,0.9285714285475513,0.9884169884168408,3.0570736126360733e-23,0.9944368814551761,0
2068,1382.9277777777777,0.7111111111109949,0.7444444444445253,0.7194444444444343,0.9884169884168408,0.02175523295631022,0.9645183293479939,36.111111111111114,0.9285714285475513,1.0347490347491617,1.4744695104972007e-22,0.9995246122229386,0
2069,1383.6722222222222,0.7444444444445253,0.7305555555556111,0.7194444444444343,1.0347490347491617,0.026304041057908643,1.166189752471309,38.888888888888886,0.9999999999742858,1.015444015444107,5.674783153516314e-19,0.9933171733005365,0
2070,1384.4027777777778,0.7305555555556111,0.7138888888887323,0.720833333333303,1.0134874759153414,0.02128482783301596,0.9436629165584509,38.888888888888886,0.9999999999742858,0.990366088631809,5.319477148345087e-23,0.9974577391580028,0
2071,1385.1166666666666,0.7138888888887323,0.7111111111112223,0.720833333333303,0.990366088631809,0.02503169011294786,1.1097800688681758,38.888888888888886,0.9999999999742858,0.9865125240849741,3.7567596591226297e-19,0.9924526967876945,0
2072,1385.8277777777778,0.7111111111112223,0.7194444444444343,0.720833333333303,0.9865125240849741,0.019878195763931617,0.8812998788467808,33.333333333333336,0.8571428571208165,0.9980732177264249,6.700094646325132e-24,0.9935237667362551,0
2073,1386.5472222222222,0.7194444444444343,0.7222222222221717,0.720833333333303,0.9980732177264249,0.019935439095595177,0.8838377621566644,36.111111111111114,0.9285714285475513,1.0019267822735751,1.1638140665372488e-23,0.9942907923868611,0
2074,1387.2694444444444,0.7222222222221717,0.7333333333333485,0.720833333333303,1.0019267822735751,0.022060195646342828,0.9780388512791737,38.888888888888886,0.9999999999742858,1.0173410404624916,3.5364614186218786e-22,0.9987670556793876,0
2075,1388.0027777777777,0.7333333333333485,0.7138888888889596,0.720833333333303,1.0173410404624916,0.022233677566868535,0.9857301728335588,36.111111111111114,0.9285714285475513,0.9903660886321244,2.4907090324664754e-22,0.9943653158207273,0
2076,1388.7166666666667,0.7138888888889596,0.7111111111109949,0.716666666666697,0.9961240310078086,0.020173240751548978,0.8943806994066293,36.111111111111114,0.9285714285475513,0.9922480620152997,5.5153651950633964e-24,0.9980499926624642,0
2077,1389.4277777777777,0.7111111111109949,0.7027777777777828,0.716666666666697,0.9922480620152997,0.019446045288771165,0.862140486016294,36.111111111111114,0.9285714285475513,0.9806201550387252,7.246934603546148e-24,0.9934681781302721,0
2078,1390.1305555555555,0.7027777777777828,0.7444444444445253,0.716666666666697,0.9806201550387252,0.01993416624912199,0.8837813305038157,33.333333333333336,0.8571428571208165,1.0387596899225495,6.427730952466715e-24,0.9977288268404827,0
2079,1390.875,0.7444444444445253,0.7111111111112223,0.716666666666697,1.0387596899225495,0.021018979122979793,0.9318765130674679,36.111111111111114,0.9285714285475513,0.992248062015617,4.9116463944236826e-24,0.9987219003646378,0
2080,1391.5861111111112,0.7111111111112223,0.7222222222221717,0.7138888888888459,0.996108949416558,0.024654421227166188,1.0930538514951014,38.888888888888886,0.9999999999742858,1.011673151750963,2.8534600771448824e-19,0.9930496618000588,0
2081,1392.3083333333334,0.7222222222221717,0.7027777777777828,0.716666666666697,1.007751937984383,0.020452530149579384,0.9067629958469329,36.111111111111114,0.9285714285475513,0.9806201550387252,3.939970129861322e-24,0.9987909634284212,0
2082,1393.0111111111112,0.7027777777777828,0.7277777777776464,0.716666666666697,0.9806201550387252,0.02489440555980021,1.103693557723332,38.888888888888886,0.9999999999742858,1.015503875968766,8.817148725798471e-19,0.9924519324482648,0
2083,1393.7388888888888,0.7277777777776464,0.7194444444444343,0.7180555555555657,1.013539651837327,0.0209992799185386,0.9310031487695418,36.111111111111114,0.9285714285475513,1.001934235976761,3.001045240159294e-23,0.9958726459740979,0
2084,1394.4583333333333,0.7194444444444343,0.7277777777778738,0.716666666666697,1.0038759689921914,0.021040374917205708,0.9328250956794444,36.111111111111114,0.9285714285475513,1.0155038759690833,3.342331395762509e-23,0.9976295991305734,0
2085,1395.1861111111111,0.7277777777778738,0.7222222222221717,0.716666666666697,1.0155038759690833,0.02129667142181123,0.944188002109189,36.111111111111114,0.9285714285475513,1.007751937984383,1.251934247271505e-22,0.9936048918699911,0
2086,1395.9083333333333,0.7222222222221717,0.7111111111112223,0.720833333333303,1.0019267822735751,0.02220854094620727,0.9846157406684634,38.888888888888886,0.9999999999742858,0.9865125240849741,2.0221685687984384e-22,0.9990891208315065,0
2087,1396.6194444444445,0.7111111111112223,0.7194444444444343,0.720833333333303,0.9865125240849741,0.02159713577486454,0.9575090902546296,38.888888888888886,0.9999999999742858,0.9980732177264249,2.2593799265226105e-22,0.998387238497636,0
2088,1397.338888888889,0.7194444444444343,0.7444444444442979,0.720833333333303,0.9980732177264249,0.02350905651820998,1.0422741031101885,36.111111111111114,0.9285714285475513,1.0327552986510926,7.833157255013521e-21,0.9946816684854478,0
2089,1398.0833333333333,0.7444444444442979,0.7222222222223991,0.720833333333303,1.0327552986510926,0.02233991943986995,0.9904404066453463,36.111111111111114,0.9285714285475513,1.0019267822738906,5.928513108144262e-23,0.9981961438097076,0
2090,1398.8055555555557,0.7222222222223991,0.7166666666664696,0.7222222222221717,1.0000000000003149,0.022537196814912813,0.9991866997591283,36.111111111111114,0.9285714285475513,0.9923076923074888,1.4726089347205826e-22,0.9989170687351905,0
2091,1399.5222222222221,0.7166666666664696,0.7305555555556111,0.720833333333303,0.9942196531789592,0.020153726858970492,0.8935155509107858,36.111111111111114,0.9285714285475513,1.0134874759153414,6.81025512743472e-24,0.9980009765210032,0
2092,1400.2527777777777,0.7305555555556111,0.7361111111110858,0.7222222222222854,1.01153846153845,0.02058154176859881,0.9124827264282138,36.111111111111114,0.9285714285475513,1.019230769230645,2.5656964146227933e-23,0.9946572859759051,0
2093,1400.9888888888888,0.7361111111110858,0.7361111111110858,0.7222222222222854,1.019230769230645,0.019816700275840676,0.8785734761667898,36.111111111111114,0.9285714285475513,1.019230769230645,7.910769732759587e-24,0.9937389414388723,0
2094,1401.725,0.7361111111110858,0.7472222222222626,0.7250000000001364,1.0153256704978584,0.025884026339528958,1.147568398460221,38.888888888888886,0.9999999999742858,1.0306513409960305,9.111586766764018e-19,0.991946177777313,0
2095,1402.4722222222222,0.7472222222222626,0.7361111111110858,0.7263888888890051,1.0286806883364112,0.02072756989032466,0.9189568837166093,36.111111111111114,0.9285714285475513,1.0133843212235125,2.582476393266885e-24,0.9992220296043199,0
2096,1403.2083333333333,0.7361111111110858,0.7416666666667879,0.7333333333333485,1.0037878787878236,0.026995842376969947,1.1968607663759525,38.888888888888886,0.9999999999742858,1.0113636363637808,3.86542699657918e-18,0.992487513934937,0
2097,1403.95,0.7416666666667879,0.75,0.7361111111110858,1.0075471698115201,0.026442976216880562,1.1723494432311556,38.888888888888886,0.9999999999742858,1.018867924528337,9.793408998224634e-19,0.9932034006464172,0
2098,1404.7,0.75,0.7583333333332121,0.7361111111110858,1.018867924528337,0.020991110828457546,0.930640972132174,36.111111111111114,0.9285714285475513,1.0301886792451536,6.1378778179090956e-24,0.9982996876969887,0
2099,1405.4583333333333,0.7583333333332121,0.7416666666667879,0.7361111111110858,1.0301886792451536,0.01954760977807429,0.8666433480054283,33.333333333333336,0.8571428571208165,1.0075471698115201,1.2253081850553683e-25,0.9966604744225882,0
2100,1406.2,0.7416666666667879,0.7333333333333485,0.7388888888889369,1.0037593984963395,0.01991864048757834,0.8830929958113759,36.111111111111114,0.9285714285475513,0.9924812030074749,3.0393278315857193e-24,0.993802041293087,0
2101,1406.9333333333334,0.7333333333333485,0.7444444444442979,0.7388888888889369,0.9924812030074749,0.02028666354724249,0.8994092994511328,33.333333333333336,0.8571428571208165,1.0075187969922175,9.794387544773483e-25,0.9973208441825222,0
2102,1407.6777777777777,0.7444444444442979,0.7444444444445253,0.7416666666667879,1.0037453183516982,0.02176272597057415,0.9648505321616405,36.111111111111114,0.9285714285475513,1.0037453183520049,1.65569156013662e-23,0.9984042800816,0
2103,1408.4222222222222,0.7444444444445253,0.7472222222222626,0.7430555555555429,1.0018691588786306,0.02056750948083726,0.9118606049011365,36.111111111111114,0.9285714285475513,1.0056074766355856,7.224190954787721e-24,0.9949482728098987,0
2104,1409.1694444444445,0.7472222222222626,0.7638888888889142,0.7444444444444116,1.0037313432836807,0.0202882325243145,0.8994788600551181,36.111111111111114,0.9285714285475513,1.026119402985154,1.6588959920197183e-24,0.9989485660075337,0
2105,1409.9333333333334,0.7638888888889142,0.7472222222222626,0.7444444444444116,1.026119402985154,0.020390374371637102,0.904007319214069,36.111111111111114,0.9285714285475513,1.0037313432836807,7.343496305941084e-25,0.9977500493174015,0
2106,1410.6805555555557,0.7472222222222626,0.7305555555553838,0.745833333333394,1.0018621973928965,0.021218040077467984,0.9407018811822082,36.111111111111114,0.9285714285475513,0.9795158286775298,1.0019165373891932e-23,0.9954986380323853,0
2107,1411.411111111111,0.7305555555553838,0.7527777777777374,0.745833333333394,0.9795158286775298,0.020677243341852166,0.916725656013738,33.333333333333336,0.8571428571208165,1.009310986964482,2.0253857802282012e-24,0.997798804344072,0
2108,1412.1638888888888,0.7527777777777374,0.7527777777779647,0.745833333333394,1.009310986964482,0.025585132410218918,1.1343169350569409,38.888888888888886,0.9999999999742858,1.009310986964787,1.3493969231048587e-19,0.9929055523873287,0
2109,1412.9166666666667,0.7527777777779647,0.7388888888888232,0.745833333333394,1.009310986964787,0.025787400527246474,1.1432844927341017,38.888888888888886,0.9999999999742858,0.9906890130352132,1.5924850133597918e-19,0.9927428479149547,0
2110,1413.6555555555556,0.7388888888888232,0.7194444444444343,0.745833333333394,0.9906890130352132,0.02085082530174411,0.9244214128137757,36.111111111111114,0.9285714285475513,0.9646182495343587,1.7682516377907548e-24,0.9992555567469394,0
2111,1414.375,0.7194444444444343,0.7416666666665606,0.745833333333394,0.9646182495343587,0.0255262123619089,1.1317047145086614,38.888888888888886,0.9999999999742858,0.994413407821006,9.324673662436507e-19,0.9922454273352757,0
2112,1415.1166666666666,0.7416666666665606,0.7305555555556111,0.745833333333394,0.994413407821006,0.021351413384428464,0.946614987213639,36.111111111111114,0.9285714285475513,0.9795158286778347,4.7878855568776315e-24,0.9991723604538634,0
2113,1415.8472222222222,0.7305555555556111,0.7416666666667879,0.7444444444444116,0.9813432835822075,0.020569926571684976,0.9119677666323394,33.333333333333336,0.8571428571208165,0.9962686567166248,1.5520169750606232e-24,0.9972684160296885,0
2114,1416.588888888889,0.7416666666667879,0.7444444444442979,0.7416666666666742,1.0000000000001532,0.020862717513353328,0.9249486540571404,36.111111111111114,0.9285714285475513,1.003745318351852,3.778120721228485e-24,0.9986562748681476,0
2115,1417.3333333333333,0.7444444444442979,0.7361111111110858,0.7416666666666742,1.003745318351852,0.019696091600421718,0.8732262901194795,36.111111111111114,0.9285714285475513,0.992509363295836,1.842313646662203e-24,0.9937353191000373,0
2116,1418.0694444444443,0.7361111111110858,0.7222222222223991,0.7402777777776919,0.9943714821764414,0.01998391230637299,0.885986822126348,33.333333333333336,0.8571428571208165,0.9756097560979131,2.8508291731565125e-25,0.9974359848549235,0
2117,1418.7916666666667,0.7222222222223991,0.7527777777777374,0.7402777777776919,0.9756097560979131,0.0261902028820208,1.1611427365444345,38.888888888888886,0.9999999999742858,1.0168855534709826,2.6768801257231742e-18,0.9924110369286098,0
2118,1419.5444444444445,0.7527777777777374,0.7416666666665606,0.7402777777776919,1.0168855534709826,0.020856386193930387,0.9246679549883395,38.888888888888886,0.9999999999742858,1.0018761726078529,5.783537670932374e-24,0.9990743004335043,0
2119,1420.286111111111,0.7416666666665606,0.7250000000001364,0.7402777777776919,1.0018761726078529,0.020242134595106865,0.8974351082021711,33.333333333333336,0.8571428571208165,0.9793621013136188,3.4427203850290214e-25,0.9976001758337261,0
2120,1421.0111111111112,0.7250000000001364,0.724999999999909,0.7388888888888232,0.9812030075190689,0.019409609257074755,0.8605250944233624,36.111111111111114,0.9285714285475513,0.9812030075187611,3.458029759312839e-24,0.9927713066008422,0
2121,1421.736111111111,0.724999999999909,0.7305555555556111,0.7388888888888232,0.9812030075187611,0.020277133042002383,0.8989867644679179,36.111111111111114,0.9285714285475513,0.9887218045114413,2.5726732187977037e-24,0.9985577032853135,0
2122,1422.4666666666667,0.7305555555556111,0.7194444444444343,0.7333333333333485,0.9962121212121764,0.020702529409211877,0.9178467138987327,36.111111111111114,0.9285714285475513,0.981060606060572,3.054868785849026e-24,0.9987335808847019,0
2123,1423.1861111111111,0.7194444444444343,0.7333333333333485,0.7333333333333485,0.981060606060572,0.02039894600990896,0.9043873428268867,36.111111111111114,0.9285714285475513,1.0,4.6495615581602954e-24,0.9989938466491313,0
2124,1423.9194444444445,0.7333333333333485,0.7222222222221717,0.7319444444444798,1.0018975332068034,0.025929142476992417,1.1495686225727495,36.111111111111114,0.9285714285475513,0.9867172675520655,3.409209385000818e-19,0.9908214659146771,0
2125,1424.6416666666667,0.7222222222221717,0.7194444444444343,0.7277777777778738,0.9923664122135402,0.020431265890943337,0.905820244865794,36.111111111111114,0.9285714285475513,0.9885496183204664,4.3509299794493766e-24,0.9980432196566928,0
2126,1425.361111111111,0.7194444444444343,0.7055555555555202,0.7250000000000227,0.9923371647509128,0.020856632627172612,0.9246788806069971,36.111111111111114,0.9285714285475513,0.9731800766282732,6.637134868618538e-24,0.9987290704846106,0
2127,1426.0666666666666,0.7055555555555202,0.7361111111110858,0.7250000000000227,0.9731800766282732,0.02077514553136766,0.9210661499289551,36.111111111111114,0.9285714285475513,1.0153256704980176,3.251979369755201e-23,0.998557489392266,0
2128,1426.8027777777777,0.7361111111110858,0.716666666666697,0.7250000000000227,1.0153256704980176,0.026851413620707937,1.190457516961,38.888888888888886,0.9999999999742858,0.9885057471264476,1.4738258510914834e-18,0.9936968066012496,0
2129,1427.5194444444444,0.716666666666697,0.716666666666697,0.7236111111110404,0.9904030710174132,0.019933441133055795,0.8837491824804802,36.111111111111114,0.9285714285475513,0.9904030710174132,2.5764838114003738e-24,0.9982223193946911,0
2130,1428.236111111111,0.716666666666697,0.7055555555555202,0.720833333333303,0.9942196531792746,0.025365840719812415,1.124594637194374,38.888888888888886,0.9999999999742858,0.9788053949903582,4.631199168022343e-19,0.9927183968318207,0
2131,1428.9416666666666,0.7055555555555202,0.49166666666678793,0.7194444444444343,0.9806949806949453,0.019317379657558597,0.8564360948056425,33.333333333333336,0.8571428571208165,0.6833976833978616,4.2218094606758826e-26,0.9958132120554913,0
2132,1429.4333333333334,0.49166666666678793,0.941666666666606,0.7180555555555657,0.6847195357835248,0.03465019950510999,1.5362167164727831,108.33333333333333,2.7857142856426536,1.3114119922629532,0.9980212450027466,0.4472595925605597,1
2133,1430.375,0.941666666666606,0.3972222222221262,0.7180555555555657,1.3114119922629532,0.0229754167565391,1.0186151824066452,36.111111111111114,0.9285714285475513,0.5531914893615606,5.552489540849433e-27,0.9959523890990929,0
2134,1430.7722222222221,0.3972222222221262,1.0555555555556566,0.716666666666697,0.5542635658913154,0.043271402974053276,1.9184378024769397,102.77777777777777,2.642857142789184,1.4728682170543423,0.9997715353965759,0.4349829331701509,1
2135,1431.8277777777778,1.0555555555556566,0.7222222222221717,0.716666666666697,1.4728682170543423,0.02246750361026592,0.9960968512869045,36.111111111111114,0.9285714285475513,1.007751937984383,2.174243943976971e-28,0.9968071458846928,0
2136,1432.55,0.7222222222221717,0.7083333333334849,0.716666666666697,1.007751937984383,0.02582796054177619,1.1450827211203984,38.888888888888886,0.9999999999742858,0.9883720930234255,6.803002191335179e-19,0.993170977638157,0
2137,1433.2583333333334,0.7083333333334849,0.7333333333331211,0.716666666666697,0.9883720930234255,0.02151378132653405,0.9538135704958247,36.111111111111114,0.9285714285475513,1.023255813953149,3.0695085217483808e-22,0.9958070844310549,0
2138,1433.9916666666666,0.7333333333331211,0.7138888888889596,0.716666666666697,1.023255813953149,0.022506023539631787,0.9978046324903134,38.888888888888886,0.9999999999742858,0.9961240310078086,8.513550467342466e-22,0.9954608619337002,0
2139,1434.7055555555555,0.7138888888889596,0.7111111111112223,0.7152777777778283,0.9980582524272129,0.020228946145057363,0.8968503982230144,33.333333333333336,0.8571428571208165,0.9941747572816386,2.6253468419458948e-24,0.9975214463418198,0
2140,1435.4166666666667,0.7111111111112223,0.6999999999998181,0.712500000000091,0.9980506822612372,0.019735308632367148,0.8749649773681959,33.333333333333336,0.8571428571208165,0.9824561403504964,1.3106738557934384e-24,0.9971139803502622,0
2141,1436.1166666666666,0.6999999999998181,0.7138888888889596,0.712500000000091,0.9824561403504964,0.019294591106967723,0.8554257643353455,36.111111111111114,0.9285714285475513,1.0019493177387628,2.3724650936610875e-23,0.9921321115516584,0
2142,1436.8305555555555,0.7138888888889596,0.7027777777777828,0.7138888888889596,1.0,0.020842088308166046,0.924034058172878,36.111111111111114,0.9285714285475513,0.9844357976652792,6.623758312020886e-23,0.9939582502362849,0
2143,1437.5333333333333,0.7027777777777828,0.7222222222221717,0.712500000000091,0.9863547758283412,0.02123545191513888,0.9414738350663582,36.111111111111114,0.9285714285475513,1.0136452241713396,6.917056165493334e-23,0.9990514491678033,0
2144,1438.2555555555555,0.7222222222221717,0.7194444444444343,0.7138888888889596,1.0116731517508017,0.026287082245868554,1.1654378834800883,38.888888888888886,0.9999999999742858,1.0077821011672012,1.6568836089864592e-18,0.9935484694152066,0
2145,1438.975,0.7194444444444343,0.7194444444444343,0.7138888888889596,1.0077821011672012,0.026171666336219247,1.1603209187213708,38.888888888888886,0.9999999999742858,1.0077821011672012,2.4721893200632522e-18,0.9922857467003579,0
2146,1439.6944444444443,0.7194444444444343,0.7194444444444343,0.7138888888889596,1.0077821011672012,0.020937735654921224,0.9282745836264155,33.333333333333336,0.8571428571208165,1.0077821011672012,8.248334358156331e-24,0.9977093639607305,0
2147,1440.4138888888888,0.7194444444444343,0.7444444444445253,0.716666666666697,1.0038759689921914,0.021242078763471728,0.9417676364104154,36.111111111111114,0.9285714285475513,1.0387596899225495,3.613344938404422e-22,0.9933531831620944,0
2148,1441.1583333333333,0.7444444444445253,0.7305555555556111,0.716666666666697,1.0387596899225495,0.02041487521610201,0.9050935642392712,36.111111111111114,0.9285714285475513,1.0193798449612748,8.795526147341075e-24,0.9955610634561312,0
2149,1441.888888888889,0.7305555555556111,0.7277777777776464,0.7194444444444343,1.015444015444107,0.020500005328838795,0.9088678080857511,33.333333333333336,0.8571428571208165,1.0115830115828433,2.442457132464229e-24,0.9974486661776891,0
2150,1442.6166666666666,0.7277777777776464,0.7361111111113132,0.7194444444444343,1.0115830115828433,0.020524908963815775,0.9099719108297174,33.333333333333336,0.8571428571208165,1.0231660231663184,4.664377154821251e-24,0.9967953665053207,0
2151,1443.3527777777779,0.7361111111113132,0.7361111111110858,0.720833333333303,1.0211946050099572,0.020234520548242905,0.8970975394077779,36.111111111111114,0.9285714285475513,1.0211946050096419,2.2155939495428285e-23,0.9929242380307217,0
2152,1444.088888888889,0.7361111111110858,0.7361111111110858,0.724999999999909,1.0153256704981768,0.01973058540902289,0.8747555732446781,33.333333333333336,0.8571428571208165,1.0153256704981768,7.563522924434999e-25,0.9963782492896434,0
2153,1444.825,0.7361111111110858,0.7527777777777374,0.7291666666666288,1.0095238095238273,0.020363408562871717,0.9028117899879678,33.333333333333336,0.8571428571208165,1.0323809523809506,1.7049343088788692e-24,0.9977383401782136,0
2154,1445.5777777777778,0.7527777777777374,0.7277777777778738,0.7333333333333485,1.0265151515150752,0.021834276647394568,0.9680227316691862,38.888888888888886,0.9999999999742858,0.9924242424243528,3.1961561011137795e-23,0.9984840309780311,0
2155,1446.3055555555557,0.7277777777778738,0.7277777777776464,0.7333333333333485,0.9924242424243528,0.022048630925215782,0.9775261293274835,38.888888888888886,0.9999999999742858,0.9924242424240428,1.42810758711751e-22,0.9991074277738977,0
2156,1447.0333333333333,0.7277777777776464,0.7250000000001364,0.7333333333333485,0.9924242424240428,0.02072799606382648,0.918975778120306,36.111111111111114,0.9285714285475513,0.9886363636365292,1.220802482735682e-23,0.9956653630123277,0
2157,1447.7583333333334,0.7250000000001364,0.7555555555554747,0.7333333333333485,0.9886363636365292,0.02588276924097581,1.1475126649914622,38.888888888888886,0.9999999999742858,1.0303030303028988,1.752202215910359e-18,0.992018936843988,0
2158,1448.513888888889,0.7555555555554747,0.7277777777776464,0.7333333333333485,1.0303030303028988,0.020185057844166524,0.8949046102492352,36.111111111111114,0.9285714285475513,0.9924242424240428,5.843611894055283e-25,0.9982816362161867,0
2159,1449.2416666666666,0.7277777777776464,0.7083333333334849,0.7319444444444798,0.9943074003792791,0.021695866928518506,0.9618863362978306,38.888888888888886,0.9999999999742858,0.9677419354840313,5.39432931974225e-23,0.9987514004824483,0
2160,1449.95,0.7083333333334849,0.7194444444444343,0.7319444444444798,0.9677419354840313,0.02114672014891954,0.9375399119001091,36.111111111111114,0.9285714285475513,0.9829222011384586,1.2127961440819767e-22,0.9939873434133444,0
2161,1450.6694444444445,0.7194444444444343,0.7222222222221717,0.7277777777777601,0.9885496183206208,0.02630786922272593,1.1663594741718972,38.888888888888886,0.9999999999742858,0.9923664122136951,1.8864836146249203e-18,0.9933142217697969,0
2162,1451.3916666666667,0.7222222222221717,0.7333333333333485,0.7277777777776464,0.9923664122138501,0.019179353489605856,0.8503167041658163,36.111111111111114,0.9285714285475513,1.0076335877864622,5.7916183676150056e-24,0.9923530006027286,0
2163,1452.125,0.7333333333333485,0.7416666666665606,0.7277777777776464,1.0076335877864622,0.019399397076613794,0.8600723373668424,36.111111111111114,0.9285714285475513,1.019083969465687,1.2922354154252551e-24,0.9971359191927474,0
2164,1452.8666666666666,0.7416666666665606,0.7277777777778738,0.7277777777776464,1.019083969465687,0.020919994888010742,0.9274880466632759,36.111111111111114,0.9285714285475513,1.0000000000003124,4.255380780026292e-24,0.9986370443671493,0
2165,1453.5944444444444,0.7277777777778738,0.7138888888889596,0.7277777777776464,1.0000000000003124,0.020705128351029545,0.9179619379933257,36.111111111111114,0.9285714285475513,0.9809160305346254,3.394005808245102e-24,0.9990392571247013,0
2166,1454.3083333333334,0.7138888888889596,0.7416666666665606,0.7263888888888914,0.9827915869981819,0.021251423501347337,0.9421819353968742,36.111111111111114,0.9285714285475513,1.021032504779965,5.964785563655049e-23,0.9981630377831433,0
2167,1455.05,0.7416666666665606,0.7611111111111768,0.7277777777777601,1.0190839694655278,0.026110398861429216,1.1576046250118746,38.888888888888886,0.9999999999742858,1.045801526717673,1.2411804766303318e-18,0.9918319593627891,0
2168,1455.8111111111111,0.7611111111111768,0.3861111111111768,0.7277777777777601,1.045801526717673,0.020540022798381023,0.9106419827381264,36.111111111111114,0.9285714285475513,0.5305343511451414,1.2492941171761954e-25,0.993797504828168,0
2169,1456.1972222222223,0.3861111111111768,1.0916666666664696,0.7250000000000227,0.532567049808503,0.04424719431604529,1.9616995150433125,100.0,2.5714285713624494,1.5057471264364626,0.9996157884597778,0.35640604338582016,1
2170,1457.2888888888888,1.0916666666664696,0.7305555555556111,0.7305555555556111,1.4942965779463846,0.022250323934819186,0.9864681896149795,38.888888888888886,0.9999999999742858,1.0,3.1186081042117647e-29,0.9993323334670262,0
2171,1458.0194444444444,0.7305555555556111,0.7388888888890506,0.7319444444444798,0.9981024667931966,0.027020618473914116,1.1979592147207871,38.888888888888886,0.9999999999742858,1.0094876660343277,3.647086056450908e-18,0.9936335687370867,0
2172,1458.7583333333334,0.7388888888890506,0.7361111111110858,0.7361111111111995,1.0037735849057594,0.026431376667754473,1.1718351771800057,38.888888888888886,0.9999999999742858,0.9999999999998456,1.1999684773565617e-18,0.9923744466898902,0
2173,1459.4944444444445,0.7361111111110858,0.7638888888889142,0.7375000000000682,0.9981167608284987,0.02135416279141186,0.9467368821818817,36.111111111111114,0.9285714285475513,1.035781544256059,2.5305001231589095e-23,0.9986291075955631,0
2174,1460.2583333333334,0.7638888888889142,0.3916666666666515,0.7375000000000682,1.035781544256059,0.020099962646405106,0.8911319143583104,36.111111111111114,0.9285714285475513,0.531073446327614,5.762962329631464e-26,0.992957729352844,0
2175,1460.65,0.3916666666666515,0.9388888888888687,0.7375000000000682,0.531073446327614,0.04262001470673488,1.8895585013629246,105.55555555555556,2.7142857142159187,1.2730696798491956,0.9994022846221924,0.3691856202272045,1
2176,1461.588888888889,0.9388888888888687,0.5138888888889142,0.7402777777778056,1.2682926829267545,0.04119320184037276,1.8263007479332314,158.33333333333334,4.071428571323879,0.6941838649155803,0.9623156189918518,0.4371484425295625,1
2177,1462.1027777777779,0.5138888888889142,0.39444444444438886,0.7375000000000682,0.6967984934086328,0.04818863259014304,2.1364431947361715,105.55555555555556,2.7142857142159187,0.5348399246703083,0.9997791647911072,0.801244544328299,1
2178,1462.4972222222223,0.39444444444438886,0.2388888888888232,0.7333333333333485,0.5378787878787009,0.037697535703062245,1.6713203774868126,169.44444444444446,4.3571428570308175,0.32575757575747943,0.9583832621574402,0.5017152077699831,1
2179,1462.736111111111,0.2388888888888232,0.34444444444443434,0.7333333333333485,0.32575757575747943,0.030345532101832818,1.3453692720650057,105.55555555555556,2.7142857142159187,0.4696969696969462,0.6074029803276062,0.6929775467877113,1
2180,1463.0805555555555,0.34444444444443434,0.26944444444438886,0.6222222222222626,0.5535714285713764,0.04661372896670024,2.0666198370723983,105.55555555555556,2.7142857142159187,0.43303571428559684,0.9991984963417053,0.38531570815191274,1
2181,1463.35,0.26944444444438886,0.29722222222221717,0.4541666666666515,0.59327217125372,0.04533235985568428,2.0098103330456096,116.66666666666667,2.9999999999228577,0.6544342507645368,0.9995896220207214,0.40786842747831575,1
2182,1463.6472222222221,0.29722222222221717,0.30833333333339397,0.3930555555555202,0.7561837455830941,0.04428185811397232,1.9632363346458688,116.66666666666667,2.9999999999228577,0.7844522968200128,0.999798595905304,0.3286169531048091,1
2183,1463.9555555555555,0.30833333333339397,0.2944444444444798,0.3680555555555429,0.8377358490567972,0.04655750674529843,2.0641272246895475,119.44444444444444,3.071428571349592,0.8000000000001235,0.9998984336853027,0.41281557935243945,1
2184,1464.25,0.2944444444444798,0.2999999999999545,0.32638888888891415,0.9021276595745066,0.0440199812708458,1.9516260238882421,113.88888888888889,2.928571428496123,0.9191489361700023,0.9996100068092346,0.275397023726302,1
2185,1464.55,0.2999999999999545,0.2666666666666515,0.30416666666667425,0.9863013698628396,0.04231489915387198,1.8760312022576282,122.22222222222223,3.1428571427763274,0.8767123287670516,0.9993506073951721,0.2677184432703404,1
2186,1464.8166666666666,0.2666666666666515,0.4777777777778738,0.29861111111108585,0.8930232558139782,0.045504131223515654,2.0174258172402975,111.11111111111111,2.8571428570693884,1.6000000000004568,0.9998998641967773,0.2982154454134313,1
2187,1465.2944444444445,0.4777777777778738,0.6861111111111313,0.29861111111108585,1.6000000000004568,0.021198271434212792,0.9398254383142203,36.111111111111114,0.9285714285475513,2.297674418604913,1.595333934401033e-11,0.9988127276371264,0
2188,1465.9805555555556,0.6861111111111313,0.6666666666665151,0.29861111111108585,2.297674418604913,0.03185390417005985,1.4122429529951623,61.111111111111114,1.5714285713881637,2.232558139534565,0.9867672324180603,0.5739298212180726,1
2189,1466.6472222222221,0.6666666666665151,0.7111111111112223,0.30416666666667425,2.191780821917255,0.04095826807596831,1.8158849586651558,108.33333333333333,2.7857142856426536,2.3378995433793026,0.9970391988754272,0.38218504988758495,1
2190,1467.3583333333333,0.7111111111112223,0.6638888888887777,0.30416666666667425,2.3378995433793026,0.04141134133712414,1.835971963286061,102.77777777777777,2.642857142789184,2.1826484018260643,0.9981381893157959,0.35826942950128393,1
2191,1468.0222222222221,0.6638888888887777,0.6916666666668334,0.3930555555556339,1.6890459363951404,0.03953028850414374,1.7525754793446964,102.77777777777777,2.642857142789184,1.759717314487706,0.9983716607093811,0.33132806682027116,1
2192,1468.713888888889,0.6916666666668334,0.6416666666666515,0.5708333333333258,1.2116788321170966,0.042043219816822734,1.86398629789759,97.22222222222223,2.499999999935715,1.1240875912408643,0.9997017979621887,0.2859177052527893,1
2193,1469.3555555555556,0.6416666666666515,0.75,0.6527777777777146,0.9829787234043272,0.04038415614652274,1.7904317042615079,111.11111111111111,2.8571428570693884,1.148936170212877,0.999221920967102,0.29254625750802543,1
2194,1470.1055555555556,0.75,0.7944444444444798,0.6652777777776464,1.1273486430064856,0.041450277981063044,1.8376982195315257,100.0,2.5714285713624494,1.1941544885180342,0.9988284707069397,0.48341788631848137,1
2195,1470.9,0.7944444444444798,0.7222222222221717,0.6763888888888232,1.1745379876798379,0.04216356393288773,1.8693217547050156,102.77777777777777,2.642857142789184,1.0677618069815484,0.988760232925415,0.456004739751225,1
2196,1471.6222222222223,0.7222222222221717,0.7749999999998636,0.6888888888889824,1.048387096773978,0.041344945038142816,1.8330282831380724,100.0,2.5714285713624494,1.1249999999996494,0.9991717338562012,0.32468227720752785,1
2197,1472.3972222222221,0.7749999999998636,0.7222222222223991,0.7013888888890278,1.1049504950490916,0.04043081916539698,1.7925005093668036,102.77777777777777,2.642857142789184,1.029702970297078,0.9846735000610352,0.43235208735160424,1
2198,1473.1194444444445,0.7222222222223991,0.5111111111109494,0.716666666666697,1.0077519379847002,0.039336126537917904,1.7439673078917337,102.77777777777777,2.642857142789184,0.7131782945733877,0.9805740714073181,0.43226661728575744,1
2199,1473.6305555555555,0.5111111111109494,0.30277777777791925,0.716666666666697,0.7131782945733877,0.04129151801993907,1.830659596098802,113.88888888888889,2.928571428496123,0.4224806201552183,0.9991270899772644,0.4550718842453428,1
2200,1473.9333333333334,0.30277777777791925,0.783333333333303,0.7069444444445026,0.4282907662084164,0.04109758192958307,1.8220614388533198,125.0,3.214285714203062,1.1080550098230488,0.9943084120750427,0.2630149977252504,1
2201,1474.7166666666667,0.783333333333303,0.5305555555555657,0.7222222222222854,1.0846153846152478,0.020671265972412083,0.9164606493186673,36.111111111111114,0.9285714285475513,0.7346153846153344,1.85739974865794e-25,0.9933918836618782,0
2202,1475.2472222222223,0.5305555555555657,0.8472222222221717,0.7222222222222854,0.7346153846153344,0.01985224224778177,0.8801492296173367,36.111111111111114,0.9285714285475513,1.1730769230767506,1.491107991203819e-14,0.9896561196638629,0
2203,1476.0944444444444,0.8472222222221717,0.6611111111110404,0.7361111111111995,1.1509433962262081,0.021460632670124193,0.9514572246276617,36.111111111111114,0.9285714285475513,0.8981132075469659,7.56937799798497e-26,0.9961202906286117,0
2204,1476.7555555555555,0.6611111111110404,0.525000000000091,0.7222222222222854,0.9153846153844374,0.039620890328985865,1.7565923115665396,105.55555555555556,2.7142857142159187,0.7269230769231393,0.9920491576194763,0.3116172935564325,1
2205,1477.2805555555556,0.525000000000091,0.3194444444443434,0.691666666666606,0.7590361445785113,0.04142015057965578,1.8363625210845684,116.66666666666667,2.9999999999228577,0.4618473895581273,0.9986796975135803,0.40716016100093544,1
2206,1477.6,0.3194444444443434,0.6944444444445708,0.595833333333303,0.5361305361303939,0.04438767896244548,1.9679279023337208,113.88888888888889,2.928571428496123,1.165501165501437,0.9995995163917542,0.2869238130841484,1
2207,1478.2944444444445,0.6944444444445708,0.7194444444444343,0.595833333333303,1.165501165501437,0.02199718084165228,0.9752450896924155,38.888888888888886,0.9999999999742858,1.2074592074592518,6.319000720354503e-19,0.9982799111740865,0
2208,1479.013888888889,0.7194444444444343,0.7277777777776464,0.595833333333303,1.2074592074592518,0.02105228356611136,0.9333530656704042,36.111111111111114,0.9285714285475513,1.221445221445063,3.076110860909103e-20,0.9974284753389535,0
2209,1479.7416666666666,0.7277777777776464,0.7388888888890506,0.6777777777778056,1.0737704918030408,0.0255708156025169,1.133682199337306,38.888888888888886,0.9999999999742858,1.0901639344264233,3.1084942839569123e-18,0.9931752432094207,0
2210,1480.4805555555556,0.7388888888890506,0.7416666666665606,0.7069444444445026,1.0451866404716557,0.02059728235998228,0.9131805856023547,36.111111111111114,0.9285714285475513,1.0491159135557557,1.4028319788432495e-23,0.9983617339035455,0
2211,1481.2222222222222,0.7416666666665606,0.7416666666667879,0.7069444444445026,1.0491159135557557,0.020959052391425554,0.9292196612140284,36.111111111111114,0.9285714285475513,1.0491159135560775,3.3482907665849104e-23,0.997244431757299,0
2212,1481.963888888889,0.7416666666667879,0.7388888888888232,0.7236111111110404,1.0249520153553542,0.021801585553797596,0.9665733719200154,36.111111111111114,0.9285714285475513,1.0211132437620052,2.811595560605037e-23,0.9988858788023847,0
2213,1482.7027777777778,0.7388888888888232,0.7277777777778738,0.7236111111110404,1.0211132437620052,0.022010102828332503,0.9758179860171615,36.111111111111114,0.9285714285475513,1.0057581573898664,1.648023705920127e-22,0.9943549734214739,0
2214,1483.4305555555557,0.7277777777778738,0.3638888888888232,0.7277777777777601,1.0000000000001563,0.02141226236309521,0.9493127268960431,36.111111111111114,0.9285714285475513,0.4999999999999219,1.4126856009673199e-24,0.9949343630599079,0
2215,1483.7944444444445,0.3638888888888232,1.125,0.7277777777777601,0.4999999999999219,0.04464400417605949,1.9792920815774573,102.77777777777777,2.642857142789184,1.5458015267175949,0.9996540546417236,0.41340417650256456,1
2216,1484.9194444444445,1.125,0.7305555555556111,0.7333333333333485,1.5340909090908774,0.02032896893532327,0.9012849089799315,38.888888888888886,0.9999999999742858,0.9962121212121764,4.6252387810787695e-31,0.9975997156471381,0
2217,1485.65,0.7305555555556111,0.7138888888887323,0.7347222222222172,0.9943289224953565,0.020156507075102963,0.8936388118027607,33.333333333333336,0.8571428571208165,0.971644612476164,5.939191267407992e-25,0.9969902058714104,0
2218,1486.3638888888888,0.7138888888887323,0.7388888888890506,0.7347222222222172,0.971644612476164,0.02019733790145128,0.895449046631984,33.333333333333336,0.8571428571208165,1.0056710775049529,2.394612915777801e-24,0.9974614606132223,0
2219,1487.1027777777779,0.7388888888890506,0.724999999999909,0.7388888888889369,1.0000000000001539,0.02115001867521464,0.9376861520749603,36.111111111111114,0.9285714285475513,0.9812030075186101,1.1276630956058666e-23,0.9960518746177868,0
2220,1487.8277777777778,0.724999999999909,0.7388888888888232,0.7347222222222172,0.9867674858221892,0.027124716176395856,1.2025743867250718,38.888888888888886,0.9999999999742858,1.0056710775046434,5.375833979682632e-18,0.9938444953822403,0
2221,1488.5666666666666,0.7388888888888232,0.7222222222221717,0.7347222222222172,1.0056710775046434,0.02156415866769711,0.9560470500928103,36.111111111111114,0.9285714285475513,0.9829867674857603,8.686425106427199e-24,0.999037436451833,0
2222,1489.2888888888888,0.7222222222221717,0.7194444444446617,0.7291666666667425,0.9904761904760182,0.020372412354178075,0.9032109731070844,36.111111111111114,0.9285714285475513,0.9866666666668621,1.936482339501151e-23,0.9932949469399044,0
2223,1490.0083333333334,0.7194444444446617,0.7194444444444343,0.7263888888888914,0.9904397705547889,0.020392068935216633,0.9040824476963052,36.111111111111114,0.9285714285475513,0.990439770554476,2.2800023914157706e-23,0.9936357370283817,0
2224,1490.7277777777779,0.7194444444444343,0.7555555555554747,0.7236111111110404,0.9942418426104479,0.02652670381351029,1.1760615065211146,38.888888888888886,0.9999999999742858,1.0441458733205278,5.634427596369266e-18,0.9931475068449878,0
2225,1491.4833333333333,0.7555555555554747,0.7333333333333485,0.7277777777777601,1.038167938931212,0.027075412699003452,1.200388516882121,38.888888888888886,0.9999999999742858,1.007633587786305,7.152721746613411e-19,0.9943203925489952,0
2226,1492.2166666666667,0.7333333333333485,0.7111111111109949,0.7277777777777601,1.007633587786305,0.020407772683943108,0.9047786734511192,33.333333333333336,0.8571428571208165,0.9770992366410854,1.1022758359033856e-24,0.9967999339491449,0
2227,1492.9277777777777,0.7111111111109949,0.7222222222223991,0.7236111111110404,0.9827255278310295,0.020276895072291135,0.8989762140799359,36.111111111111114,0.9285714285475513,0.9980806142037969,3.448783757301015e-23,0.9937375783486351,0
2228,1493.65,0.7222222222223991,0.724999999999909,0.7236111111111541,0.99808061420364,0.020944029242489205,0.9285536098532946,36.111111111111114,0.9285714285475513,1.00191938579636,5.1017569027582435e-23,0.9944218864851213,0
2229,1494.375,0.724999999999909,0.7305555555556111,0.7236111111111541,1.00191938579636,0.021191190461659768,0.9395115033712703,36.111111111111114,0.9285714285475513,1.0095969289827424,5.189239052792357e-23,0.9956541936287728,0
2230,1495.1055555555556,0.7305555555556111,0.724999999999909,0.7236111111111541,1.0095969289827424,0.02161336316236308,0.958228531536238,38.888888888888886,0.9999999999742858,1.00191938579636,7.325345957575487e-23,0.998771281636178,0
2231,1495.8305555555555,0.724999999999909,0.7138888888889596,0.7236111111111541,1.00191938579636,0.020911290901048606,0.927102155370811,36.111111111111114,0.9285714285475513,0.9865642994242234,1.1753831061427676e-23,0.9973552726977597,0
2232,1496.5444444444445,0.7138888888889596,0.7083333333332575,0.7236111111111541,0.9865642994242234,0.021482053397540217,0.9524069126527089,36.111111111111114,0.9285714285475513,0.978886756237841,3.8002525294688226e-23,0.9980032810584716,0
2233,1497.2527777777777,0.7083333333332575,0.7138888888889596,0.7236111111111541,0.978886756237841,0.026163785188279803,1.15997150799986,38.888888888888886,0.9999999999742858,0.9865642994242234,2.0877405867669815e-18,0.9939110781116415,0
2234,1497.9666666666667,0.7138888888889596,0.7444444444445253,0.7236111111111541,0.9865642994242234,0.021645921220822574,0.9596719931721225,36.111111111111114,0.9285714285475513,1.0287907869482273,9.307276309320412e-23,0.9993854468545137,0
2235,1498.7111111111112,0.7444444444445253,0.7166666666664696,0.7236111111111541,1.0287907869482273,0.022730533442051972,1.0077582798007914,38.888888888888886,0.9999999999742858,0.9904030710169434,2.293524855726452e-22,0.9983620699840022,0
2236,1499.4277777777777,0.7166666666664696,0.7111111111112223,0.7194444444444343,0.9961389961387362,0.02044311617812088,0.9063456273893337,33.333333333333336,0.8571428571208165,0.9884169884171569,3.9887402720352534e-24,0.9965361660362031,0
2237,1500.138888888889,0.7111111111112223,0.7194444444444343,0.7194444444444343,0.9884169884171569,0.020336363338662688,0.9016127398778945,36.111111111111114,0.9285714285475513,1.0,7.066513437052145e-24,0.9988088120022093,0
2238,1500.8583333333333,0.7194444444444343,0.7333333333333485,0.718055555555452,1.0019342359769197,0.02504263501401017,1.110265311095124,36.111111111111114,0.9285714285475513,1.0212765957448493,2.3169458204581017e-19,0.9914843731119454,0
2239,1501.5916666666667,0.7333333333333485,0.7388888888888232,0.718055555555452,1.0212765957448493,0.025320863499951208,1.122600571994228,38.888888888888886,0.9999999999742858,1.0290135396518945,3.7646209768691805e-19,0.9923676831919989,0
2240,1502.3305555555555,0.7388888888888232,0.7472222222222626,0.718055555555452,1.0290135396518945,0.021274076349252696,0.9431862494881336,36.111111111111114,0.9285714285475513,1.040618955512779,1.2736009115676882e-22,0.9939717339109939,0
2241,1503.0777777777778,0.7472222222222626,0.724999999999909,0.718055555555452,1.040618955512779,0.021286113832013787,0.9437199313285257,38.888888888888886,0.9999999999742858,1.0096711798839648,2.893926448928057e-23,0.9982853875528962,0
2242,1503.8027777777777,0.724999999999909,0.7361111111110858,0.7222222222221717,1.003846153846098,0.019990580046878332,0.8862824364250161,33.333333333333336,0.8571428571208165,1.0192307692308056,1.425515338906995e-24,0.9975549046022703,0
2243,1504.5388888888888,0.7361111111110858,0.7416666666667879,0.7291666666666288,1.0095238095238273,0.02520333341536934,1.1173898752824676,36.111111111111114,0.9285714285475513,1.0171428571430763,1.074532689618701e-19,0.9912187020301774,0
2244,1505.2805555555556,0.7416666666667879,0.7638888888889142,0.7347222222222172,1.0094517958413818,0.021081262992869172,0.9346378686572552,36.111111111111114,0.9285714285475513,1.0396975425331227,1.0409743029841338e-23,0.9992997991229869,0
2245,1506.0444444444445,0.7638888888889142,0.7388888888888232,0.7347222222222172,1.0396975425331227,0.021545713841575116,0.9552292986620614,38.888888888888886,0.9999999999742858,1.0056710775046434,1.0757528137126126e-23,0.999380861310397,0
2246,1506.7833333333333,0.7388888888888232,0.7111111111112223,0.7374999999999545,1.0018832391713475,0.02137748898774662,0.9477710491781179,36.111111111111114,0.9285714285475513,0.9642184557440897,5.155260841452225e-24,0.9988801234506668,0
2247,1507.4944444444445,0.7111111111112223,0.7277777777776464,0.7374999999999545,0.9642184557440897,0.02403665303095829,1.0656650963515746,38.888888888888886,0.9999999999742858,0.9868173258002594,9.474582958614638e-20,0.9926668822353883,0
2248,1508.2222222222222,0.7277777777776464,0.7277777777778738,0.7374999999999545,0.9868173258002594,0.025058418184075885,1.1109650579952914,38.888888888888886,0.9999999999742858,0.9868173258005677,1.6667976271218487e-19,0.9929177153047866,0
2249,1508.95,0.7277777777778738,0.7333333333333485,0.7374999999999545,0.9868173258005677,0.020106908010090956,0.8914398370816591,33.333333333333336,0.8571428571208165,0.9943502824859576,7.430286289695434e-25,0.9973686499389502,0
2250,1509.6833333333334,0.7333333333333485,0.7416666666665606,0.7347222222222172,0.9981096408317855,0.021037192746974107,0.932684014151076,36.111111111111114,0.9285714285475513,1.0094517958410723,7.593013404692942e-24,0.9990928737164719,0
2251,1510.425,0.7416666666665606,0.7222222222221717,0.7347222222222172,1.0094517958410723,0.025596562907643037,1.1348237062002915,38.888888888888886,0.9999999999742858,0.9829867674857603,1.786344612681368e-19,0.9928356617593208,0
2252,1511.1472222222221,0.7222222222221717,0.7111111111112223,0.7347222222222172,0.9829867674857603,0.021176835541431963,0.9388750779326712,36.111111111111114,0.9285714285475513,0.9678638941400445,1.2950736580761498e-23,0.9977514137507438,0
2253,1511.8583333333333,0.7111111111112223,0.7416666666665606,0.7305555555556111,0.9733840304183291,0.01973917343934649,0.8751363235991672,33.333333333333336,0.8571428571208165,1.0152091254750626,1.9240741491077034e-24,0.9969566681296711,0
2254,1512.6,0.7416666666665606,0.75,0.7305555555556111,1.0152091254750626,0.020527757978669018,0.9100982219132189,36.111111111111114,0.9285714285475513,1.026615969581671,1.399763783238483e-23,0.9948495674293634,0
2255,1513.35,0.75,0.7361111111113132,0.7305555555556111,1.026615969581671,0.021984911068505433,0.9747011092569569,36.111111111111114,0.9285714285475513,1.0076045627378425,1.6022433939086377e-23,0.9991876262688788,0
2256,1514.0861111111112,0.7361111111113132,0.7055555555555202,0.7305555555556111,1.0076045627378425,0.02081154199566652,0.9226797873011777,36.111111111111114,0.9285714285475513,0.9657794676804865,2.796618602445918e-24,0.9984148026109232,0
2257,1514.7916666666667,0.7055555555555202,0.724999999999909,0.7305555555556111,0.9657794676804865,0.020749789380477553,0.9199419848903947,36.111111111111114,0.9285714285475513,0.9923954372621574,1.8635548309405462e-23,0.9985339444958371,0
2258,1515.5166666666667,0.724999999999909,0.7388888888888232,0.7305555555556111,0.9923954372621574,0.02134505526927418,0.946333100155995,36.111111111111114,0.9285714285475513,1.011406844106297,2.405619339785716e-23,0.9987481430124887,0
2259,1516.2555555555555,0.7388888888888232,0.7361111111110858,0.7347222222223309,1.0056710775044877,0.020942076467401913,0.9284670335629569,36.111111111111114,0.9285714285475513,1.0018903591680595,3.759431028661989e-24,0.9992641268205287,0
2260,1516.9916666666666,0.7361111111110858,0.7527777777779647,0.7361111111111995,0.9999999999998456,0.02079822028945763,0.9220891694097275,36.111111111111114,0.9285714285475513,1.0226415094340935,7.168464242721098e-24,0.9985548203171735,0
2261,1517.7444444444445,0.7527777777779647,0.716666666666697,0.7361111111111995,1.0226415094340935,0.020677786338289882,0.9167497297627067,36.111111111111114,0.9285714285475513,0.9735849056603016,3.879108327732163e-24,0.9948217238990478,0
2262,1518.4611111111112,0.716666666666697,0.7166666666664696,0.7361111111111995,0.9735849056603016,0.019988489628501464,0.8861897577189529,36.111111111111114,0.9285714285475513,0.9735849056599927,1.8971077279236284e-24,0.998379335380079,0
2263,1519.1777777777777,0.7166666666664696,0.7388888888890506,0.7361111111111995,0.9735849056599927,0.021194376875515644,0.9396527730407357,36.111111111111114,0.9285714285475513,1.0037735849057594,2.306077873093489e-23,0.9991506547743818,0
2264,1519.9166666666667,0.7388888888890506,0.7444444444442979,0.7361111111111995,1.0037735849057594,0.020355525034664836,0.902462273737292,36.111111111111114,0.9285714285475513,1.0113207547166605,1.6928994469088174e-24,0.9992816280298673,0
2265,1520.661111111111,0.7444444444442979,0.7305555555556111,0.7361111111111995,1.0113207547166605,0.020969506432365996,0.9296831411557537,36.111111111111114,0.9285714285475513,0.9924528301886355,1.172038572562902e-23,0.9947690268450645,0
2266,1521.3916666666667,0.7305555555556111,0.7111111111112223,0.7333333333333485,0.9962121212121764,0.020622416306534143,0.9142948992108004,36.111111111111114,0.9285714285475513,0.9696969696971013,2.0101761475450875e-24,0.9991287710565223,0
2267,1522.1027777777779,0.7111111111112223,0.7361111111110858,0.7333333333333485,0.9696969696971013,0.020867034533094696,0.9251400491425008,36.111111111111114,0.9285714285475513,1.0037878787878236,2.2459477394539226e-23,0.9984389274790286,0
2268,1522.838888888889,0.7361111111110858,0.7277777777776464,0.7361111111110858,1.0,0.019997107062530346,0.8865718116868186,33.333333333333336,0.8571428571208165,0.9886792452828743,3.9334653307482894e-25,0.9973676986011906,0
2269,1523.5666666666666,0.7277777777776464,0.7527777777777374,0.7333333333333485,0.9924242424240428,0.019857482512959473,0.8803815567923519,33.333333333333336,0.8571428571208165,1.0265151515150752,9.516504388376461e-25,0.9976472065283961,0
2270,1524.3194444444443,0.7527777777777374,0.7472222222222626,0.7333333333333485,1.0265151515150752,0.026686879784076932,1.1831629087374407,38.888888888888886,0.9999999999742858,1.018939393939428,8.851928568629029e-19,0.9927642560938451,0
2271,1525.0666666666666,0.7472222222222626,0.7472222222222626,0.7333333333333485,1.018939393939428,0.020074730772778642,0.8900132591526692,33.333333333333336,0.8571428571208165,1.018939393939428,5.086710702333169e-25,0.9973238670956301,0
2272,1525.8138888888889,0.7472222222222626,0.7222222222221717,0.7375000000000682,1.0131826741995844,0.02512975041566638,1.114127572732803,38.888888888888886,0.9999999999742858,0.9792843691147185,7.964987387993313e-20,0.9920015277903673,0
2273,1526.536111111111,0.7222222222221717,0.7611111111111768,0.7375000000000682,0.9792843691147185,0.025436696289342302,1.1277360191177583,38.888888888888886,0.9999999999742858,1.0320150659133647,5.530991245708924e-19,0.9940702937911703,0
2274,1527.2972222222222,0.7611111111111768,0.7638888888889142,0.7402777777776919,1.0281425891184068,0.02218594421567859,0.9836139145412957,38.888888888888886,0.9999999999742858,1.0318949343341126,7.943584453150608e-23,0.9987453665493945,0
2275,1528.0611111111111,0.7638888888889142,0.7388888888888232,0.7416666666666742,1.029962546816503,0.022781897429428658,1.0100355023611152,36.111111111111114,0.9285714285475513,0.9962546816478414,4.925984178034346e-23,0.99723600464184,0
2276,1528.8,0.7388888888888232,0.7472222222222626,0.7430555555555429,0.9943925233644145,0.026186813840419376,1.1609924833731602,38.888888888888886,0.9999999999742858,1.0056074766355856,5.02782865282634e-19,0.9940332238728846,0
2277,1529.5472222222222,0.7472222222222626,0.7444444444445253,0.7472222222222626,1.0,0.024955827303875164,1.1064166909621158,38.888888888888886,0.9999999999742858,0.9962825278810952,5.357526689118638e-20,0.993096947812292,0
2278,1530.2916666666667,0.7444444444445253,0.7444444444442979,0.7472222222222626,0.9962825278810952,0.020981127906057252,0.930198379232577,36.111111111111114,0.9285714285475513,0.9962825278807909,1.170831930922276e-23,0.9951178727236711,0
2279,1531.036111111111,0.7444444444442979,0.7611111111111768,0.7472222222222626,0.9962825278807909,0.021423150187895198,0.9497954386467012,36.111111111111114,0.9285714285475513,1.0185873605948284,1.957844692814536e-23,0.9972524272614915,0
2280,1531.7972222222222,0.7611111111111768,0.7472222222222626,0.7472222222222626,1.0185873605948284,0.021485276252893946,0.9525497979561094,36.111111111111114,0.9285714285475513,1.0,1.33395306222042e-23,0.9948769917959756,0
2281,1532.5444444444445,0.7472222222222626,0.7388888888888232,0.7472222222222626,1.0,0.020524768495450894,0.9099656831642683,36.111111111111114,0.9285714285475513,0.9888475836429813,6.721008926644351e-24,0.9935382767716958,0
2282,1533.2833333333333,0.7388888888888232,0.7416666666667879,0.745833333333394,0.9906890130352132,0.025059367877785635,1.111007162669241,38.888888888888886,0.9999999999742858,0.9944134078213108,1.672976537050649e-19,0.9914769367596795,0
2283,1534.025,0.7416666666667879,0.7694444444443889,0.745833333333394,0.9944134078213108,0.020915804750984413,0.9273022769235314,36.111111111111114,0.9285714285475513,1.0316573556795436,1.154880532329983e-23,0.9977060235657711,0
2284,1534.7944444444445,0.7694444444443889,0.7555555555554747,0.745833333333394,1.0316573556795436,0.02685343470937329,1.1905471219340606,38.888888888888886,0.9999999999742858,1.0130353817502749,5.95765720951837e-19,0.9920113491297253,0
2285,1535.55,0.7555555555554747,0.7333333333333485,0.745833333333394,1.0130353817502749,0.021323260014729523,0.9453668074693875,36.111111111111114,0.9285714285475513,0.9832402234636275,2.1235660279854242e-24,0.9995070096458812,0
2286,1536.2833333333333,0.7333333333333485,0.7472222222222626,0.745833333333394,0.9832402234636275,0.0212358667807499,0.9414922281346765,36.111111111111114,0.9285714285475513,1.0018621973928965,9.56717647419288e-24,0.9992050986349994,0
2287,1537.0305555555556,0.7472222222222626,0.7416666666665606,0.745833333333394,1.0018621973928965,0.021396980725506724,0.9486352154400108,36.111111111111114,0.9285714285475513,0.994413407821006,4.97610698000246e-24,0.9991929022984689,0
2288,1537.7722222222221,0.7416666666665606,0.7416666666667879,0.7458333333332803,0.9944134078211575,0.020530549739079484,0.9102219946207991,36.111111111111114,0.9285714285475513,0.9944134078214624,1.3283267484722027e-23,0.9927530062726517,0
2289,1538.513888888889,0.7416666666667879,0.7749999999998636,0.7444444444445253,0.9962686567164726,0.025750254512986685,1.141637624061735,38.888888888888886,0.9999999999742858,1.0410447761191066,4.339155814930137e-19,0.9933297878115172,0
2290,1539.2888888888888,0.7749999999998636,0.7388888888890506,0.7444444444445253,1.0410447761191066,0.020657235901737268,0.9158386260861382,36.111111111111114,0.9285714285475513,0.9925373134329453,5.735353553803409e-25,0.9979116191593511,0
2291,1540.0277777777778,0.7388888888890506,0.7333333333333485,0.7416666666667879,0.9962546816479952,0.021713876816759056,0.9626848047560816,36.111111111111114,0.9285714285475513,0.988764044943679,4.058547677943528e-23,0.9956240870883127,0
2292,1540.7611111111112,0.7333333333333485,0.75,0.7416666666667879,0.988764044943679,0.02586918293984274,1.1469103162831213,38.888888888888886,0.9999999999742858,1.0112359550560144,3.9980738347045487e-19,0.9942774170788297,0
2293,1541.5111111111112,0.75,0.7416666666665606,0.7444444444445253,1.0074626865670548,0.019634032396765554,0.870474895107929,33.333333333333336,0.8571428571208165,0.9962686567161672,1.0912510117148562e-25,0.9973770640209987,0
2294,1542.2527777777777,0.7416666666665606,0.7333333333333485,0.7416666666666742,0.9999999999998467,0.019776671447856237,0.8767987979378393,33.333333333333336,0.8571428571208165,0.9887640449438305,2.4280384314462126e-25,0.9967134474861636,0
2295,1542.986111111111,0.7333333333333485,0.716666666666697,0.7416666666665606,0.9887640449439821,0.019244752502708982,0.8532161696409005,33.333333333333336,0.8571428571208165,0.9662921348316398,3.5403300891365433e-25,0.9933357245913759,0
2296,1543.7027777777778,0.716666666666697,0.7277777777778738,0.7416666666665606,0.9662921348316398,0.021422481012074186,0.9497657707343318,36.111111111111114,0.9285714285475513,0.9812734082399702,8.538622233958817e-23,0.9951641565065188,0
2297,1544.4305555555557,0.7277777777778738,0.7138888888887323,0.7402777777778056,0.9831144465291735,0.020803889549107793,0.9223405160561825,36.111111111111114,0.9285714285475513,0.9643527204500336,1.1148359017426108e-23,0.9952734286597675,0
2298,1545.1444444444444,0.7138888888887323,0.7305555555556111,0.7361111111111995,0.9698113207543877,0.020140743150323683,0.8929399181424348,36.111111111111114,0.9285714285475513,0.9924528301886355,5.7401716203896595e-24,0.9975810573936524,0
2299,1545.875,0.7305555555556111,0.7222222222221717,0.7333333333333485,0.9962121212121764,0.021132448372294783,0.9369071726334424,36.111111111111114,0.9285714285475513,0.9848484848483956,6.462446748753229e-24,0.9989590159623282,0
2300,1546.5972222222222,0.7222222222221717,0.7222222222221717,0.7319444444444798,0.9867172675520655,0.020389569294978743,0.9039716261375996,36.111111111111114,0.9285714285475513,0.9867172675520655,7.608758279500248e-24,0.9961068225626577,0
2301,1547.3194444444443,0.7222222222221717,0.7222222222223991,0.7291666666667425,0.9904761904760182,0.02056576564544594,0.9117832919529519,36.111111111111114,0.9285714285475513,0.9904761904763301,2.377792429126226e-23,0.9939071757971554,0
2302,1548.0416666666667,0.7222222222223991,0.7416666666665606,0.7250000000001364,0.9961685823755354,0.021826189354048033,0.9676641814903297,36.111111111111114,0.9285714285475513,1.0229885057467876,1.198264316465847e-22,0.9977413139252465,0
2303,1548.7833333333333,0.7416666666665606,0.7361111111110858,0.7250000000001364,1.0229885057467876,0.02095842895910682,0.9291920213399929,36.111111111111114,0.9285714285475513,1.0153256704978584,9.043761741552402e-24,0.9976335571681607,0
2304,1549.5194444444444,0.7361111111110858,0.7305555555556111,0.7250000000001364,1.0153256704978584,0.020685975131232357,0.9171127799265049,33.333333333333336,0.8571428571208165,1.0076628352489292,2.194295888393219e-24,0.9973687493132732,0
2305,1550.25,0.7305555555556111,0.7361111111110858,0.7250000000001364,1.0076628352489292,0.019728565401297183,0.8746660161950809,33.333333333333336,0.8571428571208165,1.0153256704978584,8.014647824227608e-25,0.9968779860380128,0
2306,1550.986111111111,0.7361111111110858,0.75,0.7291666666667425,1.00952380952367,0.020352513909965397,0.9023287755131915,36.111111111111114,0.9285714285475513,1.0285714285713217,4.922450238951137e-24,0.9980104885393304,0
2307,1551.736111111111,0.75,0.7416666666667879,0.7305555555556111,1.026615969581671,0.021614842673931253,0.9582941256867971,36.111111111111114,0.9285714285475513,1.015209125475374,3.4100866589119415e-23,0.9955970454902141,0
2308,1552.4777777777779,0.7416666666667879,0.75,0.7333333333333485,1.0113636363637808,0.021780148949869443,0.9656229800097471,36.111111111111114,0.9285714285475513,1.0227272727272516,3.8110242673574345e-23,0.9975790528243661,0
2309,1553.2277777777779,0.75,0.7388888888888232,0.7361111111110858,1.018867924528337,0.020937902908317083,0.9282819988063069,38.888888888888886,0.9999999999742858,1.0037735849056055,1.2318237373286153e-23,0.997756867081721,0
2310,1553.9666666666667,0.7388888888888232,0.7416666666665606,0.7374999999999545,1.0018832391713475,0.021308491820847857,0.9447120595418963,36.111111111111114,0.9285714285475513,1.0056497175140424,7.867673472646458e-24,0.9992556902628899,0
2311,1554.7083333333333,0.7416666666665606,0.7277777777778738,0.7402777777776919,1.0018761726078529,0.02136307262800216,0.9471318998183326,36.111111111111114,0.9285714285475513,0.9831144465293244,4.805323327187542e-24,0.9993238941052747,0
2312,1555.4361111111111,0.7277777777778738,0.7638888888889142,0.7402777777776919,0.9831144465293244,0.02043696499077456,0.906072914476781,33.333333333333336,0.8571428571208165,1.0318949343341126,2.5718194740830282e-24,0.9979333811035427,0
2313,1556.2,0.7638888888889142,0.7305555555556111,0.7402777777776919,1.0318949343341126,0.020508428816322397,0.9092412634328524,36.111111111111114,0.9285714285475513,0.9868667917450301,5.419652405610092e-25,0.9986431887220695,0
2314,1556.9305555555557,0.7305555555556111,0.7222222222221717,0.7402777777776919,0.9868667917450301,0.021274182161266936,0.9431909406641557,36.111111111111114,0.9285714285475513,0.9756097560976059,3.6022093147574497e-23,0.9943650261991206,0
2315,1557.6527777777778,0.7222222222221717,0.7138888888887323,0.7402777777776919,0.9756097560976059,0.021619944415005355,0.9585203113951938,36.111111111111114,0.9285714285475513,0.9643527204501817,1.016271139514356e-22,0.9939983160238779,0
2316,1558.3666666666666,0.7138888888887323,0.7333333333333485,0.7402777777776919,0.9643527204501817,0.020734003742253142,0.9192421285644028,36.111111111111114,0.9285714285475513,0.9906191369607358,1.6092200797544123e-23,0.9976103134038289,0
2317,1559.1,0.7333333333333485,0.7305555555556111,0.7361111111110858,0.9962264150943944,0.020781488587243664,0.9213473693334437,36.111111111111114,0.9285714285475513,0.9924528301887888,1.0446499214859206e-23,0.9957782195836413,0
2318,1559.8305555555555,0.7305555555556111,0.7472222222222626,0.7319444444444798,0.9981024667931966,0.019592401068341436,0.8686291700163702,36.111111111111114,0.9285714285475513,1.0208728652751482,2.3779182524406087e-24,0.9966430300555216,0
2319,1560.5777777777778,0.7472222222222626,0.7194444444444343,0.7319444444444798,1.0208728652751482,0.022065650038615107,0.9782806717796773,36.111111111111114,0.9285714285475513,0.9829222011384586,1.6499603278880084e-23,0.9987964585808318,0
2320,1561.2972222222222,0.7194444444444343,0.716666666666697,0.7305555555556111,0.9847908745246261,0.021466423119308596,0.9517139442125419,36.111111111111114,0.9285714285475513,0.9809885931558604,2.1021038443244835e-23,0.9988306127334716,0
2321,1562.013888888889,0.716666666666697,0.7361111111110858,0.7291666666667425,0.9828571428570823,0.02565799826149729,1.1375474428286882,38.888888888888886,0.9999999999742858,1.00952380952367,7.624496454164788e-19,0.9939202451794331,0
2322,1562.75,0.7361111111110858,0.75,0.7305555555556111,1.0076045627375314,0.022215089050218927,0.9849060508827645,36.111111111111114,0.9285714285475513,1.026615969581671,7.455762335692797e-23,0.9989615653215507,0
2323,1563.5,0.75,0.7388888888888232,0.7305555555556111,1.026615969581671,0.01958341520306837,0.8682307816480025,33.333333333333336,0.8571428571208165,1.011406844106297,1.7773669748543902e-25,0.9973728615149469,0
2324,1564.2388888888888,0.7388888888888232,0.7111111111112223,0.7319444444444798,1.009487666034017,0.021012420274547503,0.9315857264992402,38.888888888888886,0.9999999999742858,0.9715370018976381,7.686533653867798e-24,0.9994680807345063,0
2325,1564.95,0.7111111111112223,0.7277777777776464,0.7319444444444798,0.9715370018976381,0.022072116680303087,0.9785673703615729,38.888888888888886,0.9999999999742858,0.9943074003792791,4.155413549326299e-22,0.9990359982793933,0
2326,1565.6777777777777,0.7277777777776464,0.7277777777778738,0.7319444444444798,0.9943074003792791,0.020951331715747538,0.9288773650307904,36.111111111111114,0.9285714285475513,0.9943074003795898,2.6285749396561497e-23,0.9948982296911131,0
2327,1566.4055555555556,0.7277777777778738,0.7444444444445253,0.7291666666667425,0.998095238095266,0.026120514181709364,1.1580530877719388,38.888888888888886,0.9999999999742858,1.0209523809523857,2.2219475392264132e-18,0.991555829209918,0
2328,1567.15,0.7444444444445253,0.7444444444442979,0.7319444444444798,1.0170777988615414,0.02105092181623913,0.9332926924850472,36.111111111111114,0.9285714285475513,1.0170777988612307,5.467519597870384e-24,0.998908294961297,0
2329,1567.8944444444444,0.7444444444442979,0.7305555555556111,0.7319444444444798,1.0170777988612307,0.02054762602494086,0.9109790718142984,36.111111111111114,0.9285714285475513,0.9981024667931966,1.1030461388558112e-23,0.9933386763450205,0
2330,1568.625,0.7305555555556111,0.7138888888889596,0.7333333333333485,0.9962121212121764,0.021295846373095128,0.9441514235714696,36.111111111111114,0.9285714285475513,0.9734848484849248,8.199457325329742e-24,0.9986336708561521,0
2331,1569.338888888889,0.7138888888889596,0.7472222222222626,0.7333333333333485,0.9734848484849248,0.019980373852751736,0.8858299447726512,36.111111111111114,0.9285714285475513,1.018939393939428,6.714653863191891e-24,0.9980414453571277,0
2332,1570.0861111111112,0.7472222222222626,0.7388888888888232,0.7347222222222172,1.0170132325142398,0.022654914092040308,1.0044056956530552,36.111111111111114,0.9285714285475513,1.0056710775046434,8.126936553451869e-23,0.9979485513381592,0
2333,1570.825,0.7388888888888232,0.7388888888888232,0.7347222222222172,1.0056710775046434,0.02549585803047062,1.130358955117984,38.888888888888886,0.9999999999742858,1.0056710775046434,2.4937740294611523e-19,0.9926354436905354,0
2334,1571.5638888888889,0.7388888888888232,0.7194444444444343,0.7347222222222172,1.0056710775046434,0.02040873365036536,0.9048212779008169,36.111111111111114,0.9285714285475513,0.9792060491493314,7.747529167920392e-24,0.993368460607549,0
2335,1572.2833333333333,0.7194444444444343,0.7361111111110858,0.7347222222222172,0.9792060491493314,0.021689534371535712,0.9616055823618092,38.888888888888886,0.9999999999742858,1.0018903591682145,1.377700511233591e-22,0.9994613051209127,0
2336,1573.0194444444444,0.7361111111110858,0.7388888888890506,0.7374999999999545,0.9981167608286525,0.021853292818787444,0.9688658136945216,36.111111111111114,0.9285714285475513,1.0018832391716557,1.0365209465158897e-22,0.9946880056207851,0
2337,1573.7583333333334,0.7388888888890506,0.7472222222220353,0.7388888888888232,1.0000000000003078,0.021790695509181356,0.9660905617537958,36.111111111111114,0.9285714285475513,1.0112781954885588,2.4657123969627372e-23,0.9987305432027311,0
2338,1574.5055555555555,0.7472222222220353,0.7472222222222626,0.7388888888888232,1.0112781954885588,0.020436034916753165,0.9060316796417834,36.111111111111114,0.9285714285475513,1.0112781954888663,1.7892862193980205e-24,0.9982306101635778,0
2339,1575.2527777777777,0.7472222222222626,0.7416666666667879,0.7388888888888232,1.0112781954888663,0.024307116501742592,1.0776560952764962,36.111111111111114,0.9285714285475513,1.0037593984964939,9.841109111417586e-21,0.9917087746065005,0
2340,1575.9944444444445,0.7416666666667879,0.7333333333333485,0.7388888888889369,1.0037593984963395,0.025582765962070396,1.1342120185699842,38.888888888888886,0.9999999999742858,0.9924812030074749,1.8964034488739918e-19,0.9930052816289718,0
2341,1576.7277777777779,0.7333333333333485,0.7583333333332121,0.7388888888889369,0.9924812030074749,0.021498510868454255,0.9531365546833496,36.111111111111114,0.9285714285475513,1.0263157894734534,3.646394991780689e-23,0.9980436970813713,0
2342,1577.486111111111,0.7583333333332121,0.75,0.7388888888889369,1.0263157894734534,0.02754251548551648,1.2210975205588965,38.888888888888886,0.9999999999742858,1.0150375939848966,2.156331023545338e-18,0.9933064686681508,0
2343,1578.236111111111,0.75,0.7444444444445253,0.7402777777779193,1.0131332082549658,0.021685389431764783,0.9614218164425412,36.111111111111114,0.9285714285475513,1.0056285178235569,4.669506880629632e-23,0.9941898940424407,0
2344,1578.9805555555556,0.7444444444445253,0.7361111111110858,0.7430555555556566,1.0018691588784772,0.020313326389186034,0.900591396642126,33.333333333333336,0.8571428571208165,0.9906542056073079,4.879969487559307e-25,0.9969558607082679,0
2345,1579.7166666666667,0.7361111111110858,0.7527777777777374,0.7430555555556566,0.9906542056073079,0.02026236959887203,0.8983322271650029,33.333333333333336,0.8571428571208165,1.0130841121493406,8.23336690577112e-25,0.9975686079977901,0
2346,1580.4694444444444,0.7527777777777374,0.7305555555556111,0.7458333333332803,1.009310986964636,0.02018119127359753,0.8947331858295104,36.111111111111114,0.9285714285475513,0.979515828677984,2.987223174365419e-24,0.9929190708705856,0
2347,1581.2,0.7305555555556111,0.75,0.7458333333332803,0.979515828677984,0.02639472927541929,1.1702104149124135,38.888888888888886,0.9999999999742858,1.0055865921788425,1.5099742642455101e-18,0.9933284569924186,0
2348,1581.95,0.75,0.7333333333333485,0.745833333333394,1.0055865921786893,0.02158137870360329,0.9568105004450496,36.111111111111114,0.9285714285475513,0.9832402234636275,4.83590430903934e-24,0.9992587456589026,0
2349,1582.6833333333334,0.7333333333333485,0.7333333333333485,0.7430555555556566,0.9869158878503534,0.021612479873429822,0.9581893709182868,36.111111111111114,0.9285714285475513,0.9869158878503534,3.4299037914841796e-23,0.9963999088970228,0
2350,1583.4166666666667,0.7333333333333485,0.724999999999909,0.7402777777778056,0.9906191369605837,0.025349124322108486,1.1238535156435965,38.888888888888886,0.9999999999742858,0.9793621013131611,1.4470178063180406e-19,0.9935977195322738,0
2351,1584.1416666666667,0.724999999999909,0.7583333333334394,0.7402777777778056,0.9793621013131611,0.02082312946739519,0.9231935179008706,36.111111111111114,0.9285714285475513,1.0243902439025439,4.666479863564118e-23,0.995248548479476,0
2352,1584.9,0.7583333333334394,0.7388888888888232,0.7402777777778056,1.0243902439025439,0.021973580155201743,0.9741987531759345,36.111111111111114,0.9285714285475513,0.9981238273919939,1.1602457331185721e-23,0.9982091942672805,0
2353,1585.638888888889,0.7388888888888232,0.7111111111109949,0.7374999999999545,1.0018832391713475,0.020861876720477623,0.92491137750205,36.111111111111114,0.9285714285475513,0.9642184557437814,1.7775509273567264e-24,0.9993599241901026,0
2354,1586.35,0.7111111111109949,0.7333333333333485,0.7347222222222172,0.9678638941397351,0.026017202672527533,1.1534727716503606,38.888888888888886,0.9999999999742858,0.9981096408317855,1.922994126092092e-18,0.9937098704644726,0
2355,1587.0833333333333,0.7333333333333485,0.7277777777778738,0.7333333333333485,1.0,0.021072245700685742,0.9342380869767064,36.111111111111114,0.9285714285475513,0.9924242424243528,4.935009693423161e-24,0.9994117213053333,0
2356,1587.8111111111111,0.7277777777778738,0.7472222222222626,0.7333333333333485,0.9924242424243528,0.02052667131779922,0.9100500447997487,36.111111111111114,0.9285714285475513,1.018939393939428,3.050515023070066e-23,0.994039240786537,0
2357,1588.5583333333334,0.7472222222222626,0.7444444444442979,0.7333333333333485,1.018939393939428,0.021152467761680973,0.9377947323320267,36.111111111111114,0.9285714285475513,1.0151515151512944,1.665967735604572e-23,0.9955893636465079,0
2358,1589.3027777777777,0.7444444444442979,0.7277777777778738,0.7333333333333485,1.0151515151512944,0.026163539069817107,1.1599605963369541,38.888888888888886,0.9999999999742858,0.9924242424243528,2.9294526430322462e-19,0.9939814406409765,0
2359,1590.0305555555556,0.7277777777778738,0.724999999999909,0.7333333333333485,0.9924242424243528,0.022247573852488833,0.986346264705227,36.111111111111114,0.9285714285475513,0.9886363636362192,5.343476190348083e-23,0.9992678047276127,0
2360,1590.7555555555555,0.724999999999909,0.7388888888890506,0.7305555555556111,0.9923954372621574,0.02047054274323052,0.9075615842495718,36.111111111111114,0.9285714285475513,1.0114068441066082,2.2073855362796418e-23,0.9946055965660519,0
2361,1591.4944444444445,0.7388888888890506,0.7583333333332121,0.7361111111110858,1.0037735849059144,0.021325790332154877,0.9454789891013067,36.111111111111114,0.9285714285475513,1.0301886792451536,5.956645150201892e-23,0.9950999812185053,0
2362,1592.2527777777777,0.7583333333332121,0.7305555555556111,0.7361111111110858,1.0301886792451536,0.021170730486448377,0.9386044102985819,36.111111111111114,0.9285714285475513,0.9924528301887888,2.1249759196382805e-24,0.9990387960947515,0
2363,1592.9833333333333,0.7305555555556111,0.7222222222221717,0.7319444444444798,0.9981024667931966,0.02067511176378095,0.9166311524924816,33.333333333333336,0.8571428571208165,0.9867172675520655,1.520066037639296e-24,0.997640775562534,0
2364,1593.7055555555555,0.7222222222221717,0.7222222222221717,0.7319444444444798,0.9867172675520655,0.022717189695740575,1.0071666847613192,38.888888888888886,0.9999999999742858,0.9867172675520655,2.316519305454754e-21,0.9947694880664928,0
2365,1594.4277777777777,0.7222222222221717,0.7388888888890506,0.7291666666667425,0.9904761904760182,0.021258922972959945,0.9425144244970972,36.111111111111114,0.9285714285475513,1.0133333333334498,3.597828296834214e-23,0.997737443638189,0
2366,1595.1666666666667,0.7388888888890506,0.7361111111110858,0.7347222222223309,1.0056710775047972,0.021617107287815997,0.9583945273513123,36.111111111111114,0.9285714285475513,1.0018903591680595,2.0233712661345383e-23,0.9977790806888103,0
2367,1595.9027777777778,0.7361111111110858,0.7472222222222626,0.7333333333333485,1.0037878787878236,0.020868143038742248,0.9251891947442692,38.888888888888886,0.9999999999742858,1.018939393939428,2.6300693577550003e-23,0.9984362893999684,0
2368,1596.65,0.7472222222222626,0.7333333333333485,0.7333333333333485,1.018939393939428,0.020764765143386977,0.9206059353914587,36.111111111111114,0.9285714285475513,1.0,2.9137421615506658e-24,0.9979151806338807,0
2369,1597.3833333333334,0.7333333333333485,0.7194444444444343,0.7347222222222172,0.9981096408317855,0.0218055032503296,0.9667470630094893,36.111111111111114,0.9285714285475513,0.9792060491493314,1.9857804662789467e-23,0.9985668433524612,0
2370,1598.1027777777779,0.7194444444444343,0.75,0.7347222222222172,0.9792060491493314,0.02297549869873002,1.0186188153139668,36.111111111111114,0.9285714285475513,1.0207939508506687,6.330499459831592e-22,0.9989111569901066,0
2371,1598.8527777777779,0.75,0.7555555555554747,0.7347222222222172,1.0207939508506687,0.022570230638844148,1.000651254458874,38.888888888888886,0.9999999999742858,1.0283553875235265,8.82484078655894e-22,0.9948626038723467,0
2372,1599.6083333333333,0.7555555555554747,0.7444444444445253,0.7347222222222172,1.0283553875235265,0.020114382021195233,0.891771197390156,36.111111111111114,0.9285714285475513,1.0132325141778107,6.423316191018259e-25,0.9988340141741194,0
2373,1600.3527777777779,0.7444444444445253,0.724999999999909,0.7375000000000682,1.0094161958568901,0.019859753671999755,0.8804822486363609,36.111111111111114,0.9285714285475513,0.9830508474574129,7.162256006004622e-25,0.9969073709203553,0
2374,1601.0777777777778,0.724999999999909,0.7444444444445253,0.7375000000000682,0.9830508474574129,0.020761640950387565,0.9204674242838827,36.111111111111114,0.9285714285475513,1.0094161958568901,2.4056284905722167e-23,0.995769602165158,0
2375,1601.8222222222223,0.7444444444445253,0.7277777777776464,0.7416666666667879,1.0037453183520049,0.021782359908702975,0.9657210028773789,36.111111111111114,0.9285714285475513,0.9812734082393628,1.0089160213151287e-23,0.9988810310873348,0
2376,1602.55,0.7277777777776464,0.7472222222222626,0.7402777777778056,0.9831144465288663,0.02263981767601812,1.0037363959958139,38.888888888888886,0.9999999999742858,1.0093808630394163,5.835089257772024e-22,0.9991618948752967,0
2377,1603.2972222222222,0.7472222222222626,0.7472222222222626,0.7444444444445253,1.0037313432835273,0.02653526577444587,1.1764411010891946,38.888888888888886,0.9999999999742858,1.0037313432835273,7.60268473538753e-19,0.9930589381768886,0
2378,1604.0444444444445,0.7472222222222626,0.7305555555556111,0.7444444444445253,1.0037313432835273,0.025675581343698912,1.138326988839708,38.888888888888886,0.9999999999742858,0.9813432835820577,1.4902881411485724e-19,0.9929577747599434,0
2379,1604.775,0.7305555555556111,0.724999999999909,0.7444444444445253,0.9813432835820577,0.026682289866646728,1.1829594147320897,38.888888888888886,0.9999999999742858,0.9738805970146974,1.7073997357902258e-18,0.9931829684971833,0
2380,1605.5,0.724999999999909,0.7416666666665606,0.7444444444445253,0.9738805970146974,0.021337289527303113,0.9459888059584968,36.111111111111114,0.9285714285475513,0.9962686567161672,1.4521520359542103e-23,0.9995264802392687,0
2381,1606.2416666666666,0.7416666666665606,0.7333333333333485,0.7430555555555429,0.9981308411213695,0.026850317877597923,1.1904089371863782,38.888888888888886,0.9999999999742858,0.9869158878505044,1.5279249107185234e-18,0.9928755057958598,0
2382,1606.975,0.7333333333333485,0.7250000000001364,0.7374999999999545,0.9943502824859576,0.019292589737292577,0.855337033603785,36.111111111111114,0.9285714285475513,0.9830508474578727,6.133381212141723e-25,0.9960781334151729,0
2383,1607.7,0.7250000000001364,0.7277777777776464,0.7319444444444798,0.9905123339659829,0.020870844117180383,0.9253089470662884,36.111111111111114,0.9285714285475513,0.9943074003792791,1.1571825073375084e-23,0.9973577164082039,0
2384,1608.4277777777777,0.7277777777776464,0.7305555555556111,0.7319444444444798,0.9943074003792791,0.02091878625919369,0.9274344621004369,36.111111111111114,0.9285714285475513,0.9981024667931966,2.268221858201562e-23,0.9953964424102293,0
2385,1609.1583333333333,0.7305555555556111,0.7305555555556111,0.7305555555556111,1.0,0.021239335547291814,0.9416460159114667,36.111111111111114,0.9285714285475513,1.0,1.0130000331075484e-23,0.9990333294347347,0
2386,1609.888888888889,0.7305555555556111,0.7333333333333485,0.7305555555556111,1.0,0.021104403222651724,0.9356637908257477,36.111111111111114,0.9285714285475513,1.0038022813687657,5.413995937653772e-23,0.9937434970726949,0
2387,1610.6222222222223,0.7333333333333485,0.7333333333333485,0.7305555555556111,1.0038022813687657,0.020294810408398936,0.8997704905690503,36.111111111111114,0.9285714285475513,1.0038022813687657,2.360115239531581e-24,0.9984591649163245,0
2388,1611.3555555555556,0.7333333333333485,0.7361111111110858,0.7305555555556111,1.0038022813687657,0.026151137814993935,1.159410786660915,38.888888888888886,0.9999999999742858,1.0076045627375314,9.088571500195496e-19,0.9929523169699848,0
2389,1612.0916666666667,0.7361111111110858,0.7277777777776464,0.7319444444444798,1.0056925996204102,0.0206561979249499,0.9157926073816332,36.111111111111114,0.9285714285475513,0.9943074003792791,3.7341610528545915e-24,0.9978671609370492,0
2390,1612.8194444444443,0.7277777777776464,0.7472222222222626,0.7319444444444798,0.9943074003792791,0.02165390846544788,0.9600261076905726,36.111111111111114,0.9285714285475513,1.0208728652751482,1.5511485575331107e-22,0.9950310430891869,0
2391,1613.5666666666666,0.7472222222222626,0.7277777777778738,0.7319444444444798,1.0208728652751482,0.021527828726008717,0.954436362000756,36.111111111111114,0.9285714285475513,0.9943074003795898,7.242733919225846e-24,0.9988557872917021,0
2392,1614.2944444444445,0.7277777777778738,0.7277777777776464,0.7305555555556111,0.9961977186312343,0.01907025231199998,0.8454797030743711,33.333333333333336,0.8571428571208165,0.9961977186309231,3.338721647146308e-25,0.9952555116099275,0
2393,1615.0222222222221,0.7277777777776464,0.716666666666697,0.7305555555556111,0.9961977186309231,0.020786169021198512,0.9215548763892321,36.111111111111114,0.9285714285475513,0.9809885931558604,1.907798725898591e-23,0.9942865388705358,0
2394,1615.7388888888888,0.716666666666697,0.7361111111110858,0.7305555555556111,0.9809885931558604,0.020936768762439075,0.9282317164448314,36.111111111111114,0.9285714285475513,1.0076045627375314,3.998904429254664e-23,0.996349826701785,0
2395,1616.475,0.7361111111110858,0.7194444444444343,0.7319444444444798,1.0056925996204102,0.020060485704736654,0.889381704011113,33.333333333333336,0.8571428571208165,0.9829222011384586,4.578976650943835e-25,0.9972539940409135,0
2396,1617.1944444444443,0.7194444444444343,0.7361111111113132,0.7305555555556111,0.9847908745246261,0.025375170841341617,1.1250082881650638,38.888888888888886,0.9999999999742858,1.0076045627378425,5.419007534381495e-19,0.9930304264472684,0
2397,1617.9305555555557,0.7361111111113132,0.7194444444444343,0.7305555555556111,1.0076045627378425,0.020287088896714735,0.8994281573214752,33.333333333333336,0.8571428571208165,0.9847908745246261,6.949050076112473e-25,0.9973264939442379,0
2398,1618.65,0.7194444444444343,0.7222222222221717,0.7277777777777601,0.9885496183206208,0.02210157870540222,0.9798735693475774,36.111111111111114,0.9285714285475513,0.9923664122136951,2.570272407407363e-22,0.9954505204092843,0
2399,1619.3722222222223,0.7222222222221717,0.7194444444444343,0.7277777777776464,0.9923664122138501,0.021208694561382715,0.9402875476938213,33.333333333333336,0.8571428571208165,0.9885496183207753,6.60828385873189e-24,0.9975445241944727,0
2400,1620.0916666666667,0.7194444444444343,0.7416666666665606,0.724999999999909,0.9923371647510684,0.02203809769869417,0.9770591386927397,36.111111111111114,0.9285714285475513,1.0229885057471084,2.232129262977166e-22,0.9974632374215013,0
2401,1620.8333333333333,0.7416666666665606,0.7277777777778738,0.724999999999909,1.0229885057471084,0.01989042917558924,0.8818422471954872,38.888888888888886,0.9999999999742858,1.0038314176247793,4.180817647264802e-24,0.9972492759406953,0
2402,1621.5611111111111,0.7277777777778738,0.7083333333332575,0.724999999999909,1.0038314176247793,0.02022139463210254,0.8965156018697019,36.111111111111114,0.9285714285475513,0.9770114942528916,1.677835950708396e-24,0.9987016033037042,0
2403,1622.2694444444444,0.7083333333332575,0.7277777777778738,0.720833333333303,0.9826589595375085,0.025279452995493303,1.120764637133985,36.111111111111114,0.9285714285475513,1.0096339113681911,5.254165947936162e-19,0.9915069513977075,0
2404,1622.9972222222223,0.7277777777778738,0.7333333333333485,0.7250000000000227,1.003831417624622,0.02127783284738659,0.9433527938460625,36.111111111111114,0.9285714285475513,1.0114942528735524,6.525072443866462e-23,0.9950881052342521,0
2405,1623.7305555555556,0.7333333333333485,0.7333333333333485,0.7250000000000227,1.0114942528735524,0.01940594231540147,0.8603625205514285,33.333333333333336,0.8571428571208165,1.0114942528735524,4.214587007680277e-25,0.996612834484164,0
2406,1624.463888888889,0.7333333333333485,0.7416666666665606,0.7277777777778738,1.0076335877861475,0.025943737279673976,1.1502156832007766,38.888888888888886,0.9999999999742858,1.0190839694653686,6.681072150129683e-19,0.9932042848012737,0
2407,1625.2055555555555,0.7416666666665606,0.7222222222221717,0.7277777777778738,1.0190839694653686,0.021066365788910777,0.9339774010675602,36.111111111111114,0.9285714285475513,0.9923664122135402,3.673492521647212e-24,0.9993970271478431,0
2408,1625.9277777777777,0.7222222222221717,0.7250000000001364,0.7277777777778738,0.9923664122135402,0.02588219234254248,1.147487088197399,38.888888888888886,0.9999999999742858,0.9961832061069262,7.47109425860318e-19,0.9936356875542085,0
2409,1626.6527777777778,0.7250000000001364,0.724999999999909,0.7277777777778738,0.9961832061069262,0.021394406732167533,0.9485210974362985,36.111111111111114,0.9285714285475513,0.9961832061066138,5.021435716477364e-23,0.9958937926976457,0
2410,1627.3777777777777,0.724999999999909,0.7555555555557021,0.7277777777778738,0.9961832061066138,0.02117538855898534,0.9388109259608299,36.111111111111114,0.9285714285475513,1.038167938931362,3.7881668648564746e-23,0.9986045197273161,0
2411,1628.1333333333334,0.7555555555557021,0.7333333333331211,0.7277777777778738,1.038167938931362,0.020615323795114042,0.9139804526921382,36.111111111111114,0.9285714285475513,1.0076335877858351,2.20427951479447e-24,0.9976782386079288,0
2412,1628.8666666666666,0.7333333333331211,0.716666666666697,0.7305555555554974,1.0038022813686107,0.02153443942926395,0.9547294475527405,36.111111111111114,0.9285714285475513,0.9809885931560131,1.166365163818643e-23,0.9987832455986743,0
2413,1629.5833333333333,0.716666666666697,0.7222222222223991,0.7305555555554974,0.9809885931560131,0.021587402559623478,0.9570775681228121,36.111111111111114,0.9285714285475513,0.9885931558938568,2.776720335529578e-23,0.9995202064137512,0
2414,1630.3055555555557,0.7222222222223991,0.7305555555553838,0.7291666666666288,0.9904761904764845,0.026400327081478523,1.1704585936636642,38.888888888888886,0.9999999999742858,1.0019047619045784,1.9302112769366173e-18,0.9935961366259913,0
2415,1631.036111111111,0.7305555555553838,0.7361111111110858,0.7277777777777601,1.0038167938929181,0.019911110780775253,0.8827591662338771,33.333333333333336,0.8571428571208165,1.0114503816793792,8.335473117038402e-25,0.9971767376978389,0
2416,1631.7722222222221,0.7361111111110858,0.7527777777779647,0.7277777777777601,1.0114503816793792,0.020693734083743347,0.9174567731132668,36.111111111111114,0.9285714285475513,1.03435114503845,1.0111546507919649e-23,0.9980222375131493,0
2417,1632.525,0.7527777777779647,0.7277777777776464,0.7277777777777601,1.03435114503845,0.02134954853252018,0.9465323089977508,38.888888888888886,0.9999999999742858,0.9999999999998438,1.358292418817928e-23,0.9990546702404531,0
2418,1633.2527777777777,0.7277777777776464,0.7222222222221717,0.7291666666665151,0.9980952380952655,0.02195816867278763,0.9735154850491032,36.111111111111114,0.9285714285475513,0.9904761904763271,2.9169353127228194e-23,0.9995806299032521,0
2419,1633.975,0.7222222222221717,0.75,0.7291666666665151,0.9904761904763271,0.0257155379403453,1.140098464692033,38.888888888888886,0.9999999999742858,1.0285714285716423,1.1717911901754023e-18,0.9927715740142261,0
2420,1634.725,0.75,0.7583333333334394,0.7319444444442524,1.0246679316890734,0.02241650584654857,0.9938358652538004,38.888888888888886,0.9999999999742858,1.0360531309302081,2.8310016650912185e-22,0.9980195927269578,0
2421,1635.4833333333333,0.7583333333334394,0.7555555555554747,0.7319444444442524,1.0360531309302081,0.026049678526855764,1.1549125887657974,36.111111111111114,0.9285714285475513,1.0322580645162893,1.1084602779243877e-19,0.9920186785599716,0
2422,1636.2388888888888,0.7555555555554747,0.7250000000001364,0.7333333333332348,1.0303030303030585,0.02011425361942678,0.8917655046973016,33.333333333333336,0.8571428571208165,0.9886363636366825,1.996000760812525e-25,0.9975585552802159,0
2423,1636.963888888889,0.7250000000001364,0.7388888888888232,0.7333333333332348,0.9886363636366825,0.021419795271405244,0.9496466984123635,38.888888888888886,0.9999999999742858,1.0075757575758033,1.0116219719922178e-22,0.9983638378740419,0
2424,1637.7027777777778,0.7388888888888232,0.7305555555556111,0.7374999999999545,1.0018832391713475,0.02149759198071428,0.9530958157921781,36.111111111111114,0.9285714285475513,0.9905838041432626,4.380325303360627e-23,0.9943073759689655,0
2425,1638.4333333333334,0.7305555555556111,0.7416666666665606,0.7374999999999545,0.9905838041432626,0.02104461828140409,0.9330132252460482,36.111111111111114,0.9285714285475513,1.0056497175140424,1.0731214892771574e-23,0.9984001581690489,0
2426,1639.175,0.7416666666665606,0.7388888888888232,0.7402777777776919,1.0018761726078529,0.02118368658855517,0.9391788191308845,36.111111111111114,0.9285714285475513,0.9981238273921471,6.2234388549807244e-24,0.9984202601543726,0
2427,1639.9138888888888,0.7388888888888232,0.7333333333333485,0.7388888888888232,1.0,0.025214712708994145,1.117894376305196,36.111111111111114,0.9285714285475513,0.9924812030076275,7.218503414073661e-20,0.991267089598229,0
2428,1640.6472222222221,0.7333333333333485,0.7111111111112223,0.7388888888888232,0.9924812030076275,0.01996889281161948,0.8853209327738232,33.333333333333336,0.8571428571208165,0.96240601503783,8.371289374287699e-25,0.9943931111617363,0
2429,1641.3583333333333,0.7111111111112223,0.7472222222222626,0.7388888888888232,0.96240601503783,0.021466112405518323,0.9517001687155613,36.111111111111114,0.9285714285475513,1.0112781954888663,5.862596521992719e-23,0.9993968855151445,0
2430,1642.1055555555556,0.7472222222222626,0.7277777777776464,0.7388888888888232,1.0112781954888663,0.021568239146339954,0.9562279581277388,36.111111111111114,0.9285714285475513,0.9849624060149473,5.958983886127601e-24,0.9990616647198771,0
2431,1642.8333333333333,0.7277777777776464,0.7250000000001364,0.7361111111110858,0.9886792452828743,0.021107754556295995,0.9358123722146093,36.111111111111114,0.9285714285475513,0.9849056603775777,4.12337311169097e-23,0.9938904950680492,0
2432,1643.5583333333334,0.7250000000001364,0.7222222222221717,0.7319444444444798,0.9905123339659829,0.026260018704322055,1.1642380212707941,36.111111111111114,0.9285714285475513,0.9867172675520655,4.426192586163579e-18,0.9862842823581657,0
2433,1644.2805555555556,0.7222222222221717,0.7305555555556111,0.7319444444444798,0.9867172675520655,0.02113598289633616,0.9370638757692017,36.111111111111114,0.9285714285475513,0.9981024667931966,1.42577710267687e-23,0.9988324465701519,0
2434,1645.0111111111112,0.7305555555556111,0.7333333333333485,0.7305555555556111,1.0,0.01999683119829503,0.8865595812449794,33.333333333333336,0.8571428571208165,1.0038022813687657,7.898733588890564e-25,0.9971728270225952,0
2435,1645.7444444444445,0.7333333333333485,0.7388888888888232,0.7319444444444798,1.0018975332068034,0.02624822833092184,1.1637152950247822,38.888888888888886,0.9999999999742858,1.009487666034017,1.4619882761403902e-18,0.9921105771491181,0
2436,1646.4833333333333,0.7388888888888232,0.7388888888888232,0.7319444444444798,1.009487666034017,0.020935194075211154,0.9281619026810639,36.111111111111114,0.9285714285475513,1.009487666034017,5.5738896023303854e-24,0.9985818639780641,0
2437,1647.2222222222222,0.7388888888888232,0.7388888888890506,0.7319444444444798,1.009487666034017,0.026554398040126166,1.1772893301551697,38.888888888888886,0.9999999999742858,1.0094876660343277,1.175036426513601e-18,0.9932946173291461,0
2438,1647.9611111111112,0.7388888888890506,0.7416666666665606,0.7319444444444798,1.0094876660343277,0.020408121122998366,0.9047941214978549,33.333333333333336,0.8571428571208165,1.013282732447624,1.1162309825319716e-24,0.9974396864838933,0
2439,1648.7027777777778,0.7416666666665606,0.7666666666666515,0.7361111111110858,1.0075471698112113,0.02151421880162033,0.9538329659553079,36.111111111111114,0.9285714285475513,1.0415094339622792,2.2623371136207944e-23,0.9992708313257697,0
2440,1649.4694444444444,0.7666666666666515,0.7416666666667879,0.7361111111110858,1.0415094339622792,0.021789207626174596,0.9660245964554776,36.111111111111114,0.9285714285475513,1.0075471698115201,9.242842623898503e-24,0.9973833441561037,0
2441,1650.2111111111112,0.7416666666667879,0.7305555555553838,0.7388888888888232,1.0037593984964939,0.022097694557081264,0.9797013656181579,36.111111111111114,0.9285714285475513,0.9887218045111336,4.60762926231282e-23,0.9968052316662586,0
2442,1650.9416666666666,0.7305555555553838,0.4555555555555202,0.7388888888888232,0.9887218045111336,0.02140013979081534,0.9487752726115376,36.111111111111114,0.9285714285475513,0.6165413533834656,3.759715758144967e-25,0.9990719910215502,0
2443,1651.3972222222221,0.4555555555555202,1.0194444444446162,0.7388888888888232,0.6165413533834656,0.041508891594920994,1.840296854307299,105.55555555555556,2.7142857142159187,1.3796992481206558,0.9997181296348572,0.41704824682666924,1
2444,1652.4166666666667,1.0194444444446162,0.7388888888888232,0.7388888888889369,1.3796992481204435,0.02262749529587266,1.0031900832288876,36.111111111111114,0.9285714285475513,0.9999999999998461,6.190632176040555e-28,0.9969914549640233,0
2445,1653.1555555555556,0.7388888888888232,0.75,0.7388888888889369,0.9999999999998461,0.02050534743373701,0.909104650325132,33.333333333333336,0.8571428571208165,1.0150375939848966,1.0523367990831431e-24,0.9977294362611439,0
2446,1653.9055555555556,0.75,0.7194444444444343,0.7402777777778056,1.0131332082551214,0.02126058373530054,0.9425880544012868,36.111111111111114,0.9285714285475513,0.971857410881751,2.563748046516033e-24,0.9991278520465119,0
2447,1654.625,0.7194444444444343,0.7277777777778738,0.7402777777778056,0.971857410881751,0.02119995958640613,0.9399002825476271,36.111111111111114,0.9285714285475513,0.9831144465291735,2.305189457942029e-23,0.9974510866319131,0
2448,1655.3527777777779,0.7277777777778738,0.7361111111110858,0.7402777777776919,0.9831144465293244,0.026388916929097974,1.1699527245178916,38.888888888888886,0.9999999999742858,0.9943714821764414,1.471921060935927e-18,0.9933049924556323,0
2449,1656.088888888889,0.7361111111110858,0.7611111111109494,0.7374999999999545,0.9981167608286525,0.020901219897428474,0.9266556573900238,36.111111111111114,0.9285714285475513,1.0320150659132155,2.768301611949059e-23,0.9958616676320583,0
2450,1656.85,0.7611111111109494,0.7361111111113132,0.7374999999999545,1.0320150659132155,0.020530856539441825,0.9102355966159386,36.111111111111114,0.9285714285475513,0.9981167608289608,9.439852746368398e-25,0.9979757044889257,0
2451,1657.5861111111112,0.7361111111113132,0.7222222222221717,0.7361111111111995,1.0000000000001545,0.020167112956935823,0.8941090236109834,36.111111111111114,0.9285714285475513,0.9811320754715116,1.4935910767991737e-24,0.997325539692701,0
2452,1658.3083333333334,0.7222222222221717,0.7416666666665606,0.7361111111111995,0.9811320754715116,0.020957417118539906,0.9291471613849133,36.111111111111114,0.9285714285475513,1.0075471698110556,1.28239997654505e-23,0.9989532871667892,0
2453,1659.05,0.7416666666665606,0.7333333333333485,0.7375000000000682,1.0056497175138874,0.021718859610691994,0.9629057169425581,36.111111111111114,0.9285714285475513,0.9943502824858043,4.9642597091556695e-23,0.994856854593082,0
2454,1659.7833333333333,0.7333333333333485,0.7611111111111768,0.7361111111111995,0.9962264150942406,0.021102912499054664,0.9355976995898485,36.111111111111114,0.9285714285475513,1.0339622641509085,1.409155645631682e-23,0.9993947302687627,0
2455,1660.5444444444445,0.7611111111111768,0.7472222222222626,0.7361111111111995,1.0339622641509085,0.02174174257916375,0.9639202334299349,36.111111111111114,0.9285714285475513,1.0150943396225744,7.7979350131813e-24,0.9987133542641191,0
2456,1661.2916666666667,0.7472222222222626,0.7388888888888232,0.7361111111111995,1.0150943396225744,0.02081807194979662,0.9229692928404165,33.333333333333336,0.8571428571208165,1.0037735849054505,1.282795610010541e-24,0.9971920762941169,0
2457,1662.0305555555556,0.7388888888888232,0.724999999999909,0.7375000000000682,1.001883239171193,0.02110062449594914,0.9354962609641481,36.111111111111114,0.9285714285475513,0.9830508474574129,9.688485137615052e-24,0.9963010073844026,0
2458,1662.7555555555555,0.724999999999909,0.75,0.7375000000000682,0.9830508474574129,0.02065242258613813,0.9156252277221847,36.111111111111114,0.9285714285475513,1.016949152542279,2.8969970111155393e-23,0.995153437569156,0
2459,1663.5055555555555,0.75,0.75,0.7402777777776919,1.013133208255277,0.021671956597509034,0.9608262716887442,38.888888888888886,0.9999999999742858,1.013133208255277,3.3569619256551e-23,0.999233479088002,0
2460,1664.2555555555555,0.75,0.7277777777778738,0.7402777777776919,1.013133208255277,0.02000647846154019,0.8869872926947573,36.111111111111114,0.9285714285475513,0.9831144465293244,1.7508740181248674e-24,0.9942395932081043,0
2461,1664.9833333333333,0.7277777777778738,0.7194444444444343,0.7402777777776919,0.9831144465293244,0.024856033832282885,1.1019923470493973,38.888888888888886,0.9999999999742858,0.9718574108819003,1.118753248177903e-19,0.9926094583433732,0
2462,1665.7027777777778,0.7194444444444343,0.7277777777778738,0.7402777777776919,0.9718574108819003,0.021386417161193078,0.9481668797791507,36.111111111111114,0.9285714285475513,0.9831144465293244,8.593125580533623e-23,0.9945259357001572,0
2463,1666.4305555555557,0.7277777777778738,0.7333333333331211,0.7361111111110858,0.9886792452831832,0.021507773379579213,0.9535472081465303,36.111111111111114,0.9285714285475513,0.9962264150940855,5.42934212215958e-23,0.9958213748782512,0
2464,1667.1638888888888,0.7333333333331211,0.7416666666667879,0.7361111111109722,0.9962264150942394,0.021535756411624942,0.9547878359703298,36.111111111111114,0.9285714285475513,1.0075471698116756,5.2688471088149165e-23,0.9958357953288057,0
2465,1667.9055555555556,0.7416666666667879,0.7361111111110858,0.7361111111109722,1.0075471698116756,0.021916146518448604,0.9716524326892375,36.111111111111114,0.9285714285475513,1.0000000000001545,1.7828895435328096e-23,0.9991472096254963,0
2466,1668.6416666666667,0.7361111111110858,0.7361111111110858,0.7347222222221035,1.0018903591683694,0.02073435185527997,0.919257562156667,36.111111111111114,0.9285714285475513,1.0018903591683694,3.1166180564965584e-24,0.9992216440619955,0
2467,1669.3777777777777,0.7361111111110858,0.7333333333333485,0.7347222222221035,1.0018903591683694,0.02572280353040317,1.1404205846527071,38.888888888888886,0.9999999999742858,0.99810964083194,3.456548414469345e-19,0.9929755095935393,0
2468,1670.111111111111,0.7333333333333485,0.7638888888889142,0.7347222222222172,0.9981096408317855,0.02193489096006799,0.9724834675741132,38.888888888888886,0.9999999999742858,1.0396975425331227,2.5169656050535964e-22,0.9991998866252769,0
2469,1670.875,0.7638888888889142,0.7388888888888232,0.7347222222222172,1.0396975425331227,0.0213870045153953,0.9481929201297644,38.888888888888886,0.9999999999742858,1.0056710775046434,7.745814973173347e-24,0.9995518530835612,0
2470,1671.6138888888888,0.7388888888888232,0.7416666666667879,0.7347222222222172,1.0056710775046434,0.020684218386972382,0.9170348946635832,36.111111111111114,0.9285714285475513,1.0094517958413818,4.256013446472279e-24,0.9980867184914288,0
2471,1672.3555555555556,0.7416666666667879,0.7361111111110858,0.7361111111110858,1.0075471698115201,0.020549302537126404,0.9110533999879189,36.111111111111114,0.9285714285475513,1.0,1.3425601657851054e-23,0.9930345577096564,0
2472,1673.0916666666667,0.7361111111110858,0.7527777777777374,0.7361111111110858,1.0,0.021641196966873236,0.9594625433567249,36.111111111111114,0.9285714285475513,1.0226415094339425,1.2128424659943313e-22,0.99443785571325,0
2473,1673.8444444444444,0.7527777777777374,0.7472222222222626,0.7374999999999545,1.0207156308851306,0.020946210427032156,0.9286503126776491,36.111111111111114,0.9285714285475513,1.0131826741997407,1.0472313899121659e-23,0.9949130201048666,0
2474,1674.5916666666667,0.7472222222222626,0.7527777777777374,0.7402777777778056,1.0093808630394163,0.021539189502835093,0.9549400420811613,36.111111111111114,0.9285714285475513,1.0168855534708265,3.7237503766022993e-23,0.9952537612368535,0
2475,1675.3444444444444,0.7527777777777374,0.7305555555556111,0.7402777777778056,1.0168855534708265,0.02098897904258972,0.9305464593982543,36.111111111111114,0.9285714285475513,0.9868667917448786,3.2526226069373184e-24,0.9972190424833474,0
2476,1676.075,0.7305555555556111,0.7305555555556111,0.7402777777778056,0.9868667917448786,0.020333985650058523,0.9015073250452975,38.888888888888886,0.9999999999742858,0.9868667917448786,9.061995472515681e-24,0.9977904421715199,0
2477,1676.8055555555557,0.7305555555556111,0.7333333333331211,0.7402777777778056,0.9868667917448786,0.020505783286634317,0.9091239738648614,36.111111111111114,0.9285714285475513,0.9906191369602765,1.0864504775622242e-23,0.9946890999412732,0
2478,1677.5388888888888,0.7333333333331211,0.7527777777779647,0.7402777777778056,0.9906191369602765,0.021556871950844058,0.9557239934755978,36.111111111111114,0.9285714285475513,1.0168855534711336,9.584679562185743e-23,0.9948981250933538,0
2479,1678.2916666666667,0.7527777777779647,0.7416666666665606,0.7402777777778056,1.0168855534711336,0.026127438492964918,1.1583600771357165,38.888888888888886,0.9999999999742858,1.001876172607699,2.648418546905238e-19,0.9931695370426898,0
2480,1679.0333333333333,0.7416666666665606,0.716666666666697,0.7416666666666742,0.9999999999998467,0.021293897214580828,0.9440650076219083,36.111111111111114,0.9285714285475513,0.9662921348314917,4.4883408716689194e-24,0.9984849456500031,0
2481,1679.75,0.716666666666697,0.7416666666665606,0.7388888888888232,0.9699248120302024,0.021797140838113353,0.9663763154345802,36.111111111111114,0.9285714285475513,1.0037593984961863,1.0137080357699843e-22,0.9979446716887617,0
2482,1680.4916666666666,0.7416666666665606,0.7305555555556111,0.7416666666665606,1.0,0.021186999317124658,0.9393256889636206,36.111111111111114,0.9285714285475513,0.9850187265919762,1.5172743969463773e-23,0.9951454410820737,0
2483,1681.2222222222222,0.7305555555556111,0.7444444444445253,0.7374999999998408,0.9905838041434153,0.021547459966076873,0.9553067130979652,36.111111111111114,0.9285714285475513,1.0094161958572012,1.2435190577878418e-22,0.9939997797804481,0
2484,1681.9666666666667,0.7444444444445253,0.37777777777773736,0.7374999999998408,1.0094161958572012,0.025302985167176745,1.1218079360480269,38.888888888888886,0.9999999999742858,0.5122410546139917,7.723550169295276e-21,0.9927394416475059,0
2485,1682.3444444444444,0.37777777777773736,1.0972222222221717,0.7319444444443661,0.5161290322580645,0.04431879159189985,1.9648737805192003,102.77777777777777,2.642857142789184,1.499051233396676,0.9996914863586426,0.43216342283982045,1
2486,1683.4416666666666,1.0972222222221717,0.7222222222221717,0.7374999999998408,1.4877589453863167,0.0217535428493482,0.9644433984499106,36.111111111111114,0.9285714285475513,0.9792843691150204,2.1553309583343876e-30,0.9991719389521273,0
2487,1684.1638888888888,0.7222222222221717,0.42777777777791925,0.7374999999998408,0.9792843691150204,0.019655867222095197,0.8714429421654276,36.111111111111114,0.9285714285475513,0.5800376647837445,3.589871478430796e-26,0.9970028369837417,0
2488,1684.5916666666667,0.42777777777791925,1.0444444444444798,0.7361111111110858,0.5811320754719103,0.04204718186832161,1.8641619554646758,102.77777777777777,2.642857142789184,1.4188679245283986,0.9996902942657471,0.38398710662313784,1
2489,1685.6361111111112,1.0444444444444798,0.7277777777776464,0.7361111111110858,1.4188679245283986,0.022488700040516677,0.9970365950963437,38.888888888888886,0.9999999999742858,0.9886792452828743,3.9906041227093712e-28,0.998061196651918,0
2490,1686.3638888888888,0.7277777777776464,0.7111111111112223,0.7291666666666288,0.9980952380951098,0.020883816126672304,0.9258840611525665,36.111111111111114,0.9285714285475513,0.9752380952382984,5.790337257504927e-24,0.998052649922184,0
2491,1687.075,0.7111111111112223,0.7138888888887323,0.7291666666666288,0.9752380952382984,0.020612194830413065,0.9138417300311565,36.111111111111114,0.9285714285475513,0.9790476190474551,8.683907062417733e-24,0.9982141298422413,0
2492,1687.7888888888888,0.7138888888887323,0.716666666666697,0.724999999999909,0.9846743295018232,0.02095333604931729,0.9289662271666286,36.111111111111114,0.9285714285475513,0.9885057471266026,1.1798349637752918e-23,0.9992034633566245,0
2493,1688.5055555555555,0.716666666666697,0.7250000000001364,0.7194444444444343,0.9961389961390523,0.02163503518076858,0.9591893605481842,36.111111111111114,0.9285714285475513,1.0077220077222115,2.128344955237862e-22,0.9951117444567048,0
2494,1689.2305555555556,0.7250000000001364,0.48611111111108585,0.7194444444444343,1.0077220077222115,0.020893735091768402,0.9263238185048579,36.111111111111114,0.9285714285475513,0.67567567567565,1.9625918605269298e-24,0.9935803750493866,0
2495,1689.7166666666667,0.48611111111108585,0.9555555555555202,0.7194444444444343,0.67567567567565,0.039882636242511656,1.7681968175598588,113.88888888888889,2.928571428496123,1.3281853281852978,0.99944669008255,0.40008380049254166,1
2496,1690.6722222222222,0.9555555555555202,0.7111111111112223,0.7194444444444343,1.3281853281852978,0.02109073998117308,0.9350580309669162,36.111111111111114,0.9285714285475513,0.9884169884171569,1.9925372685488962e-27,0.9955999122680834,0
2497,1691.3833333333334,0.7111111111112223,0.7388888888888232,0.7152777777777146,0.9941747572817966,0.026573493875553904,1.17813594408577,38.888888888888886,0.9999999999742858,1.0330097087378634,8.287911332056684e-18,0.9932742738988417,0
2498,1692.1222222222223,0.7388888888888232,0.7416666666665606,0.7208333333334167,1.0250481695566305,0.022704772317565555,1.0066161602564194,36.111111111111114,0.9285714285475513,1.02890173410378,2.901621503068562e-22,0.997280956753861,0
2499,1692.8638888888888,0.7416666666665606,0.7277777777778738,0.7208333333334167,1.02890173410378,0.02065631028382005,0.9157975888125351,36.111111111111114,0.9285714285475513,1.009633911368032,3.931711939475016e-24,0.9985206035933842,0
2500,1693.5916666666667,0.7277777777778738,0.7111111111109949,0.7208333333334167,1.009633911368032,0.02136395152972348,0.947170865929227,36.111111111111114,0.9285714285475513,0.9865125240845031,1.6822140104032367e-23,0.9983835446217809,0
2501,1694.3027777777777,0.7111111111109949,0.7222222222223991,0.7208333333334167,0.9865125240845031,0.019770019914806033,0.8765039021967517,36.111111111111114,0.9285714285475513,1.0019267822737326,3.574297207120196e-24,0.9980762334672989,0
2502,1695.025,0.7222222222223991,0.7194444444444343,0.7236111111112677,0.9980806142034833,0.022308361530597894,0.9890412866271913,36.111111111111114,0.9285714285475513,0.9942418426101355,9.640599702946326e-23,0.999083173401948,0
2503,1695.7444444444445,0.7194444444444343,0.7416666666665606,0.7236111111112677,0.9942418426101355,0.021937199878098276,0.9725858334630764,36.111111111111114,0.9285714285475513,1.0249520153547178,1.0503085943084701e-22,0.9992943669959462,0
2504,1696.486111111111,0.7416666666665606,0.7361111111110858,0.7250000000001364,1.0229885057467876,0.02277888439925084,1.009901919657624,38.888888888888886,0.9999999999742858,1.0153256704978584,3.1599460602778143e-22,0.9992450604841105,0
2505,1697.2222222222222,0.7361111111110858,0.7250000000001364,0.7319444444444798,1.0056925996204102,0.02628881620018868,1.1655147583509469,38.888888888888886,0.9999999999742858,0.9905123339659829,7.50631767703722e-19,0.9931335589281801,0
2506,1697.9472222222223,0.7250000000001364,0.7083333333332575,0.7263888888890051,0.9980879541109268,0.025701105207656883,1.1394585894377198,38.888888888888886,0.9999999999742858,0.9751434034414223,4.217977215612357e-19,0.9931940961900265,0
2507,1698.6555555555556,0.7083333333332575,0.7416666666665606,0.7263888888890051,0.9751434034414223,0.022149860128192915,0.9820141263961802,36.111111111111114,0.9285714285475513,1.0210325047798052,4.6405826960054155e-22,0.9977097994128935,0
2508,1699.3972222222221,0.7416666666665606,0.7416666666667879,0.7263888888890051,1.0210325047798052,0.02240883449932947,0.9934957560479613,36.111111111111114,0.9285714285475513,1.0210325047801183,7.947463755538123e-23,0.9986610519808783,0
2509,1700.138888888889,0.7416666666667879,0.7277777777776464,0.7263888888890051,1.0210325047801183,0.020955252787019506,0.9290512057393725,36.111111111111114,0.9285714285475513,1.0019120458887603,6.217885668638421e-24,0.9979043669221088,0
2510,1700.8666666666666,0.7277777777776464,0.716666666666697,0.7263888888888914,1.001912045888917,0.02591171659784471,1.148796046159676,36.111111111111114,0.9285714285475513,0.9866156787763289,3.349294108294188e-19,0.9916477848133307,0
2511,1701.5833333333333,0.716666666666697,0.7194444444444343,0.7263888888888914,0.9866156787763289,0.024700441497238598,1.095094160330016,38.888888888888886,0.9999999999742858,0.990439770554476,2.2308386451368043e-19,0.9921361718080819,0
2512,1702.3027777777777,0.7194444444444343,0.7222222222223991,0.7263888888888914,0.990439770554476,0.026162678656316163,1.159922449901375,38.888888888888886,0.9999999999742858,0.994263862332936,1.8214043527516983e-18,0.9927547350771433,0
2513,1703.025,0.7222222222223991,0.7333333333333485,0.7263888888888914,0.994263862332936,0.027378939019645214,1.2138453573713248,38.888888888888886,0.9999999999742858,1.0095602294455241,7.93999916641688e-18,0.9944167404422766,0
2514,1703.7583333333334,0.7333333333333485,0.7416666666665606,0.7263888888888914,1.0095602294455241,0.027577981442159925,1.2226699038709559,38.888888888888886,0.9999999999742858,1.021032504779965,1.2174019911901222e-17,0.9926325733511637,0
2515,1704.5,0.7416666666665606,0.7305555555556111,0.7263888888888914,1.021032504779965,0.02093954661814438,0.9283548726872597,36.111111111111114,0.9285714285475513,1.005736137667377,4.764782187546424e-24,0.9987973129679417,0
2516,1705.2305555555556,0.7305555555556111,0.7111111111109949,0.7291666666666288,1.0019047619048902,0.02144610583387216,0.9508131772915259,36.111111111111114,0.9285714285475513,0.9752380952379865,8.573770247135302e-24,0.9994240953056336,0
2517,1705.9416666666666,0.7111111111109949,0.7416666666667879,0.7291666666666288,0.9752380952379865,0.02017505655153739,0.894461202905478,36.111111111111114,0.9285714285475513,1.0171428571430763,1.4003939253295734e-23,0.9971737515134674,0
2518,1706.6833333333334,0.7416666666667879,0.7333333333333485,0.7291666666666288,1.0171428571430763,0.021121953676266236,0.9364418902482435,36.111111111111114,0.9285714285475513,1.0057142857143588,5.164748471559318e-24,0.9992819369036581,0
2519,1707.4166666666667,0.7333333333333485,0.7361111111110858,0.7291666666666288,1.0057142857143588,0.026428989697710632,1.1717293508547482,38.888888888888886,0.9999999999742858,1.0095238095238273,2.1523289169466533e-18,0.9918093164343593,0
2520,1708.1527777777778,0.7361111111110858,0.724999999999909,0.7319444444444798,1.0056925996204102,0.0251484041690656,1.11495458695512,36.111111111111114,0.9285714285475513,0.9905123339656723,2.537726529803099e-19,0.9875550781447416,0
2521,1708.8777777777777,0.724999999999909,0.7194444444444343,0.7319444444444798,0.9905123339656723,0.02084059628654758,0.9239679093891953,36.111111111111114,0.9285714285475513,0.9829222011384586,3.503214528672541e-23,0.9932986522368036,0
2522,1709.5972222222222,0.7194444444444343,0.7194444444444343,0.7319444444444798,0.9829222011384586,0.020839414148204338,0.9239154992816054,36.111111111111114,0.9285714285475513,0.9829222011384586,3.4253277671451735e-23,0.994252398479885,0
2523,1710.3166666666666,0.7194444444444343,0.7416666666667879,0.7319444444444798,0.9829222011384586,0.02174063430375842,0.9638710980359563,36.111111111111114,0.9285714285475513,1.0132827324479345,6.609043216239256e-23,0.9988862226241659,0
2524,1711.0583333333334,0.7416666666667879,0.3861111111109494,0.7319444444444798,1.0132827324479345,0.021492064417837294,0.9528507512726584,36.111111111111114,0.9285714285475513,0.5275142314988048,2.3427662653773144e-25,0.9990476338572098,0
2525,1711.4444444444443,0.3861111111109494,1.0722222222223081,0.7277777777777601,0.5305343511448289,0.046025292393717866,2.040531499547353,100.0,2.5714285713624494,1.4732824427482454,0.9996411800384521,0.38441413484568243,1
2526,1712.5166666666667,1.0722222222223081,0.7111111111112223,0.7291666666666288,1.4704761904763848,0.020950069463269463,0.9288214030627521,36.111111111111114,0.9285714285475513,0.9752380952382984,3.784051732246158e-30,0.9973792993733888,0
2527,1713.2277777777779,0.7111111111112223,0.7416666666665606,0.7291666666666288,0.9752380952382984,0.02077113862187001,0.9208885035823365,36.111111111111114,0.9285714285475513,1.0171428571427645,6.86144715147377e-23,0.9955304933062303,0
2528,1713.9694444444444,0.7416666666665606,0.7222222222221717,0.7291666666666288,1.0171428571427645,0.021488488039368852,0.9526921925207285,36.111111111111114,0.9285714285475513,0.9904761904761726,7.406462788965372e-24,0.9992641105956664,0
2529,1714.6916666666666,0.7222222222221717,0.7222222222221717,0.7236111111110404,0.9980806142034826,0.02005894398320718,0.8893133517817018,36.111111111111114,0.9285714285475513,0.9980806142034826,1.3121203111492517e-23,0.9937943166618886,0
2530,1715.4138888888888,0.7222222222221717,0.7111111111112223,0.7222222222221717,1.0,0.020998971142429337,0.9309894591796558,36.111111111111114,0.9285714285475513,0.9846153846156074,8.895369116671278e-24,0.9989377536087781,0
2531,1716.125,0.7111111111112223,0.7305555555556111,0.720833333333303,0.9865125240849741,0.019971864819444213,0.8854526967511466,36.111111111111114,0.9285714285475513,1.0134874759153414,2.656994284855461e-23,0.9940255941042433,0
2532,1716.8555555555556,0.7305555555556111,0.7305555555556111,0.7222222222221717,1.0115384615386092,0.020886437818003593,0.9260002938469255,36.111111111111114,0.9285714285475513,1.0115384615386092,6.994744449616948e-24,0.9994118071171307,0
2533,1717.5861111111112,0.7305555555556111,0.7305555555553838,0.7263888888888914,1.005736137667377,0.020895072055277162,0.9263830927867034,36.111111111111114,0.9285714285475513,1.005736137667064,7.276714102718241e-24,0.9987720717626685,0
2534,1718.3166666666666,0.7305555555553838,0.7388888888890506,0.7263888888887777,1.0057361376672214,0.020319377711360755,0.900859682031946,36.111111111111114,0.9285714285475513,1.0172084130022903,4.33393397124639e-24,0.9982461343710183,0
2535,1719.0555555555557,0.7388888888890506,0.7361111111110858,0.7305555555554974,1.0114068441067656,0.020383968866398875,0.9037233311168874,36.111111111111114,0.9285714285475513,1.0076045627376882,1.0104643974998965e-23,0.994124719114921,0
2536,1719.7916666666667,0.7361111111110858,0.7361111111110858,0.7305555555554974,1.0076045627376882,0.020968061918015226,0.9296190986069508,36.111111111111114,0.9285714285475513,1.0076045627376882,1.8009352100562834e-23,0.9956445573522716,0
2537,1720.5277777777778,0.7361111111110858,0.75,0.7305555555556111,1.0076045627375314,0.020509193938646905,0.9092751851337904,36.111111111111114,0.9285714285475513,1.026615969581671,5.935411538988239e-24,0.9980303467935312,0
2538,1721.2777777777778,0.75,0.7416666666665606,0.7305555555556111,1.026615969581671,0.021063350792096005,0.9338437311732127,38.888888888888886,0.9999999999742858,1.0152091254750626,1.8837747558909902e-23,0.9979071395572618,0
2539,1722.0194444444444,0.7416666666665606,0.7305555555556111,0.7333333333333485,1.0113636363634708,0.02571364981855059,1.1400147548056485,38.888888888888886,0.9999999999742858,0.9962121212121764,1.945668128959148e-19,0.9936038461224672,0
2540,1722.75,0.7305555555556111,0.7305555555556111,0.7333333333333485,0.9962121212121764,0.02058571700261004,0.9126678354427316,36.111111111111114,0.9285714285475513,0.9962121212121764,1.5867332841067253e-23,0.9942045175676955,0
2541,1723.4805555555556,0.7305555555556111,0.7444444444442979,0.7333333333333485,0.9962121212121764,0.021812082501653878,0.9670387541400047,36.111111111111114,0.9285714285475513,1.0151515151512944,4.0792224600919224e-23,0.9989144624805921,0
2542,1724.225,0.7444444444442979,0.7361111111113132,0.7361111111110858,1.0113207547168168,0.025822974144350936,1.1448616491730774,38.888888888888886,0.9999999999742858,1.0000000000003089,2.2001181911623505e-19,0.9934889062033225,0
2543,1724.9611111111112,0.7361111111113132,0.7416666666665606,0.7361111111111995,1.0000000000001545,0.0202526936312537,0.8979032431067397,36.111111111111114,0.9285714285475513,1.0075471698110556,7.571523255912911e-24,0.9945712610245485,0
2544,1725.7027777777778,0.7416666666665606,0.724999999999909,0.7375000000001819,1.0056497175137324,0.021032185112217872,0.9324620006466118,36.111111111111114,0.9285714285475513,0.9830508474572613,4.9006417847958495e-24,0.9975663865723752,0
2545,1726.4277777777777,0.724999999999909,0.7333333333333485,0.7361111111111995,0.9849056603771166,0.026218288279704786,1.1623879027491646,38.888888888888886,0.9999999999742858,0.9962264150942406,1.1799683875183718e-18,0.9935942158028664,0
2546,1727.161111111111,0.7333333333333485,0.7388888888890506,0.7361111111111995,0.9962264150942406,0.025899994498631448,1.148276346849982,38.888888888888886,0.9999999999742858,1.0037735849057594,4.725947537311464e-19,0.9936066115192147,0
2547,1727.9,0.7388888888890506,0.7555555555554747,0.7375000000001819,1.0018832391713468,0.020896238860104423,0.9264348230828086,36.111111111111114,0.9285714285475513,1.0244821092275096,8.21852803771346e-24,0.9983529159972087,0
2548,1728.6555555555556,0.7555555555554747,0.7388888888888232,0.7375000000001819,1.0244821092275096,0.019912350173970465,0.8828141147355296,36.111111111111114,0.9285714285475513,1.0018832391710386,5.454434762035483e-25,0.997475198544016,0
2549,1729.3944444444444,0.7388888888888232,0.7305555555556111,0.7375000000000682,1.001883239171193,0.020367564956843057,0.9029960637292511,33.333333333333336,0.8571428571208165,0.9905838041431099,5.3885446618888325e-25,0.9978567530837121,0
2550,1730.125,0.7305555555556111,0.7416666666665606,0.7375000000000682,0.9905838041431099,0.0208802988482218,0.9257281226001389,36.111111111111114,0.9285714285475513,1.0056497175138874,6.16359310569749e-24,0.999192495816308,0
2551,1730.8666666666666,0.7416666666665606,0.7361111111113132,0.7388888888889369,1.0037593984960318,0.021296520125496703,0.9441812943865542,36.111111111111114,0.9285714285475513,0.9962406015039682,5.2484233422065635e-24,0.999340638172644,0
2552,1731.6027777777779,0.7361111111113132,0.7555555555554747,0.7375000000000682,0.998116760828807,0.020795794726268288,0.9219816320572288,36.111111111111114,0.9285714285475513,1.0244821092276675,1.972703519053098e-23,0.9957512870395395,0
2553,1732.3583333333333,0.7555555555554747,0.7555555555554747,0.7388888888889369,1.0225563909772677,0.02035929397270472,0.9026293696184966,36.111111111111114,0.9285714285475513,1.0225563909772677,1.7578942885356555e-24,0.9975689351814415,0
2554,1733.1138888888888,0.7555555555554747,0.7416666666667879,0.7388888888889369,1.0225563909772677,0.026519568673011258,1.1757451700420887,38.888888888888886,0.9999999999742858,1.0037593984963395,3.1288481486033335e-19,0.9941445500812507,0
2555,1733.8555555555556,0.7416666666667879,0.724999999999909,0.7402777777778056,1.001876172608006,0.026866604501109295,1.191131004696823,38.888888888888886,0.9999999999742858,0.9793621013131611,9.682303132322277e-19,0.9939984636533532,0
2556,1734.5805555555555,0.724999999999909,0.7527777777777374,0.7402777777778056,0.9793621013131611,0.02137858242790444,0.9478195268513463,36.111111111111114,0.9285714285475513,1.0168855534708265,2.460807417626254e-23,0.9994303259162935,0
2557,1735.3333333333333,0.7527777777777374,0.7527777777779647,0.7416666666666742,1.014981273408175,0.02064834357364889,0.9154443846891813,36.111111111111114,0.9285714285475513,1.0149812734084813,1.5727335471154717e-24,0.9990602229071974,0
2558,1736.0861111111112,0.7527777777779647,0.7444444444442979,0.7416666666666742,1.0149812734084813,0.020499569501668934,0.9088484856866482,36.111111111111114,0.9285714285475513,1.003745318351852,1.1876598723094054e-24,0.9984827883473938,0
2559,1736.8305555555555,0.7444444444442979,0.7194444444444343,0.7430555555555429,1.0018691588783244,0.020700814927572468,0.9177707023492421,36.111111111111114,0.9285714285475513,0.9682242990654234,6.482198642528605e-24,0.9940371519035076,0
2560,1737.55,0.7194444444444343,0.7333333333333485,0.7430555555555429,0.9682242990654234,0.022206863043374082,0.9845413508404746,36.111111111111114,0.9285714285475513,0.9869158878505044,1.7372768171320255e-22,0.9970600830345353,0
2561,1738.2833333333333,0.7333333333333485,0.7305555555556111,0.7430555555555429,0.9869158878505044,0.022058208001168055,0.9779507290233854,36.111111111111114,0.9285714285475513,0.9831775700935494,4.663632706784994e-23,0.9976773119582714,0
2562,1739.013888888889,0.7305555555556111,0.7388888888888232,0.7430555555555429,0.9831775700935494,0.021340625935280678,0.9461367256178728,36.111111111111114,0.9285714285475513,0.9943925233644145,1.029317620932045e-23,0.9994468790761841,0
2563,1739.7527777777777,0.7388888888888232,0.7333333333333485,0.7402777777778056,0.9981238273919939,0.02152067966757293,0.954119408469955,36.111111111111114,0.9285714285475513,0.9906191369605837,8.400789616699344e-24,0.9992695622616588,0
2564,1740.486111111111,0.7333333333333485,0.7305555555556111,0.7361111111110858,0.9962264150943944,0.026658135449223363,1.1818885285509881,38.888888888888886,0.9999999999742858,0.9924528301887888,2.3517733295714578e-18,0.9921749516081876,0
2565,1741.2166666666667,0.7305555555556111,0.724999999999909,0.7333333333333485,0.9962121212121764,0.02117895572429072,0.9389690762471433,38.888888888888886,0.9999999999742858,0.9886363636362192,2.232179118986376e-23,0.9993974244804837,0
2566,1741.9416666666666,0.724999999999909,0.7583333333334394,0.7333333333333485,0.9886363636362192,0.022222836298128067,0.9852495251459624,36.111111111111114,0.9285714285475513,1.0340909090910324,6.72186231637162e-22,0.9949273142563606,0
2567,1742.7,0.7583333333334394,0.7222222222221717,0.7333333333333485,1.0340909090910324,0.02118043398677678,0.9390346150196426,36.111111111111114,0.9285714285475513,0.9848484848483956,1.2923593454734653e-23,0.9936691788054115,0
2568,1743.4222222222222,0.7222222222221717,0.7305555555556111,0.7319444444444798,0.9867172675520655,0.027280985162476644,1.2095025727705275,38.888888888888886,0.9999999999742858,0.9981024667931966,9.762640360979499e-18,0.9930210865809347,0
2569,1744.1527777777778,0.7305555555556111,0.7222222222221717,0.7305555555556111,1.0,0.02058692217622783,0.9127212668192992,33.333333333333336,0.8571428571208165,0.9885931558933917,1.8080520370418705e-24,0.9969409112234275,0
2570,1744.875,0.7222222222221717,0.7361111111110858,0.7305555555556111,0.9885931558933917,0.02098793277612635,0.9305000731709347,36.111111111111114,0.9285714285475513,1.0076045627375314,5.08547449813012e-23,0.9949616900097138,0
2571,1745.611111111111,0.7361111111110858,0.7388888888888232,0.7305555555556111,1.0076045627375314,0.020628765371345722,0.9145763850214688,33.333333333333336,0.8571428571208165,1.011406844106297,1.925579295714865e-24,0.9973055731622272,0
2572,1746.35,0.7388888888888232,0.7416666666667879,0.7319444444444798,1.009487666034017,0.026704438761252048,1.1839413860520258,38.888888888888886,0.9999999999742858,1.0132827324479345,1.721276827939145e-18,0.9930291910852302,0
2573,1747.0916666666667,0.7416666666667879,0.7277777777776464,0.7319444444444798,1.0132827324479345,0.021901649160886764,0.9710096922909348,36.111111111111114,0.9285714285475513,0.9943074003792791,1.7005703303511866e-23,0.9989525340550469,0
2574,1747.8194444444443,0.7277777777776464,0.7305555555556111,0.7305555555556111,0.9961977186309231,0.021215102014421807,0.940571622146761,36.111111111111114,0.9285714285475513,1.0,1.3229864756882185e-23,0.998587264913023,0
2575,1748.55,0.7305555555556111,0.7305555555556111,0.7305555555556111,1.0,0.020886401956879744,0.9259987039438741,36.111111111111114,0.9285714285475513,1.0,1.9323796317052776e-23,0.9953869002154652,0
2576,1749.2805555555556,0.7305555555556111,0.7555555555554747,0.7305555555556111,1.0,0.027211801193943265,1.2064353012831806,38.888888888888886,0.9999999999742858,1.0342205323192022,7.286875552718486e-18,0.9933528572489743,0
2577,1750.036111111111,0.7555555555554747,0.7222222222223991,0.7305555555556111,1.0342205323192022,0.025970065630889893,1.1513829507441882,38.888888888888886,0.9999999999742858,0.988593155893703,1.1927888856817253e-19,0.9937100128977963,0
2578,1750.7583333333334,0.7222222222223991,0.7166666666664696,0.7305555555556111,0.988593155893703,0.021988994976371155,0.9748821693264936,36.111111111111114,0.9285714285475513,0.9809885931555492,5.317428003257685e-23,0.99841131714529,0
2579,1751.475,0.7166666666664696,0.7305555555556111,0.7305555555556111,0.9809885931555492,0.025796668261165945,1.1436953777498955,38.888888888888886,0.9999999999742858,1.0,1.4720951824548693e-18,0.9923359748214438,0
2580,1752.2055555555555,0.7305555555556111,0.7305555555556111,0.7305555555556111,1.0,0.021430052648945104,0.9501014592815349,36.111111111111114,0.9285714285475513,1.0,1.4936601612929484e-23,0.9988829703779423,0
2581,1752.9361111111111,0.7305555555556111,0.7388888888888232,0.7305555555556111,1.0,0.02129140922856153,0.943954702753025,36.111111111111114,0.9285714285475513,1.011406844106297,1.9092256175039546e-23,0.9982199288784894,0
2582,1753.675,0.7388888888888232,0.7361111111110858,0.7305555555556111,1.011406844106297,0.02121690571867329,0.9406515893810706,36.111111111111114,0.9285714285475513,1.0076045627375314,2.1232268572392244e-23,0.9960291050385838,0
2583,1754.411111111111,0.7361111111110858,0.7277777777778738,0.7305555555556111,1.0076045627375314,0.020547203932077568,0.9109603583257252,36.111111111111114,0.9285714285475513,0.9961977186312343,3.476586923247258e-24,0.9977170266580453,0
2584,1755.138888888889,0.7277777777778738,0.7222222222221717,0.7305555555556111,0.9961977186312343,0.021087500306541433,0.9349143999807703,36.111111111111114,0.9285714285475513,0.9885931558933917,7.988218518712375e-24,0.9987377693407493,0
2585,1755.861111111111,0.7222222222221717,0.7444444444445253,0.7305555555556111,0.9885931558933917,0.021543256354566623,0.9551203459669289,36.111111111111114,0.9285714285475513,1.0190114068441396,1.376670826871224e-22,0.9956355115620446,0
2586,1756.6055555555556,0.7444444444445253,0.7472222222222626,0.7305555555556111,1.0190114068441396,0.0211944394659528,0.9396555479879863,36.111111111111114,0.9285714285475513,1.0228136882129053,7.226782362861372e-24,0.9992507723407593,0
2587,1757.3527777777779,0.7472222222222626,0.7305555555553838,0.7305555555556111,1.0228136882129053,0.0201005011491355,0.8911557888787494,33.333333333333336,0.8571428571208165,0.9999999999996888,3.48302304215773e-25,0.9976573842402952,0
2588,1758.0833333333333,0.7305555555553838,0.716666666666697,0.7305555555556111,0.9999999999996888,0.020153978179132875,0.8935266931910656,36.111111111111114,0.9285714285475513,0.9809885931558604,2.0307084219709537e-24,0.9972950007379104,0
2589,1758.8,0.716666666666697,0.7333333333333485,0.7305555555556111,0.9809885931558604,0.021712108090578133,0.9626063882746528,36.111111111111114,0.9285714285475513,1.0038022813687657,4.98433558810482e-23,0.999396618772162,0
2590,1759.5333333333333,0.7333333333333485,0.7222222222221717,0.7319444444444798,1.0018975332068034,0.022828162553197178,1.0120866667855049,36.111111111111114,0.9285714285475513,0.9867172675520655,9.502045435730756e-22,0.9929196178130089,0
2591,1760.2555555555555,0.7222222222221717,0.7361111111110858,0.7319444444443661,0.9867172675522187,0.027058065320448632,1.1996194207931081,38.888888888888886,0.9999999999742858,1.0056925996205663,7.698118320416575e-18,0.9928999788243691,0
2592,1760.9916666666666,0.7361111111110858,0.7388888888890506,0.7319444444443661,1.0056925996205663,0.020564537239875093,0.9117288305876641,36.111111111111114,0.9285714285475513,1.0094876660344845,3.9556317798431275e-24,0.9981646468073435,0
2593,1761.7305555555556,0.7388888888890506,0.7194444444444343,0.7319444444443661,1.0094876660344845,0.021332781927305023,0.9457889614967869,36.111111111111114,0.9285714285475513,0.9829222011386113,5.748608487770998e-24,0.9991578565111987,0
2594,1762.45,0.7194444444444343,0.716666666666697,0.7319444444443661,0.9829222011386113,0.020429485943020187,0.9057413308683844,36.111111111111114,0.9285714285475513,0.9791271347250039,1.4207332838210678e-23,0.9944925479976408,0
2595,1763.1666666666667,0.716666666666697,0.7333333333333485,0.7319444444443661,0.9791271347250039,0.02175460657120737,0.9644905585622641,36.111111111111114,0.9285714285475513,1.001897533206959,1.5973254456988727e-22,0.9960891551414368,0
2596,1763.9,0.7333333333333485,0.7472222222220353,0.7319444444443661,1.001897533206959,0.022022718337226726,0.9763772946481915,36.111111111111114,0.9285714285475513,1.020872865274996,6.129528119657784e-23,0.9986565581784473,0
2597,1764.6472222222221,0.7472222222220353,0.7194444444444343,0.7319444444443661,1.020872865274996,0.02052107078000277,0.9098017449369189,36.111111111111114,0.9285714285475513,0.9829222011386113,5.1641576147413076e-24,0.9943297686729624,0
2598,1765.3666666666666,0.7194444444444343,0.7111111111112223,0.7277777777777601,0.9885496183206208,0.020629585186413855,0.9146127315253871,33.333333333333336,0.8571428571208165,0.9770992366413979,3.2951844137871603e-24,0.9965894773911306,0
2599,1766.0777777777778,0.7111111111112223,0.7305555555556111,0.7277777777777601,0.9770992366413979,0.020003352104725654,0.8868486856544302,33.333333333333336,0.8571428571208165,1.0038167938932305,1.9373088685145963e-24,0.9975231746865196,0
2600,1766.8083333333334,0.7305555555556111,0.7305555555553838,0.7263888888888914,1.005736137667377,0.021981840899078408,0.974564993284652,36.111111111111114,0.9285714285475513,1.005736137667064,2.2591385981944853e-22,0.9942628326704044,0
2601,1767.5388888888888,0.7305555555553838,0.75,0.7305555555554974,0.9999999999998443,0.022259402762380635,0.9868706994667283,36.111111111111114,0.9285714285475513,1.0266159695818307,9.425792878454644e-23,0.9994460258399256,0
2602,1768.2888888888888,0.75,0.7361111111113132,0.7305555555554974,1.0266159695818307,0.026196363927325973,1.1614158865096273,38.888888888888886,0.9999999999742858,1.0076045627379995,3.550660371674683e-19,0.9931308763755391,0
2603,1769.025,0.7361111111113132,0.7388888888888232,0.7305555555554974,1.0076045627379995,0.020692823252425496,0.9174163914035983,36.111111111111114,0.9285714285475513,1.0114068441064543,5.472381347629261e-24,0.9980217859360261,0
2604,1769.763888888889,0.7388888888888232,0.7277777777776464,0.7319444444444798,1.009487666034017,0.021465111152056644,0.9516557781398294,36.111111111111114,0.9285714285475513,0.9943074003792791,2.4109108609657576e-23,0.9961180233658788,0
2605,1770.4916666666666,0.7277777777776464,0.7555555555557021,0.7319444444444798,0.9943074003792791,0.020967190432631726,0.9295804612994196,36.111111111111114,0.9285714285475513,1.0322580645162793,2.4069411551185045e-23,0.9979610776592055,0
2606,1771.2472222222223,0.7555555555557021,0.7333333333333485,0.7333333333334622,1.0303030303030491,0.027379316078584456,1.2138620742807171,38.888888888888886,0.9999999999742858,0.999999999999845,1.4782402038279492e-18,0.9934917033281945,0
2607,1771.9805555555556,0.7333333333333485,0.7333333333333485,0.7319444444444798,1.0018975332068034,0.019999476839456378,0.886676875755138,33.333333333333336,0.8571428571208165,1.0018975332068034,6.389858627875573e-25,0.99724158781952,0
2608,1772.713888888889,0.7333333333333485,0.7138888888887323,0.7333333333333485,1.0,0.019836460079593665,0.8794495271354166,36.111111111111114,0.9285714285475513,0.9734848484846148,3.1972031561932793e-24,0.9935948120455594,0
2609,1773.4277777777777,0.7138888888887323,0.7333333333333485,0.7333333333333485,0.9734848484846148,0.02622540088040529,1.1627032399261439,38.888888888888886,0.9999999999742858,1.0,2.826518546100089e-18,0.9930716845682994,0
2610,1774.161111111111,0.7333333333333485,0.7250000000001364,0.7333333333333485,1.0,0.01981158996761051,0.8783469106334989,33.333333333333336,0.8571428571208165,0.9886363636365292,4.056717205099053e-25,0.996944450850727,0
2611,1774.8861111111112,0.7250000000001364,0.7333333333333485,0.7333333333333485,0.9886363636365292,0.02039640620975621,0.9042747407782151,38.888888888888886,0.9999999999742858,1.0,1.6452277935454065e-23,0.9979893035453056,0
2612,1775.6194444444445,0.7333333333333485,0.7222222222221717,0.7333333333333485,1.0,0.0258001565357495,1.1438500304157804,38.888888888888886,0.9999999999742858,0.9848484848483956,2.9874018148204143e-19,0.9937499967240925,0
2613,1776.3416666666667,0.7222222222221717,0.7194444444444343,0.7333333333333485,0.9848484848483956,0.027721423681422042,1.2290294160512611,38.888888888888886,0.9999999999742858,0.981060606060572,1.4640820563863997e-17,0.9933881523132699,0
2614,1777.0611111111111,0.7194444444444343,0.7222222222221717,0.7305555555554974,0.9847908745247793,0.02269138729786431,1.0060227353610638,38.888888888888886,0.9999999999742858,0.9885931558935456,9.082630937836559e-22,0.9979276489773911,0
2615,1777.7833333333333,0.7222222222221717,0.7527777777777374,0.7291666666667425,0.9904761904760182,0.022471280178111258,0.9962642854355606,36.111111111111114,0.9285714285475513,1.0323809523807896,3.0718629875605396e-22,0.9987692578639075,0
2616,1778.536111111111,0.7527777777777374,0.7416666666667879,0.7291666666667425,1.0323809523807896,0.021742257996980745,0.9639430844806575,36.111111111111114,0.9285714285475513,1.0171428571429177,1.1853520991742266e-23,0.9990930454924147,0
2617,1779.2777777777778,0.7416666666667879,0.7277777777776464,0.7291666666667425,1.0171428571429177,0.019865608491750567,0.8807418220905284,33.333333333333336,0.8571428571208165,0.9980952380949542,2.903964625060904e-25,0.9977655500617095,0
2618,1780.0055555555555,0.7277777777776464,0.7361111111110858,0.7263888888888914,1.001912045888917,0.026661834086635066,1.182052507653596,38.888888888888886,0.9999999999742858,1.013384321223671,3.452781123767049e-18,0.9925805256036397,0
2619,1780.7416666666666,0.7361111111110858,0.7472222222222626,0.7305555555554974,1.0076045627376882,0.026959970460007143,1.1952703848117119,38.888888888888886,0.9999999999742858,1.0228136882130645,3.966523356684186e-18,0.9925891754911589,0
2620,1781.4888888888888,0.7472222222222626,0.7527777777777374,0.7305555555554974,1.0228136882130645,0.020411313689689937,0.9049356639533125,36.111111111111114,0.9285714285475513,1.030418250950597,3.4636141056608985e-24,0.9979056172243785,0
2621,1782.2416666666666,0.7527777777777374,0.75,0.7347222222222172,1.0245746691870976,0.020466353987623438,0.9073758757550545,36.111111111111114,0.9285714285475513,1.0207939508506687,2.2021951470676497e-24,0.9978315939313471,0
2622,1782.9916666666666,0.75,0.7416666666667879,0.7388888888889369,1.0150375939848966,0.020382444269987483,0.9036557381296462,36.111111111111114,0.9285714285475513,1.0037593984963395,1.0943531086170246e-24,0.998591486841687,0
2623,1783.7333333333333,0.7416666666667879,0.7361111111110858,0.7416666666667879,1.0,0.025251306148240293,1.1195167465623967,36.111111111111114,0.9285714285475513,0.9925093632956838,4.538313506075115e-20,0.9923795500714717,0
2624,1784.4694444444444,0.7361111111110858,0.7444444444445253,0.7416666666667879,0.9925093632956838,0.020401742400283394,0.9045113208039357,33.333333333333336,0.8571428571208165,1.0037453183520049,8.52107532474267e-25,0.9975961750515204,0
2625,1785.213888888889,0.7444444444445253,0.7638888888889142,0.7430555555556566,1.0018691588784772,0.02136261793813401,0.9471117411414348,36.111111111111114,0.9285714285475513,1.0280373831774643,1.0275090784207353e-23,0.9994561716155355,0
2626,1785.9777777777779,0.7638888888889142,0.7333333333333485,0.7430555555556566,1.0280373831774643,0.02075218491446758,0.9200481908982365,36.111111111111114,0.9285714285475513,0.9869158878503534,1.6064654366379485e-24,0.9966231395390603,0
2627,1786.7111111111112,0.7333333333333485,0.7222222222221717,0.7430555555556566,0.9869158878503534,0.025860986133158397,1.1465469108300497,38.888888888888886,0.9999999999742858,0.9719626168222297,6.192620964441355e-19,0.9915876429376606,0
2628,1787.4333333333334,0.7222222222221717,0.7305555555553838,0.7430555555556566,0.9719626168222297,0.019638417527551563,0.8706693098966921,33.333333333333336,0.8571428571208165,0.983177570093093,4.274299340862915e-25,0.9969234135373488,0
2629,1788.1638888888888,0.7305555555553838,0.7305555555556111,0.7430555555556566,0.983177570093093,0.021225688332813342,0.941040966609744,36.111111111111114,0.9285714285475513,0.983177570093399,3.5247826169100074e-23,0.9945515718007729,0
2630,1788.8944444444444,0.7305555555556111,0.75,0.7388888888889369,0.9887218045112892,0.026572474930583984,1.1780907691569582,38.888888888888886,0.9999999999742858,1.0150375939848966,4.0056324560456934e-18,0.9914730350366132,0
2631,1789.6444444444444,0.75,0.7416666666667879,0.7388888888889369,1.0150375939848966,0.020375983177456584,0.9033692855696492,33.333333333333336,0.8571428571208165,1.0037593984963395,5.061277333710778e-25,0.9971870247510719,0
2632,1790.3861111111112,0.7416666666667879,0.7416666666665606,0.7388888888889369,1.0037593984963395,0.020320817460811536,0.9009235133288912,33.333333333333336,0.8571428571208165,1.0037593984960318,7.119000297381025e-25,0.9970426652832309,0
2633,1791.1277777777777,0.7416666666665606,0.7305555555556111,0.7388888888888232,1.0037593984961863,0.02064329668757936,0.9152206309776046,36.111111111111114,0.9285714285475513,0.9887218045114413,7.520457134074334e-24,0.9945003928575916,0
2634,1791.8583333333333,0.7305555555556111,0.7638888888889142,0.7374999999999545,0.9905838041432626,0.020540155652277722,0.910647872816102,36.111111111111114,0.9285714285475513,1.0357815442562186,7.868904095658602e-24,0.9989575950798979,0
2635,1792.6222222222223,0.7638888888889142,0.7555555555554747,0.7374999999999545,1.0357815442562186,0.02095386031782475,0.9289894706127438,36.111111111111114,0.9285714285475513,1.0244821092278256,1.7366520392950904e-24,0.999460938676024,0
2636,1793.3777777777777,0.7555555555554747,0.7416666666667879,0.7374999999999545,1.0244821092278256,0.026888464512337125,1.192100168371206,38.888888888888886,0.9999999999742858,1.0056497175143508,1.05929162833847e-18,0.9923550608932705,0
2637,1794.1194444444445,0.7416666666667879,0.724999999999909,0.7416666666666742,1.0000000000001532,0.020395278364317745,0.9042247377467488,36.111111111111114,0.9285714285475513,0.9775280898875078,3.0477449774444275e-24,0.9953799509428969,0
2638,1794.8444444444444,0.724999999999909,0.7444444444445253,0.7416666666666742,0.9775280898875078,0.025886025237569013,1.147657019611831,38.888888888888886,0.9999999999742858,1.0037453183521587,7.92226544805951e-19,0.9935670119417339,0
2639,1795.588888888889,0.7444444444445253,0.7416666666665606,0.7416666666667879,1.0037453183520049,0.02728577342422688,1.209714860372002,38.888888888888886,0.9999999999742858,0.9999999999996935,3.554280527625521e-18,0.9924623694936336,0
2640,1796.3305555555555,0.7416666666665606,0.7416666666667879,0.7416666666667879,0.9999999999996935,0.022763543432428424,1.0092217778397978,36.111111111111114,0.9285714285475513,1.0,1.163899011079523e-22,0.9981632568127827,0
2641,1797.0722222222223,0.7416666666667879,0.7333333333333485,0.7416666666667879,1.0,0.021140227119823864,0.9372520434324008,38.888888888888886,0.9999999999742858,0.988764044943679,1.6742883248884812e-23,0.9984860078021032,0
2642,1797.8055555555557,0.7333333333333485,0.7305555555553838,0.7416666666666742,0.9887640449438305,0.02698258815547974,1.1962731404197415,38.888888888888886,0.9999999999742858,0.9850187265915186,3.35932770572688e-18,0.9925196949537692,0
2643,1798.536111111111,0.7305555555553838,0.7305555555556111,0.7416666666666742,0.9850187265915186,0.02137732003570227,0.9477635586886396,38.888888888888886,0.9999999999742858,0.9850187265918252,4.005988715727911e-23,0.9987496010134902,0
2644,1799.2666666666667,0.7305555555556111,0.7555555555554747,0.7416666666666742,0.9850187265918252,0.02107637024595927,0.9344209487058607,36.111111111111114,0.9285714285475513,1.0187265917601802,1.684924220929214e-23,0.9981944295169942,0
2645,1800.0222222222221,0.7555555555554747,0.7333333333333485,0.7416666666666742,1.0187265917601802,0.023099384856734413,1.0241113085631866,38.888888888888886,0.9999999999742858,0.9887640449438305,1.9210985736618188e-22,0.9990854738260738,0
2646,1800.7555555555555,0.7333333333333485,0.7277777777778738,0.7374999999999545,0.9943502824859576,0.02186764115249158,0.9695019471195708,36.111111111111114,0.9285714285475513,0.9868173258005677,1.896363398216507e-23,0.9993839532321673,0
2647,1801.4833333333333,0.7277777777778738,0.724999999999909,0.7333333333333485,0.9924242424243528,0.02094483087870611,0.9285891503977799,36.111111111111114,0.9285714285475513,0.9886363636362192,2.1250906200138996e-23,0.9951674563987882,0
2648,1802.2083333333333,0.724999999999909,0.7388888888890506,0.7333333333333485,0.9886363636362192,0.020780724097851224,0.9213134756935512,36.111111111111114,0.9285714285475513,1.0075757575759572,1.2778585043136927e-23,0.997506899642076,0
2649,1802.9472222222223,0.7388888888890506,0.7388888888888232,0.7333333333333485,1.0075757575759572,0.022091653258530467,0.9794335246257396,36.111111111111114,0.9285714285475513,1.0075757575756472,9.059960842468935e-23,0.9961735661957583,0
2650,1803.6861111111111,0.7388888888888232,0.75,0.7333333333333485,1.0075757575756472,0.021901412310065035,0.9709991915089236,36.111111111111114,0.9285714285475513,1.0227272727272516,2.899562071234956e-23,0.9994263872262392,0
2651,1804.4361111111111,0.75,0.724999999999909,0.7333333333333485,1.0227272727272516,0.020516759330343522,0.909610596801169,36.111111111111114,0.9285714285475513,0.9886363636362192,7.25661708229683e-24,0.993149948156768,0
2652,1805.161111111111,0.724999999999909,,0.7319444444444798,0.9905123339656723,0.02077551670532369,0.9210826059275963,36.111111111111114,0.9285714285475513,,7.62270297372184e-24,0.9985021249551669,0
