beat_index,peak_time_s,rr_prev_s,rr_next_s,rr_baseline_s,prematurity_index,qrs_width_ms,is_pvc_candidate
0,0.19166666666666668,nan,0.06388888888888886,0.13888888888891415,nan,30.555555555555557,0
1,0.25555555555555554,0.06388888888888886,0.0,0.13888888888891415,0.4599999999999161,30.555555555555557,0
2,0.25555555555555554,0.0,0.0,0.13888888888891415,0.0,30.555555555555557,0
3,0.25555555555555554,0.0,0.9055555555555557,0.13888888888891415,0.0,30.555555555555557,0
4,1.1611111111111112,0.9055555555555557,0.016666666666666607,0.13888888888891415,6.519999999998815,113.88888888888889,0
5,1.1777777777777778,0.016666666666666607,1.5111111111111113,0.13888888888891415,0.11999999999997775,113.88888888888889,1
6,2.688888888888889,1.5111111111111113,0.0,0.13888888888891415,10.879999999998022,nan,0
7,2.688888888888889,0.0,0.0,0.13888888888891415,0.0,nan,0
8,2.688888888888889,0.0,1.1944444444444442,0.13888888888891415,0.0,nan,0
9,3.8833333333333333,1.1944444444444442,0.0,0.13888888888891415,8.599999999998435,133.33333333333334,0
10,3.8833333333333333,0.0,0.0,0.13888888888891415,0.0,133.33333333333334,1
11,3.8833333333333333,0.0,0.0,0.13888888888891415,0.0,133.33333333333334,1
12,3.8833333333333333,0.0,0.8611111111111112,0.13888888888891415,0.0,133.33333333333334,1
13,4.7444444444444445,0.8611111111111112,0.005555555555555536,0.13888888888891415,6.199999999998872,111.11111111111111,0
14,4.75,0.005555555555555536,0.2999999999999998,0.13888888888891415,0.03999999999999258,116.66666666666667,1
15,5.05,0.2999999999999998,1.5166666666666666,0.13888888888891415,2.159999999999606,nan,0
16,6.566666666666666,1.5166666666666666,0.0,0.13888888888891415,10.919999999998014,nan,0
17,6.566666666666666,0.0,2.211111111111112,0.13888888888891415,0.0,nan,0
18,8.777777777777779,2.211111111111112,0.09444444444444322,0.13888888888891415,15.919999999997112,152.77777777777777,0
19,8.872222222222222,0.09444444444444322,1.4666666666666668,0.13888888888891415,0.6799999999998675,94.44444444444444,0
20,10.338888888888889,1.4666666666666668,0.0,0.13888888888891415,10.55999999999808,nan,0
21,10.338888888888889,0.0,0.0,0.13888888888891415,0.0,nan,0
22,10.338888888888889,0.0,1.1111111111111107,0.13888888888891415,0.0,nan,0
23,11.45,1.1111111111111107,0.0,0.13888888888891415,7.999999999998542,175.0,0
24,11.45,0.0,0.08333333333333393,0.13888888888891415,0.0,175.0,1
25,11.533333333333333,0.08333333333333393,0.9388888888888882,0.13888888888891415,0.5999999999998952,144.44444444444446,1
26,12.472222222222221,0.9388888888888882,0.0,0.13888888888891415,6.759999999998765,141.66666666666666,0
27,12.472222222222221,0.0,0.094444444444445,0.13888888888891415,0.0,141.66666666666666,1
28,12.566666666666666,0.094444444444445,1.6166666666666671,0.13888888888891415,0.6799999999998803,83.33333333333333,0
29,14.183333333333334,1.6166666666666671,0.033333333333333215,0.13888888888891415,11.639999999997887,nan,0
30,14.216666666666667,0.033333333333333215,1.0500000000000007,0.13888888888891415,0.2399999999999555,nan,0
31,15.266666666666667,1.0500000000000007,0.0,0.13888888888891415,7.55999999999863,147.22222222222223,0
32,15.266666666666667,0.0,0.07222222222222108,0.13888888888891415,0.0,147.22222222222223,1
33,15.338888888888889,0.07222222222222108,0.9444444444444464,0.13888888888891415,0.5199999999998972,127.77777777777777,1
34,16.283333333333335,0.9444444444444464,0.0,0.13888888888891415,6.799999999998778,136.11111111111111,0
35,16.283333333333335,0.0,0.08888888888888857,0.13888888888891415,0.0,136.11111111111111,1
36,16.372222222222224,0.08888888888888857,1.4111111111111114,0.13888888888891415,0.6399999999998813,105.55555555555556,1
37,17.783333333333335,1.4111111111111114,0.0,0.13888888888891415,10.159999999998155,nan,0
38,17.783333333333335,0.0,0.0,0.13888888888891415,0.0,nan,0
39,17.783333333333335,0.0,1.18333333333333,0.13888888888891415,0.0,nan,0
40,18.966666666666665,1.18333333333333,0.07777777777777928,0.13888888888891415,8.519999999998426,158.33333333333334,0
41,19.044444444444444,0.07777777777777928,0.9888888888888907,0.13888888888891415,0.5599999999999089,150.0,1
42,20.033333333333335,0.9888888888888907,0.0,0.13888888888891415,7.119999999998718,136.11111111111111,0
43,20.033333333333335,0.0,0.0722222222222193,0.13888888888891415,0.0,136.11111111111111,1
44,20.105555555555554,0.0722222222222193,1.4833333333333343,0.13888888888891415,0.5199999999998843,100.0,1
45,21.58888888888889,1.4833333333333343,0.0,0.13888888888891415,10.679999999998063,nan,0
46,21.58888888888889,0.0,1.1833333333333336,0.13888888888891415,0.0,nan,0
47,22.772222222222222,1.1833333333333336,0.0,0.13888888888891415,8.519999999998452,138.88888888888889,0
48,22.772222222222222,0.0,0.0,0.13888888888891415,0.0,138.88888888888889,1
49,22.772222222222222,0.0,0.0,0.13888888888891415,0.0,138.88888888888889,1
50,22.772222222222222,0.0,0.9277777777777771,0.13888888888891415,0.0,138.88888888888889,1
51,23.7,0.9277777777777771,0.0,0.13888888888891415,6.67999999999878,147.22222222222223,0
52,23.7,0.0,0.0833333333333357,0.13888888888891415,0.0,147.22222222222223,1
53,23.783333333333335,0.0833333333333357,1.5777777777777757,0.13888888888891415,0.5999999999999079,88.88888888888889,0
54,25.36111111111111,1.5777777777777757,1.1222222222222236,0.13888888888891415,11.35999999999792,nan,0
55,26.483333333333334,1.1222222222222236,0.0,0.13888888888891415,8.07999999999854,144.44444444444446,0
56,26.483333333333334,0.0,0.0,0.13888888888891415,0.0,144.44444444444446,1
57,26.483333333333334,0.0,0.9888888888888872,0.13888888888891415,0.0,144.44444444444446,1
58,27.47222222222222,0.9888888888888872,0.0,0.13888888888891415,7.119999999998693,158.33333333333334,0
59,27.47222222222222,0.0,0.07777777777777928,0.13888888888891415,0.0,158.33333333333334,1
60,27.55,0.07777777777777928,1.3222222222222229,0.13888888888891415,0.5599999999999089,105.55555555555556,1
61,28.872222222222224,1.3222222222222229,0.0,0.13888888888891415,9.519999999998273,19.444444444444443,0
62,28.872222222222224,0.0,1.216666666666665,0.13888888888891415,0.0,19.444444444444443,0
63,30.08888888888889,1.216666666666665,0.0,0.13888888888891415,8.759999999998394,144.44444444444446,0
64,30.08888888888889,0.0,0.0,0.13888888888891415,0.0,144.44444444444446,1
65,30.08888888888889,0.0,0.8500000000000014,0.13888888888891415,0.0,144.44444444444446,1
66,30.93888888888889,0.8500000000000014,0.0,0.13888888888891415,6.119999999998897,130.55555555555554,0
67,30.93888888888889,0.0,0.06666666666666643,0.13888888888891415,0.0,130.55555555555554,1
68,31.005555555555556,0.06666666666666643,1.7666666666666693,0.13888888888891415,0.479999999999911,111.11111111111111,1
69,32.772222222222226,1.7666666666666693,0.0,0.13888888888891415,12.719999999997706,nan,0
70,32.772222222222226,0.0,0.0,0.13888888888891415,0.0,nan,0
71,32.772222222222226,0.0,1.1499999999999986,0.13888888888891415,0.0,nan,0
72,33.922222222222224,1.1499999999999986,1.1111111111111072,0.13888888888891415,8.279999999998484,163.88888888888889,0
73,35.03333333333333,1.1111111111111072,0.01666666666666572,0.13888888888891415,7.999999999998517,150.0,0
74,35.05,0.01666666666666572,0.30000000000000426,0.13888888888891415,0.11999999999997135,155.55555555555554,1
75,35.35,0.30000000000000426,1.1999999999999957,0.13888888888891415,2.1599999999996378,nan,0
76,36.55,1.1999999999999957,0.0,0.13888888888891415,8.639999999998398,13.88888888888889,0
77,36.55,0.0,0.0,0.13888888888891415,0.0,13.88888888888889,0
78,36.55,0.0,1.06666666666667,0.13888888888891415,0.0,13.88888888888889,0
79,37.61666666666667,1.06666666666667,0.027777777777778567,0.13888888888891415,7.679999999998627,58.333333333333336,0
80,37.644444444444446,0.027777777777778567,0.5972222222222214,0.13888888888891415,0.1999999999999693,58.333333333333336,0
81,38.24166666666667,0.5972222222222214,0.0,0.13888888888891415,4.299999999999212,25.0,0
82,38.24166666666667,0.0,0.0,0.13888888888891415,0.0,25.0,0
83,38.24166666666667,0.0,0.28055555555555856,0.13888888888891415,0.0,25.0,0
84,38.522222222222226,0.28055555555555856,0.04999999999999716,0.13888888888891415,2.019999999999654,158.33333333333334,0
85,38.57222222222222,0.04999999999999716,0.07777777777777573,0.13888888888891415,0.35999999999991406,208.33333333333334,1
86,38.65,0.07777777777777573,0.2916666666666714,0.13888888888891415,0.5599999999998834,94.44444444444444,0
87,38.94166666666667,0.2916666666666714,0.0,0.13888888888891415,2.099999999999652,219.44444444444446,0
88,38.94166666666667,0.0,0.8916666666666657,0.13888888888891415,0.0,219.44444444444446,1
89,39.833333333333336,0.8916666666666657,0.0,0.13888888888891415,6.419999999998826,nan,0
90,39.833333333333336,0.0,0.7388888888888872,0.13888888888891415,0.0,nan,0
91,40.57222222222222,0.7388888888888872,0.26111111111111285,0.13888888888891415,5.31999999999902,nan,0
92,40.833333333333336,0.26111111111111285,0.0,0.13888888888891415,1.8799999999996706,nan,0
93,40.833333333333336,0.0,0.0,0.13888888888891415,0.0,nan,0
94,40.833333333333336,0.0,1.0999999999999943,0.13888888888891415,0.0,nan,0
95,41.93333333333333,1.0999999999999943,0.11944444444444713,0.13888888888891415,7.9199999999985184,122.22222222222223,0
96,42.05277777777778,0.11944444444444713,1.00277777777778,0.13888888888891415,0.8599999999998629,25.0,0
97,43.05555555555556,1.00277777777778,0.0,0.13888888888891415,7.219999999998703,nan,0
98,43.05555555555556,0.0,0.0,0.13888888888891415,0.0,nan,0
99,43.05555555555556,0.0,1.1166666666666671,0.13888888888891415,0.0,nan,0
100,44.172222222222224,1.1166666666666671,0.0,0.13888888888891415,8.03999999999854,nan,0
101,44.172222222222224,0.0,1.0888888888888886,0.13888888888891415,0.0,nan,0
102,45.26111111111111,1.0888888888888886,0.0,0.13888888888891415,7.839999999998572,nan,0
103,45.26111111111111,0.0,0.24722222222222,0.13888888888891415,0.0,nan,0
104,45.50833333333333,0.24722222222222,1.8861111111111128,0.13888888888891415,1.7799999999996603,188.88888888888889,0
105,47.394444444444446,1.8861111111111128,0.0,0.13888888888891415,13.579999999997542,nan,0
106,47.394444444444446,0.0,1.0833333333333286,0.13888888888891415,0.0,nan,0
107,48.477777777777774,1.0833333333333286,0.0,0.13888888888891415,7.799999999998547,19.444444444444443,0
108,48.477777777777774,0.0,0.0,0.13888888888891415,0.0,19.444444444444443,0
109,48.477777777777774,0.0,1.0944444444444485,0.13888888888891415,0.0,19.444444444444443,0
110,49.57222222222222,1.0944444444444485,0.0,0.13888888888891415,7.879999999998597,nan,0
111,49.57222222222222,0.0,0.0,0.13888888888891415,0.0,nan,0
112,49.57222222222222,0.0,2.066666666666663,0.13888888888891415,0.0,nan,0
113,51.638888888888886,2.066666666666663,1.0111111111111128,0.13888888888891415,14.879999999997265,nan,0
114,52.65,1.0111111111111128,1.0722222222222229,0.13888888888891415,7.279999999998688,19.444444444444443,0
115,53.72222222222222,1.0722222222222229,2.0222222222222257,0.13888888888891415,7.7199999999986,nan,0
116,55.74444444444445,2.0222222222222257,1.0944444444444414,0.13888888888891415,14.559999999997377,19.444444444444443,0
117,56.83888888888889,1.0944444444444414,1.06111111111111,0.13888888888891415,7.879999999998545,nan,0
118,57.9,1.06111111111111,0.0,0.13888888888891415,7.639999999998603,nan,0
119,57.9,0.0,0.9666666666666686,0.13888888888891415,0.0,nan,0
120,58.86666666666667,0.9666666666666686,0.0,0.13888888888891415,6.959999999998748,141.66666666666666,0
121,58.86666666666667,0.0,1.0777777777777757,0.13888888888891415,0.0,141.66666666666666,1
122,59.94444444444444,1.0777777777777757,1.0222222222222257,0.13888888888891415,7.759999999998573,nan,0
123,60.96666666666667,1.0222222222222257,1.0055555555555529,0.13888888888891415,7.359999999998686,nan,0
124,61.97222222222222,1.0055555555555529,2.06666666666667,0.13888888888891415,7.2399999999986635,nan,0
125,64.03888888888889,2.06666666666667,0.0,0.13888888888891415,14.879999999997317,nan,0
126,64.03888888888889,0.0,0.9500000000000028,0.13888888888891415,0.0,nan,0
127,64.9888888888889,0.9500000000000028,1.0555555555555571,0.13888888888891415,6.839999999998776,nan,0
128,66.04444444444445,1.0555555555555571,0.0,0.13888888888891415,7.599999999998629,nan,0
129,66.04444444444445,0.0,2.1444444444444315,0.13888888888891415,0.0,nan,0
130,68.18888888888888,2.1444444444444315,1.1000000000000085,0.13888888888891415,15.439999999997099,nan,0
131,69.28888888888889,1.1000000000000085,1.1611111111111114,0.13888888888891415,7.919999999998621,nan,0
132,70.45,1.1611111111111114,0.0,0.13888888888891415,8.359999999998482,nan,0
133,70.45,0.0,0.0,0.13888888888891415,0.0,nan,0
134,70.45,0.0,1.1833333333333371,0.13888888888891415,0.0,nan,0
135,71.63333333333334,1.1833333333333371,0.0,0.13888888888891415,8.519999999998477,nan,0
136,71.63333333333334,0.0,0.0,0.13888888888891415,0.0,nan,0
137,71.63333333333334,0.0,1.1444444444444315,0.13888888888891415,0.0,nan,0
138,72.77777777777777,1.1444444444444315,0.0,0.13888888888891415,8.239999999998409,nan,0
139,72.77777777777777,0.0,1.0833333333333428,0.13888888888891415,0.0,nan,0
140,73.86111111111111,1.0833333333333428,0.0,0.13888888888891415,7.79999999999865,122.22222222222223,0
141,73.86111111111111,0.0,0.0,0.13888888888891415,0.0,122.22222222222223,1
142,73.86111111111111,0.0,1.061111111111103,0.13888888888891415,0.0,122.22222222222223,1
143,74.92222222222222,1.061111111111103,1.0277777777777857,0.13888888888891415,7.639999999998551,nan,0
144,75.95,1.0277777777777857,0.0,0.13888888888891415,7.399999999998711,nan,0
145,75.95,0.0,0.0,0.13888888888891415,0.0,nan,0
146,75.95,0.0,1.0,0.13888888888891415,0.0,nan,0
147,76.95,1.0,0.0,0.13888888888891415,7.19999999999869,nan,0
148,76.95,0.0,0.038888888888891415,0.13888888888891415,0.0,nan,0
149,76.9888888888889,0.038888888888891415,1.0444444444444372,0.13888888888891415,0.2799999999999673,nan,0
150,78.03333333333333,1.0444444444444372,0.0,0.13888888888891415,7.51999999999858,8.333333333333334,0
151,78.03333333333333,0.0,0.0,0.13888888888891415,0.0,8.333333333333334,0
152,78.03333333333333,0.0,1.12777777777778,0.13888888888891415,0.0,8.333333333333334,0
153,79.16111111111111,1.12777777777778,0.0,0.13888888888891415,8.119999999998539,nan,0
154,79.16111111111111,0.0,1.1111111111111143,0.13888888888891415,0.0,nan,0
155,80.27222222222223,1.1111111111111143,0.0,0.13888888888891415,7.999999999998567,nan,0
156,80.27222222222223,0.0,2.200000000000003,0.13888888888891415,0.0,nan,0
157,82.47222222222223,2.200000000000003,1.061111111111103,0.13888888888891415,15.83999999999714,nan,0
158,83.53333333333333,1.061111111111103,1.1055555555555543,0.13888888888891415,7.639999999998551,nan,0
159,84.63888888888889,1.1055555555555543,1.0944444444444485,0.13888888888891415,7.959999999998543,127.77777777777777,0
160,85.73333333333333,1.0944444444444485,0.0,0.13888888888891415,7.879999999998597,25.0,0
161,85.73333333333333,0.0,1.0888888888888886,0.13888888888891415,0.0,25.0,0
162,86.82222222222222,1.0888888888888886,0.0,0.13888888888891415,7.839999999998572,nan,0
163,86.82222222222222,0.0,1.1333333333333258,0.13888888888891415,0.0,nan,0
164,87.95555555555555,1.1333333333333258,0.0,0.13888888888891415,8.159999999998462,97.22222222222223,0
165,87.95555555555555,0.0,1.1166666666666742,0.13888888888891415,0.0,97.22222222222223,1
166,89.07222222222222,1.1166666666666742,0.0,0.13888888888891415,8.039999999998592,nan,0
167,89.07222222222222,0.0,1.1555555555555515,0.13888888888891415,0.0,nan,0
168,90.22777777777777,1.1555555555555515,0.038888888888891415,0.13888888888891415,8.319999999998457,nan,0
169,90.26666666666667,0.038888888888891415,2.3888888888888857,0.13888888888891415,0.2799999999999673,nan,0
170,92.65555555555555,2.3888888888888857,0.0,0.13888888888891415,17.199999999996848,nan,0
171,92.65555555555555,0.0,0.0,0.13888888888891415,0.0,nan,0
172,92.65555555555555,0.0,1.2333333333333343,0.13888888888891415,0.0,nan,0
173,93.88888888888889,1.2333333333333343,2.2944444444444514,0.13888888888891415,8.879999999998391,nan,0
174,96.18333333333334,2.2944444444444514,1.12777777777778,0.13888888888891415,16.519999999997044,nan,0
175,97.31111111111112,1.12777777777778,0.0,0.13888888888891415,8.119999999998539,19.444444444444443,0
176,97.31111111111112,0.0,0.0,0.13888888888891415,0.0,19.444444444444443,0
177,97.31111111111112,0.0,1.11666666666666,0.13888888888891415,0.0,19.444444444444443,0
178,98.42777777777778,1.11666666666666,0.0,0.13888888888891415,8.03999999999849,127.77777777777777,0
179,98.42777777777778,0.0,0.0,0.13888888888891415,0.0,127.77777777777777,1
180,98.42777777777778,0.0,1.1111111111111143,0.13888888888891415,0.0,127.77777777777777,1
181,99.53888888888889,1.1111111111111143,0.0,0.13888888888891415,7.999999999998567,nan,0
182,99.53888888888889,0.0,0.8138888888888829,0.13888888888891415,0.0,nan,0
183,100.35277777777777,0.8138888888888829,0.0,0.13888888888891415,5.859999999998891,nan,0
184,100.35277777777777,0.0,0.25833333333333997,0.13888888888891415,0.0,nan,0
185,100.61111111111111,0.25833333333333997,0.0,0.13888888888891415,1.8599999999997094,nan,0
186,100.61111111111111,0.0,1.0888888888888886,0.13888888888891415,0.0,nan,0
187,101.7,1.0888888888888886,1.1888888888888829,0.13888888888891415,7.839999999998572,nan,0
188,102.88888888888889,1.1888888888888829,0.0,0.13888888888891415,8.5599999999984,nan,0
189,102.88888888888889,0.0,1.1555555555555657,0.13888888888891415,0.0,nan,0
190,104.04444444444445,1.1555555555555657,0.0,0.13888888888891415,8.31999999999856,nan,0
191,104.04444444444445,0.0,1.1277777777777658,0.13888888888891415,0.0,nan,0
192,105.17222222222222,1.1277777777777658,0.0,0.13888888888891415,8.119999999998436,nan,0
193,105.17222222222222,0.0,0.0,0.13888888888891415,0.0,nan,0
194,105.17222222222222,0.0,0.9166666666666714,0.13888888888891415,0.0,nan,0
195,106.08888888888889,0.9166666666666714,0.23888888888889426,0.13888888888891415,6.5999999999988335,105.55555555555556,0
196,106.32777777777778,0.23888888888889426,0.09999999999999432,0.13888888888891415,1.7199999999997257,13.88888888888889,0
197,106.42777777777778,0.09999999999999432,0.9833333333333343,0.13888888888891415,0.7199999999998281,19.444444444444443,0
198,107.41111111111111,0.9833333333333343,0.0,0.13888888888891415,7.079999999998719,30.555555555555557,0
199,107.41111111111111,0.0,0.10555555555555429,0.13888888888891415,0.0,30.555555555555557,0
200,107.51666666666667,0.10555555555555429,1.0277777777777857,0.13888888888891415,0.7599999999998527,27.77777777777778,0
201,108.54444444444445,1.0277777777777857,0.0,0.13888888888891415,7.399999999998711,nan,0
202,108.54444444444445,0.0,1.0499999999999972,0.13888888888891415,0.0,nan,0
203,109.59444444444445,1.0499999999999972,0.0,0.13888888888891415,7.559999999998604,144.44444444444446,0
204,109.59444444444445,0.0,0.0,0.13888888888891415,0.0,144.44444444444446,1
205,109.59444444444445,0.0,1.0666666666666629,0.13888888888891415,0.0,144.44444444444446,1
206,110.66111111111111,1.0666666666666629,1.0333333333333314,0.13888888888891415,7.679999999998576,nan,0
207,111.69444444444444,1.0333333333333314,0.0,0.13888888888891415,7.439999999998633,nan,0
208,111.69444444444444,0.0,1.0333333333333314,0.13888888888891415,0.0,nan,0
209,112.72777777777777,1.0333333333333314,0.0,0.13888888888891415,7.439999999998633,61.111111111111114,0
210,112.72777777777777,0.0,2.3888888888888857,0.13888888888891415,0.0,61.111111111111114,0
211,115.11666666666666,2.3888888888888857,0.0,0.13888888888891415,17.199999999996848,nan,0
212,115.11666666666666,0.0,1.1722222222222314,0.13888888888891415,0.0,nan,0
213,116.28888888888889,1.1722222222222314,0.0,0.13888888888891415,8.43999999999853,25.0,0
214,116.28888888888889,0.0,0.0,0.13888888888891415,0.0,25.0,0
215,116.28888888888889,0.0,2.37222222222222,0.13888888888891415,0.0,25.0,0
216,118.66111111111111,2.37222222222222,1.11666666666666,0.13888888888891415,17.07999999999688,nan,0
217,119.77777777777777,1.11666666666666,2.1611111111111114,0.13888888888891415,8.03999999999849,nan,0
218,121.93888888888888,2.1611111111111114,1.1055555555555685,0.13888888888891415,15.559999999997173,nan,0
219,123.04444444444445,1.1055555555555685,1.0666666666666629,0.13888888888891415,7.9599999999986455,nan,0
220,124.11111111111111,1.0666666666666629,0.0,0.13888888888891415,7.679999999998576,61.111111111111114,0
221,124.11111111111111,0.0,0.0,0.13888888888891415,0.0,61.111111111111114,0
222,124.11111111111111,0.0,2.2111111111111086,0.13888888888891415,0.0,61.111111111111114,0
223,126.32222222222222,2.2111111111111086,0.0,0.13888888888891415,15.919999999997087,nan,0
224,126.32222222222222,0.0,1.1444444444444457,0.13888888888891415,0.0,nan,0
225,127.46666666666667,1.1444444444444457,2.438888888888897,0.13888888888891415,8.23999999999851,nan,0
226,129.90555555555557,2.438888888888897,1.1555555555555372,0.13888888888891415,17.559999999996865,nan,0
227,131.0611111111111,1.1555555555555372,2.2833333333333314,0.13888888888891415,8.319999999998355,nan,0
228,133.34444444444443,2.2833333333333314,1.1277777777777942,0.13888888888891415,16.439999999996996,nan,0
229,134.47222222222223,1.1277777777777942,0.0,0.13888888888891415,8.119999999998642,nan,0
230,134.47222222222223,0.0,0.0,0.13888888888891415,0.0,nan,0
231,134.47222222222223,0.0,1.1500000000000057,0.13888888888891415,0.0,nan,0
232,135.62222222222223,1.1500000000000057,0.0,0.13888888888891415,8.279999999998536,138.88888888888889,0
233,135.62222222222223,0.0,0.8666666666666458,0.13888888888891415,0.0,138.88888888888889,1
234,136.48888888888888,0.8666666666666458,0.07222222222222285,0.13888888888891415,6.239999999998715,125.0,0
235,136.5611111111111,0.07222222222222285,1.52222222222224,0.13888888888891415,0.51999999999991,83.33333333333333,0
236,138.08333333333334,1.52222222222224,1.1888888888888687,0.13888888888891415,10.959999999998134,nan,0
237,139.2722222222222,1.1888888888888687,0.0,0.13888888888891415,8.559999999998297,150.0,0
238,139.2722222222222,0.0,2.4666666666666686,0.13888888888891415,0.0,150.0,1
239,141.73888888888888,2.4666666666666686,0.0,0.13888888888891415,17.759999999996783,nan,0
240,141.73888888888888,0.0,1.1277777777777942,0.13888888888891415,0.0,nan,0
241,142.86666666666667,1.1277777777777942,0.0,0.13888888888891415,8.119999999998642,47.22222222222222,0
242,142.86666666666667,0.0,0.0,0.13888888888891415,0.0,47.22222222222222,0
243,142.86666666666667,0.0,2.25,0.13888888888891415,0.0,47.22222222222222,0
244,145.11666666666667,2.25,0.0,0.13888888888891415,16.199999999997054,nan,0
245,145.11666666666667,0.0,1.1111111111111143,0.13888888888891415,0.0,nan,0
246,146.2277777777778,1.1111111111111143,0.0,0.13888888888891415,7.999999999998567,nan,0
247,146.2277777777778,0.0,2.23888888888888,0.13888888888891415,0.0,nan,0
248,148.46666666666667,2.23888888888888,0.0,0.13888888888891415,16.119999999997003,nan,0
249,148.46666666666667,0.0,1.0666666666666629,0.13888888888891415,0.0,nan,0
250,149.53333333333333,1.0666666666666629,2.672222222222217,0.13888888888891415,7.679999999998576,nan,0
251,152.20555555555555,2.672222222222217,1.3111111111111313,0.13888888888891415,19.239999999996463,nan,0
252,153.51666666666668,1.3111111111111313,1.1888888888888687,0.13888888888891415,9.43999999999843,nan,0
253,154.70555555555555,1.1888888888888687,0.07777777777778283,0.13888888888891415,8.559999999998297,172.22222222222223,0
254,154.78333333333333,0.07777777777778283,2.51666666666668,0.13888888888891415,0.5599999999999346,144.44444444444446,1
255,157.3,2.51666666666668,0.0,0.13888888888891415,18.1199999999968,nan,0
256,157.3,0.0,1.0833333333333144,0.13888888888891415,0.0,nan,0
257,158.38333333333333,1.0833333333333144,0.06666666666666288,0.13888888888891415,7.799999999998445,136.11111111111111,0
258,158.45,0.06666666666666288,0.8555555555555543,0.13888888888891415,0.4799999999998854,111.11111111111111,1
259,159.30555555555554,0.8555555555555543,1.569444444444457,0.13888888888891415,6.15999999999887,130.55555555555554,0
260,160.875,1.569444444444457,0.03055555555556566,0.13888888888891415,11.299999999998036,nan,0
261,160.90555555555557,0.03055555555556566,1.1611111111110972,0.13888888888891415,0.22000000000003275,nan,0
262,162.06666666666666,1.1611111111110972,0.0,0.13888888888891415,8.35999999999838,138.88888888888889,0
263,162.06666666666666,0.0,0.0,0.13888888888891415,0.0,138.88888888888889,1
264,162.06666666666666,0.0,0.9722222222222285,0.13888888888891415,0.0,138.88888888888889,1
265,163.0388888888889,0.9722222222222285,0.08888888888887436,0.13888888888891415,6.9999999999987725,147.22222222222223,0
266,163.12777777777777,0.08888888888887436,1.200000000000017,0.13888888888891415,0.639999999999779,100.0,1
267,164.32777777777778,1.200000000000017,0.0,0.13888888888891415,8.639999999998551,nan,0
268,164.32777777777778,0.0,0.0,0.13888888888891415,0.0,nan,0
269,164.32777777777778,0.0,1.1166666666666742,0.13888888888891415,0.0,nan,0
270,165.44444444444446,1.1166666666666742,0.0,0.13888888888891415,8.039999999998592,nan,0
271,165.44444444444446,0.0,0.0,0.13888888888891415,0.0,nan,0
272,165.44444444444446,0.0,1.1388888888888857,0.13888888888891415,0.0,nan,0
273,166.58333333333334,1.1388888888888857,0.038888888888891415,0.13888888888891415,8.199999999998486,nan,0
274,166.62222222222223,0.038888888888891415,1.0999999999999943,0.13888888888891415,0.2799999999999673,nan,0
275,167.72222222222223,1.0999999999999943,1.1666666666666572,0.13888888888891415,7.9199999999985184,nan,0
276,168.88888888888889,1.1666666666666572,1.1166666666666742,0.13888888888891415,8.399999999998403,nan,0
277,170.00555555555556,1.1166666666666742,2.5166666666666515,0.13888888888891415,8.039999999998592,147.22222222222223,0
278,172.5222222222222,2.5166666666666515,0.055555555555571345,0.13888888888891415,18.119999999996594,nan,0
279,172.57777777777778,0.055555555555571345,0.0,0.13888888888891415,0.40000000000004093,nan,0
280,172.57777777777778,0.0,3.549999999999983,0.13888888888891415,0.0,nan,0
281,176.12777777777777,3.549999999999983,0.0,0.13888888888891415,25.559999999995227,nan,0
282,176.12777777777777,0.0,1.1722222222222456,0.13888888888891415,0.0,nan,0
283,177.3,1.1722222222222456,2.23888888888888,0.13888888888891415,8.439999999998633,36.111111111111114,0
284,179.5388888888889,2.23888888888888,1.1055555555555543,0.13888888888891415,16.119999999997003,nan,0
285,180.64444444444445,1.1055555555555543,0.0,0.13888888888891415,7.959999999998543,nan,0
286,180.64444444444445,0.0,1.1388888888888857,0.13888888888891415,0.0,nan,0
287,181.78333333333333,1.1388888888888857,0.0,0.13888888888891415,8.199999999998486,144.44444444444446,0
288,181.78333333333333,0.0,1.1444444444444457,0.13888888888891415,0.0,144.44444444444446,1
289,182.92777777777778,1.1444444444444457,1.1277777777777658,0.13888888888891415,8.23999999999851,nan,0
290,184.05555555555554,1.1277777777777658,0.0,0.13888888888891415,8.119999999998436,nan,0
291,184.05555555555554,0.0,1.0388888888888914,0.13888888888891415,0.0,nan,0
292,185.09444444444443,1.0388888888888914,0.0,0.13888888888891415,7.4799999999986575,nan,0
293,185.09444444444443,0.0,0.0,0.13888888888891415,0.0,nan,0
294,185.09444444444443,0.0,1.1388888888888857,0.13888888888891415,0.0,nan,0
295,186.23333333333332,1.1388888888888857,1.200000000000017,0.13888888888891415,8.199999999998486,nan,0
296,187.43333333333334,1.200000000000017,0.0,0.13888888888891415,8.639999999998551,nan,0
297,187.43333333333334,0.0,0.0,0.13888888888891415,0.0,nan,0
298,187.43333333333334,0.0,1.2222222222222285,0.13888888888891415,0.0,nan,0
299,188.65555555555557,1.2222222222222285,0.0,0.13888888888891415,8.799999999998445,133.33333333333334,0
300,188.65555555555557,0.0,0.0,0.13888888888891415,0.0,133.33333333333334,1
301,188.65555555555557,0.0,2.427777777777777,0.13888888888891415,0.0,133.33333333333334,1
302,191.08333333333334,2.427777777777777,0.055555555555542924,0.13888888888891415,17.479999999996817,nan,0
303,191.13888888888889,0.055555555555542924,0.0,0.13888888888891415,0.39999999999983626,nan,0
304,191.13888888888889,0.0,1.1500000000000057,0.13888888888891415,0.0,nan,0
305,192.2888888888889,1.1500000000000057,0.9000000000000057,0.13888888888891415,8.279999999998536,72.22222222222223,0
306,193.1888888888889,0.9000000000000057,1.3722222222222058,0.13888888888891415,6.479999999998862,130.55555555555554,0
307,194.5611111111111,1.3722222222222058,1.1166666666666742,0.13888888888891415,9.879999999998084,nan,0
308,195.67777777777778,1.1166666666666742,0.9111111111111256,0.13888888888891415,8.039999999998592,nan,0
309,196.5888888888889,0.9111111111111256,1.3666666666666458,0.13888888888891415,6.559999999998912,113.88888888888889,0
310,197.95555555555555,1.3666666666666458,0.0,0.13888888888891415,9.83999999999806,nan,0
311,197.95555555555555,0.0,1.1611111111111256,0.13888888888891415,0.0,nan,0
312,199.11666666666667,1.1611111111111256,0.0,0.13888888888891415,8.359999999998584,nan,0
313,199.11666666666667,0.0,0.0,0.13888888888891415,0.0,nan,0
314,199.11666666666667,0.0,1.0166666666666515,0.13888888888891415,0.0,nan,0
315,200.13333333333333,1.0166666666666515,1.2388888888889085,0.13888888888891415,7.31999999999856,188.88888888888889,0
316,201.37222222222223,1.2388888888889085,0.0,0.13888888888891415,8.919999999998518,nan,0
317,201.37222222222223,0.0,0.0,0.13888888888891415,0.0,nan,0
318,201.37222222222223,0.0,1.1333333333333258,0.13888888888891415,0.0,nan,0
319,202.50555555555556,1.1333333333333258,0.0,0.13888888888891415,8.159999999998462,nan,0
320,202.50555555555556,0.0,0.0,0.13888888888891415,0.0,nan,0
321,202.50555555555556,0.0,1.1055555555555543,0.13888888888891415,0.0,nan,0
322,203.61111111111111,1.1055555555555543,0.0,0.13888888888891415,7.959999999998543,66.66666666666667,0
323,203.61111111111111,0.0,0.0,0.13888888888891415,0.0,66.66666666666667,0
324,203.61111111111111,0.0,2.188888888888897,0.13888888888891415,0.0,66.66666666666667,0
325,205.8,2.188888888888897,0.0,0.13888888888891415,15.759999999997193,nan,0
326,205.8,0.0,1.0833333333333144,0.13888888888891415,0.0,nan,0
327,206.88333333333333,1.0833333333333144,1.0611111111111313,0.13888888888891415,7.799999999998445,nan,0
328,207.94444444444446,1.0611111111111313,0.0,0.13888888888891415,7.639999999998756,nan,0
329,207.94444444444446,0.0,1.0111111111110915,0.13888888888891415,0.0,nan,0
330,208.95555555555555,1.0111111111110915,1.0999999999999943,0.13888888888891415,7.279999999998535,nan,0
331,210.05555555555554,1.0999999999999943,1.2777777777777999,0.13888888888891415,7.9199999999985184,nan,0
332,211.33333333333334,1.2777777777777999,0.0,0.13888888888891415,9.199999999998486,100.0,0
333,211.33333333333334,0.0,0.0,0.13888888888891415,0.0,100.0,1
334,211.33333333333334,0.0,2.74444444444444,0.13888888888891415,0.0,100.0,1
335,214.07777777777778,2.74444444444444,2.0166666666666515,0.13888888888891415,19.759999999996374,nan,0
336,216.09444444444443,2.0166666666666515,1.6055555555555543,0.13888888888891415,14.51999999999725,122.22222222222223,0
337,217.7,1.6055555555555543,1.0888888888889028,0.13888888888891415,11.559999999997888,nan,0
338,218.7888888888889,1.0888888888889028,2.2666666666666515,0.13888888888891415,7.839999999998674,100.0,0
339,221.05555555555554,2.2666666666666515,0.0,0.13888888888891415,16.319999999996924,nan,0
340,221.05555555555554,0.0,1.205555555555577,0.13888888888891415,0.0,nan,0
341,222.26111111111112,1.205555555555577,0.0,0.13888888888891415,8.679999999998575,19.444444444444443,0
342,222.26111111111112,0.0,0.0,0.13888888888891415,0.0,19.444444444444443,0
343,222.26111111111112,0.0,2.799999999999983,0.13888888888891415,0.0,19.444444444444443,0
344,225.0611111111111,2.799999999999983,0.0,0.13888888888891415,20.15999999999621,nan,0
345,225.0611111111111,0.0,4.0277777777778,0.13888888888891415,0.0,nan,0
346,229.0888888888889,4.0277777777778,3.7111111111111086,0.13888888888891415,28.999999999994884,nan,0
347,232.8,3.7111111111111086,0.0,0.13888888888891415,26.71999999999512,nan,0
348,232.8,0.0,0.0,0.13888888888891415,0.0,nan,0
349,232.8,0.0,3.6944444444444287,0.13888888888891415,0.0,nan,0
350,236.49444444444444,3.6944444444444287,0.0,0.13888888888891415,26.59999999999505,nan,0
351,236.49444444444444,0.0,1.2055555555555486,0.13888888888891415,0.0,nan,0
352,237.7,1.2055555555555486,0.0,0.13888888888891415,8.67999999999837,133.33333333333334,0
353,237.7,0.0,2.5500000000000114,0.13888888888891415,0.0,133.33333333333334,1
354,240.25,2.5500000000000114,1.1111111111111143,0.13888888888891415,18.35999999999674,nan,0
355,241.36111111111111,1.1111111111111143,0.07777777777778283,0.13888888888891415,7.999999999998567,158.33333333333334,0
356,241.4388888888889,0.07777777777778283,0.9166666666666572,0.13888888888891415,0.5599999999999346,150.0,1
357,242.35555555555555,0.9166666666666572,1.5777777777777828,0.13888888888891415,6.599999999998731,116.66666666666667,0
358,243.93333333333334,1.5777777777777828,0.0,0.13888888888891415,11.35999999999797,nan,0
359,243.93333333333334,0.0,1.0666666666666629,0.13888888888891415,0.0,nan,0
360,245.0,1.0666666666666629,0.0,0.13888888888891415,7.679999999998576,144.44444444444446,0
361,245.0,0.0,0.0,0.13888888888891415,0.0,144.44444444444446,1
362,245.0,0.0,2.438888888888897,0.13888888888891415,0.0,144.44444444444446,1
363,247.4388888888889,2.438888888888897,1.2055555555555486,0.13888888888891415,17.559999999996865,nan,0
364,248.64444444444445,1.2055555555555486,0.0,0.13888888888891415,8.67999999999837,111.11111111111111,0
365,248.64444444444445,0.0,0.9277777777777771,0.13888888888891415,0.0,111.11111111111111,1
366,249.57222222222222,0.9277777777777771,0.07222222222222285,0.13888888888891415,6.67999999999878,125.0,0
367,249.64444444444445,0.07222222222222285,1.6111111111111143,0.13888888888891415,0.51999999999991,94.44444444444444,0
368,251.25555555555556,1.6111111111111143,0.0,0.13888888888891415,11.599999999997912,nan,0
369,251.25555555555556,0.0,1.1500000000000057,0.13888888888891415,0.0,nan,0
370,252.40555555555557,1.1500000000000057,0.0,0.13888888888891415,8.279999999998536,133.33333333333334,0
371,252.40555555555557,0.0,0.0,0.13888888888891415,0.0,133.33333333333334,1
372,252.40555555555557,0.0,0.9333333333333371,0.13888888888891415,0.0,133.33333333333334,1
373,253.3388888888889,0.9333333333333371,0.08333333333331439,0.13888888888891415,6.719999999998805,119.44444444444444,0
374,253.42222222222222,0.08333333333331439,1.3277777777777828,0.13888888888891415,0.5999999999997544,83.33333333333333,0
375,254.75,1.3277777777777828,0.0,0.13888888888891415,9.559999999998297,nan,0
376,254.75,0.0,0.0,0.13888888888891415,0.0,nan,0
377,254.75,0.0,1.1444444444444457,0.13888888888891415,0.0,nan,0
378,255.89444444444445,1.1444444444444457,0.027777777777771462,0.13888888888891415,8.23999999999851,94.44444444444444,0
379,255.92222222222222,0.027777777777771462,2.3555555555555543,0.13888888888891415,0.19999999999991813,94.44444444444444,0
380,258.27777777777777,2.3555555555555543,0.0,0.13888888888891415,16.959999999996906,nan,0
381,258.27777777777777,0.0,0.0,0.13888888888891415,0.0,nan,0
382,258.27777777777777,0.0,1.1527777777777715,0.13888888888891415,0.0,nan,0
383,259.43055555555554,1.1527777777777715,0.03055555555556566,0.13888888888891415,8.299999999998445,83.33333333333333,0
384,259.4611111111111,0.03055555555556566,2.466666666666697,0.13888888888891415,0.22000000000003275,77.77777777777777,0
385,261.9277777777778,2.466666666666697,0.0,0.13888888888891415,17.75999999999699,nan,0
386,261.9277777777778,0.0,1.1222222222222058,0.13888888888891415,0.0,nan,0
387,263.05,1.1222222222222058,0.0,0.13888888888891415,8.079999999998412,50.0,0
388,263.05,0.0,0.0,0.13888888888891415,0.0,50.0,0
389,263.05,0.0,2.3333333333333144,0.13888888888891415,0.0,50.0,0
390,265.3833333333333,2.3333333333333144,0.0,0.13888888888891415,16.799999999996807,nan,0
391,265.3833333333333,0.0,1.1222222222222058,0.13888888888891415,0.0,nan,0
392,266.50555555555553,1.1222222222222058,0.0,0.13888888888891415,8.079999999998412,nan,0
393,266.50555555555553,0.0,0.0,0.13888888888891415,0.0,nan,0
394,266.50555555555553,0.0,0.8944444444444457,0.13888888888891415,0.0,nan,0
395,267.4,0.8944444444444457,1.3388888888889028,0.13888888888891415,6.439999999998838,125.0,0
396,268.7388888888889,1.3388888888889028,1.1388888888889142,0.13888888888891415,9.639999999998347,nan,0
397,269.8777777777778,1.1388888888889142,0.0,0.13888888888891415,8.19999999999869,nan,0
398,269.8777777777778,0.0,0.0,0.13888888888891415,0.0,nan,0
399,269.8777777777778,0.0,2.45555555555552,0.13888888888891415,0.0,nan,0
400,272.3333333333333,2.45555555555552,0.0,0.13888888888891415,17.67999999999653,nan,0
401,272.3333333333333,0.0,1.216666666666697,0.13888888888891415,0.0,nan,0
402,273.55,1.216666666666697,0.0,0.13888888888891415,8.759999999998625,nan,0
403,273.55,0.0,0.0,0.13888888888891415,0.0,nan,0
404,273.55,0.0,2.3111111111110745,0.13888888888891415,0.0,nan,0
405,275.8611111111111,2.3111111111110745,0.0,0.13888888888891415,16.63999999999671,nan,0
406,275.8611111111111,0.0,1.161111111111154,0.13888888888891415,0.0,nan,0
407,277.02222222222224,1.161111111111154,2.544444444444423,0.13888888888891415,8.359999999998788,nan,0
408,279.56666666666666,2.544444444444423,0.0,0.13888888888891415,18.31999999999651,nan,0
409,279.56666666666666,0.0,1.1055555555555543,0.13888888888891415,0.0,nan,0
410,280.6722222222222,1.1055555555555543,0.01666666666665151,0.13888888888891415,7.959999999998543,116.66666666666667,0
411,280.68888888888887,0.01666666666665151,2.6888888888889255,0.13888888888891415,0.11999999999986903,116.66666666666667,1
412,283.3777777777778,2.6888888888889255,3.8944444444444457,0.13888888888891415,19.35999999999674,nan,0
413,287.27222222222224,3.8944444444444457,0.0,0.13888888888891415,28.039999999994908,nan,0
414,287.27222222222224,0.0,0.0,0.13888888888891415,0.0,nan,0
415,287.27222222222224,0.0,1.1055555555555543,0.13888888888891415,0.0,nan,0
416,288.3777777777778,1.1055555555555543,0.06666666666666288,0.13888888888891415,7.959999999998543,177.77777777777777,0
417,288.44444444444446,0.06666666666666288,0.9111111111110972,0.13888888888891415,0.4799999999998854,144.44444444444446,1
418,289.35555555555555,0.9111111111110972,1.3722222222222058,0.13888888888891415,6.559999999998706,130.55555555555554,0
419,290.72777777777776,1.3722222222222058,1.1722222222222172,0.13888888888891415,9.879999999998084,nan,0
420,291.9,1.1722222222222172,0.0,0.13888888888891415,8.43999999999843,88.88888888888889,0
421,291.9,0.0,0.0,0.13888888888891415,0.0,88.88888888888889,0
422,291.9,0.0,2.4166666666666856,0.13888888888891415,0.0,88.88888888888889,0
423,294.31666666666666,2.4166666666666856,1.25,0.13888888888891415,17.39999999999697,nan,0
424,295.56666666666666,1.25,0.0,0.13888888888891415,8.999999999998362,138.88888888888889,0
425,295.56666666666666,0.0,0.0,0.13888888888891415,0.0,138.88888888888889,1
426,295.56666666666666,0.0,2.27222222222224,0.13888888888891415,0.0,138.88888888888889,1
427,297.8388888888889,2.27222222222224,0.1444444444444457,0.13888888888891415,16.35999999999715,nan,0
428,297.98333333333335,0.1444444444444457,1.1055555555555543,0.13888888888891415,1.03999999999982,nan,0
429,299.0888888888889,1.1055555555555543,2.3555555555555543,0.13888888888891415,7.959999999998543,nan,0
430,301.44444444444446,2.3555555555555543,1.1277777777777374,0.13888888888891415,16.959999999996906,nan,0
431,302.5722222222222,1.1277777777777374,2.227777777777817,0.13888888888891415,8.119999999998232,nan,0
432,304.8,2.227777777777817,1.2166666666666401,0.13888888888891415,16.039999999997363,nan,0
433,306.01666666666665,1.2166666666666401,2.705555555555577,0.13888888888891415,8.759999999998216,nan,0
434,308.72222222222223,2.705555555555577,1.3000000000000114,0.13888888888891415,19.47999999999661,nan,0
435,310.02222222222224,1.3000000000000114,0.0,0.13888888888891415,9.35999999999838,144.44444444444446,0
436,310.02222222222224,0.0,2.5722222222221944,0.13888888888891415,0.0,144.44444444444446,1
437,312.59444444444443,2.5722222222221944,0.0,0.13888888888891415,18.519999999996433,nan,0
438,312.59444444444443,0.0,0.0,0.13888888888891415,0.0,nan,0
439,312.59444444444443,0.0,3.694444444444457,0.13888888888891415,0.0,nan,0
440,316.2888888888889,3.694444444444457,1.0944444444444343,0.13888888888891415,26.59999999999525,nan,0
441,317.3833333333333,1.0944444444444343,0.0,0.13888888888891415,7.8799999999984935,133.33333333333334,0
442,317.3833333333333,0.0,0.0,0.13888888888891415,0.0,133.33333333333334,1
443,317.3833333333333,0.0,2.3611111111111427,0.13888888888891415,0.0,133.33333333333334,1
444,319.74444444444447,2.3611111111111427,1.2111111111111086,0.13888888888891415,16.999999999997137,nan,0
445,320.9555555555556,1.2111111111111086,0.0,0.13888888888891415,8.719999999998395,19.444444444444443,0
446,320.9555555555556,0.0,2.5499999999999545,0.13888888888891415,0.0,19.444444444444443,0
447,323.50555555555553,2.5499999999999545,0.0,0.13888888888891415,18.359999999996333,nan,0
448,323.50555555555553,0.0,1.2111111111111086,0.13888888888891415,0.0,nan,0
449,324.71666666666664,1.2111111111111086,0.0,0.13888888888891415,8.719999999998395,127.77777777777777,0
450,324.71666666666664,0.0,2.377777777777794,0.13888888888891415,0.0,127.77777777777777,1
451,327.09444444444443,2.377777777777794,1.1055555555555543,0.13888888888891415,17.119999999997003,nan,0
452,328.2,1.1055555555555543,2.377777777777794,0.13888888888891415,7.959999999998543,83.33333333333333,0
453,330.5777777777778,2.377777777777794,1.1722222222222172,0.13888888888891415,17.119999999997003,nan,0
454,331.75,1.1722222222222172,2.4166666666666856,0.13888888888891415,8.43999999999843,52.77777777777778,0
455,334.1666666666667,2.4166666666666856,0.0,0.13888888888891415,17.39999999999697,nan,0
456,334.1666666666667,0.0,1.1166666666666742,0.13888888888891415,0.0,nan,0
457,335.28333333333336,1.1166666666666742,0.0,0.13888888888891415,8.039999999998592,nan,0
458,335.28333333333336,0.0,0.0,0.13888888888891415,0.0,nan,0
459,335.28333333333336,0.0,2.294444444444423,0.13888888888891415,0.0,nan,0
460,337.5777777777778,2.294444444444423,0.0,0.13888888888891415,16.51999999999684,nan,0
461,337.5777777777778,0.0,1.1555555555555657,0.13888888888891415,0.0,nan,0
462,338.73333333333335,1.1555555555555657,0.0,0.13888888888891415,8.31999999999856,nan,0
463,338.73333333333335,0.0,0.0,0.13888888888891415,0.0,nan,0
464,338.73333333333335,0.0,2.411111111111097,0.13888888888891415,0.0,nan,0
465,341.14444444444445,2.411111111111097,1.1833333333333371,0.13888888888891415,17.35999999999674,nan,0
466,342.3277777777778,1.1833333333333371,0.0,0.13888888888891415,8.519999999998477,13.88888888888889,0
467,342.3277777777778,0.0,0.0,0.13888888888891415,0.0,13.88888888888889,0
468,342.3277777777778,0.0,2.6555555555555657,0.13888888888891415,0.0,13.88888888888889,0
469,344.98333333333335,2.6555555555555657,0.0,0.13888888888891415,19.119999999996594,nan,0
470,344.98333333333335,0.0,1.2444444444444116,0.13888888888891415,0.0,nan,0
471,346.22777777777776,1.2444444444444116,0.0,0.13888888888891415,8.959999999998134,36.111111111111114,0
472,346.22777777777776,0.0,0.0,0.13888888888891415,0.0,36.111111111111114,0
473,346.22777777777776,0.0,2.377777777777794,0.13888888888891415,0.0,36.111111111111114,0
474,348.60555555555555,2.377777777777794,1.1333333333333258,0.13888888888891415,17.119999999997003,nan,0
475,349.7388888888889,1.1333333333333258,0.0,0.13888888888891415,8.159999999998462,nan,0
476,349.7388888888889,0.0,0.0,0.13888888888891415,0.0,nan,0
477,349.7388888888889,0.0,2.28333333333336,0.13888888888891415,0.0,nan,0
478,352.02222222222224,2.28333333333336,0.0,0.13888888888891415,16.4399999999972,nan,0
479,352.02222222222224,0.0,1.099999999999966,0.13888888888891415,0.0,nan,0
480,353.1222222222222,1.099999999999966,0.0,0.13888888888891415,7.919999999998314,nan,0
481,353.1222222222222,0.0,0.0,0.13888888888891415,0.0,nan,0
482,353.1222222222222,0.0,2.3222222222222513,0.13888888888891415,0.0,nan,0
483,355.44444444444446,2.3222222222222513,0.0,0.13888888888891415,16.719999999997167,nan,0
484,355.44444444444446,0.0,1.1722222222222172,0.13888888888891415,0.0,nan,0
485,356.6166666666667,1.1722222222222172,1.1666666666666856,0.13888888888891415,8.43999999999843,nan,0
486,357.78333333333336,1.1666666666666856,0.0,0.13888888888891415,8.399999999998608,122.22222222222223,0
487,357.78333333333336,0.0,0.0,0.13888888888891415,0.0,122.22222222222223,1
488,357.78333333333336,0.0,2.5166666666666515,0.13888888888891415,0.0,122.22222222222223,1
489,360.3,2.5166666666666515,1.1277777777777942,0.13888888888891415,18.119999999996594,nan,0
490,361.4277777777778,1.1277777777777942,2.1777777777777487,0.13888888888891415,8.119999999998642,61.111111111111114,0
491,363.60555555555555,2.1777777777777487,0.0,0.13888888888891415,15.679999999996939,nan,0
492,363.60555555555555,0.0,1.0277777777777715,0.13888888888891415,0.0,nan,0
493,364.6333333333333,1.0277777777777715,0.0,0.13888888888891415,7.399999999998609,nan,0
494,364.6333333333333,0.0,0.0,0.13888888888891415,0.0,nan,0
495,364.6333333333333,0.0,1.0611111111111313,0.13888888888891415,0.0,nan,0
496,365.69444444444446,1.0611111111111313,0.0,0.13888888888891415,7.639999999998756,105.55555555555556,0
497,365.69444444444446,0.0,1.0722222222221944,0.13888888888891415,0.0,105.55555555555556,1
498,366.76666666666665,1.0722222222221944,0.0,0.13888888888891415,7.719999999998396,22.22222222222222,0
499,366.76666666666665,0.0,1.1111111111111427,0.13888888888891415,0.0,22.22222222222222,0
500,367.8777777777778,1.1111111111111427,0.0,0.13888888888891415,7.9999999999987725,nan,0
501,367.8777777777778,0.0,1.1111111111110858,0.13888888888891415,0.0,nan,0
502,368.9888888888889,1.1111111111110858,2.077777777777783,0.13888888888891415,7.999999999998363,nan,0
503,371.06666666666666,2.077777777777783,0.0,0.13888888888891415,14.959999999997315,nan,0
504,371.06666666666666,0.0,1.02222222222224,0.13888888888891415,0.0,nan,0
505,372.0888888888889,1.02222222222224,0.0,0.13888888888891415,7.359999999998789,nan,0
506,372.0888888888889,0.0,1.0666666666666629,0.13888888888891415,0.0,nan,0
507,373.15555555555557,1.0666666666666629,0.0,0.13888888888891415,7.679999999998576,30.555555555555557,0
508,373.15555555555557,0.0,0.0,0.13888888888891415,0.0,30.555555555555557,0
509,373.15555555555557,0.0,2.1777777777777487,0.13888888888891415,0.0,30.555555555555557,0
510,375.3333333333333,2.1777777777777487,0.0,0.13888888888891415,15.679999999996939,nan,0
511,375.3333333333333,0.0,0.0,0.13888888888891415,0.0,nan,0
512,375.3333333333333,0.0,1.0388888888888914,0.13888888888891415,0.0,nan,0
513,376.3722222222222,1.0388888888888914,1.02222222222224,0.13888888888891415,7.4799999999986575,nan,0
514,377.39444444444445,1.02222222222224,1.1222222222222058,0.13888888888891415,7.359999999998789,nan,0
515,378.51666666666665,1.1222222222222058,0.0,0.13888888888891415,8.079999999998412,nan,0
516,378.51666666666665,0.0,1.161111111111154,0.13888888888891415,0.0,nan,0
517,379.6777777777778,1.161111111111154,0.0,0.13888888888891415,8.359999999998788,nan,0
518,379.6777777777778,0.0,1.1888888888888687,0.13888888888891415,0.0,nan,0
519,380.8666666666667,1.1888888888888687,2.349999999999966,0.13888888888891415,8.559999999998297,72.22222222222223,0
520,383.21666666666664,2.349999999999966,1.1833333333333371,0.13888888888891415,16.919999999996676,nan,0
521,384.4,1.1833333333333371,2.3611111111111427,0.13888888888891415,8.519999999998477,41.666666666666664,0
522,386.7611111111111,2.3611111111111427,1.099999999999966,0.13888888888891415,16.999999999997137,nan,0
523,387.8611111111111,1.099999999999966,2.3055555555555998,0.13888888888891415,7.919999999998314,52.77777777777778,0
524,390.1666666666667,2.3055555555555998,0.0,0.13888888888891415,16.599999999997298,nan,0
525,390.1666666666667,0.0,1.1888888888888687,0.13888888888891415,0.0,nan,0
526,391.35555555555555,1.1888888888888687,0.0,0.13888888888891415,8.559999999998297,58.333333333333336,0
527,391.35555555555555,0.0,2.433333333333337,0.13888888888891415,0.0,58.333333333333336,0
528,393.7888888888889,2.433333333333337,0.0,0.13888888888891415,17.51999999999684,nan,0
529,393.7888888888889,0.0,1.1444444444444457,0.13888888888891415,0.0,nan,0
530,394.93333333333334,1.1444444444444457,2.3444444444444343,0.13888888888891415,8.23999999999851,77.77777777777777,0
531,397.27777777777777,2.3444444444444343,1.1333333333333258,0.13888888888891415,16.87999999999686,nan,0
532,398.4111111111111,1.1333333333333258,0.0,0.13888888888891415,8.159999999998462,66.66666666666667,0
533,398.4111111111111,0.0,0.0,0.13888888888891415,0.0,66.66666666666667,0
534,398.4111111111111,0.0,2.2888888888888914,0.13888888888891415,0.0,66.66666666666667,0
535,400.7,2.2888888888888914,1.0888888888889028,0.13888888888891415,16.47999999999702,nan,0
536,401.7888888888889,1.0888888888889028,2.4055555555555657,0.13888888888891415,7.839999999998674,66.66666666666667,0
537,404.19444444444446,2.4055555555555657,0.0,0.13888888888891415,17.319999999996924,nan,0
538,404.19444444444446,0.0,1.1888888888888687,0.13888888888891415,0.0,nan,0
539,405.3833333333333,1.1888888888888687,0.0,0.13888888888891415,8.559999999998297,nan,0
540,405.3833333333333,0.0,2.2666666666666515,0.13888888888891415,0.0,nan,0
541,407.65,2.2666666666666515,1.1222222222222626,0.13888888888891415,16.319999999996924,nan,0
542,408.77222222222224,1.1222222222222626,2.294444444444423,0.13888888888891415,8.07999999999882,nan,0
543,411.06666666666666,2.294444444444423,1.1222222222222058,0.13888888888891415,16.51999999999684,nan,0
544,412.18888888888887,1.1222222222222058,0.0,0.13888888888891415,8.079999999998412,nan,0
545,412.18888888888887,0.0,2.2333333333333485,0.13888888888891415,0.0,nan,0
546,414.4222222222222,2.2333333333333485,1.1555555555555657,0.13888888888891415,16.079999999997185,nan,0
547,415.5777777777778,1.1555555555555657,0.0,0.13888888888891415,8.31999999999856,nan,0
548,415.5777777777778,0.0,7.883333333333326,0.13888888888891415,0.0,nan,0
549,423.4611111111111,7.883333333333326,0.9833333333333485,0.13888888888891415,56.759999999989624,nan,0
550,424.44444444444446,0.9833333333333485,0.0,0.13888888888891415,7.0799999999988215,nan,0
551,424.44444444444446,0.0,0.0,0.13888888888891415,0.0,nan,0
552,424.44444444444446,0.0,1.055555555555543,0.13888888888891415,0.0,nan,0
553,425.5,1.055555555555543,1.1333333333333258,0.13888888888891415,7.599999999998527,nan,0
554,426.6333333333333,1.1333333333333258,2.4833333333333485,0.13888888888891415,8.159999999998462,13.88888888888889,0
555,429.1166666666667,2.4833333333333485,1.1722222222222172,0.13888888888891415,17.87999999999686,nan,0
556,430.2888888888889,1.1722222222222172,0.0,0.13888888888891415,8.43999999999843,58.333333333333336,0
557,430.2888888888889,0.0,0.0,0.13888888888891415,0.0,58.333333333333336,0
558,430.2888888888889,0.0,0.8722222222222058,0.13888888888891415,0.0,58.333333333333336,0
559,431.1611111111111,0.8722222222222058,1.444444444444457,0.13888888888891415,6.279999999998739,125.0,0
560,432.60555555555555,1.444444444444457,1.1388888888889142,0.13888888888891415,10.3999999999982,nan,0
561,433.74444444444447,1.1388888888889142,2.111111111111086,0.13888888888891415,8.19999999999869,36.111111111111114,0
562,435.85555555555555,2.111111111111086,0.055555555555542924,0.13888888888891415,15.199999999997054,nan,0
563,435.9111111111111,0.055555555555542924,1.01111111111112,0.13888888888891415,0.39999999999983626,nan,0
564,436.9222222222222,1.01111111111112,0.0,0.13888888888891415,7.279999999998739,nan,0
565,436.9222222222222,0.0,1.0777777777777828,0.13888888888891415,0.0,nan,0
566,438.0,1.0777777777777828,1.1222222222222058,0.13888888888891415,7.759999999998625,nan,0
567,439.1222222222222,1.1222222222222058,0.0,0.13888888888891415,8.079999999998412,nan,0
568,439.1222222222222,0.0,1.2222222222222285,0.13888888888891415,0.0,nan,0
569,440.34444444444443,1.2222222222222285,3.7222222222222285,0.13888888888891415,8.799999999998445,nan,0
570,444.06666666666666,3.7222222222222285,1.1055555555555543,0.13888888888891415,26.79999999999517,nan,0
571,445.1722222222222,1.1055555555555543,2.1888888888888687,0.13888888888891415,7.959999999998543,111.11111111111111,0
572,447.3611111111111,2.1888888888888687,0.0,0.13888888888891415,15.759999999996987,nan,0
573,447.3611111111111,0.0,1.0944444444444912,0.13888888888891415,0.0,nan,0
574,448.4555555555556,1.0944444444444912,0.0,0.13888888888891415,7.879999999998903,nan,0
575,448.4555555555556,0.0,1.0611111111110745,0.13888888888891415,0.0,nan,0
576,449.51666666666665,1.0611111111110745,1.0833333333333712,0.13888888888891415,7.639999999998347,138.88888888888889,0
577,450.6,1.0833333333333712,0.0,0.13888888888891415,7.799999999998854,nan,0
578,450.6,0.0,1.1222222222222058,0.13888888888891415,0.0,nan,0
579,451.72222222222223,1.1222222222222058,0.0,0.13888888888891415,8.079999999998412,nan,0
580,451.72222222222223,0.0,0.0,0.13888888888891415,0.0,nan,0
581,451.72222222222223,0.0,1.1055555555555543,0.13888888888891415,0.0,nan,0
582,452.8277777777778,1.1055555555555543,2.1388888888888573,0.13888888888891415,7.959999999998543,30.555555555555557,0
583,454.96666666666664,2.1388888888888573,1.02222222222224,0.13888888888891415,15.399999999996972,nan,0
584,455.9888888888889,1.02222222222224,0.0,0.13888888888891415,7.359999999998789,nan,0
585,455.9888888888889,0.0,1.0888888888889028,0.13888888888891415,0.0,nan,0
586,457.0777777777778,1.0888888888889028,0.0,0.13888888888891415,7.839999999998674,nan,0
587,457.0777777777778,0.0,2.0722222222221944,0.13888888888891415,0.0,nan,0
588,459.15,2.0722222222221944,1.01111111111112,0.13888888888891415,14.919999999997087,nan,0
589,460.1611111111111,1.01111111111112,0.9777777777778169,0.13888888888891415,7.279999999998739,nan,0
590,461.1388888888889,0.9777777777778169,2.1944444444444002,0.13888888888891415,7.039999999999002,nan,0
591,463.3333333333333,2.1944444444444002,0.0,0.13888888888891415,15.799999999996807,nan,0
592,463.3333333333333,0.0,1.1444444444444457,0.13888888888891415,0.0,nan,0
593,464.47777777777776,1.1444444444444457,1.1000000000000227,0.13888888888891415,8.23999999999851,nan,0
594,465.5777777777778,1.1000000000000227,1.1000000000000227,0.13888888888891415,7.919999999998723,nan,0
595,466.6777777777778,1.1000000000000227,1.0666666666666629,0.13888888888891415,7.919999999998723,nan,0
596,467.74444444444447,1.0666666666666629,0.0,0.13888888888891415,7.679999999998576,nan,0
597,467.74444444444447,0.0,1.1222222222222058,0.13888888888891415,0.0,nan,0
598,468.8666666666667,1.1222222222222058,0.0,0.13888888888891415,8.079999999998412,25.0,0
599,468.8666666666667,0.0,2.3222222222221944,0.13888888888891415,0.0,25.0,0
600,471.18888888888887,2.3222222222221944,1.1000000000000227,0.13888888888891415,16.71999999999676,nan,0
601,472.2888888888889,1.1000000000000227,0.0,0.13888888888891415,7.919999999998723,nan,0
602,472.2888888888889,0.0,0.0,0.13888888888891415,0.0,nan,0
603,472.2888888888889,0.0,2.161111111111097,0.13888888888891415,0.0,nan,0
604,474.45,2.161111111111097,1.1333333333333258,0.13888888888891415,15.55999999999707,nan,0
605,475.5833333333333,1.1333333333333258,1.1388888888889142,0.13888888888891415,8.159999999998462,nan,0
606,476.72222222222223,1.1388888888889142,0.0,0.13888888888891415,8.19999999999869,nan,0
607,476.72222222222223,0.0,1.1499999999999773,0.13888888888891415,0.0,nan,0
608,477.8722222222222,1.1499999999999773,0.0,0.13888888888891415,8.27999999999833,nan,0
609,477.8722222222222,0.0,1.1555555555555657,0.13888888888891415,0.0,nan,0
610,479.02777777777777,1.1555555555555657,0.0,0.13888888888891415,8.31999999999856,nan,0
611,479.02777777777777,0.0,1.1777777777778056,0.13888888888891415,0.0,nan,0
612,480.2055555555556,1.1777777777778056,0.0,0.13888888888891415,8.479999999998658,77.77777777777777,0
613,480.2055555555556,0.0,0.0,0.13888888888891415,0.0,77.77777777777777,0
614,480.2055555555556,0.0,2.4833333333332916,0.13888888888891415,0.0,77.77777777777777,0
615,482.68888888888887,2.4833333333332916,0.0,0.13888888888891415,17.879999999996446,nan,0
616,482.68888888888887,0.0,0.0,0.13888888888891415,0.0,nan,0
617,482.68888888888887,0.0,1.1111111111111427,0.13888888888891415,0.0,nan,0
618,483.8,1.1111111111111427,0.0,0.13888888888891415,7.9999999999987725,138.88888888888889,0
619,483.8,0.0,0.8055555555555429,0.13888888888891415,0.0,138.88888888888889,1
620,484.60555555555555,0.8055555555555429,1.444444444444457,0.13888888888891415,5.799999999998854,86.11111111111111,0
621,486.05,1.444444444444457,0.0,0.13888888888891415,10.3999999999982,nan,0
622,486.05,0.0,1.1388888888888573,0.13888888888891415,0.0,nan,0
623,487.18888888888887,1.1388888888888573,0.0,0.13888888888891415,8.199999999998282,30.555555555555557,0
624,487.18888888888887,0.0,2.29444444444448,0.13888888888891415,0.0,30.555555555555557,0
625,489.48333333333335,2.29444444444448,0.0,0.13888888888891415,16.51999999999725,nan,0
626,489.48333333333335,0.0,1.1222222222222058,0.13888888888891415,0.0,nan,0
627,490.60555555555555,1.1222222222222058,1.0777777777777828,0.13888888888891415,8.079999999998412,nan,0
628,491.68333333333334,1.0777777777777828,0.0,0.13888888888891415,7.759999999998625,138.88888888888889,0
629,491.68333333333334,0.0,0.0,0.13888888888891415,0.0,138.88888888888889,1
630,491.68333333333334,0.0,1.1722222222222172,0.13888888888891415,0.0,138.88888888888889,1
631,492.85555555555555,1.1722222222222172,1.194444444444457,0.13888888888891415,8.43999999999843,nan,0
632,494.05,1.194444444444457,2.4277777777777487,0.13888888888891415,8.599999999998527,nan,0
633,496.47777777777776,2.4277777777777487,1.1166666666666742,0.13888888888891415,17.47999999999661,nan,0
634,497.59444444444443,1.1166666666666742,0.0,0.13888888888891415,8.039999999998592,83.33333333333333,0
635,497.59444444444443,0.0,0.0,0.13888888888891415,0.0,83.33333333333333,0
636,497.59444444444443,0.0,2.3833333333333258,0.13888888888891415,0.0,83.33333333333333,0
637,499.97777777777776,2.3833333333333258,0.0,0.13888888888891415,17.159999999996824,nan,0
638,499.97777777777776,0.0,1.2000000000000455,0.13888888888891415,0.0,nan,0
639,501.1777777777778,1.2000000000000455,2.327777777777726,0.13888888888891415,8.639999999998755,55.55555555555556,0
640,503.50555555555553,2.327777777777726,0.0,0.13888888888891415,16.759999999996577,nan,0
641,503.50555555555553,0.0,1.1277777777777942,0.13888888888891415,0.0,nan,0
642,504.6333333333333,1.1277777777777942,0.0,0.13888888888891415,8.119999999998642,nan,0
643,504.6333333333333,0.0,0.0,0.13888888888891415,0.0,nan,0
644,504.6333333333333,0.0,2.1666666666666856,0.13888888888891415,0.0,nan,0
645,506.8,2.1666666666666856,1.1222222222222058,0.13888888888891415,15.5999999999973,nan,0
646,507.9222222222222,1.1222222222222058,0.0,0.13888888888891415,8.079999999998412,nan,0
647,507.9222222222222,0.0,1.1333333333333258,0.13888888888891415,0.0,nan,0
648,509.05555555555554,1.1333333333333258,1.1888888888889255,0.13888888888891415,8.159999999998462,nan,0
649,510.24444444444447,1.1888888888889255,0.0,0.13888888888891415,8.559999999998707,nan,0
650,510.24444444444447,0.0,1.1666666666666288,0.13888888888891415,0.0,nan,0
651,511.4111111111111,1.1666666666666288,0.0,0.13888888888891415,8.3999999999982,nan,0
652,511.4111111111111,0.0,1.2333333333332916,0.13888888888891415,0.0,nan,0
653,512.6444444444444,1.2333333333332916,0.0,0.13888888888891415,8.879999999998084,150.0,0
654,512.6444444444444,0.0,0.0,0.13888888888891415,0.0,150.0,1
655,512.6444444444444,0.0,2.4833333333333485,0.13888888888891415,0.0,150.0,1
656,515.1277777777777,2.4833333333333485,1.1722222222222172,0.13888888888891415,17.87999999999686,nan,0
657,516.3,1.1722222222222172,0.0,0.13888888888891415,8.43999999999843,133.33333333333334,0
658,516.3,0.0,0.0,0.13888888888891415,0.0,133.33333333333334,1
659,516.3,0.0,2.300000000000068,0.13888888888891415,0.0,133.33333333333334,1
660,518.6,2.300000000000068,1.0833333333332575,0.13888888888891415,16.55999999999748,nan,0
661,519.6833333333333,1.0833333333332575,0.0,0.13888888888891415,7.799999999998035,44.44444444444444,0
662,519.6833333333333,0.0,0.8500000000000227,0.13888888888891415,0.0,44.44444444444444,0
663,520.5333333333333,0.8500000000000227,1.2666666666666515,0.13888888888891415,6.119999999999051,125.0,0
664,521.8,1.2666666666666515,0.0,0.13888888888891415,9.119999999998232,nan,0
665,521.8,0.0,1.1444444444445026,0.13888888888891415,0.0,nan,0
666,522.9444444444445,1.1444444444445026,1.066666666666606,0.13888888888891415,8.23999999999892,nan,0
667,524.0111111111111,1.066666666666606,0.06666666666671972,0.13888888888891415,7.6799999999981665,161.11111111111111,0
668,524.0777777777778,0.06666666666671972,1.1277777777777374,0.13888888888891415,0.4800000000002947,144.44444444444446,1
669,525.2055555555555,1.1277777777777374,0.0,0.13888888888891415,8.119999999998232,nan,0
670,525.2055555555555,0.0,1.0888888888889596,0.13888888888891415,0.0,nan,0
671,526.2944444444445,1.0888888888889596,0.0,0.13888888888891415,7.839999999999083,nan,0
672,526.2944444444445,0.0,0.0,0.13888888888891415,0.0,nan,0
673,526.2944444444445,0.0,1.1166666666666742,0.13888888888891415,0.0,nan,0
674,527.4111111111112,1.1166666666666742,2.3555555555554974,0.13888888888891415,8.039999999998592,94.44444444444444,0
675,529.7666666666667,2.3555555555554974,1.1166666666666742,0.13888888888891415,16.959999999996498,nan,0
676,530.8833333333333,1.1166666666666742,0.8777777777777374,0.13888888888891415,8.039999999998592,55.55555555555556,0
677,531.7611111111111,0.8777777777777374,1.2944444444444798,0.13888888888891415,6.31999999999856,130.55555555555554,0
678,533.0555555555555,1.2944444444444798,1.1277777777777374,0.13888888888891415,9.31999999999856,nan,0
679,534.1833333333333,1.1277777777777374,2.327777777777783,0.13888888888891415,8.119999999998232,nan,0
680,536.5111111111111,2.327777777777783,0.0,0.13888888888891415,16.75999999999699,nan,0
681,536.5111111111111,0.0,1.2000000000000455,0.13888888888891415,0.0,nan,0
682,537.7111111111111,1.2000000000000455,0.0,0.13888888888891415,8.639999999998755,nan,0
683,537.7111111111111,0.0,1.194444444444457,0.13888888888891415,0.0,nan,0
684,538.9055555555556,1.194444444444457,0.0,0.13888888888891415,8.599999999998527,133.33333333333334,0
685,538.9055555555556,0.0,2.5611111111111313,0.13888888888891415,0.0,133.33333333333334,1
686,541.4666666666667,2.5611111111111313,3.555555555555543,0.13888888888891415,18.43999999999679,nan,0
687,545.0222222222222,3.555555555555543,1.1611111111110404,0.13888888888891415,25.59999999999525,nan,0
688,546.1833333333333,1.1611111111110404,0.0,0.13888888888891415,8.35999999999797,144.44444444444446,0
689,546.1833333333333,0.0,2.4166666666667425,0.13888888888891415,0.0,144.44444444444446,1
690,548.6,2.4166666666667425,0.0,0.13888888888891415,17.39999999999738,nan,0
691,548.6,0.0,1.1444444444443889,0.13888888888891415,0.0,nan,0
692,549.7444444444444,1.1444444444443889,0.0,0.13888888888891415,8.239999999998101,41.666666666666664,0
693,549.7444444444444,0.0,2.22777777777776,0.13888888888891415,0.0,41.666666666666664,0
694,551.9722222222222,2.22777777777776,1.1388888888889142,0.13888888888891415,16.039999999996954,nan,0
695,553.1111111111111,1.1388888888889142,0.0,0.13888888888891415,8.19999999999869,nan,0
696,553.1111111111111,0.0,0.0,0.13888888888891415,0.0,nan,0
697,553.1111111111111,0.0,2.2444444444445253,0.13888888888891415,0.0,nan,0
698,555.3555555555556,2.2444444444445253,0.0,0.13888888888891415,16.15999999999764,nan,0
699,555.3555555555556,0.0,1.1055555555554974,0.13888888888891415,0.0,nan,0
700,556.4611111111111,1.1055555555554974,2.25,0.13888888888891415,7.959999999998134,nan,0
701,558.7111111111111,2.25,1.216666666666697,0.13888888888891415,16.199999999997054,nan,0
702,559.9277777777778,1.216666666666697,0.0,0.13888888888891415,8.759999999998625,nan,0
703,559.9277777777778,0.0,2.5611111111111313,0.13888888888891415,0.0,nan,0
704,562.4888888888889,2.5611111111111313,0.0,0.13888888888891415,18.43999999999679,nan,0
705,562.4888888888889,0.0,1.1499999999999773,0.13888888888891415,0.0,nan,0
706,563.6388888888889,1.1499999999999773,0.0,0.13888888888891415,8.27999999999833,47.22222222222222,0
707,563.6388888888889,0.0,0.0,0.13888888888891415,0.0,47.22222222222222,0
708,563.6388888888889,0.0,2.305555555555543,0.13888888888891415,0.0,47.22222222222222,0
709,565.9444444444445,2.305555555555543,0.0,0.13888888888891415,16.59999999999689,nan,0
710,565.9444444444445,0.0,1.161111111111154,0.13888888888891415,0.0,nan,0
711,567.1055555555556,1.161111111111154,2.272222222222126,0.13888888888891415,8.359999999998788,50.0,0
712,569.3777777777777,2.272222222222126,0.0,0.13888888888891415,16.359999999996333,nan,0
713,569.3777777777777,0.0,1.1111111111111995,0.13888888888891415,0.0,nan,0
714,570.4888888888889,1.1111111111111995,0.0,0.13888888888891415,7.999999999999181,nan,0
715,570.4888888888889,0.0,2.25,0.13888888888891415,0.0,nan,0
716,572.7388888888889,2.25,0.0,0.13888888888891415,16.199999999997054,nan,0
717,572.7388888888889,0.0,1.1055555555554974,0.13888888888891415,0.0,nan,0
718,573.8444444444444,1.1055555555554974,1.1388888888889142,0.13888888888891415,7.959999999998134,nan,0
719,574.9833333333333,1.1388888888889142,2.422222222222217,0.13888888888891415,8.19999999999869,66.66666666666667,0
720,577.4055555555556,2.422222222222217,1.1055555555554974,0.13888888888891415,17.43999999999679,nan,0
721,578.5111111111111,1.1055555555554974,0.0,0.13888888888891415,7.959999999998134,13.88888888888889,0
722,578.5111111111111,0.0,2.2222222222222854,0.13888888888891415,0.0,13.88888888888889,0
723,580.7333333333333,2.2222222222222854,1.1555555555555657,0.13888888888891415,15.999999999997545,nan,0
724,581.8888888888889,1.1555555555555657,1.1000000000000227,0.13888888888891415,8.31999999999856,nan,0
725,582.9888888888889,1.1000000000000227,1.2666666666666515,0.13888888888891415,7.919999999998723,172.22222222222223,0
726,584.2555555555556,1.2666666666666515,1.1555555555555657,0.13888888888891415,9.119999999998232,nan,0
727,585.4111111111112,1.1555555555555657,1.2166666666665833,0.13888888888891415,8.31999999999856,nan,0
728,586.6277777777777,1.2166666666665833,0.0,0.13888888888891415,8.759999999997806,150.0,0
729,586.6277777777777,0.0,2.52222222222224,0.13888888888891415,0.0,150.0,1
730,589.15,2.52222222222224,0.0,0.13888888888891415,18.159999999996824,nan,0
731,589.15,0.0,1.1000000000000227,0.13888888888891415,0.0,nan,0
732,590.25,1.1000000000000227,0.06111111111113132,0.13888888888891415,7.919999999998723,172.22222222222223,0
733,590.3111111111111,0.06111111111113132,2.25,0.13888888888891415,0.4400000000000655,150.0,1
734,592.5611111111111,2.25,1.0833333333332575,0.13888888888891415,16.199999999997054,nan,0
735,593.6444444444444,1.0833333333332575,0.0,0.13888888888891415,7.799999999998035,47.22222222222222,0
736,593.6444444444444,0.0,0.0,0.13888888888891415,0.0,47.22222222222222,0
737,593.6444444444444,0.0,0.8944444444445026,0.13888888888891415,0.0,47.22222222222222,0
738,594.5388888888889,0.8944444444445026,0.06666666666671972,0.13888888888891415,6.439999999999247,141.66666666666666,0
739,594.6055555555556,0.06666666666671972,1.2944444444443661,0.13888888888891415,0.4800000000002947,100.0,1
740,595.9,1.2944444444443661,1.1166666666666742,0.13888888888891415,9.31999999999774,nan,0
741,597.0166666666667,1.1166666666666742,0.055555555555542924,0.13888888888891415,8.039999999998592,nan,0
742,597.0722222222222,0.055555555555542924,1.1722222222222172,0.13888888888891415,0.39999999999983626,nan,0
743,598.2444444444444,1.1722222222222172,1.1777777777778056,0.13888888888891415,8.43999999999843,nan,0
744,599.4222222222222,1.1777777777778056,0.0,0.13888888888891415,8.479999999998658,nan,0
745,599.4222222222222,0.0,0.0,0.13888888888891415,0.0,nan,0
746,599.4222222222222,0.0,1.2055555555555202,0.13888888888891415,0.0,nan,0
747,600.6277777777777,1.2055555555555202,1.1000000000000227,0.13888888888891415,8.679999999998167,nan,0
748,601.7277777777778,1.1000000000000227,0.07222222222219443,0.13888888888891415,7.919999999998723,161.11111111111111,0
749,601.8,0.07222222222219443,2.444444444444457,0.13888888888891415,0.5199999999997054,127.77777777777777,1
750,604.2444444444444,2.444444444444457,0.0,0.13888888888891415,17.59999999999689,nan,0
751,604.2444444444444,0.0,0.0,0.13888888888891415,0.0,nan,0
752,604.2444444444444,0.0,3.75,0.13888888888891415,0.0,nan,0
753,607.9944444444444,3.75,0.0,0.13888888888891415,26.99999999999509,nan,0
754,607.9944444444444,0.0,1.183333333333394,0.13888888888891415,0.0,nan,0
755,609.1777777777778,1.183333333333394,0.0,0.13888888888891415,8.519999999998888,138.88888888888889,0
756,609.1777777777778,0.0,2.294444444444366,0.13888888888891415,0.0,138.88888888888889,1
757,611.4722222222222,2.294444444444366,0.0,0.13888888888891415,16.519999999996433,nan,0
758,611.4722222222222,0.0,1.1777777777778056,0.13888888888891415,0.0,nan,0
759,612.65,1.1777777777778056,0.0,0.13888888888891415,8.479999999998658,nan,0
760,612.65,0.0,0.0,0.13888888888891415,0.0,nan,0
761,612.65,0.0,2.2333333333333485,0.13888888888891415,0.0,nan,0
762,614.8833333333333,2.2333333333333485,1.1111111111110858,0.13888888888891415,16.079999999997185,nan,0
763,615.9944444444444,1.1111111111110858,2.388888888888914,0.13888888888891415,7.999999999998363,nan,0
764,618.3833333333333,2.388888888888914,0.0,0.13888888888891415,17.199999999997054,nan,0
765,618.3833333333333,0.0,1.2333333333333485,0.13888888888891415,0.0,nan,0
766,619.6166666666667,1.2333333333333485,0.0,0.13888888888891415,8.879999999998494,52.77777777777778,0
767,619.6166666666667,0.0,2.47777777777776,0.13888888888891415,0.0,52.77777777777778,0
768,622.0944444444444,2.47777777777776,0.0,0.13888888888891415,17.83999999999663,nan,0
769,622.0944444444444,0.0,1.1499999999999773,0.13888888888891415,0.0,nan,0
770,623.2444444444444,1.1499999999999773,0.0,0.13888888888891415,8.27999999999833,36.111111111111114,0
771,623.2444444444444,0.0,0.0,0.13888888888891415,0.0,36.111111111111114,0
772,623.2444444444444,0.0,2.305555555555543,0.13888888888891415,0.0,36.111111111111114,0
773,625.55,2.305555555555543,1.1444444444445026,0.13888888888891415,16.59999999999689,nan,0
774,626.6944444444445,1.1444444444445026,2.199999999999932,0.13888888888891415,8.23999999999892,nan,0
775,628.8944444444444,2.199999999999932,1.1166666666666742,0.13888888888891415,15.839999999996628,nan,0
776,630.0111111111111,1.1166666666666742,2.4611111111111086,0.13888888888891415,8.039999999998592,nan,0
777,632.4722222222222,2.4611111111111086,0.0,0.13888888888891415,17.71999999999676,nan,0
778,632.4722222222222,0.0,1.1777777777778056,0.13888888888891415,0.0,nan,0
779,633.65,1.1777777777778056,0.0,0.13888888888891415,8.479999999998658,nan,0
780,633.65,0.0,0.0,0.13888888888891415,0.0,nan,0
781,633.65,0.0,2.422222222222217,0.13888888888891415,0.0,nan,0
782,636.0722222222222,2.422222222222217,0.0,0.13888888888891415,17.43999999999679,nan,0
783,636.0722222222222,0.0,1.183333333333394,0.13888888888891415,0.0,nan,0
784,637.2555555555556,1.183333333333394,2.283333333333303,0.13888888888891415,8.519999999998888,nan,0
785,639.5388888888889,2.283333333333303,1.0944444444444343,0.13888888888891415,16.43999999999679,nan,0
786,640.6333333333333,1.0944444444444343,1.1888888888888687,0.13888888888891415,7.8799999999984935,nan,0
787,641.8222222222222,1.1888888888888687,1.216666666666697,0.13888888888891415,8.559999999998297,141.66666666666666,0
788,643.0388888888889,1.216666666666697,1.2666666666666515,0.13888888888891415,8.759999999998625,nan,0
789,644.3055555555555,1.2666666666666515,0.0,0.13888888888891415,9.119999999998232,nan,0
790,644.3055555555555,0.0,0.0,0.13888888888891415,0.0,nan,0
791,644.3055555555555,0.0,1.22777777777776,0.13888888888891415,0.0,nan,0
792,645.5333333333333,1.22777777777776,1.2000000000000455,0.13888888888891415,8.839999999998264,144.44444444444446,0
793,646.7333333333333,1.2000000000000455,0.0,0.13888888888891415,8.639999999998755,nan,0
794,646.7333333333333,0.0,1.194444444444457,0.13888888888891415,0.0,nan,0
795,647.9277777777778,1.194444444444457,1.1999999999999318,0.13888888888891415,8.599999999998527,nan,0
796,649.1277777777777,1.1999999999999318,0.0,0.13888888888891415,8.639999999997936,nan,0
797,649.1277777777777,0.0,1.2277777777778738,0.13888888888891415,0.0,nan,0
798,650.3555555555556,1.2277777777778738,0.0,0.13888888888891415,8.839999999999083,nan,0
799,650.3555555555556,0.0,1.2111111111111086,0.13888888888891415,0.0,nan,0
800,651.5666666666667,1.2111111111111086,0.0,0.13888888888891415,8.719999999998395,13.88888888888889,0
801,651.5666666666667,0.0,0.0,0.13888888888891415,0.0,13.88888888888889,0
802,651.5666666666667,0.0,2.283333333333303,0.13888888888891415,0.0,13.88888888888889,0
803,653.85,2.283333333333303,1.1999999999999318,0.13888888888891415,16.43999999999679,nan,0
804,655.05,1.1999999999999318,0.0,0.13888888888891415,8.639999999997936,nan,0
805,655.05,0.0,0.0,0.13888888888891415,0.0,nan,0
806,655.05,0.0,2.444444444444457,0.13888888888891415,0.0,nan,0
807,657.4944444444444,2.444444444444457,1.1333333333333258,0.13888888888891415,17.59999999999689,nan,0
808,658.6277777777777,1.1333333333333258,1.1000000000000227,0.13888888888891415,8.159999999998462,nan,0
809,659.7277777777778,1.1000000000000227,0.0,0.13888888888891415,7.919999999998723,nan,0
810,659.7277777777778,0.0,1.127777777777851,0.13888888888891415,0.0,nan,0
811,660.8555555555556,1.127777777777851,0.0,0.13888888888891415,8.11999999999905,nan,0
812,660.8555555555556,0.0,1.1166666666665606,0.13888888888891415,0.0,nan,0
813,661.9722222222222,1.1166666666665606,0.0,0.13888888888891415,8.039999999997773,nan,0
814,661.9722222222222,0.0,1.1055555555556111,0.13888888888891415,0.0,nan,0
815,663.0777777777778,1.1055555555556111,2.316666666666606,0.13888888888891415,7.959999999998952,83.33333333333333,0
816,665.3944444444444,2.316666666666606,0.0,0.13888888888891415,16.67999999999653,nan,0
817,665.3944444444444,0.0,1.183333333333394,0.13888888888891415,0.0,nan,0
818,666.5777777777778,1.183333333333394,0.0,0.13888888888891415,8.519999999998888,38.888888888888886,0
819,666.5777777777778,0.0,2.3666666666666742,0.13888888888891415,0.0,38.888888888888886,0
820,668.9444444444445,2.3666666666666742,0.0,0.13888888888891415,17.039999999996954,nan,0
821,668.9444444444445,0.0,1.1222222222222626,0.13888888888891415,0.0,nan,0
822,670.0666666666667,1.1222222222222626,1.0944444444444343,0.13888888888891415,8.07999999999882,nan,0
823,671.1611111111112,1.0944444444444343,0.0,0.13888888888891415,7.8799999999984935,138.88888888888889,0
824,671.1611111111112,0.0,0.0,0.13888888888891415,0.0,138.88888888888889,1
825,671.1611111111112,0.0,1.1055555555554974,0.13888888888891415,0.0,138.88888888888889,1
826,672.2666666666667,1.1055555555554974,1.0500000000000682,0.13888888888891415,7.959999999998134,nan,0
827,673.3166666666667,1.0500000000000682,1.0277777777777146,0.13888888888891415,7.559999999999116,nan,0
828,674.3444444444444,1.0277777777777146,2.0722222222221944,0.13888888888891415,7.399999999998199,nan,0
829,676.4166666666666,2.0722222222221944,1.0444444444444798,0.13888888888891415,14.919999999997087,nan,0
830,677.4611111111111,1.0444444444444798,1.0777777777777828,0.13888888888891415,7.519999999998887,nan,0
831,678.5388888888889,1.0777777777777828,0.0,0.13888888888891415,7.759999999998625,nan,0
832,678.5388888888889,0.0,0.0,0.13888888888891415,0.0,nan,0
833,678.5388888888889,0.0,1.408333333333303,0.13888888888891415,0.0,nan,0
834,679.9472222222222,1.408333333333303,0.8583333333333485,0.13888888888891415,10.139999999997936,91.66666666666667,0
835,680.8055555555555,0.8583333333333485,0.0,0.13888888888891415,6.179999999998985,19.444444444444443,0
836,680.8055555555555,0.0,0.0,0.13888888888891415,0.0,19.444444444444443,0
837,680.8055555555555,0.0,0.13888888888891415,0.13888888888891415,0.0,19.444444444444443,0
838,680.9444444444445,0.13888888888891415,0.9499999999999318,0.13888888888891415,1.0,8.333333333333334,0
839,681.8944444444444,0.9499999999999318,0.0,0.13888888888891415,6.839999999998264,nan,0
840,681.8944444444444,0.0,0.0,0.13888888888891415,0.0,nan,0
841,681.8944444444444,0.0,1.0833333333333712,0.13888888888891415,0.0,nan,0
842,682.9777777777778,1.0833333333333712,0.0,0.13888888888891415,7.799999999998854,nan,0
843,682.9777777777778,0.0,2.2111111111111086,0.13888888888891415,0.0,nan,0
844,685.1888888888889,2.2111111111111086,1.1166666666666742,0.13888888888891415,15.919999999997087,nan,0
845,686.3055555555555,1.1166666666666742,0.0,0.13888888888891415,8.039999999998592,30.555555555555557,0
846,686.3055555555555,0.0,1.0722222222221944,0.13888888888891415,0.0,30.555555555555557,0
847,687.3777777777777,1.0722222222221944,1.0722222222223081,0.13888888888891415,7.719999999998396,125.0,0
848,688.45,1.0722222222223081,0.0,0.13888888888891415,7.719999999999215,36.111111111111114,0
849,688.45,0.0,1.0,0.13888888888891415,0.0,36.111111111111114,0
850,689.45,1.0,0.0,0.13888888888891415,7.19999999999869,25.0,0
851,689.45,0.0,0.0,0.13888888888891415,0.0,25.0,0
852,689.45,0.0,0.7916666666666288,0.13888888888891415,0.0,25.0,0
853,690.2416666666667,0.7916666666666288,0.0,0.13888888888891415,5.69999999999869,nan,0
854,690.2416666666667,0.0,0.3083333333332803,0.13888888888891415,0.0,nan,0
855,690.55,0.3083333333332803,0.0,0.13888888888891415,2.219999999999214,nan,0
856,690.55,0.0,1.2666666666667652,0.13888888888891415,0.0,nan,0
857,691.8166666666667,1.2666666666667652,0.9444444444443434,0.13888888888891415,9.11999999999905,61.111111111111114,0
858,692.7611111111111,0.9444444444443434,1.1333333333333258,0.13888888888891415,6.799999999998035,19.444444444444443,0
859,693.8944444444444,1.1333333333333258,0.9527777777777828,0.13888888888891415,8.159999999998462,30.555555555555557,0
860,694.8472222222222,0.9527777777777828,0.1527777777778283,0.13888888888891415,6.859999999998789,52.77777777777778,0
861,695.0,0.1527777777778283,0.0,0.13888888888891415,1.1000000000001637,nan,0
862,695.0,0.0,0.0,0.13888888888891415,0.0,nan,0
863,695.0,0.0,2.161111111111154,0.13888888888891415,0.0,nan,0
864,697.1611111111112,2.161111111111154,1.0444444444443661,0.13888888888891415,15.559999999997478,nan,0
865,698.2055555555555,1.0444444444443661,1.0277777777778283,0.13888888888891415,7.519999999998069,27.77777777777778,0
866,699.2333333333333,1.0277777777778283,1.055555555555543,0.13888888888891415,7.399999999999018,22.22222222222222,0
867,700.2888888888889,1.055555555555543,0.0,0.13888888888891415,7.599999999998527,38.888888888888886,0
868,700.2888888888889,0.0,0.7416666666666742,0.13888888888891415,0.0,38.888888888888886,0
869,701.0305555555556,0.7416666666666742,0.30277777777780557,0.13888888888891415,5.339999999999083,nan,0
870,701.3333333333334,0.30277777777780557,0.0,0.13888888888891415,2.1799999999998034,nan,0
871,701.3333333333334,0.0,0.0,0.13888888888891415,0.0,nan,0
872,701.3333333333334,0.0,1.0416666666666288,0.13888888888891415,0.0,nan,0
873,702.375,1.0416666666666288,0.0,0.13888888888891415,7.499999999998363,116.66666666666667,0
874,702.375,0.0,0.0,0.13888888888891415,0.0,116.66666666666667,1
875,702.375,0.0,0.8777777777777374,0.13888888888891415,0.0,116.66666666666667,1
876,703.2527777777777,0.8777777777777374,0.11111111111119953,0.13888888888891415,6.31999999999856,227.77777777777777,0
877,703.3638888888889,0.11111111111119953,0.07222222222219443,0.13888888888891415,0.8000000000004911,nan,0
878,703.4361111111111,0.07222222222219443,1.0972222222221717,0.13888888888891415,0.5199999999997054,nan,0
879,704.5333333333333,1.0972222222221717,0.0,0.13888888888891415,7.899999999998199,nan,0
880,704.5333333333333,0.0,1.0666666666667197,0.13888888888891415,0.0,nan,0
881,705.6,1.0666666666667197,0.0,0.13888888888891415,7.679999999998985,nan,0
882,705.6,0.0,0.0,0.13888888888891415,0.0,nan,0
883,705.6,0.0,1.0722222222221944,0.13888888888891415,0.0,nan,0
884,706.6722222222222,1.0722222222221944,2.055555555555543,0.13888888888891415,7.719999999998396,nan,0
885,708.7277777777778,2.055555555555543,1.0111111111111768,0.13888888888891415,14.799999999997217,nan,0
886,709.7388888888889,1.0111111111111768,0.0,0.13888888888891415,7.2799999999991485,nan,0
887,709.7388888888889,0.0,1.0444444444443661,0.13888888888891415,0.0,nan,0
888,710.7833333333333,1.0444444444443661,0.0,0.13888888888891415,7.519999999998069,nan,0
889,710.7833333333333,0.0,2.011111111111177,0.13888888888891415,0.0,nan,0
890,712.7944444444445,2.011111111111177,1.055555555555543,0.13888888888891415,14.479999999997839,nan,0
891,713.85,1.055555555555543,0.0,0.13888888888891415,7.599999999998527,41.666666666666664,0
892,713.85,0.0,1.1333333333333258,0.13888888888891415,0.0,41.666666666666664,0
893,714.9833333333333,1.1333333333333258,0.0,0.13888888888891415,8.159999999998462,97.22222222222223,0
894,714.9833333333333,0.0,2.305555555555543,0.13888888888891415,0.0,97.22222222222223,1
895,717.2888888888889,2.305555555555543,1.1055555555554974,0.13888888888891415,16.59999999999689,nan,0
896,718.3944444444444,1.1055555555554974,0.0,0.13888888888891415,7.959999999998134,nan,0
897,718.3944444444444,0.0,1.0166666666667652,0.13888888888891415,0.0,nan,0
898,719.4111111111112,1.0166666666667652,0.0,0.13888888888891415,7.319999999999378,nan,0
899,719.4111111111112,0.0,1.055555555555543,0.13888888888891415,0.0,nan,0
900,720.4666666666667,1.055555555555543,0.0,0.13888888888891415,7.599999999998527,25.0,0
901,720.4666666666667,0.0,0.0,0.13888888888891415,0.0,25.0,0
902,720.4666666666667,0.0,0.24166666666667425,0.13888888888891415,0.0,25.0,0
903,720.7083333333334,0.24166666666667425,0.14444444444438886,0.13888888888891415,1.739999999999738,19.444444444444443,0
904,720.8527777777778,0.14444444444438886,0.044444444444479814,0.13888888888891415,1.0399999999994107,25.0,0
905,720.8972222222222,0.044444444444479814,0.2888888888888914,0.13888888888891415,0.32000000000019646,30.555555555555557,0
906,721.1861111111111,0.2888888888888914,0.3305555555555202,0.13888888888891415,2.07999999999964,nan,0
907,721.5166666666667,0.3305555555555202,0.0,0.13888888888891415,2.3799999999993124,61.111111111111114,0
908,721.5166666666667,0.0,0.0,0.13888888888891415,0.0,61.111111111111114,0
909,721.5166666666667,0.0,0.4361111111111313,0.13888888888891415,0.0,61.111111111111114,0
910,721.9527777777778,0.4361111111111313,0.5805555555555202,0.13888888888891415,3.1399999999995742,47.22222222222222,0
911,722.5333333333333,0.5805555555555202,0.0,0.13888888888891415,4.179999999998985,22.22222222222222,0
912,722.5333333333333,0.0,0.0,0.13888888888891415,0.0,22.22222222222222,0
913,722.5333333333333,0.0,1.055555555555543,0.13888888888891415,0.0,22.22222222222222,0
914,723.5888888888888,1.055555555555543,0.0,0.13888888888891415,7.599999999998527,111.11111111111111,0
915,723.5888888888888,0.0,0.0,0.13888888888891415,0.0,111.11111111111111,1
916,723.5888888888888,0.0,1.0111111111111768,0.13888888888891415,0.0,111.11111111111111,1
917,724.6,1.0111111111111768,0.26388888888891415,0.13888888888891415,7.2799999999991485,22.22222222222222,0
918,724.8638888888889,0.26388888888891415,0.7527777777777374,0.13888888888891415,1.8999999999998363,nan,0
919,725.6166666666667,0.7527777777777374,0.0,0.13888888888891415,5.419999999998723,nan,0
920,725.6166666666667,0.0,1.0444444444444798,0.13888888888891415,0.0,nan,0
921,726.6611111111112,1.0444444444444798,0.0,0.13888888888891415,7.519999999998887,nan,0
922,726.6611111111112,0.0,0.0,0.13888888888891415,0.0,nan,0
923,726.6611111111112,0.0,2.1055555555554974,0.13888888888891415,0.0,nan,0
924,728.7666666666667,2.1055555555554974,0.1694444444444798,0.13888888888891415,15.159999999996824,nan,0
925,728.9361111111111,0.1694444444444798,0.0,0.13888888888891415,1.2200000000000328,nan,0
926,728.9361111111111,0.0,0.8972222222222399,0.13888888888891415,0.0,nan,0
927,729.8333333333334,0.8972222222222399,0.0,0.13888888888891415,6.459999999998952,50.0,0
928,729.8333333333334,0.0,1.0833333333332575,0.13888888888891415,0.0,50.0,0
929,730.9166666666666,1.0833333333332575,0.0,0.13888888888891415,7.799999999998035,8.333333333333334,0
930,730.9166666666666,0.0,0.375,0.13888888888891415,0.0,8.333333333333334,0
931,731.2916666666666,0.375,0.25833333333332575,0.13888888888891415,2.699999999999509,nan,0
932,731.55,0.25833333333332575,0.2944444444444798,0.13888888888891415,1.859999999999607,nan,0
933,731.8444444444444,0.2944444444444798,1.0055555555555884,0.13888888888891415,2.119999999999869,163.88888888888889,0
934,732.85,1.0055555555555884,0.13888888888891415,0.13888888888891415,7.239999999998919,nan,0
935,732.9888888888889,0.13888888888891415,0.8083333333332803,0.13888888888891415,1.0,nan,0
936,733.7972222222222,0.8083333333332803,0.1472222222222399,0.13888888888891415,5.81999999999856,13.88888888888889,0
937,733.9444444444445,0.1472222222222399,0.0,0.13888888888891415,1.0599999999999346,27.77777777777778,0
938,733.9444444444445,0.0,0.7194444444444343,0.13888888888891415,0.0,27.77777777777778,0
939,734.6638888888889,0.7194444444444343,0.0,0.13888888888891415,5.179999999998985,nan,0
940,734.6638888888889,0.0,0.28055555555556566,0.13888888888891415,0.0,nan,0
941,734.9444444444445,0.28055555555556566,0.07777777777778283,0.13888888888891415,2.019999999999705,nan,0
942,735.0222222222222,0.07777777777778283,0.0,0.13888888888891415,0.5599999999999346,nan,0
943,735.0222222222222,0.0,0.0,0.13888888888891415,0.0,nan,0
944,735.0222222222222,0.0,0.8944444444443889,0.13888888888891415,0.0,nan,0
945,735.9166666666666,0.8944444444443889,0.0,0.13888888888891415,6.439999999998428,nan,0
946,735.9166666666666,0.0,0.0,0.13888888888891415,0.0,nan,0
947,735.9166666666666,0.0,0.2666666666666515,0.13888888888891415,0.0,nan,0
948,736.1833333333333,0.2666666666666515,0.05555555555565661,0.13888888888891415,1.9199999999995416,180.55555555555554,0
949,736.2388888888889,0.05555555555565661,0.2055555555555202,0.13888888888891415,0.40000000000065483,161.11111111111111,1
950,736.4444444444445,0.2055555555555202,0.0,0.13888888888891415,1.4799999999994762,125.0,0
951,736.4444444444445,0.0,0.01666666666665151,0.13888888888891415,0.0,125.0,1
952,736.4611111111111,0.01666666666665151,0.4722222222221717,0.13888888888891415,0.11999999999986903,125.0,1
953,736.9333333333333,0.4722222222221717,0.06111111111113132,0.13888888888891415,3.3999999999990176,nan,0
954,736.9944444444444,0.06111111111113132,0.8277777777777828,0.13888888888891415,0.4400000000000655,133.33333333333334,1
955,737.8222222222222,0.8277777777777828,0.0,0.13888888888891415,5.959999999998952,19.444444444444443,0
956,737.8222222222222,0.0,0.0,0.13888888888891415,0.0,19.444444444444443,0
957,737.8222222222222,0.0,0.15555555555556566,0.13888888888891415,0.0,19.444444444444443,0
958,737.9777777777778,0.15555555555556566,0.08333333333337123,0.13888888888891415,1.119999999999869,38.888888888888886,0
959,738.0611111111111,0.08333333333337123,0.4888888888888232,0.13888888888891415,0.6000000000001637,38.888888888888886,0
960,738.55,0.4888888888888232,0.20000000000004547,0.13888888888891415,3.5199999999988867,25.0,0
961,738.75,0.20000000000004547,0.07777777777778283,0.13888888888891415,1.4400000000000654,nan,0
962,738.8277777777778,0.07777777777778283,0.0,0.13888888888891415,0.5599999999999346,nan,0
963,738.8277777777778,0.0,0.35555555555549745,0.13888888888891415,0.0,nan,0
964,739.1833333333333,0.35555555555549745,0.0,0.13888888888891415,2.559999999999116,nan,0
965,739.1833333333333,0.0,0.0,0.13888888888891415,0.0,nan,0
966,739.1833333333333,0.0,0.7055555555556339,0.13888888888891415,0.0,nan,0
967,739.8888888888889,0.7055555555556339,0.0,0.13888888888891415,5.0799999999996395,nan,0
968,739.8888888888889,0.0,0.0,0.13888888888891415,0.0,nan,0
969,739.8888888888889,0.0,0.5777777777777828,0.13888888888891415,0.0,nan,0
970,740.4666666666667,0.5777777777777828,0.4555555555555202,0.13888888888891415,4.15999999999928,169.44444444444446,0
971,740.9222222222222,0.4555555555555202,0.0,0.13888888888891415,3.279999999999149,nan,0
972,740.9222222222222,0.0,0.0,0.13888888888891415,0.0,nan,0
973,740.9222222222222,0.0,0.35000000000002274,0.13888888888891415,0.0,nan,0
974,741.2722222222222,0.35000000000002274,0.3972222222222399,0.13888888888891415,2.519999999999705,147.22222222222223,0
975,741.6694444444445,0.3972222222222399,0.0,0.13888888888891415,2.8599999999996073,30.555555555555557,0
976,741.6694444444445,0.0,0.0,0.13888888888891415,0.0,30.555555555555557,0
977,741.6694444444445,0.0,0.3416666666665833,0.13888888888891415,0.0,30.555555555555557,0
978,742.0111111111111,0.3416666666665833,0.0,0.13888888888891415,2.4599999999989524,36.111111111111114,0
979,742.0111111111111,0.0,0.0,0.13888888888891415,0.0,36.111111111111114,0
980,742.0111111111111,0.0,0.11666666666667425,0.13888888888891415,0.0,36.111111111111114,0
981,742.1277777777777,0.11666666666667425,0.06666666666671972,0.13888888888891415,0.8399999999999018,16.666666666666668,0
982,742.1944444444445,0.06666666666671972,0.8833333333333258,0.13888888888891415,0.4800000000002947,147.22222222222223,1
983,743.0777777777778,0.8833333333333258,0.0,0.13888888888891415,6.359999999998789,36.111111111111114,0
984,743.0777777777778,0.0,0.0,0.13888888888891415,0.0,36.111111111111114,0
985,743.0777777777778,0.0,1.1666666666666288,0.13888888888891415,0.0,36.111111111111114,0
986,744.2444444444444,1.1666666666666288,0.0,0.13888888888891415,8.3999999999982,33.333333333333336,0
987,744.2444444444444,0.0,0.0,0.13888888888891415,0.0,33.333333333333336,0
988,744.2444444444444,0.0,0.35555555555561114,0.13888888888891415,0.0,33.333333333333336,0
989,744.6,0.35555555555561114,0.0,0.13888888888891415,2.5599999999999343,nan,0
990,744.6,0.0,0.36111111111108585,0.13888888888891415,0.0,nan,0
991,744.9611111111111,0.36111111111108585,0.0,0.13888888888891415,2.599999999999345,72.22222222222223,0
992,744.9611111111111,0.0,0.36666666666667425,0.13888888888891415,0.0,72.22222222222223,0
993,745.3277777777778,0.36666666666667425,0.0,0.13888888888891415,2.6399999999995742,nan,0
994,745.3277777777778,0.0,0.0,0.13888888888891415,0.0,nan,0
995,745.3277777777778,0.0,0.8305555555555202,0.13888888888891415,0.0,nan,0
996,746.1583333333333,0.8305555555555202,0.20833333333337123,0.13888888888891415,5.9799999999986575,41.666666666666664,0
997,746.3666666666667,0.20833333333337123,0.0,0.13888888888891415,1.5,nan,0
998,746.3666666666667,0.0,1.02222222222224,0.13888888888891415,0.0,nan,0
999,747.3888888888889,1.02222222222224,0.0,0.13888888888891415,7.359999999998789,nan,0
1000,747.3888888888889,0.0,1.0,0.13888888888891415,0.0,nan,0
1001,748.3888888888889,1.0,0.0,0.13888888888891415,7.19999999999869,55.55555555555556,0
1002,748.3888888888889,0.0,0.0,0.13888888888891415,0.0,55.55555555555556,0
1003,748.3888888888889,0.0,1.0,0.13888888888891415,0.0,55.55555555555556,0
1004,749.3888888888889,1.0,1.0722222222221944,0.13888888888891415,7.19999999999869,nan,0
1005,750.4611111111111,1.0722222222221944,1.1166666666666742,0.13888888888891415,7.719999999998396,nan,0
1006,751.5777777777778,1.1166666666666742,0.0,0.13888888888891415,8.039999999998592,nan,0
1007,751.5777777777778,0.0,0.0,0.13888888888891415,0.0,nan,0
1008,751.5777777777778,0.0,2.3999999999999773,0.13888888888891415,0.0,nan,0
1009,753.9777777777778,2.3999999999999773,1.1888888888888687,0.13888888888891415,17.279999999996694,nan,0
1010,755.1666666666666,1.1888888888888687,0.0,0.13888888888891415,8.559999999998297,nan,0
1011,755.1666666666666,0.0,0.0,0.13888888888891415,0.0,nan,0
1012,755.1666666666666,0.0,2.305555555555543,0.13888888888891415,0.0,nan,0
1013,757.4722222222222,2.305555555555543,0.0,0.13888888888891415,16.59999999999689,nan,0
1014,757.4722222222222,0.0,1.1333333333334394,0.13888888888891415,0.0,nan,0
1015,758.6055555555556,1.1333333333334394,0.0,0.13888888888891415,8.159999999999279,nan,0
1016,758.6055555555556,0.0,0.0,0.13888888888891415,0.0,nan,0
1017,758.6055555555556,0.0,1.055555555555543,0.13888888888891415,0.0,nan,0
1018,759.6611111111112,1.055555555555543,0.08888888888884594,0.13888888888891415,7.599999999998527,152.77777777777777,0
1019,759.75,0.08888888888884594,1.3222222222221944,0.13888888888891415,0.6399999999995744,100.0,1
1020,761.0722222222222,1.3222222222221944,1.1722222222222172,0.13888888888891415,9.519999999998069,nan,0
1021,762.2444444444444,1.1722222222222172,0.0,0.13888888888891415,8.43999999999843,nan,0
1022,762.2444444444444,0.0,1.0444444444444798,0.13888888888891415,0.0,nan,0
1023,763.2888888888889,1.0444444444444798,0.10000000000002274,0.13888888888891415,7.519999999998887,141.66666666666666,0
1024,763.3888888888889,0.10000000000002274,1.4833333333333485,0.13888888888891415,0.7200000000000327,111.11111111111111,1
1025,764.8722222222223,1.4833333333333485,1.283333333333303,0.13888888888891415,10.679999999998167,nan,0
1026,766.1555555555556,1.283333333333303,0.0,0.13888888888891415,9.239999999998101,63.888888888888886,0
1027,766.1555555555556,0.0,0.0,0.13888888888891415,0.0,63.888888888888886,0
1028,766.1555555555556,0.0,0.8611111111110858,0.13888888888891415,0.0,63.888888888888886,0
1029,767.0166666666667,0.8611111111110858,1.8000000000000682,0.13888888888891415,6.19999999999869,119.44444444444444,0
1030,768.8166666666667,1.8000000000000682,0.0,0.13888888888891415,12.959999999998134,nan,0
1031,768.8166666666667,0.0,0.9583333333332575,0.13888888888891415,0.0,nan,0
1032,769.775,0.9583333333332575,0.0,0.13888888888891415,6.899999999998199,nan,0
1033,769.775,0.0,1.6083333333333485,0.13888888888891415,0.0,nan,0
1034,771.3833333333333,1.6083333333333485,1.0611111111111313,0.13888888888891415,11.579999999998003,nan,0
1035,772.4444444444445,1.0611111111111313,0.049999999999954525,0.13888888888891415,7.639999999998756,nan,0
1036,772.4944444444444,0.049999999999954525,1.0777777777777828,0.13888888888891415,0.3599999999996071,nan,0
1037,773.5722222222222,1.0777777777777828,0.9444444444444571,0.13888888888891415,7.759999999998625,41.666666666666664,0
1038,774.5166666666667,0.9444444444444571,1.6222222222222626,0.13888888888891415,6.799999999998854,127.77777777777777,0
1039,776.1388888888889,1.6222222222222626,0.0,0.13888888888891415,11.679999999998167,nan,0
1040,776.1388888888889,0.0,1.2055555555555202,0.13888888888891415,0.0,nan,0
1041,777.3444444444444,1.2055555555555202,0.0,0.13888888888891415,8.679999999998167,nan,0
1042,777.3444444444444,0.0,0.0,0.13888888888891415,0.0,nan,0
1043,777.3444444444444,0.0,1.033333333333303,0.13888888888891415,0.0,nan,0
1044,778.3777777777777,1.033333333333303,1.2944444444444798,0.13888888888891415,7.439999999998428,150.0,0
1045,779.6722222222222,1.2944444444444798,0.0,0.13888888888891415,9.31999999999856,nan,0
1046,779.6722222222222,0.0,0.0,0.13888888888891415,0.0,nan,0
1047,779.6722222222222,0.0,0.1472222222222399,0.13888888888891415,0.0,nan,0
1048,779.8194444444445,0.1472222222222399,1.0305555555555657,0.13888888888891415,1.0599999999999346,58.333333333333336,0
1049,780.85,1.0305555555555657,1.1277777777777374,0.13888888888891415,7.419999999998723,nan,0
1050,781.9777777777778,1.1277777777777374,0.0,0.13888888888891415,8.119999999998232,58.333333333333336,0
1051,781.9777777777778,0.0,0.0,0.13888888888891415,0.0,58.333333333333336,0
1052,781.9777777777778,0.0,0.9055555555555657,0.13888888888891415,0.0,58.333333333333336,0
1053,782.8833333333333,0.9055555555555657,1.555555555555543,0.13888888888891415,6.519999999998887,108.33333333333333,0
1054,784.4388888888889,1.555555555555543,0.8916666666666515,0.13888888888891415,11.199999999997871,nan,0
1055,785.3305555555555,0.8916666666666515,0.0,0.13888888888891415,6.419999999998723,nan,0
1056,785.3305555555555,0.0,1.5138888888889142,0.13888888888891415,0.0,nan,0
1057,786.8444444444444,1.5138888888889142,1.1777777777778056,0.13888888888891415,10.8999999999982,nan,0
1058,788.0222222222222,1.1777777777778056,0.0,0.13888888888891415,8.479999999998658,nan,0
1059,788.0222222222222,0.0,1.2055555555555202,0.13888888888891415,0.0,nan,0
1060,789.2277777777778,1.2055555555555202,0.9500000000000455,0.13888888888891415,8.679999999998167,41.666666666666664,0
1061,790.1777777777778,0.9500000000000455,1.52222222222224,0.13888888888891415,6.839999999999083,125.0,0
1062,791.7,1.52222222222224,0.0,0.13888888888891415,10.959999999998134,nan,0
1063,791.7,0.0,0.9361111111110176,0.13888888888891415,0.0,nan,0
1064,792.6361111111111,0.9361111111110176,1.3583333333333485,0.13888888888891415,6.739999999998101,8.333333333333334,0
1065,793.9944444444444,1.3583333333333485,1.1000000000000227,0.13888888888891415,9.77999999999833,nan,0
1066,795.0944444444444,1.1000000000000227,1.1055555555556111,0.13888888888891415,7.919999999998723,nan,0
1067,796.2,1.1055555555556111,0.0,0.13888888888891415,7.959999999998952,nan,0
1068,796.2,0.0,2.361111111111086,0.13888888888891415,0.0,nan,0
1069,798.5611111111111,2.361111111111086,0.0,0.13888888888891415,16.999999999996724,nan,0
1070,798.5611111111111,0.0,1.2388888888888232,0.13888888888891415,0.0,nan,0
1071,799.8,1.2388888888888232,0.0,0.13888888888891415,8.919999999997904,nan,0
1072,799.8,0.0,1.25,0.13888888888891415,0.0,nan,0
1073,801.05,1.25,0.0,0.13888888888891415,8.999999999998362,144.44444444444446,0
1074,801.05,0.0,0.0,0.13888888888891415,0.0,144.44444444444446,1
1075,801.05,0.0,0.8944444444445026,0.13888888888891415,0.0,144.44444444444446,1
1076,801.9444444444445,0.8944444444445026,0.08888888888884594,0.13888888888891415,6.439999999999247,186.11111111111111,0
1077,802.0333333333333,0.08888888888884594,1.5833333333333712,0.13888888888891415,0.6399999999995744,133.33333333333334,1
1078,803.6166666666667,1.5833333333333712,0.0,0.13888888888891415,11.3999999999982,nan,0
1079,803.6166666666667,0.0,0.0,0.13888888888891415,0.0,nan,0
1080,803.6166666666667,0.0,1.2333333333333485,0.13888888888891415,0.0,nan,0
1081,804.85,1.2333333333333485,0.0,0.13888888888891415,8.879999999998494,105.55555555555556,0
1082,804.85,0.0,0.0,0.13888888888891415,0.0,105.55555555555556,1
1083,804.85,0.0,0.872222222222149,0.13888888888891415,0.0,105.55555555555556,1
1084,805.7222222222222,0.872222222222149,0.027777777777828305,0.13888888888891415,6.2799999999983305,119.44444444444444,0
1085,805.75,0.027777777777828305,1.5944444444444343,0.13888888888891415,0.20000000000032742,127.77777777777777,1
1086,807.3444444444444,1.5944444444444343,1.1055555555556111,0.13888888888891415,11.479999999997839,nan,0
1087,808.45,1.1055555555556111,0.8277777777777828,0.13888888888891415,7.959999999998952,36.111111111111114,0
1088,809.2777777777778,0.8277777777777828,1.5277777777777146,0.13888888888891415,5.959999999998952,130.55555555555554,0
1089,810.8055555555555,1.5277777777777146,0.0,0.13888888888891415,10.999999999997545,nan,0
1090,810.8055555555555,0.0,1.1777777777778056,0.13888888888891415,0.0,nan,0
1091,811.9833333333333,1.1777777777778056,0.0,0.13888888888891415,8.479999999998658,nan,0
1092,811.9833333333333,0.0,1.1888888888888687,0.13888888888891415,0.0,nan,0
1093,813.1722222222222,1.1888888888888687,0.0,0.13888888888891415,8.559999999998297,47.22222222222222,0
1094,813.1722222222222,0.0,0.9777777777777601,0.13888888888891415,0.0,47.22222222222222,0
1095,814.15,0.9777777777777601,1.5500000000000682,0.13888888888891415,7.039999999998592,141.66666666666666,0
1096,815.7,1.5500000000000682,1.1666666666666288,0.13888888888891415,11.159999999998462,nan,0
1097,816.8666666666667,1.1666666666666288,0.0,0.13888888888891415,8.3999999999982,nan,0
1098,816.8666666666667,0.0,1.0277777777777146,0.13888888888891415,0.0,nan,0
1099,817.8944444444444,1.0277777777777146,1.3055555555556566,0.13888888888891415,7.399999999998199,130.55555555555554,0
1100,819.2,1.3055555555556566,0.0,0.13888888888891415,9.399999999999018,nan,0
1101,819.2,0.0,1.22777777777776,0.13888888888891415,0.0,nan,0
1102,820.4277777777778,1.22777777777776,0.0,0.13888888888891415,8.839999999998264,nan,0
1103,820.4277777777778,0.0,0.0,0.13888888888891415,0.0,nan,0
1104,820.4277777777778,0.0,0.10000000000002274,0.13888888888891415,0.0,nan,0
1105,820.5277777777778,0.10000000000002274,1.0611111111110176,0.13888888888891415,0.7200000000000327,nan,0
1106,821.5888888888888,1.0611111111110176,0.0,0.13888888888891415,7.639999999997937,144.44444444444446,0
1107,821.5888888888888,0.0,0.0,0.13888888888891415,0.0,144.44444444444446,1
1108,821.5888888888888,0.0,0.933333333333394,0.13888888888891415,0.0,144.44444444444446,1
1109,822.5222222222222,0.933333333333394,0.0,0.13888888888891415,6.719999999999215,122.22222222222223,0
1110,822.5222222222222,0.0,0.08888888888884594,0.13888888888891415,0.0,122.22222222222223,1
1111,822.6111111111111,0.08888888888884594,1.683333333333394,0.13888888888891415,0.6399999999995744,116.66666666666667,1
1112,824.2944444444445,1.683333333333394,0.0,0.13888888888891415,12.119999999998232,nan,0
1113,824.2944444444445,0.0,0.0,0.13888888888891415,0.0,nan,0
1114,824.2944444444445,0.0,1.25,0.13888888888891415,0.0,nan,0
1115,825.5444444444445,1.25,0.0,0.13888888888891415,8.999999999998362,144.44444444444446,0
1116,825.5444444444445,0.0,0.0,0.13888888888891415,0.0,144.44444444444446,1
1117,825.5444444444445,0.0,0.8833333333333258,0.13888888888891415,0.0,144.44444444444446,1
1118,826.4277777777778,0.8833333333333258,0.02777777777771462,0.13888888888891415,6.359999999998789,113.88888888888889,0
1119,826.4555555555555,0.02777777777771462,1.5944444444444343,0.13888888888891415,0.19999999999950888,127.77777777777777,1
1120,828.05,1.5944444444444343,0.0,0.13888888888891415,11.479999999997839,nan,0
1121,828.05,0.0,0.0,0.13888888888891415,0.0,nan,0
1122,828.05,0.0,1.2055555555556339,0.13888888888891415,0.0,nan,0
1123,829.2555555555556,1.2055555555556339,0.8611111111110858,0.13888888888891415,8.679999999998985,66.66666666666667,0
1124,830.1166666666667,0.8611111111110858,0.02777777777771462,0.13888888888891415,6.19999999999869,108.33333333333333,0
1125,830.1444444444444,0.02777777777771462,1.3944444444445026,0.13888888888891415,0.19999999999950888,119.44444444444444,1
1126,831.5388888888889,1.3944444444445026,1.0666666666667197,0.13888888888891415,10.039999999998592,nan,0
1127,832.6055555555556,1.0666666666667197,0.0,0.13888888888891415,7.679999999998985,nan,0
1128,832.6055555555556,0.0,0.0,0.13888888888891415,0.0,nan,0
1129,832.6055555555556,0.0,2.45555555555552,0.13888888888891415,0.0,nan,0
1130,835.0611111111111,2.45555555555552,0.0,0.13888888888891415,17.67999999999653,nan,0
1131,835.0611111111111,0.0,1.216666666666697,0.13888888888891415,0.0,nan,0
1132,836.2777777777778,1.216666666666697,1.2444444444444116,0.13888888888891415,8.759999999998625,nan,0
1133,837.5222222222222,1.2444444444444116,0.0,0.13888888888891415,8.959999999998134,144.44444444444446,0
1134,837.5222222222222,0.0,0.21111111111110858,0.13888888888891415,0.0,144.44444444444446,1
1135,837.7333333333333,0.21111111111110858,0.9944444444444116,0.13888888888891415,1.5199999999997054,8.333333333333334,0
1136,838.7277777777778,0.9944444444444116,0.09444444444443434,0.13888888888891415,7.159999999998461,194.44444444444446,0
1137,838.8222222222222,0.09444444444443434,1.5833333333333712,0.13888888888891415,0.6799999999998035,nan,0
1138,840.4055555555556,1.5833333333333712,0.0,0.13888888888891415,11.3999999999982,nan,0
1139,840.4055555555556,0.0,0.0,0.13888888888891415,0.0,nan,0
1140,840.4055555555556,0.0,1.055555555555543,0.13888888888891415,0.0,nan,0
1141,841.4611111111111,1.055555555555543,0.2944444444444798,0.13888888888891415,7.599999999998527,175.0,0
1142,841.7555555555556,0.2944444444444798,1.22777777777776,0.13888888888891415,2.119999999999869,133.33333333333334,0
1143,842.9833333333333,1.22777777777776,0.0,0.13888888888891415,8.839999999998264,nan,0
1144,842.9833333333333,0.0,1.2333333333333485,0.13888888888891415,0.0,nan,0
1145,844.2166666666667,1.2333333333333485,0.0,0.13888888888891415,8.879999999998494,nan,0
1146,844.2166666666667,0.0,0.0,0.13888888888891415,0.0,nan,0
1147,844.2166666666667,0.0,1.1444444444443889,0.13888888888891415,0.0,nan,0
1148,845.3611111111111,1.1444444444443889,0.0,0.13888888888891415,8.239999999998101,138.88888888888889,0
1149,845.3611111111111,0.0,0.0,0.13888888888891415,0.0,138.88888888888889,1
1150,845.3611111111111,0.0,0.9777777777777601,0.13888888888891415,0.0,138.88888888888889,1
1151,846.3388888888888,0.9777777777777601,0.0,0.13888888888891415,7.039999999998592,144.44444444444446,0
1152,846.3388888888888,0.0,0.08888888888895963,0.13888888888891415,0.0,144.44444444444446,1
1153,846.4277777777778,0.08888888888895963,1.7222222222221717,0.13888888888891415,0.6400000000003929,105.55555555555556,1
1154,848.15,1.7222222222221717,0.0,0.13888888888891415,12.39999999999738,nan,0
1155,848.15,0.0,0.0,0.13888888888891415,0.0,nan,0
1156,848.15,0.0,1.2055555555556339,0.13888888888891415,0.0,nan,0
1157,849.3555555555556,1.2055555555556339,0.08888888888884594,0.13888888888891415,8.679999999998985,136.11111111111111,0
1158,849.4444444444445,0.08888888888884594,0.9944444444444116,0.13888888888891415,0.6399999999995744,94.44444444444444,0
1159,850.4388888888889,0.9944444444444116,0.0,0.13888888888891415,7.159999999998461,147.22222222222223,0
1160,850.4388888888889,0.0,0.08888888888895963,0.13888888888891415,0.0,147.22222222222223,1
1161,850.5277777777778,0.08888888888895963,1.4833333333332348,0.13888888888891415,0.6400000000003929,105.55555555555556,1
1162,852.0111111111111,1.4833333333332348,0.0,0.13888888888891415,10.679999999997348,nan,0
1163,852.0111111111111,0.0,0.0,0.13888888888891415,0.0,nan,0
1164,852.0111111111111,0.0,1.127777777777851,0.13888888888891415,0.0,nan,0
1165,853.1388888888889,1.127777777777851,0.03333333333330302,0.13888888888891415,8.11999999999905,61.111111111111114,0
1166,853.1722222222222,0.03333333333330302,0.8666666666666742,0.13888888888891415,0.23999999999973806,61.111111111111114,0
1167,854.0388888888889,0.8666666666666742,0.022222222222239907,0.13888888888891415,6.239999999998919,113.88888888888889,0
1168,854.0611111111111,0.022222222222239907,1.5777777777777828,0.13888888888891415,0.16000000000009823,116.66666666666667,1
1169,855.6388888888889,1.5777777777777828,1.122222222222149,0.13888888888891415,11.35999999999797,nan,0
1170,856.7611111111111,1.122222222222149,0.0,0.13888888888891415,8.079999999998003,94.44444444444444,0
1171,856.7611111111111,0.0,0.8944444444445026,0.13888888888891415,0.0,94.44444444444444,0
1172,857.6555555555556,0.8944444444445026,1.816666666666606,0.13888888888891415,6.439999999999247,125.0,0
1173,859.4722222222222,1.816666666666606,0.0,0.13888888888891415,13.079999999997185,nan,0
1174,859.4722222222222,0.0,1.1722222222222172,0.13888888888891415,0.0,nan,0
1175,860.6444444444444,1.1722222222222172,0.07222222222230812,0.13888888888891415,8.43999999999843,177.77777777777777,0
1176,860.7166666666667,0.07222222222230812,0.9833333333333485,0.13888888888891415,0.5200000000005238,155.55555555555554,1
1177,861.7,0.9833333333333485,0.08333333333325754,0.13888888888891415,7.0799999999988215,127.77777777777777,0
1178,861.7833333333333,0.08333333333325754,1.5388888888888914,0.13888888888891415,0.5999999999993452,100.0,1
1179,863.3222222222222,1.5388888888888914,1.2333333333333485,0.13888888888891415,11.079999999998003,nan,0
1180,864.5555555555555,1.2333333333333485,0.0,0.13888888888891415,8.879999999998494,105.55555555555556,0
1181,864.5555555555555,0.0,0.9222222222222172,0.13888888888891415,0.0,105.55555555555556,1
1182,865.4777777777778,0.9222222222222172,0.09444444444443434,0.13888888888891415,6.639999999998756,136.11111111111111,0
1183,865.5722222222222,0.09444444444443434,1.4388888888888687,0.13888888888891415,0.6799999999998035,122.22222222222223,1
1184,867.0111111111111,1.4388888888888687,1.127777777777851,0.13888888888891415,10.35999999999797,nan,0
1185,868.1388888888889,1.127777777777851,0.0,0.13888888888891415,8.11999999999905,36.111111111111114,0
1186,868.1388888888889,0.0,0.8111111111111313,0.13888888888891415,0.0,36.111111111111114,0
1187,868.95,0.8111111111111313,1.5777777777777828,0.13888888888891415,5.839999999999083,119.44444444444444,0
1188,870.5277777777778,1.5777777777777828,0.0,0.13888888888891415,11.35999999999797,nan,0
1189,870.5277777777778,0.0,1.2777777777777146,0.13888888888891415,0.0,nan,0
1190,871.8055555555555,1.2777777777777146,0.0,0.13888888888891415,9.199999999997871,52.77777777777778,0
1191,871.8055555555555,0.0,0.0,0.13888888888891415,0.0,52.77777777777778,0
1192,871.8055555555555,0.0,0.9277777777778056,0.13888888888891415,0.0,52.77777777777778,0
1193,872.7333333333333,0.9277777777778056,0.08888888888884594,0.13888888888891415,6.679999999998985,152.77777777777777,0
1194,872.8222222222222,0.08888888888884594,1.6388888888889142,0.13888888888891415,0.6399999999995744,105.55555555555556,1
1195,874.4611111111111,1.6388888888889142,0.049999999999954525,0.13888888888891415,11.799999999998036,nan,0
1196,874.5111111111111,0.049999999999954525,1.2000000000000455,0.13888888888891415,0.3599999999996071,nan,0
1197,875.7111111111111,1.2000000000000455,0.8500000000000227,0.13888888888891415,8.639999999998755,72.22222222222223,0
1198,876.5611111111111,0.8500000000000227,1.6666666666666288,0.13888888888891415,6.119999999999051,130.55555555555554,0
1199,878.2277777777778,1.6666666666666288,0.0,0.13888888888891415,11.999999999997545,nan,0
1200,878.2277777777778,0.0,1.2055555555555202,0.13888888888891415,0.0,nan,0
1201,879.4333333333333,1.2055555555555202,0.0,0.13888888888891415,8.679999999998167,100.0,0
1202,879.4333333333333,0.0,0.0,0.13888888888891415,0.0,100.0,1
1203,879.4333333333333,0.0,0.8388888888889596,0.13888888888891415,0.0,100.0,1
1204,880.2722222222222,0.8388888888889596,0.01666666666665151,0.13888888888891415,6.03999999999941,122.22222222222223,0
1205,880.2888888888889,0.01666666666665151,1.5833333333333712,0.13888888888891415,0.11999999999986903,122.22222222222223,1
1206,881.8722222222223,1.5833333333333712,0.0,0.13888888888891415,11.3999999999982,nan,0
1207,881.8722222222223,0.0,0.0,0.13888888888891415,0.0,nan,0
1208,881.8722222222223,0.0,1.1999999999999318,0.13888888888891415,0.0,nan,0
1209,883.0722222222222,1.1999999999999318,0.0,0.13888888888891415,8.639999999997936,94.44444444444444,0
1210,883.0722222222222,0.0,0.0,0.13888888888891415,0.0,94.44444444444444,0
1211,883.0722222222222,0.0,0.9055555555555657,0.13888888888891415,0.0,94.44444444444444,0
1212,883.9777777777778,0.9055555555555657,0.0,0.13888888888891415,6.519999999998887,152.77777777777777,0
1213,883.9777777777778,0.0,0.09444444444443434,0.13888888888891415,0.0,152.77777777777777,1
1214,884.0722222222222,0.09444444444443434,1.683333333333394,0.13888888888891415,0.6799999999998035,138.88888888888889,1
1215,885.7555555555556,1.683333333333394,0.055555555555542924,0.13888888888891415,12.119999999998232,nan,0
1216,885.8111111111111,0.055555555555542924,1.25,0.13888888888891415,0.39999999999983626,nan,0
1217,887.0611111111111,1.25,0.0,0.13888888888891415,8.999999999998362,144.44444444444446,0
1218,887.0611111111111,0.0,0.0,0.13888888888891415,0.0,144.44444444444446,1
1219,887.0611111111111,0.0,0.9111111111110404,0.13888888888891415,0.0,144.44444444444446,1
1220,887.9722222222222,0.9111111111110404,0.0,0.13888888888891415,6.559999999998298,122.22222222222223,0
1221,887.9722222222222,0.0,0.08888888888895963,0.13888888888891415,0.0,122.22222222222223,1
1222,888.0611111111111,0.08888888888895963,1.4611111111111086,0.13888888888891415,0.6400000000003929,105.55555555555556,1
1223,889.5222222222222,1.4611111111111086,0.13888888888891415,0.13888888888891415,10.519999999998069,11.11111111111111,0
1224,889.6611111111112,0.13888888888891415,1.1888888888888687,0.13888888888891415,1.0,nan,0
1225,890.85,1.1888888888888687,0.0,0.13888888888891415,8.559999999998297,144.44444444444446,0
1226,890.85,0.0,0.0,0.13888888888891415,0.0,144.44444444444446,1
1227,890.85,0.0,0.8277777777777828,0.13888888888891415,0.0,144.44444444444446,1
1228,891.6777777777778,0.8277777777777828,0.0,0.13888888888891415,5.959999999998952,111.11111111111111,0
1229,891.6777777777778,0.0,0.3055555555555429,0.13888888888891415,0.0,111.11111111111111,1
1230,891.9833333333333,0.3055555555555429,1.3722222222222626,0.13888888888891415,2.199999999999509,nan,0
1231,893.3555555555556,1.3722222222222626,0.0,0.13888888888891415,9.879999999998494,nan,0
1232,893.3555555555556,0.0,0.0,0.13888888888891415,0.0,nan,0
1233,893.3555555555556,0.0,1.2555555555554747,0.13888888888891415,0.0,nan,0
1234,894.6111111111111,1.2555555555554747,0.0,0.13888888888891415,9.039999999997773,144.44444444444446,0
1235,894.6111111111111,0.0,0.0,0.13888888888891415,0.0,144.44444444444446,1
1236,894.6111111111111,0.0,0.933333333333394,0.13888888888891415,0.0,144.44444444444446,1
1237,895.5444444444445,0.933333333333394,0.0,0.13888888888891415,6.719999999999215,152.77777777777777,0
1238,895.5444444444445,0.0,0.09444444444443434,0.13888888888891415,0.0,152.77777777777777,1
1239,895.6388888888889,0.09444444444443434,1.511111111111063,0.13888888888891415,0.6799999999998035,144.44444444444446,1
1240,897.15,1.511111111111063,0.11111111111108585,0.13888888888891415,10.879999999997676,nan,0
1241,897.2611111111111,0.11111111111108585,1.2111111111111086,0.13888888888891415,0.7999999999996725,nan,0
1242,898.4722222222222,1.2111111111111086,0.0,0.13888888888891415,8.719999999998395,111.11111111111111,0
1243,898.4722222222222,0.0,0.0,0.13888888888891415,0.0,111.11111111111111,1
1244,898.4722222222222,0.0,0.8888888888889142,0.13888888888891415,0.0,111.11111111111111,1
1245,899.3611111111111,0.8888888888889142,0.08333333333337123,0.13888888888891415,6.399999999999018,169.44444444444446,0
1246,899.4444444444445,0.08333333333337123,1.4499999999999318,0.13888888888891415,0.6000000000001637,122.22222222222223,1
1247,900.8944444444444,1.4499999999999318,0.033333333333416704,0.13888888888891415,10.43999999999761,nan,0
1248,900.9277777777778,0.033333333333416704,1.1888888888888687,0.13888888888891415,0.2400000000005566,nan,0
1249,902.1166666666667,1.1888888888888687,0.0,0.13888888888891415,8.559999999998297,66.66666666666667,0
1250,902.1166666666667,0.0,0.8611111111110858,0.13888888888891415,0.0,66.66666666666667,0
1251,902.9777777777778,0.8611111111110858,0.08888888888895963,0.13888888888891415,6.19999999999869,113.88888888888889,0
1252,903.0666666666667,0.08888888888895963,1.5611111111110176,0.13888888888891415,0.6400000000003929,83.33333333333333,0
1253,904.6277777777777,1.5611111111110176,1.1777777777778056,0.13888888888891415,11.239999999997282,nan,0
1254,905.8055555555555,1.1777777777778056,0.0,0.13888888888891415,8.479999999998658,144.44444444444446,0
1255,905.8055555555555,0.0,0.0,0.13888888888891415,0.0,144.44444444444446,1
1256,905.8055555555555,0.0,0.8944444444445026,0.13888888888891415,0.0,144.44444444444446,1
1257,906.7,0.8944444444445026,0.08333333333325754,0.13888888888891415,6.439999999999247,136.11111111111111,0
1258,906.7833333333333,0.08333333333325754,1.7444444444445253,0.13888888888891415,0.5999999999993452,150.0,1
1259,908.5277777777778,1.7444444444445253,0.0,0.13888888888891415,12.559999999998297,nan,0
1260,908.5277777777778,0.0,0.0,0.13888888888891415,0.0,nan,0
1261,908.5277777777778,0.0,1.25,0.13888888888891415,0.0,nan,0
1262,909.7777777777778,1.25,0.0,0.13888888888891415,8.999999999998362,138.88888888888889,0
1263,909.7777777777778,0.0,0.0,0.13888888888891415,0.0,138.88888888888889,1
1264,909.7777777777778,0.0,0.9277777777776919,0.13888888888891415,0.0,138.88888888888889,1
1265,910.7055555555555,0.9277777777776919,0.0,0.13888888888891415,6.6799999999981665,152.77777777777777,0
1266,910.7055555555555,0.0,0.08888888888895963,0.13888888888891415,0.0,152.77777777777777,1
1267,910.7944444444445,0.08888888888895963,1.4722222222221717,0.13888888888891415,0.6400000000003929,138.88888888888889,1
1268,912.2666666666667,1.4722222222221717,0.0,0.13888888888891415,10.599999999997708,nan,0
1269,912.2666666666667,0.0,1.1361111111111768,0.13888888888891415,0.0,nan,0
1270,913.4027777777778,1.1361111111111768,0.030555555555451974,0.13888888888891415,8.179999999998985,88.88888888888889,0
1271,913.4333333333333,0.030555555555451974,0.0,0.13888888888891415,0.21999999999921419,94.44444444444444,0
1272,913.4333333333333,0.0,0.8666666666666742,0.13888888888891415,0.0,94.44444444444444,0
1273,914.3,0.8666666666666742,0.022222222222239907,0.13888888888891415,6.239999999998919,119.44444444444444,0
1274,914.3222222222222,0.022222222222239907,1.5111111111111768,0.13888888888891415,0.16000000000009823,119.44444444444444,1
1275,915.8333333333334,1.5111111111111768,1.1055555555554974,0.13888888888891415,10.879999999998494,nan,0
1276,916.9388888888889,1.1055555555554974,0.0,0.13888888888891415,7.959999999998134,58.333333333333336,0
1277,916.9388888888889,0.0,0.0,0.13888888888891415,0.0,58.333333333333336,0
1278,916.9388888888889,0.0,0.9166666666667425,0.13888888888891415,0.0,58.333333333333336,0
1279,917.8555555555556,0.9166666666667425,0.09444444444443434,0.13888888888891415,6.599999999999345,158.33333333333334,0
1280,917.95,0.09444444444443434,1.2999999999999545,0.13888888888891415,0.6799999999998035,94.44444444444444,0
1281,919.25,1.2999999999999545,0.0,0.13888888888891415,9.35999999999797,13.88888888888889,0
1282,919.25,0.0,1.161111111111154,0.13888888888891415,0.0,13.88888888888889,0
1283,920.4111111111112,1.161111111111154,0.0,0.13888888888891415,8.359999999998788,8.333333333333334,0
1284,920.4111111111112,0.0,0.0,0.13888888888891415,0.0,8.333333333333334,0
1285,920.4111111111112,0.0,1.1666666666666288,0.13888888888891415,0.0,8.333333333333334,0
1286,921.5777777777778,1.1666666666666288,0.0,0.13888888888891415,8.3999999999982,nan,0
1287,921.5777777777778,0.0,1.2222222222221717,0.13888888888891415,0.0,nan,0
1288,922.8,1.2222222222221717,0.0,0.13888888888891415,8.799999999998036,nan,0
1289,922.8,0.0,0.0,0.13888888888891415,0.0,nan,0
1290,922.8,0.0,1.2944444444444798,0.13888888888891415,0.0,nan,0
1291,924.0944444444444,1.2944444444444798,0.0,0.13888888888891415,9.31999999999856,nan,0
1292,924.0944444444444,0.0,0.0,0.13888888888891415,0.0,nan,0
1293,924.0944444444444,0.0,1.1555555555555657,0.13888888888891415,0.0,nan,0
1294,925.25,1.1555555555555657,0.08888888888884594,0.13888888888891415,8.31999999999856,177.77777777777777,0
1295,925.3388888888888,0.08888888888884594,1.0111111111111768,0.13888888888891415,0.6399999999995744,127.77777777777777,1
1296,926.35,1.0111111111111768,0.0,0.13888888888891415,7.2799999999991485,144.44444444444446,0
1297,926.35,0.0,0.08333333333325754,0.13888888888891415,0.0,144.44444444444446,1
1298,926.4333333333333,0.08333333333325754,1.52222222222224,0.13888888888891415,0.5999999999993452,144.44444444444446,1
1299,927.9555555555555,1.52222222222224,0.16111111111115406,0.13888888888891415,10.959999999998134,nan,0
1300,928.1166666666667,0.16111111111115406,1.0499999999999545,0.13888888888891415,1.1600000000000983,nan,0
1301,929.1666666666666,1.0499999999999545,0.0,0.13888888888891415,7.559999999998298,150.0,0
1302,929.1666666666666,0.0,1.0166666666666515,0.13888888888891415,0.0,150.0,1
1303,930.1833333333333,1.0166666666666515,0.3055555555556566,0.13888888888891415,7.31999999999856,127.77777777777777,0
1304,930.4888888888889,0.3055555555556566,1.7555555555554747,0.13888888888891415,2.2000000000003275,nan,0
1305,932.2444444444444,1.7555555555554747,1.161111111111154,0.13888888888891415,12.63999999999712,nan,0
1306,933.4055555555556,1.161111111111154,0.0,0.13888888888891415,8.359999999998788,166.66666666666666,0
1307,933.4055555555556,0.0,1.0499999999999545,0.13888888888891415,0.0,166.66666666666666,1
1308,934.4555555555555,1.0499999999999545,0.08888888888895963,0.13888888888891415,7.559999999998298,125.0,0
1309,934.5444444444445,0.08888888888895963,1.511111111111063,0.13888888888891415,0.6400000000003929,116.66666666666667,1
1310,936.0555555555555,1.511111111111063,0.16111111111115406,0.13888888888891415,10.879999999997676,108.33333333333333,0
1311,936.2166666666667,0.16111111111115406,1.122222222222149,0.13888888888891415,1.1600000000000983,nan,0
1312,937.3388888888888,1.122222222222149,0.07222222222230812,0.13888888888891415,8.079999999998003,141.66666666666666,0
1313,937.4111111111112,0.07222222222230812,0.9277777777776919,0.13888888888891415,0.5200000000005238,150.0,1
1314,938.3388888888888,0.9277777777776919,0.0,0.13888888888891415,6.6799999999981665,125.0,0
1315,938.3388888888888,0.0,0.09444444444443434,0.13888888888891415,0.0,125.0,1
1316,938.4333333333333,0.09444444444443434,1.6888888888889824,0.13888888888891415,0.6799999999998035,88.88888888888889,0
1317,940.1222222222223,1.6888888888889824,0.0,0.13888888888891415,12.159999999998462,nan,0
1318,940.1222222222223,0.0,0.0,0.13888888888891415,0.0,nan,0
1319,940.1222222222223,0.0,1.0222222222221262,0.13888888888891415,0.0,nan,0
1320,941.1444444444444,1.0222222222221262,0.0,0.13888888888891415,7.35999999999797,180.55555555555554,0
1321,941.1444444444444,0.0,0.06666666666671972,0.13888888888891415,0.0,180.55555555555554,1
1322,941.2111111111111,0.06666666666671972,0.9611111111111086,0.13888888888891415,0.4800000000002947,161.11111111111111,1
1323,942.1722222222222,0.9611111111111086,0.0,0.13888888888891415,6.919999999998723,138.88888888888889,0
1324,942.1722222222222,0.0,0.08333333333337123,0.13888888888891415,0.0,138.88888888888889,1
1325,942.2555555555556,0.08333333333337123,1.7944444444443661,0.13888888888891415,0.6000000000001637,111.11111111111111,1
1326,944.05,1.7944444444443661,0.0,0.13888888888891415,12.919999999997087,nan,0
1327,944.05,0.0,0.0,0.13888888888891415,0.0,nan,0
1328,944.05,0.0,1.1222222222222626,0.13888888888891415,0.0,nan,0
1329,945.1722222222222,1.1222222222222626,0.09444444444443434,0.13888888888891415,8.07999999999882,163.88888888888889,0
1330,945.2666666666667,0.09444444444443434,1.033333333333303,0.13888888888891415,0.6799999999998035,127.77777777777777,1
1331,946.3,1.033333333333303,0.0,0.13888888888891415,7.439999999998428,155.55555555555554,0
1332,946.3,0.0,0.08333333333337123,0.13888888888891415,0.0,155.55555555555554,1
1333,946.3833333333333,0.08333333333337123,1.7222222222222854,0.13888888888891415,0.6000000000001637,144.44444444444446,1
1334,948.1055555555556,1.7222222222222854,1.1055555555554974,0.13888888888891415,12.3999999999982,nan,0
1335,949.2111111111111,1.1055555555554974,1.011111111111063,0.13888888888891415,7.959999999998134,155.55555555555554,0
1336,950.2222222222222,1.011111111111063,0.0,0.13888888888891415,7.2799999999983305,161.11111111111111,0
1337,950.2222222222222,0.0,0.08333333333337123,0.13888888888891415,0.0,161.11111111111111,1
1338,950.3055555555555,0.08333333333337123,1.6277777777777374,0.13888888888891415,0.6000000000001637,138.88888888888889,1
1339,951.9333333333333,1.6277777777777374,0.0,0.13888888888891415,11.719999999997578,nan,0
1340,951.9333333333333,0.0,0.0,0.13888888888891415,0.0,nan,0
1341,951.9333333333333,0.0,1.094444444444548,0.13888888888891415,0.0,nan,0
1342,953.0277777777778,1.094444444444548,0.9888888888888232,0.13888888888891415,7.879999999999312,147.22222222222223,0
1343,954.0166666666667,0.9888888888888232,0.0,0.13888888888891415,7.119999999998232,136.11111111111111,0
1344,954.0166666666667,0.0,0.08888888888895963,0.13888888888891415,0.0,136.11111111111111,1
1345,954.1055555555556,0.08888888888895963,1.6944444444443434,0.13888888888891415,0.6400000000003929,150.0,1
1346,955.8,1.6944444444443434,0.0,0.13888888888891415,12.199999999997054,nan,0
1347,955.8,0.0,1.1555555555555657,0.13888888888891415,0.0,nan,0
1348,956.9555555555555,1.1555555555555657,0.08333333333337123,0.13888888888891415,8.31999999999856,152.77777777777777,0
1349,957.0388888888889,0.08333333333337123,0.9277777777778056,0.13888888888891415,0.6000000000001637,138.88888888888889,1
1350,957.9666666666667,0.9277777777778056,0.0,0.13888888888891415,6.679999999998985,130.55555555555554,0
1351,957.9666666666667,0.0,0.09444444444443434,0.13888888888891415,0.0,130.55555555555554,1
1352,958.0611111111111,0.09444444444443434,1.52222222222224,0.13888888888891415,0.6799999999998035,88.88888888888889,0
1353,959.5833333333334,1.52222222222224,0.16111111111104037,0.13888888888891415,10.959999999998134,158.33333333333334,0
1354,959.7444444444444,0.16111111111104037,1.1166666666666742,0.13888888888891415,1.1599999999992796,nan,0
1355,960.8611111111111,1.1166666666666742,0.0,0.13888888888891415,8.039999999998592,172.22222222222223,0
1356,960.8611111111111,0.0,0.07777777777778283,0.13888888888891415,0.0,172.22222222222223,1
1357,960.9388888888889,0.07777777777778283,0.966666666666697,0.13888888888891415,0.5599999999999346,122.22222222222223,1
1358,961.9055555555556,0.966666666666697,0.09444444444443434,0.13888888888891415,6.959999999998952,133.33333333333334,0
1359,962.0,0.09444444444443434,1.6777777777778056,0.13888888888891415,0.6799999999998035,150.0,1
1360,963.6777777777778,1.6777777777778056,0.0,0.13888888888891415,12.079999999998003,nan,0
1361,963.6777777777778,0.0,0.0,0.13888888888891415,0.0,nan,0
1362,963.6777777777778,0.0,1.0166666666666515,0.13888888888891415,0.0,nan,0
1363,964.6944444444445,1.0166666666666515,0.0,0.13888888888891415,7.31999999999856,177.77777777777777,0
1364,964.6944444444445,0.0,0.07777777777778283,0.13888888888891415,0.0,177.77777777777777,1
1365,964.7722222222222,0.07777777777778283,0.9888888888888232,0.13888888888891415,0.5599999999999346,144.44444444444446,1
1366,965.7611111111111,0.9888888888888232,0.09444444444454803,0.13888888888891415,7.119999999998232,161.11111111111111,0
1367,965.8555555555556,0.09444444444454803,1.5833333333332575,0.13888888888891415,0.6800000000006221,138.88888888888889,1
1368,967.4388888888889,1.5833333333332575,0.0,0.13888888888891415,11.39999999999738,nan,0
1369,967.4388888888889,0.0,0.0,0.13888888888891415,0.0,nan,0
1370,967.4388888888889,0.0,1.27222222222224,0.13888888888891415,0.0,nan,0
1371,968.7111111111111,1.27222222222224,0.0,0.13888888888891415,9.159999999998462,144.44444444444446,0
1372,968.7111111111111,0.0,0.0,0.13888888888891415,0.0,144.44444444444446,1
1373,968.7111111111111,0.0,0.9444444444444571,0.13888888888891415,0.0,144.44444444444446,1
1374,969.6555555555556,0.9444444444444571,0.08888888888884594,0.13888888888891415,6.799999999998854,141.66666666666666,0
1375,969.7444444444444,0.08888888888884594,1.4833333333333485,0.13888888888891415,0.6399999999995744,138.88888888888889,1
1376,971.2277777777778,1.4833333333333485,0.0,0.13888888888891415,10.679999999998167,nan,0
1377,971.2277777777778,0.0,0.16111111111115406,0.13888888888891415,0.0,nan,0
1378,971.3888888888889,0.16111111111115406,1.0499999999999545,0.13888888888891415,1.1600000000000983,222.22222222222223,0
1379,972.4388888888889,1.0499999999999545,0.0,0.13888888888891415,7.559999999998298,144.44444444444446,0
1380,972.4388888888889,0.0,0.0,0.13888888888891415,0.0,144.44444444444446,1
1381,972.4388888888889,0.0,0.8666666666666742,0.13888888888891415,0.0,144.44444444444446,1
1382,973.3055555555555,0.8666666666666742,0.08888888888884594,0.13888888888891415,6.239999999998919,113.88888888888889,0
1383,973.3944444444444,0.08888888888884594,1.627777777777851,0.13888888888891415,0.6399999999995744,88.88888888888889,0
1384,975.0222222222222,1.627777777777851,0.0,0.13888888888891415,11.719999999998395,nan,0
1385,975.0222222222222,0.0,0.0,0.13888888888891415,0.0,nan,0
1386,975.0222222222222,0.0,1.0944444444444343,0.13888888888891415,0.0,nan,0
1387,976.1166666666667,1.0944444444444343,0.0,0.13888888888891415,7.8799999999984935,155.55555555555554,0
1388,976.1166666666667,0.0,0.08333333333337123,0.13888888888891415,0.0,155.55555555555554,1
1389,976.2,0.08333333333337123,0.8777777777777374,0.13888888888891415,0.6000000000001637,133.33333333333334,1
1390,977.0777777777778,0.8777777777777374,0.08888888888884594,0.13888888888891415,6.31999999999856,133.33333333333334,0
1391,977.1666666666666,0.08888888888884594,1.5500000000000682,0.13888888888891415,0.6399999999995744,133.33333333333334,1
1392,978.7166666666667,1.5500000000000682,0.16666666666662877,0.13888888888891415,11.159999999998462,19.444444444444443,0
1393,978.8833333333333,0.16666666666662877,1.1166666666666742,0.13888888888891415,1.1999999999995088,nan,0
1394,980.0,1.1166666666666742,0.0,0.13888888888891415,8.039999999998592,158.33333333333334,0
1395,980.0,0.0,0.07222222222219443,0.13888888888891415,0.0,158.33333333333334,1
1396,980.0722222222222,0.07222222222219443,0.9944444444445253,0.13888888888891415,0.5199999999997054,150.0,1
1397,981.0666666666667,0.9944444444445253,0.08888888888884594,0.13888888888891415,7.15999999999928,180.55555555555554,0
1398,981.1555555555556,0.08888888888884594,1.5638888888888687,0.13888888888891415,0.6399999999995744,138.88888888888889,1
1399,982.7194444444444,1.5638888888888687,0.03055555555556566,0.13888888888891415,11.259999999997806,nan,0
1400,982.75,0.03055555555556566,1.194444444444457,0.13888888888891415,0.22000000000003275,nan,0
1401,983.9444444444445,1.194444444444457,0.0,0.13888888888891415,8.599999999998527,144.44444444444446,0
1402,983.9444444444445,0.0,0.0,0.13888888888891415,0.0,144.44444444444446,1
1403,983.9444444444445,0.0,0.9222222222222172,0.13888888888891415,0.0,144.44444444444446,1
1404,984.8666666666667,0.9222222222222172,0.0,0.13888888888891415,6.639999999998756,158.33333333333334,0
1405,984.8666666666667,0.0,0.08888888888884594,0.13888888888891415,0.0,158.33333333333334,1
1406,984.9555555555555,0.08888888888884594,1.52222222222224,0.13888888888891415,0.6399999999995744,133.33333333333334,1
1407,986.4777777777778,1.52222222222224,0.0,0.13888888888891415,10.959999999998134,nan,0
1408,986.4777777777778,0.0,1.0722222222221944,0.13888888888891415,0.0,nan,0
1409,987.55,1.0722222222221944,0.07777777777778283,0.13888888888891415,7.719999999998396,200.0,0
1410,987.6277777777777,0.07777777777778283,0.8666666666666742,0.13888888888891415,0.5599999999999346,155.55555555555554,1
1411,988.4944444444444,0.8666666666666742,1.75,0.13888888888891415,6.239999999998919,122.22222222222223,0
1412,990.2444444444444,1.75,0.038888888888891415,0.13888888888891415,12.599999999997708,nan,0
1413,990.2833333333333,0.038888888888891415,1.1499999999999773,0.13888888888891415,0.2799999999999673,nan,0
1414,991.4333333333333,1.1499999999999773,1.0500000000000682,0.13888888888891415,8.27999999999833,147.22222222222223,0
1415,992.4833333333333,1.0500000000000682,0.08888888888884594,0.13888888888891415,7.559999999999116,155.55555555555554,0
1416,992.5722222222222,0.08888888888884594,1.7333333333333485,0.13888888888891415,0.6399999999995744,150.0,1
1417,994.3055555555555,1.7333333333333485,0.0,0.13888888888891415,12.479999999997839,nan,0
1418,994.3055555555555,0.0,0.0,0.13888888888891415,0.0,nan,0
1419,994.3055555555555,0.0,1.0666666666667197,0.13888888888891415,0.0,nan,0
1420,995.3722222222223,1.0666666666667197,1.0055555555554747,0.13888888888891415,7.679999999998985,155.55555555555554,0
1421,996.3777777777777,1.0055555555554747,1.6333333333333258,0.13888888888891415,7.239999999998101,136.11111111111111,0
1422,998.0111111111111,1.6333333333333258,0.0,0.13888888888891415,11.759999999997806,nan,0
1423,998.0111111111111,0.0,1.1722222222222172,0.13888888888891415,0.0,nan,0
1424,999.1833333333333,1.1722222222222172,0.0,0.13888888888891415,8.43999999999843,150.0,0
1425,999.1833333333333,0.0,0.8611111111111995,0.13888888888891415,0.0,150.0,1
1426,1000.0444444444445,0.8611111111111995,0.2944444444443661,0.13888888888891415,6.199999999999509,111.11111111111111,0
1427,1000.3388888888888,0.2944444444443661,1.3722222222222626,0.13888888888891415,2.1199999999990506,nan,0
1428,1001.7111111111111,1.3722222222222626,1.1277777777777374,0.13888888888891415,9.879999999998494,nan,0
1429,1002.8388888888888,1.1277777777777374,1.0333333333334167,0.13888888888891415,8.119999999998232,158.33333333333334,0
1430,1003.8722222222223,1.0333333333334167,1.9555555555555202,0.13888888888891415,7.439999999999247,144.44444444444446,0
1431,1005.8277777777778,1.9555555555555202,0.0,0.13888888888891415,14.079999999997185,nan,0
1432,1005.8277777777778,0.0,1.1166666666666742,0.13888888888891415,0.0,nan,0
1433,1006.9444444444445,1.1166666666666742,0.06666666666660603,0.13888888888891415,8.039999999998592,194.44444444444446,0
1434,1007.0111111111111,0.06666666666660603,0.900000000000091,0.13888888888891415,0.4799999999994761,144.44444444444446,1
1435,1007.9111111111112,0.900000000000091,1.838888888888846,0.13888888888891415,6.479999999999476,133.33333333333334,0
1436,1009.75,1.838888888888846,0.0,0.13888888888891415,13.239999999997282,nan,0
1437,1009.75,0.0,0.0,0.13888888888891415,0.0,nan,0
1438,1009.75,0.0,1.0611111111111313,0.13888888888891415,0.0,nan,0
1439,1010.8111111111111,1.0611111111111313,0.08888888888884594,0.13888888888891415,7.639999999998756,208.33333333333334,0
1440,1010.9,0.08888888888884594,0.8944444444445026,0.13888888888891415,0.6399999999995744,133.33333333333334,1
1441,1011.7944444444445,0.8944444444445026,0.07777777777778283,0.13888888888891415,6.439999999999247,133.33333333333334,0
1442,1011.8722222222223,0.07777777777778283,1.8611111111110858,0.13888888888891415,0.5599999999999346,144.44444444444446,1
1443,1013.7333333333333,1.8611111111110858,0.0,0.13888888888891415,13.39999999999738,nan,0
1444,1013.7333333333333,0.0,0.0,0.13888888888891415,0.0,nan,0
1445,1013.7333333333333,0.0,1.1055555555554974,0.13888888888891415,0.0,nan,0
1446,1014.8388888888888,1.1055555555554974,0.0,0.13888888888891415,7.959999999998134,186.11111111111111,0
1447,1014.8388888888888,0.0,0.09444444444443434,0.13888888888891415,0.0,186.11111111111111,1
1448,1014.9333333333333,0.09444444444443434,0.9388888888889824,0.13888888888891415,0.6799999999998035,127.77777777777777,1
1449,1015.8722222222223,0.9388888888889824,0.02777777777771462,0.13888888888891415,6.759999999999444,161.11111111111111,0
1450,1015.9,0.02777777777771462,1.9555555555556339,0.13888888888891415,0.19999999999950888,205.55555555555554,1
1451,1017.8555555555556,1.9555555555556339,0.0,0.13888888888891415,14.079999999998003,13.88888888888889,0
1452,1017.8555555555556,0.0,1.0777777777776691,0.13888888888891415,0.0,13.88888888888889,0
1453,1018.9333333333333,1.0777777777776691,0.0,0.13888888888891415,7.759999999997806,197.22222222222223,0
1454,1018.9333333333333,0.0,0.07222222222230812,0.13888888888891415,0.0,197.22222222222223,1
1455,1019.0055555555556,0.07222222222230812,0.9277777777776919,0.13888888888891415,0.5200000000005238,122.22222222222223,1
1456,1019.9333333333333,0.9277777777776919,1.8166666666667197,0.13888888888891415,6.6799999999981665,136.11111111111111,0
1457,1021.75,1.8166666666667197,0.0,0.13888888888891415,13.079999999998003,nan,0
1458,1021.75,0.0,0.0,0.13888888888891415,0.0,nan,0
1459,1021.75,0.0,1.0611111111111313,0.13888888888891415,0.0,nan,0
1460,1022.8111111111111,1.0611111111111313,0.9499999999999318,0.13888888888891415,7.639999999998756,200.0,0
1461,1023.7611111111111,0.9499999999999318,0.016666666666765195,0.13888888888891415,6.839999999998264,122.22222222222223,0
1462,1023.7777777777778,0.016666666666765195,1.6499999999998636,0.13888888888891415,0.12000000000068758,122.22222222222223,1
1463,1025.4277777777777,1.6499999999998636,0.0,0.13888888888891415,11.879999999996857,nan,0
1464,1025.4277777777777,0.0,0.0,0.13888888888891415,0.0,nan,0
1465,1025.4277777777777,0.0,1.1333333333334394,0.13888888888891415,0.0,nan,0
1466,1026.5611111111111,1.1333333333334394,1.0777777777777828,0.13888888888891415,8.159999999999279,172.22222222222223,0
1467,1027.638888888889,1.0777777777777828,0.0,0.13888888888891415,7.759999999998625,150.0,0
1468,1027.638888888889,0.0,0.09444444444443434,0.13888888888891415,0.0,150.0,1
1469,1027.7333333333333,0.09444444444443434,1.75,0.13888888888891415,0.6799999999998035,150.0,1
1470,1029.4833333333333,1.75,0.0,0.13888888888891415,12.599999999997708,nan,0
1471,1029.4833333333333,0.0,0.0,0.13888888888891415,0.0,nan,0
1472,1029.4833333333333,0.0,1.0833333333332575,0.13888888888891415,0.0,nan,0
1473,1030.5666666666666,1.0833333333332575,0.9777777777778738,0.13888888888891415,7.799999999998035,150.0,0
1474,1031.5444444444445,0.9777777777778738,0.08333333333325754,0.13888888888891415,7.03999999999941,138.88888888888889,0
1475,1031.6277777777777,0.08333333333325754,1.6000000000001364,0.13888888888891415,0.5999999999993452,94.44444444444444,0
1476,1033.2277777777779,1.6000000000001364,0.0,0.13888888888891415,11.519999999998888,19.444444444444443,0
1477,1033.2277777777779,0.0,0.0,0.13888888888891415,0.0,19.444444444444443,0
1478,1033.2277777777779,0.0,1.0888888888887323,0.13888888888891415,0.0,19.444444444444443,0
1479,1034.3166666666666,1.0888888888887323,0.9222222222222172,0.13888888888891415,7.839999999997446,155.55555555555554,0
1480,1035.2388888888888,0.9222222222222172,0.07777777777778283,0.13888888888891415,6.639999999998756,125.0,0
1481,1035.3166666666666,0.07777777777778283,1.5944444444444343,0.13888888888891415,0.5599999999999346,116.66666666666667,1
1482,1036.911111111111,1.5944444444444343,0.0,0.13888888888891415,11.479999999997839,nan,0
1483,1036.911111111111,0.0,0.0,0.13888888888891415,0.0,nan,0
1484,1036.911111111111,0.0,1.1055555555556111,0.13888888888891415,0.0,nan,0
1485,1038.0166666666667,1.1055555555556111,0.08333333333325754,0.13888888888891415,7.959999999998952,161.11111111111111,0
1486,1038.1,0.08333333333325754,0.9166666666667425,0.13888888888891415,0.5999999999993452,127.77777777777777,1
1487,1039.0166666666667,0.9166666666667425,0.07777777777778283,0.13888888888891415,6.599999999999345,177.77777777777777,0
1488,1039.0944444444444,0.07777777777778283,1.816666666666606,0.13888888888891415,0.5599999999999346,150.0,1
1489,1040.911111111111,1.816666666666606,0.0,0.13888888888891415,13.079999999997185,36.111111111111114,0
1490,1040.911111111111,0.0,0.0,0.13888888888891415,0.0,36.111111111111114,0
1491,1040.911111111111,0.0,2.1277777777777374,0.13888888888891415,0.0,36.111111111111114,0
1492,1043.0388888888888,2.1277777777777374,0.011111111111176797,0.13888888888891415,15.319999999996922,133.33333333333334,0
1493,1043.05,0.011111111111176797,0.2722222222223536,0.13888888888891415,0.08000000000045838,133.33333333333334,1
1494,1043.3222222222223,0.2722222222223536,1.2333333333333485,0.13888888888891415,1.9600000000005893,77.77777777777777,0
1495,1044.5555555555557,1.2333333333333485,0.15555555555556566,0.13888888888891415,8.879999999998494,nan,0
1496,1044.7111111111112,0.15555555555556566,1.133333333333212,0.13888888888891415,1.119999999999869,13.88888888888889,0
1497,1045.8444444444444,1.133333333333212,0.0,0.13888888888891415,8.159999999997643,155.55555555555554,0
1498,1045.8444444444444,0.0,0.0,0.13888888888891415,0.0,155.55555555555554,1
1499,1045.8444444444444,0.0,0.849999999999909,0.13888888888891415,0.0,155.55555555555554,1
1500,1046.6944444444443,0.849999999999909,0.016666666666878882,0.13888888888891415,6.119999999998232,133.33333333333334,0
1501,1046.7111111111112,0.016666666666878882,0.31111111111090395,0.13888888888891415,0.12000000000150612,133.33333333333334,1
1502,1047.0222222222221,0.31111111111090395,1.2277777777778738,0.13888888888891415,2.239999999998101,nan,0
1503,1048.25,1.2277777777778738,1.1444444444443889,0.13888888888891415,8.839999999999083,nan,0
1504,1049.3944444444444,1.1444444444443889,0.0,0.13888888888891415,8.239999999998101,144.44444444444446,0
1505,1049.3944444444444,0.0,0.0,0.13888888888891415,0.0,144.44444444444446,1
1506,1049.3944444444444,0.0,1.005555555555702,0.13888888888891415,0.0,144.44444444444446,1
1507,1050.4,1.005555555555702,0.0,0.13888888888891415,7.239999999999738,138.88888888888889,0
1508,1050.4,0.0,1.7999999999999545,0.13888888888891415,0.0,138.88888888888889,1
1509,1052.2,1.7999999999999545,0.0,0.13888888888891415,12.959999999997315,19.444444444444443,0
1510,1052.2,0.0,0.0,0.13888888888891415,0.0,19.444444444444443,0
1511,1052.2,0.0,1.1388888888889142,0.13888888888891415,0.0,19.444444444444443,0
1512,1053.338888888889,1.1388888888889142,0.3111111111111313,0.13888888888891415,8.19999999999869,144.44444444444446,0
1513,1053.65,0.3111111111111313,0.6166666666665606,0.13888888888891415,2.239999999999738,72.22222222222223,0
1514,1054.2666666666667,0.6166666666665606,0.3055555555556566,0.13888888888891415,4.439999999998428,116.66666666666667,0
1515,1054.5722222222223,0.3055555555556566,1.533333333333303,0.13888888888891415,2.2000000000003275,nan,0
1516,1056.1055555555556,1.533333333333303,0.0,0.13888888888891415,11.039999999997773,nan,0
1517,1056.1055555555556,0.0,0.0,0.13888888888891415,0.0,nan,0
1518,1056.1055555555556,0.0,1.1222222222222626,0.13888888888891415,0.0,nan,0
1519,1057.2277777777779,1.1222222222222626,0.9444444444443434,0.13888888888891415,8.07999999999882,172.22222222222223,0
1520,1058.1722222222222,0.9444444444443434,0.0,0.13888888888891415,6.799999999998035,138.88888888888889,0
1521,1058.1722222222222,0.0,0.2888888888890051,0.13888888888891415,0.0,138.88888888888889,1
1522,1058.4611111111112,0.2888888888890051,1.383333333333212,0.13888888888891415,2.0800000000004584,25.0,0
1523,1059.8444444444444,1.383333333333212,1.038888888889005,0.13888888888891415,9.959999999997315,nan,0
1524,1060.8833333333334,1.038888888889005,0.0,0.13888888888891415,7.479999999999476,183.33333333333334,0
1525,1060.8833333333334,0.0,0.07777777777778283,0.13888888888891415,0.0,183.33333333333334,1
1526,1060.9611111111112,0.07777777777778283,0.8833333333332121,0.13888888888891415,0.5599999999999346,144.44444444444446,1
1527,1061.8444444444444,0.8833333333332121,0.09444444444443434,0.13888888888891415,6.35999999999797,183.33333333333334,0
1528,1061.9388888888889,0.09444444444443434,1.5,0.13888888888891415,0.6799999999998035,138.88888888888889,1
1529,1063.4388888888889,1.5,0.0,0.13888888888891415,10.799999999998036,nan,0
1530,1063.4388888888889,0.0,0.0,0.13888888888891415,0.0,nan,0
1531,1063.4388888888889,0.0,1.2611111111111768,0.13888888888891415,0.0,nan,0
1532,1064.7,1.2611111111111768,0.0,0.13888888888891415,9.07999999999882,127.77777777777777,0
1533,1064.7,0.0,0.0,0.13888888888891415,0.0,127.77777777777777,1
1534,1064.7,0.0,0.8999999999998636,0.13888888888891415,0.0,127.77777777777777,1
1535,1065.6,0.8999999999998636,0.2888888888890051,0.13888888888891415,6.479999999997839,125.0,0
1536,1065.888888888889,0.2888888888890051,1.2000000000000455,0.13888888888891415,2.0800000000004584,33.333333333333336,0
1537,1067.088888888889,1.2000000000000455,0.14444444444438886,0.13888888888891415,8.639999999998755,11.11111111111111,0
1538,1067.2333333333333,0.14444444444438886,1.2055555555555202,0.13888888888891415,1.0399999999994107,8.333333333333334,0
1539,1068.4388888888889,1.2055555555555202,0.0,0.13888888888891415,8.679999999998167,150.0,0
1540,1068.4388888888889,0.0,0.0,0.13888888888891415,0.0,150.0,1
1541,1068.4388888888889,0.0,0.8555555555556111,0.13888888888891415,0.0,150.0,1
1542,1069.2944444444445,0.8555555555556111,0.011111111111176797,0.13888888888891415,6.15999999999928,155.55555555555554,0
1543,1069.3055555555557,0.011111111111176797,0.07222222222208075,0.13888888888891415,0.08000000000045838,166.66666666666666,1
1544,1069.3777777777777,0.07222222222208075,1.7000000000000455,0.13888888888891415,0.5199999999988868,144.44444444444446,1
1545,1071.0777777777778,1.7000000000000455,0.0,0.13888888888891415,12.239999999998101,nan,0
1546,1071.0777777777778,0.0,0.0,0.13888888888891415,0.0,nan,0
1547,1071.0777777777778,0.0,1.0944444444444343,0.13888888888891415,0.0,nan,0
1548,1072.1722222222222,1.0944444444444343,0.011111111111176797,0.13888888888891415,7.8799999999984935,155.55555555555554,0
1549,1072.1833333333334,0.011111111111176797,0.06111111111113132,0.13888888888891415,0.08000000000045838,155.55555555555554,1
1550,1072.2444444444445,0.06111111111113132,0.816666666666606,0.13888888888891415,0.4400000000000655,122.22222222222223,1
1551,1073.0611111111111,0.816666666666606,0.0,0.13888888888891415,5.8799999999984935,125.0,0
1552,1073.0611111111111,0.0,0.08888888888895963,0.13888888888891415,0.0,125.0,1
1553,1073.15,0.08888888888895963,1.6888888888888687,0.13888888888891415,0.6400000000003929,138.88888888888889,1
1554,1074.838888888889,1.6888888888888687,0.0,0.13888888888891415,12.159999999997643,nan,0
1555,1074.838888888889,0.0,0.0,0.13888888888891415,0.0,nan,0
1556,1074.838888888889,0.0,1.1444444444443889,0.13888888888891415,0.0,nan,0
1557,1075.9833333333333,1.1444444444443889,0.005555555555474712,0.13888888888891415,8.239999999998101,150.0,0
1558,1075.9888888888888,0.005555555555474712,0.08333333333348492,0.13888888888891415,0.039999999999410646,150.0,1
1559,1076.0722222222223,0.08333333333348492,0.8666666666665606,0.13888888888891415,0.6000000000009823,116.66666666666667,1
1560,1076.9388888888889,0.8666666666665606,0.09444444444443434,0.13888888888891415,6.239999999998101,130.55555555555554,0
1561,1077.0333333333333,0.09444444444443434,1.6055555555556111,0.13888888888891415,0.6799999999998035,94.44444444444444,0
1562,1078.638888888889,1.6055555555556111,0.0,0.13888888888891415,11.559999999998297,nan,0
1563,1078.638888888889,0.0,0.0,0.13888888888891415,0.0,nan,0
1564,1078.638888888889,0.0,1.133333333333212,0.13888888888891415,0.0,nan,0
1565,1079.7722222222221,1.133333333333212,0.0,0.13888888888891415,8.159999999997643,177.77777777777777,0
1566,1079.7722222222221,0.0,0.07777777777778283,0.13888888888891415,0.0,177.77777777777777,1
1567,1079.85,0.07777777777778283,0.900000000000091,0.13888888888891415,0.5599999999999346,155.55555555555554,1
1568,1080.75,0.900000000000091,0.09444444444443434,0.13888888888891415,6.479999999999476,147.22222222222223,0
1569,1080.8444444444444,0.09444444444443434,0.0,0.13888888888891415,0.6799999999998035,150.0,1
1570,1080.8444444444444,0.0,1.6222222222222626,0.13888888888891415,0.0,150.0,1
1571,1082.4666666666667,1.6222222222222626,0.0,0.13888888888891415,11.679999999998167,nan,0
1572,1082.4666666666667,0.0,0.0,0.13888888888891415,0.0,nan,0
1573,1082.4666666666667,0.0,1.066666666666606,0.13888888888891415,0.0,nan,0
1574,1083.5333333333333,1.066666666666606,0.0,0.13888888888891415,7.6799999999981665,194.44444444444446,0
1575,1083.5333333333333,0.0,0.08333333333325754,0.13888888888891415,0.0,194.44444444444446,1
1576,1083.6166666666666,0.08333333333325754,0.8555555555556111,0.13888888888891415,0.5999999999993452,116.66666666666667,1
1577,1084.4722222222222,0.8555555555556111,0.0,0.13888888888891415,6.15999999999928,175.0,0
1578,1084.4722222222222,0.0,0.07777777777778283,0.13888888888891415,0.0,175.0,1
1579,1084.55,0.07777777777778283,1.6000000000001364,0.13888888888891415,0.5599999999999346,138.88888888888889,1
1580,1086.15,1.6000000000001364,1.1833333333331666,0.13888888888891415,11.519999999998888,nan,0
1581,1087.3333333333333,1.1833333333331666,0.0,0.13888888888891415,8.51999999999725,194.44444444444446,0
1582,1087.3333333333333,0.0,0.07222222222230812,0.13888888888891415,0.0,194.44444444444446,1
1583,1087.4055555555556,0.07222222222230812,0.8722222222222626,0.13888888888891415,0.5200000000005238,144.44444444444446,1
1584,1088.2777777777778,0.8722222222222626,0.09444444444443434,0.13888888888891415,6.2799999999991485,188.88888888888889,0
1585,1088.3722222222223,0.09444444444443434,1.3222222222220807,0.13888888888891415,0.6799999999998035,144.44444444444446,1
1586,1089.6944444444443,1.3222222222220807,0.15555555555556566,0.13888888888891415,9.51999999999725,nan,0
1587,1089.85,0.15555555555556566,1.150000000000091,0.13888888888891415,1.119999999999869,nan,0
1588,1091.0,1.150000000000091,0.0,0.13888888888891415,8.279999999999148,100.0,0
1589,1091.0,0.0,0.0,0.13888888888891415,0.0,100.0,1
1590,1091.0,0.0,0.9111111111110404,0.13888888888891415,0.0,100.0,1
1591,1091.911111111111,0.9111111111110404,0.10000000000013642,0.13888888888891415,6.559999999998298,180.55555555555554,0
1592,1092.0111111111112,0.10000000000013642,1.216666666666697,0.13888888888891415,0.7200000000008513,127.77777777777777,1
1593,1093.2277777777779,1.216666666666697,0.0,0.13888888888891415,8.759999999998625,nan,0
1594,1093.2277777777779,0.0,0.0,0.13888888888891415,0.0,nan,0
1595,1093.2277777777779,0.0,1.1055555555553838,0.13888888888891415,0.0,nan,0
1596,1094.3333333333333,1.1055555555553838,0.0,0.13888888888891415,7.959999999997315,nan,0
1597,1094.3333333333333,0.0,1.0611111111111313,0.13888888888891415,0.0,nan,0
1598,1095.3944444444444,1.0611111111111313,0.0,0.13888888888891415,7.639999999998756,141.66666666666666,0
1599,1095.3944444444444,0.0,0.9944444444445253,0.13888888888891415,0.0,141.66666666666666,1
1600,1096.388888888889,0.9944444444445253,0.049999999999954525,0.13888888888891415,7.15999999999928,nan,0
1601,1096.4388888888889,0.049999999999954525,1.0055555555554747,0.13888888888891415,0.3599999999996071,nan,0
1602,1097.4444444444443,1.0055555555554747,1.150000000000091,0.13888888888891415,7.239999999998101,nan,0
1603,1098.5944444444444,1.150000000000091,2.8333333333332575,0.13888888888891415,8.279999999999148,47.22222222222222,0
1604,1101.4277777777777,2.8333333333332575,3.900000000000091,0.13888888888891415,20.399999999995742,nan,0
1605,1105.3277777777778,3.900000000000091,0.0,0.13888888888891415,28.079999999995547,nan,0
1606,1105.3277777777778,0.0,0.0,0.13888888888891415,0.0,nan,0
1607,1105.3277777777778,0.0,1.9833333333333485,0.13888888888891415,0.0,nan,0
1608,1107.3111111111111,1.9833333333333485,1.533333333333303,0.13888888888891415,14.279999999997512,175.0,0
1609,1108.8444444444444,1.533333333333303,1.183333333333394,0.13888888888891415,11.039999999997773,nan,0
1610,1110.0277777777778,1.183333333333394,0.0,0.13888888888891415,8.519999999998888,127.77777777777777,0
1611,1110.0277777777778,0.0,0.0,0.13888888888891415,0.0,127.77777777777777,1
1612,1110.0277777777778,0.0,0.9111111111110404,0.13888888888891415,0.0,127.77777777777777,1
1613,1110.9388888888889,0.9111111111110404,1.788888888889005,0.13888888888891415,6.559999999998298,202.77777777777777,0
1614,1112.7277777777779,1.788888888889005,0.0,0.13888888888891415,12.879999999998494,nan,0
1615,1112.7277777777779,0.0,0.0,0.13888888888891415,0.0,nan,0
1616,1112.7277777777779,0.0,1.1222222222220353,0.13888888888891415,0.0,nan,0
1617,1113.85,1.1222222222220353,0.9888888888890506,0.13888888888891415,8.079999999997185,150.0,0
1618,1114.838888888889,0.9888888888890506,0.09444444444443434,0.13888888888891415,7.119999999999869,141.66666666666666,0
1619,1114.9333333333334,0.09444444444443434,1.783333333333303,0.13888888888891415,0.6799999999998035,138.88888888888889,1
1620,1116.7166666666667,1.783333333333303,1.0944444444444343,0.13888888888891415,12.839999999997445,nan,0
1621,1117.8111111111111,1.0944444444444343,0.8777777777777374,0.13888888888891415,7.8799999999984935,183.33333333333334,0
1622,1118.6888888888889,0.8777777777777374,0.022222222222353594,0.13888888888891415,6.31999999999856,122.22222222222223,0
1623,1118.7111111111112,0.022222222222353594,1.7555555555554747,0.13888888888891415,0.16000000000091677,122.22222222222223,1
1624,1120.4666666666667,1.7555555555554747,1.0388888888887777,0.13888888888891415,12.63999999999712,nan,0
1625,1121.5055555555555,1.0388888888887777,0.9722222222223991,0.13888888888891415,7.479999999997839,155.55555555555554,0
1626,1122.4777777777779,0.9722222222223991,0.08888888888873225,0.13888888888891415,7.0,136.11111111111111,0
1627,1122.5666666666666,0.08888888888873225,1.650000000000091,0.13888888888891415,0.6399999999987558,138.88888888888889,1
1628,1124.2166666666667,1.650000000000091,1.2444444444445253,0.13888888888891415,11.879999999998494,nan,0
1629,1125.4611111111112,1.2444444444445253,0.0,0.13888888888891415,8.959999999998953,144.44444444444446,0
1630,1125.4611111111112,0.0,0.9222222222222172,0.13888888888891415,0.0,144.44444444444446,1
1631,1126.3833333333334,0.9222222222222172,1.5388888888887777,0.13888888888891415,6.639999999998756,152.77777777777777,0
1632,1127.9222222222222,1.5388888888887777,1.1722222222222172,0.13888888888891415,11.079999999997185,nan,0
1633,1129.0944444444444,1.1722222222222172,0.0,0.13888888888891415,8.43999999999843,127.77777777777777,0
1634,1129.0944444444444,0.0,0.0,0.13888888888891415,0.0,127.77777777777777,1
1635,1129.0944444444444,0.0,0.8611111111110858,0.13888888888891415,0.0,127.77777777777777,1
1636,1129.9555555555555,0.8611111111110858,1.6722222222222172,0.13888888888891415,6.19999999999869,183.33333333333334,0
1637,1131.6277777777777,1.6722222222222172,0.0,0.13888888888891415,12.039999999997773,nan,0
1638,1131.6277777777777,0.0,1.116666666666788,0.13888888888891415,0.0,nan,0
1639,1132.7444444444445,1.116666666666788,0.0,0.13888888888891415,8.039999999999411,144.44444444444446,0
1640,1132.7444444444445,0.0,0.0,0.13888888888891415,0.0,144.44444444444446,1
1641,1132.7444444444445,0.0,0.8666666666665606,0.13888888888891415,0.0,144.44444444444446,1
1642,1133.611111111111,0.8666666666665606,0.08888888888895963,0.13888888888891415,6.239999999998101,180.55555555555554,0
1643,1133.7,0.08888888888895963,1.633333333333212,0.13888888888891415,0.6400000000003929,138.88888888888889,1
1644,1135.3333333333333,1.633333333333212,1.25,0.13888888888891415,11.759999999996987,nan,0
1645,1136.5833333333333,1.25,0.0,0.13888888888891415,8.999999999998362,150.0,0
1646,1136.5833333333333,0.0,0.9222222222222172,0.13888888888891415,0.0,150.0,1
1647,1137.5055555555555,0.9222222222222172,0.08888888888895963,0.13888888888891415,6.639999999998756,147.22222222222223,0
1648,1137.5944444444444,0.08888888888895963,1.5055555555554747,0.13888888888891415,0.6400000000003929,116.66666666666667,1
1649,1139.1,1.5055555555554747,0.0,0.13888888888891415,10.839999999997445,nan,0
1650,1139.1,0.0,1.2277777777778738,0.13888888888891415,0.0,nan,0
1651,1140.3277777777778,1.2277777777778738,0.0,0.13888888888891415,8.839999999999083,144.44444444444446,0
1652,1140.3277777777778,0.0,0.0,0.13888888888891415,0.0,144.44444444444446,1
1653,1140.3277777777778,0.0,0.849999999999909,0.13888888888891415,0.0,144.44444444444446,1
1654,1141.1777777777777,0.849999999999909,0.08333333333348492,0.13888888888891415,6.119999999998232,136.11111111111111,0
1655,1141.2611111111112,0.08333333333348492,1.5222222222221262,0.13888888888891415,0.6000000000009823,138.88888888888889,1
1656,1142.7833333333333,1.5222222222221262,1.1388888888889142,0.13888888888891415,10.959999999997315,nan,0
1657,1143.9222222222222,1.1388888888889142,0.0,0.13888888888891415,8.19999999999869,144.44444444444446,0
1658,1143.9222222222222,0.0,0.0,0.13888888888891415,0.0,144.44444444444446,1
1659,1143.9222222222222,0.0,0.849999999999909,0.13888888888891415,0.0,144.44444444444446,1
1660,1144.7722222222221,0.849999999999909,0.08888888888895963,0.13888888888891415,6.119999999998232,152.77777777777777,0
1661,1144.861111111111,0.08888888888895963,1.7277777777778738,0.13888888888891415,0.6400000000003929,150.0,1
1662,1146.588888888889,1.7277777777778738,0.0,0.13888888888891415,12.43999999999843,nan,0
1663,1146.588888888889,0.0,0.0,0.13888888888891415,0.0,nan,0
1664,1146.588888888889,0.0,1.1499999999998636,0.13888888888891415,0.0,nan,0
1665,1147.7388888888888,1.1499999999998636,0.0,0.13888888888891415,8.279999999997512,150.0,0
1666,1147.7388888888888,0.0,0.08888888888895963,0.13888888888891415,0.0,150.0,1
1667,1147.8277777777778,0.08888888888895963,0.9222222222222172,0.13888888888891415,0.6400000000003929,111.11111111111111,1
1668,1148.75,0.9222222222222172,0.08333333333325754,0.13888888888891415,6.639999999998756,133.33333333333334,0
1669,1148.8333333333333,0.08333333333325754,1.5944444444444343,0.13888888888891415,0.5999999999993452,133.33333333333334,1
1670,1150.4277777777777,1.5944444444444343,0.0,0.13888888888891415,11.479999999997839,nan,0
1671,1150.4277777777777,0.0,0.0,0.13888888888891415,0.0,nan,0
1672,1150.4277777777777,0.0,1.2055555555557476,0.13888888888891415,0.0,nan,0
1673,1151.6333333333334,1.2055555555557476,0.0,0.13888888888891415,8.679999999999804,144.44444444444446,0
1674,1151.6333333333334,0.0,0.0,0.13888888888891415,0.0,144.44444444444446,1
1675,1151.6333333333334,0.0,0.8666666666665606,0.13888888888891415,0.0,144.44444444444446,1
1676,1152.5,0.8666666666665606,0.03333333333330302,0.13888888888891415,6.239999999998101,141.66666666666666,0
1677,1152.5333333333333,0.03333333333330302,1.3888888888889142,0.13888888888891415,0.23999999999973806,194.44444444444446,1
1678,1153.9222222222222,1.3888888888889142,0.17777777777769188,0.13888888888891415,9.999999999998362,nan,0
1679,1154.1,0.17777777777769188,1.1611111111112677,0.13888888888891415,1.2799999999991487,nan,0
1680,1155.2611111111112,1.1611111111112677,0.0,0.13888888888891415,8.359999999999607,116.66666666666667,0
1681,1155.2611111111112,0.0,0.0,0.13888888888891415,0.0,116.66666666666667,1
1682,1155.2611111111112,0.0,0.8888888888889142,0.13888888888891415,0.0,116.66666666666667,1
1683,1156.15,0.8888888888889142,0.08888888888873225,0.13888888888891415,6.399999999999018,147.22222222222223,0
1684,1156.2388888888888,0.08888888888873225,1.25,0.13888888888891415,0.6399999999987558,127.77777777777777,1
1685,1157.4888888888888,1.25,0.13888888888891415,0.13888888888891415,8.999999999998362,16.666666666666668,0
1686,1157.6277777777777,0.13888888888891415,1.2055555555555202,0.13888888888891415,1.0,nan,0
1687,1158.8333333333333,1.2055555555555202,0.0,0.13888888888891415,8.679999999998167,122.22222222222223,0
1688,1158.8333333333333,0.0,0.0,0.13888888888891415,0.0,122.22222222222223,1
1689,1158.8333333333333,0.0,0.933333333333394,0.13888888888891415,0.0,122.22222222222223,1
1690,1159.7666666666667,0.933333333333394,0.0,0.13888888888891415,6.719999999999215,136.11111111111111,0
1691,1159.7666666666667,0.0,0.07777777777778283,0.13888888888891415,0.0,136.11111111111111,1
1692,1159.8444444444444,0.07777777777778283,1.6222222222222626,0.13888888888891415,0.5599999999999346,116.66666666666667,1
1693,1161.4666666666667,1.6222222222222626,0.0,0.13888888888891415,11.679999999998167,nan,0
1694,1161.4666666666667,0.0,0.0,0.13888888888891415,0.0,nan,0
1695,1161.4666666666667,0.0,1.216666666666697,0.13888888888891415,0.0,nan,0
1696,1162.6833333333334,1.216666666666697,0.0,0.13888888888891415,8.759999999998625,144.44444444444446,0
1697,1162.6833333333334,0.0,0.0,0.13888888888891415,0.0,144.44444444444446,1
1698,1162.6833333333334,0.0,0.849999999999909,0.13888888888891415,0.0,144.44444444444446,1
1699,1163.5333333333333,0.849999999999909,0.0,0.13888888888891415,6.119999999998232,152.77777777777777,0
1700,1163.5333333333333,0.0,0.08333333333325754,0.13888888888891415,0.0,152.77777777777777,1
1701,1163.6166666666666,0.08333333333325754,1.6277777777779647,0.13888888888891415,0.5999999999993452,150.0,1
1702,1165.2444444444445,1.6277777777779647,0.06111111111113132,0.13888888888891415,11.719999999999214,nan,0
1703,1165.3055555555557,0.06111111111113132,1.0833333333332575,0.13888888888891415,0.4400000000000655,nan,0
1704,1166.388888888889,1.0833333333332575,0.0,0.13888888888891415,7.799999999998035,172.22222222222223,0
1705,1166.388888888889,0.0,0.07777777777778283,0.13888888888891415,0.0,172.22222222222223,1
1706,1166.4666666666667,0.07777777777778283,0.9277777777776919,0.13888888888891415,0.5599999999999346,133.33333333333334,1
1707,1167.3944444444444,0.9277777777776919,0.0,0.13888888888891415,6.6799999999981665,163.88888888888889,0
1708,1167.3944444444444,0.0,0.08333333333348492,0.13888888888891415,0.0,163.88888888888889,1
1709,1167.4777777777779,0.08333333333348492,1.449999999999818,0.13888888888891415,0.6000000000009823,144.44444444444446,1
1710,1168.9277777777777,1.449999999999818,0.0,0.13888888888891415,10.439999999996791,nan,0
1711,1168.9277777777777,0.0,0.0,0.13888888888891415,0.0,nan,0
1712,1168.9277777777777,0.0,1.2055555555557476,0.13888888888891415,0.0,nan,0
1713,1170.1333333333334,1.2055555555557476,0.0,0.13888888888891415,8.679999999999804,144.44444444444446,0
1714,1170.1333333333334,0.0,0.0,0.13888888888891415,0.0,144.44444444444446,1
1715,1170.1333333333334,0.0,0.8999999999998636,0.13888888888891415,0.0,144.44444444444446,1
1716,1171.0333333333333,0.8999999999998636,0.0,0.13888888888891415,6.479999999997839,147.22222222222223,0
1717,1171.0333333333333,0.0,0.07777777777778283,0.13888888888891415,0.0,147.22222222222223,1
1718,1171.111111111111,0.07777777777778283,1.4166666666667425,0.13888888888891415,0.5599999999999346,116.66666666666667,1
1719,1172.5277777777778,1.4166666666667425,0.17222222222221717,0.13888888888891415,10.19999999999869,nan,0
1720,1172.7,0.17222222222221717,1.2277777777776464,0.13888888888891415,1.239999999999738,nan,0
1721,1173.9277777777777,1.2277777777776464,0.0,0.13888888888891415,8.839999999997445,144.44444444444446,0
1722,1173.9277777777777,0.0,0.0,0.13888888888891415,0.0,144.44444444444446,1
1723,1173.9277777777777,0.0,0.9444444444445708,0.13888888888891415,0.0,144.44444444444446,1
1724,1174.8722222222223,0.9444444444445708,0.09444444444443434,0.13888888888891415,6.799999999999673,183.33333333333334,0
1725,1174.9666666666667,0.09444444444443434,1.5444444444444798,0.13888888888891415,0.6799999999998035,138.88888888888889,1
1726,1176.5111111111112,1.5444444444444798,1.1888888888888687,0.13888888888891415,11.119999999998232,nan,0
1727,1177.7,1.1888888888888687,0.0,0.13888888888891415,8.559999999998297,138.88888888888889,0
1728,1177.7,0.0,0.8722222222222626,0.13888888888891415,0.0,138.88888888888889,1
1729,1178.5722222222223,0.8722222222222626,0.0,0.13888888888891415,6.2799999999991485,152.77777777777777,0
1730,1178.5722222222223,0.0,1.383333333333212,0.13888888888891415,0.0,152.77777777777777,1
1731,1179.9555555555555,1.383333333333212,0.17222222222221717,0.13888888888891415,9.959999999997315,19.444444444444443,0
1732,1180.1277777777777,0.17222222222221717,1.1222222222222626,0.13888888888891415,1.239999999999738,nan,0
1733,1181.25,1.1222222222222626,0.0,0.13888888888891415,8.07999999999882,144.44444444444446,0
1734,1181.25,0.0,0.8888888888889142,0.13888888888891415,0.0,144.44444444444446,1
1735,1182.138888888889,0.8888888888889142,0.07777777777778283,0.13888888888891415,6.399999999999018,133.33333333333334,0
1736,1182.2166666666667,0.07777777777778283,1.6611111111110404,0.13888888888891415,0.5599999999999346,88.88888888888889,0
1737,1183.8777777777777,1.6611111111110404,0.0,0.13888888888891415,11.959999999997315,nan,0
1738,1183.8777777777777,0.0,0.0,0.13888888888891415,0.0,nan,0
1739,1183.8777777777777,0.0,1.2333333333333485,0.13888888888891415,0.0,nan,0
1740,1185.111111111111,1.2333333333333485,0.0,0.13888888888891415,8.879999999998494,144.44444444444446,0
1741,1185.111111111111,0.0,0.0,0.13888888888891415,0.0,144.44444444444446,1
1742,1185.111111111111,0.0,0.9388888888888687,0.13888888888891415,0.0,144.44444444444446,1
1743,1186.05,0.9388888888888687,0.08888888888895963,0.13888888888891415,6.759999999998625,172.22222222222223,0
1744,1186.138888888889,0.08888888888895963,1.4166666666667425,0.13888888888891415,0.6400000000003929,127.77777777777777,1
1745,1187.5555555555557,1.4166666666667425,0.06111111111090395,0.13888888888891415,10.19999999999869,nan,0
1746,1187.6166666666666,0.06111111111090395,1.2000000000000455,0.13888888888891415,0.43999999999842837,nan,0
1747,1188.8166666666666,1.2000000000000455,0.0,0.13888888888891415,8.639999999998755,144.44444444444446,0
1748,1188.8166666666666,0.0,0.0,0.13888888888891415,0.0,144.44444444444446,1
1749,1188.8166666666666,0.0,0.9166666666667425,0.13888888888891415,0.0,144.44444444444446,1
1750,1189.7333333333333,0.9166666666667425,0.0,0.13888888888891415,6.599999999999345,163.88888888888889,0
1751,1189.7333333333333,0.0,0.08333333333325754,0.13888888888891415,0.0,163.88888888888889,1
1752,1189.8166666666666,0.08333333333325754,1.538888888889005,0.13888888888891415,0.5999999999993452,144.44444444444446,1
1753,1191.3555555555556,1.538888888889005,0.03333333333330302,0.13888888888891415,11.07999999999882,nan,0
1754,1191.388888888889,0.03333333333330302,1.099999999999909,0.13888888888891415,0.23999999999973806,nan,0
1755,1192.4888888888888,1.099999999999909,0.0,0.13888888888891415,7.919999999997905,161.11111111111111,0
1756,1192.4888888888888,0.0,0.07222222222230812,0.13888888888891415,0.0,161.11111111111111,1
1757,1192.5611111111111,0.07222222222230812,0.783333333333303,0.13888888888891415,0.5200000000005238,138.88888888888889,1
1758,1193.3444444444444,0.783333333333303,0.0,0.13888888888891415,5.639999999998756,102.77777777777777,0
1759,1193.3444444444444,0.0,0.09444444444443434,0.13888888888891415,0.0,102.77777777777777,1
1760,1193.4388888888889,0.09444444444443434,1.5777777777777828,0.13888888888891415,0.6799999999998035,77.77777777777777,0
1761,1195.0166666666667,1.5777777777777828,0.0,0.13888888888891415,11.35999999999797,nan,0
1762,1195.0166666666667,0.0,1.2333333333333485,0.13888888888891415,0.0,nan,0
1763,1196.25,1.2333333333333485,0.0,0.13888888888891415,8.879999999998494,144.44444444444446,0
1764,1196.25,0.0,0.0,0.13888888888891415,0.0,144.44444444444446,1
1765,1196.25,0.0,0.9833333333333485,0.13888888888891415,0.0,144.44444444444446,1
1766,1197.2333333333333,0.9833333333333485,0.0,0.13888888888891415,7.0799999999988215,147.22222222222223,0
1767,1197.2333333333333,0.0,0.09444444444443434,0.13888888888891415,0.0,147.22222222222223,1
1768,1197.3277777777778,0.09444444444443434,1.461111111110995,0.13888888888891415,0.6799999999998035,100.0,1
1769,1198.7888888888888,1.461111111110995,0.0,0.13888888888891415,10.51999999999725,nan,0
1770,1198.7888888888888,0.0,1.1444444444446162,0.13888888888891415,0.0,nan,0
1771,1199.9333333333334,1.1444444444446162,0.03333333333330302,0.13888888888891415,8.239999999999737,66.66666666666667,0
1772,1199.9666666666667,0.03333333333330302,0.0,0.13888888888891415,0.23999999999973806,66.66666666666667,0
1773,1199.9666666666667,0.0,0.8777777777777374,0.13888888888891415,0.0,66.66666666666667,0
1774,1200.8444444444444,0.8777777777777374,1.4611111111112223,0.13888888888891415,6.31999999999856,108.33333333333333,0
1775,1202.3055555555557,1.4611111111112223,1.1611111111110404,0.13888888888891415,10.519999999998888,nan,0
1776,1203.4666666666667,1.1611111111110404,0.0,0.13888888888891415,8.35999999999797,72.22222222222223,0
1777,1203.4666666666667,0.0,0.0,0.13888888888891415,0.0,72.22222222222223,0
1778,1203.4666666666667,0.0,0.8944444444443889,0.13888888888891415,0.0,72.22222222222223,0
1779,1204.361111111111,0.8944444444443889,0.08333333333325754,0.13888888888891415,6.439999999998428,175.0,0
1780,1204.4444444444443,0.08333333333325754,1.4944444444445253,0.13888888888891415,0.5999999999993452,138.88888888888889,1
1781,1205.9388888888889,1.4944444444445253,0.0,0.13888888888891415,10.759999999998625,nan,0
1782,1205.9388888888889,0.0,0.0,0.13888888888891415,0.0,nan,0
1783,1205.9388888888889,0.0,1.2333333333333485,0.13888888888891415,0.0,nan,0
1784,1207.1722222222222,1.2333333333333485,0.0,0.13888888888891415,8.879999999998494,127.77777777777777,0
1785,1207.1722222222222,0.0,0.0,0.13888888888891415,0.0,127.77777777777777,1
1786,1207.1722222222222,0.0,0.9055555555555657,0.13888888888891415,0.0,127.77777777777777,1
1787,1208.0777777777778,0.9055555555555657,0.08888888888895963,0.13888888888891415,6.519999999998887,186.11111111111111,0
1788,1208.1666666666667,0.08888888888895963,1.5555555555554292,0.13888888888891415,0.6400000000003929,144.44444444444446,1
1789,1209.7222222222222,1.5555555555554292,0.0,0.13888888888891415,11.199999999997054,nan,0
1790,1209.7222222222222,0.0,0.13333333333343944,0.13888888888891415,0.0,nan,0
1791,1209.8555555555556,0.13333333333343944,1.0611111111111313,0.13888888888891415,0.9600000000005894,nan,0
1792,1210.9166666666667,1.0611111111111313,0.0,0.13888888888891415,7.639999999998756,122.22222222222223,0
1793,1210.9166666666667,0.0,0.0,0.13888888888891415,0.0,122.22222222222223,1
1794,1210.9166666666667,0.0,0.8611111111110858,0.13888888888891415,0.0,122.22222222222223,1
1795,1211.7777777777778,0.8611111111110858,0.0,0.13888888888891415,6.19999999999869,152.77777777777777,0
1796,1211.7777777777778,0.0,0.06666666666660603,0.13888888888891415,0.0,152.77777777777777,1
1797,1211.8444444444444,0.06666666666660603,1.538888888889005,0.13888888888891415,0.4799999999994761,150.0,1
1798,1213.3833333333334,1.538888888889005,0.0,0.13888888888891415,11.07999999999882,nan,0
1799,1213.3833333333334,0.0,0.0,0.13888888888891415,0.0,nan,0
1800,1213.3833333333334,0.0,1.1611111111110404,0.13888888888891415,0.0,nan,0
1801,1214.5444444444445,1.1611111111110404,0.0,0.13888888888891415,8.35999999999797,111.11111111111111,0
1802,1214.5444444444445,0.0,0.0,0.13888888888891415,0.0,111.11111111111111,1
1803,1214.5444444444445,0.0,0.8444444444444343,0.13888888888891415,0.0,111.11111111111111,1
1804,1215.388888888889,0.8444444444444343,1.4944444444445253,0.13888888888891415,6.0799999999988215,161.11111111111111,0
1805,1216.8833333333334,1.4944444444445253,0.0,0.13888888888891415,10.759999999998625,nan,0
1806,1216.8833333333334,0.0,0.0,0.13888888888891415,0.0,nan,0
1807,1216.8833333333334,0.0,1.1777777777776919,0.13888888888891415,0.0,nan,0
1808,1218.0611111111111,1.1777777777776919,0.0,0.13888888888891415,8.479999999997839,111.11111111111111,0
1809,1218.0611111111111,0.0,0.0,0.13888888888891415,0.0,111.11111111111111,1
1810,1218.0611111111111,0.0,0.9500000000000455,0.13888888888891415,0.0,111.11111111111111,1
1811,1219.0111111111112,0.9500000000000455,0.08888888888873225,0.13888888888891415,6.839999999999083,147.22222222222223,0
1812,1219.1,0.08888888888873225,1.5555555555556566,0.13888888888891415,0.6399999999987558,133.33333333333334,1
1813,1220.6555555555556,1.5555555555556566,0.0,0.13888888888891415,11.19999999999869,nan,0
1814,1220.6555555555556,0.0,1.2333333333333485,0.13888888888891415,0.0,nan,0
1815,1221.888888888889,1.2333333333333485,0.8555555555556111,0.13888888888891415,8.879999999998494,111.11111111111111,0
1816,1222.7444444444445,0.8555555555556111,0.08333333333325754,0.13888888888891415,6.15999999999928,147.22222222222223,0
1817,1222.8277777777778,0.08333333333325754,1.2555555555554747,0.13888888888891415,0.5999999999993452,116.66666666666667,1
1818,1224.0833333333333,1.2555555555554747,0.16111111111126775,0.13888888888891415,9.039999999997773,13.88888888888889,0
1819,1224.2444444444445,0.16111111111126775,1.1722222222222172,0.13888888888891415,1.1600000000009167,nan,0
1820,1225.4166666666667,1.1722222222222172,0.0,0.13888888888891415,8.43999999999843,72.22222222222223,0
1821,1225.4166666666667,0.0,0.8388888888887323,0.13888888888891415,0.0,72.22222222222223,0
1822,1226.2555555555555,0.8388888888887323,1.533333333333303,0.13888888888891415,6.039999999997773,125.0,0
1823,1227.7888888888888,1.533333333333303,0.0,0.13888888888891415,11.039999999997773,nan,0
1824,1227.7888888888888,0.0,0.0,0.13888888888891415,0.0,nan,0
1825,1227.7888888888888,0.0,1.1222222222222626,0.13888888888891415,0.0,nan,0
1826,1228.911111111111,1.1222222222222626,0.8722222222222626,0.13888888888891415,8.07999999999882,77.77777777777777,0
1827,1229.7833333333333,0.8722222222222626,0.08888888888895963,0.13888888888891415,6.2799999999991485,147.22222222222223,0
1828,1229.8722222222223,0.08888888888895963,1.4388888888888687,0.13888888888891415,0.6400000000003929,116.66666666666667,1
1829,1231.3111111111111,1.4388888888888687,0.0,0.13888888888891415,10.35999999999797,nan,0
1830,1231.3111111111111,0.0,0.0,0.13888888888891415,0.0,nan,0
1831,1231.3111111111111,0.0,1.1777777777776919,0.13888888888891415,0.0,nan,0
1832,1232.4888888888888,1.1777777777776919,0.0,0.13888888888891415,8.479999999997839,52.77777777777778,0
1833,1232.4888888888888,0.0,0.0,0.13888888888891415,0.0,52.77777777777778,0
1834,1232.4888888888888,0.0,0.9444444444445708,0.13888888888891415,0.0,52.77777777777778,0
1835,1233.4333333333334,0.9444444444445708,0.08888888888873225,0.13888888888891415,6.799999999999673,136.11111111111111,0
1836,1233.5222222222221,0.08888888888873225,1.3722222222222626,0.13888888888891415,0.6399999999987558,94.44444444444444,0
1837,1234.8944444444444,1.3722222222222626,0.0,0.13888888888891415,9.879999999998494,8.333333333333334,0
1838,1234.8944444444444,0.0,1.1611111111112677,0.13888888888891415,0.0,8.333333333333334,0
1839,1236.0555555555557,1.1611111111112677,0.0,0.13888888888891415,8.359999999999607,47.22222222222222,0
1840,1236.0555555555557,0.0,0.0,0.13888888888891415,0.0,47.22222222222222,0
1841,1236.0555555555557,0.0,0.9333333333331666,0.13888888888891415,0.0,47.22222222222222,0
1842,1236.9888888888888,0.9333333333331666,0.08333333333348492,0.13888888888891415,6.719999999997577,125.0,0
1843,1237.0722222222223,0.08333333333348492,1.3999999999998636,0.13888888888891415,0.6000000000009823,94.44444444444444,0
1844,1238.4722222222222,1.3999999999998636,1.150000000000091,0.13888888888891415,10.079999999997185,nan,0
1845,1239.6222222222223,1.150000000000091,0.8833333333332121,0.13888888888891415,8.279999999999148,83.33333333333333,0
1846,1240.5055555555555,0.8833333333332121,0.0,0.13888888888891415,6.35999999999797,152.77777777777777,0
1847,1240.5055555555555,0.0,1.5277777777778283,0.13888888888891415,0.0,152.77777777777777,1
1848,1242.0333333333333,1.5277777777778283,0.0,0.13888888888891415,10.999999999998362,nan,0
1849,1242.0333333333333,0.0,1.216666666666697,0.13888888888891415,0.0,nan,0
1850,1243.25,1.216666666666697,0.0,0.13888888888891415,8.759999999998625,150.0,0
1851,1243.25,0.0,0.0,0.13888888888891415,0.0,150.0,1
1852,1243.25,0.0,0.9277777777776919,0.13888888888891415,0.0,150.0,1
1853,1244.1777777777777,0.9277777777776919,0.027777777777828305,0.13888888888891415,6.6799999999981665,125.0,0
1854,1244.2055555555555,0.027777777777828305,1.4888888888888232,0.13888888888891415,0.20000000000032742,108.33333333333333,1
1855,1245.6944444444443,1.4888888888888232,1.1222222222222626,0.13888888888891415,10.719999999997578,nan,0
1856,1246.8166666666666,1.1222222222222626,0.0,0.13888888888891415,8.07999999999882,25.0,0
1857,1246.8166666666666,0.0,1.366666666666788,0.13888888888891415,0.0,25.0,0
1858,1248.1833333333334,1.366666666666788,0.0,0.13888888888891415,9.839999999999083,nan,0
1859,1248.1833333333334,0.0,1.5888888888887323,0.13888888888891415,0.0,nan,0
1860,1249.7722222222221,1.5888888888887323,0.0,0.13888888888891415,11.439999999996791,nan,0
1861,1249.7722222222221,0.0,0.0,0.13888888888891415,0.0,nan,0
1862,1249.7722222222221,0.0,1.0666666666668334,0.13888888888891415,0.0,nan,0
1863,1250.838888888889,1.0666666666668334,0.8833333333332121,0.13888888888891415,7.679999999999803,191.66666666666666,0
1864,1251.7222222222222,0.8833333333332121,0.022222222222353594,0.13888888888891415,6.35999999999797,147.22222222222223,0
1865,1251.7444444444445,0.022222222222353594,1.6888888888888687,0.13888888888891415,0.16000000000091677,147.22222222222223,1
1866,1253.4333333333334,1.6888888888888687,0.0,0.13888888888891415,12.159999999997643,nan,0
1867,1253.4333333333334,0.0,1.1833333333331666,0.13888888888891415,0.0,nan,0
1868,1254.6166666666666,1.1833333333331666,0.9083333333335304,0.13888888888891415,8.51999999999725,144.44444444444446,0
1869,1255.525,0.9083333333335304,1.3916666666666515,0.13888888888891415,6.540000000000229,130.55555555555554,0
1870,1256.9166666666667,1.3916666666666515,0.0,0.13888888888891415,10.019999999998069,nan,0
1871,1256.9166666666667,0.0,1.099999999999909,0.13888888888891415,0.0,nan,0
1872,1258.0166666666667,1.099999999999909,1.0722222222223081,0.13888888888891415,7.919999999997905,nan,0
1873,1259.088888888889,1.0722222222223081,1.0499999999999545,0.13888888888891415,7.719999999999215,nan,0
1874,1260.138888888889,1.0499999999999545,1.0388888888887777,0.13888888888891415,7.559999999998298,nan,0
1875,1261.1777777777777,1.0388888888887777,1.005555555555702,0.13888888888891415,7.479999999997839,nan,0
1876,1262.1833333333334,1.005555555555702,1.0222222222221262,0.13888888888891415,7.239999999999738,nan,0
1877,1263.2055555555555,1.0222222222221262,0.0,0.13888888888891415,7.35999999999797,nan,0
1878,1263.2055555555555,0.0,1.0499999999999545,0.13888888888891415,0.0,nan,0
1879,1264.2555555555555,1.0499999999999545,0.0,0.13888888888891415,7.559999999998298,nan,0
1880,1264.2555555555555,0.0,0.9888888888890506,0.13888888888891415,0.0,nan,0
1881,1265.2444444444445,0.9888888888890506,0.0,0.13888888888891415,7.119999999999869,nan,0
1882,1265.2444444444445,0.0,0.0,0.13888888888891415,0.0,nan,0
1883,1265.2444444444445,0.0,1.0888888888887323,0.13888888888891415,0.0,nan,0
1884,1266.3333333333333,1.0888888888887323,1.0944444444444343,0.13888888888891415,7.839999999997446,nan,0
1885,1267.4277777777777,1.0944444444444343,1.1722222222222172,0.13888888888891415,7.8799999999984935,nan,0
1886,1268.6,1.1722222222222172,0.0,0.13888888888891415,8.43999999999843,nan,0
1887,1268.6,0.0,0.0,0.13888888888891415,0.0,nan,0
1888,1268.6,0.0,1.2055555555557476,0.13888888888891415,0.0,nan,0
1889,1269.8055555555557,1.2055555555557476,0.0,0.13888888888891415,8.679999999999804,nan,0
1890,1269.8055555555557,0.0,0.0,0.13888888888891415,0.0,nan,0
1891,1269.8055555555557,0.0,1.1722222222222172,0.13888888888891415,0.0,nan,0
1892,1270.9777777777779,1.1722222222222172,0.9555555555555202,0.13888888888891415,8.43999999999843,66.66666666666667,0
1893,1271.9333333333334,0.9555555555555202,1.5499999999999545,0.13888888888891415,6.8799999999984935,125.0,0
1894,1273.4833333333333,1.5499999999999545,0.0,0.13888888888891415,11.159999999997643,nan,0
1895,1273.4833333333333,0.0,0.0,0.13888888888891415,0.0,nan,0
1896,1273.4833333333333,0.0,1.133333333333212,0.13888888888891415,0.0,nan,0
1897,1274.6166666666666,1.133333333333212,0.0,0.13888888888891415,8.159999999997643,50.0,0
1898,1274.6166666666666,0.0,0.0,0.13888888888891415,0.0,50.0,0
1899,1274.6166666666666,0.0,0.8944444444446162,0.13888888888891415,0.0,50.0,0
1900,1275.5111111111112,0.8944444444446162,1.3722222222222626,0.13888888888891415,6.440000000000065,113.88888888888889,0
1901,1276.8833333333334,1.3722222222222626,0.0,0.13888888888891415,9.879999999998494,nan,0
1902,1276.8833333333334,0.0,0.0,0.13888888888891415,0.0,nan,0
1903,1276.8833333333334,0.0,1.1833333333331666,0.13888888888891415,0.0,nan,0
1904,1278.0666666666666,1.1833333333331666,0.9722222222221717,0.13888888888891415,8.51999999999725,58.333333333333336,0
1905,1279.0388888888888,0.9722222222221717,1.4833333333333485,0.13888888888891415,6.999999999998363,163.88888888888889,0
1906,1280.5222222222221,1.4833333333333485,0.0,0.13888888888891415,10.679999999998167,nan,0
1907,1280.5222222222221,0.0,1.183333333333394,0.13888888888891415,0.0,nan,0
1908,1281.7055555555555,1.183333333333394,0.0,0.13888888888891415,8.519999999998888,nan,0
1909,1281.7055555555555,0.0,1.1333333333334394,0.13888888888891415,0.0,nan,0
1910,1282.838888888889,1.1333333333334394,0.0,0.13888888888891415,8.159999999999279,144.44444444444446,0
1911,1282.838888888889,0.0,1.1499999999998636,0.13888888888891415,0.0,144.44444444444446,1
1912,1283.9888888888888,1.1499999999998636,0.0,0.13888888888891415,8.279999999997512,nan,0
1913,1283.9888888888888,0.0,0.0,0.13888888888891415,0.0,nan,0
1914,1283.9888888888888,0.0,1.1666666666667425,0.13888888888891415,0.0,nan,0
1915,1285.1555555555556,1.1666666666667425,1.183333333333394,0.13888888888891415,8.399999999999018,nan,0
1916,1286.338888888889,1.183333333333394,0.0,0.13888888888891415,8.519999999998888,105.55555555555556,0
1917,1286.338888888889,0.0,0.0,0.13888888888891415,0.0,105.55555555555556,1
1918,1286.338888888889,0.0,0.8888888888889142,0.13888888888891415,0.0,105.55555555555556,1
1919,1287.2277777777779,0.8888888888889142,0.08888888888873225,0.13888888888891415,6.399999999999018,136.11111111111111,0
1920,1287.3166666666666,0.08888888888873225,1.4555555555555202,0.13888888888891415,0.6399999999987558,138.88888888888889,1
1921,1288.7722222222221,1.4555555555555202,1.1555555555555657,0.13888888888891415,10.479999999997839,nan,0
1922,1289.9277777777777,1.1555555555555657,0.0,0.13888888888891415,8.31999999999856,144.44444444444446,0
1923,1289.9277777777777,0.0,0.0,0.13888888888891415,0.0,144.44444444444446,1
1924,1289.9277777777777,0.0,1.0444444444444798,0.13888888888891415,0.0,144.44444444444446,1
1925,1290.9722222222222,1.0444444444444798,0.07222222222230812,0.13888888888891415,7.519999999998887,155.55555555555554,0
1926,1291.0444444444445,0.07222222222230812,1.211111111110995,0.13888888888891415,0.5200000000005238,155.55555555555554,1
1927,1292.2555555555555,1.211111111110995,0.0,0.13888888888891415,8.719999999997578,nan,0
1928,1292.2555555555555,0.0,0.0,0.13888888888891415,0.0,nan,0
1929,1292.2555555555555,0.0,1.1888888888888687,0.13888888888891415,0.0,nan,0
1930,1293.4444444444443,1.1888888888888687,0.0,0.13888888888891415,8.559999999998297,nan,0
1931,1293.4444444444443,0.0,0.0,0.13888888888891415,0.0,nan,0
1932,1293.4444444444443,0.0,1.150000000000091,0.13888888888891415,0.0,nan,0
1933,1294.5944444444444,1.150000000000091,0.0,0.13888888888891415,8.279999999999148,nan,0
1934,1294.5944444444444,0.0,0.0,0.13888888888891415,0.0,nan,0
1935,1294.5944444444444,0.0,1.0944444444444343,0.13888888888891415,0.0,nan,0
1936,1295.6888888888889,1.0944444444444343,0.0,0.13888888888891415,7.8799999999984935,nan,0
1937,1295.6888888888889,0.0,0.0,0.13888888888891415,0.0,nan,0
1938,1295.6888888888889,0.0,1.1222222222222626,0.13888888888891415,0.0,nan,0
1939,1296.8111111111111,1.1222222222222626,0.0,0.13888888888891415,8.07999999999882,nan,0
1940,1296.8111111111111,0.0,0.0,0.13888888888891415,0.0,nan,0
1941,1296.8111111111111,0.0,1.1277777777777374,0.13888888888891415,0.0,nan,0
1942,1297.9388888888889,1.1277777777777374,0.0,0.13888888888891415,8.119999999998232,41.666666666666664,0
1943,1297.9388888888889,0.0,2.327777777777783,0.13888888888891415,0.0,41.666666666666664,0
1944,1300.2666666666667,2.327777777777783,0.0,0.13888888888891415,16.75999999999699,nan,0
1945,1300.2666666666667,0.0,0.0,0.13888888888891415,0.0,nan,0
1946,1300.2666666666667,0.0,1.150000000000091,0.13888888888891415,0.0,nan,0
1947,1301.4166666666667,1.150000000000091,0.0,0.13888888888891415,8.279999999999148,nan,0
1948,1301.4166666666667,0.0,0.0,0.13888888888891415,0.0,nan,0
1949,1301.4166666666667,0.0,2.527777777777601,0.13888888888891415,0.0,nan,0
1950,1303.9444444444443,2.527777777777601,0.0,0.13888888888891415,18.199999999995416,nan,0
1951,1303.9444444444443,0.0,0.0,0.13888888888891415,0.0,nan,0
1952,1303.9444444444443,0.0,1.2444444444445253,0.13888888888891415,0.0,nan,0
1953,1305.1888888888889,1.2444444444445253,0.900000000000091,0.13888888888891415,8.959999999998953,52.77777777777778,0
1954,1306.088888888889,0.900000000000091,1.6888888888888687,0.13888888888891415,6.479999999999476,169.44444444444446,0
1955,1307.7777777777778,1.6888888888888687,0.0,0.13888888888891415,12.159999999997643,nan,0
1956,1307.7777777777778,0.0,1.2277777777776464,0.13888888888891415,0.0,nan,0
1957,1309.0055555555555,1.2277777777776464,0.0,0.13888888888891415,8.839999999997445,122.22222222222223,0
1958,1309.0055555555555,0.0,0.0,0.13888888888891415,0.0,122.22222222222223,1
1959,1309.0055555555555,0.0,0.8555555555556111,0.13888888888891415,0.0,122.22222222222223,1
1960,1309.861111111111,0.8555555555556111,1.4500000000000455,0.13888888888891415,6.15999999999928,141.66666666666666,0
1961,1311.3111111111111,1.4500000000000455,0.0,0.13888888888891415,10.43999999999843,nan,0
1962,1311.3111111111111,0.0,1.1055555555556111,0.13888888888891415,0.0,nan,0
1963,1312.4166666666667,1.1055555555556111,0.0,0.13888888888891415,7.959999999998952,36.111111111111114,0
1964,1312.4166666666667,0.0,0.0,0.13888888888891415,0.0,36.111111111111114,0
1965,1312.4166666666667,0.0,0.8666666666665606,0.13888888888891415,0.0,36.111111111111114,0
1966,1313.2833333333333,0.8666666666665606,0.09444444444443434,0.13888888888891415,6.239999999998101,152.77777777777777,0
1967,1313.3777777777777,0.09444444444443434,1.3222222222223081,0.13888888888891415,0.6799999999998035,94.44444444444444,0
1968,1314.7,1.3222222222223081,1.2388888888888232,0.13888888888891415,9.519999999998888,nan,0
1969,1315.9388888888889,1.2388888888888232,0.0,0.13888888888891415,8.919999999997904,nan,0
1970,1315.9388888888889,0.0,1.116666666666788,0.13888888888891415,0.0,nan,0
1971,1317.0555555555557,1.116666666666788,0.09444444444443434,0.13888888888891415,8.039999999999411,147.22222222222223,0
1972,1317.15,0.09444444444443434,1.4277777777776919,0.13888888888891415,0.6799999999998035,122.22222222222223,1
1973,1318.5777777777778,1.4277777777776919,0.0,0.13888888888891415,10.279999999997512,nan,0
1974,1318.5777777777778,0.0,0.0,0.13888888888891415,0.0,nan,0
1975,1318.5777777777778,0.0,1.2333333333333485,0.13888888888891415,0.0,nan,0
1976,1319.8111111111111,1.2333333333333485,0.0,0.13888888888891415,8.879999999998494,144.44444444444446,0
1977,1319.8111111111111,0.0,0.0,0.13888888888891415,0.0,144.44444444444446,1
1978,1319.8111111111111,0.0,0.8611111111110858,0.13888888888891415,0.0,144.44444444444446,1
1979,1320.6722222222222,0.8611111111110858,0.0,0.13888888888891415,6.19999999999869,158.33333333333334,0
1980,1320.6722222222222,0.0,1.783333333333303,0.13888888888891415,0.0,158.33333333333334,1
1981,1322.4555555555555,1.783333333333303,0.0,0.13888888888891415,12.839999999997445,nan,0
1982,1322.4555555555555,0.0,0.0,0.13888888888891415,0.0,nan,0
1983,1322.4555555555555,0.0,1.1222222222222626,0.13888888888891415,0.0,nan,0
1984,1323.5777777777778,1.1222222222222626,0.900000000000091,0.13888888888891415,8.07999999999882,172.22222222222223,0
1985,1324.4777777777779,0.900000000000091,0.0,0.13888888888891415,6.479999999999476,127.77777777777777,0
1986,1324.4777777777779,0.0,0.07777777777778283,0.13888888888891415,0.0,127.77777777777777,1
1987,1324.5555555555557,0.07777777777778283,1.5111111111109494,0.13888888888891415,0.5599999999999346,144.44444444444446,1
1988,1326.0666666666666,1.5111111111109494,1.2055555555555202,0.13888888888891415,10.879999999996857,nan,0
1989,1327.2722222222221,1.2055555555555202,0.0,0.13888888888891415,8.679999999998167,144.44444444444446,0
1990,1327.2722222222221,0.0,0.0,0.13888888888891415,0.0,144.44444444444446,1
1991,1327.2722222222221,0.0,0.9444444444445708,0.13888888888891415,0.0,144.44444444444446,1
1992,1328.2166666666667,0.9444444444445708,0.09444444444443434,0.13888888888891415,6.799999999999673,152.77777777777777,0
1993,1328.3111111111111,0.09444444444443434,1.4444444444443434,0.13888888888891415,0.6799999999998035,133.33333333333334,1
1994,1329.7555555555555,1.4444444444443434,0.0,0.13888888888891415,10.39999999999738,nan,0
1995,1329.7555555555555,0.0,0.0,0.13888888888891415,0.0,nan,0
1996,1329.7555555555555,0.0,1.2055555555557476,0.13888888888891415,0.0,nan,0
1997,1330.9611111111112,1.2055555555557476,0.9277777777776919,0.13888888888891415,8.679999999999804,77.77777777777777,0
1998,1331.888888888889,0.9277777777776919,0.09999999999990905,0.13888888888891415,6.6799999999981665,141.66666666666666,0
1999,1331.9888888888888,0.09999999999990905,1.25,0.13888888888891415,0.7199999999992142,122.22222222222223,1
2000,1333.2388888888888,1.25,0.16666666666674246,0.13888888888891415,8.999999999998362,nan,0
2001,1333.4055555555556,0.16666666666674246,1.1722222222222172,0.13888888888891415,1.2000000000003275,nan,0
2002,1334.5777777777778,1.1722222222222172,0.0,0.13888888888891415,8.43999999999843,100.0,0
2003,1334.5777777777778,0.0,0.8277777777777828,0.13888888888891415,0.0,100.0,1
2004,1335.4055555555556,0.8277777777777828,0.01666666666665151,0.13888888888891415,5.959999999998952,113.88888888888889,0
2005,1335.4222222222222,0.01666666666665151,1.5,0.13888888888891415,0.11999999999986903,113.88888888888889,1
2006,1336.9222222222222,1.5,0.0,0.13888888888891415,10.799999999998036,nan,0
2007,1336.9222222222222,0.0,0.0,0.13888888888891415,0.0,nan,0
2008,1336.9222222222222,0.0,1.2277777777778738,0.13888888888891415,0.0,nan,0
2009,1338.15,1.2277777777778738,0.0,0.13888888888891415,8.839999999999083,144.44444444444446,0
2010,1338.15,0.0,0.0,0.13888888888891415,0.0,144.44444444444446,1
2011,1338.15,0.0,0.9222222222222172,0.13888888888891415,0.0,144.44444444444446,1
2012,1339.0722222222223,0.9222222222222172,0.29444444444425244,0.13888888888891415,6.639999999998756,138.88888888888889,0
2013,1339.3666666666666,0.29444444444425244,1.3055555555556566,0.13888888888891415,2.1199999999982317,nan,0
2014,1340.6722222222222,1.3055555555556566,0.0,0.13888888888891415,9.399999999999018,nan,0
2015,1340.6722222222222,0.0,0.0,0.13888888888891415,0.0,nan,0
2016,1340.6722222222222,0.0,1.183333333333394,0.13888888888891415,0.0,nan,0
2017,1341.8555555555556,1.183333333333394,0.9166666666665151,0.13888888888891415,8.519999999998888,77.77777777777777,0
2018,1342.7722222222221,0.9166666666665151,0.3055555555556566,0.13888888888891415,6.599999999997708,125.0,0
2019,1343.0777777777778,0.3055555555556566,1.1111111111110858,0.13888888888891415,2.2000000000003275,nan,0
2020,1344.1888888888889,1.1111111111110858,0.0,0.13888888888891415,7.999999999998363,nan,0
2021,1344.1888888888889,0.0,0.0,0.13888888888891415,0.0,nan,0
2022,1344.1888888888889,0.0,1.1722222222222172,0.13888888888891415,0.0,nan,0
2023,1345.361111111111,1.1722222222222172,0.0,0.13888888888891415,8.43999999999843,47.22222222222222,0
2024,1345.361111111111,0.0,0.0,0.13888888888891415,0.0,47.22222222222222,0
2025,1345.361111111111,0.0,0.8833333333334394,0.13888888888891415,0.0,47.22222222222222,0
2026,1346.2444444444445,0.8833333333334394,0.30555555555542924,0.13888888888891415,6.359999999999607,127.77777777777777,0
2027,1346.55,0.30555555555542924,1.2000000000000455,0.13888888888891415,2.19999999999869,19.444444444444443,0
2028,1347.75,1.2000000000000455,1.1111111111110858,0.13888888888891415,8.639999999998755,nan,0
2029,1348.861111111111,1.1111111111110858,0.0,0.13888888888891415,7.999999999998363,83.33333333333333,0
2030,1348.861111111111,0.0,0.8722222222222626,0.13888888888891415,0.0,83.33333333333333,0
2031,1349.7333333333333,0.8722222222222626,1.6666666666667425,0.13888888888891415,6.2799999999991485,172.22222222222223,0
2032,1351.4,1.6666666666667425,0.0,0.13888888888891415,11.999999999998362,nan,0
2033,1351.4,0.0,0.0,0.13888888888891415,0.0,nan,0
2034,1351.4,0.0,1.277777777777601,0.13888888888891415,0.0,nan,0
2035,1352.6777777777777,1.277777777777601,0.0,0.13888888888891415,9.199999999997054,144.44444444444446,0
2036,1352.6777777777777,0.0,0.0,0.13888888888891415,0.0,144.44444444444446,1
2037,1352.6777777777777,0.0,0.9444444444445708,0.13888888888891415,0.0,144.44444444444446,1
2038,1353.6222222222223,0.9444444444445708,0.0,0.13888888888891415,6.799999999999673,127.77777777777777,0
2039,1353.6222222222223,0.0,0.31666666666660603,0.13888888888891415,0.0,127.77777777777777,1
2040,1353.9388888888889,0.31666666666660603,1.2333333333333485,0.13888888888891415,2.279999999999149,nan,0
2041,1355.1722222222222,1.2333333333333485,0.0,0.13888888888891415,8.879999999998494,nan,0
2042,1355.1722222222222,0.0,0.0,0.13888888888891415,0.0,nan,0
2043,1355.1722222222222,0.0,1.1444444444443889,0.13888888888891415,0.0,nan,0
2044,1356.3166666666666,1.1444444444443889,0.0,0.13888888888891415,8.239999999998101,122.22222222222223,0
2045,1356.3166666666666,0.0,0.8611111111110858,0.13888888888891415,0.0,122.22222222222223,1
2046,1357.1777777777777,0.8611111111110858,0.01666666666665151,0.13888888888891415,6.19999999999869,147.22222222222223,0
2047,1357.1944444444443,0.01666666666665151,1.5611111111111313,0.13888888888891415,0.11999999999986903,147.22222222222223,1
2048,1358.7555555555555,1.5611111111111313,0.11666666666678793,0.13888888888891415,11.239999999998101,nan,0
2049,1358.8722222222223,0.11666666666678793,1.033333333333303,0.13888888888891415,0.8400000000007203,nan,0
2050,1359.9055555555556,1.033333333333303,0.0,0.13888888888891415,7.439999999998428,144.44444444444446,0
2051,1359.9055555555556,0.0,0.8444444444444343,0.13888888888891415,0.0,144.44444444444446,1
2052,1360.75,0.8444444444444343,0.08333333333325754,0.13888888888891415,6.0799999999988215,161.11111111111111,0
2053,1360.8333333333333,0.08333333333325754,1.5611111111111313,0.13888888888891415,0.5999999999993452,138.88888888888889,1
2054,1362.3944444444444,1.5611111111111313,0.0,0.13888888888891415,11.239999999998101,nan,0
2055,1362.3944444444444,0.0,0.0,0.13888888888891415,0.0,nan,0
2056,1362.3944444444444,0.0,1.2277777777778738,0.13888888888891415,0.0,nan,0
2057,1363.6222222222223,1.2277777777778738,0.0,0.13888888888891415,8.839999999999083,144.44444444444446,0
2058,1363.6222222222223,0.0,0.0,0.13888888888891415,0.0,144.44444444444446,1
2059,1363.6222222222223,0.0,0.9277777777776919,0.13888888888891415,0.0,144.44444444444446,1
2060,1364.55,0.9277777777776919,0.0,0.13888888888891415,6.6799999999981665,130.55555555555554,0
2061,1364.55,0.0,1.5555555555556566,0.13888888888891415,0.0,130.55555555555554,1
2062,1366.1055555555556,1.5555555555556566,0.0,0.13888888888891415,11.19999999999869,nan,0
2063,1366.1055555555556,0.0,1.216666666666697,0.13888888888891415,0.0,nan,0
2064,1367.3222222222223,1.216666666666697,0.0,0.13888888888891415,8.759999999998625,127.77777777777777,0
2065,1367.3222222222223,0.0,0.0,0.13888888888891415,0.0,127.77777777777777,1
2066,1367.3222222222223,0.0,0.9055555555555657,0.13888888888891415,0.0,127.77777777777777,1
2067,1368.2277777777779,0.9055555555555657,0.02222222222212622,0.13888888888891415,6.519999999998887,177.77777777777777,0
2068,1368.25,0.02222222222212622,1.5166666666666515,0.13888888888891415,0.1599999999992797,177.77777777777777,1
2069,1369.7666666666667,1.5166666666666515,0.0,0.13888888888891415,10.919999999997904,nan,0
2070,1369.7666666666667,0.0,0.0,0.13888888888891415,0.0,nan,0
2071,1369.7666666666667,0.0,1.1055555555556111,0.13888888888891415,0.0,nan,0
2072,1370.8722222222223,1.1055555555556111,0.0,0.13888888888891415,7.959999999998952,105.55555555555556,0
2073,1370.8722222222223,0.0,0.8944444444443889,0.13888888888891415,0.0,105.55555555555556,1
2074,1371.7666666666667,0.8944444444443889,0.0,0.13888888888891415,6.439999999998428,161.11111111111111,0
2075,1371.7666666666667,0.0,0.3111111111111313,0.13888888888891415,0.0,161.11111111111111,1
2076,1372.0777777777778,0.3111111111111313,1.150000000000091,0.13888888888891415,2.239999999999738,nan,0
2077,1373.2277777777779,1.150000000000091,0.0,0.13888888888891415,8.279999999999148,nan,0
2078,1373.2277777777779,0.0,1.1611111111110404,0.13888888888891415,0.0,nan,0
2079,1374.388888888889,1.1611111111110404,0.0,0.13888888888891415,8.35999999999797,77.77777777777777,0
2080,1374.388888888889,0.0,0.0,0.13888888888891415,0.0,77.77777777777777,0
2081,1374.388888888889,0.0,0.9388888888888687,0.13888888888891415,0.0,77.77777777777777,0
2082,1375.3277777777778,0.9388888888888687,1.5166666666666515,0.13888888888891415,6.759999999998625,125.0,0
2083,1376.8444444444444,1.5166666666666515,0.0,0.13888888888891415,10.919999999997904,nan,0
2084,1376.8444444444444,0.0,1.1722222222222172,0.13888888888891415,0.0,nan,0
2085,1378.0166666666667,1.1722222222222172,0.0,0.13888888888891415,8.43999999999843,41.666666666666664,0
2086,1378.0166666666667,0.0,0.9111111111110404,0.13888888888891415,0.0,41.666666666666664,0
2087,1378.9277777777777,0.9111111111110404,1.4388888888888687,0.13888888888891415,6.559999999998298,175.0,0
2088,1380.3666666666666,1.4388888888888687,1.1722222222222172,0.13888888888891415,10.35999999999797,nan,0
2089,1381.5388888888888,1.1722222222222172,0.0,0.13888888888891415,8.43999999999843,41.666666666666664,0
2090,1381.5388888888888,0.0,0.0,0.13888888888891415,0.0,41.666666666666664,0
2091,1381.5388888888888,0.0,0.9222222222224445,0.13888888888891415,0.0,41.666666666666664,0
2092,1382.4611111111112,0.9222222222224445,1.4444444444443434,0.13888888888891415,6.640000000000393,147.22222222222223,0
2093,1383.9055555555556,1.4444444444443434,0.0,0.13888888888891415,10.39999999999738,nan,0
2094,1383.9055555555556,0.0,1.0833333333332575,0.13888888888891415,0.0,nan,0
2095,1384.9888888888888,1.0833333333332575,0.0,0.13888888888891415,7.799999999998035,55.55555555555556,0
2096,1384.9888888888888,0.0,0.0,0.13888888888891415,0.0,55.55555555555556,0
2097,1384.9888888888888,0.0,0.8777777777777374,0.13888888888891415,0.0,55.55555555555556,0
2098,1385.8666666666666,0.8777777777777374,1.4944444444445253,0.13888888888891415,6.31999999999856,147.22222222222223,0
2099,1387.361111111111,1.4944444444445253,0.0,0.13888888888891415,10.759999999998625,nan,0
2100,1387.361111111111,0.0,1.2000000000000455,0.13888888888891415,0.0,nan,0
2101,1388.5611111111111,1.2000000000000455,0.0,0.13888888888891415,8.639999999998755,36.111111111111114,0
2102,1388.5611111111111,0.0,0.0,0.13888888888891415,0.0,36.111111111111114,0
2103,1388.5611111111111,0.0,2.6666666666667425,0.13888888888891415,0.0,36.111111111111114,0
2104,1391.2277777777779,2.6666666666667425,0.0,0.13888888888891415,19.199999999997054,nan,0
2105,1391.2277777777779,0.0,0.0,0.13888888888891415,0.0,nan,0
2106,1391.2277777777779,0.0,1.1388888888886868,0.13888888888891415,0.0,nan,0
2107,1392.3666666666666,1.1388888888886868,0.07222222222230812,0.13888888888891415,8.199999999997054,177.77777777777777,0
2108,1392.4388888888889,0.07222222222230812,0.8611111111110858,0.13888888888891415,0.5200000000005238,150.0,1
2109,1393.3,0.8611111111110858,0.08888888888895963,0.13888888888891415,6.19999999999869,163.88888888888889,0
2110,1393.388888888889,0.08888888888895963,1.4111111111110404,0.13888888888891415,0.6400000000003929,133.33333333333334,1
2111,1394.8,1.4111111111110404,1.1444444444443889,0.13888888888891415,10.159999999997643,nan,0
2112,1395.9444444444443,1.1444444444443889,0.0,0.13888888888891415,8.239999999998101,105.55555555555556,0
2113,1395.9444444444443,0.0,0.8444444444444343,0.13888888888891415,0.0,105.55555555555556,1
2114,1396.7888888888888,0.8444444444444343,1.4944444444445253,0.13888888888891415,6.0799999999988215,130.55555555555554,0
2115,1398.2833333333333,1.4944444444445253,0.0,0.13888888888891415,10.759999999998625,nan,0
2116,1398.2833333333333,0.0,1.216666666666697,0.13888888888891415,0.0,nan,0
2117,1399.5,1.216666666666697,0.9055555555555657,0.13888888888891415,8.759999999998625,58.333333333333336,0
2118,1400.4055555555556,0.9055555555555657,1.6611111111110404,0.13888888888891415,6.519999999998887,194.44444444444446,0
2119,1402.0666666666666,1.6611111111110404,0.0,0.13888888888891415,11.959999999997315,nan,0
2120,1402.0666666666666,0.0,1.1888888888888687,0.13888888888891415,0.0,nan,0
2121,1403.2555555555555,1.1888888888888687,0.0,0.13888888888891415,8.559999999998297,144.44444444444446,0
2122,1403.2555555555555,0.0,0.0,0.13888888888891415,0.0,144.44444444444446,1
2123,1403.2555555555555,0.0,0.8722222222222626,0.13888888888891415,0.0,144.44444444444446,1
2124,1404.1277777777777,0.8722222222222626,1.6888888888888687,0.13888888888891415,6.2799999999991485,163.88888888888889,0
2125,1405.8166666666666,1.6888888888888687,0.0,0.13888888888891415,12.159999999997643,nan,0
2126,1405.8166666666666,0.0,1.1000000000001364,0.13888888888891415,0.0,nan,0
2127,1406.9166666666667,1.1000000000001364,0.0,0.13888888888891415,7.919999999999542,166.66666666666666,0
2128,1406.9166666666667,0.0,0.08333333333325754,0.13888888888891415,0.0,166.66666666666666,1
2129,1407.0,0.08333333333325754,0.8333333333332575,0.13888888888891415,0.5999999999993452,150.0,1
2130,1407.8333333333333,0.8333333333332575,0.027777777777828305,0.13888888888891415,5.999999999998363,138.88888888888889,0
2131,1407.861111111111,0.027777777777828305,1.433333333333394,0.13888888888891415,0.20000000000032742,136.11111111111111,1
2132,1409.2944444444445,1.433333333333394,0.03333333333330302,0.13888888888891415,10.31999999999856,nan,0
2133,1409.3277777777778,0.03333333333330302,0.0,0.13888888888891415,0.23999999999973806,nan,0
2134,1409.3277777777778,0.0,1.216666666666697,0.13888888888891415,0.0,nan,0
2135,1410.5444444444445,1.216666666666697,0.0,0.13888888888891415,8.759999999998625,144.44444444444446,0
2136,1410.5444444444445,0.0,0.0,0.13888888888891415,0.0,144.44444444444446,1
2137,1410.5444444444445,0.0,0.9611111111109949,0.13888888888891415,0.0,144.44444444444446,1
2138,1411.5055555555555,0.9611111111109949,0.10000000000013642,0.13888888888891415,6.919999999997905,180.55555555555554,0
2139,1411.6055555555556,0.10000000000013642,1.5444444444444798,0.13888888888891415,0.7200000000008513,144.44444444444446,1
2140,1413.15,1.5444444444444798,0.06666666666660603,0.13888888888891415,11.119999999998232,nan,0
2141,1413.2166666666667,0.06666666666660603,1.2444444444445253,0.13888888888891415,0.4799999999994761,nan,0
2142,1414.4611111111112,1.2444444444445253,0.0,0.13888888888891415,8.959999999998953,144.44444444444446,0
2143,1414.4611111111112,0.0,0.0,0.13888888888891415,0.0,144.44444444444446,1
2144,1414.4611111111112,0.0,0.8777777777777374,0.13888888888891415,0.0,144.44444444444446,1
2145,1415.338888888889,0.8777777777777374,1.5944444444444343,0.13888888888891415,6.31999999999856,172.22222222222223,0
2146,1416.9333333333334,1.5944444444444343,0.0,0.13888888888891415,11.479999999997839,nan,0
2147,1416.9333333333334,0.0,1.1722222222222172,0.13888888888891415,0.0,nan,0
2148,1418.1055555555556,1.1722222222222172,0.0,0.13888888888891415,8.43999999999843,122.22222222222223,0
2149,1418.1055555555556,0.0,0.0,0.13888888888891415,0.0,122.22222222222223,1
2150,1418.1055555555556,0.0,0.8666666666665606,0.13888888888891415,0.0,122.22222222222223,1
2151,1418.9722222222222,0.8666666666665606,0.022222222222353594,0.13888888888891415,6.239999999998101,136.11111111111111,0
2152,1418.9944444444445,0.022222222222353594,1.4833333333333485,0.13888888888891415,0.16000000000091677,136.11111111111111,1
2153,1420.4777777777779,1.4833333333333485,0.06111111111090395,0.13888888888891415,10.679999999998167,nan,0
2154,1420.5388888888888,0.06111111111090395,1.1444444444446162,0.13888888888891415,0.43999999999842837,nan,0
2155,1421.6833333333334,1.1444444444446162,0.0,0.13888888888891415,8.239999999999737,111.11111111111111,0
2156,1421.6833333333334,0.0,0.0,0.13888888888891415,0.0,111.11111111111111,1
2157,1421.6833333333334,0.0,0.8888888888889142,0.13888888888891415,0.0,111.11111111111111,1
2158,1422.5722222222223,0.8888888888889142,0.09444444444443434,0.13888888888891415,6.399999999999018,152.77777777777777,0
2159,1422.6666666666667,0.09444444444443434,1.6222222222220353,0.13888888888891415,0.6799999999998035,133.33333333333334,1
2160,1424.2888888888888,1.6222222222220353,0.0,0.13888888888891415,11.679999999996529,nan,0
2161,1424.2888888888888,0.0,0.0,0.13888888888891415,0.0,nan,0
2162,1424.2888888888888,0.0,1.25,0.13888888888891415,0.0,nan,0
2163,1425.5388888888888,1.25,0.0,0.13888888888891415,8.999999999998362,144.44444444444446,0
2164,1425.5388888888888,0.0,0.0,0.13888888888891415,0.0,144.44444444444446,1
2165,1425.5388888888888,0.0,0.966666666666697,0.13888888888891415,0.0,144.44444444444446,1
2166,1426.5055555555555,0.966666666666697,0.0,0.13888888888891415,6.959999999998952,147.22222222222223,0
2167,1426.5055555555555,0.0,1.7277777777778738,0.13888888888891415,0.0,147.22222222222223,1
2168,1428.2333333333333,1.7277777777778738,0.0,0.13888888888891415,12.43999999999843,nan,0
2169,1428.2333333333333,0.0,0.0,0.13888888888891415,0.0,nan,0
2170,1428.2333333333333,0.0,1.133333333333212,0.13888888888891415,0.0,nan,0
2171,1429.3666666666666,1.133333333333212,0.0,0.13888888888891415,8.159999999997643,166.66666666666666,0
2172,1429.3666666666666,0.0,0.07777777777778283,0.13888888888891415,0.0,166.66666666666666,1
2173,1429.4444444444443,0.07777777777778283,0.9055555555555657,0.13888888888891415,0.5599999999999346,144.44444444444446,1
2174,1430.35,0.9055555555555657,0.0,0.13888888888891415,6.519999999998887,147.22222222222223,0
2175,1430.35,0.0,0.08888888888895963,0.13888888888891415,0.0,147.22222222222223,1
2176,1430.4388888888889,0.08888888888895963,1.4277777777776919,0.13888888888891415,0.6400000000003929,116.66666666666667,1
2177,1431.8666666666666,1.4277777777776919,0.0,0.13888888888891415,10.279999999997512,nan,0
2178,1431.8666666666666,0.0,0.0,0.13888888888891415,0.0,nan,0
2179,1431.8666666666666,0.0,1.1333333333334394,0.13888888888891415,0.0,nan,0
2180,1433.0,1.1333333333334394,0.0,0.13888888888891415,8.159999999999279,138.88888888888889,0
2181,1433.0,0.0,0.0,0.13888888888891415,0.0,138.88888888888889,1
2182,1433.0,0.0,0.8833333333334394,0.13888888888891415,0.0,138.88888888888889,1
2183,1433.8833333333334,0.8833333333334394,0.0,0.13888888888891415,6.359999999999607,147.22222222222223,0
2184,1433.8833333333334,0.0,0.08888888888873225,0.13888888888891415,0.0,147.22222222222223,1
2185,1433.9722222222222,0.08888888888873225,1.7444444444445253,0.13888888888891415,0.6399999999987558,150.0,1
2186,1435.7166666666667,1.7444444444445253,0.0,0.13888888888891415,12.559999999998297,nan,0
2187,1435.7166666666667,0.0,1.1722222222222172,0.13888888888891415,0.0,nan,0
2188,1436.888888888889,1.1722222222222172,0.08333333333325754,0.13888888888891415,8.43999999999843,175.0,0
2189,1436.9722222222222,0.08333333333325754,0.9722222222221717,0.13888888888891415,0.5999999999993452,150.0,1
2190,1437.9444444444443,0.9722222222221717,0.10000000000013642,0.13888888888891415,6.999999999998363,180.55555555555554,0
2191,1438.0444444444445,0.10000000000013642,1.5499999999999545,0.13888888888891415,0.7200000000008513,116.66666666666667,1
2192,1439.5944444444444,1.5499999999999545,0.0,0.13888888888891415,11.159999999997643,nan,0
2193,1439.5944444444444,0.0,1.216666666666697,0.13888888888891415,0.0,nan,0
2194,1440.8111111111111,1.216666666666697,0.0,0.13888888888891415,8.759999999998625,144.44444444444446,0
2195,1440.8111111111111,0.0,0.9500000000000455,0.13888888888891415,0.0,144.44444444444446,1
2196,1441.7611111111112,0.9500000000000455,0.08333333333325754,0.13888888888891415,6.839999999999083,163.88888888888889,0
2197,1441.8444444444444,0.08333333333325754,1.4388888888888687,0.13888888888891415,0.5999999999993452,144.44444444444446,1
2198,1443.2833333333333,1.4388888888888687,0.0,0.13888888888891415,10.35999999999797,nan,0
2199,1443.2833333333333,0.0,0.0,0.13888888888891415,0.0,nan,0
2200,1443.2833333333333,0.0,1.1555555555555657,0.13888888888891415,0.0,nan,0
2201,1444.4388888888889,1.1555555555555657,0.0,0.13888888888891415,8.31999999999856,72.22222222222223,0
2202,1444.4388888888889,0.0,0.0,0.13888888888891415,0.0,72.22222222222223,0
2203,1444.4388888888889,0.0,0.8055555555556566,0.13888888888891415,0.0,72.22222222222223,0
2204,1445.2444444444445,0.8055555555556566,0.0,0.13888888888891415,5.799999999999673,125.0,0
2205,1445.2444444444445,0.0,0.08888888888873225,0.13888888888891415,0.0,125.0,1
2206,1445.3333333333333,0.08888888888873225,1.583333333333485,0.13888888888891415,0.6399999999987558,94.44444444444444,0
2207,1446.9166666666667,1.583333333333485,0.0,0.13888888888891415,11.399999999999018,nan,0
2208,1446.9166666666667,0.0,0.0,0.13888888888891415,0.0,nan,0
2209,1446.9166666666667,0.0,1.244444444444298,0.13888888888891415,0.0,nan,0
2210,1448.161111111111,1.244444444444298,0.0,0.13888888888891415,8.959999999997315,116.66666666666667,0
2211,1448.161111111111,0.0,0.9277777777779193,0.13888888888891415,0.0,116.66666666666667,1
2212,1449.088888888889,0.9277777777779193,0.0,0.13888888888891415,6.679999999999803,169.44444444444446,0
2213,1449.088888888889,0.0,0.08888888888873225,0.13888888888891415,0.0,169.44444444444446,1
2214,1449.1777777777777,0.08888888888873225,1.6055555555556111,0.13888888888891415,0.6399999999987558,144.44444444444446,1
2215,1450.7833333333333,1.6055555555556111,0.0,0.13888888888891415,11.559999999998297,nan,0
2216,1450.7833333333333,0.0,0.0,0.13888888888891415,0.0,nan,0
2217,1450.7833333333333,0.0,1.183333333333394,0.13888888888891415,0.0,nan,0
2218,1451.9666666666667,1.183333333333394,0.0,0.13888888888891415,8.519999999998888,77.77777777777777,0
2219,1451.9666666666667,0.0,0.0,0.13888888888891415,0.0,77.77777777777777,0
2220,1451.9666666666667,0.0,0.9111111111110404,0.13888888888891415,0.0,77.77777777777777,0
2221,1452.8777777777777,0.9111111111110404,1.5111111111111768,0.13888888888891415,6.559999999998298,147.22222222222223,0
2222,1454.388888888889,1.5111111111111768,0.06111111111113132,0.13888888888891415,10.879999999998494,nan,0
2223,1454.45,0.06111111111113132,1.1888888888888687,0.13888888888891415,0.4400000000000655,nan,0
2224,1455.638888888889,1.1888888888888687,0.8777777777777374,0.13888888888891415,8.559999999998297,88.88888888888889,0
2225,1456.5166666666667,0.8777777777777374,0.01666666666665151,0.13888888888891415,6.31999999999856,141.66666666666666,0
2226,1456.5333333333333,0.01666666666665151,1.5611111111111313,0.13888888888891415,0.11999999999986903,141.66666666666666,1
2227,1458.0944444444444,1.5611111111111313,0.0,0.13888888888891415,11.239999999998101,nan,0
2228,1458.0944444444444,0.0,1.2222222222221717,0.13888888888891415,0.0,nan,0
2229,1459.3166666666666,1.2222222222221717,0.9055555555555657,0.13888888888891415,8.799999999998036,83.33333333333333,0
2230,1460.2222222222222,0.9055555555555657,0.03333333333330302,0.13888888888891415,6.519999999998887,163.88888888888889,0
2231,1460.2555555555555,0.03333333333330302,1.6666666666667425,0.13888888888891415,0.23999999999973806,194.44444444444446,1
2232,1461.9222222222222,1.6666666666667425,0.0,0.13888888888891415,11.999999999998362,nan,0
2233,1461.9222222222222,0.0,1.183333333333394,0.13888888888891415,0.0,nan,0
2234,1463.1055555555556,1.183333333333394,0.0,0.13888888888891415,8.519999999998888,94.44444444444444,0
2235,1463.1055555555556,0.0,0.0,0.13888888888891415,0.0,94.44444444444444,0
2236,1463.1055555555556,0.0,0.9333333333331666,0.13888888888891415,0.0,94.44444444444444,0
2237,1464.0388888888888,0.9333333333331666,0.07777777777778283,0.13888888888891415,6.719999999997577,183.33333333333334,0
2238,1464.1166666666666,0.07777777777778283,1.5444444444444798,0.13888888888891415,0.5599999999999346,133.33333333333334,1
2239,1465.661111111111,1.5444444444444798,0.0,0.13888888888891415,11.119999999998232,nan,0
2240,1465.661111111111,0.0,0.0,0.13888888888891415,0.0,nan,0
2241,1465.661111111111,0.0,1.1722222222222172,0.13888888888891415,0.0,nan,0
2242,1466.8333333333333,1.1722222222222172,0.0,0.13888888888891415,8.43999999999843,105.55555555555556,0
2243,1466.8333333333333,0.0,0.0,0.13888888888891415,0.0,105.55555555555556,1
2244,1466.8333333333333,0.0,0.8722222222222626,0.13888888888891415,0.0,105.55555555555556,1
2245,1467.7055555555555,0.8722222222222626,0.07777777777778283,0.13888888888891415,6.2799999999991485,180.55555555555554,0
2246,1467.7833333333333,0.07777777777778283,1.3777777777777374,0.13888888888891415,0.5599999999999346,138.88888888888889,1
2247,1469.161111111111,1.3777777777777374,0.16666666666674246,0.13888888888891415,9.919999999997904,25.0,0
2248,1469.3277777777778,0.16666666666674246,1.1722222222222172,0.13888888888891415,1.2000000000003275,nan,0
2249,1470.5,1.1722222222222172,1.0388888888887777,0.13888888888891415,8.43999999999843,147.22222222222223,0
2250,1471.5388888888888,1.0388888888887777,0.0,0.13888888888891415,7.479999999997839,141.66666666666666,0
2251,1471.5388888888888,0.0,1.8722222222222626,0.13888888888891415,0.0,141.66666666666666,1
2252,1473.411111111111,1.8722222222222626,0.0,0.13888888888891415,13.479999999997839,nan,0
2253,1473.411111111111,0.0,0.0,0.13888888888891415,0.0,nan,0
2254,1473.411111111111,0.0,1.1055555555556111,0.13888888888891415,0.0,nan,0
2255,1474.5166666666667,1.1055555555556111,1.0111111111111768,0.13888888888891415,7.959999999998952,177.77777777777777,0
2256,1475.5277777777778,1.0111111111111768,0.08333333333325754,0.13888888888891415,7.2799999999991485,183.33333333333334,0
2257,1475.611111111111,0.08333333333325754,1.5222222222223536,0.13888888888891415,0.5999999999993452,150.0,1
2258,1477.1333333333334,1.5222222222223536,1.1499999999998636,0.13888888888891415,10.959999999998953,nan,0
2259,1478.2833333333333,1.1499999999998636,0.900000000000091,0.13888888888891415,8.279999999997512,88.88888888888889,0
2260,1479.1833333333334,0.900000000000091,0.08333333333325754,0.13888888888891415,6.479999999999476,152.77777777777777,0
2261,1479.2666666666667,0.08333333333325754,1.5166666666666515,0.13888888888891415,0.5999999999993452,133.33333333333334,1
2262,1480.7833333333333,1.5166666666666515,0.027777777777828305,0.13888888888891415,10.919999999997904,nan,0
2263,1480.8111111111111,0.027777777777828305,1.1611111111110404,0.13888888888891415,0.20000000000032742,nan,0
2264,1481.9722222222222,1.1611111111110404,0.0,0.13888888888891415,8.35999999999797,188.88888888888889,0
2265,1481.9722222222222,0.0,0.07222222222230812,0.13888888888891415,0.0,188.88888888888889,1
2266,1482.0444444444445,0.07222222222230812,0.8555555555556111,0.13888888888891415,0.5200000000005238,155.55555555555554,1
2267,1482.9,0.8555555555556111,1.8611111111110858,0.13888888888891415,6.15999999999928,163.88888888888889,0
2268,1484.7611111111112,1.8611111111110858,1.1944444444443434,0.13888888888891415,13.39999999999738,nan,0
2269,1485.9555555555555,1.1944444444443434,0.9833333333333485,0.13888888888891415,8.599999999997708,147.22222222222223,0
2270,1486.9388888888889,0.9833333333333485,0.08333333333325754,0.13888888888891415,7.0799999999988215,119.44444444444444,0
2271,1487.0222222222221,0.08333333333325754,1.583333333333485,0.13888888888891415,0.5999999999993452,144.44444444444446,1
2272,1488.6055555555556,1.583333333333485,1.1555555555555657,0.13888888888891415,11.399999999999018,nan,0
2273,1489.7611111111112,1.1555555555555657,0.0,0.13888888888891415,8.31999999999856,138.88888888888889,0
2274,1489.7611111111112,0.0,0.0,0.13888888888891415,0.0,138.88888888888889,1
2275,1489.7611111111112,0.0,0.8833333333332121,0.13888888888891415,0.0,138.88888888888889,1
2276,1490.6444444444444,0.8833333333332121,0.07777777777778283,0.13888888888891415,6.35999999999797,194.44444444444446,0
2277,1490.7222222222222,0.07777777777778283,1.5499999999999545,0.13888888888891415,0.5599999999999346,144.44444444444446,1
2278,1492.2722222222221,1.5499999999999545,0.0,0.13888888888891415,11.159999999997643,nan,0
2279,1492.2722222222221,0.0,1.1666666666667425,0.13888888888891415,0.0,nan,0
2280,1493.4388888888889,1.1666666666667425,0.0,0.13888888888891415,8.399999999999018,144.44444444444446,0
2281,1493.4388888888889,0.0,0.0,0.13888888888891415,0.0,144.44444444444446,1
2282,1493.4388888888889,0.0,0.8888888888889142,0.13888888888891415,0.0,144.44444444444446,1
2283,1494.3277777777778,0.8888888888889142,0.08888888888895963,0.13888888888891415,6.399999999999018,191.66666666666666,0
2284,1494.4166666666667,0.08888888888895963,1.6388888888889142,0.13888888888891415,0.6400000000003929,150.0,1
2285,1496.0555555555557,1.6388888888889142,0.0,0.13888888888891415,11.799999999998036,nan,0
2286,1496.0555555555557,0.0,0.0,0.13888888888891415,0.0,nan,0
2287,1496.0555555555557,0.0,1.2555555555554747,0.13888888888891415,0.0,nan,0
2288,1497.3111111111111,1.2555555555554747,0.0,0.13888888888891415,9.039999999997773,127.77777777777777,0
2289,1497.3111111111111,0.0,0.0,0.13888888888891415,0.0,127.77777777777777,1
2290,1497.3111111111111,0.0,0.8611111111110858,0.13888888888891415,0.0,127.77777777777777,1
2291,1498.1722222222222,0.8611111111110858,0.07777777777778283,0.13888888888891415,6.19999999999869,186.11111111111111,0
2292,1498.25,0.07777777777778283,1.599999999999909,0.13888888888891415,0.5599999999999346,138.88888888888889,1
2293,1499.85,1.599999999999909,0.0,0.13888888888891415,11.51999999999725,nan,0
2294,1499.85,0.0,1.25,0.13888888888891415,0.0,nan,0
2295,1501.1,1.25,0.0,0.13888888888891415,8.999999999998362,133.33333333333334,0
2296,1501.1,0.0,0.8722222222222626,0.13888888888891415,0.0,133.33333333333334,1
2297,1501.9722222222222,0.8722222222222626,0.08333333333348492,0.13888888888891415,6.2799999999991485,186.11111111111111,0
2298,1502.0555555555557,0.08333333333348492,1.4777777777776464,0.13888888888891415,0.6000000000009823,150.0,1
2299,1503.5333333333333,1.4777777777776464,0.12222222222226264,0.13888888888891415,10.63999999999712,nan,0
2300,1503.6555555555556,0.12222222222226264,1.1277777777777374,0.13888888888891415,0.880000000000131,nan,0
2301,1504.7833333333333,1.1277777777777374,0.0,0.13888888888891415,8.119999999998232,133.33333333333334,0
2302,1504.7833333333333,0.0,0.0,0.13888888888891415,0.0,133.33333333333334,1
2303,1504.7833333333333,0.0,0.8666666666667879,0.13888888888891415,0.0,133.33333333333334,1
2304,1505.65,0.8666666666667879,0.08888888888873225,0.13888888888891415,6.239999999999738,158.33333333333334,0
2305,1505.7388888888888,0.08888888888873225,1.616666666666788,0.13888888888891415,0.6399999999987558,144.44444444444446,1
2306,1507.3555555555556,1.616666666666788,0.0,0.13888888888891415,11.639999999998755,nan,0
2307,1507.3555555555556,0.0,0.0,0.13888888888891415,0.0,nan,0
2308,1507.3555555555556,0.0,1.283333333333303,0.13888888888891415,0.0,nan,0
2309,1508.638888888889,1.283333333333303,0.0,0.13888888888891415,9.239999999998101,144.44444444444446,0
2310,1508.638888888889,0.0,0.0,0.13888888888891415,0.0,144.44444444444446,1
2311,1508.638888888889,0.0,0.9055555555555657,0.13888888888891415,0.0,144.44444444444446,1
2312,1509.5444444444445,0.9055555555555657,0.07777777777778283,0.13888888888891415,6.519999999998887,141.66666666666666,0
2313,1509.6222222222223,0.07777777777778283,1.6499999999998636,0.13888888888891415,0.5599999999999346,150.0,1
2314,1511.2722222222221,1.6499999999998636,0.0,0.13888888888891415,11.879999999996857,nan,0
2315,1511.2722222222221,0.0,0.0,0.13888888888891415,0.0,nan,0
2316,1511.2722222222221,0.0,1.216666666666697,0.13888888888891415,0.0,nan,0
2317,1512.4888888888888,1.216666666666697,0.0,0.13888888888891415,8.759999999998625,144.44444444444446,0
2318,1512.4888888888888,0.0,0.0,0.13888888888891415,0.0,144.44444444444446,1
2319,1512.4888888888888,0.0,0.933333333333394,0.13888888888891415,0.0,144.44444444444446,1
2320,1513.4222222222222,0.933333333333394,0.0,0.13888888888891415,6.719999999999215,155.55555555555554,0
2321,1513.4222222222222,0.0,1.6666666666667425,0.13888888888891415,0.0,155.55555555555554,1
2322,1515.088888888889,1.6666666666667425,0.0,0.13888888888891415,11.999999999998362,nan,0
2323,1515.088888888889,0.0,0.0,0.13888888888891415,0.0,nan,0
2324,1515.088888888889,0.0,1.1277777777777374,0.13888888888891415,0.0,nan,0
2325,1516.2166666666667,1.1277777777777374,0.0,0.13888888888891415,8.119999999998232,155.55555555555554,0
2326,1516.2166666666667,0.0,0.08333333333325754,0.13888888888891415,0.0,155.55555555555554,1
2327,1516.3,0.08333333333325754,0.8555555555556111,0.13888888888891415,0.5999999999993452,144.44444444444446,1
2328,1517.1555555555556,0.8555555555556111,0.0,0.13888888888891415,6.15999999999928,152.77777777777777,0
2329,1517.1555555555556,0.0,0.08333333333325754,0.13888888888891415,0.0,152.77777777777777,1
2330,1517.2388888888888,0.08333333333325754,1.6222222222222626,0.13888888888891415,0.5999999999993452,150.0,1
2331,1518.861111111111,1.6222222222222626,0.0,0.13888888888891415,11.679999999998167,nan,0
2332,1518.861111111111,0.0,0.0,0.13888888888891415,0.0,nan,0
2333,1518.861111111111,0.0,1.1888888888888687,0.13888888888891415,0.0,nan,0
2334,1520.05,1.1888888888888687,0.0,0.13888888888891415,8.559999999998297,188.88888888888889,0
2335,1520.05,0.0,0.07222222222230812,0.13888888888891415,0.0,188.88888888888889,1
2336,1520.1222222222223,0.07222222222230812,0.9055555555555657,0.13888888888891415,0.5200000000005238,150.0,1
2337,1521.0277777777778,0.9055555555555657,0.0,0.13888888888891415,6.519999999998887,130.55555555555554,0
2338,1521.0277777777778,0.0,0.08888888888873225,0.13888888888891415,0.0,130.55555555555554,1
2339,1521.1166666666666,0.08888888888873225,1.616666666666788,0.13888888888891415,0.6399999999987558,144.44444444444446,1
2340,1522.7333333333333,1.616666666666788,0.0,0.13888888888891415,11.639999999998755,nan,0
2341,1522.7333333333333,0.0,1.2222222222221717,0.13888888888891415,0.0,nan,0
2342,1523.9555555555555,1.2222222222221717,0.0,0.13888888888891415,8.799999999998036,144.44444444444446,0
2343,1523.9555555555555,0.0,0.0,0.13888888888891415,0.0,144.44444444444446,1
2344,1523.9555555555555,0.0,0.9055555555555657,0.13888888888891415,0.0,144.44444444444446,1
2345,1524.861111111111,0.9055555555555657,0.09444444444443434,0.13888888888891415,6.519999999998887,197.22222222222223,0
2346,1524.9555555555555,0.09444444444443434,1.5611111111111313,0.13888888888891415,0.6799999999998035,150.0,1
2347,1526.5166666666667,1.5611111111111313,0.09444444444443434,0.13888888888891415,11.239999999998101,nan,0
2348,1526.611111111111,0.09444444444443434,1.066666666666606,0.13888888888891415,0.6799999999998035,nan,0
2349,1527.6777777777777,1.066666666666606,0.0,0.13888888888891415,7.6799999999981665,144.44444444444446,0
2350,1527.6777777777777,0.0,0.0,0.13888888888891415,0.0,144.44444444444446,1
2351,1527.6777777777777,0.0,0.8722222222222626,0.13888888888891415,0.0,144.44444444444446,1
2352,1528.55,0.8722222222222626,0.01666666666665151,0.13888888888891415,6.2799999999991485,166.66666666666666,0
2353,1528.5666666666666,0.01666666666665151,1.5277777777778283,0.13888888888891415,0.11999999999986903,172.22222222222223,1
2354,1530.0944444444444,1.5277777777778283,1.2333333333333485,0.13888888888891415,10.999999999998362,nan,0
2355,1531.3277777777778,1.2333333333333485,0.0,0.13888888888891415,8.879999999998494,83.33333333333333,0
2356,1531.3277777777778,0.0,0.0,0.13888888888891415,0.0,83.33333333333333,0
2357,1531.3277777777778,0.0,0.9222222222222172,0.13888888888891415,0.0,83.33333333333333,0
2358,1532.25,0.9222222222222172,1.6111111111110858,0.13888888888891415,6.639999999998756,152.77777777777777,0
2359,1533.861111111111,1.6111111111110858,0.0,0.13888888888891415,11.599999999997708,nan,0
2360,1533.861111111111,0.0,0.0,0.13888888888891415,0.0,nan,0
2361,1533.861111111111,0.0,1.2111111111112223,0.13888888888891415,0.0,nan,0
2362,1535.0722222222223,1.2111111111112223,0.0,0.13888888888891415,8.719999999999214,111.11111111111111,0
2363,1535.0722222222223,0.0,0.8777777777777374,0.13888888888891415,0.0,111.11111111111111,1
2364,1535.95,0.8777777777777374,1.7388888888888232,0.13888888888891415,6.31999999999856,169.44444444444446,0
2365,1537.6888888888889,1.7388888888888232,1.1055555555556111,0.13888888888891415,12.51999999999725,nan,0
2366,1538.7944444444445,1.1055555555556111,0.9888888888888232,0.13888888888891415,7.959999999998952,186.11111111111111,0
2367,1539.7833333333333,0.9888888888888232,1.5166666666666515,0.13888888888891415,7.119999999998232,191.66666666666666,0
2368,1541.3,1.5166666666666515,0.0,0.13888888888891415,10.919999999997904,nan,0
2369,1541.3,0.0,1.2000000000000455,0.13888888888891415,0.0,nan,0
2370,1542.5,1.2000000000000455,0.0,0.13888888888891415,8.639999999998755,133.33333333333334,0
2371,1542.5,0.0,0.0,0.13888888888891415,0.0,133.33333333333334,1
2372,1542.5,0.0,0.8833333333334394,0.13888888888891415,0.0,133.33333333333334,1
2373,1543.3833333333334,0.8833333333334394,0.08333333333325754,0.13888888888891415,6.359999999999607,191.66666666666666,0
2374,1543.4666666666667,0.08333333333325754,1.6277777777777374,0.13888888888891415,0.5999999999993452,144.44444444444446,1
2375,1545.0944444444444,1.6277777777777374,0.0,0.13888888888891415,11.719999999997578,nan,0
2376,1545.0944444444444,0.0,0.0,0.13888888888891415,0.0,nan,0
2377,1545.0944444444444,0.0,1.2555555555554747,0.13888888888891415,0.0,nan,0
2378,1546.35,1.2555555555554747,0.0,0.13888888888891415,9.039999999997773,144.44444444444446,0
2379,1546.35,0.0,0.0,0.13888888888891415,0.0,144.44444444444446,1
2380,1546.35,0.0,0.8722222222222626,0.13888888888891415,0.0,144.44444444444446,1
2381,1547.2222222222222,0.8722222222222626,0.005555555555702085,0.13888888888891415,6.2799999999991485,197.22222222222223,0
2382,1547.2277777777779,0.005555555555702085,0.08333333333325754,0.13888888888891415,0.04000000000104774,191.66666666666666,1
2383,1547.3111111111111,0.08333333333325754,1.4388888888888687,0.13888888888891415,0.5999999999993452,150.0,1
2384,1548.75,1.4388888888888687,0.16666666666674246,0.13888888888891415,10.35999999999797,nan,0
2385,1548.9166666666667,0.16666666666674246,1.0888888888887323,0.13888888888891415,1.2000000000003275,nan,0
2386,1550.0055555555555,1.0888888888887323,0.0,0.13888888888891415,7.839999999997446,177.77777777777777,0
2387,1550.0055555555555,0.0,0.07777777777778283,0.13888888888891415,0.0,177.77777777777777,1
2388,1550.0833333333333,0.07777777777778283,0.8888888888889142,0.13888888888891415,0.5599999999999346,150.0,1
2389,1550.9722222222222,0.8888888888889142,0.08333333333348492,0.13888888888891415,6.399999999999018,172.22222222222223,0
2390,1551.0555555555557,0.08333333333348492,1.461111111110995,0.13888888888891415,0.6000000000009823,133.33333333333334,1
2391,1552.5166666666667,1.461111111110995,0.0,0.13888888888891415,10.51999999999725,nan,0
2392,1552.5166666666667,0.0,1.1777777777776919,0.13888888888891415,0.0,nan,0
2393,1553.6944444444443,1.1777777777776919,0.0,0.13888888888891415,8.479999999997839,144.44444444444446,0
2394,1553.6944444444443,0.0,0.0,0.13888888888891415,0.0,144.44444444444446,1
2395,1553.6944444444443,0.0,0.8777777777779647,0.13888888888891415,0.0,144.44444444444446,1
2396,1554.5722222222223,0.8777777777779647,0.0,0.13888888888891415,6.320000000000197,144.44444444444446,0
2397,1554.5722222222223,0.0,0.08888888888873225,0.13888888888891415,0.0,144.44444444444446,1
2398,1554.661111111111,0.08888888888873225,1.716666666666697,0.13888888888891415,0.6399999999987558,150.0,1
2399,1556.3777777777777,1.716666666666697,0.0,0.13888888888891415,12.35999999999797,nan,0
2400,1556.3777777777777,0.0,1.1277777777777374,0.13888888888891415,0.0,nan,0
2401,1557.5055555555555,1.1277777777777374,0.08888888888895963,0.13888888888891415,8.119999999998232,161.11111111111111,0
2402,1557.5944444444444,0.08888888888895963,0.9111111111110404,0.13888888888891415,0.6400000000003929,127.77777777777777,1
2403,1558.5055555555555,0.9111111111110404,0.0,0.13888888888891415,6.559999999998298,175.0,0
2404,1558.5055555555555,0.0,0.09444444444443434,0.13888888888891415,0.0,175.0,1
2405,1558.6,0.09444444444443434,1.7055555555557476,0.13888888888891415,0.6799999999998035,144.44444444444446,1
2406,1560.3055555555557,1.7055555555557476,0.0,0.13888888888891415,12.279999999999148,nan,0
2407,1560.3055555555557,0.0,1.0944444444444343,0.13888888888891415,0.0,nan,0
2408,1561.4,1.0944444444444343,0.9833333333333485,0.13888888888891415,7.8799999999984935,155.55555555555554,0
2409,1562.3833333333334,0.9833333333333485,0.01666666666665151,0.13888888888891415,7.0799999999988215,186.11111111111111,0
2410,1562.4,0.01666666666665151,1.461111111110995,0.13888888888891415,0.11999999999986903,188.88888888888889,1
2411,1563.861111111111,1.461111111110995,0.03333333333330302,0.13888888888891415,10.51999999999725,nan,0
2412,1563.8944444444444,0.03333333333330302,1.1111111111110858,0.13888888888891415,0.23999999999973806,nan,0
2413,1565.0055555555555,1.1111111111110858,0.0,0.13888888888891415,7.999999999998363,138.88888888888889,0
2414,1565.0055555555555,0.0,0.0,0.13888888888891415,0.0,138.88888888888889,1
2415,1565.0055555555555,0.0,0.8611111111110858,0.13888888888891415,0.0,138.88888888888889,1
2416,1565.8666666666666,0.8611111111110858,0.016666666666878882,0.13888888888891415,6.19999999999869,180.55555555555554,0
2417,1565.8833333333334,0.016666666666878882,1.6111111111110858,0.13888888888891415,0.12000000000150612,180.55555555555554,1
2418,1567.4944444444445,1.6111111111110858,0.0,0.13888888888891415,11.599999999997708,nan,0
2419,1567.4944444444445,0.0,1.2555555555554747,0.13888888888891415,0.0,nan,0
2420,1568.75,1.2555555555554747,0.0,0.13888888888891415,9.039999999997773,138.88888888888889,0
2421,1568.75,0.0,0.0,0.13888888888891415,0.0,138.88888888888889,1
2422,1568.75,0.0,0.9166666666667425,0.13888888888891415,0.0,138.88888888888889,1
2423,1569.6666666666667,0.9166666666667425,0.011111111110949423,0.13888888888891415,6.599999999999345,186.11111111111111,0
2424,1569.6777777777777,0.011111111110949423,0.07222222222230812,0.13888888888891415,0.07999999999882129,211.11111111111111,1
2425,1569.75,0.07222222222230812,1.6888888888888687,0.13888888888891415,0.5200000000005238,150.0,1
2426,1571.4388888888889,1.6888888888888687,1.1111111111110858,0.13888888888891415,12.159999999997643,nan,0
2427,1572.55,1.1111111111110858,0.966666666666697,0.13888888888891415,7.999999999998363,163.88888888888889,0
2428,1573.5166666666667,0.966666666666697,0.0,0.13888888888891415,6.959999999998952,194.44444444444446,0
2429,1573.5166666666667,0.0,0.08888888888895963,0.13888888888891415,0.0,194.44444444444446,1
2430,1573.6055555555556,0.08888888888895963,1.599999999999909,0.13888888888891415,0.6400000000003929,144.44444444444446,1
2431,1575.2055555555555,1.599999999999909,0.03333333333330302,0.13888888888891415,11.51999999999725,nan,0
2432,1575.2388888888888,0.03333333333330302,1.0777777777777828,0.13888888888891415,0.23999999999973806,nan,0
2433,1576.3166666666666,1.0777777777777828,0.011111111111176797,0.13888888888891415,7.759999999998625,166.66666666666666,0
2434,1576.3277777777778,0.011111111111176797,0.07777777777778283,0.13888888888891415,0.08000000000045838,200.0,1
2435,1576.4055555555556,0.07777777777778283,0.7888888888887777,0.13888888888891415,0.5599999999999346,144.44444444444446,1
2436,1577.1944444444443,0.7888888888887777,0.07777777777778283,0.13888888888891415,5.6799999999981665,130.55555555555554,0
2437,1577.2722222222221,0.07777777777778283,1.3777777777779647,0.13888888888891415,0.5599999999999346,88.88888888888889,0
2438,1578.65,1.3777777777779647,0.13888888888868678,0.13888888888891415,9.919999999999542,11.11111111111111,0
2439,1578.7888888888888,0.13888888888868678,1.2444444444445253,0.13888888888891415,0.9999999999983629,nan,0
2440,1580.0333333333333,1.2444444444445253,0.0,0.13888888888891415,8.959999999998953,138.88888888888889,0
2441,1580.0333333333333,0.0,0.0,0.13888888888891415,0.0,138.88888888888889,1
2442,1580.0333333333333,0.0,0.9166666666667425,0.13888888888891415,0.0,138.88888888888889,1
2443,1580.95,0.9166666666667425,0.09444444444443434,0.13888888888891415,6.599999999999345,175.0,0
2444,1581.0444444444445,0.09444444444443434,1.5166666666666515,0.13888888888891415,0.6799999999998035,144.44444444444446,1
2445,1582.5611111111111,1.5166666666666515,0.08888888888895963,0.13888888888891415,10.919999999997904,nan,0
2446,1582.65,0.08888888888895963,1.133333333333212,0.13888888888891415,0.6400000000003929,nan,0
2447,1583.7833333333333,1.133333333333212,0.0,0.13888888888891415,8.159999999997643,127.77777777777777,0
2448,1583.7833333333333,0.0,0.0,0.13888888888891415,0.0,127.77777777777777,1
2449,1583.7833333333333,0.0,0.8611111111110858,0.13888888888891415,0.0,127.77777777777777,1
2450,1584.6444444444444,0.8611111111110858,0.08888888888895963,0.13888888888891415,6.19999999999869,180.55555555555554,0
2451,1584.7333333333333,0.08888888888895963,1.4555555555555202,0.13888888888891415,0.6400000000003929,144.44444444444446,1
2452,1586.1888888888889,1.4555555555555202,0.03333333333330302,0.13888888888891415,10.479999999997839,nan,0
2453,1586.2222222222222,0.03333333333330302,1.1555555555555657,0.13888888888891415,0.23999999999973806,nan,0
2454,1587.3777777777777,1.1555555555555657,0.0,0.13888888888891415,8.31999999999856,150.0,0
2455,1587.3777777777777,0.0,0.0,0.13888888888891415,0.0,150.0,1
2456,1587.3777777777777,0.0,0.8388888888889596,0.13888888888891415,0.0,150.0,1
2457,1588.2166666666667,0.8388888888889596,0.0,0.13888888888891415,6.03999999999941,200.0,0
2458,1588.2166666666667,0.0,0.08333333333325754,0.13888888888891415,0.0,200.0,1
2459,1588.3,0.08333333333325754,1.4222222222222172,0.13888888888891415,0.5999999999993452,155.55555555555554,1
2460,1589.7222222222222,1.4222222222222172,0.15000000000009095,0.13888888888891415,10.239999999998101,11.11111111111111,0
2461,1589.8722222222223,0.15000000000009095,1.2277777777776464,0.13888888888891415,1.0800000000004584,nan,0
2462,1591.1,1.2277777777776464,0.0,0.13888888888891415,8.839999999997445,150.0,0
2463,1591.1,0.0,0.0,0.13888888888891415,0.0,150.0,1
2464,1591.1,0.0,0.9222222222222172,0.13888888888891415,0.0,150.0,1
2465,1592.0222222222221,0.9222222222222172,0.08888888888895963,0.13888888888891415,6.639999999998756,200.0,0
2466,1592.111111111111,0.08888888888895963,1.5111111111111768,0.13888888888891415,0.6400000000003929,144.44444444444446,1
2467,1593.6222222222223,1.5111111111111768,0.0,0.13888888888891415,10.879999999998494,nan,0
2468,1593.6222222222223,0.0,0.0,0.13888888888891415,0.0,nan,0
2469,1593.6222222222223,0.0,1.211111111110995,0.13888888888891415,0.0,nan,0
2470,1594.8333333333333,1.211111111110995,0.0,0.13888888888891415,8.719999999997578,105.55555555555556,0
2471,1594.8333333333333,0.0,0.0,0.13888888888891415,0.0,105.55555555555556,1
2472,1594.8333333333333,0.0,0.8611111111110858,0.13888888888891415,0.0,105.55555555555556,1
2473,1595.6944444444443,0.8611111111110858,0.07777777777778283,0.13888888888891415,6.19999999999869,152.77777777777777,0
2474,1595.7722222222221,0.07777777777778283,1.4611111111112223,0.13888888888891415,0.5599999999999346,116.66666666666667,1
2475,1597.2333333333333,1.4611111111112223,0.0,0.13888888888891415,10.519999999998888,nan,0
2476,1597.2333333333333,0.0,0.0,0.13888888888891415,0.0,nan,0
2477,1597.2333333333333,0.0,1.211111111110995,0.13888888888891415,0.0,nan,0
2478,1598.4444444444443,1.211111111110995,0.0,0.13888888888891415,8.719999999997578,111.11111111111111,0
2479,1598.4444444444443,0.0,0.8277777777777828,0.13888888888891415,0.0,111.11111111111111,1
2480,1599.2722222222221,0.8277777777777828,1.4833333333333485,0.13888888888891415,5.959999999998952,141.66666666666666,0
2481,1600.7555555555555,1.4833333333333485,0.15555555555556566,0.13888888888891415,10.679999999998167,97.22222222222223,0
2482,1600.911111111111,0.15555555555556566,0.0,0.13888888888891415,1.119999999999869,nan,0
2483,1600.911111111111,0.0,1.083333333333485,0.13888888888891415,0.0,nan,0
2484,1601.9944444444445,1.083333333333485,1.0166666666666515,0.13888888888891415,7.799999999999673,172.22222222222223,0
2485,1603.0111111111112,1.0166666666666515,0.0,0.13888888888891415,7.31999999999856,152.77777777777777,0
2486,1603.0111111111112,0.0,0.09999999999990905,0.13888888888891415,0.0,152.77777777777777,1
2487,1603.111111111111,0.09999999999990905,1.7722222222223536,0.13888888888891415,0.7199999999992142,150.0,1
2488,1604.8833333333334,1.7722222222223536,1.1444444444443889,0.13888888888891415,12.759999999998625,nan,0
2489,1606.0277777777778,1.1444444444443889,0.9555555555555202,0.13888888888891415,8.239999999998101,183.33333333333334,0
2490,1606.9833333333333,0.9555555555555202,0.027777777777828305,0.13888888888891415,6.8799999999984935,152.77777777777777,0
2491,1607.0111111111112,0.027777777777828305,1.349999999999909,0.13888888888891415,0.20000000000032742,177.77777777777777,1
2492,1608.361111111111,1.349999999999909,0.14444444444438886,0.13888888888891415,9.719999999997578,11.11111111111111,0
2493,1608.5055555555555,0.14444444444438886,1.1333333333334394,0.13888888888891415,1.0399999999994107,nan,0
2494,1609.638888888889,1.1333333333334394,0.03333333333330302,0.13888888888891415,8.159999999999279,100.0,0
2495,1609.6722222222222,0.03333333333330302,0.0,0.13888888888891415,0.23999999999973806,100.0,1
2496,1609.6722222222222,0.0,0.8388888888889596,0.13888888888891415,0.0,100.0,1
2497,1610.5111111111112,0.8388888888889596,0.02222222222212622,0.13888888888891415,6.03999999999941,144.44444444444446,0
2498,1610.5333333333333,0.02222222222212622,1.3944444444443889,0.13888888888891415,0.1599999999992797,172.22222222222223,1
2499,1611.9277777777777,1.3944444444443889,0.12777777777796473,0.13888888888891415,10.039999999997773,5.555555555555555,0
2500,1612.0555555555557,0.12777777777796473,1.166666666666515,0.13888888888891415,0.9200000000011787,nan,0
2501,1613.2222222222222,1.166666666666515,0.0,0.13888888888891415,8.39999999999738,116.66666666666667,0
2502,1613.2222222222222,0.0,0.0,0.13888888888891415,0.0,116.66666666666667,1
2503,1613.2222222222222,0.0,0.8833333333334394,0.13888888888891415,0.0,116.66666666666667,1
2504,1614.1055555555556,0.8833333333334394,0.011111111110949423,0.13888888888891415,6.359999999999607,186.11111111111111,0
2505,1614.1166666666666,0.011111111110949423,0.07222222222230812,0.13888888888891415,0.07999999999882129,194.44444444444446,1
2506,1614.1888888888889,0.07222222222230812,1.650000000000091,0.13888888888891415,0.5200000000005238,144.44444444444446,1
2507,1615.838888888889,1.650000000000091,0.0,0.13888888888891415,11.879999999998494,nan,0
2508,1615.838888888889,0.0,0.0,0.13888888888891415,0.0,nan,0
2509,1615.838888888889,0.0,1.1444444444443889,0.13888888888891415,0.0,nan,0
2510,1616.9833333333333,1.1444444444443889,0.0,0.13888888888891415,8.239999999998101,183.33333333333334,0
2511,1616.9833333333333,0.0,0.08333333333325754,0.13888888888891415,0.0,183.33333333333334,1
2512,1617.0666666666666,0.08333333333325754,0.933333333333394,0.13888888888891415,0.5999999999993452,150.0,1
2513,1618.0,0.933333333333394,0.08888888888895963,0.13888888888891415,6.719999999999215,169.44444444444446,0
2514,1618.088888888889,0.08888888888895963,1.5499999999999545,0.13888888888891415,0.6400000000003929,138.88888888888889,1
2515,1619.638888888889,1.5499999999999545,0.0,0.13888888888891415,11.159999999997643,nan,0
2516,1619.638888888889,0.0,0.0,0.13888888888891415,0.0,nan,0
2517,1619.638888888889,0.0,1.1944444444443434,0.13888888888891415,0.0,nan,0
2518,1620.8333333333333,1.1944444444443434,0.0,0.13888888888891415,8.599999999997708,150.0,0
2519,1620.8333333333333,0.0,0.0,0.13888888888891415,0.0,150.0,1
2520,1620.8333333333333,0.0,0.8277777777777828,0.13888888888891415,0.0,150.0,1
2521,1621.661111111111,0.8277777777777828,0.07777777777778283,0.13888888888891415,5.959999999998952,136.11111111111111,0
2522,1621.7388888888888,0.07777777777778283,1.3222222222223081,0.13888888888891415,0.5599999999999346,133.33333333333334,1
2523,1623.0611111111111,1.3222222222223081,0.12777777777773736,0.13888888888891415,9.519999999998888,11.11111111111111,0
2524,1623.1888888888889,0.12777777777773736,1.150000000000091,0.13888888888891415,0.9199999999995416,nan,0
2525,1624.338888888889,1.150000000000091,0.0,0.13888888888891415,8.279999999999148,122.22222222222223,0
2526,1624.338888888889,0.0,0.0,0.13888888888891415,0.0,122.22222222222223,1
2527,1624.338888888889,0.0,0.816666666666606,0.13888888888891415,0.0,122.22222222222223,1
2528,1625.1555555555556,0.816666666666606,0.0,0.13888888888891415,5.8799999999984935,177.77777777777777,0
2529,1625.1555555555556,0.0,0.08333333333325754,0.13888888888891415,0.0,177.77777777777777,1
2530,1625.2388888888888,0.08333333333325754,1.5166666666666515,0.13888888888891415,0.5999999999993452,138.88888888888889,1
2531,1626.7555555555555,1.5166666666666515,0.0,0.13888888888891415,10.919999999997904,nan,0
2532,1626.7555555555555,0.0,0.0,0.13888888888891415,0.0,nan,0
2533,1626.7555555555555,0.0,1.2388888888890506,0.13888888888891415,0.0,nan,0
2534,1627.9944444444445,1.2388888888890506,0.0,0.13888888888891415,8.919999999999542,100.0,0
2535,1627.9944444444445,0.0,0.9222222222222172,0.13888888888891415,0.0,100.0,1
2536,1628.9166666666667,0.9222222222222172,0.09444444444443434,0.13888888888891415,6.639999999998756,163.88888888888889,0
2537,1629.0111111111112,0.09444444444443434,1.4777777777776464,0.13888888888891415,0.6799999999998035,127.77777777777777,1
2538,1630.4888888888888,1.4777777777776464,0.0,0.13888888888891415,10.63999999999712,nan,0
2539,1630.4888888888888,0.0,0.0,0.13888888888891415,0.0,nan,0
2540,1630.4888888888888,0.0,1.1611111111112677,0.13888888888891415,0.0,nan,0
2541,1631.65,1.1611111111112677,0.0,0.13888888888891415,8.359999999999607,111.11111111111111,0
2542,1631.65,0.0,0.8666666666665606,0.13888888888891415,0.0,111.11111111111111,1
2543,1632.5166666666667,0.8666666666665606,0.06666666666660603,0.13888888888891415,6.239999999998101,158.33333333333334,0
2544,1632.5833333333333,0.06666666666660603,1.5944444444444343,0.13888888888891415,0.4799999999994761,161.11111111111111,1
2545,1634.1777777777777,1.5944444444444343,1.150000000000091,0.13888888888891415,11.479999999997839,nan,0
2546,1635.3277777777778,1.150000000000091,0.0,0.13888888888891415,8.279999999999148,150.0,0
2547,1635.3277777777778,0.0,0.0,0.13888888888891415,0.0,150.0,1
2548,1635.3277777777778,0.0,0.8833333333334394,0.13888888888891415,0.0,150.0,1
2549,1636.2111111111112,0.8833333333334394,1.5499999999999545,0.13888888888891415,6.359999999999607,188.88888888888889,0
2550,1637.7611111111112,1.5499999999999545,1.2055555555555202,0.13888888888891415,11.159999999997643,nan,0
2551,1638.9666666666667,1.2055555555555202,0.0,0.13888888888891415,8.679999999998167,150.0,0
2552,1638.9666666666667,0.0,0.0,0.13888888888891415,0.0,150.0,1
2553,1638.9666666666667,0.0,0.9166666666667425,0.13888888888891415,0.0,150.0,1
2554,1639.8833333333334,0.9166666666667425,0.08333333333325754,0.13888888888891415,6.599999999999345,158.33333333333334,0
2555,1639.9666666666667,0.08333333333325754,1.533333333333303,0.13888888888891415,0.5999999999993452,111.11111111111111,1
2556,1641.5,1.533333333333303,0.0,0.13888888888891415,11.039999999997773,nan,0
2557,1641.5,0.0,1.2222222222221717,0.13888888888891415,0.0,nan,0
2558,1642.7222222222222,1.2222222222221717,0.0,0.13888888888891415,8.799999999998036,111.11111111111111,0
2559,1642.7222222222222,0.0,0.0,0.13888888888891415,0.0,111.11111111111111,1
2560,1642.7222222222222,0.0,0.8611111111110858,0.13888888888891415,0.0,111.11111111111111,1
2561,1643.5833333333333,0.8611111111110858,0.022222222222353594,0.13888888888891415,6.19999999999869,119.44444444444444,0
2562,1643.6055555555556,0.022222222222353594,1.3944444444443889,0.13888888888891415,0.16000000000091677,119.44444444444444,1
2563,1645.0,1.3944444444443889,0.17777777777769188,0.13888888888891415,10.039999999997773,nan,0
2564,1645.1777777777777,0.17777777777769188,1.1333333333334394,0.13888888888891415,1.2799999999991487,nan,0
2565,1646.3111111111111,1.1333333333334394,0.0,0.13888888888891415,8.159999999999279,127.77777777777777,0
2566,1646.3111111111111,0.0,0.0,0.13888888888891415,0.0,127.77777777777777,1
2567,1646.3111111111111,0.0,0.8666666666665606,0.13888888888891415,0.0,127.77777777777777,1
2568,1647.1777777777777,0.8666666666665606,0.0,0.13888888888891415,6.239999999998101,186.11111111111111,0
2569,1647.1777777777777,0.0,1.5555555555556566,0.13888888888891415,0.0,186.11111111111111,1
2570,1648.7333333333333,1.5555555555556566,0.05555555555542924,0.13888888888891415,11.19999999999869,nan,0
2571,1648.7888888888888,0.05555555555542924,1.1722222222224445,0.13888888888891415,0.39999999999901775,nan,0
2572,1649.9611111111112,1.1722222222224445,0.0,0.13888888888891415,8.440000000000065,144.44444444444446,0
2573,1649.9611111111112,0.0,0.0,0.13888888888891415,0.0,144.44444444444446,1
2574,1649.9611111111112,0.0,0.9277777777776919,0.13888888888891415,0.0,144.44444444444446,1
2575,1650.888888888889,0.9277777777776919,0.09444444444443434,0.13888888888891415,6.6799999999981665,172.22222222222223,0
2576,1650.9833333333333,0.09444444444443434,1.5222222222221262,0.13888888888891415,0.6799999999998035,138.88888888888889,1
2577,1652.5055555555555,1.5222222222221262,0.0,0.13888888888891415,10.959999999997315,nan,0
2578,1652.5055555555555,0.0,0.0,0.13888888888891415,0.0,nan,0
2579,1652.5055555555555,0.0,1.2111111111112223,0.13888888888891415,0.0,nan,0
2580,1653.7166666666667,1.2111111111112223,0.0,0.13888888888891415,8.719999999999214,133.33333333333334,0
2581,1653.7166666666667,0.0,0.0,0.13888888888891415,0.0,133.33333333333334,1
2582,1653.7166666666667,0.0,0.8833333333332121,0.13888888888891415,0.0,133.33333333333334,1
2583,1654.6,0.8833333333332121,0.05555555555565661,0.13888888888891415,6.35999999999797,119.44444444444444,0
2584,1654.6555555555556,0.05555555555565661,1.5555555555556566,0.13888888888891415,0.40000000000065483,111.11111111111111,1
2585,1656.2111111111112,1.5555555555556566,0.0,0.13888888888891415,11.19999999999869,nan,0
2586,1656.2111111111112,0.0,1.1888888888888687,0.13888888888891415,0.0,nan,0
2587,1657.4,1.1888888888888687,0.0,0.13888888888891415,8.559999999998297,127.77777777777777,0
2588,1657.4,0.0,0.9111111111110404,0.13888888888891415,0.0,127.77777777777777,1
2589,1658.3111111111111,0.9111111111110404,0.07777777777778283,0.13888888888891415,6.559999999998298,180.55555555555554,0
2590,1658.388888888889,0.07777777777778283,1.5499999999999545,0.13888888888891415,0.5599999999999346,144.44444444444446,1
2591,1659.9388888888889,1.5499999999999545,0.0,0.13888888888891415,11.159999999997643,nan,0
2592,1659.9388888888889,0.0,0.0,0.13888888888891415,0.0,nan,0
2593,1659.9388888888889,0.0,1.1111111111110858,0.13888888888891415,0.0,nan,0
2594,1661.05,1.1111111111110858,0.0,0.13888888888891415,7.999999999998363,144.44444444444446,0
2595,1661.05,0.0,0.0,0.13888888888891415,0.0,144.44444444444446,1
2596,1661.05,0.0,0.900000000000091,0.13888888888891415,0.0,144.44444444444446,1
2597,1661.95,0.900000000000091,0.0,0.13888888888891415,6.479999999999476,163.88888888888889,0
2598,1661.95,0.0,0.08333333333325754,0.13888888888891415,0.0,163.88888888888889,1
2599,1662.0333333333333,0.08333333333325754,1.6611111111110404,0.13888888888891415,0.5999999999993452,144.44444444444446,1
2600,1663.6944444444443,1.6611111111110404,0.0,0.13888888888891415,11.959999999997315,nan,0
2601,1663.6944444444443,0.0,0.0,0.13888888888891415,0.0,nan,0
2602,1663.6944444444443,0.0,1.2388888888890506,0.13888888888891415,0.0,nan,0
2603,1664.9333333333334,1.2388888888890506,0.0,0.13888888888891415,8.919999999999542,144.44444444444446,0
2604,1664.9333333333334,0.0,0.0,0.13888888888891415,0.0,144.44444444444446,1
2605,1664.9333333333334,0.0,0.9111111111110404,0.13888888888891415,0.0,144.44444444444446,1
2606,1665.8444444444444,0.9111111111110404,0.02222222222212622,0.13888888888891415,6.559999999998298,141.66666666666666,0
2607,1665.8666666666666,0.02222222222212622,1.4055555555555657,0.13888888888891415,0.1599999999992797,141.66666666666666,1
2608,1667.2722222222221,1.4055555555555657,0.11666666666678793,0.13888888888891415,10.119999999998232,nan,0
2609,1667.388888888889,0.11666666666678793,1.1722222222222172,0.13888888888891415,0.8400000000007203,nan,0
2610,1668.5611111111111,1.1722222222222172,0.0,0.13888888888891415,8.43999999999843,111.11111111111111,0
2611,1668.5611111111111,0.0,0.8888888888889142,0.13888888888891415,0.0,111.11111111111111,1
2612,1669.45,0.8888888888889142,0.01666666666665151,0.13888888888891415,6.399999999999018,147.22222222222223,0
2613,1669.4666666666667,0.01666666666665151,1.5833333333332575,0.13888888888891415,0.11999999999986903,147.22222222222223,1
2614,1671.05,1.5833333333332575,0.0,0.13888888888891415,11.39999999999738,nan,0
2615,1671.05,0.0,1.1555555555555657,0.13888888888891415,0.0,nan,0
2616,1672.2055555555555,1.1555555555555657,0.0,0.13888888888891415,8.31999999999856,116.66666666666667,0
2617,1672.2055555555555,0.0,0.0,0.13888888888891415,0.0,116.66666666666667,1
2618,1672.2055555555555,0.0,0.8666666666667879,0.13888888888891415,0.0,116.66666666666667,1
2619,1673.0722222222223,0.8666666666667879,1.5111111111109494,0.13888888888891415,6.239999999999738,152.77777777777777,0
2620,1674.5833333333333,1.5111111111109494,0.0,0.13888888888891415,10.879999999996857,nan,0
2621,1674.5833333333333,0.0,0.0,0.13888888888891415,0.0,nan,0
2622,1674.5833333333333,0.0,1.183333333333394,0.13888888888891415,0.0,nan,0
2623,1675.7666666666667,1.183333333333394,0.0,0.13888888888891415,8.519999999998888,52.77777777777778,0
2624,1675.7666666666667,0.0,0.9611111111112223,0.13888888888891415,0.0,52.77777777777778,0
2625,1676.7277777777779,0.9611111111112223,0.09999999999990905,0.13888888888891415,6.919999999999542,147.22222222222223,0
2626,1676.8277777777778,0.09999999999990905,1.400000000000091,0.13888888888891415,0.7199999999992142,88.88888888888889,0
2627,1678.2277777777779,1.400000000000091,0.0,0.13888888888891415,10.07999999999882,nan,0
2628,1678.2277777777779,0.0,1.1944444444443434,0.13888888888891415,0.0,nan,0
2629,1679.4222222222222,1.1944444444443434,0.0,0.13888888888891415,8.599999999997708,69.44444444444444,0
2630,1679.4222222222222,0.0,0.0,0.13888888888891415,0.0,69.44444444444444,0
2631,1679.4222222222222,0.0,0.9055555555555657,0.13888888888891415,0.0,69.44444444444444,0
2632,1680.3277777777778,0.9055555555555657,0.08888888888895963,0.13888888888891415,6.519999999998887,150.0,0
2633,1680.4166666666667,0.08888888888895963,1.494444444444298,0.13888888888891415,0.6400000000003929,111.11111111111111,1
2634,1681.911111111111,1.494444444444298,0.06666666666683341,0.13888888888891415,10.759999999996987,nan,0
2635,1681.9777777777779,0.06666666666683341,1.1777777777776919,0.13888888888891415,0.4800000000011132,nan,0
2636,1683.1555555555556,1.1777777777776919,0.0,0.13888888888891415,8.479999999997839,133.33333333333334,0
2637,1683.1555555555556,0.0,0.0,0.13888888888891415,0.0,133.33333333333334,1
2638,1683.1555555555556,0.0,0.8833333333332121,0.13888888888891415,0.0,133.33333333333334,1
2639,1684.0388888888888,0.8833333333332121,0.08888888888895963,0.13888888888891415,6.35999999999797,175.0,0
2640,1684.1277777777777,0.08888888888895963,1.4722222222221717,0.13888888888891415,0.6400000000003929,144.44444444444446,1
2641,1685.6,1.4722222222221717,0.0,0.13888888888891415,10.599999999997708,nan,0
2642,1685.6,0.0,0.0,0.13888888888891415,0.0,nan,0
2643,1685.6,0.0,1.216666666666697,0.13888888888891415,0.0,nan,0
2644,1686.8166666666666,1.216666666666697,0.0,0.13888888888891415,8.759999999998625,116.66666666666667,0
2645,1686.8166666666666,0.0,0.0,0.13888888888891415,0.0,116.66666666666667,1
2646,1686.8166666666666,0.0,0.9444444444445708,0.13888888888891415,0.0,116.66666666666667,1
2647,1687.7611111111112,0.9444444444445708,0.07222222222208075,0.13888888888891415,6.799999999999673,130.55555555555554,0
2648,1687.8333333333333,0.07222222222208075,1.550000000000182,0.13888888888891415,0.5199999999988868,100.0,1
2649,1689.3833333333334,1.550000000000182,0.0,0.13888888888891415,11.159999999999279,nan,0
2650,1689.3833333333334,0.0,0.0,0.13888888888891415,0.0,nan,0
2651,1689.3833333333334,0.0,1.1944444444443434,0.13888888888891415,0.0,nan,0
2652,1690.5777777777778,1.1944444444443434,0.8777777777777374,0.13888888888891415,8.599999999997708,83.33333333333333,0
2653,1691.4555555555555,0.8777777777777374,0.0,0.13888888888891415,6.31999999999856,163.88888888888889,0
2654,1691.4555555555555,0.0,1.755555555555702,0.13888888888891415,0.0,163.88888888888889,1
2655,1693.2111111111112,1.755555555555702,0.0,0.13888888888891415,12.639999999998755,nan,0
2656,1693.2111111111112,0.0,0.0,0.13888888888891415,0.0,nan,0
2657,1693.2111111111112,0.0,1.1722222222222172,0.13888888888891415,0.0,nan,0
2658,1694.3833333333334,1.1722222222222172,0.0,0.13888888888891415,8.43999999999843,138.88888888888889,0
2659,1694.3833333333334,0.0,0.0,0.13888888888891415,0.0,138.88888888888889,1
2660,1694.3833333333334,0.0,0.9111111111110404,0.13888888888891415,0.0,138.88888888888889,1
2661,1695.2944444444445,0.9111111111110404,0.07222222222208075,0.13888888888891415,6.559999999998298,163.88888888888889,0
2662,1695.3666666666666,0.07222222222208075,1.2444444444445253,0.13888888888891415,0.5199999999988868,138.88888888888889,1
2663,1696.611111111111,1.2444444444445253,0.13888888888891415,0.13888888888891415,8.959999999998953,11.11111111111111,0
2664,1696.75,0.13888888888891415,1.1388888888889142,0.13888888888891415,1.0,nan,0
2665,1697.888888888889,1.1388888888889142,0.03888888888877773,0.13888888888891415,8.19999999999869,100.0,0
2666,1697.9277777777777,0.03888888888877773,0.0,0.13888888888891415,0.2799999999991487,100.0,1
2667,1697.9277777777777,0.0,0.9055555555555657,0.13888888888891415,0.0,100.0,1
2668,1698.8333333333333,0.9055555555555657,0.027777777777828305,0.13888888888891415,6.519999999998887,130.55555555555554,0
2669,1698.861111111111,0.027777777777828305,1.7444444444445253,0.13888888888891415,0.20000000000032742,130.55555555555554,1
2670,1700.6055555555556,1.7444444444445253,0.0,0.13888888888891415,12.559999999998297,nan,0
2671,1700.6055555555556,0.0,0.0,0.13888888888891415,0.0,nan,0
2672,1700.6055555555556,0.0,1.2888888888887777,0.13888888888891415,0.0,nan,0
2673,1701.8944444444444,1.2888888888887777,0.0,0.13888888888891415,9.279999999997512,150.0,0
2674,1701.8944444444444,0.0,0.0,0.13888888888891415,0.0,150.0,1
2675,1701.8944444444444,0.0,0.9277777777779193,0.13888888888891415,0.0,150.0,1
2676,1702.8222222222223,0.9277777777779193,0.0,0.13888888888891415,6.679999999999803,166.66666666666666,0
2677,1702.8222222222223,0.0,0.07777777777778283,0.13888888888891415,0.0,166.66666666666666,1
2678,1702.9,0.07777777777778283,1.6611111111110404,0.13888888888891415,0.5599999999999346,150.0,1
2679,1704.5611111111111,1.6611111111110404,0.0,0.13888888888891415,11.959999999997315,nan,0
2680,1704.5611111111111,0.0,0.0,0.13888888888891415,0.0,nan,0
2681,1704.5611111111111,0.0,1.0888888888889596,0.13888888888891415,0.0,nan,0
2682,1705.65,1.0888888888889596,0.08333333333325754,0.13888888888891415,7.839999999999083,155.55555555555554,0
2683,1705.7333333333333,0.08333333333325754,0.9222222222222172,0.13888888888891415,0.5999999999993452,144.44444444444446,1
2684,1706.6555555555556,0.9222222222222172,0.08333333333325754,0.13888888888891415,6.639999999998756,130.55555555555554,0
2685,1706.7388888888888,0.08333333333325754,1.5555555555556566,0.13888888888891415,0.5999999999993452,127.77777777777777,1
2686,1708.2944444444445,1.5555555555556566,0.0,0.13888888888891415,11.19999999999869,nan,0
2687,1708.2944444444445,0.0,1.1388888888889142,0.13888888888891415,0.0,nan,0
2688,1709.4333333333334,1.1388888888889142,0.0,0.13888888888891415,8.19999999999869,127.77777777777777,0
2689,1709.4333333333334,0.0,0.0,0.13888888888891415,0.0,127.77777777777777,1
2690,1709.4333333333334,0.0,0.8833333333332121,0.13888888888891415,0.0,127.77777777777777,1
2691,1710.3166666666666,0.8833333333332121,0.08333333333348492,0.13888888888891415,6.35999999999797,133.33333333333334,0
2692,1710.4,0.08333333333348492,1.6055555555553838,0.13888888888891415,0.6000000000009823,94.44444444444444,0
2693,1712.0055555555555,1.6055555555553838,1.2611111111111768,0.13888888888891415,11.559999999996661,nan,0
2694,1713.2666666666667,1.2611111111111768,0.0,0.13888888888891415,9.07999999999882,138.88888888888889,0
2695,1713.2666666666667,0.0,0.0,0.13888888888891415,0.0,138.88888888888889,1
2696,1713.2666666666667,0.0,0.8944444444443889,0.13888888888891415,0.0,138.88888888888889,1
2697,1714.161111111111,0.8944444444443889,0.08888888888895963,0.13888888888891415,6.439999999998428,163.88888888888889,0
2698,1714.25,0.08888888888895963,1.6444444444443889,0.13888888888891415,0.6400000000003929,144.44444444444446,1
2699,1715.8944444444444,1.6444444444443889,0.0,0.13888888888891415,11.839999999997445,nan,0
2700,1715.8944444444444,0.0,1.2388888888890506,0.13888888888891415,0.0,nan,0
2701,1717.1333333333334,1.2388888888890506,0.0,0.13888888888891415,8.919999999999542,144.44444444444446,0
2702,1717.1333333333334,0.0,0.0,0.13888888888891415,0.0,144.44444444444446,1
2703,1717.1333333333334,0.0,0.8777777777777374,0.13888888888891415,0.0,144.44444444444446,1
2704,1718.0111111111112,0.8777777777777374,0.08888888888873225,0.13888888888891415,6.31999999999856,144.44444444444446,0
2705,1718.1,0.08888888888873225,1.5,0.13888888888891415,0.6399999999987558,105.55555555555556,1
2706,1719.6,1.5,0.0,0.13888888888891415,10.799999999998036,nan,0
2707,1719.6,0.0,1.1333333333334394,0.13888888888891415,0.0,nan,0
2708,1720.7333333333333,1.1333333333334394,0.0,0.13888888888891415,8.159999999999279,111.11111111111111,0
2709,1720.7333333333333,0.0,0.0,0.13888888888891415,0.0,111.11111111111111,1
2710,1720.7333333333333,0.0,0.8722222222222626,0.13888888888891415,0.0,111.11111111111111,1
2711,1721.6055555555556,0.8722222222222626,1.7666666666666515,0.13888888888891415,6.2799999999991485,119.44444444444444,0
2712,1723.3722222222223,1.7666666666666515,1.2611111111111768,0.13888888888891415,12.719999999997578,nan,0
2713,1724.6333333333334,1.2611111111111768,0.0,0.13888888888891415,9.07999999999882,144.44444444444446,0
2714,1724.6333333333334,0.0,0.0,0.13888888888891415,0.0,144.44444444444446,1
2715,1724.6333333333334,0.0,0.9111111111110404,0.13888888888891415,0.0,144.44444444444446,1
2716,1725.5444444444445,0.9111111111110404,0.08333333333325754,0.13888888888891415,6.559999999998298,158.33333333333334,0
2717,1725.6277777777777,0.08333333333325754,1.583333333333485,0.13888888888891415,0.5999999999993452,138.88888888888889,1
2718,1727.2111111111112,1.583333333333485,0.0,0.13888888888891415,11.399999999999018,nan,0
2719,1727.2111111111112,0.0,0.0,0.13888888888891415,0.0,nan,0
2720,1727.2111111111112,0.0,1.2277777777776464,0.13888888888891415,0.0,nan,0
2721,1728.4388888888889,1.2277777777776464,0.0,0.13888888888891415,8.839999999997445,138.88888888888889,0
2722,1728.4388888888889,0.0,0.0,0.13888888888891415,0.0,138.88888888888889,1
2723,1728.4388888888889,0.0,0.8777777777777374,0.13888888888891415,0.0,138.88888888888889,1
2724,1729.3166666666666,0.8777777777777374,0.08888888888895963,0.13888888888891415,6.31999999999856,172.22222222222223,0
2725,1729.4055555555556,0.08888888888895963,1.4166666666667425,0.13888888888891415,0.6400000000003929,138.88888888888889,1
2726,1730.8222222222223,1.4166666666667425,0.12777777777773736,0.13888888888891415,10.19999999999869,nan,0
2727,1730.95,0.12777777777773736,1.1944444444443434,0.13888888888891415,0.9199999999995416,nan,0
2728,1732.1444444444444,1.1944444444443434,0.0,0.13888888888891415,8.599999999997708,133.33333333333334,0
2729,1732.1444444444444,0.0,0.0,0.13888888888891415,0.0,133.33333333333334,1
2730,1732.1444444444444,0.0,0.7944444444444798,0.13888888888891415,0.0,133.33333333333334,1
2731,1732.9388888888889,0.7944444444444798,0.027777777777828305,0.13888888888891415,5.719999999999215,119.44444444444444,0
2732,1732.9666666666667,0.027777777777828305,1.4222222222222172,0.13888888888891415,0.20000000000032742,127.77777777777777,1
2733,1734.388888888889,1.4222222222222172,0.12777777777773736,0.13888888888891415,10.239999999998101,nan,0
2734,1734.5166666666667,0.12777777777773736,1.2388888888888232,0.13888888888891415,0.9199999999995416,nan,0
2735,1735.7555555555555,1.2388888888888232,0.0,0.13888888888891415,8.919999999997904,105.55555555555556,0
2736,1735.7555555555555,0.0,0.9611111111112223,0.13888888888891415,0.0,105.55555555555556,1
2737,1736.7166666666667,0.9611111111112223,0.08888888888895963,0.13888888888891415,6.919999999999542,152.77777777777777,0
2738,1736.8055555555557,0.08888888888895963,1.5833333333332575,0.13888888888891415,0.6400000000003929,133.33333333333334,1
2739,1738.388888888889,1.5833333333332575,0.0,0.13888888888891415,11.39999999999738,nan,0
2740,1738.388888888889,0.0,1.1888888888888687,0.13888888888891415,0.0,nan,0
2741,1739.5777777777778,1.1888888888888687,0.0,0.13888888888891415,8.559999999998297,77.77777777777777,0
2742,1739.5777777777778,0.0,0.0,0.13888888888891415,0.0,77.77777777777777,0
2743,1739.5777777777778,0.0,0.8888888888889142,0.13888888888891415,0.0,77.77777777777777,0
2744,1740.4666666666667,0.8888888888889142,0.08333333333325754,0.13888888888891415,6.399999999999018,152.77777777777777,0
2745,1740.55,0.08333333333325754,1.2444444444445253,0.13888888888891415,0.5999999999993452,144.44444444444446,1
2746,1741.7944444444445,1.2444444444445253,0.13333333333321207,0.13888888888891415,8.959999999998953,16.666666666666668,0
2747,1741.9277777777777,0.13333333333321207,1.1666666666667425,0.13888888888891415,0.9599999999989522,nan,0
2748,1743.0944444444444,1.1666666666667425,0.0,0.13888888888891415,8.399999999999018,41.666666666666664,0
2749,1743.0944444444444,0.0,0.0,0.13888888888891415,0.0,41.666666666666664,0
2750,1743.0944444444444,0.0,0.8833333333334394,0.13888888888891415,0.0,41.666666666666664,0
2751,1743.9777777777779,0.8833333333334394,0.28888888888877773,0.13888888888891415,6.359999999999607,119.44444444444444,0
2752,1744.2666666666667,0.28888888888877773,0.9555555555555202,0.13888888888891415,2.0799999999988215,19.444444444444443,0
2753,1745.2222222222222,0.9555555555555202,0.16666666666674246,0.13888888888891415,6.8799999999984935,nan,0
2754,1745.388888888889,0.16666666666674246,1.2666666666666515,0.13888888888891415,1.2000000000003275,nan,0
2755,1746.6555555555556,1.2666666666666515,1.066666666666606,0.13888888888891415,9.119999999998232,nan,0
2756,1747.7222222222222,1.066666666666606,0.0,0.13888888888891415,7.6799999999981665,144.44444444444446,0
2757,1747.7222222222222,0.0,0.3111111111111313,0.13888888888891415,0.0,144.44444444444446,1
2758,1748.0333333333333,0.3111111111111313,1.0944444444444343,0.13888888888891415,2.239999999999738,8.333333333333334,0
2759,1749.1277777777777,1.0944444444444343,0.11111111111108585,0.13888888888891415,7.8799999999984935,nan,0
2760,1749.2388888888888,0.11111111111108585,0.0,0.13888888888891415,0.7999999999996725,nan,0
2761,1749.2388888888888,0.0,0.0388888888890051,0.13888888888891415,0.0,nan,0
2762,1749.2777777777778,0.0388888888890051,1.0499999999999545,0.13888888888891415,0.2800000000007858,nan,0
2763,1750.3277777777778,1.0499999999999545,0.12777777777773736,0.13888888888891415,7.559999999998298,nan,0
2764,1750.4555555555555,0.12777777777773736,0.9888888888888232,0.13888888888891415,0.9199999999995416,nan,0
2765,1751.4444444444443,0.9888888888888232,0.09444444444443434,0.13888888888891415,7.119999999998232,147.22222222222223,0
2766,1751.5388888888888,0.09444444444443434,1.7444444444445253,0.13888888888891415,0.6799999999998035,122.22222222222223,1
2767,1753.2833333333333,1.7444444444445253,0.0,0.13888888888891415,12.559999999998297,nan,0
2768,1753.2833333333333,0.0,1.1888888888888687,0.13888888888891415,0.0,nan,0
2769,1754.4722222222222,1.1888888888888687,1.0611111111111313,0.13888888888891415,8.559999999998297,116.66666666666667,0
2770,1755.5333333333333,1.0611111111111313,0.06666666666660603,0.13888888888891415,7.639999999998756,183.33333333333334,0
2771,1755.6,0.06666666666660603,1.466666666666697,0.13888888888891415,0.4799999999994761,11.11111111111111,0
2772,1757.0666666666666,1.466666666666697,1.1722222222222172,0.13888888888891415,10.559999999998297,nan,0
2773,1758.2388888888888,1.1722222222222172,0.0,0.13888888888891415,8.43999999999843,133.33333333333334,0
2774,1758.2388888888888,0.0,0.9444444444445708,0.13888888888891415,0.0,133.33333333333334,1
2775,1759.1833333333334,0.9444444444445708,1.4277777777776919,0.13888888888891415,6.799999999999673,119.44444444444444,0
2776,1760.611111111111,1.4277777777776919,0.0,0.13888888888891415,10.279999999997512,nan,0
2777,1760.611111111111,0.0,1.1611111111110404,0.13888888888891415,0.0,nan,0
2778,1761.7722222222221,1.1611111111110404,1.083333333333485,0.13888888888891415,8.35999999999797,nan,0
2779,1762.8555555555556,1.083333333333485,0.0,0.13888888888891415,7.799999999999673,nan,0
2780,1762.8555555555556,0.0,1.066666666666606,0.13888888888891415,0.0,nan,0
2781,1763.9222222222222,1.066666666666606,0.0,0.13888888888891415,7.6799999999981665,nan,0
2782,1763.9222222222222,0.0,1.0777777777777828,0.13888888888891415,0.0,nan,0
2783,1765.0,1.0777777777777828,1.1333333333334394,0.13888888888891415,7.759999999998625,nan,0
2784,1766.1333333333334,1.1333333333334394,1.1722222222222172,0.13888888888891415,8.159999999999279,nan,0
2785,1767.3055555555557,1.1722222222222172,0.0,0.13888888888891415,8.43999999999843,nan,0
2786,1767.3055555555557,0.0,1.1111111111110858,0.13888888888891415,0.0,nan,0
2787,1768.4166666666667,1.1111111111110858,0.0,0.13888888888891415,7.999999999998363,nan,0
2788,1768.4166666666667,0.0,1.1166666666665606,0.13888888888891415,0.0,nan,0
2789,1769.5333333333333,1.1166666666665606,1.2333333333333485,0.13888888888891415,8.039999999997773,nan,0
2790,1770.7666666666667,1.2333333333333485,0.0,0.13888888888891415,8.879999999998494,88.88888888888889,0
2791,1770.7666666666667,0.0,0.0,0.13888888888891415,0.0,88.88888888888889,0
2792,1770.7666666666667,0.0,0.8666666666667879,0.13888888888891415,0.0,88.88888888888889,0
2793,1771.6333333333334,0.8666666666667879,1.6555555555553383,0.13888888888891415,6.239999999999738,161.11111111111111,0
2794,1773.2888888888888,1.6555555555553383,0.05555555555565661,0.13888888888891415,11.919999999996268,nan,0
2795,1773.3444444444444,0.05555555555565661,1.2111111111112223,0.13888888888891415,0.40000000000065483,nan,0
2796,1774.5555555555557,1.2111111111112223,0.0,0.13888888888891415,8.719999999999214,36.111111111111114,0
2797,1774.5555555555557,0.0,0.0,0.13888888888891415,0.0,36.111111111111114,0
2798,1774.5555555555557,0.0,0.9055555555555657,0.13888888888891415,0.0,36.111111111111114,0
2799,1775.4611111111112,0.9055555555555657,0.09444444444443434,0.13888888888891415,6.519999999998887,169.44444444444446,0
2800,1775.5555555555557,0.09444444444443434,1.2333333333331211,0.13888888888891415,0.6799999999998035,127.77777777777777,1
2801,1776.7888888888888,1.2333333333331211,0.0,0.13888888888891415,8.879999999996857,nan,0
2802,1776.7888888888888,0.0,0.0,0.13888888888891415,0.0,nan,0
2803,1776.7888888888888,0.0,1.0333333333335304,0.13888888888891415,0.0,nan,0
2804,1777.8222222222223,1.0333333333335304,0.05555555555542924,0.13888888888891415,7.440000000000065,nan,0
2805,1777.8777777777777,0.05555555555542924,0.8833333333334394,0.13888888888891415,0.39999999999901775,nan,0
2806,1778.7611111111112,0.8833333333334394,0.15555555555556566,0.13888888888891415,6.359999999999607,nan,0
2807,1778.9166666666667,0.15555555555556566,0.0,0.13888888888891415,1.119999999999869,nan,0
2808,1778.9166666666667,0.0,0.9388888888888687,0.13888888888891415,0.0,nan,0
2809,1779.8555555555556,0.9388888888888687,0.6944444444443434,0.13888888888891415,6.759999999998625,138.88888888888889,0
2810,1780.55,0.6944444444443434,0.7194444444444343,0.13888888888891415,4.999999999998363,nan,0
2811,1781.2694444444444,0.7194444444444343,0.05555555555565661,0.13888888888891415,5.179999999998985,63.888888888888886,0
2812,1781.325,0.05555555555565661,0.0,0.13888888888891415,0.40000000000065483,63.888888888888886,0
2813,1781.325,0.0,1.1638888888887777,0.13888888888891415,0.0,63.888888888888886,0
2814,1782.4888888888888,1.1638888888887777,1.1944444444445708,0.13888888888891415,8.379999999997676,nan,0
2815,1783.6833333333334,1.1944444444445708,0.0,0.13888888888891415,8.599999999999346,105.55555555555556,0
2816,1783.6833333333334,0.0,0.0,0.13888888888891415,0.0,105.55555555555556,1
2817,1783.6833333333334,0.0,1.1444444444443889,0.13888888888891415,0.0,105.55555555555556,1
2818,1784.8277777777778,1.1444444444443889,0.0,0.13888888888891415,8.239999999998101,nan,0
2819,1784.8277777777778,0.0,0.0,0.13888888888891415,0.0,nan,0
2820,1784.8277777777778,0.0,1.1555555555555657,0.13888888888891415,0.0,nan,0
2821,1785.9833333333333,1.1555555555555657,0.1138888888888232,0.13888888888891415,8.31999999999856,nan,0
2822,1786.0972222222222,0.1138888888888232,1.0416666666667425,0.13888888888891415,0.8199999999993779,nan,0
2823,1787.138888888889,1.0416666666667425,0.0,0.13888888888891415,7.499999999999181,36.111111111111114,0
2824,1787.138888888889,0.0,0.9222222222222172,0.13888888888891415,0.0,36.111111111111114,0
2825,1788.0611111111111,0.9222222222222172,1.2888888888887777,0.13888888888891415,6.639999999998756,119.44444444444444,0
2826,1789.35,1.2888888888887777,1.0888888888889596,0.13888888888891415,9.279999999997512,nan,0
2827,1790.4388888888889,1.0888888888889596,0.0,0.13888888888891415,7.839999999999083,nan,0
2828,1790.4388888888889,0.0,1.0722222222223081,0.13888888888891415,0.0,nan,0
2829,1791.5111111111112,1.0722222222223081,0.0,0.13888888888891415,7.719999999999215,nan,0
2830,1791.5111111111112,0.0,2.1833333333331666,0.13888888888891415,0.0,nan,0
2831,1793.6944444444443,2.1833333333331666,0.0,0.13888888888891415,15.71999999999594,nan,0
2832,1793.6944444444443,0.0,1.2055555555557476,0.13888888888891415,0.0,nan,0
2833,1794.9,1.2055555555557476,0.0,0.13888888888891415,8.679999999999804,nan,0
2834,1794.9,0.0,0.0,0.13888888888891415,0.0,nan,0
2835,1794.9,0.0,1.3277777777777828,0.13888888888891415,0.0,nan,0
2836,1796.2277777777779,1.3277777777777828,0.0,0.13888888888891415,9.559999999998297,105.55555555555556,0
2837,1796.2277777777779,0.0,0.0,0.13888888888891415,0.0,105.55555555555556,1
2838,1796.2277777777779,0.0,0.9222222222222172,0.13888888888891415,0.0,105.55555555555556,1
2839,1797.15,0.9222222222222172,1.5944444444444343,0.13888888888891415,6.639999999998756,141.66666666666666,0
2840,1798.7444444444445,1.5944444444444343,0.1944444444443434,0.13888888888891415,11.479999999997839,nan,0
2841,1798.9388888888889,0.1944444444443434,0.0,0.13888888888891415,1.3999999999990178,nan,0
2842,1798.9388888888889,0.0,1.1222222222222626,0.13888888888891415,0.0,nan,0
2843,1800.0611111111111,1.1222222222222626,0.03333333333330302,0.13888888888891415,8.07999999999882,202.77777777777777,0
2844,1800.0944444444444,0.03333333333330302,0.9222222222222172,0.13888888888891415,0.23999999999973806,125.0,1
2845,1801.0166666666667,0.9222222222222172,0.027777777777828305,0.13888888888891415,6.639999999998756,119.44444444444444,0
2846,1801.0444444444445,0.027777777777828305,1.533333333333303,0.13888888888891415,0.20000000000032742,97.22222222222223,1
2847,1802.5777777777778,1.533333333333303,0.0,0.13888888888891415,11.039999999997773,nan,0
2848,1802.5777777777778,0.0,0.0,0.13888888888891415,0.0,nan,0
2849,1802.5777777777778,0.0,0.6694444444444798,0.13888888888891415,0.0,nan,0
2850,1803.2472222222223,0.6694444444444798,0.0,0.13888888888891415,4.819999999999378,nan,0
2851,1803.2472222222223,0.0,0.2222222222221717,0.13888888888891415,0.0,nan,0
2852,1803.4694444444444,0.2222222222221717,0.0,0.13888888888891415,1.599999999999345,nan,0
2853,1803.4694444444444,0.0,0.26388888888891415,0.13888888888891415,0.0,nan,0
2854,1803.7333333333333,0.26388888888891415,0.0,0.13888888888891415,1.8999999999998363,19.444444444444443,0
2855,1803.7333333333333,0.0,0.0,0.13888888888891415,0.0,19.444444444444443,0
2856,1803.7333333333333,0.0,0.18055555555542924,0.13888888888891415,0.0,19.444444444444443,0
2857,1803.9138888888888,0.18055555555542924,0.0,0.13888888888891415,1.299999999998854,16.666666666666668,0
2858,1803.9138888888888,0.0,0.1694444444444798,0.13888888888891415,0.0,16.666666666666668,0
2859,1804.0833333333333,0.1694444444444798,0.5666666666668334,0.13888888888891415,1.2200000000000328,44.44444444444444,0
2860,1804.65,0.5666666666668334,0.0,0.13888888888891415,4.080000000000458,152.77777777777777,0
2861,1804.65,0.0,0.5944444444444343,0.13888888888891415,0.0,152.77777777777777,1
2862,1805.2444444444445,0.5944444444444343,0.0,0.13888888888891415,4.2799999999991485,nan,0
2863,1805.2444444444445,0.0,nan,0.13888888888891415,0.0,nan,0
