beat_index,peak_time_s,rr_prev_s,rr_next_s,rr_baseline_s,prematurity_index,qrs_width_ms,is_pvc_candidate
0,0.5944444444444444,,0.6583333333333333,0.6555555555555657,,33.333333333333336,0
1,1.2527777777777778,0.6583333333333333,0.6805555555555556,0.6555555555555657,1.0042372881355777,33.333333333333336,0
2,1.9333333333333333,0.6805555555555556,0.6333333333333335,0.6555555555555657,1.0381355932203231,33.333333333333336,0
3,2.566666666666667,0.6333333333333335,0.6777777777777776,0.6555555555555657,0.9661016949152397,33.333333333333336,0
4,3.2444444444444445,0.6777777777777776,0.7555555555555555,0.6555555555555657,1.0338983050847295,38.888888888888886,0
5,4.0,0.7555555555555555,0.7388888888888889,0.6555555555555657,1.1525423728813382,38.888888888888886,0
6,4.738888888888889,0.7388888888888889,0.6861111111111109,0.6555555555555657,1.1271186440677794,36.111111111111114,0
7,5.425,0.6861111111111109,0.6611111111111114,0.6555555555555657,1.0466101694915089,33.333333333333336,0
8,6.086111111111111,0.6611111111111114,0.572222222222222,0.6555555555555657,1.0084745762711713,36.111111111111114,0
9,6.658333333333333,0.572222222222222,0.5750000000000002,0.6555555555555657,0.8728813559321895,33.333333333333336,0
10,7.233333333333333,0.5750000000000002,0.6166666666666663,0.6555555555555657,0.8771186440677834,33.333333333333336,0
11,7.85,0.6166666666666663,0.6194444444444454,0.6555555555555657,0.9406779661016798,36.111111111111114,0
12,8.469444444444445,0.6194444444444454,0.6416666666666657,0.6555555555555657,0.944915254237275,36.111111111111114,0
13,9.11111111111111,0.6416666666666657,0.7444444444444454,0.6555555555555657,0.9788135593220174,33.333333333333336,0
14,9.855555555555556,0.7444444444444454,0.6694444444444443,0.6555555555555657,1.135593220338967,38.888888888888886,0
15,10.525,0.6694444444444443,0.6694444444444443,0.6555555555555657,1.02118644067795,33.333333333333336,0
16,11.194444444444445,0.6694444444444443,0.6888888888888882,0.6555555555555657,1.02118644067795,36.111111111111114,0
17,11.883333333333333,0.6888888888888882,0.6611111111111114,0.6555555555555657,1.0508474576271014,36.111111111111114,0
18,12.544444444444444,0.6611111111111114,0.6611111111111114,0.6555555555555657,1.0084745762711713,33.333333333333336,0
19,13.205555555555556,0.6611111111111114,0.6166666666666671,0.6555555555555657,1.0084745762711713,33.333333333333336,0
20,13.822222222222223,0.6166666666666671,0.6194444444444436,0.6555555555555657,0.9406779661016811,33.333333333333336,0
21,14.441666666666666,0.6194444444444436,0.6638888888888896,0.6555555555555657,0.9449152542372723,36.111111111111114,0
22,15.105555555555556,0.6638888888888896,0.6722222222222225,0.6555555555555657,1.0127118644067652,36.111111111111114,0
23,15.777777777777779,0.6722222222222225,0.6583333333333314,0.6555555555555657,1.025423728813544,36.111111111111114,0
24,16.43611111111111,0.6583333333333314,0.6777777777777771,0.6555555555555657,1.0042372881355748,36.111111111111114,0
25,17.113888888888887,0.6777777777777771,0.658333333333335,0.6555555555555657,1.0338983050847288,36.111111111111114,0
26,17.772222222222222,0.658333333333335,0.6444444444444457,0.6555555555555657,1.0042372881355803,36.111111111111114,0
27,18.416666666666668,0.6444444444444457,0.62222222222222,0.6555555555555657,0.9830508474576138,30.555555555555557,0
28,19.038888888888888,0.62222222222222,0.658333333333335,0.6555555555555657,0.9491525423728634,30.555555555555557,0
29,19.697222222222223,0.658333333333335,0.6722222222222207,0.6555555555555657,1.0042372881355803,36.111111111111114,0
30,20.369444444444444,0.6722222222222207,0.658333333333335,0.6555555555555657,1.0254237288135413,33.333333333333336,0
31,21.02777777777778,0.658333333333335,0.6750000000000007,0.6555555555555657,1.0042372881355803,33.333333333333336,0
32,21.70277777777778,0.6750000000000007,0.7083333333333321,0.6555555555555657,1.0296610169491378,36.111111111111114,0
33,22.41111111111111,0.7083333333333321,0.7305555555555543,0.6555555555555657,1.0805084745762528,36.111111111111114,0
34,23.141666666666666,0.7305555555555543,0.6666666666666679,0.6555555555555657,1.1144067796609978,36.111111111111114,0
35,23.808333333333334,0.6666666666666679,0.6527777777777786,0.6555555555555657,1.016949152542359,33.333333333333336,0
36,24.461111111111112,0.6527777777777786,0.6750000000000007,0.6555555555555657,0.9957627118643926,33.333333333333336,0
37,25.136111111111113,0.6750000000000007,0.6416666666666657,0.6555555555555657,1.0296610169491378,33.333333333333336,0
38,25.77777777777778,0.6416666666666657,0.6277777777777764,0.6555555555555657,0.9788135593220174,33.333333333333336,0
39,26.405555555555555,0.6277777777777764,0.6527777777777786,0.6555555555555657,0.957627118644051,33.333333333333336,0
40,27.058333333333334,0.6527777777777786,0.6972222222222229,0.6555555555555657,0.9957627118643926,33.333333333333336,0
41,27.755555555555556,0.6972222222222229,0.6666666666666643,0.6555555555555657,1.0635593220338828,38.888888888888886,0
42,28.42222222222222,0.6666666666666643,0.6833333333333336,0.6555555555555657,1.0169491525423535,36.111111111111114,0
43,29.105555555555554,0.6833333333333336,0.6611111111111114,0.6555555555555657,1.0423728813559165,36.111111111111114,0
44,29.766666666666666,0.6611111111111114,0.6305555555555564,0.6555555555555657,1.0084745762711713,33.333333333333336,0
45,30.397222222222222,0.6305555555555564,0.6305555555555564,0.6555555555555657,0.9618644067796475,36.111111111111114,0
46,31.02777777777778,0.6305555555555564,0.6444444444444422,0.6555555555555657,0.9618644067796475,30.555555555555557,0
47,31.67222222222222,0.6444444444444422,0.6527777777777821,0.6555555555555657,0.9830508474576085,36.111111111111114,0
48,32.325,0.6527777777777821,0.6416666666666657,0.6555555555555657,0.995762711864398,36.111111111111114,0
49,32.96666666666667,0.6416666666666657,0.6361111111111057,0.6555555555555657,0.9788135593220174,33.333333333333336,0
50,33.602777777777774,0.6361111111111057,0.6611111111111114,0.6555555555555657,0.9703389830508243,33.333333333333336,0
51,34.263888888888886,0.6611111111111114,0.6638888888888914,0.6555555555555657,1.0084745762711713,36.111111111111114,0
52,34.92777777777778,0.6638888888888914,0.6527777777777786,0.6555555555555657,1.0127118644067679,36.111111111111114,0
53,35.580555555555556,0.6527777777777786,0.6527777777777786,0.6555555555555657,0.9957627118643926,36.111111111111114,0
54,36.233333333333334,0.6527777777777786,0.6444444444444457,0.6555555555555657,0.9957627118643926,33.333333333333336,0
55,36.87777777777778,0.6444444444444457,0.61944444444444,0.6555555555555657,0.9830508474576138,33.333333333333336,0
56,37.49722222222222,0.61944444444444,0.6444444444444457,0.6555555555555657,0.9449152542372669,30.555555555555557,0
57,38.141666666666666,0.6444444444444457,0.6694444444444443,0.6555555555555657,0.9830508474576138,33.333333333333336,0
58,38.81111111111111,0.6694444444444443,0.68888888888889,0.6555555555555657,1.02118644067795,36.111111111111114,0
59,39.5,0.68888888888889,0.68611111111111,0.6555555555555657,1.050847457627104,36.111111111111114,0
60,40.18611111111111,0.68611111111111,0.7222222222222214,0.6555555555555657,1.0466101694915075,36.111111111111114,0
61,40.90833333333333,0.7222222222222214,0.7055555555555557,0.6555555555555657,1.101694915254219,33.333333333333336,0
62,41.61388888888889,0.7055555555555557,0.6750000000000043,0.6555555555555657,1.0762711864406616,36.111111111111114,0
63,42.28888888888889,0.6750000000000043,0.6499999999999986,0.6555555555555657,1.0296610169491431,33.333333333333336,0
64,42.93888888888889,0.6499999999999986,0.6694444444444443,0.6555555555555657,0.9915254237287962,33.333333333333336,0
65,43.608333333333334,0.6694444444444443,0.6694444444444443,0.6555555555555657,1.02118644067795,36.111111111111114,0
66,44.27777777777778,0.6694444444444443,0.6583333333333314,0.6555555555555657,1.02118644067795,33.333333333333336,0
67,44.93611111111111,0.6583333333333314,0.6638888888888914,0.6555555555555657,1.0042372881355748,33.333333333333336,0
68,45.6,0.6638888888888914,0.7027777777777757,0.6555555555555657,1.0127118644067679,33.333333333333336,0
69,46.30277777777778,0.7027777777777757,0.7111111111111086,0.6555555555555657,1.072033898305065,36.111111111111114,0
70,47.013888888888886,0.7111111111111086,0.6694444444444443,0.6555555555555657,1.0847457627118438,36.111111111111114,0
71,47.68333333333333,0.6694444444444443,0.69166666666667,0.6555555555555657,1.02118644067795,33.333333333333336,0
72,48.375,0.69166666666667,0.68333333333333,0.6555555555555657,1.0550847457627006,36.111111111111114,0
73,49.05833333333333,0.68333333333333,0.6611111111111114,0.6555555555555657,1.042372881355911,33.333333333333336,0
74,49.71944444444444,0.6611111111111114,0.6083333333333343,0.6555555555555657,1.0084745762711713,33.333333333333336,0
75,50.327777777777776,0.6083333333333343,0.6333333333333329,0.6555555555555657,0.9279661016949023,33.333333333333336,0
76,50.96111111111111,0.6333333333333329,0.6805555555555571,0.6555555555555657,0.9661016949152387,33.333333333333336,0
77,51.641666666666666,0.6805555555555571,0.6833333333333371,0.6555555555555657,1.0381355932203253,36.111111111111114,0
78,52.325,0.6833333333333371,0.6749999999999972,0.6555555555555657,1.0423728813559219,33.333333333333336,0
79,53.0,0.6749999999999972,0.6166666666666671,0.6555555555555657,1.0296610169491323,33.333333333333336,0
80,53.61666666666667,0.6166666666666671,0.5944444444444414,0.6555555555555657,0.9406779661016811,36.111111111111114,0
81,54.21111111111111,0.5944444444444414,0.5944444444444485,0.6555555555555657,0.9067796610169306,33.333333333333336,0
82,54.80555555555556,0.5944444444444485,0.5722222222222229,0.6555555555555657,0.9067796610169414,30.555555555555557,0
83,55.37777777777778,0.5722222222222229,0.5944444444444414,0.6555555555555657,0.8728813559321908,33.333333333333336,0
84,55.97222222222222,0.5944444444444414,0.6555555555555586,0.6555555555555657,0.9067796610169306,33.333333333333336,0
85,56.62777777777778,0.6555555555555586,0.6749999999999972,0.6555555555555657,0.9999999999999891,33.333333333333336,0
86,57.30277777777778,0.6749999999999972,0.6972222222222229,0.6555555555555657,1.0296610169491323,33.333333333333336,0
87,58.0,0.6972222222222229,0.6694444444444443,0.6555555555555657,1.0635593220338828,36.111111111111114,0
88,58.669444444444444,0.6694444444444443,0.6722222222222243,0.6555555555555657,1.02118644067795,33.333333333333336,0
89,59.34166666666667,0.6722222222222243,0.6666666666666643,0.6555555555555657,1.0254237288135466,36.111111111111114,0
90,60.00833333333333,0.6666666666666643,0.6305555555555529,0.6555555555555657,1.0169491525423535,36.111111111111114,0
91,60.638888888888886,0.6305555555555529,0.6055555555555614,0.6555555555555657,0.9618644067796421,33.333333333333336,0
92,61.24444444444445,0.6055555555555614,0.5999999999999943,0.6555555555555657,0.9237288135593167,33.333333333333336,0
93,61.84444444444444,0.5999999999999943,0.6527777777777786,0.6555555555555657,0.9152542372881128,33.333333333333336,0
94,62.49722222222222,0.6527777777777786,0.7277777777777814,0.6555555555555657,0.9957627118643926,33.333333333333336,0
95,63.225,0.7277777777777814,0.7333333333333343,0.6555555555555657,1.110169491525412,36.111111111111114,0
96,63.958333333333336,0.7333333333333343,0.6972222222222157,0.6555555555555657,1.1186440677965943,36.111111111111114,0
97,64.65555555555555,0.6972222222222157,0.6805555555555571,0.6555555555555657,1.063559322033872,36.111111111111114,0
98,65.33611111111111,0.6805555555555571,0.6916666666666629,0.6555555555555657,1.0381355932203253,38.888888888888886,0
99,66.02777777777777,0.6916666666666629,0.6750000000000114,0.6555555555555657,1.0550847457626897,36.111111111111114,0
100,66.70277777777778,0.6750000000000114,0.6722222222222172,0.6555555555555657,1.029661016949154,36.111111111111114,0
101,67.375,0.6722222222222172,0.6472222222222257,0.6555555555555657,1.0254237288135357,38.888888888888886,0
102,68.02222222222223,0.6472222222222257,0.6388888888888857,0.6555555555555657,0.9872881355932104,36.111111111111114,0
103,68.66111111111111,0.6388888888888857,0.6916666666666629,0.6555555555555657,0.9745762711864209,36.111111111111114,0
104,69.35277777777777,0.6916666666666629,0.7333333333333343,0.6555555555555657,1.0550847457626897,38.888888888888886,0
105,70.08611111111111,0.7333333333333343,0.6972222222222229,0.6555555555555657,1.1186440677965943,38.888888888888886,0
106,70.78333333333333,0.6972222222222229,0.6777777777777771,0.6555555555555657,1.0635593220338828,38.888888888888886,0
107,71.46111111111111,0.6777777777777771,0.6972222222222229,0.6555555555555657,1.0338983050847288,36.111111111111114,0
108,72.15833333333333,0.6972222222222229,0.6833333333333371,0.6555555555555657,1.0635593220338828,36.111111111111114,0
109,72.84166666666667,0.6833333333333371,0.6388888888888857,0.6555555555555657,1.0423728813559219,36.111111111111114,0
110,73.48055555555555,0.6388888888888857,0.6611111111111114,0.6555555555555657,0.9745762711864209,36.111111111111114,0
111,74.14166666666667,0.6611111111111114,0.6944444444444429,0.6555555555555657,1.0084745762711713,33.333333333333336,0
112,74.83611111111111,0.6944444444444429,0.6861111111111171,0.6555555555555657,1.0593220338982863,36.111111111111114,0
113,75.52222222222223,0.6861111111111171,0.6861111111111029,0.6555555555555657,1.0466101694915184,36.111111111111114,0
114,76.20833333333333,0.6861111111111029,0.7111111111111228,0.6555555555555657,1.0466101694914967,36.111111111111114,0
115,76.91944444444445,0.7111111111111228,0.6888888888888829,0.6555555555555657,1.0847457627118655,38.888888888888886,0
116,77.60833333333333,0.6888888888888829,0.6638888888888914,0.6555555555555657,1.0508474576270932,38.888888888888886,0
117,78.27222222222223,0.6638888888888914,0.6583333333333314,0.6555555555555657,1.0127118644067679,36.111111111111114,0
118,78.93055555555556,0.6583333333333314,0.6555555555555515,0.6555555555555657,1.0042372881355748,36.111111111111114,0
119,79.58611111111111,0.6555555555555515,0.6500000000000057,0.6555555555555657,0.9999999999999784,36.111111111111114,0
120,80.23611111111111,0.6500000000000057,0.6527777777777715,0.6555555555555657,0.9915254237288069,36.111111111111114,0
121,80.88888888888889,0.6527777777777715,0.6416666666666657,0.6555555555555657,0.9957627118643818,36.111111111111114,0
122,81.53055555555555,0.6416666666666657,0.6666666666666714,0.6555555555555657,0.9788135593220174,36.111111111111114,0
123,82.19722222222222,0.6666666666666714,0.6666666666666714,0.6555555555555657,1.0169491525423644,36.111111111111114,0
124,82.8638888888889,0.6666666666666714,0.6916666666666629,0.6555555555555657,1.0169491525423644,38.888888888888886,0
125,83.55555555555556,0.6916666666666629,0.6527777777777715,0.6555555555555657,1.0550847457626897,38.888888888888886,0
126,84.20833333333333,0.6527777777777715,0.63333333333334,0.6555555555555657,0.9957627118643818,36.111111111111114,0
127,84.84166666666667,0.63333333333334,0.6388888888888857,0.6555555555555657,0.9661016949152494,36.111111111111114,0
128,85.48055555555555,0.6388888888888857,0.61944444444444,0.6555555555555657,0.9745762711864209,33.333333333333336,0
129,86.1,0.61944444444444,0.63333333333334,0.6555555555555657,0.9449152542372669,36.111111111111114,0
130,86.73333333333333,0.63333333333334,0.6694444444444372,0.6555555555555657,0.9661016949152494,36.111111111111114,0
131,87.40277777777777,0.6694444444444372,0.7111111111111228,0.6555555555555657,1.0211864406779392,38.888888888888886,0
132,88.1138888888889,0.7111111111111228,0.6972222222222229,0.6555555555555657,1.0847457627118655,36.111111111111114,0
133,88.81111111111112,0.6972222222222229,0.6416666666666657,0.6555555555555657,1.0635593220338828,36.111111111111114,0
134,89.45277777777778,0.6416666666666657,0.625,0.6555555555555657,0.9788135593220174,36.111111111111114,0
135,90.07777777777778,0.625,0.6083333333333343,0.6555555555555657,0.9533898305084599,36.111111111111114,0
136,90.68611111111112,0.6083333333333343,0.61944444444444,0.6555555555555657,0.9279661016949023,36.111111111111114,0
137,91.30555555555556,0.61944444444444,0.6083333333333343,0.6555555555555657,0.9449152542372669,36.111111111111114,0
138,91.91388888888889,0.6083333333333343,0.62222222222222,0.6555555555555657,0.9279661016949023,36.111111111111114,0
139,92.53611111111111,0.62222222222222,0.6444444444444457,0.6555555555555657,0.9491525423728634,33.333333333333336,0
140,93.18055555555556,0.6444444444444457,0.6666666666666714,0.6555555555555657,0.9830508474576138,36.111111111111114,0
141,93.84722222222223,0.6666666666666714,0.6499999999999915,0.6555555555555657,1.0169491525423644,38.888888888888886,0
142,94.49722222222222,0.6499999999999915,0.6722222222222314,0.6555555555555657,0.9915254237287853,36.111111111111114,0
143,95.16944444444445,0.6722222222222314,0.6638888888888772,0.6555555555555657,1.0254237288135575,36.111111111111114,0
144,95.83333333333333,0.6638888888888772,0.6388888888888999,0.6555555555555657,1.0127118644067463,38.888888888888886,0
145,96.47222222222223,0.6388888888888999,0.6333333333333258,0.6555555555555657,0.9745762711864425,36.111111111111114,0
146,97.10555555555555,0.6333333333333258,0.6416666666666657,0.6555555555555657,0.9661016949152278,33.333333333333336,0
147,97.74722222222222,0.6416666666666657,0.6583333333333314,0.6555555555555657,0.9788135593220174,36.111111111111114,0
148,98.40555555555555,0.6583333333333314,0.6444444444444457,0.6555555555555657,1.0042372881355748,36.111111111111114,0
149,99.05,0.6444444444444457,0.6722222222222314,0.6555555555555657,0.9830508474576138,36.111111111111114,0
150,99.72222222222223,0.6722222222222314,0.7027777777777686,0.6555555555555657,1.0254237288135575,38.888888888888886,0
151,100.425,0.7027777777777686,0.6972222222222229,0.6555555555555657,1.0720338983050544,36.111111111111114,0
152,101.12222222222222,0.6972222222222229,0.61944444444444,0.6555555555555657,1.0635593220338828,36.111111111111114,0
153,101.74166666666666,0.61944444444444,0.6194444444444542,0.6555555555555657,0.9449152542372669,33.333333333333336,0
154,102.36111111111111,0.6194444444444542,0.6083333333333343,0.6555555555555657,0.9449152542372885,36.111111111111114,0
155,102.96944444444445,0.6083333333333343,0.6333333333333258,0.6555555555555657,0.9279661016949023,36.111111111111114,0
156,103.60277777777777,0.6333333333333258,0.6555555555555657,0.6555555555555657,0.9661016949152278,36.111111111111114,0
157,104.25833333333334,0.6555555555555657,0.6416666666666657,0.6555555555555657,1.0,36.111111111111114,0
158,104.9,0.6416666666666657,0.6861111111111029,0.6555555555555657,0.9788135593220174,33.333333333333336,0
159,105.58611111111111,0.6861111111111029,0.63055555555556,0.6555555555555657,1.0466101694914967,33.333333333333336,0
160,106.21666666666667,0.63055555555556,0.6111111111111143,0.6555555555555657,0.9618644067796529,36.111111111111114,0
161,106.82777777777778,0.6111111111111143,0.62222222222222,0.6555555555555657,0.9322033898304989,36.111111111111114,0
162,107.45,0.62222222222222,0.625,0.6555555555555657,0.9491525423728634,33.333333333333336,0
163,108.075,0.625,0.61388888888888,0.6555555555555657,0.9533898305084599,36.111111111111114,0
164,108.68888888888888,0.61388888888888,0.6138888888888943,0.6555555555555657,0.9364406779660738,30.555555555555557,0
165,109.30277777777778,0.6138888888888943,0.6027777777777743,0.6555555555555657,0.9364406779660954,36.111111111111114,0
166,109.90555555555555,0.6027777777777743,0.6694444444444514,0.6555555555555657,0.9194915254237094,30.555555555555557,0
167,110.575,0.6694444444444514,0.73888888888888,0.6555555555555657,1.021186440677961,36.111111111111114,0
168,111.31388888888888,0.73888888888888,0.75555555555556,0.6555555555555657,1.1271186440677659,36.111111111111114,0
169,112.06944444444444,0.75555555555556,0.7638888888888857,0.6555555555555657,1.1525423728813449,36.111111111111114,0
170,112.83333333333333,0.7638888888888857,0.7305555555555543,0.6555555555555657,1.1652542372881127,36.111111111111114,0
171,113.56388888888888,0.7305555555555543,0.6472222222222257,0.6555555555555657,1.1144067796609978,36.111111111111114,0
172,114.21111111111111,0.6472222222222257,0.62222222222222,0.6555555555555657,0.9872881355932104,36.111111111111114,0
173,114.83333333333333,0.62222222222222,0.5972222222222285,0.6555555555555657,0.9491525423728634,38.888888888888886,0
174,115.43055555555556,0.5972222222222285,0.6027777777777743,0.6555555555555657,0.911016949152538,33.333333333333336,0
175,116.03333333333333,0.6027777777777743,0.6500000000000057,0.6555555555555657,0.9194915254237094,36.111111111111114,0
176,116.68333333333334,0.6500000000000057,0.7305555555555543,0.6555555555555657,0.9915254237288069,36.111111111111114,0
177,117.41388888888889,0.7305555555555543,0.7194444444444485,0.6555555555555657,1.1144067796609978,33.333333333333336,0
178,118.13333333333334,0.7194444444444485,0.7361111111111001,0.6555555555555657,1.0974576271186334,33.333333333333336,0
179,118.86944444444444,0.7361111111111001,0.6444444444444457,0.6555555555555657,1.1228813559321693,44.44444444444444,0
180,119.51388888888889,0.6444444444444457,0.62777777777778,0.6555555555555657,0.9830508474576138,36.111111111111114,0
181,120.14166666666667,0.62777777777778,0.6388888888888857,0.6555555555555657,0.9576271186440564,33.333333333333336,0
182,120.78055555555555,0.6388888888888857,0.63055555555556,0.6555555555555657,0.9745762711864209,33.333333333333336,0
183,121.41111111111111,0.63055555555556,0.6388888888888857,0.6555555555555657,0.9618644067796529,36.111111111111114,0
184,122.05,0.6388888888888857,0.7166666666666686,0.6555555555555657,0.9745762711864209,36.111111111111114,0
185,122.76666666666667,0.7166666666666686,0.6388888888888857,0.6555555555555657,1.0932203389830368,33.333333333333336,0
186,123.40555555555555,0.6388888888888857,0.7000000000000028,0.6555555555555657,0.9745762711864209,38.888888888888886,0
187,124.10555555555555,0.7000000000000028,0.6972222222222229,0.6555555555555657,1.0677966101694794,36.111111111111114,0
188,124.80277777777778,0.6972222222222229,0.6638888888888914,0.6555555555555657,1.0635593220338828,36.111111111111114,0
189,125.46666666666667,0.6638888888888914,0.6583333333333314,0.6555555555555657,1.0127118644067679,36.111111111111114,0
190,126.125,0.6583333333333314,0.61666666666666,0.6555555555555657,1.0042372881355748,36.111111111111114,0
191,126.74166666666666,0.61666666666666,0.6027777777777885,0.6555555555555657,0.9406779661016703,33.333333333333336,0
192,127.34444444444445,0.6027777777777885,0.6083333333333343,0.6555555555555657,0.919491525423731,36.111111111111114,0
193,127.95277777777778,0.6083333333333343,0.6527777777777715,0.6555555555555657,0.9279661016949023,33.333333333333336,0
194,128.60555555555555,0.6527777777777715,0.6638888888888914,0.6555555555555657,0.9957627118643818,38.888888888888886,0
195,129.26944444444445,0.6638888888888914,0.6638888888888914,0.6555555555555657,1.0127118644067679,38.888888888888886,0
196,129.93333333333334,0.6638888888888914,0.6611111111110972,0.6555555555555657,1.0127118644067679,38.888888888888886,0
197,130.59444444444443,0.6611111111110972,0.6444444444444457,0.6555555555555657,1.0084745762711498,36.111111111111114,0
198,131.23888888888888,0.6444444444444457,0.5777777777777828,0.6555555555555657,0.9830508474576138,38.888888888888886,0
199,131.81666666666666,0.5777777777777828,0.6166666666666742,0.6555555555555657,0.8813559322033839,36.111111111111114,0
200,132.43333333333334,0.6166666666666742,0.6583333333333314,0.6555555555555657,0.940677966101692,41.666666666666664,0
201,133.09166666666667,0.6583333333333314,0.6888888888888971,0.6555555555555657,1.0042372881355748,38.888888888888886,0
202,133.78055555555557,0.6888888888888971,0.6666666666666572,0.6555555555555657,1.050847457627115,36.111111111111114,0
203,134.44722222222222,0.6666666666666572,0.6805555555555429,0.6555555555555657,1.0169491525423429,36.111111111111114,0
204,135.12777777777777,0.6805555555555429,0.6833333333333371,0.6555555555555657,1.0381355932203038,36.111111111111114,0
205,135.8111111111111,0.6833333333333371,0.6611111111111256,0.6555555555555657,1.0423728813559219,38.888888888888886,0
206,136.47222222222223,0.6611111111111256,0.6555555555555372,0.6555555555555657,1.008474576271193,36.111111111111114,0
207,137.12777777777777,0.6555555555555372,0.63611111111112,0.6555555555555657,0.9999999999999566,36.111111111111114,0
208,137.76388888888889,0.63611111111112,0.5972222222222285,0.6555555555555657,0.970338983050846,33.333333333333336,0
209,138.36111111111111,0.5972222222222285,0.5916666666666686,0.6555555555555657,0.911016949152538,36.111111111111114,0
210,138.95277777777778,0.5916666666666686,0.5944444444444343,0.6555555555555657,0.9025423728813449,36.111111111111114,0
211,139.54722222222222,0.5944444444444343,0.6416666666666799,0.6555555555555657,0.9067796610169198,36.111111111111114,0
212,140.1888888888889,0.6416666666666799,0.6944444444444287,0.6555555555555657,0.9788135593220391,36.111111111111114,0
213,140.88333333333333,0.6944444444444287,0.6777777777777771,0.6555555555555657,1.0593220338982647,36.111111111111114,0
214,141.5611111111111,0.6777777777777771,0.6750000000000114,0.6555555555555657,1.0338983050847288,36.111111111111114,0
215,142.23611111111111,0.6750000000000114,0.6805555555555429,0.6555555555555657,1.029661016949154,36.111111111111114,0
216,142.91666666666666,0.6805555555555429,0.6777777777777771,0.6555555555555657,1.0381355932203038,33.333333333333336,0
217,143.59444444444443,0.6777777777777771,0.6333333333333542,0.6555555555555657,1.0338983050847288,36.111111111111114,0
218,144.2277777777778,0.6333333333333542,0.6444444444444457,0.6555555555555657,0.9661016949152711,36.111111111111114,0
219,144.87222222222223,0.6444444444444457,0.6611111111110972,0.6555555555555657,0.9830508474576138,36.111111111111114,0
220,145.53333333333333,0.6611111111110972,0.6055555555555543,0.6555555555555657,1.0084745762711498,38.888888888888886,0
221,146.13888888888889,0.6055555555555543,0.6166666666666742,0.6555555555555657,0.9237288135593059,36.111111111111114,0
222,146.75555555555556,0.6166666666666742,0.63611111111112,0.6555555555555657,0.940677966101692,36.111111111111114,0
223,147.39166666666668,0.63611111111112,0.6611111111110972,0.6555555555555657,0.970338983050846,36.111111111111114,0
224,148.05277777777778,0.6611111111110972,0.6500000000000057,0.6555555555555657,1.0084745762711498,36.111111111111114,0
225,148.70277777777778,0.6500000000000057,0.6222222222222058,0.6555555555555657,0.9915254237288069,38.888888888888886,0
226,149.325,0.6222222222222058,0.6333333333333542,0.6555555555555657,0.9491525423728416,36.111111111111114,0
227,149.95833333333334,0.6333333333333542,0.5999999999999943,0.6555555555555657,0.9661016949152711,36.111111111111114,0
228,150.55833333333334,0.5999999999999943,0.5861111111111086,0.6555555555555657,0.9152542372881128,36.111111111111114,0
229,151.14444444444445,0.5861111111111086,0.5861111111111086,0.6555555555555657,0.8940677966101519,33.333333333333336,0
230,151.73055555555555,0.5861111111111086,0.61388888888888,0.6555555555555657,0.8940677966101519,33.333333333333336,0
231,152.34444444444443,0.61388888888888,0.6388888888888857,0.6555555555555657,0.9364406779660738,36.111111111111114,0
232,152.98333333333332,0.6388888888888857,0.63611111111112,0.6555555555555657,0.9745762711864209,36.111111111111114,0
233,153.61944444444444,0.63611111111112,0.6111111111111143,0.6555555555555657,0.970338983050846,33.333333333333336,0
234,154.23055555555555,0.6111111111111143,0.6111111111111143,0.6555555555555657,0.9322033898304989,33.333333333333336,0
235,154.84166666666667,0.6111111111111143,0.6083333333333201,0.6555555555555657,0.9322033898304989,36.111111111111114,0
236,155.45,0.6083333333333201,0.5916666666666686,0.6555555555555657,0.9279661016948807,33.333333333333336,0
237,156.04166666666666,0.5916666666666686,0.5777777777777828,0.6555555555555657,0.9025423728813449,33.333333333333336,0
238,156.61944444444444,0.5777777777777828,0.5611111111111029,0.6555555555555657,0.8813559322033839,33.333333333333336,0
239,157.18055555555554,0.5611111111111029,0.5722222222222229,0.6555555555555657,0.8559322033898048,30.555555555555557,0
240,157.75277777777777,0.5722222222222229,0.5444444444444514,0.6555555555555657,0.8728813559321908,33.333333333333336,0
241,158.29722222222222,0.5444444444444514,0.5583333333333371,0.6555555555555657,0.830508474576269,33.333333333333336,0
242,158.85555555555555,0.5583333333333371,0.5805555555555486,0.6555555555555657,0.8516949152542299,36.111111111111114,0
243,159.4361111111111,0.5805555555555486,0.5916666666666686,0.6555555555555657,0.8855932203389588,36.111111111111114,0
244,160.02777777777777,0.5916666666666686,0.6222222222222342,0.6555555555555657,0.9025423728813449,36.111111111111114,0
245,160.65,0.6222222222222342,0.6277777777777658,0.6555555555555657,0.949152542372885,33.333333333333336,0
246,161.27777777777777,0.6277777777777658,0.6083333333333485,0.6555555555555657,0.9576271186440347,38.888888888888886,0
247,161.88611111111112,0.6083333333333485,0.5861111111111086,0.6555555555555657,0.9279661016949241,33.333333333333336,0
248,162.47222222222223,0.5861111111111086,0.5722222222222229,0.6555555555555657,0.8940677966101519,30.555555555555557,0
249,163.04444444444445,0.5722222222222229,0.5972222222222285,0.6555555555555657,0.8728813559321908,33.333333333333336,0
250,163.64166666666668,0.5972222222222285,0.61944444444444,0.6555555555555657,0.911016949152538,33.333333333333336,0
251,164.26111111111112,0.61944444444444,0.6388888888888857,0.6555555555555657,0.9449152542372669,36.111111111111114,0
252,164.9,0.6388888888888857,0.6277777777777658,0.6555555555555657,0.9745762711864209,33.333333333333336,0
253,165.52777777777777,0.6277777777777658,0.6083333333333485,0.6555555555555657,0.9576271186440347,33.333333333333336,0
254,166.13611111111112,0.6083333333333485,0.6277777777777658,0.6555555555555657,0.9279661016949241,33.333333333333336,0
255,166.76388888888889,0.6277777777777658,0.63611111111112,0.6555555555555657,0.9576271186440347,33.333333333333336,0
256,167.4,0.63611111111112,0.6027777777777601,0.6555555555555657,0.970338983050846,36.111111111111114,0
257,168.00277777777777,0.6027777777777601,0.6000000000000227,0.6555555555555657,0.9194915254236876,33.333333333333336,0
258,168.6027777777778,0.6000000000000227,0.5888888888888744,0.6555555555555657,0.9152542372881561,33.333333333333336,0
259,169.19166666666666,0.5888888888888744,0.5916666666666686,0.6555555555555657,0.8983050847457267,33.333333333333336,0
260,169.78333333333333,0.5916666666666686,0.6083333333333485,0.6555555555555657,0.9025423728813449,30.555555555555557,0
261,170.39166666666668,0.6083333333333485,0.6222222222222058,0.6555555555555657,0.9279661016949241,30.555555555555557,0
262,171.01388888888889,0.6222222222222058,0.6444444444444457,0.6555555555555657,0.9491525423728416,33.333333333333336,0
263,171.65833333333333,0.6444444444444457,0.6472222222222115,0.6555555555555657,0.9830508474576138,36.111111111111114,0
264,172.30555555555554,0.6472222222222115,0.6527777777777999,0.6555555555555657,0.9872881355931887,36.111111111111114,0
265,172.95833333333334,0.6527777777777999,0.6277777777777658,0.6555555555555657,0.9957627118644251,33.333333333333336,0
266,173.5861111111111,0.6277777777777658,0.61388888888888,0.6555555555555657,0.9576271186440347,33.333333333333336,0
267,174.2,0.61388888888888,0.6055555555555543,0.6555555555555657,0.9364406779660738,33.333333333333336,0
268,174.80555555555554,0.6055555555555543,0.6111111111111143,0.6555555555555657,0.9237288135593059,33.333333333333336,0
269,175.41666666666666,0.6111111111111143,0.6083333333333485,0.6555555555555657,0.9322033898304989,33.333333333333336,0
270,176.025,0.6083333333333485,0.6361111111110915,0.6555555555555657,0.9279661016949241,33.333333333333336,0
271,176.6611111111111,0.6361111111110915,0.6388888888889142,0.6555555555555657,0.9703389830508027,36.111111111111114,0
272,177.3,0.6388888888889142,0.6388888888888857,0.6555555555555657,0.9745762711864642,36.111111111111114,0
273,177.9388888888889,0.6388888888888857,0.6638888888888914,0.6555555555555657,0.9745762711864209,36.111111111111114,0
274,178.6027777777778,0.6638888888888914,0.6388888888888857,0.6555555555555657,1.0127118644067679,33.333333333333336,0
275,179.24166666666667,0.6388888888888857,0.625,0.6555555555555657,0.9745762711864209,33.333333333333336,0
276,179.86666666666667,0.625,0.61944444444444,0.6555555555555657,0.9533898305084599,33.333333333333336,0
277,180.48611111111111,0.61944444444444,0.5999999999999943,0.6555555555555657,0.9449152542372669,33.333333333333336,0
278,181.0861111111111,0.5999999999999943,0.5999999999999943,0.6555555555555657,0.9152542372881128,33.333333333333336,0
279,181.6861111111111,0.5999999999999943,0.580555555555577,0.6555555555555657,0.9152542372881128,30.555555555555557,0
280,182.26666666666668,0.580555555555577,0.6166666666666458,0.6555555555555657,0.8855932203390021,33.333333333333336,0
281,182.88333333333333,0.6166666666666458,0.6666666666666856,0.6555555555555657,0.9406779661016487,33.333333333333336,0
282,183.55,0.6666666666666856,0.6666666666666572,0.6555555555555657,1.0169491525423862,36.111111111111114,0
283,184.21666666666667,0.6666666666666572,0.6555555555555657,0.6555555555555657,1.0169491525423429,36.111111111111114,0
284,184.87222222222223,0.6555555555555657,0.6472222222222115,0.6555555555555657,1.0,36.111111111111114,0
285,185.51944444444445,0.6472222222222115,0.6277777777777658,0.6555555555555657,0.9872881355931887,36.111111111111114,0
286,186.1472222222222,0.6277777777777658,0.6055555555555543,0.6555555555555657,0.9576271186440347,33.333333333333336,0
287,186.75277777777777,0.6055555555555543,0.5972222222222285,0.6555555555555657,0.9237288135593059,33.333333333333336,0
288,187.35,0.5972222222222285,0.6527777777777715,0.6555555555555657,0.911016949152538,33.333333333333336,0
289,188.00277777777777,0.6527777777777715,0.6888888888888971,0.6555555555555657,0.9957627118643818,33.333333333333336,0
290,188.69166666666666,0.6888888888888971,0.6833333333333371,0.6555555555555657,1.050847457627115,33.333333333333336,0
291,189.375,0.6833333333333371,0.6694444444444514,0.6555555555555657,1.0423728813559219,36.111111111111114,0
292,190.04444444444445,0.6694444444444514,0.6833333333333371,0.6555555555555657,1.021186440677961,33.333333333333336,0
293,190.7277777777778,0.6833333333333371,0.6888888888888687,0.6555555555555657,1.0423728813559219,33.333333333333336,0
294,191.41666666666666,0.6888888888888687,0.6583333333333314,0.6555555555555657,1.0508474576270717,36.111111111111114,0
295,192.075,0.6583333333333314,0.6638888888888914,0.6555555555555657,1.0042372881355748,33.333333333333336,0
296,192.73888888888888,0.6638888888888914,0.6888888888888971,0.6555555555555657,1.0127118644067679,33.333333333333336,0
297,193.42777777777778,0.6888888888888971,0.6527777777777715,0.6555555555555657,1.050847457627115,33.333333333333336,0
298,194.08055555555555,0.6527777777777715,0.6555555555555657,0.6555555555555657,0.9957627118643818,30.555555555555557,0
299,194.73611111111111,0.6555555555555657,0.6916666666666629,0.6555555555555657,1.0,36.111111111111114,0
300,195.42777777777778,0.6916666666666629,0.6999999999999886,0.6555555555555657,1.0550847457626897,36.111111111111114,0
301,196.12777777777777,0.6999999999999886,0.6861111111111313,0.6555555555555657,1.0677966101694578,33.333333333333336,0
302,196.8138888888889,0.6861111111111313,0.6861111111111029,0.6555555555555657,1.0466101694915402,33.333333333333336,0
303,197.5,0.6861111111111029,0.6722222222222172,0.6555555555555657,1.0466101694914967,36.111111111111114,0
304,198.17222222222222,0.6722222222222172,0.6638888888888914,0.6555555555555657,1.0254237288135357,33.333333333333336,0
305,198.8361111111111,0.6638888888888914,0.6388888888888857,0.6555555555555657,1.0127118644067679,33.333333333333336,0
306,199.475,0.6388888888888857,0.6527777777777715,0.6555555555555657,0.9745762711864209,33.333333333333336,0
307,200.12777777777777,0.6527777777777715,0.6555555555555657,0.6555555555555657,0.9957627118643818,33.333333333333336,0
308,200.78333333333333,0.6555555555555657,0.6611111111111256,0.6555555555555657,1.0,36.111111111111114,0
309,201.44444444444446,0.6611111111111256,0.6722222222222172,0.6555555555555657,1.008474576271193,38.888888888888886,0
310,202.11666666666667,0.6722222222222172,0.6916666666666629,0.6555555555555657,1.0254237288135357,41.666666666666664,0
311,202.80833333333334,0.6916666666666629,0.674999999999983,0.6555555555555657,1.0550847457626897,41.666666666666664,0
312,203.48333333333332,0.674999999999983,0.6611111111111256,0.6555555555555657,1.0296610169491107,38.888888888888886,0
313,204.14444444444445,0.6611111111111256,0.6388888888888857,0.6555555555555657,1.008474576271193,38.888888888888886,0
314,204.78333333333333,0.6388888888888857,0.6166666666666742,0.6555555555555657,0.9745762711864209,38.888888888888886,0
315,205.4,0.6166666666666742,0.6111111111111143,0.6555555555555657,0.940677966101692,36.111111111111114,0
316,206.01111111111112,0.6111111111111143,0.6111111111111143,0.6555555555555657,0.9322033898304989,38.888888888888886,0
317,206.62222222222223,0.6111111111111143,0.6388888888888857,0.6555555555555657,0.9322033898304989,41.666666666666664,0
318,207.26111111111112,0.6388888888888857,0.6638888888888914,0.6555555555555657,0.9745762711864209,38.888888888888886,0
319,207.925,0.6638888888888914,0.6722222222222172,0.6555555555555657,1.0127118644067679,38.888888888888886,0
320,208.59722222222223,0.6722222222222172,0.6861111111111029,0.6555555555555657,1.0254237288135357,38.888888888888886,0
321,209.28333333333333,0.6861111111111029,0.6777777777777771,0.6555555555555657,1.0466101694914967,38.888888888888886,0
322,209.9611111111111,0.6777777777777771,0.6416666666666799,0.6555555555555657,1.0338983050847288,36.111111111111114,0
323,210.6027777777778,0.6416666666666799,0.6361111111110915,0.6555555555555657,0.9788135593220391,33.333333333333336,0
324,211.23888888888888,0.6361111111110915,0.6222222222222342,0.6555555555555657,0.9703389830508027,33.333333333333336,0
325,211.86111111111111,0.6222222222222342,0.6472222222222115,0.6555555555555657,0.949152542372885,33.333333333333336,0
326,212.50833333333333,0.6472222222222115,0.6750000000000114,0.6555555555555657,0.9872881355931887,36.111111111111114,0
327,213.18333333333334,0.6750000000000114,0.6555555555555657,0.6555555555555657,1.029661016949154,33.333333333333336,0
328,213.8388888888889,0.6555555555555657,0.6583333333333314,0.6555555555555657,1.0,33.333333333333336,0
329,214.49722222222223,0.6583333333333314,0.6777777777777771,0.6555555555555657,1.0042372881355748,36.111111111111114,0
330,215.175,0.6777777777777771,0.6472222222222115,0.6555555555555657,1.0338983050847288,36.111111111111114,0
331,215.82222222222222,0.6472222222222115,0.61944444444444,0.6555555555555657,0.9872881355931887,33.333333333333336,0
332,216.44166666666666,0.61944444444444,0.6277777777777942,0.6555555555555657,0.9449152542372669,33.333333333333336,0
333,217.06944444444446,0.6277777777777942,0.6305555555555316,0.6555555555555657,0.9576271186440781,33.333333333333336,0
334,217.7,0.6305555555555316,0.6222222222222342,0.6555555555555657,0.9618644067796096,36.111111111111114,0
335,218.32222222222222,0.6222222222222342,0.625,0.6555555555555657,0.949152542372885,36.111111111111114,0
336,218.94722222222222,0.625,0.6472222222222115,0.6555555555555657,0.9533898305084599,33.333333333333336,0
337,219.59444444444443,0.6472222222222115,0.6888888888888971,0.6555555555555657,0.9872881355931887,36.111111111111114,0
338,220.28333333333333,0.6888888888888971,0.6722222222222172,0.6555555555555657,1.050847457627115,36.111111111111114,0
339,220.95555555555555,0.6722222222222172,0.6527777777777715,0.6555555555555657,1.0254237288135357,36.111111111111114,0
340,221.60833333333332,0.6527777777777715,0.6500000000000057,0.6555555555555657,0.9957627118643818,36.111111111111114,0
341,222.25833333333333,0.6500000000000057,0.61944444444444,0.6555555555555657,0.9915254237288069,33.333333333333336,0
342,222.87777777777777,0.61944444444444,0.625,0.6555555555555657,0.9449152542372669,33.333333333333336,0
343,223.50277777777777,0.625,0.6333333333333542,0.6555555555555657,0.9533898305084599,33.333333333333336,0
344,224.13611111111112,0.6333333333333542,0.63055555555556,0.6555555555555657,0.9661016949152711,36.111111111111114,0
345,224.76666666666668,0.63055555555556,0.6527777777777715,0.6555555555555657,0.9618644067796529,36.111111111111114,0
346,225.41944444444445,0.6527777777777715,0.6555555555555372,0.6555555555555657,0.9957627118643818,36.111111111111114,0
347,226.075,0.6555555555555372,0.6333333333333542,0.6555555555555657,0.9999999999999566,36.111111111111114,0
348,226.70833333333334,0.6333333333333542,0.6472222222222115,0.6555555555555657,0.9661016949152711,36.111111111111114,0
349,227.35555555555555,0.6472222222222115,0.6333333333333258,0.6555555555555657,0.9872881355931887,36.111111111111114,0
350,227.98888888888888,0.6333333333333258,0.6166666666666742,0.6555555555555657,0.9661016949152278,33.333333333333336,0
351,228.60555555555555,0.6166666666666742,0.6277777777777658,0.6555555555555657,0.940677966101692,33.333333333333336,0
352,229.23333333333332,0.6277777777777658,0.625,0.6555555555555657,0.9576271186440347,36.111111111111114,0
353,229.85833333333332,0.625,0.6500000000000057,0.6555555555555657,0.9533898305084599,36.111111111111114,0
354,230.50833333333333,0.6500000000000057,0.625,0.6555555555555657,0.9915254237288069,33.333333333333336,0
355,231.13333333333333,0.625,0.6777777777777771,0.6555555555555657,0.9533898305084599,36.111111111111114,0
356,231.8111111111111,0.6777777777777771,0.7083333333333428,0.6555555555555657,1.0338983050847288,36.111111111111114,0
357,232.51944444444445,0.7083333333333428,0.7277777777777885,0.6555555555555657,1.080508474576269,33.333333333333336,0
358,233.24722222222223,0.7277777777777885,0.669444444444423,0.6555555555555657,1.110169491525423,36.111111111111114,0
359,233.91666666666666,0.669444444444423,0.6277777777777942,0.6555555555555657,1.0211864406779176,33.333333333333336,0
360,234.54444444444445,0.6277777777777942,0.6444444444444457,0.6555555555555657,0.9576271186440781,33.333333333333336,0
361,235.1888888888889,0.6444444444444457,0.5972222222222001,0.6555555555555657,0.9830508474576138,36.111111111111114,0
362,235.7861111111111,0.5972222222222001,0.6055555555555827,0.6555555555555657,0.9110169491524946,33.333333333333336,0
363,236.39166666666668,0.6055555555555827,0.6277777777777658,0.6555555555555657,0.9237288135593492,33.333333333333336,0
364,237.01944444444445,0.6277777777777658,0.6500000000000057,0.6555555555555657,0.9576271186440347,36.111111111111114,0
365,237.66944444444445,0.6500000000000057,0.6583333333333314,0.6555555555555657,0.9915254237288069,36.111111111111114,0
366,238.32777777777778,0.6583333333333314,0.6444444444444457,0.6555555555555657,1.0042372881355748,36.111111111111114,0
367,238.97222222222223,0.6444444444444457,0.6416666666666515,0.6555555555555657,0.9830508474576138,36.111111111111114,0
368,239.61388888888888,0.6416666666666515,0.6416666666666799,0.6555555555555657,0.9788135593219957,36.111111111111114,0
369,240.25555555555556,0.6416666666666799,0.6277777777777658,0.6555555555555657,0.9788135593220391,33.333333333333336,0
370,240.88333333333333,0.6277777777777658,0.63611111111112,0.6555555555555657,0.9576271186440347,33.333333333333336,0
371,241.51944444444445,0.63611111111112,0.6333333333333258,0.6555555555555657,0.970338983050846,33.333333333333336,0
372,242.15277777777777,0.6333333333333258,0.6611111111111256,0.6555555555555657,0.9661016949152278,36.111111111111114,0
373,242.8138888888889,0.6611111111111256,0.6999999999999886,0.6555555555555657,1.008474576271193,36.111111111111114,0
374,243.51388888888889,0.6999999999999886,0.6805555555555713,0.6555555555555657,1.0677966101694578,36.111111111111114,0
375,244.19444444444446,0.6805555555555713,0.6861111111111029,0.6555555555555657,1.038135593220347,36.111111111111114,0
376,244.88055555555556,0.6861111111111029,0.6888888888888971,0.6555555555555657,1.0466101694914967,36.111111111111114,0
377,245.56944444444446,0.6888888888888971,0.6611111111110972,0.6555555555555657,1.050847457627115,33.333333333333336,0
378,246.23055555555555,0.6611111111110972,0.6166666666666742,0.6555555555555657,1.0084745762711498,33.333333333333336,0
379,246.84722222222223,0.6166666666666742,0.61388888888888,0.6555555555555657,0.940677966101692,33.333333333333336,0
380,247.4611111111111,0.61388888888888,0.61388888888888,0.6555555555555657,0.9364406779660738,33.333333333333336,0
381,248.075,0.61388888888888,0.6388888888889142,0.6555555555555657,0.9364406779660738,33.333333333333336,0
382,248.7138888888889,0.6388888888889142,0.6555555555555372,0.6555555555555657,0.9745762711864642,33.333333333333336,0
383,249.36944444444444,0.6555555555555372,0.6750000000000114,0.6555555555555657,0.9999999999999566,36.111111111111114,0
384,250.04444444444445,0.6750000000000114,0.6694444444444514,0.6555555555555657,1.029661016949154,36.111111111111114,0
385,250.7138888888889,0.6694444444444514,0.6944444444444287,0.6555555555555657,1.021186440677961,36.111111111111114,0
386,251.40833333333333,0.6944444444444287,0.6555555555555657,0.6555555555555657,1.0593220338982647,33.333333333333336,0
387,252.0638888888889,0.6555555555555657,0.6388888888888857,0.6555555555555657,1.0,36.111111111111114,0
388,252.70277777777778,0.6388888888888857,0.6472222222222115,0.6555555555555657,0.9745762711864209,36.111111111111114,0
389,253.35,0.6472222222222115,0.6333333333333258,0.6555555555555657,0.9872881355931887,33.333333333333336,0
390,253.98333333333332,0.6333333333333258,0.6555555555555657,0.6555555555555657,0.9661016949152278,36.111111111111114,0
391,254.63888888888889,0.6555555555555657,0.6527777777777715,0.6555555555555657,1.0,33.333333333333336,0
392,255.29166666666666,0.6527777777777715,0.6722222222222456,0.6555555555555657,0.9957627118643818,33.333333333333336,0
393,255.9638888888889,0.6722222222222456,0.6833333333333371,0.6555555555555657,1.0254237288135792,36.111111111111114,0
394,256.64722222222224,0.6833333333333371,0.6888888888888687,0.6555555555555657,1.0423728813559219,33.333333333333336,0
395,257.3361111111111,0.6888888888888687,0.6388888888889142,0.6555555555555657,1.0508474576270717,33.333333333333336,0
396,257.975,0.6388888888889142,0.6305555555555316,0.6555555555555657,0.9745762711864642,33.333333333333336,0
397,258.60555555555555,0.6305555555555316,0.6444444444444457,0.6555555555555657,0.9618644067796096,33.333333333333336,0
398,259.25,0.6444444444444457,0.63611111111112,0.6555555555555657,0.9830508474576138,33.333333333333336,0
399,259.8861111111111,0.63611111111112,0.6166666666666742,0.6555555555555657,0.970338983050846,33.333333333333336,0
400,260.5027777777778,0.6166666666666742,0.6499999999999773,0.6555555555555657,0.940677966101692,36.111111111111114,0
401,261.15277777777777,0.6499999999999773,0.6611111111110972,0.6555555555555657,0.9915254237287636,36.111111111111114,0
402,261.81388888888887,0.6611111111110972,0.6722222222222172,0.6555555555555657,1.0084745762711498,36.111111111111114,0
403,262.4861111111111,0.6722222222222172,0.63611111111112,0.6555555555555657,1.0254237288135357,33.333333333333336,0
404,263.1222222222222,0.63611111111112,0.6416666666667084,0.6555555555555657,0.970338983050846,36.111111111111114,0
405,263.7638888888889,0.6416666666667084,0.6361111111110631,0.6555555555555657,0.9788135593220824,33.333333333333336,0
406,264.4,0.6361111111110631,0.6083333333333485,0.6555555555555657,0.9703389830507593,33.333333333333336,0
407,265.0083333333333,0.6083333333333485,0.6083333333333485,0.6555555555555657,0.9279661016949241,33.333333333333336,0
408,265.6166666666667,0.6083333333333485,0.63611111111112,0.6555555555555657,0.9279661016949241,33.333333333333336,0
409,266.2527777777778,0.63611111111112,0.6444444444444457,0.6555555555555657,0.970338983050846,33.333333333333336,0
410,266.89722222222224,0.6444444444444457,0.6527777777777715,0.6555555555555657,0.9830508474576138,36.111111111111114,0
411,267.55,0.6527777777777715,0.6527777777777715,0.6555555555555657,0.9957627118643818,36.111111111111114,0
412,268.2027777777778,0.6527777777777715,0.6666666666666856,0.6555555555555657,0.9957627118643818,36.111111111111114,0
413,268.86944444444447,0.6666666666666856,0.6638888888888914,0.6555555555555657,1.0169491525423862,36.111111111111114,0
414,269.53333333333336,0.6638888888888914,0.6444444444444457,0.6555555555555657,1.0127118644067679,33.333333333333336,0
415,270.1777777777778,0.6444444444444457,0.6027777777777601,0.6555555555555657,0.9830508474576138,36.111111111111114,0
416,270.78055555555557,0.6027777777777601,0.5972222222222285,0.6555555555555657,0.9194915254236876,33.333333333333336,0
417,271.3777777777778,0.5972222222222285,0.5916666666666401,0.6555555555555657,0.911016949152538,33.333333333333336,0
418,271.96944444444443,0.5916666666666401,0.5972222222222285,0.6555555555555657,0.9025423728813016,33.333333333333336,0
419,272.56666666666666,0.5972222222222285,0.625,0.6555555555555657,0.911016949152538,33.333333333333336,0
420,273.19166666666666,0.625,0.6444444444444457,0.6555555555555657,0.9533898305084599,36.111111111111114,0
421,273.8361111111111,0.6444444444444457,0.6416666666666515,0.6555555555555657,0.9830508474576138,36.111111111111114,0
422,274.47777777777776,0.6416666666666515,0.6777777777778056,0.6555555555555657,0.9788135593219957,33.333333333333336,0
423,275.15555555555557,0.6777777777778056,0.6472222222222399,0.6555555555555657,1.0338983050847723,33.333333333333336,0
424,275.8027777777778,0.6472222222222399,0.6305555555555316,0.6555555555555657,0.9872881355932321,36.111111111111114,0
425,276.43333333333334,0.6305555555555316,0.6222222222222058,0.6555555555555657,0.9618644067796096,33.333333333333336,0
426,277.05555555555554,0.6222222222222058,0.6194444444444684,0.6555555555555657,0.9491525423728416,36.111111111111114,0
427,277.675,0.6194444444444684,0.6333333333333258,0.6555555555555657,0.9449152542373102,33.333333333333336,0
428,278.30833333333334,0.6333333333333258,0.6083333333333485,0.6555555555555657,0.9661016949152278,33.333333333333336,0
429,278.9166666666667,0.6083333333333485,0.625,0.6555555555555657,0.9279661016949241,33.333333333333336,0
430,279.5416666666667,0.625,0.6722222222222172,0.6555555555555657,0.9533898305084599,36.111111111111114,0
431,280.2138888888889,0.6722222222222172,0.6666666666666288,0.6555555555555657,1.0254237288135357,36.111111111111114,0
432,280.88055555555553,0.6666666666666288,0.6388888888889142,0.6555555555555657,1.0169491525422993,38.888888888888886,0
433,281.51944444444445,0.6388888888889142,0.61388888888888,0.6555555555555657,0.9745762711864642,36.111111111111114,0
434,282.1333333333333,0.61388888888888,0.6027777777777601,0.6555555555555657,0.9364406779660738,33.333333333333336,0
435,282.7361111111111,0.6027777777777601,0.5972222222222285,0.6555555555555657,0.9194915254236876,33.333333333333336,0
436,283.3333333333333,0.5972222222222285,0.6027777777778169,0.6555555555555657,0.911016949152538,33.333333333333336,0
437,283.93611111111113,0.6027777777778169,0.6055555555555543,0.6555555555555657,0.9194915254237743,36.111111111111114,0
438,284.5416666666667,0.6055555555555543,0.6194444444444116,0.6555555555555657,0.9237288135593059,33.333333333333336,0
439,285.1611111111111,0.6194444444444116,0.6111111111111427,0.6555555555555657,0.9449152542372234,33.333333333333336,0
440,285.77222222222224,0.6111111111111427,0.6194444444444116,0.6555555555555657,0.9322033898305423,33.333333333333336,0
441,286.39166666666665,0.6194444444444116,0.6333333333333258,0.6555555555555657,0.9449152542372234,33.333333333333336,0
442,287.025,0.6333333333333258,0.6277777777777942,0.6555555555555657,0.9661016949152278,33.333333333333336,0
443,287.65277777777777,0.6277777777777942,0.6000000000000227,0.6555555555555657,0.9576271186440781,36.111111111111114,0
444,288.2527777777778,0.6000000000000227,0.5861111111111086,0.6555555555555657,0.9152542372881561,33.333333333333336,0
445,288.8388888888889,0.5861111111111086,0.5777777777777828,0.6555555555555657,0.8940677966101519,30.555555555555557,0
446,289.4166666666667,0.5777777777777828,0.625,0.6555555555555657,0.8813559322033839,33.333333333333336,0
447,290.0416666666667,0.625,0.625,0.6555555555555657,0.9533898305084599,33.333333333333336,0
448,290.6666666666667,0.625,0.6416666666666515,0.6555555555555657,0.9533898305084599,33.333333333333336,0
449,291.30833333333334,0.6416666666666515,0.6444444444444457,0.6555555555555657,0.9788135593219957,33.333333333333336,0
450,291.9527777777778,0.6444444444444457,0.6444444444444457,0.6555555555555657,0.9830508474576138,36.111111111111114,0
451,292.59722222222223,0.6444444444444457,0.6277777777777942,0.6555555555555657,0.9830508474576138,36.111111111111114,0
452,293.225,0.6277777777777942,0.5944444444444343,0.6555555555555657,0.9576271186440781,36.111111111111114,0
453,293.81944444444446,0.5944444444444343,0.6027777777777601,0.6555555555555657,0.9067796610169198,36.111111111111114,0
454,294.4222222222222,0.6027777777777601,0.6055555555555543,0.6555555555555657,0.9194915254236876,33.333333333333336,0
455,295.02777777777777,0.6055555555555543,0.6055555555555543,0.6555555555555657,0.9237288135593059,33.333333333333336,0
456,295.6333333333333,0.6055555555555543,0.61388888888888,0.6555555555555657,0.9237288135593059,33.333333333333336,0
457,296.2472222222222,0.61388888888888,0.6472222222222399,0.6555555555555657,0.9364406779660738,33.333333333333336,0
458,296.89444444444445,0.6472222222222399,0.6333333333333258,0.6555555555555657,0.9872881355932321,36.111111111111114,0
459,297.52777777777777,0.6333333333333258,0.6388888888889142,0.6555555555555657,0.9661016949152278,36.111111111111114,0
460,298.1666666666667,0.6388888888889142,0.63611111111112,0.6555555555555657,0.9745762711864642,36.111111111111114,0
461,298.8027777777778,0.63611111111112,0.6499999999999773,0.6555555555555657,0.970338983050846,36.111111111111114,0
462,299.4527777777778,0.6499999999999773,0.5972222222222285,0.6555555555555657,0.9915254237287636,33.333333333333336,0
463,300.05,0.5972222222222285,0.6027777777777601,0.6555555555555657,0.911016949152538,36.111111111111114,0
464,300.65277777777777,0.6027777777777601,0.6166666666666742,0.6555555555555657,0.9194915254236876,33.333333333333336,0
465,301.26944444444445,0.6166666666666742,0.6000000000000227,0.6555555555555657,0.940677966101692,33.333333333333336,0
466,301.86944444444447,0.6000000000000227,0.6055555555555543,0.6555555555555657,0.9152542372881561,33.333333333333336,0
467,302.475,0.6055555555555543,0.6222222222222058,0.6555555555555657,0.9237288135593059,33.333333333333336,0
468,303.09722222222223,0.6222222222222058,0.6444444444444457,0.6555555555555657,0.9491525423728416,36.111111111111114,0
469,303.7416666666667,0.6444444444444457,0.6472222222222399,0.6555555555555657,0.9830508474576138,36.111111111111114,0
470,304.3888888888889,0.6472222222222399,0.6472222222221831,0.6555555555555657,0.9872881355932321,33.333333333333336,0
471,305.0361111111111,0.6472222222221831,0.6472222222222399,0.6555555555555657,0.9872881355931454,36.111111111111114,0
472,305.68333333333334,0.6472222222222399,0.6611111111110972,0.6555555555555657,0.9872881355932321,36.111111111111114,0
473,306.34444444444443,0.6611111111110972,0.6305555555555884,0.6555555555555657,1.0084745762711498,33.333333333333336,0
474,306.975,0.6305555555555884,0.6361111111110631,0.6555555555555657,0.9618644067796963,30.555555555555557,0
475,307.6111111111111,0.6361111111110631,0.6305555555555884,0.6555555555555657,0.9703389830507593,33.333333333333336,0
476,308.2416666666667,0.6305555555555884,0.658333333333303,0.6555555555555657,0.9618644067796963,36.111111111111114,0
477,308.9,0.658333333333303,0.6555555555555657,0.6555555555555657,1.0042372881355315,33.333333333333336,0
478,309.55555555555554,0.6555555555555657,0.6750000000000114,0.6555555555555657,1.0,36.111111111111114,0
479,310.23055555555555,0.6750000000000114,0.6944444444444571,0.6555555555555657,1.029661016949154,33.333333333333336,0
480,310.925,0.6944444444444571,0.7305555555555543,0.6555555555555657,1.059322033898308,38.888888888888886,0
481,311.65555555555557,0.7305555555555543,0.6972222222221944,0.6555555555555657,1.1144067796609978,36.111111111111114,0
482,312.35277777777776,0.6972222222221944,0.6666666666666856,0.6555555555555657,1.0635593220338395,36.111111111111114,0
483,313.01944444444445,0.6666666666666856,0.6555555555555657,0.6555555555555657,1.0169491525423862,36.111111111111114,0
484,313.675,0.6555555555555657,0.6194444444444116,0.6555555555555657,1.0,36.111111111111114,0
485,314.2944444444444,0.6194444444444116,0.6166666666666742,0.6555555555555657,0.9449152542372234,36.111111111111114,0
486,314.9111111111111,0.6166666666666742,0.6416666666667084,0.6555555555555657,0.940677966101692,36.111111111111114,0
487,315.5527777777778,0.6416666666667084,0.658333333333303,0.6555555555555657,0.9788135593220824,36.111111111111114,0
488,316.2111111111111,0.658333333333303,0.6555555555555657,0.6555555555555657,1.0042372881355315,36.111111111111114,0
489,316.8666666666667,0.6555555555555657,0.6666666666666856,0.6555555555555657,1.0,36.111111111111114,0
490,317.53333333333336,0.6666666666666856,0.6611111111110972,0.6555555555555657,1.0169491525423862,36.111111111111114,0
491,318.19444444444446,0.6611111111110972,0.6555555555555657,0.6555555555555657,1.0084745762711498,33.333333333333336,0
492,318.85,0.6555555555555657,0.6305555555555316,0.6555555555555657,1.0,33.333333333333336,0
493,319.48055555555555,0.6305555555555316,0.6388888888889142,0.6555555555555657,0.9618644067796096,36.111111111111114,0
494,320.11944444444447,0.6388888888889142,0.6611111111110972,0.6555555555555657,0.9745762711864642,36.111111111111114,0
495,320.78055555555557,0.6611111111110972,0.6777777777777487,0.6555555555555657,1.0084745762711498,36.111111111111114,0
496,321.4583333333333,0.6777777777777487,0.6777777777778056,0.6555555555555657,1.0338983050846855,36.111111111111114,0
497,322.1361111111111,0.6777777777778056,0.6777777777777487,0.6555555555555657,1.0338983050847723,36.111111111111114,0
498,322.81388888888887,0.6777777777777487,0.6805555555555998,0.6555555555555657,1.0338983050846855,36.111111111111114,0
499,323.49444444444447,0.6805555555555998,0.6361111111110631,0.6555555555555657,1.0381355932203904,36.111111111111114,0
500,324.13055555555553,0.6361111111110631,0.6222222222222626,0.6555555555555657,0.9703389830507593,36.111111111111114,0
501,324.7527777777778,0.6222222222222626,0.63611111111112,0.6555555555555657,0.9491525423729283,36.111111111111114,0
502,325.3888888888889,0.63611111111112,0.6444444444444457,0.6555555555555657,0.970338983050846,38.888888888888886,0
503,326.03333333333336,0.6444444444444457,0.669444444444423,0.6555555555555657,0.9830508474576138,38.888888888888886,0
504,326.7027777777778,0.669444444444423,0.6722222222222172,0.6555555555555657,1.0211864406779176,36.111111111111114,0
505,327.375,0.6722222222222172,0.6805555555555429,0.6555555555555657,1.0254237288135357,36.111111111111114,0
506,328.05555555555554,0.6805555555555429,0.6722222222222172,0.6555555555555657,1.0381355932203038,36.111111111111114,0
507,328.72777777777776,0.6722222222222172,0.6611111111111541,0.6555555555555657,1.0254237288135357,33.333333333333336,0
508,329.3888888888889,0.6611111111111541,0.6333333333333258,0.6555555555555657,1.0084745762712364,38.888888888888886,0
509,330.02222222222224,0.6333333333333258,0.6166666666666742,0.6555555555555657,0.9661016949152278,36.111111111111114,0
510,330.6388888888889,0.6166666666666742,0.5999999999999659,0.6555555555555657,0.940677966101692,36.111111111111114,0
511,331.2388888888889,0.5999999999999659,0.591666666666697,0.6555555555555657,0.9152542372880694,36.111111111111114,0
512,331.8305555555556,0.591666666666697,0.6027777777777601,0.6555555555555657,0.9025423728813883,38.888888888888886,0
513,332.43333333333334,0.6027777777777601,0.6611111111110972,0.6555555555555657,0.9194915254236876,33.333333333333336,0
514,333.09444444444443,0.6611111111110972,0.6888888888889255,0.6555555555555657,1.0084745762711498,36.111111111111114,0
515,333.78333333333336,0.6888888888889255,0.6861111111110745,0.6555555555555657,1.0508474576271583,38.888888888888886,0
516,334.46944444444443,0.6861111111110745,0.6666666666666856,0.6555555555555657,1.0466101694914534,38.888888888888886,0
517,335.1361111111111,0.6666666666666856,0.63611111111112,0.6555555555555657,1.0169491525423862,36.111111111111114,0
518,335.77222222222224,0.63611111111112,0.6416666666666515,0.6555555555555657,0.970338983050846,36.111111111111114,0
519,336.4138888888889,0.6416666666666515,0.6194444444444684,0.6555555555555657,0.9788135593219957,33.333333333333336,0
520,337.03333333333336,0.6194444444444684,0.61388888888888,0.6555555555555657,0.9449152542373102,33.333333333333336,0
521,337.64722222222224,0.61388888888888,0.6027777777777601,0.6555555555555657,0.9364406779660738,36.111111111111114,0
522,338.25,0.6027777777777601,0.6222222222222058,0.6555555555555657,0.9194915254236876,36.111111111111114,0
523,338.8722222222222,0.6222222222222058,0.6416666666667084,0.6555555555555657,0.9491525423728416,33.333333333333336,0
524,339.5138888888889,0.6416666666667084,0.6388888888888573,0.6555555555555657,0.9788135593220824,38.888888888888886,0
525,340.15277777777777,0.6388888888888573,0.6388888888889142,0.6555555555555657,0.9745762711863775,36.111111111111114,0
526,340.7916666666667,0.6388888888889142,0.6638888888888914,0.6555555555555657,0.9745762711864642,36.111111111111114,0
527,341.4555555555556,0.6638888888888914,0.6472222222221831,0.6555555555555657,1.0127118644067679,38.888888888888886,0
528,342.10277777777776,0.6472222222221831,0.6055555555555543,0.6555555555555657,0.9872881355931454,36.111111111111114,0
529,342.7083333333333,0.6055555555555543,0.580555555555577,0.6555555555555657,0.9237288135593059,33.333333333333336,0
530,343.2888888888889,0.580555555555577,0.6388888888889142,0.6555555555555657,0.8855932203390021,36.111111111111114,0
531,343.9277777777778,0.6388888888889142,0.6527777777777715,0.6555555555555657,0.9745762711864642,36.111111111111114,0
532,344.5805555555556,0.6527777777777715,0.625,0.6555555555555657,0.9957627118643818,33.333333333333336,0
533,345.2055555555556,0.625,0.6611111111110972,0.6555555555555657,0.9533898305084599,36.111111111111114,0
534,345.8666666666667,0.6611111111110972,0.6722222222222172,0.6555555555555657,1.0084745762711498,36.111111111111114,0
535,346.5388888888889,0.6722222222222172,0.6305555555555316,0.6555555555555657,1.0254237288135357,36.111111111111114,0
536,347.1694444444444,0.6305555555555316,0.6333333333333826,0.6555555555555657,0.9618644067796096,33.333333333333336,0
537,347.8027777777778,0.6333333333333826,0.5749999999999886,0.6555555555555657,0.9661016949153145,36.111111111111114,0
538,348.3777777777778,0.5749999999999886,0.5777777777777828,0.6555555555555657,0.8771186440677657,33.333333333333336,0
539,348.9555555555556,0.5777777777777828,0.5833333333333144,0.6555555555555657,0.8813559322033839,33.333333333333336,0
540,349.5388888888889,0.5833333333333144,0.5722222222221944,0.6555555555555657,0.8898305084745336,33.333333333333336,0
541,350.1111111111111,0.5722222222221944,0.6083333333333485,0.6555555555555657,0.8728813559321476,33.333333333333336,0
542,350.71944444444443,0.6083333333333485,0.6500000000000341,0.6555555555555657,0.9279661016949241,33.333333333333336,0
543,351.36944444444447,0.6500000000000341,0.6666666666666288,0.6555555555555657,0.9915254237288503,33.333333333333336,0
544,352.0361111111111,0.6666666666666288,0.6722222222222172,0.6555555555555657,1.0169491525422993,36.111111111111114,0
545,352.7083333333333,0.6722222222222172,0.6388888888889142,0.6555555555555657,1.0254237288135357,36.111111111111114,0
546,353.34722222222223,0.6388888888889142,0.6222222222222058,0.6555555555555657,0.9745762711864642,36.111111111111114,0
547,353.96944444444443,0.6222222222222058,0.6000000000000227,0.6555555555555657,0.9491525423728416,36.111111111111114,0
548,354.56944444444446,0.6000000000000227,0.5916666666666401,0.6555555555555657,0.9152542372881561,33.333333333333336,0
549,355.1611111111111,0.5916666666666401,0.6000000000000227,0.6555555555555657,0.9025423728813016,33.333333333333336,0
550,355.7611111111111,0.6000000000000227,0.5944444444444343,0.6555555555555657,0.9152542372881561,33.333333333333336,0
551,356.35555555555555,0.5944444444444343,0.63611111111112,0.6555555555555657,0.9067796610169198,33.333333333333336,0
552,356.9916666666667,0.63611111111112,0.6750000000000114,0.6555555555555657,0.970338983050846,33.333333333333336,0
553,357.6666666666667,0.6750000000000114,0.6611111111110972,0.6555555555555657,1.029661016949154,33.333333333333336,0
554,358.3277777777778,0.6611111111110972,0.6611111111110972,0.6555555555555657,1.0084745762711498,33.333333333333336,0
555,358.9888888888889,0.6611111111110972,0.63611111111112,0.6555555555555657,1.0084745762711498,33.333333333333336,0
556,359.625,0.63611111111112,0.6055555555555543,0.6555555555555657,0.970338983050846,33.333333333333336,0
557,360.23055555555555,0.6055555555555543,0.6083333333333485,0.6555555555555657,0.9237288135593059,33.333333333333336,0
558,360.8388888888889,0.6083333333333485,0.5916666666666401,0.6555555555555657,0.9279661016949241,33.333333333333336,0
559,361.43055555555554,0.5916666666666401,0.6111111111111427,0.6555555555555657,0.9025423728813016,30.555555555555557,0
560,362.0416666666667,0.6111111111111427,0.6277777777777374,0.6555555555555657,0.9322033898305423,33.333333333333336,0
561,362.6694444444444,0.6277777777777374,0.6416666666667084,0.6555555555555657,0.9576271186439914,33.333333333333336,0
562,363.31111111111113,0.6416666666667084,0.6666666666666288,0.6555555555555657,0.9788135593220824,36.111111111111114,0
563,363.97777777777776,0.6666666666666288,0.6694444444444798,0.6555555555555657,1.0169491525422993,36.111111111111114,0
564,364.64722222222224,0.6694444444444798,0.6888888888888687,0.6555555555555657,1.0211864406780042,36.111111111111114,0
565,365.3361111111111,0.6888888888888687,0.6861111111111313,0.6555555555555657,1.0508474576270717,36.111111111111114,0
566,366.02222222222224,0.6861111111111313,0.6638888888888914,0.6555555555555657,1.0466101694915402,33.333333333333336,0
567,366.68611111111113,0.6638888888888914,0.6222222222222058,0.6555555555555657,1.0127118644067679,33.333333333333336,0
568,367.30833333333334,0.6222222222222058,0.61388888888888,0.6555555555555657,0.9491525423728416,33.333333333333336,0
569,367.9222222222222,0.61388888888888,0.6277777777777942,0.6555555555555657,0.9364406779660738,36.111111111111114,0
570,368.55,0.6277777777777942,0.6305555555555316,0.6555555555555657,0.9576271186440781,33.333333333333336,0
571,369.18055555555554,0.6305555555555316,0.6583333333333599,0.6555555555555657,0.9618644067796096,38.888888888888886,0
572,369.8388888888889,0.6583333333333599,0.6666666666666288,0.6555555555555657,1.0042372881356183,36.111111111111114,0
573,370.50555555555553,0.6666666666666288,0.6500000000000341,0.6555555555555657,1.0169491525422993,36.111111111111114,0
574,371.15555555555557,0.6500000000000341,0.6499999999999773,0.6555555555555657,0.9915254237288503,36.111111111111114,0
575,371.80555555555554,0.6499999999999773,0.6277777777777942,0.6555555555555657,0.9915254237287636,33.333333333333336,0
576,372.43333333333334,0.6277777777777942,0.625,0.6555555555555657,0.9576271186440781,33.333333333333336,0
577,373.05833333333334,0.625,0.6416666666666515,0.6555555555555657,0.9533898305084599,33.333333333333336,0
578,373.7,0.6416666666666515,0.6638888888888914,0.6555555555555657,0.9788135593219957,33.333333333333336,0
579,374.3638888888889,0.6638888888888914,0.7111111111111086,0.6555555555555657,1.0127118644067679,33.333333333333336,0
580,375.075,0.7111111111111086,0.6861111111111313,0.6555555555555657,1.0847457627118438,36.111111111111114,0
581,375.7611111111111,0.6861111111111313,0.658333333333303,0.6555555555555657,1.0466101694915402,33.333333333333336,0
582,376.4194444444444,0.658333333333303,0.6388888888889142,0.6555555555555657,1.0042372881355315,36.111111111111114,0
583,377.05833333333334,0.6388888888889142,0.6333333333333258,0.6555555555555657,0.9745762711864642,36.111111111111114,0
584,377.69166666666666,0.6333333333333258,0.61388888888888,0.6555555555555657,0.9661016949152278,33.333333333333336,0
585,378.30555555555554,0.61388888888888,0.6111111111111427,0.6555555555555657,0.9364406779660738,36.111111111111114,0
586,378.9166666666667,0.6111111111111427,0.5972222222222285,0.6555555555555657,0.9322033898305423,33.333333333333336,0
587,379.5138888888889,0.5972222222222285,0.5861111111111086,0.6555555555555657,0.911016949152538,33.333333333333336,0
588,380.1,0.5861111111111086,0.6111111111110858,0.6555555555555657,0.8940677966101519,33.333333333333336,0
589,380.7111111111111,0.6111111111110858,0.6805555555555429,0.6555555555555657,0.9322033898304556,33.333333333333336,0
590,381.39166666666665,0.6805555555555429,0.6944444444444571,0.6555555555555657,1.0381355932203038,36.111111111111114,0
591,382.0861111111111,0.6944444444444571,0.6750000000000114,0.6555555555555657,1.059322033898308,33.333333333333336,0
592,382.7611111111111,0.6750000000000114,0.669444444444423,0.6555555555555657,1.029661016949154,36.111111111111114,0
593,383.43055555555554,0.669444444444423,0.6638888888888914,0.6555555555555657,1.0211864406779176,33.333333333333336,0
594,384.09444444444443,0.6638888888888914,0.6388888888889142,0.6555555555555657,1.0127118644067679,36.111111111111114,0
595,384.73333333333335,0.6388888888889142,0.6083333333332916,0.6555555555555657,0.9745762711864642,33.333333333333336,0
596,385.34166666666664,0.6083333333332916,0.6222222222222626,0.6555555555555657,0.9279661016948374,33.333333333333336,0
597,385.9638888888889,0.6222222222222626,0.6555555555555657,0.6555555555555657,0.9491525423729283,33.333333333333336,0
598,386.61944444444447,0.6555555555555657,0.6388888888888573,0.6555555555555657,1.0,33.333333333333336,0
599,387.2583333333333,0.6388888888888573,0.6472222222222399,0.6555555555555657,0.9745762711863775,33.333333333333336,0
600,387.90555555555557,0.6472222222222399,0.6666666666666288,0.6555555555555657,0.9872881355932321,36.111111111111114,0
601,388.5722222222222,0.6666666666666288,0.7000000000000455,0.6555555555555657,1.0169491525422993,33.333333333333336,0
602,389.27222222222224,0.7000000000000455,0.6527777777777715,0.6555555555555657,1.0677966101695444,36.111111111111114,0
603,389.925,0.6527777777777715,0.6277777777777942,0.6555555555555657,0.9957627118643818,33.333333333333336,0
604,390.5527777777778,0.6277777777777942,0.61388888888888,0.6555555555555657,0.9576271186440781,33.333333333333336,0
605,391.1666666666667,0.61388888888888,0.6416666666666515,0.6555555555555657,0.9364406779660738,36.111111111111114,0
606,391.80833333333334,0.6416666666666515,0.6416666666666515,0.6555555555555657,0.9788135593219957,33.333333333333336,0
607,392.45,0.6416666666666515,0.6388888888889142,0.6555555555555657,0.9788135593219957,33.333333333333336,0
608,393.0888888888889,0.6388888888889142,0.6944444444444571,0.6555555555555657,0.9745762711864642,36.111111111111114,0
609,393.78333333333336,0.6944444444444571,0.6999999999999886,0.6555555555555657,1.059322033898308,36.111111111111114,0
610,394.48333333333335,0.6999999999999886,0.669444444444423,0.6555555555555657,1.0677966101694578,33.333333333333336,0
611,395.15277777777777,0.669444444444423,0.6777777777778056,0.6555555555555657,1.0211864406779176,33.333333333333336,0
612,395.8305555555556,0.6777777777778056,0.6777777777777487,0.6555555555555657,1.0338983050847723,33.333333333333336,0
613,396.5083333333333,0.6777777777777487,0.6666666666666856,0.6555555555555657,1.0338983050846855,36.111111111111114,0
614,397.175,0.6666666666666856,0.6444444444444457,0.6555555555555657,1.0169491525423862,33.333333333333336,0
615,397.81944444444446,0.6444444444444457,0.63611111111112,0.6555555555555657,0.9830508474576138,33.333333333333336,0
616,398.4555555555556,0.63611111111112,0.6305555555555316,0.6555555555555657,0.970338983050846,33.333333333333336,0
617,399.0861111111111,0.6305555555555316,0.6638888888888914,0.6555555555555657,0.9618644067796096,30.555555555555557,0
618,399.75,0.6638888888888914,0.6805555555555429,0.6555555555555657,1.0127118644067679,33.333333333333336,0
619,400.43055555555554,0.6805555555555429,0.6444444444444457,0.6555555555555657,1.0381355932203038,33.333333333333336,0
620,401.075,0.6444444444444457,0.6277777777777942,0.6555555555555657,0.9830508474576138,36.111111111111114,0
621,401.7027777777778,0.6277777777777942,0.63611111111112,0.6555555555555657,0.9576271186440781,36.111111111111114,0
622,402.3388888888889,0.63611111111112,0.6305555555555316,0.6555555555555657,0.970338983050846,33.333333333333336,0
623,402.96944444444443,0.6305555555555316,0.6305555555555884,0.6555555555555657,0.9618644067796096,33.333333333333336,0
624,403.6,0.6305555555555884,0.625,0.6555555555555657,0.9618644067796963,33.333333333333336,0
625,404.225,0.625,0.6666666666666288,0.6555555555555657,0.9533898305084599,33.333333333333336,0
626,404.89166666666665,0.6666666666666288,0.7138888888889028,0.6555555555555657,1.0169491525422993,33.333333333333336,0
627,405.60555555555555,0.7138888888889028,0.6861111111111313,0.6555555555555657,1.088983050847462,36.111111111111114,0
628,406.2916666666667,0.6861111111111313,0.669444444444423,0.6555555555555657,1.0466101694915402,33.333333333333336,0
629,406.9611111111111,0.669444444444423,0.669444444444423,0.6555555555555657,1.0211864406779176,33.333333333333336,0
630,407.63055555555553,0.669444444444423,0.6444444444444457,0.6555555555555657,1.0211864406779176,33.333333333333336,0
631,408.275,0.6444444444444457,0.6000000000000227,0.6555555555555657,0.9830508474576138,33.333333333333336,0
632,408.875,0.6000000000000227,0.61388888888888,0.6555555555555657,0.9152542372881561,33.333333333333336,0
633,409.4888888888889,0.61388888888888,0.6388888888889142,0.6555555555555657,0.9364406779660738,33.333333333333336,0
634,410.1277777777778,0.6388888888889142,0.6638888888888914,0.6555555555555657,0.9745762711864642,33.333333333333336,0
635,410.7916666666667,0.6638888888888914,0.658333333333303,0.6555555555555657,1.0127118644067679,33.333333333333336,0
636,411.45,0.658333333333303,0.6638888888888914,0.6555555555555657,1.0042372881355315,33.333333333333336,0
637,412.1138888888889,0.6638888888888914,0.6805555555555429,0.6555555555555657,1.0127118644067679,33.333333333333336,0
638,412.7944444444444,0.6805555555555429,0.6583333333333599,0.6555555555555657,1.0381355932203038,33.333333333333336,0
639,413.4527777777778,0.6583333333333599,0.6194444444444116,0.6555555555555657,1.0042372881356183,36.111111111111114,0
640,414.0722222222222,0.6194444444444116,0.6083333333333485,0.6555555555555657,0.9449152542372234,33.333333333333336,0
641,414.68055555555554,0.6083333333333485,0.5722222222222513,0.6555555555555657,0.9279661016949241,36.111111111111114,0
642,415.2527777777778,0.5722222222222513,0.5722222222221944,0.6555555555555657,0.8728813559322343,30.555555555555557,0
643,415.825,0.5722222222221944,0.591666666666697,0.6555555555555657,0.8728813559321476,33.333333333333336,0
644,416.4166666666667,0.591666666666697,0.5999999999999659,0.6555555555555657,0.9025423728813883,33.333333333333336,0
645,417.01666666666665,0.5999999999999659,0.6444444444444457,0.6555555555555657,0.9152542372880694,33.333333333333336,0
646,417.6611111111111,0.6444444444444457,0.63611111111112,0.6555555555555657,0.9830508474576138,38.888888888888886,0
647,418.2972222222222,0.63611111111112,0.6166666666666742,0.6555555555555657,0.970338983050846,36.111111111111114,0
648,418.9138888888889,0.6166666666666742,0.6277777777777942,0.6555555555555657,0.940677966101692,33.333333333333336,0
649,419.5416666666667,0.6277777777777942,0.6083333333332916,0.6555555555555657,0.9576271186440781,36.111111111111114,0
650,420.15,0.6083333333332916,0.5888888888889028,0.6555555555555657,0.9279661016948374,33.333333333333336,0
651,420.7388888888889,0.5888888888889028,0.5944444444444343,0.6555555555555657,0.8983050847457701,33.333333333333336,0
652,421.3333333333333,0.5944444444444343,0.5972222222222285,0.6555555555555657,0.9067796610169198,30.555555555555557,0
653,421.93055555555554,0.5972222222222285,0.5944444444444343,0.6555555555555657,0.911016949152538,33.333333333333336,0
654,422.525,0.5944444444444343,0.580555555555577,0.6555555555555657,0.9067796610169198,33.333333333333336,0
655,423.10555555555555,0.580555555555577,0.6027777777777601,0.6555555555555657,0.8855932203390021,33.333333333333336,0
656,423.7083333333333,0.6027777777777601,0.6277777777777942,0.6555555555555657,0.9194915254236876,33.333333333333336,0
657,424.3361111111111,0.6277777777777942,0.6277777777777942,0.6555555555555657,0.9576271186440781,36.111111111111114,0
658,424.9638888888889,0.6277777777777942,0.6194444444444116,0.6555555555555657,0.9576271186440781,36.111111111111114,0
659,425.5833333333333,0.6194444444444116,0.5888888888889028,0.6555555555555657,0.9449152542372234,33.333333333333336,0
660,426.1722222222222,0.5888888888889028,0.5861111111111086,0.6555555555555657,0.8983050847457701,33.333333333333336,0
661,426.7583333333333,0.5861111111111086,0.5777777777777828,0.6555555555555657,0.8940677966101519,30.555555555555557,0
662,427.3361111111111,0.5777777777777828,0.5749999999999886,0.6555555555555657,0.8813559322033839,30.555555555555557,0
663,427.9111111111111,0.5749999999999886,0.5722222222222513,0.6555555555555657,0.8771186440677657,33.333333333333336,0
664,428.48333333333335,0.5722222222222513,0.6083333333332916,0.6555555555555657,0.8728813559322343,36.111111111111114,0
665,429.09166666666664,0.6083333333332916,0.6666666666666856,0.6555555555555657,0.9279661016948374,36.111111111111114,0
666,429.7583333333333,0.6666666666666856,0.6750000000000114,0.6555555555555657,1.0169491525423862,36.111111111111114,0
667,430.43333333333334,0.6750000000000114,0.6750000000000114,0.6555555555555657,1.029661016949154,36.111111111111114,0
668,431.10833333333335,0.6750000000000114,0.6444444444444457,0.6555555555555657,1.029661016949154,33.333333333333336,0
669,431.7527777777778,0.6444444444444457,0.5972222222222285,0.6555555555555657,0.9830508474576138,33.333333333333336,0
670,432.35,0.5972222222222285,0.5805555555555202,0.6555555555555657,0.911016949152538,33.333333333333336,0
671,432.93055555555554,0.5805555555555202,0.5722222222222513,0.6555555555555657,0.8855932203389154,30.555555555555557,0
672,433.5027777777778,0.5722222222222513,0.5666666666666629,0.6555555555555657,0.8728813559322343,33.333333333333336,0
673,434.06944444444446,0.5666666666666629,0.5861111111111086,0.6555555555555657,0.8644067796609979,30.555555555555557,0
674,434.65555555555557,0.5861111111111086,0.5777777777777828,0.6555555555555657,0.8940677966101519,33.333333333333336,0
675,435.23333333333335,0.5777777777777828,0.6083333333332916,0.6555555555555657,0.8813559322033839,33.333333333333336,0
676,435.84166666666664,0.6083333333332916,0.6111111111111427,0.6555555555555657,0.9279661016948374,33.333333333333336,0
677,436.4527777777778,0.6111111111111427,0.63611111111112,0.6555555555555657,0.9322033898305423,36.111111111111114,0
678,437.0888888888889,0.63611111111112,0.6388888888888573,0.6555555555555657,0.970338983050846,33.333333333333336,0
679,437.72777777777776,0.6388888888888573,0.61388888888888,0.6555555555555657,0.9745762711863775,36.111111111111114,0
680,438.34166666666664,0.61388888888888,0.6111111111111427,0.6555555555555657,0.9364406779660738,33.333333333333336,0
681,438.9527777777778,0.6111111111111427,0.5861111111111086,0.6555555555555657,0.9322033898305423,30.555555555555557,0
682,439.5388888888889,0.5861111111111086,0.6055555555555543,0.6555555555555657,0.8940677966101519,33.333333333333336,0
683,440.14444444444445,0.6055555555555543,0.625,0.6555555555555657,0.9237288135593059,33.333333333333336,0
684,440.76944444444445,0.625,0.6305555555555316,0.6555555555555657,0.9533898305084599,30.555555555555557,0
685,441.4,0.6305555555555316,0.6500000000000341,0.6555555555555657,0.9618644067796096,33.333333333333336,0
686,442.05,0.6500000000000341,0.6444444444444457,0.6555555555555657,0.9915254237288503,33.333333333333336,0
687,442.69444444444446,0.6444444444444457,0.6444444444444457,0.6555555555555657,0.9830508474576138,36.111111111111114,0
688,443.3388888888889,0.6444444444444457,0.6277777777777374,0.6555555555555657,0.9830508474576138,33.333333333333336,0
689,443.96666666666664,0.6277777777777374,0.5888888888889028,0.6555555555555657,0.9576271186439914,36.111111111111114,0
690,444.55555555555554,0.5888888888889028,0.5888888888889028,0.6555555555555657,0.8983050847457701,33.333333333333336,0
691,445.14444444444445,0.5888888888889028,0.5972222222222285,0.6555555555555657,0.8983050847457701,36.111111111111114,0
692,445.7416666666667,0.5972222222222285,0.5972222222222285,0.6555555555555657,0.911016949152538,36.111111111111114,0
693,446.3388888888889,0.5972222222222285,0.6277777777777374,0.6555555555555657,0.911016949152538,33.333333333333336,0
694,446.96666666666664,0.6277777777777374,0.6111111111111427,0.6555555555555657,0.9576271186439914,33.333333333333336,0
695,447.5777777777778,0.6111111111111427,0.63611111111112,0.6555555555555657,0.9322033898305423,36.111111111111114,0
696,448.2138888888889,0.63611111111112,0.6499999999999773,0.6555555555555657,0.970338983050846,33.333333333333336,0
697,448.8638888888889,0.6499999999999773,0.625,0.6555555555555657,0.9915254237287636,33.333333333333336,0
698,449.4888888888889,0.625,0.6222222222222058,0.6555555555555657,0.9533898305084599,36.111111111111114,0
699,450.1111111111111,0.6222222222222058,0.6027777777778169,0.6555555555555657,0.9491525423728416,36.111111111111114,0
700,450.7138888888889,0.6027777777778169,0.5972222222222285,0.6555555555555657,0.9194915254237743,33.333333333333336,0
701,451.31111111111113,0.5972222222222285,0.6083333333332916,0.6555555555555657,0.911016949152538,33.333333333333336,0
702,451.9194444444444,0.6083333333332916,0.5944444444444912,0.6555555555555657,0.9279661016948374,36.111111111111114,0
703,452.5138888888889,0.5944444444444912,0.6166666666666174,0.6555555555555657,0.9067796610170065,30.555555555555557,0
704,453.13055555555553,0.6166666666666174,0.6416666666667084,0.6555555555555657,0.9406779661016053,36.111111111111114,0
705,453.77222222222224,0.6416666666667084,0.6472222222221831,0.6555555555555657,0.9788135593220824,38.888888888888886,0
706,454.4194444444444,0.6472222222221831,0.63611111111112,0.6555555555555657,0.9872881355931454,33.333333333333336,0
707,455.05555555555554,0.63611111111112,0.5972222222222285,0.6555555555555657,0.970338983050846,36.111111111111114,0
708,455.65277777777777,0.5972222222222285,0.6111111111111427,0.6555555555555657,0.911016949152538,33.333333333333336,0
709,456.2638888888889,0.6111111111111427,0.6055555555555543,0.6555555555555657,0.9322033898305423,30.555555555555557,0
710,456.86944444444447,0.6055555555555543,0.5944444444444343,0.6555555555555657,0.9237288135593059,36.111111111111114,0
711,457.4638888888889,0.5944444444444343,0.6111111111110858,0.6555555555555657,0.9067796610169198,33.333333333333336,0
712,458.075,0.6111111111110858,0.625,0.6555555555555657,0.9322033898304556,30.555555555555557,0
713,458.7,0.625,0.6472222222222399,0.6555555555555657,0.9533898305084599,33.333333333333336,0
714,459.34722222222223,0.6472222222222399,0.6666666666666856,0.6555555555555657,0.9872881355932321,36.111111111111114,0
715,460.0138888888889,0.6666666666666856,0.6277777777777374,0.6555555555555657,1.0169491525423862,36.111111111111114,0
716,460.64166666666665,0.6277777777777374,0.6388888888889142,0.6555555555555657,0.9576271186439914,33.333333333333336,0
717,461.28055555555557,0.6388888888889142,0.6444444444444457,0.6555555555555657,0.9745762711864642,36.111111111111114,0
718,461.925,0.6444444444444457,0.6083333333333485,0.6555555555555657,0.9830508474576138,36.111111111111114,0
719,462.53333333333336,0.6083333333333485,0.5972222222221717,0.6555555555555657,0.9279661016949241,33.333333333333336,0
720,463.13055555555553,0.5972222222221717,0.5972222222222285,0.6555555555555657,0.9110169491524512,36.111111111111114,0
721,463.72777777777776,0.5972222222222285,0.6277777777777942,0.6555555555555657,0.911016949152538,33.333333333333336,0
722,464.35555555555555,0.6277777777777942,0.6388888888889142,0.6555555555555657,0.9576271186440781,30.555555555555557,0
723,464.99444444444447,0.6388888888889142,0.6277777777777374,0.6555555555555657,0.9745762711864642,33.333333333333336,0
724,465.6222222222222,0.6277777777777374,0.6777777777778056,0.6555555555555657,0.9576271186439914,36.111111111111114,0
725,466.3,0.6777777777778056,0.6750000000000114,0.6555555555555657,1.0338983050847723,36.111111111111114,0
726,466.975,0.6750000000000114,0.6416666666666515,0.6555555555555657,1.029661016949154,36.111111111111114,0
727,467.6166666666667,0.6416666666666515,0.6333333333333258,0.6555555555555657,0.9788135593219957,33.333333333333336,0
728,468.25,0.6333333333333258,0.6222222222222058,0.6555555555555657,0.9661016949152278,33.333333333333336,0
729,468.8722222222222,0.6222222222222058,0.61388888888888,0.6555555555555657,0.9491525423728416,33.333333333333336,0
730,469.4861111111111,0.61388888888888,0.6194444444444684,0.6555555555555657,0.9364406779660738,33.333333333333336,0
731,470.10555555555555,0.6194444444444684,0.6388888888889142,0.6555555555555657,0.9449152542373102,36.111111111111114,0
732,470.74444444444447,0.6388888888889142,0.6833333333333371,0.6555555555555657,0.9745762711864642,33.333333333333336,0
733,471.4277777777778,0.6833333333333371,0.6777777777777487,0.6555555555555657,1.0423728813559219,30.555555555555557,0
734,472.10555555555555,0.6777777777777487,0.6666666666666856,0.6555555555555657,1.0338983050846855,33.333333333333336,0
735,472.77222222222224,0.6666666666666856,0.6611111111110972,0.6555555555555657,1.0169491525423862,33.333333333333336,0
736,473.43333333333334,0.6611111111110972,0.6499999999999773,0.6555555555555657,1.0084745762711498,33.333333333333336,0
737,474.0833333333333,0.6499999999999773,0.6083333333333485,0.6555555555555657,0.9915254237287636,36.111111111111114,0
738,474.69166666666666,0.6083333333333485,0.5944444444444343,0.6555555555555657,0.9279661016949241,33.333333333333336,0
739,475.2861111111111,0.5944444444444343,0.5861111111111086,0.6555555555555657,0.9067796610169198,33.333333333333336,0
740,475.8722222222222,0.5861111111111086,0.591666666666697,0.6555555555555657,0.8940677966101519,33.333333333333336,0
741,476.4638888888889,0.591666666666697,0.6055555555555543,0.6555555555555657,0.9025423728813883,33.333333333333336,0
742,477.06944444444446,0.6055555555555543,0.6555555555555657,0.6555555555555657,0.9237288135593059,33.333333333333336,0
743,477.725,0.6555555555555657,0.7305555555555543,0.6555555555555657,1.0,36.111111111111114,0
744,478.4555555555556,0.7305555555555543,0.7333333333332916,0.6555555555555657,1.1144067796609978,36.111111111111114,0
745,479.18888888888887,0.7333333333332916,0.6416666666667084,0.6555555555555657,1.1186440677965293,33.333333333333336,0
746,479.8305555555556,0.6416666666667084,0.5999999999999659,0.6555555555555657,0.9788135593220824,41.666666666666664,0
747,480.43055555555554,0.5999999999999659,0.591666666666697,0.6555555555555657,0.9152542372880694,33.333333333333336,0
748,481.02222222222224,0.591666666666697,0.5777777777777828,0.6555555555555657,0.9025423728813883,33.333333333333336,0
749,481.6,0.5777777777777828,0.5944444444444343,0.6555555555555657,0.8813559322033839,36.111111111111114,0
750,482.19444444444446,0.5944444444444343,0.6277777777777374,0.6555555555555657,0.9067796610169198,30.555555555555557,0
751,482.8222222222222,0.6277777777777374,0.6555555555555657,0.6555555555555657,0.9576271186439914,36.111111111111114,0
752,483.47777777777776,0.6555555555555657,0.6861111111111313,0.6555555555555657,1.0,36.111111111111114,0
753,484.1638888888889,0.6861111111111313,0.6638888888888914,0.6555555555555657,1.0466101694915402,36.111111111111114,0
754,484.8277777777778,0.6638888888888914,0.6777777777777487,0.6555555555555657,1.0127118644067679,33.333333333333336,0
755,485.50555555555553,0.6777777777777487,0.6916666666666629,0.6555555555555657,1.0338983050846855,33.333333333333336,0
756,486.1972222222222,0.6916666666666629,0.6416666666667084,0.6555555555555657,1.0550847457626897,33.333333333333336,0
757,486.8388888888889,0.6416666666667084,0.61388888888888,0.6555555555555657,0.9788135593220824,33.333333333333336,0
758,487.4527777777778,0.61388888888888,0.6111111111110858,0.6555555555555657,0.9364406779660738,30.555555555555557,0
759,488.06388888888887,0.6111111111110858,0.6416666666667084,0.6555555555555657,0.9322033898304556,33.333333333333336,0
760,488.7055555555556,0.6416666666667084,0.6444444444444457,0.6555555555555657,0.9788135593220824,33.333333333333336,0
761,489.35,0.6444444444444457,0.669444444444423,0.6555555555555657,0.9830508474576138,36.111111111111114,0
762,490.01944444444445,0.669444444444423,0.6722222222222172,0.6555555555555657,1.0211864406779176,33.333333333333336,0
763,490.69166666666666,0.6722222222222172,0.6666666666666856,0.6555555555555657,1.0254237288135357,33.333333333333336,0
764,491.35833333333335,0.6666666666666856,0.6833333333333371,0.6555555555555657,1.0169491525423862,36.111111111111114,0
765,492.0416666666667,0.6833333333333371,0.6472222222221831,0.6555555555555657,1.0423728813559219,33.333333333333336,0
766,492.68888888888887,0.6472222222221831,0.6472222222222399,0.6555555555555657,0.9872881355931454,33.333333333333336,0
767,493.3361111111111,0.6472222222222399,0.6416666666666515,0.6555555555555657,0.9872881355932321,33.333333333333336,0
768,493.97777777777776,0.6416666666666515,0.6444444444444457,0.6555555555555657,0.9788135593219957,36.111111111111114,0
769,494.6222222222222,0.6444444444444457,0.6583333333333599,0.6555555555555657,0.9830508474576138,36.111111111111114,0
770,495.28055555555557,0.6583333333333599,0.6527777777777715,0.6555555555555657,1.0042372881356183,33.333333333333336,0
771,495.93333333333334,0.6527777777777715,0.6499999999999773,0.6555555555555657,0.9957627118643818,36.111111111111114,0
772,496.5833333333333,0.6499999999999773,0.6527777777777715,0.6555555555555657,0.9915254237287636,36.111111111111114,0
773,497.2361111111111,0.6527777777777715,0.6416666666667084,0.6555555555555657,0.9957627118643818,36.111111111111114,0
774,497.8777777777778,0.6416666666667084,0.61388888888888,0.6555555555555657,0.9788135593220824,36.111111111111114,0
775,498.4916666666667,0.61388888888888,0.6222222222222058,0.6555555555555657,0.9364406779660738,33.333333333333336,0
776,499.1138888888889,0.6222222222222058,0.6527777777777715,0.6555555555555657,0.9491525423728416,33.333333333333336,0
777,499.76666666666665,0.6527777777777715,0.6527777777777715,0.6555555555555657,0.9957627118643818,33.333333333333336,0
778,500.4194444444444,0.6527777777777715,0.6694444444444798,0.6555555555555657,0.9957627118643818,33.333333333333336,0
779,501.0888888888889,0.6694444444444798,0.7055555555555202,0.6555555555555657,1.0211864406780042,38.888888888888886,0
780,501.7944444444444,0.7055555555555202,0.6611111111111541,0.6555555555555657,1.0762711864406074,36.111111111111114,0
781,502.4555555555556,0.6611111111111541,0.6555555555555088,0.6555555555555657,1.0084745762712364,38.888888888888886,0
782,503.1111111111111,0.6555555555555088,0.6277777777777942,0.6555555555555657,0.9999999999999133,33.333333333333336,0
783,503.7388888888889,0.6277777777777942,0.61388888888888,0.6555555555555657,0.9576271186440781,33.333333333333336,0
784,504.35277777777776,0.61388888888888,0.6055555555555543,0.6555555555555657,0.9364406779660738,33.333333333333336,0
785,504.9583333333333,0.6055555555555543,0.5861111111111086,0.6555555555555657,0.9237288135593059,33.333333333333336,0
786,505.5444444444444,0.5861111111111086,0.5972222222222285,0.6555555555555657,0.8940677966101519,36.111111111111114,0
787,506.14166666666665,0.5972222222222285,0.6305555555555884,0.6555555555555657,0.911016949152538,33.333333333333336,0
788,506.77222222222224,0.6305555555555884,0.6416666666666515,0.6555555555555657,0.9618644067796963,33.333333333333336,0
789,507.4138888888889,0.6416666666666515,0.6499999999999773,0.6555555555555657,0.9788135593219957,33.333333333333336,0
790,508.06388888888887,0.6499999999999773,0.6722222222222172,0.6555555555555657,0.9915254237287636,36.111111111111114,0
791,508.7361111111111,0.6722222222222172,0.6944444444444571,0.6555555555555657,1.0254237288135357,36.111111111111114,0
792,509.43055555555554,0.6944444444444571,0.6611111111110972,0.6555555555555657,1.059322033898308,33.333333333333336,0
793,510.09166666666664,0.6611111111110972,0.6444444444444457,0.6555555555555657,1.0084745762711498,33.333333333333336,0
794,510.7361111111111,0.6444444444444457,0.5861111111111086,0.6555555555555657,0.9830508474576138,36.111111111111114,0
795,511.3222222222222,0.5861111111111086,0.580555555555577,0.6555555555555657,0.8940677966101519,33.333333333333336,0
796,511.90277777777777,0.580555555555577,0.5861111111111654,0.6555555555555657,0.8855932203390021,30.555555555555557,0
797,512.4888888888889,0.5861111111111654,0.5833333333332575,0.6555555555555657,0.8940677966102386,36.111111111111114,0
798,513.0722222222222,0.5833333333332575,0.6000000000000227,0.6555555555555657,0.8898305084744469,33.333333333333336,0
799,513.6722222222222,0.6000000000000227,0.6055555555556111,0.6555555555555657,0.9152542372881561,36.111111111111114,0
800,514.2777777777778,0.6055555555556111,0.6333333333333258,0.6555555555555657,0.9237288135593926,36.111111111111114,0
801,514.9111111111112,0.6333333333333258,0.622222222222149,0.6555555555555657,0.9661016949152278,36.111111111111114,0
802,515.5333333333333,0.622222222222149,0.625,0.6555555555555657,0.9491525423727549,33.333333333333336,0
803,516.1583333333333,0.625,0.6750000000000682,0.6555555555555657,0.9533898305084599,33.333333333333336,0
804,516.8333333333334,0.6750000000000682,0.7138888888888459,0.6555555555555657,1.0296610169492406,33.333333333333336,0
805,517.5472222222222,0.7138888888888459,0.6722222222222172,0.6555555555555657,1.0889830508473752,36.111111111111114,0
806,518.2194444444444,0.6722222222222172,0.6944444444444571,0.6555555555555657,1.0254237288135357,33.333333333333336,0
807,518.9138888888889,0.6944444444444571,0.6805555555555429,0.6555555555555657,1.059322033898308,33.333333333333336,0
808,519.5944444444444,0.6805555555555429,0.6638888888888914,0.6555555555555657,1.0381355932203038,36.111111111111114,0
809,520.2583333333333,0.6638888888888914,0.6722222222222172,0.6555555555555657,1.0127118644067679,38.888888888888886,0
810,520.9305555555555,0.6722222222222172,0.6972222222221944,0.6555555555555657,1.0254237288135357,36.111111111111114,0
811,521.6277777777777,0.6972222222221944,0.650000000000091,0.6555555555555657,1.0635593220338395,38.888888888888886,0
812,522.2777777777778,0.650000000000091,0.655555555555452,0.6555555555555657,0.991525423728937,33.333333333333336,0
813,522.9333333333333,0.655555555555452,0.6138888888889369,0.6555555555555657,0.9999999999998266,36.111111111111114,0
814,523.5472222222222,0.6138888888889369,0.6527777777778283,0.6555555555555657,0.9364406779661605,36.111111111111114,0
815,524.2,0.6527777777778283,0.7305555555554974,0.6555555555555657,0.9957627118644685,36.111111111111114,0
816,524.9305555555555,0.7305555555554974,0.7527777777777374,0.6555555555555657,1.1144067796609112,36.111111111111114,0
817,525.6833333333333,0.7527777777777374,0.7277777777778738,0.6555555555555657,1.1483050847456833,38.888888888888886,0
818,526.4111111111112,0.7277777777778738,0.7222222222221717,0.6555555555555657,1.110169491525553,38.888888888888886,0
819,527.1333333333333,0.7222222222221717,0.6944444444444571,0.6555555555555657,1.1016949152541433,36.111111111111114,0
820,527.8277777777778,0.6944444444444571,0.7194444444444343,0.6555555555555657,1.059322033898308,36.111111111111114,0
821,528.5472222222222,0.7194444444444343,0.683333333333394,0.6555555555555657,1.0974576271186118,38.888888888888886,0
822,529.2305555555556,0.683333333333394,0.6472222222221262,0.6555555555555657,1.0423728813560087,33.333333333333336,0
823,529.8777777777777,0.6472222222221262,0.6444444444445026,0.6555555555555657,0.9872881355930587,36.111111111111114,0
824,530.5222222222222,0.6444444444445026,0.6472222222222399,0.6555555555555657,0.9830508474577005,33.333333333333336,0
825,531.1694444444445,0.6472222222222399,0.6666666666666288,0.6555555555555657,0.9872881355932321,38.888888888888886,0
826,531.8361111111111,0.6666666666666288,0.6666666666666288,0.6555555555555657,1.0169491525422993,36.111111111111114,0
827,532.5027777777777,0.6666666666666288,0.6805555555555429,0.6555555555555657,1.0169491525422993,38.888888888888886,0
828,533.1833333333333,0.6805555555555429,0.7027777777777828,0.6555555555555657,1.0381355932203038,38.888888888888886,0
829,533.8861111111111,0.7027777777777828,0.6972222222223081,0.6555555555555657,1.072033898305076,36.111111111111114,0
830,534.5833333333334,0.6972222222223081,0.6833333333332803,0.6555555555555657,1.063559322034013,36.111111111111114,0
831,535.2666666666667,0.6833333333332803,0.6416666666666515,0.6555555555555657,1.0423728813558353,36.111111111111114,0
832,535.9083333333333,0.6416666666666515,0.6527777777778283,0.6555555555555657,0.9788135593219957,36.111111111111114,0
833,536.5611111111111,0.6527777777778283,0.6611111111110404,0.6555555555555657,0.9957627118644685,36.111111111111114,0
834,537.2222222222222,0.6611111111110404,0.7000000000000455,0.6555555555555657,1.008474576271063,36.111111111111114,0
835,537.9222222222222,0.7000000000000455,0.6638888888888914,0.6555555555555657,1.0677966101695444,36.111111111111114,0
836,538.5861111111111,0.6638888888888914,0.6499999999999773,0.6555555555555657,1.0127118644067679,36.111111111111114,0
837,539.2361111111111,0.6499999999999773,0.6527777777778283,0.6555555555555657,0.9915254237287636,38.888888888888886,0
838,539.8888888888889,0.6527777777778283,0.6611111111110404,0.6555555555555657,0.9957627118644685,36.111111111111114,0
839,540.55,0.6611111111110404,0.6888888888889824,0.6555555555555657,1.008474576271063,38.888888888888886,0
840,541.2388888888889,0.6888888888889824,0.691666666666606,0.6555555555555657,1.050847457627245,36.111111111111114,0
841,541.9305555555555,0.691666666666606,0.6638888888888914,0.6555555555555657,1.0550847457626031,36.111111111111114,0
842,542.5944444444444,0.6638888888888914,0.6444444444445026,0.6555555555555657,1.0127118644067679,36.111111111111114,0
843,543.2388888888889,0.6444444444445026,0.6388888888888005,0.6555555555555657,0.9830508474577005,36.111111111111114,0
844,543.8777777777777,0.6388888888888005,0.6555555555555657,0.6555555555555657,0.9745762711862908,36.111111111111114,0
845,544.5333333333333,0.6555555555555657,0.6416666666666515,0.6555555555555657,1.0,36.111111111111114,0
846,545.175,0.6416666666666515,0.625,0.6555555555555657,0.9788135593219957,36.111111111111114,0
847,545.8,0.625,0.627777777777851,0.6555555555555657,0.9533898305084599,36.111111111111114,0
848,546.4277777777778,0.627777777777851,0.6472222222222399,0.6555555555555657,0.9576271186441648,36.111111111111114,0
849,547.075,0.6472222222222399,0.6166666666666742,0.6555555555555657,0.9872881355932321,33.333333333333336,0
850,547.6916666666667,0.6166666666666742,0.625,0.6555555555555657,0.940677966101692,36.111111111111114,0
851,548.3166666666667,0.625,0.6638888888888914,0.6555555555555657,0.9533898305084599,36.111111111111114,0
852,548.9805555555556,0.6638888888888914,0.7138888888888459,0.6555555555555657,1.0127118644067679,36.111111111111114,0
853,549.6944444444445,0.7138888888888459,0.6999999999999318,0.6555555555555657,1.0889830508473752,38.888888888888886,0
854,550.3944444444444,0.6999999999999318,0.683333333333394,0.6555555555555657,1.067796610169371,36.111111111111114,0
855,551.0777777777778,0.683333333333394,0.6472222222222399,0.6555555555555657,1.0423728813560087,36.111111111111114,0
856,551.725,0.6472222222222399,0.622222222222149,0.6555555555555657,0.9872881355932321,36.111111111111114,0
857,552.3472222222222,0.622222222222149,0.5861111111111086,0.6555555555555657,0.9491525423727549,33.333333333333336,0
858,552.9333333333333,0.5861111111111086,0.5833333333333712,0.6555555555555657,0.8940677966101519,33.333333333333336,0
859,553.5166666666667,0.5833333333333712,0.6027777777777601,0.6555555555555657,0.8898305084746203,36.111111111111114,0
860,554.1194444444444,0.6027777777777601,0.6194444444445253,0.6555555555555657,0.9194915254236876,36.111111111111114,0
861,554.7388888888889,0.6194444444445253,0.625,0.6555555555555657,0.9449152542373969,36.111111111111114,0
862,555.3638888888889,0.625,0.622222222222149,0.6555555555555657,0.9533898305084599,36.111111111111114,0
863,555.9861111111111,0.622222222222149,0.6611111111111541,0.6555555555555657,0.9491525423727549,33.333333333333336,0
864,556.6472222222222,0.6611111111111541,0.6888888888888687,0.6555555555555657,1.0084745762712364,36.111111111111114,0
865,557.3361111111111,0.6888888888888687,0.6861111111111313,0.6555555555555657,1.0508474576270717,33.333333333333336,0
866,558.0222222222222,0.6861111111111313,0.6416666666666515,0.6555555555555657,1.0466101694915402,36.111111111111114,0
867,558.6638888888889,0.6416666666666515,0.6361111111110631,0.6555555555555657,0.9788135593219957,33.333333333333336,0
868,559.3,0.6361111111110631,0.5805555555556339,0.6555555555555657,0.9703389830507593,30.555555555555557,0
869,559.8805555555556,0.5805555555556339,0.5777777777777828,0.6555555555555657,0.8855932203390888,33.333333333333336,0
870,560.4583333333334,0.5777777777777828,0.5916666666665833,0.6555555555555657,0.8813559322033839,33.333333333333336,0
871,561.05,0.5916666666665833,0.5972222222222854,0.6555555555555657,0.9025423728812149,36.111111111111114,0
872,561.6472222222222,0.5972222222222854,0.625,0.6555555555555657,0.9110169491526247,36.111111111111114,0
873,562.2722222222222,0.625,0.6333333333333258,0.6555555555555657,0.9533898305084599,36.111111111111114,0
874,562.9055555555556,0.6333333333333258,0.6194444444444116,0.6555555555555657,0.9661016949152278,33.333333333333336,0
875,563.525,0.6194444444444116,0.6138888888889369,0.6555555555555657,0.9449152542372234,36.111111111111114,0
876,564.1388888888889,0.6138888888889369,0.6111111111110858,0.6555555555555657,0.9364406779661605,36.111111111111114,0
877,564.75,0.6111111111110858,0.6361111111110631,0.6555555555555657,0.9322033898304556,33.333333333333336,0
878,565.3861111111111,0.6361111111110631,0.6527777777778283,0.6555555555555657,0.9703389830507593,33.333333333333336,0
879,566.0388888888889,0.6527777777778283,0.6527777777778283,0.6555555555555657,0.9957627118644685,36.111111111111114,0
880,566.6916666666667,0.6527777777778283,0.6638888888888914,0.6555555555555657,0.9957627118644685,33.333333333333336,0
881,567.3555555555556,0.6638888888888914,0.6666666666666288,0.6555555555555657,1.0127118644067679,33.333333333333336,0
882,568.0222222222222,0.6666666666666288,0.6749999999999545,0.6555555555555657,1.0169491525422993,36.111111111111114,0
883,568.6972222222222,0.6749999999999545,0.6583333333334167,0.6555555555555657,1.0296610169490672,33.333333333333336,0
884,569.3555555555556,0.6583333333334167,0.6277777777777374,0.6555555555555657,1.004237288135705,36.111111111111114,0
885,569.9833333333333,0.6277777777777374,0.6277777777777374,0.6555555555555657,0.9576271186439914,33.333333333333336,0
886,570.6111111111111,0.6277777777777374,0.6111111111110858,0.6555555555555657,0.9576271186439914,33.333333333333336,0
887,571.2222222222222,0.6111111111110858,0.6000000000000227,0.6555555555555657,0.9322033898304556,30.555555555555557,0
888,571.8222222222222,0.6000000000000227,0.627777777777851,0.6555555555555657,0.9152542372881561,30.555555555555557,0
889,572.45,0.627777777777851,0.6416666666666515,0.6555555555555657,0.9576271186441648,33.333333333333336,0
890,573.0916666666667,0.6416666666666515,0.6888888888888687,0.6555555555555657,0.9788135593219957,33.333333333333336,0
891,573.7805555555556,0.6888888888888687,0.6861111111111313,0.6555555555555657,1.0508474576270717,36.111111111111114,0
892,574.4666666666667,0.6861111111111313,0.6472222222222399,0.6555555555555657,1.0466101694915402,33.333333333333336,0
893,575.1138888888889,0.6472222222222399,0.6277777777777374,0.6555555555555657,0.9872881355932321,36.111111111111114,0
894,575.7416666666667,0.6277777777777374,0.5888888888888459,0.6555555555555657,0.9576271186439914,33.333333333333336,0
895,576.3305555555555,0.5888888888888459,0.5722222222223081,0.6555555555555657,0.8983050847456834,36.111111111111114,0
896,576.9027777777778,0.5722222222223081,0.5833333333332575,0.6555555555555657,0.872881355932321,30.555555555555557,0
897,577.4861111111111,0.5833333333332575,0.5750000000000455,0.6555555555555657,0.8898305084744469,33.333333333333336,0
898,578.0611111111111,0.5750000000000455,0.6000000000000227,0.6555555555555657,0.8771186440678524,36.111111111111114,0
899,578.6611111111112,0.6000000000000227,0.6277777777777374,0.6555555555555657,0.9152542372881561,33.333333333333336,0
900,579.2888888888889,0.6277777777777374,0.6305555555555884,0.6555555555555657,0.9576271186439914,36.111111111111114,0
901,579.9194444444445,0.6305555555555884,0.6722222222222172,0.6555555555555657,0.9618644067796963,36.111111111111114,0
902,580.5916666666667,0.6722222222222172,0.6638888888888914,0.6555555555555657,1.0254237288135357,33.333333333333336,0
903,581.2555555555556,0.6638888888888914,0.691666666666606,0.6555555555555657,1.0127118644067679,33.333333333333336,0
904,581.9472222222222,0.691666666666606,0.6472222222222399,0.6555555555555657,1.0550847457626031,33.333333333333336,0
905,582.5944444444444,0.6472222222222399,0.6111111111110858,0.6555555555555657,0.9872881355932321,36.111111111111114,0
906,583.2055555555555,0.6111111111110858,0.5944444444444343,0.6555555555555657,0.9322033898304556,33.333333333333336,0
907,583.8,0.5944444444444343,0.6138888888889369,0.6555555555555657,0.9067796610169198,30.555555555555557,0
908,584.4138888888889,0.6138888888889369,0.6277777777777374,0.6555555555555657,0.9364406779661605,33.333333333333336,0
909,585.0416666666666,0.6277777777777374,0.6361111111111768,0.6555555555555657,0.9576271186439914,38.888888888888886,0
910,585.6777777777778,0.6361111111111768,0.658333333333303,0.6555555555555657,0.9703389830509327,33.333333333333336,0
911,586.3361111111111,0.658333333333303,0.6527777777778283,0.6555555555555657,1.0042372881355315,33.333333333333336,0
912,586.9888888888889,0.6527777777778283,0.6333333333333258,0.6555555555555657,0.9957627118644685,33.333333333333336,0
913,587.6222222222223,0.6333333333333258,0.6055555555554974,0.6555555555555657,0.9661016949152278,36.111111111111114,0
914,588.2277777777778,0.6055555555554974,0.5805555555555202,0.6555555555555657,0.9237288135592192,33.333333333333336,0
915,588.8083333333333,0.5805555555555202,0.6027777777778738,0.6555555555555657,0.8855932203389154,33.333333333333336,0
916,589.4111111111112,0.6027777777778738,0.6138888888888232,0.6555555555555657,0.919491525423861,33.333333333333336,0
917,590.025,0.6138888888888232,0.6055555555556111,0.6555555555555657,0.9364406779659871,33.333333333333336,0
918,590.6305555555556,0.6055555555556111,0.625,0.6555555555555657,0.9237288135593926,33.333333333333336,0
919,591.2555555555556,0.625,0.6472222222222399,0.6555555555555657,0.9533898305084599,33.333333333333336,0
920,591.9027777777778,0.6472222222222399,0.6666666666666288,0.6555555555555657,0.9872881355932321,33.333333333333336,0
921,592.5694444444445,0.6666666666666288,0.6499999999999773,0.6555555555555657,1.0169491525422993,33.333333333333336,0
922,593.2194444444444,0.6499999999999773,0.6277777777777374,0.6555555555555657,0.9915254237287636,33.333333333333336,0
923,593.8472222222222,0.6277777777777374,0.625,0.6555555555555657,0.9576271186439914,33.333333333333336,0
924,594.4722222222222,0.625,0.6000000000000227,0.6555555555555657,0.9533898305084599,33.333333333333336,0
925,595.0722222222222,0.6000000000000227,0.6138888888889369,0.6555555555555657,0.9152542372881561,30.555555555555557,0
926,595.6861111111111,0.6138888888889369,0.658333333333303,0.6555555555555657,0.9364406779661605,33.333333333333336,0
927,596.3444444444444,0.658333333333303,0.6611111111111541,0.6555555555555657,1.0042372881355315,33.333333333333336,0
928,597.0055555555556,0.6611111111111541,0.6472222222222399,0.6555555555555657,1.0084745762712364,33.333333333333336,0
929,597.6527777777778,0.6472222222222399,0.6472222222221262,0.6555555555555657,0.9872881355932321,33.333333333333336,0
930,598.3,0.6472222222221262,0.6166666666666742,0.6555555555555657,0.9872881355930587,36.111111111111114,0
931,598.9166666666666,0.6166666666666742,0.627777777777851,0.6555555555555657,0.940677966101692,33.333333333333336,0
932,599.5444444444445,0.627777777777851,0.5972222222221717,0.6555555555555657,0.9576271186441648,30.555555555555557,0
933,600.1416666666667,0.5972222222221717,0.5972222222222854,0.6555555555555657,0.9110169491524512,36.111111111111114,0
934,600.7388888888889,0.5972222222222854,0.625,0.6555555555555657,0.9110169491526247,33.333333333333336,0
935,601.3638888888889,0.625,0.6472222222221262,0.6555555555555657,0.9533898305084599,33.333333333333336,0
936,602.0111111111111,0.6472222222221262,0.650000000000091,0.6555555555555657,0.9872881355930587,33.333333333333336,0
937,602.6611111111112,0.650000000000091,0.6638888888888914,0.6555555555555657,0.991525423728937,36.111111111111114,0
938,603.325,0.6638888888888914,0.658333333333303,0.6555555555555657,1.0127118644067679,36.111111111111114,0
939,603.9833333333333,0.658333333333303,0.6416666666666515,0.6555555555555657,1.0042372881355315,33.333333333333336,0
940,604.625,0.6416666666666515,0.6472222222222399,0.6555555555555657,0.9788135593219957,36.111111111111114,0
941,605.2722222222222,0.6472222222222399,0.6527777777777146,0.6555555555555657,0.9872881355932321,36.111111111111114,0
942,605.925,0.6527777777777146,0.6166666666666742,0.6555555555555657,0.9957627118642951,36.111111111111114,0
943,606.5416666666666,0.6166666666666742,0.6111111111111995,0.6555555555555657,0.940677966101692,36.111111111111114,0
944,607.1527777777778,0.6111111111111995,0.6027777777777601,0.6555555555555657,0.932203389830629,30.555555555555557,0
945,607.7555555555556,0.6027777777777601,0.6361111111110631,0.6555555555555657,0.9194915254236876,33.333333333333336,0
946,608.3916666666667,0.6361111111110631,0.6361111111111768,0.6555555555555657,0.9703389830507593,33.333333333333336,0
947,609.0277777777778,0.6361111111111768,0.6611111111110404,0.6555555555555657,0.9703389830509327,33.333333333333336,0
948,609.6888888888889,0.6611111111110404,0.683333333333394,0.6555555555555657,1.008474576271063,36.111111111111114,0
949,610.3722222222223,0.683333333333394,0.6888888888888687,0.6555555555555657,1.0423728813560087,33.333333333333336,0
950,611.0611111111111,0.6888888888888687,0.6499999999999773,0.6555555555555657,1.0508474576270717,33.333333333333336,0
951,611.7111111111111,0.6499999999999773,0.6361111111110631,0.6555555555555657,0.9915254237287636,36.111111111111114,0
952,612.3472222222222,0.6361111111110631,0.6166666666666742,0.6555555555555657,0.9703389830507593,33.333333333333336,0
953,612.9638888888888,0.6166666666666742,0.6194444444445253,0.6555555555555657,0.940677966101692,33.333333333333336,0
954,613.5833333333334,0.6194444444445253,0.6083333333333485,0.6555555555555657,0.9449152542373969,33.333333333333336,0
955,614.1916666666667,0.6083333333333485,0.6305555555554747,0.6555555555555657,0.9279661016949241,33.333333333333336,0
956,614.8222222222222,0.6305555555554747,0.6722222222222172,0.6555555555555657,0.9618644067795229,36.111111111111114,0
957,615.4944444444444,0.6722222222222172,0.6722222222222172,0.6555555555555657,1.0254237288135357,36.111111111111114,0
958,616.1666666666666,0.6722222222222172,0.6750000000000682,0.6555555555555657,1.0254237288135357,36.111111111111114,0
959,616.8416666666667,0.6750000000000682,0.6555555555555657,0.6555555555555657,1.0296610169492406,33.333333333333336,0
960,617.4972222222223,0.6555555555555657,0.6611111111110404,0.6555555555555657,1.0,38.888888888888886,0
961,618.1583333333333,0.6611111111110404,0.6555555555555657,0.6555555555555657,1.008474576271063,36.111111111111114,0
962,618.8138888888889,0.6555555555555657,0.6305555555555884,0.6555555555555657,1.0,36.111111111111114,0
963,619.4444444444445,0.6305555555555884,0.6194444444444116,0.6555555555555657,0.9618644067796963,36.111111111111114,0
964,620.0638888888889,0.6194444444444116,0.6305555555555884,0.6555555555555657,0.9449152542372234,30.555555555555557,0
965,620.6944444444445,0.6305555555555884,0.6944444444444571,0.6555555555555657,0.9618644067796963,33.333333333333336,0
966,621.3888888888889,0.6944444444444571,0.7083333333332575,0.6555555555555657,1.059322033898308,33.333333333333336,0
967,622.0972222222222,0.7083333333332575,0.6666666666667425,0.6555555555555657,1.0805084745761389,38.888888888888886,0
968,622.7638888888889,0.6666666666667425,0.6527777777777146,0.6555555555555657,1.0169491525424728,36.111111111111114,0
969,623.4166666666666,0.6527777777777146,0.625,0.6555555555555657,0.9957627118642951,33.333333333333336,0
970,624.0416666666666,0.625,0.6027777777777601,0.6555555555555657,0.9533898305084599,33.333333333333336,0
971,624.6444444444444,0.6027777777777601,0.6138888888889369,0.6555555555555657,0.9194915254236876,36.111111111111114,0
972,625.2583333333333,0.6138888888889369,0.6388888888889142,0.6555555555555657,0.9364406779661605,33.333333333333336,0
973,625.8972222222222,0.6388888888889142,0.6416666666666515,0.6555555555555657,0.9745762711864642,36.111111111111114,0
974,626.5388888888889,0.6416666666666515,0.6472222222222399,0.6555555555555657,0.9788135593219957,36.111111111111114,0
975,627.1861111111111,0.6472222222222399,0.6416666666666515,0.6555555555555657,0.9872881355932321,36.111111111111114,0
976,627.8277777777778,0.6416666666666515,0.6388888888889142,0.6555555555555657,0.9788135593219957,33.333333333333336,0
977,628.4666666666667,0.6388888888889142,0.6527777777777146,0.6555555555555657,0.9745762711864642,33.333333333333336,0
978,629.1194444444444,0.6527777777777146,0.6472222222222399,0.6555555555555657,0.9957627118642951,36.111111111111114,0
979,629.7666666666667,0.6472222222222399,0.6194444444444116,0.6555555555555657,0.9872881355932321,36.111111111111114,0
980,630.3861111111111,0.6194444444444116,0.6083333333333485,0.6555555555555657,0.9449152542372234,33.333333333333336,0
981,630.9944444444444,0.6083333333333485,0.6055555555556111,0.6555555555555657,0.9279661016949241,33.333333333333336,0
982,631.6,0.6055555555556111,0.6416666666666515,0.6555555555555657,0.9237288135593926,30.555555555555557,0
983,632.2416666666667,0.6416666666666515,0.6416666666666515,0.6555555555555657,0.9788135593219957,33.333333333333336,0
984,632.8833333333333,0.6416666666666515,0.6361111111110631,0.6555555555555657,0.9788135593219957,33.333333333333336,0
985,633.5194444444444,0.6361111111110631,0.650000000000091,0.6555555555555657,0.9703389830507593,33.333333333333336,0
986,634.1694444444445,0.650000000000091,0.6499999999999773,0.6555555555555657,0.991525423728937,38.888888888888886,0
987,634.8194444444445,0.6499999999999773,0.6166666666666742,0.6555555555555657,0.9915254237287636,36.111111111111114,0
988,635.4361111111111,0.6166666666666742,0.6055555555554974,0.6555555555555657,0.940677966101692,33.333333333333336,0
989,636.0416666666666,0.6055555555554974,0.5750000000000455,0.6555555555555657,0.9237288135592192,33.333333333333336,0
990,636.6166666666667,0.5750000000000455,0.5722222222221944,0.6555555555555657,0.8771186440678524,33.333333333333336,0
991,637.1888888888889,0.5722222222221944,0.5944444444444343,0.6555555555555657,0.8728813559321476,33.333333333333336,0
992,637.7833333333333,0.5944444444444343,0.6333333333333258,0.6555555555555657,0.9067796610169198,33.333333333333336,0
993,638.4166666666666,0.6333333333333258,0.6694444444444798,0.6555555555555657,0.9661016949152278,33.333333333333336,0
994,639.0861111111111,0.6694444444444798,0.6444444444445026,0.6555555555555657,1.0211864406780042,36.111111111111114,0
995,639.7305555555556,0.6444444444445026,0.6472222222221262,0.6555555555555657,0.9830508474577005,33.333333333333336,0
996,640.3777777777777,0.6472222222221262,0.6916666666667197,0.6555555555555657,0.9872881355930587,36.111111111111114,0
997,641.0694444444445,0.6916666666667197,0.6805555555555429,0.6555555555555657,1.0550847457627766,33.333333333333336,0
998,641.75,0.6805555555555429,0.6527777777778283,0.6555555555555657,1.0381355932203038,33.333333333333336,0
999,642.4027777777778,0.6527777777778283,0.625,0.6555555555555657,0.9957627118644685,33.333333333333336,0
1000,643.0277777777778,0.625,0.5861111111111086,0.6555555555555657,0.9533898305084599,33.333333333333336,0
1001,643.6138888888889,0.5861111111111086,0.5833333333332575,0.6555555555555657,0.8940677966101519,33.333333333333336,0
1002,644.1972222222222,0.5833333333332575,0.5888888888889596,0.6555555555555657,0.8898305084744469,30.555555555555557,0
1003,644.7861111111112,0.5888888888889596,0.6055555555554974,0.6555555555555657,0.8983050847458568,30.555555555555557,0
1004,645.3916666666667,0.6055555555554974,0.6111111111110858,0.6555555555555657,0.9237288135592192,33.333333333333336,0
1005,646.0027777777777,0.6111111111110858,0.5805555555556339,0.6555555555555657,0.9322033898304556,33.333333333333336,0
1006,646.5833333333334,0.5805555555556339,0.5777777777777828,0.6555555555555657,0.8855932203390888,36.111111111111114,0
1007,647.1611111111112,0.5777777777777828,0.5472222222222172,0.6555555555555657,0.8813559322033839,33.333333333333336,0
1008,647.7083333333334,0.5472222222222172,0.5499999999999545,0.6555555555555657,0.8347457627118439,33.333333333333336,0
1009,648.2583333333333,0.5499999999999545,0.5666666666667197,0.6555555555555657,0.8389830508473753,33.333333333333336,0
1010,648.825,0.5666666666667197,0.5749999999999318,0.6555555555555657,0.8644067796610846,33.333333333333336,0
1011,649.4,0.5749999999999318,0.6083333333333485,0.6555555555555657,0.877118644067679,33.333333333333336,0
1012,650.0083333333333,0.6083333333333485,0.6027777777777601,0.6555555555555657,0.9279661016949241,33.333333333333336,0
1013,650.6111111111111,0.6027777777777601,0.6416666666666515,0.6555555555555657,0.9194915254236876,36.111111111111114,0
1014,651.2527777777777,0.6416666666666515,0.6555555555555657,0.6555555555555657,0.9788135593219957,33.333333333333336,0
1015,651.9083333333333,0.6555555555555657,0.6472222222222399,0.6555555555555657,1.0,36.111111111111114,0
1016,652.5555555555555,0.6472222222222399,0.6444444444445026,0.6555555555555657,0.9872881355932321,36.111111111111114,0
1017,653.2,0.6444444444445026,0.6444444444443889,0.6555555555555657,0.9830508474577005,33.333333333333336,0
1018,653.8444444444444,0.6444444444443889,0.6277777777777374,0.6555555555555657,0.9830508474575271,33.333333333333336,0
1019,654.4722222222222,0.6277777777777374,0.5972222222222854,0.6555555555555657,0.9576271186439914,33.333333333333336,0
1020,655.0694444444445,0.5972222222222854,0.6194444444444116,0.6555555555555657,0.9110169491526247,33.333333333333336,0
1021,655.6888888888889,0.6194444444444116,0.6555555555555657,0.6555555555555657,0.9449152542372234,33.333333333333336,0
1022,656.3444444444444,0.6555555555555657,0.6666666666666288,0.6555555555555657,1.0,33.333333333333336,0
1023,657.0111111111111,0.6666666666666288,0.6472222222222399,0.6555555555555657,1.0169491525422993,36.111111111111114,0
1024,657.6583333333333,0.6472222222222399,0.6722222222222172,0.6555555555555657,0.9872881355932321,33.333333333333336,0
1025,658.3305555555555,0.6722222222222172,0.6722222222222172,0.6555555555555657,1.0254237288135357,36.111111111111114,0
1026,659.0027777777777,0.6722222222222172,0.650000000000091,0.6555555555555657,1.0254237288135357,36.111111111111114,0
1027,659.6527777777778,0.650000000000091,0.6305555555554747,0.6555555555555657,0.991525423728937,33.333333333333336,0
1028,660.2833333333333,0.6305555555554747,0.6138888888889369,0.6555555555555657,0.9618644067795229,36.111111111111114,0
1029,660.8972222222222,0.6138888888889369,0.6166666666666742,0.6555555555555657,0.9364406779661605,33.333333333333336,0
1030,661.5138888888889,0.6166666666666742,0.6361111111110631,0.6555555555555657,0.940677966101692,33.333333333333336,0
1031,662.15,0.6361111111110631,0.6472222222222399,0.6555555555555657,0.9703389830507593,36.111111111111114,0
1032,662.7972222222222,0.6472222222222399,0.658333333333303,0.6555555555555657,0.9872881355932321,33.333333333333336,0
1033,663.4555555555555,0.658333333333303,0.6750000000000682,0.6555555555555657,1.0042372881355315,33.333333333333336,0
1034,664.1305555555556,0.6750000000000682,0.6777777777776919,0.6555555555555657,1.0296610169492406,36.111111111111114,0
1035,664.8083333333333,0.6777777777776919,0.683333333333394,0.6555555555555657,1.033898305084599,36.111111111111114,0
1036,665.4916666666667,0.683333333333394,0.6222222222222626,0.6555555555555657,1.0423728813560087,33.333333333333336,0
1037,666.1138888888889,0.6222222222222626,0.6138888888888232,0.6555555555555657,0.9491525423729283,33.333333333333336,0
1038,666.7277777777778,0.6138888888888232,0.627777777777851,0.6555555555555657,0.9364406779659871,33.333333333333336,0
1039,667.3555555555556,0.627777777777851,0.5972222222221717,0.6555555555555657,0.9576271186441648,33.333333333333336,0
1040,667.9527777777778,0.5972222222221717,0.6083333333333485,0.6555555555555657,0.9110169491524512,36.111111111111114,0
1041,668.5611111111111,0.6083333333333485,0.6138888888888232,0.6555555555555657,0.9279661016949241,33.333333333333336,0
1042,669.175,0.6138888888888232,0.6416666666667652,0.6555555555555657,0.9364406779659871,36.111111111111114,0
1043,669.8166666666667,0.6416666666667652,0.658333333333303,0.6555555555555657,0.9788135593221691,36.111111111111114,0
1044,670.475,0.658333333333303,0.6388888888889142,0.6555555555555657,1.0042372881355315,36.111111111111114,0
1045,671.1138888888889,0.6388888888889142,0.6416666666666515,0.6555555555555657,0.9745762711864642,36.111111111111114,0
1046,671.7555555555556,0.6416666666666515,0.6138888888888232,0.6555555555555657,0.9788135593219957,33.333333333333336,0
1047,672.3694444444444,0.6138888888888232,0.6055555555556111,0.6555555555555657,0.9364406779659871,33.333333333333336,0
1048,672.975,0.6055555555556111,0.6194444444444116,0.6555555555555657,0.9237288135593926,33.333333333333336,0
1049,673.5944444444444,0.6194444444444116,0.6138888888889369,0.6555555555555657,0.9449152542372234,30.555555555555557,0
1050,674.2083333333334,0.6138888888889369,0.6333333333333258,0.6555555555555657,0.9364406779661605,33.333333333333336,0
1051,674.8416666666667,0.6333333333333258,0.7027777777777828,0.6555555555555657,0.9661016949152278,36.111111111111114,0
1052,675.5444444444445,0.7027777777777828,0.7027777777777828,0.6555555555555657,1.072033898305076,33.333333333333336,0
1053,676.2472222222223,0.7027777777777828,0.6833333333332803,0.6555555555555657,1.072033898305076,36.111111111111114,0
1054,676.9305555555555,0.6833333333332803,0.6499999999999773,0.6555555555555657,1.0423728813558353,33.333333333333336,0
1055,677.5805555555555,0.6499999999999773,0.6222222222222626,0.6555555555555657,0.9915254237287636,36.111111111111114,0
1056,678.2027777777778,0.6222222222222626,0.5944444444444343,0.6555555555555657,0.9491525423729283,36.111111111111114,0
1057,678.7972222222222,0.5944444444444343,0.5694444444444571,0.6555555555555657,0.9067796610169198,33.333333333333336,0
1058,679.3666666666667,0.5694444444444571,0.5638888888888687,0.6555555555555657,0.8686440677966161,30.555555555555557,0
1059,679.9305555555555,0.5638888888888687,0.5722222222221944,0.6555555555555657,0.8601694915253797,30.555555555555557,0
1060,680.5027777777777,0.5722222222221944,0.6027777777778738,0.6555555555555657,0.8728813559321476,36.111111111111114,0
1061,681.1055555555556,0.6027777777778738,0.6388888888888005,0.6555555555555657,0.919491525423861,33.333333333333336,0
1062,681.7444444444444,0.6388888888888005,0.6638888888888914,0.6555555555555657,0.9745762711862908,36.111111111111114,0
1063,682.4083333333333,0.6638888888888914,0.6750000000000682,0.6555555555555657,1.0127118644067679,38.888888888888886,0
1064,683.0833333333334,0.6750000000000682,0.658333333333303,0.6555555555555657,1.0296610169492406,33.333333333333336,0
1065,683.7416666666667,0.658333333333303,0.6444444444443889,0.6555555555555657,1.0042372881355315,33.333333333333336,0
1066,684.3861111111111,0.6444444444443889,0.6472222222222399,0.6555555555555657,0.9830508474575271,36.111111111111114,0
1067,685.0333333333333,0.6472222222222399,0.6555555555555657,0.6555555555555657,0.9872881355932321,30.555555555555557,0
1068,685.6888888888889,0.6555555555555657,0.6666666666667425,0.6555555555555657,1.0,33.333333333333336,0
1069,686.3555555555556,0.6666666666667425,0.6694444444443661,0.6555555555555657,1.0169491525424728,33.333333333333336,0
1070,687.025,0.6694444444443661,0.658333333333303,0.6555555555555657,1.0211864406778308,36.111111111111114,0
1071,687.6833333333333,0.658333333333303,0.6388888888889142,0.6555555555555657,1.0042372881355315,36.111111111111114,0
1072,688.3222222222222,0.6388888888889142,0.6472222222222399,0.6555555555555657,0.9745762711864642,36.111111111111114,0
1073,688.9694444444444,0.6472222222222399,0.6333333333333258,0.6555555555555657,0.9872881355932321,33.333333333333336,0
1074,689.6027777777778,0.6333333333333258,0.6055555555556111,0.6555555555555657,0.9661016949152278,33.333333333333336,0
1075,690.2083333333334,0.6055555555556111,0.625,0.6555555555555657,0.9237288135593926,33.333333333333336,0
1076,690.8333333333334,0.625,0.625,0.6555555555555657,0.9533898305084599,33.333333333333336,0
1077,691.4583333333334,0.625,0.5972222222221717,0.6555555555555657,0.9533898305084599,33.333333333333336,0
1078,692.0555555555555,0.5972222222221717,0.6444444444445026,0.6555555555555657,0.9110169491524512,33.333333333333336,0
1079,692.7,0.6444444444445026,0.6777777777776919,0.6555555555555657,0.9830508474577005,33.333333333333336,0
1080,693.3777777777777,0.6777777777776919,0.683333333333394,0.6555555555555657,1.033898305084599,36.111111111111114,0
1081,694.0611111111111,0.683333333333394,0.6666666666666288,0.6555555555555657,1.0423728813560087,36.111111111111114,0
1082,694.7277777777778,0.6666666666666288,0.627777777777851,0.6555555555555657,1.0169491525422993,33.333333333333336,0
1083,695.3555555555556,0.627777777777851,0.6055555555554974,0.6555555555555657,0.9576271186441648,36.111111111111114,0
1084,695.9611111111111,0.6055555555554974,0.5722222222221944,0.6555555555555657,0.9237288135592192,33.333333333333336,0
1085,696.5333333333333,0.5722222222221944,0.5500000000000682,0.6555555555555657,0.8728813559321476,33.333333333333336,0
1086,697.0833333333334,0.5500000000000682,0.5611111111110176,0.6555555555555657,0.8389830508475488,33.333333333333336,0
1087,697.6444444444444,0.5611111111110176,0.5722222222223081,0.6555555555555657,0.8559322033896747,33.333333333333336,0
1088,698.2166666666667,0.5722222222223081,0.6138888888888232,0.6555555555555657,0.872881355932321,33.333333333333336,0
1089,698.8305555555555,0.6138888888888232,0.7277777777777601,0.6555555555555657,0.9364406779659871,36.111111111111114,0
1090,699.5583333333333,0.7277777777777601,0.7555555555555884,0.6555555555555657,1.1101694915253797,33.333333333333336,0
1091,700.3138888888889,0.7555555555555884,0.716666666666697,0.6555555555555657,1.1525423728813882,36.111111111111114,0
1092,701.0305555555556,0.716666666666697,0.6555555555555657,0.6555555555555657,1.0932203389830801,36.111111111111114,0
1093,701.6861111111111,0.6555555555555657,0.6527777777777146,0.6555555555555657,1.0,36.111111111111114,0
1094,702.3388888888888,0.6527777777777146,0.6305555555555884,0.6555555555555657,0.9957627118642951,36.111111111111114,0
1095,702.9694444444444,0.6305555555555884,0.6222222222222626,0.6555555555555657,0.9618644067796963,33.333333333333336,0
1096,703.5916666666667,0.6222222222222626,0.5861111111111086,0.6555555555555657,0.9491525423729283,33.333333333333336,0
1097,704.1777777777778,0.5861111111111086,0.6194444444444116,0.6555555555555657,0.8940677966101519,36.111111111111114,0
1098,704.7972222222222,0.6194444444444116,0.6611111111111541,0.6555555555555657,0.9449152542372234,36.111111111111114,0
1099,705.4583333333334,0.6611111111111541,0.6861111111110176,0.6555555555555657,1.0084745762712364,38.888888888888886,0
1100,706.1444444444444,0.6861111111110176,0.6722222222223309,0.6555555555555657,1.0466101694913668,36.111111111111114,0
1101,706.8166666666667,0.6722222222223309,0.6999999999999318,0.6555555555555657,1.0254237288137091,36.111111111111114,0
1102,707.5166666666667,0.6999999999999318,0.6944444444444571,0.6555555555555657,1.067796610169371,36.111111111111114,0
1103,708.2111111111111,0.6944444444444571,0.7222222222221717,0.6555555555555657,1.059322033898308,36.111111111111114,0
1104,708.9333333333333,0.7222222222221717,0.6916666666667197,0.6555555555555657,1.1016949152541433,36.111111111111114,0
1105,709.625,0.6916666666667197,0.6972222222221944,0.6555555555555657,1.0550847457627766,36.111111111111114,0
1106,710.3222222222222,0.6972222222221944,0.6916666666667197,0.6555555555555657,1.0635593220338395,36.111111111111114,0
1107,711.0138888888889,0.6916666666667197,0.6777777777778056,0.6555555555555657,1.0550847457627766,36.111111111111114,0
1108,711.6916666666667,0.6777777777778056,0.6527777777777146,0.6555555555555657,1.0338983050847723,36.111111111111114,0
1109,712.3444444444444,0.6527777777777146,0.6694444444444798,0.6555555555555657,0.9957627118642951,36.111111111111114,0
1110,713.0138888888889,0.6694444444444798,0.6694444444443661,0.6555555555555657,1.0211864406780042,38.888888888888886,0
1111,713.6833333333333,0.6694444444443661,0.6416666666667652,0.6555555555555657,1.0211864406778308,36.111111111111114,0
1112,714.325,0.6416666666667652,0.6194444444444116,0.6555555555555657,0.9788135593221691,36.111111111111114,0
1113,714.9444444444445,0.6194444444444116,0.658333333333303,0.6555555555555657,0.9449152542372234,36.111111111111114,0
1114,715.6027777777778,0.658333333333303,0.6666666666666288,0.6555555555555657,1.0042372881355315,36.111111111111114,0
1115,716.2694444444444,0.6666666666666288,0.6611111111111541,0.6555555555555657,1.0169491525422993,38.888888888888886,0
1116,716.9305555555555,0.6611111111111541,0.6694444444444798,0.6555555555555657,1.0084745762712364,38.888888888888886,0
1117,717.6,0.6694444444444798,0.691666666666606,0.6555555555555657,1.0211864406780042,41.666666666666664,0
1118,718.2916666666666,0.691666666666606,0.6888888888889824,0.6555555555555657,1.0550847457626031,38.888888888888886,0
1119,718.9805555555556,0.6888888888889824,0.655555555555452,0.6555555555555657,1.050847457627245,38.888888888888886,0
1120,719.6361111111111,0.655555555555452,0.6305555555555884,0.6555555555555657,0.9999999999998266,36.111111111111114,0
1121,720.2666666666667,0.6305555555555884,0.6083333333333485,0.6555555555555657,0.9618644067796963,36.111111111111114,0
1122,720.875,0.6083333333333485,0.6000000000000227,0.6555555555555657,0.9279661016949241,36.111111111111114,0
1123,721.475,0.6000000000000227,0.6027777777777601,0.6555555555555657,0.9152542372881561,36.111111111111114,0
1124,722.0777777777778,0.6027777777777601,0.625,0.6555555555555657,0.9194915254236876,36.111111111111114,0
1125,722.7027777777778,0.625,0.6638888888888914,0.6555555555555657,0.9533898305084599,36.111111111111114,0
1126,723.3666666666667,0.6638888888888914,0.6416666666666515,0.6555555555555657,1.0127118644067679,38.888888888888886,0
1127,724.0083333333333,0.6416666666666515,0.6388888888889142,0.6555555555555657,0.9788135593219957,38.888888888888886,0
1128,724.6472222222222,0.6388888888889142,0.6444444444443889,0.6555555555555657,0.9745762711864642,38.888888888888886,0
1129,725.2916666666666,0.6444444444443889,0.6666666666667425,0.6555555555555657,0.9830508474575271,36.111111111111114,0
1130,725.9583333333334,0.6666666666667425,0.6999999999999318,0.6555555555555657,1.0169491525424728,38.888888888888886,0
1131,726.6583333333333,0.6999999999999318,0.6416666666666515,0.6555555555555657,1.067796610169371,36.111111111111114,0
1132,727.3,0.6416666666666515,0.625,0.6555555555555657,0.9788135593219957,36.111111111111114,0
1133,727.925,0.625,0.6333333333333258,0.6555555555555657,0.9533898305084599,36.111111111111114,0
1134,728.5583333333333,0.6333333333333258,0.6750000000000682,0.6555555555555657,0.9661016949152278,36.111111111111114,0
1135,729.2333333333333,0.6750000000000682,0.7277777777777601,0.6555555555555657,1.0296610169492406,38.888888888888886,0
1136,729.9611111111111,0.7277777777777601,0.75,0.6555555555555657,1.1101694915253797,38.888888888888886,0
1137,730.7111111111111,0.75,0.7055555555555202,0.6555555555555657,1.1440677966101518,36.111111111111114,0
1138,731.4166666666666,0.7055555555555202,0.6361111111111768,0.6555555555555657,1.0762711864406074,36.111111111111114,0
1139,732.0527777777778,0.6361111111111768,0.625,0.6555555555555657,0.9703389830509327,36.111111111111114,0
1140,732.6777777777778,0.625,0.622222222222149,0.6555555555555657,0.9533898305084599,36.111111111111114,0
1141,733.3,0.622222222222149,0.6194444444445253,0.6555555555555657,0.9491525423727549,36.111111111111114,0
1142,733.9194444444445,0.6194444444445253,0.6166666666666742,0.6555555555555657,0.9449152542373969,36.111111111111114,0
1143,734.5361111111112,0.6166666666666742,0.6083333333332348,0.6555555555555657,0.940677966101692,36.111111111111114,0
1144,735.1444444444444,0.6083333333332348,0.6166666666666742,0.6555555555555657,0.9279661016947507,36.111111111111114,0
1145,735.7611111111111,0.6166666666666742,0.6305555555555884,0.6555555555555657,0.940677966101692,36.111111111111114,0
1146,736.3916666666667,0.6305555555555884,0.625,0.6555555555555657,0.9618644067796963,36.111111111111114,0
1147,737.0166666666667,0.625,0.6111111111110858,0.6555555555555657,0.9533898305084599,33.333333333333336,0
1148,737.6277777777777,0.6111111111110858,0.6083333333333485,0.6555555555555657,0.9322033898304556,33.333333333333336,0
1149,738.2361111111111,0.6083333333333485,0.5888888888889596,0.6555555555555657,0.9279661016949241,36.111111111111114,0
1150,738.825,0.5888888888889596,0.5777777777777828,0.6555555555555657,0.8983050847458568,36.111111111111114,0
1151,739.4027777777778,0.5777777777777828,0.5916666666665833,0.6555555555555657,0.8813559322033839,33.333333333333336,0
1152,739.9944444444444,0.5916666666665833,0.6166666666666742,0.6555555555555657,0.9025423728812149,33.333333333333336,0
1153,740.6111111111111,0.6166666666666742,0.6666666666667425,0.6555555555555657,0.940677966101692,36.111111111111114,0
1154,741.2777777777778,0.6666666666667425,0.691666666666606,0.6555555555555657,1.0169491525424728,36.111111111111114,0
1155,741.9694444444444,0.691666666666606,0.6638888888888914,0.6555555555555657,1.0550847457626031,38.888888888888886,0
1156,742.6333333333333,0.6638888888888914,0.658333333333303,0.6555555555555657,1.0127118644067679,38.888888888888886,0
1157,743.2916666666666,0.658333333333303,0.6083333333333485,0.6555555555555657,1.0042372881355315,36.111111111111114,0
1158,743.9,0.6083333333333485,0.5888888888889596,0.6555555555555657,0.9279661016949241,33.333333333333336,0
1159,744.4888888888889,0.5888888888889596,0.5833333333332575,0.6555555555555657,0.8983050847458568,30.555555555555557,0
1160,745.0722222222222,0.5833333333332575,0.5750000000000455,0.6555555555555657,0.8898305084744469,36.111111111111114,0
1161,745.6472222222222,0.5750000000000455,0.6083333333333485,0.6555555555555657,0.8771186440678524,33.333333333333336,0
1162,746.2555555555556,0.6083333333333485,0.6055555555554974,0.6555555555555657,0.9279661016949241,33.333333333333336,0
1163,746.8611111111111,0.6055555555554974,0.6055555555556111,0.6555555555555657,0.9237288135592192,36.111111111111114,0
1164,747.4666666666667,0.6055555555556111,0.6166666666666742,0.6555555555555657,0.9237288135593926,36.111111111111114,0
1165,748.0833333333334,0.6166666666666742,0.6138888888888232,0.6555555555555657,0.940677966101692,36.111111111111114,0
1166,748.6972222222222,0.6138888888888232,0.6194444444445253,0.6555555555555657,0.9364406779659871,33.333333333333336,0
1167,749.3166666666667,0.6194444444445253,0.6305555555554747,0.6555555555555657,0.9449152542373969,33.333333333333336,0
1168,749.9472222222222,0.6305555555554747,0.6000000000000227,0.6555555555555657,0.9618644067795229,36.111111111111114,0
1169,750.5472222222222,0.6000000000000227,0.5750000000000455,0.6555555555555657,0.9152542372881561,33.333333333333336,0
1170,751.1222222222223,0.5750000000000455,0.5833333333332575,0.6555555555555657,0.8771186440678524,33.333333333333336,0
1171,751.7055555555555,0.5833333333332575,0.5972222222222854,0.6555555555555657,0.8898305084744469,33.333333333333336,0
1172,752.3027777777778,0.5972222222222854,0.6083333333333485,0.6555555555555657,0.9110169491526247,33.333333333333336,0
1173,752.9111111111112,0.6083333333333485,0.6277777777777374,0.6555555555555657,0.9279661016949241,33.333333333333336,0
1174,753.5388888888889,0.6277777777777374,0.6888888888888687,0.6555555555555657,0.9576271186439914,30.555555555555557,0
1175,754.2277777777778,0.6888888888888687,0.6527777777778283,0.6555555555555657,1.0508474576270717,36.111111111111114,0
1176,754.8805555555556,0.6527777777778283,0.658333333333303,0.6555555555555657,0.9957627118644685,33.333333333333336,0
1177,755.5388888888889,0.658333333333303,0.6305555555555884,0.6555555555555657,1.0042372881355315,33.333333333333336,0
1178,756.1694444444445,0.6305555555555884,0.5805555555555202,0.6555555555555657,0.9618644067796963,33.333333333333336,0
1179,756.75,0.5805555555555202,0.5694444444444571,0.6555555555555657,0.8855932203389154,33.333333333333336,0
1180,757.3194444444445,0.5694444444444571,0.5722222222221944,0.6555555555555657,0.8686440677966161,33.333333333333336,0
1181,757.8916666666667,0.5722222222221944,0.5833333333333712,0.6555555555555657,0.8728813559321476,33.333333333333336,0
1182,758.475,0.5833333333333712,0.5805555555555202,0.6555555555555657,0.8898305084746203,33.333333333333336,0
1183,759.0555555555555,0.5805555555555202,0.5944444444444343,0.6555555555555657,0.8855932203389154,33.333333333333336,0
1184,759.65,0.5944444444444343,0.5722222222221944,0.6555555555555657,0.9067796610169198,33.333333333333336,0
1185,760.2222222222222,0.5722222222221944,0.5805555555556339,0.6555555555555657,0.8728813559321476,33.333333333333336,0
1186,760.8027777777778,0.5805555555556339,0.6000000000000227,0.6555555555555657,0.8855932203390888,33.333333333333336,0
1187,761.4027777777778,0.6000000000000227,0.5833333333332575,0.6555555555555657,0.9152542372881561,36.111111111111114,0
1188,761.9861111111111,0.5833333333332575,0.658333333333303,0.6555555555555657,0.8898305084744469,33.333333333333336,0
1189,762.6444444444444,0.658333333333303,0.7027777777777828,0.6555555555555657,1.0042372881355315,33.333333333333336,0
1190,763.3472222222222,0.7027777777777828,0.7055555555556339,0.6555555555555657,1.072033898305076,33.333333333333336,0
1191,764.0527777777778,0.7055555555556339,0.6555555555555657,0.6555555555555657,1.0762711864407808,36.111111111111114,0
1192,764.7083333333334,0.6555555555555657,0.6527777777777146,0.6555555555555657,1.0,36.111111111111114,0
1193,765.3611111111111,0.6527777777777146,0.6722222222222172,0.6555555555555657,0.9957627118642951,38.888888888888886,0
1194,766.0333333333333,0.6722222222222172,0.6722222222222172,0.6555555555555657,1.0254237288135357,36.111111111111114,0
1195,766.7055555555555,0.6722222222222172,0.6444444444445026,0.6555555555555657,1.0254237288135357,36.111111111111114,0
1196,767.35,0.6444444444445026,0.6027777777777601,0.6555555555555657,0.9830508474577005,36.111111111111114,0
1197,767.9527777777778,0.6027777777777601,0.6083333333333485,0.6555555555555657,0.9194915254236876,36.111111111111114,0
1198,768.5611111111111,0.6083333333333485,0.6055555555554974,0.6555555555555657,0.9279661016949241,36.111111111111114,0
1199,769.1666666666666,0.6055555555554974,0.6111111111111995,0.6555555555555657,0.9237288135592192,36.111111111111114,0
1200,769.7777777777778,0.6111111111111995,0.6194444444444116,0.6555555555555657,0.932203389830629,36.111111111111114,0
1201,770.3972222222222,0.6194444444444116,0.6749999999999545,0.6555555555555657,0.9449152542372234,38.888888888888886,0
1202,771.0722222222222,0.6749999999999545,0.7611111111111768,0.6555555555555657,1.0296610169490672,38.888888888888886,0
1203,771.8333333333334,0.7611111111111768,0.7333333333333485,0.6555555555555657,1.1610169491526248,38.888888888888886,0
1204,772.5666666666667,0.7333333333333485,0.7138888888888459,0.6555555555555657,1.118644067796616,38.888888888888886,0
1205,773.2805555555556,0.7138888888888459,0.6805555555555429,0.6555555555555657,1.0889830508473752,38.888888888888886,0
1206,773.9611111111111,0.6805555555555429,0.6277777777777374,0.6555555555555657,1.0381355932203038,36.111111111111114,0
1207,774.5888888888888,0.6277777777777374,0.5861111111111086,0.6555555555555657,0.9576271186439914,36.111111111111114,0
1208,775.175,0.5861111111111086,0.5972222222222854,0.6555555555555657,0.8940677966101519,33.333333333333336,0
1209,775.7722222222222,0.5972222222222854,0.5944444444444343,0.6555555555555657,0.9110169491526247,33.333333333333336,0
1210,776.3666666666667,0.5944444444444343,0.6055555555554974,0.6555555555555657,0.9067796610169198,36.111111111111114,0
1211,776.9722222222222,0.6055555555554974,0.6388888888889142,0.6555555555555657,0.9237288135592192,36.111111111111114,0
1212,777.6111111111111,0.6388888888889142,0.683333333333394,0.6555555555555657,0.9745762711864642,36.111111111111114,0
1213,778.2944444444445,0.683333333333394,0.747222222222149,0.6555555555555657,1.0423728813560087,36.111111111111114,0
1214,779.0416666666666,0.747222222222149,0.7305555555556111,0.6555555555555657,1.139830508474447,36.111111111111114,0
1215,779.7722222222222,0.7305555555556111,0.6749999999999545,0.6555555555555657,1.1144067796610846,36.111111111111114,0
1216,780.4472222222222,0.6749999999999545,0.6777777777778056,0.6555555555555657,1.0296610169490672,36.111111111111114,0
1217,781.125,0.6777777777778056,0.6722222222222172,0.6555555555555657,1.0338983050847723,33.333333333333336,0
1218,781.7972222222222,0.6722222222222172,0.6638888888888914,0.6555555555555657,1.0254237288135357,36.111111111111114,0
1219,782.4611111111111,0.6638888888888914,0.6833333333332803,0.6555555555555657,1.0127118644067679,36.111111111111114,0
1220,783.1444444444444,0.6833333333332803,0.7027777777777828,0.6555555555555657,1.0423728813558353,36.111111111111114,0
1221,783.8472222222222,0.7027777777777828,0.7027777777777828,0.6555555555555657,1.072033898305076,36.111111111111114,0
1222,784.55,0.7027777777777828,0.6611111111111541,0.6555555555555657,1.072033898305076,36.111111111111114,0
1223,785.2111111111111,0.6611111111111541,0.6749999999999545,0.6555555555555657,1.0084745762712364,36.111111111111114,0
1224,785.8861111111111,0.6749999999999545,0.6722222222222172,0.6555555555555657,1.0296610169490672,33.333333333333336,0
1225,786.5583333333333,0.6722222222222172,0.6583333333334167,0.6555555555555657,1.0254237288135357,33.333333333333336,0
1226,787.2166666666667,0.6583333333334167,0.6416666666666515,0.6555555555555657,1.004237288135705,33.333333333333336,0
1227,787.8583333333333,0.6416666666666515,0.6527777777777146,0.6555555555555657,0.9788135593219957,36.111111111111114,0
1228,788.5111111111111,0.6527777777777146,0.6583333333334167,0.6555555555555657,0.9957627118642951,36.111111111111114,0
1229,789.1694444444445,0.6583333333334167,0.6666666666666288,0.6555555555555657,1.004237288135705,33.333333333333336,0
1230,789.8361111111111,0.6666666666666288,0.6916666666667197,0.6555555555555657,1.0169491525422993,36.111111111111114,0
1231,790.5277777777778,0.6916666666667197,0.6861111111110176,0.6555555555555657,1.0550847457627766,38.888888888888886,0
1232,791.2138888888888,0.6861111111110176,0.6694444444444798,0.6555555555555657,1.0466101694913668,36.111111111111114,0
1233,791.8833333333333,0.6694444444444798,0.6111111111110858,0.6555555555555657,1.0211864406780042,36.111111111111114,0
1234,792.4944444444444,0.6111111111110858,0.6333333333333258,0.6555555555555657,0.9322033898304556,36.111111111111114,0
1235,793.1277777777777,0.6333333333333258,0.650000000000091,0.6555555555555657,0.9661016949152278,36.111111111111114,0
1236,793.7777777777778,0.650000000000091,0.6333333333333258,0.6555555555555657,0.991525423728937,33.333333333333336,0
1237,794.4111111111112,0.6333333333333258,0.6499999999999773,0.6555555555555657,0.9661016949152278,36.111111111111114,0
1238,795.0611111111111,0.6499999999999773,0.6749999999999545,0.6555555555555657,0.9915254237287636,36.111111111111114,0
1239,795.7361111111111,0.6749999999999545,0.6472222222222399,0.6555555555555657,1.0296610169490672,36.111111111111114,0
1240,796.3833333333333,0.6472222222222399,0.6611111111111541,0.6555555555555657,0.9872881355932321,36.111111111111114,0
1241,797.0444444444445,0.6611111111111541,0.6277777777777374,0.6555555555555657,1.0084745762712364,33.333333333333336,0
1242,797.6722222222222,0.6277777777777374,0.6472222222222399,0.6555555555555657,0.9576271186439914,36.111111111111114,0
1243,798.3194444444445,0.6472222222222399,0.658333333333303,0.6555555555555657,0.9872881355932321,36.111111111111114,0
1244,798.9777777777778,0.658333333333303,0.6444444444445026,0.6555555555555657,1.0042372881355315,36.111111111111114,0
1245,799.6222222222223,0.6444444444445026,0.6194444444444116,0.6555555555555657,0.9830508474577005,36.111111111111114,0
1246,800.2416666666667,0.6194444444444116,0.6083333333333485,0.6555555555555657,0.9449152542372234,33.333333333333336,0
1247,800.85,0.6083333333333485,0.6361111111110631,0.6555555555555657,0.9279661016949241,36.111111111111114,0
1248,801.4861111111111,0.6361111111110631,0.6444444444445026,0.6555555555555657,0.9703389830507593,38.888888888888886,0
1249,802.1305555555556,0.6444444444445026,0.6555555555555657,0.6555555555555657,0.9830508474577005,36.111111111111114,0
1250,802.7861111111112,0.6555555555555657,0.6527777777777146,0.6555555555555657,1.0,38.888888888888886,0
1251,803.4388888888889,0.6527777777777146,0.658333333333303,0.6555555555555657,0.9957627118642951,36.111111111111114,0
1252,804.0972222222222,0.658333333333303,0.6805555555556566,0.6555555555555657,1.0042372881355315,36.111111111111114,0
1253,804.7777777777778,0.6805555555556566,0.6333333333333258,0.6555555555555657,1.0381355932204772,33.333333333333336,0
1254,805.4111111111112,0.6333333333333258,0.622222222222149,0.6555555555555657,0.9661016949152278,33.333333333333336,0
1255,806.0333333333333,0.622222222222149,0.6611111111111541,0.6555555555555657,0.9491525423727549,36.111111111111114,0
1256,806.6944444444445,0.6611111111111541,0.6611111111111541,0.6555555555555657,1.0084745762712364,36.111111111111114,0
1257,807.3555555555556,0.6611111111111541,0.6638888888887777,0.6555555555555657,1.0084745762712364,36.111111111111114,0
1258,808.0194444444444,0.6638888888887777,0.6361111111111768,0.6555555555555657,1.0127118644065944,33.333333333333336,0
1259,808.6555555555556,0.6361111111111768,0.6472222222222399,0.6555555555555657,0.9703389830509327,38.888888888888886,0
1260,809.3027777777778,0.6472222222222399,0.6277777777777374,0.6555555555555657,0.9872881355932321,36.111111111111114,0
1261,809.9305555555555,0.6277777777777374,0.5972222222222854,0.6555555555555657,0.9576271186439914,36.111111111111114,0
1262,810.5277777777778,0.5972222222222854,0.5861111111111086,0.6555555555555657,0.9110169491526247,33.333333333333336,0
1263,811.1138888888889,0.5861111111111086,0.5777777777777828,0.6555555555555657,0.8940677966101519,33.333333333333336,0
1264,811.6916666666667,0.5777777777777828,0.5555555555555429,0.6555555555555657,0.8813559322033839,33.333333333333336,0
1265,812.2472222222223,0.5555555555555429,0.5777777777777828,0.6555555555555657,0.8474576271186117,33.333333333333336,0
1266,812.825,0.5777777777777828,0.5861111111111086,0.6555555555555657,0.8813559322033839,36.111111111111114,0
1267,813.4111111111112,0.5861111111111086,0.6305555555554747,0.6555555555555657,0.8940677966101519,33.333333333333336,0
1268,814.0416666666666,0.6305555555554747,0.6472222222222399,0.6555555555555657,0.9618644067795229,36.111111111111114,0
1269,814.6888888888889,0.6472222222222399,0.625,0.6555555555555657,0.9872881355932321,38.888888888888886,0
1270,815.3138888888889,0.625,0.6194444444444116,0.6555555555555657,0.9533898305084599,33.333333333333336,0
1271,815.9333333333333,0.6194444444444116,0.6027777777778738,0.6555555555555657,0.9449152542372234,33.333333333333336,0
1272,816.5361111111112,0.6027777777778738,0.5944444444444343,0.6555555555555657,0.919491525423861,33.333333333333336,0
1273,817.1305555555556,0.5944444444444343,0.5972222222221717,0.6555555555555657,0.9067796610169198,33.333333333333336,0
1274,817.7277777777778,0.5972222222221717,0.6083333333333485,0.6555555555555657,0.9110169491524512,33.333333333333336,0
1275,818.3361111111111,0.6083333333333485,0.6333333333333258,0.6555555555555657,0.9279661016949241,36.111111111111114,0
1276,818.9694444444444,0.6333333333333258,0.6333333333333258,0.6555555555555657,0.9661016949152278,36.111111111111114,0
1277,819.6027777777778,0.6333333333333258,0.6333333333333258,0.6555555555555657,0.9661016949152278,33.333333333333336,0
1278,820.2361111111111,0.6333333333333258,0.6638888888888914,0.6555555555555657,0.9661016949152278,36.111111111111114,0
1279,820.9,0.6638888888888914,0.6444444444445026,0.6555555555555657,1.0127118644067679,33.333333333333336,0
1280,821.5444444444445,0.6444444444445026,0.6277777777777374,0.6555555555555657,0.9830508474577005,36.111111111111114,0
1281,822.1722222222222,0.6277777777777374,0.6416666666666515,0.6555555555555657,0.9576271186439914,33.333333333333336,0
1282,822.8138888888889,0.6416666666666515,0.627777777777851,0.6555555555555657,0.9788135593219957,33.333333333333336,0
1283,823.4416666666667,0.627777777777851,0.6055555555554974,0.6555555555555657,0.9576271186441648,33.333333333333336,0
1284,824.0472222222222,0.6055555555554974,0.6083333333333485,0.6555555555555657,0.9237288135592192,33.333333333333336,0
1285,824.6555555555556,0.6083333333333485,0.6388888888889142,0.6555555555555657,0.9279661016949241,33.333333333333336,0
1286,825.2944444444445,0.6388888888889142,0.6611111111110404,0.6555555555555657,0.9745762711864642,36.111111111111114,0
1287,825.9555555555555,0.6611111111110404,0.6666666666667425,0.6555555555555657,1.008474576271063,36.111111111111114,0
1288,826.6222222222223,0.6666666666667425,0.6499999999999773,0.6555555555555657,1.0169491525424728,36.111111111111114,0
1289,827.2722222222222,0.6499999999999773,0.6361111111110631,0.6555555555555657,0.9915254237287636,36.111111111111114,0
1290,827.9083333333333,0.6361111111110631,0.6388888888889142,0.6555555555555657,0.9703389830507593,33.333333333333336,0
1291,828.5472222222222,0.6388888888889142,0.6111111111110858,0.6555555555555657,0.9745762711864642,33.333333333333336,0
1292,829.1583333333333,0.6111111111110858,0.6055555555556111,0.6555555555555657,0.9322033898304556,33.333333333333336,0
1293,829.7638888888889,0.6055555555556111,0.6416666666666515,0.6555555555555657,0.9237288135593926,33.333333333333336,0
1294,830.4055555555556,0.6416666666666515,0.6611111111111541,0.6555555555555657,0.9788135593219957,33.333333333333336,0
1295,831.0666666666667,0.6611111111111541,0.6777777777776919,0.6555555555555657,1.0084745762712364,33.333333333333336,0
1296,831.7444444444444,0.6777777777776919,0.6361111111111768,0.6555555555555657,1.033898305084599,33.333333333333336,0
1297,832.3805555555556,0.6361111111111768,0.6527777777777146,0.6555555555555657,0.9703389830509327,33.333333333333336,0
1298,833.0333333333333,0.6527777777777146,0.6472222222222399,0.6555555555555657,0.9957627118642951,33.333333333333336,0
1299,833.6805555555555,0.6472222222222399,0.6305555555555884,0.6555555555555657,0.9872881355932321,33.333333333333336,0
1300,834.3111111111111,0.6305555555555884,0.6138888888888232,0.6555555555555657,0.9618644067796963,36.111111111111114,0
1301,834.925,0.6138888888888232,0.6222222222222626,0.6555555555555657,0.9364406779659871,33.333333333333336,0
1302,835.5472222222222,0.6222222222222626,0.6083333333333485,0.6555555555555657,0.9491525423729283,33.333333333333336,0
1303,836.1555555555556,0.6083333333333485,0.6305555555555884,0.6555555555555657,0.9279661016949241,33.333333333333336,0
1304,836.7861111111112,0.6305555555555884,0.6361111111110631,0.6555555555555657,0.9618644067796963,33.333333333333336,0
1305,837.4222222222222,0.6361111111110631,0.6611111111111541,0.6555555555555657,0.9703389830507593,36.111111111111114,0
1306,838.0833333333334,0.6611111111111541,0.658333333333303,0.6555555555555657,1.0084745762712364,36.111111111111114,0
1307,838.7416666666667,0.658333333333303,0.6499999999999773,0.6555555555555657,1.0042372881355315,33.333333333333336,0
1308,839.3916666666667,0.6499999999999773,0.6222222222222626,0.6555555555555657,0.9915254237287636,36.111111111111114,0
1309,840.0138888888889,0.6222222222222626,0.5972222222221717,0.6555555555555657,0.9491525423729283,33.333333333333336,0
1310,840.6111111111111,0.5972222222221717,0.6055555555556111,0.6555555555555657,0.9110169491524512,33.333333333333336,0
1311,841.2166666666667,0.6055555555556111,0.6000000000000227,0.6555555555555657,0.9237288135593926,36.111111111111114,0
1312,841.8166666666667,0.6000000000000227,0.6194444444444116,0.6555555555555657,0.9152542372881561,33.333333333333336,0
1313,842.4361111111111,0.6194444444444116,0.6888888888888687,0.6555555555555657,0.9449152542372234,33.333333333333336,0
1314,843.125,0.6888888888888687,0.7111111111111086,0.6555555555555657,1.0508474576270717,36.111111111111114,0
1315,843.8361111111111,0.7111111111111086,0.7111111111111086,0.6555555555555657,1.0847457627118438,36.111111111111114,0
1316,844.5472222222222,0.7111111111111086,0.6611111111111541,0.6555555555555657,1.0847457627118438,33.333333333333336,0
1317,845.2083333333334,0.6611111111111541,0.6333333333333258,0.6555555555555657,1.0084745762712364,33.333333333333336,0
1318,845.8416666666667,0.6333333333333258,0.6111111111110858,0.6555555555555657,0.9661016949152278,33.333333333333336,0
1319,846.4527777777778,0.6111111111110858,0.5972222222221717,0.6555555555555657,0.9322033898304556,33.333333333333336,0
1320,847.05,0.5972222222221717,0.6000000000000227,0.6555555555555657,0.9110169491524512,33.333333333333336,0
1321,847.65,0.6000000000000227,0.6083333333333485,0.6555555555555657,0.9152542372881561,30.555555555555557,0
1322,848.2583333333333,0.6083333333333485,0.6555555555555657,0.6555555555555657,0.9279661016949241,33.333333333333336,0
1323,848.9138888888889,0.6555555555555657,0.7055555555555202,0.6555555555555657,1.0,33.333333333333336,0
1324,849.6194444444444,0.7055555555555202,0.7305555555556111,0.6555555555555657,1.0762711864406074,36.111111111111114,0
1325,850.35,0.7305555555556111,0.7138888888888459,0.6555555555555657,1.1144067796610846,33.333333333333336,0
1326,851.0638888888889,0.7138888888888459,0.6861111111111313,0.6555555555555657,1.0889830508473752,33.333333333333336,0
1327,851.75,0.6861111111111313,0.6805555555555429,0.6555555555555657,1.0466101694915402,30.555555555555557,0
1328,852.4305555555555,0.6805555555555429,0.6472222222222399,0.6555555555555657,1.0381355932203038,33.333333333333336,0
1329,853.0777777777778,0.6472222222222399,0.6388888888889142,0.6555555555555657,0.9872881355932321,33.333333333333336,0
1330,853.7166666666667,0.6388888888889142,0.6499999999999773,0.6555555555555657,0.9745762711864642,33.333333333333336,0
1331,854.3666666666667,0.6499999999999773,0.6499999999999773,0.6555555555555657,0.9915254237287636,33.333333333333336,0
1332,855.0166666666667,0.6499999999999773,0.6722222222222172,0.6555555555555657,0.9915254237287636,33.333333333333336,0
1333,855.6888888888889,0.6722222222222172,0.6722222222222172,0.6555555555555657,1.0254237288135357,33.333333333333336,0
1334,856.3611111111111,0.6722222222222172,0.6638888888888914,0.6555555555555657,1.0254237288135357,33.333333333333336,0
1335,857.025,0.6638888888888914,0.6666666666667425,0.6555555555555657,1.0127118644067679,33.333333333333336,0
1336,857.6916666666667,0.6666666666667425,0.6499999999999773,0.6555555555555657,1.0169491525424728,30.555555555555557,0
1337,858.3416666666667,0.6499999999999773,0.6638888888888914,0.6555555555555657,0.9915254237287636,33.333333333333336,0
1338,859.0055555555556,0.6638888888888914,0.6305555555554747,0.6555555555555657,1.0127118644067679,33.333333333333336,0
1339,859.6361111111111,0.6305555555554747,0.6361111111111768,0.6555555555555657,0.9618644067795229,33.333333333333336,0
1340,860.2722222222222,0.6361111111111768,0.6388888888889142,0.6555555555555657,0.9703389830509327,33.333333333333336,0
1341,860.9111111111112,0.6388888888889142,0.6722222222222172,0.6555555555555657,0.9745762711864642,33.333333333333336,0
1342,861.5833333333334,0.6722222222222172,0.6805555555555429,0.6555555555555657,1.0254237288135357,36.111111111111114,0
1343,862.2638888888889,0.6805555555555429,0.6666666666666288,0.6555555555555657,1.0381355932203038,36.111111111111114,0
1344,862.9305555555555,0.6666666666666288,0.6611111111111541,0.6555555555555657,1.0169491525422993,36.111111111111114,0
1345,863.5916666666667,0.6611111111111541,0.6305555555554747,0.6555555555555657,1.0084745762712364,33.333333333333336,0
1346,864.2222222222222,0.6305555555554747,0.6305555555555884,0.6555555555555657,0.9618644067795229,33.333333333333336,0
1347,864.8527777777778,0.6305555555555884,0.627777777777851,0.6555555555555657,0.9618644067796963,33.333333333333336,0
1348,865.4805555555556,0.627777777777851,0.622222222222149,0.6555555555555657,0.9576271186441648,33.333333333333336,0
1349,866.1027777777778,0.622222222222149,0.6305555555555884,0.6555555555555657,0.9491525423727549,36.111111111111114,0
1350,866.7333333333333,0.6305555555555884,0.6611111111110404,0.6555555555555657,0.9618644067796963,33.333333333333336,0
1351,867.3944444444444,0.6611111111110404,0.6416666666667652,0.6555555555555657,1.008474576271063,36.111111111111114,0
1352,868.0361111111112,0.6416666666667652,0.6416666666666515,0.6555555555555657,0.9788135593221691,33.333333333333336,0
1353,868.6777777777778,0.6416666666666515,0.6472222222222399,0.6555555555555657,0.9788135593219957,36.111111111111114,0
1354,869.325,0.6472222222222399,0.6472222222221262,0.6555555555555657,0.9872881355932321,36.111111111111114,0
1355,869.9722222222222,0.6472222222221262,0.6194444444445253,0.6555555555555657,0.9872881355930587,36.111111111111114,0
1356,870.5916666666667,0.6194444444445253,0.6055555555554974,0.6555555555555657,0.9449152542373969,33.333333333333336,0
1357,871.1972222222222,0.6055555555554974,0.6138888888889369,0.6555555555555657,0.9237288135592192,33.333333333333336,0
1358,871.8111111111111,0.6138888888889369,0.6333333333333258,0.6555555555555657,0.9364406779661605,33.333333333333336,0
1359,872.4444444444445,0.6333333333333258,0.6361111111110631,0.6555555555555657,0.9661016949152278,33.333333333333336,0
1360,873.0805555555555,0.6361111111110631,0.6416666666666515,0.6555555555555657,0.9703389830507593,33.333333333333336,0
1361,873.7222222222222,0.6416666666666515,0.6916666666667197,0.6555555555555657,0.9788135593219957,33.333333333333336,0
1362,874.4138888888889,0.6916666666667197,0.6916666666667197,0.6555555555555657,1.0550847457627766,36.111111111111114,0
1363,875.1055555555556,0.6916666666667197,0.6611111111110404,0.6555555555555657,1.0550847457627766,36.111111111111114,0
1364,875.7666666666667,0.6611111111110404,0.6138888888889369,0.6555555555555657,1.008474576271063,33.333333333333336,0
1365,876.3805555555556,0.6138888888889369,0.5916666666665833,0.6555555555555657,0.9364406779661605,33.333333333333336,0
1366,876.9722222222222,0.5916666666665833,0.6027777777778738,0.6555555555555657,0.9025423728812149,33.333333333333336,0
1367,877.575,0.6027777777778738,0.625,0.6555555555555657,0.919491525423861,33.333333333333336,0
1368,878.2,0.625,0.622222222222149,0.6555555555555657,0.9533898305084599,33.333333333333336,0
1369,878.8222222222222,0.622222222222149,0.6527777777778283,0.6555555555555657,0.9491525423727549,33.333333333333336,0
1370,879.475,0.6527777777778283,0.6527777777777146,0.6555555555555657,0.9957627118644685,36.111111111111114,0
1371,880.1277777777777,0.6527777777777146,0.6972222222223081,0.6555555555555657,0.9957627118642951,33.333333333333336,0
1372,880.825,0.6972222222223081,0.7222222222221717,0.6555555555555657,1.063559322034013,36.111111111111114,0
1373,881.5472222222222,0.7222222222221717,0.6666666666666288,0.6555555555555657,1.1016949152541433,33.333333333333336,0
1374,882.2138888888888,0.6666666666666288,0.6611111111111541,0.6555555555555657,1.0169491525422993,33.333333333333336,0
1375,882.875,0.6611111111111541,0.6416666666666515,0.6555555555555657,1.0084745762712364,33.333333333333336,0
1376,883.5166666666667,0.6416666666666515,0.6111111111110858,0.6555555555555657,0.9788135593219957,36.111111111111114,0
1377,884.1277777777777,0.6111111111110858,0.6111111111111995,0.6555555555555657,0.9322033898304556,36.111111111111114,0
1378,884.7388888888889,0.6111111111111995,0.6166666666666742,0.6555555555555657,0.932203389830629,33.333333333333336,0
1379,885.3555555555556,0.6166666666666742,0.6444444444443889,0.6555555555555657,0.940677966101692,36.111111111111114,0
1380,886.0,0.6444444444443889,0.6972222222221944,0.6555555555555657,0.9830508474575271,33.333333333333336,0
1381,886.6972222222222,0.6972222222221944,0.6777777777778056,0.6555555555555657,1.0635593220338395,36.111111111111114,0
1382,887.375,0.6777777777778056,0.6388888888889142,0.6555555555555657,1.0338983050847723,36.111111111111114,0
1383,888.0138888888889,0.6388888888889142,0.6027777777777601,0.6555555555555657,0.9745762711864642,33.333333333333336,0
1384,888.6166666666667,0.6027777777777601,0.6055555555554974,0.6555555555555657,0.9194915254236876,33.333333333333336,0
1385,889.2222222222222,0.6055555555554974,0.6361111111111768,0.6555555555555657,0.9237288135592192,33.333333333333336,0
1386,889.8583333333333,0.6361111111111768,0.6694444444444798,0.6555555555555657,0.9703389830509327,33.333333333333336,0
1387,890.5277777777778,0.6694444444444798,0.7055555555555202,0.6555555555555657,1.0211864406780042,33.333333333333336,0
1388,891.2333333333333,0.7055555555555202,0.716666666666697,0.6555555555555657,1.0762711864406074,36.111111111111114,0
1389,891.95,0.716666666666697,0.7027777777777828,0.6555555555555657,1.0932203389830801,36.111111111111114,0
1390,892.6527777777778,0.7027777777777828,0.655555555555452,0.6555555555555657,1.072033898305076,36.111111111111114,0
1391,893.3083333333333,0.655555555555452,0.650000000000091,0.6555555555555657,0.9999999999998266,30.555555555555557,0
1392,893.9583333333334,0.650000000000091,0.6472222222222399,0.6555555555555657,0.991525423728937,33.333333333333336,0
1393,894.6055555555556,0.6472222222222399,0.6666666666666288,0.6555555555555657,0.9872881355932321,33.333333333333336,0
1394,895.2722222222222,0.6666666666666288,0.6722222222222172,0.6555555555555657,1.0169491525422993,33.333333333333336,0
1395,895.9444444444445,0.6722222222222172,0.658333333333303,0.6555555555555657,1.0254237288135357,33.333333333333336,0
1396,896.6027777777778,0.658333333333303,0.6777777777778056,0.6555555555555657,1.0042372881355315,33.333333333333336,0
1397,897.2805555555556,0.6777777777778056,0.6638888888888914,0.6555555555555657,1.0338983050847723,36.111111111111114,0
1398,897.9444444444445,0.6638888888888914,0.6499999999999773,0.6555555555555657,1.0127118644067679,33.333333333333336,0
1399,898.5944444444444,0.6499999999999773,0.6388888888889142,0.6555555555555657,0.9915254237287636,38.888888888888886,0
1400,899.2333333333333,0.6388888888889142,0.6472222222222399,0.6555555555555657,0.9745762711864642,36.111111111111114,0
1401,899.8805555555556,0.6472222222222399,0.6416666666666515,0.6555555555555657,0.9872881355932321,33.333333333333336,0
1402,900.5222222222222,0.6416666666666515,0.6194444444444116,0.6555555555555657,0.9788135593219957,33.333333333333336,0
1403,901.1416666666667,0.6194444444444116,0.6027777777777601,0.6555555555555657,0.9449152542372234,33.333333333333336,0
1404,901.7444444444444,0.6027777777777601,0.6138888888889369,0.6555555555555657,0.9194915254236876,33.333333333333336,0
1405,902.3583333333333,0.6138888888889369,0.6805555555555429,0.6555555555555657,0.9364406779661605,33.333333333333336,0
1406,903.0388888888889,0.6805555555555429,0.7111111111111086,0.6555555555555657,1.0381355932203038,33.333333333333336,0
1407,903.75,0.7111111111111086,0.716666666666697,0.6555555555555657,1.0847457627118438,36.111111111111114,0
1408,904.4666666666667,0.716666666666697,0.6722222222222172,0.6555555555555657,1.0932203389830801,36.111111111111114,0
1409,905.1388888888889,0.6722222222222172,0.6472222222222399,0.6555555555555657,1.0254237288135357,33.333333333333336,0
1410,905.7861111111112,0.6472222222222399,0.6194444444444116,0.6555555555555657,0.9872881355932321,36.111111111111114,0
1411,906.4055555555556,0.6194444444444116,0.6194444444444116,0.6555555555555657,0.9449152542372234,33.333333333333336,0
1412,907.025,0.6194444444444116,0.6361111111111768,0.6555555555555657,0.9449152542372234,33.333333333333336,0
1413,907.6611111111112,0.6361111111111768,0.6527777777777146,0.6555555555555657,0.9703389830509327,33.333333333333336,0
1414,908.3138888888889,0.6527777777777146,0.683333333333394,0.6555555555555657,0.9957627118642951,36.111111111111114,0
1415,908.9972222222223,0.683333333333394,0.6666666666666288,0.6555555555555657,1.0423728813560087,33.333333333333336,0
1416,909.6638888888889,0.6666666666666288,0.7055555555555202,0.6555555555555657,1.0169491525422993,33.333333333333336,0
1417,910.3694444444444,0.7055555555555202,0.7277777777777601,0.6555555555555657,1.0762711864406074,36.111111111111114,0
1418,911.0972222222222,0.7277777777777601,0.6861111111111313,0.6555555555555657,1.1101694915253797,33.333333333333336,0
1419,911.7833333333333,0.6861111111111313,0.6583333333334167,0.6555555555555657,1.0466101694915402,33.333333333333336,0
1420,912.4416666666667,0.6583333333334167,0.6166666666665606,0.6555555555555657,1.004237288135705,33.333333333333336,0
1421,913.0583333333333,0.6166666666665606,0.6111111111111995,0.6555555555555657,0.9406779661015185,30.555555555555557,0
1422,913.6694444444445,0.6111111111111995,0.622222222222149,0.6555555555555657,0.932203389830629,33.333333333333336,0
1423,914.2916666666666,0.622222222222149,0.6750000000000682,0.6555555555555657,0.9491525423727549,33.333333333333336,0
1424,914.9666666666667,0.6750000000000682,0.7222222222221717,0.6555555555555657,1.0296610169492406,36.111111111111114,0
1425,915.6888888888889,0.7222222222221717,0.7111111111111086,0.6555555555555657,1.1016949152541433,33.333333333333336,0
1426,916.4,0.7111111111111086,0.6888888888888687,0.6555555555555657,1.0847457627118438,36.111111111111114,0
1427,917.0888888888888,0.6888888888888687,0.6611111111111541,0.6555555555555657,1.0508474576270717,36.111111111111114,0
1428,917.75,0.6611111111111541,0.6444444444443889,0.6555555555555657,1.0084745762712364,36.111111111111114,0
1429,918.3944444444444,0.6444444444443889,0.6333333333334394,0.6555555555555657,0.9830508474575271,33.333333333333336,0
1430,919.0277777777778,0.6333333333334394,0.6083333333332348,0.6555555555555657,0.9661016949154012,33.333333333333336,0
1431,919.6361111111111,0.6083333333332348,0.6055555555556111,0.6555555555555657,0.9279661016947507,36.111111111111114,0
1432,920.2416666666667,0.6055555555556111,0.6333333333333258,0.6555555555555657,0.9237288135593926,30.555555555555557,0
1433,920.875,0.6333333333333258,0.6916666666667197,0.6555555555555657,0.9661016949152278,33.333333333333336,0
1434,921.5666666666667,0.6916666666667197,0.7055555555555202,0.6555555555555657,1.0550847457627766,36.111111111111114,0
1435,922.2722222222222,0.7055555555555202,0.7277777777777601,0.6555555555555657,1.0762711864406074,36.111111111111114,0
1436,923.0,0.7277777777777601,0.7111111111111086,0.6555555555555657,1.1101694915253797,36.111111111111114,0
1437,923.7111111111111,0.7111111111111086,0.6361111111110631,0.6555555555555657,1.0847457627118438,33.333333333333336,0
1438,924.3472222222222,0.6361111111110631,0.6388888888889142,0.6555555555555657,0.9703389830507593,33.333333333333336,0
1439,924.9861111111111,0.6388888888889142,0.6388888888889142,0.6555555555555657,0.9745762711864642,33.333333333333336,0
1440,925.625,0.6388888888889142,0.6416666666666515,0.6555555555555657,0.9745762711864642,33.333333333333336,0
1441,926.2666666666667,0.6416666666666515,0.6805555555555429,0.6555555555555657,0.9788135593219957,33.333333333333336,0
1442,926.9472222222222,0.6805555555555429,0.6611111111111541,0.6555555555555657,1.0381355932203038,36.111111111111114,0
1443,927.6083333333333,0.6611111111111541,0.6388888888889142,0.6555555555555657,1.0084745762712364,36.111111111111114,0
1444,928.2472222222223,0.6388888888889142,0.6527777777777146,0.6555555555555657,0.9745762711864642,33.333333333333336,0
1445,928.9,0.6527777777777146,0.6472222222222399,0.6555555555555657,0.9957627118642951,33.333333333333336,0
1446,929.5472222222222,0.6472222222222399,0.625,0.6555555555555657,0.9872881355932321,36.111111111111114,0
1447,930.1722222222222,0.625,0.6416666666666515,0.6555555555555657,0.9533898305084599,33.333333333333336,0
1448,930.8138888888889,0.6416666666666515,0.6416666666666515,0.6555555555555657,0.9788135593219957,33.333333333333336,0
1449,931.4555555555555,0.6416666666666515,0.6333333333333258,0.6555555555555657,0.9788135593219957,33.333333333333336,0
1450,932.0888888888888,0.6333333333333258,0.6388888888889142,0.6555555555555657,0.9661016949152278,33.333333333333336,0
1451,932.7277777777778,0.6388888888889142,0.6666666666666288,0.6555555555555657,0.9745762711864642,33.333333333333336,0
1452,933.3944444444444,0.6666666666666288,0.716666666666697,0.6555555555555657,1.0169491525422993,36.111111111111114,0
1453,934.1111111111111,0.716666666666697,0.75,0.6555555555555657,1.0932203389830801,38.888888888888886,0
1454,934.8611111111111,0.75,0.6888888888888687,0.6555555555555657,1.1440677966101518,36.111111111111114,0
1455,935.55,0.6888888888888687,0.6444444444445026,0.6555555555555657,1.0508474576270717,36.111111111111114,0
1456,936.1944444444445,0.6444444444445026,0.6305555555555884,0.6555555555555657,0.9830508474577005,33.333333333333336,0
1457,936.825,0.6305555555555884,0.6111111111110858,0.6555555555555657,0.9618644067796963,33.333333333333336,0
1458,937.4361111111111,0.6111111111110858,0.5944444444444343,0.6555555555555657,0.9322033898304556,36.111111111111114,0
1459,938.0305555555556,0.5944444444444343,0.6166666666666742,0.6555555555555657,0.9067796610169198,30.555555555555557,0
1460,938.6472222222222,0.6166666666666742,0.622222222222149,0.6555555555555657,0.940677966101692,33.333333333333336,0
1461,939.2694444444444,0.622222222222149,0.6222222222222626,0.6555555555555657,0.9491525423727549,38.888888888888886,0
1462,939.8916666666667,0.6222222222222626,0.6388888888889142,0.6555555555555657,0.9491525423729283,33.333333333333336,0
1463,940.5305555555556,0.6388888888889142,0.658333333333303,0.6555555555555657,0.9745762711864642,33.333333333333336,0
1464,941.1888888888889,0.658333333333303,0.7083333333333712,0.6555555555555657,1.0042372881355315,36.111111111111114,0
1465,941.8972222222222,0.7083333333333712,0.6999999999999318,0.6555555555555657,1.0805084745763123,36.111111111111114,0
1466,942.5972222222222,0.6999999999999318,0.6750000000000682,0.6555555555555657,1.067796610169371,33.333333333333336,0
1467,943.2722222222222,0.6750000000000682,0.6416666666666515,0.6555555555555657,1.0296610169492406,36.111111111111114,0
1468,943.9138888888889,0.6416666666666515,0.6416666666666515,0.6555555555555657,0.9788135593219957,30.555555555555557,0
1469,944.5555555555555,0.6416666666666515,0.658333333333303,0.6555555555555657,0.9788135593219957,33.333333333333336,0
1470,945.2138888888888,0.658333333333303,0.6694444444444798,0.6555555555555657,1.0042372881355315,33.333333333333336,0
1471,945.8833333333333,0.6694444444444798,0.6944444444444571,0.6555555555555657,1.0211864406780042,36.111111111111114,0
1472,946.5777777777778,0.6944444444444571,0.7000000000000455,0.6555555555555657,1.059322033898308,36.111111111111114,0
1473,947.2777777777778,0.7000000000000455,0.6861111111110176,0.6555555555555657,1.0677966101695444,36.111111111111114,0
1474,947.9638888888888,0.6861111111110176,0.6222222222222626,0.6555555555555657,1.0466101694913668,33.333333333333336,0
1475,948.5861111111111,0.6222222222222626,0.5972222222221717,0.6555555555555657,0.9491525423729283,33.333333333333336,0
1476,949.1833333333333,0.5972222222221717,0.6194444444445253,0.6555555555555657,0.9110169491524512,33.333333333333336,0
1477,949.8027777777778,0.6194444444445253,0.658333333333303,0.6555555555555657,0.9449152542373969,36.111111111111114,0
1478,950.4611111111111,0.658333333333303,0.6833333333332803,0.6555555555555657,1.0042372881355315,33.333333333333336,0
1479,951.1444444444444,0.6833333333332803,0.6972222222223081,0.6555555555555657,1.0423728813558353,33.333333333333336,0
1480,951.8416666666667,0.6972222222223081,0.6833333333332803,0.6555555555555657,1.063559322034013,33.333333333333336,0
1481,952.525,0.6833333333332803,0.6916666666667197,0.6555555555555657,1.0423728813558353,33.333333333333336,0
1482,953.2166666666667,0.6916666666667197,0.6861111111111313,0.6555555555555657,1.0550847457627766,36.111111111111114,0
1483,953.9027777777778,0.6861111111111313,0.6861111111110176,0.6555555555555657,1.0466101694915402,33.333333333333336,0
1484,954.5888888888888,0.6861111111110176,0.6638888888888914,0.6555555555555657,1.0466101694913668,33.333333333333336,0
1485,955.2527777777777,0.6638888888888914,0.6444444444445026,0.6555555555555657,1.0127118644067679,33.333333333333336,0
1486,955.8972222222222,0.6444444444445026,0.6194444444444116,0.6555555555555657,0.9830508474577005,36.111111111111114,0
1487,956.5166666666667,0.6194444444444116,0.6111111111110858,0.6555555555555657,0.9449152542372234,30.555555555555557,0
1488,957.1277777777777,0.6111111111110858,0.650000000000091,0.6555555555555657,0.9322033898304556,33.333333333333336,0
1489,957.7777777777778,0.650000000000091,0.7027777777777828,0.6555555555555657,0.991525423728937,36.111111111111114,0
1490,958.4805555555556,0.7027777777777828,0.6888888888888687,0.6555555555555657,1.072033898305076,36.111111111111114,0
1491,959.1694444444445,0.6888888888888687,0.6888888888888687,0.6555555555555657,1.0508474576270717,36.111111111111114,0
1492,959.8583333333333,0.6888888888888687,0.6555555555555657,0.6555555555555657,1.0508474576270717,33.333333333333336,0
1493,960.5138888888889,0.6555555555555657,0.6527777777777146,0.6555555555555657,1.0,33.333333333333336,0
1494,961.1666666666666,0.6527777777777146,0.6611111111111541,0.6555555555555657,0.9957627118642951,36.111111111111114,0
1495,961.8277777777778,0.6611111111111541,0.6749999999999545,0.6555555555555657,1.0084745762712364,33.333333333333336,0
1496,962.5027777777777,0.6749999999999545,0.6972222222223081,0.6555555555555657,1.0296610169490672,36.111111111111114,0
1497,963.2,0.6972222222223081,0.6527777777777146,0.6555555555555657,1.063559322034013,36.111111111111114,0
1498,963.8527777777778,0.6527777777777146,0.6638888888888914,0.6555555555555657,0.9957627118642951,36.111111111111114,0
1499,964.5166666666667,0.6638888888888914,0.6527777777778283,0.6555555555555657,1.0127118644067679,36.111111111111114,0
1500,965.1694444444445,0.6527777777778283,0.6666666666666288,0.6555555555555657,0.9957627118644685,36.111111111111114,0
1501,965.8361111111111,0.6666666666666288,0.6333333333333258,0.6555555555555657,1.0169491525422993,33.333333333333336,0
1502,966.4694444444444,0.6333333333333258,0.6111111111110858,0.6555555555555657,0.9661016949152278,33.333333333333336,0
1503,967.0805555555555,0.6111111111110858,0.6333333333333258,0.6555555555555657,0.9322033898304556,33.333333333333336,0
1504,967.7138888888888,0.6333333333333258,0.6861111111111313,0.6555555555555657,0.9661016949152278,33.333333333333336,0
1505,968.4,0.6861111111111313,0.7333333333333485,0.6555555555555657,1.0466101694915402,33.333333333333336,0
1506,969.1333333333333,0.7333333333333485,0.7416666666666742,0.6555555555555657,1.118644067796616,38.888888888888886,0
1507,969.875,0.7416666666666742,0.7194444444444343,0.6555555555555657,1.131355932203384,36.111111111111114,0
1508,970.5944444444444,0.7194444444444343,0.6944444444444571,0.6555555555555657,1.0974576271186118,36.111111111111114,0
1509,971.2888888888889,0.6944444444444571,0.6638888888888914,0.6555555555555657,1.059322033898308,38.888888888888886,0
1510,971.9527777777778,0.6638888888888914,0.6555555555555657,0.6555555555555657,1.0127118644067679,36.111111111111114,0
1511,972.6083333333333,0.6555555555555657,0.6222222222222626,0.6555555555555657,1.0,36.111111111111114,0
1512,973.2305555555556,0.6222222222222626,0.6305555555554747,0.6555555555555657,0.9491525423729283,36.111111111111114,0
1513,973.8611111111111,0.6305555555554747,0.6694444444444798,0.6555555555555657,0.9618644067795229,36.111111111111114,0
1514,974.5305555555556,0.6694444444444798,0.7250000000000227,0.6555555555555657,1.0211864406780042,38.888888888888886,0
1515,975.2555555555556,0.7250000000000227,0.7555555555554747,0.6555555555555657,1.1059322033898482,36.111111111111114,0
1516,976.0111111111111,0.7555555555554747,0.7833333333334167,0.6555555555555657,1.1525423728812147,36.111111111111114,0
1517,976.7944444444445,0.7833333333334167,0.6999999999999318,0.6555555555555657,1.1949152542373969,38.888888888888886,0
1518,977.4944444444444,0.6999999999999318,0.6861111111111313,0.6555555555555657,1.067796610169371,36.111111111111114,0
1519,978.1805555555555,0.6861111111111313,0.6805555555555429,0.6555555555555657,1.0466101694915402,38.888888888888886,0
1520,978.8611111111111,0.6805555555555429,0.6750000000000682,0.6555555555555657,1.0381355932203038,33.333333333333336,0
1521,979.5361111111112,0.6750000000000682,0.622222222222149,0.6555555555555657,1.0296610169492406,36.111111111111114,0
1522,980.1583333333333,0.622222222222149,0.6166666666666742,0.6555555555555657,0.9491525423727549,36.111111111111114,0
1523,980.775,0.6166666666666742,0.6527777777778283,0.6555555555555657,0.940677966101692,36.111111111111114,0
1524,981.4277777777778,0.6527777777778283,0.6805555555555429,0.6555555555555657,0.9957627118644685,36.111111111111114,0
1525,982.1083333333333,0.6805555555555429,0.7111111111111086,0.6555555555555657,1.0381355932203038,36.111111111111114,0
1526,982.8194444444445,0.7111111111111086,0.6777777777778056,0.6555555555555657,1.0847457627118438,38.888888888888886,0
1527,983.4972222222223,0.6777777777778056,0.6861111111110176,0.6555555555555657,1.0338983050847723,36.111111111111114,0
1528,984.1833333333333,0.6861111111110176,0.7444444444445253,0.6555555555555657,1.0466101694913668,38.888888888888886,0
1529,984.9277777777778,0.7444444444445253,0.7555555555554747,0.6555555555555657,1.1355932203390888,36.111111111111114,0
1530,985.6833333333333,0.7555555555554747,0.7277777777778738,0.6555555555555657,1.1525423728812147,36.111111111111114,0
1531,986.4111111111112,0.7277777777778738,0.6805555555555429,0.6555555555555657,1.110169491525553,38.888888888888886,0
1532,987.0916666666667,0.6805555555555429,0.6805555555555429,0.6555555555555657,1.0381355932203038,36.111111111111114,0
1533,987.7722222222222,0.6805555555555429,0.6638888888888914,0.6555555555555657,1.0381355932203038,36.111111111111114,0
1534,988.4361111111111,0.6638888888888914,0.6472222222222399,0.6555555555555657,1.0127118644067679,38.888888888888886,0
1535,989.0833333333334,0.6472222222222399,0.658333333333303,0.6555555555555657,0.9872881355932321,36.111111111111114,0
1536,989.7416666666667,0.658333333333303,0.6472222222222399,0.6555555555555657,1.0042372881355315,36.111111111111114,0
1537,990.3888888888889,0.6472222222222399,0.6361111111110631,0.6555555555555657,0.9872881355932321,36.111111111111114,0
1538,991.025,0.6361111111110631,0.6861111111111313,0.6555555555555657,0.9703389830507593,36.111111111111114,0
1539,991.7111111111111,0.6861111111111313,0.7222222222221717,0.6555555555555657,1.0466101694915402,36.111111111111114,0
1540,992.4333333333333,0.7222222222221717,0.7444444444445253,0.6555555555555657,1.1016949152541433,36.111111111111114,0
1541,993.1777777777778,0.7444444444445253,0.7083333333332575,0.6555555555555657,1.1355932203390888,36.111111111111114,0
1542,993.8861111111111,0.7083333333332575,0.75,0.6555555555555657,1.0805084745761389,36.111111111111114,0
1543,994.6361111111111,0.75,0.7555555555555884,0.6555555555555657,1.1440677966101518,38.888888888888886,0
1544,995.3916666666667,0.7555555555555884,0.7111111111111086,0.6555555555555657,1.1525423728813882,36.111111111111114,0
1545,996.1027777777778,0.7111111111111086,0.6861111111111313,0.6555555555555657,1.0847457627118438,36.111111111111114,0
1546,996.7888888888889,0.6861111111111313,0.6166666666666742,0.6555555555555657,1.0466101694915402,36.111111111111114,0
1547,997.4055555555556,0.6166666666666742,0.6277777777777374,0.6555555555555657,0.940677966101692,36.111111111111114,0
1548,998.0333333333333,0.6277777777777374,0.6638888888888914,0.6555555555555657,0.9576271186439914,36.111111111111114,0
1549,998.6972222222222,0.6638888888888914,0.6694444444444798,0.6555555555555657,1.0127118644067679,36.111111111111114,0
1550,999.3666666666667,0.6694444444444798,0.6749999999999545,0.6555555555555657,1.0211864406780042,36.111111111111114,0
1551,1000.0416666666666,0.6749999999999545,0.6666666666667425,0.6555555555555657,1.0296610169490672,36.111111111111114,0
1552,1000.7083333333334,0.6666666666667425,0.6805555555555429,0.6555555555555657,1.0169491525424728,36.111111111111114,0
1553,1001.3888888888889,0.6805555555555429,0.6694444444443661,0.6555555555555657,1.0381355932203038,36.111111111111114,0
1554,1002.0583333333333,0.6694444444443661,0.6805555555556566,0.6555555555555657,1.0211864406778308,33.333333333333336,0
1555,1002.7388888888889,0.6805555555556566,0.6444444444443889,0.6555555555555657,1.0381355932204772,36.111111111111114,0
1556,1003.3833333333333,0.6444444444443889,0.6638888888888914,0.6555555555555657,0.9830508474575271,36.111111111111114,0
1557,1004.0472222222222,0.6638888888888914,0.7111111111111086,0.6555555555555657,1.0127118644067679,36.111111111111114,0
1558,1004.7583333333333,0.7111111111111086,0.7027777777777828,0.6555555555555657,1.0847457627118438,36.111111111111114,0
1559,1005.4611111111111,0.7027777777777828,0.6944444444444571,0.6555555555555657,1.072033898305076,36.111111111111114,0
1560,1006.1555555555556,0.6944444444444571,0.7388888888888232,0.6555555555555657,1.059322033898308,36.111111111111114,0
1561,1006.8944444444444,0.7388888888888232,0.7111111111112223,0.6555555555555657,1.127118644067679,36.111111111111114,0
1562,1007.6055555555556,0.7111111111112223,0.6499999999999773,0.6555555555555657,1.0847457627120172,38.888888888888886,0
1563,1008.2555555555556,0.6499999999999773,0.625,0.6555555555555657,0.9915254237287636,33.333333333333336,0
1564,1008.8805555555556,0.625,0.6638888888888914,0.6555555555555657,0.9533898305084599,33.333333333333336,0
1565,1009.5444444444445,0.6638888888888914,0.6555555555555657,0.6555555555555657,1.0127118644067679,36.111111111111114,0
1566,1010.2,0.6555555555555657,0.6527777777777146,0.6555555555555657,1.0,36.111111111111114,0
1567,1010.8527777777778,0.6527777777777146,0.6611111111111541,0.6555555555555657,0.9957627118642951,36.111111111111114,0
1568,1011.5138888888889,0.6611111111111541,0.6638888888888914,0.6555555555555657,1.0084745762712364,36.111111111111114,0
1569,1012.1777777777778,0.6638888888888914,0.6888888888888687,0.6555555555555657,1.0127118644067679,36.111111111111114,0
1570,1012.8666666666667,0.6888888888888687,0.6499999999999773,0.6555555555555657,1.0508474576270717,36.111111111111114,0
1571,1013.5166666666667,0.6499999999999773,0.6444444444445026,0.6555555555555657,0.9915254237287636,36.111111111111114,0
1572,1014.1611111111112,0.6444444444445026,0.6333333333333258,0.6555555555555657,0.9830508474577005,38.888888888888886,0
1573,1014.7944444444445,0.6333333333333258,0.6555555555555657,0.6555555555555657,0.9661016949152278,36.111111111111114,0
1574,1015.45,0.6555555555555657,0.6833333333332803,0.6555555555555657,1.0,36.111111111111114,0
1575,1016.1333333333333,0.6833333333332803,0.658333333333303,0.6555555555555657,1.0423728813558353,33.333333333333336,0
1576,1016.7916666666666,0.658333333333303,0.6444444444445026,0.6555555555555657,1.0042372881355315,36.111111111111114,0
1577,1017.4361111111111,0.6444444444445026,0.6499999999999773,0.6555555555555657,0.9830508474577005,38.888888888888886,0
1578,1018.0861111111111,0.6499999999999773,0.6499999999999773,0.6555555555555657,0.9915254237287636,36.111111111111114,0
1579,1018.7361111111111,0.6499999999999773,0.6305555555555884,0.6555555555555657,0.9915254237287636,33.333333333333336,0
1580,1019.3666666666667,0.6305555555555884,0.6083333333333485,0.6555555555555657,0.9618644067796963,33.333333333333336,0
1581,1019.975,0.6083333333333485,0.5611111111111313,0.6555555555555657,0.9279661016949241,33.333333333333336,0
1582,1020.5361111111112,0.5611111111111313,0.5527777777776919,0.6555555555555657,0.8559322033898481,33.333333333333336,0
1583,1021.0888888888888,0.5527777777776919,0.5805555555556339,0.6555555555555657,0.8432203389829068,30.555555555555557,0
1584,1021.6694444444445,0.5805555555556339,0.6333333333333258,0.6555555555555657,0.8855932203390888,33.333333333333336,0
1585,1022.3027777777778,0.6333333333333258,0.658333333333303,0.6555555555555657,0.9661016949152278,33.333333333333336,0
1586,1022.9611111111111,0.658333333333303,0.6805555555555429,0.6555555555555657,1.0042372881355315,36.111111111111114,0
1587,1023.6416666666667,0.6805555555555429,0.6749999999999545,0.6555555555555657,1.0381355932203038,36.111111111111114,0
1588,1024.3166666666666,0.6749999999999545,0.6611111111112677,0.6555555555555657,1.0296610169490672,36.111111111111114,0
1589,1024.9777777777779,0.6611111111112677,0.6472222222221262,0.6555555555555657,1.0084745762714098,33.333333333333336,0
1590,1025.625,0.6472222222221262,0.6166666666665606,0.6555555555555657,0.9872881355930587,36.111111111111114,0
1591,1026.2416666666666,0.6166666666665606,0.6194444444445253,0.6555555555555657,0.9406779661015185,33.333333333333336,0
1592,1026.861111111111,0.6194444444445253,0.5750000000000455,0.6555555555555657,0.9449152542373969,33.333333333333336,0
1593,1027.4361111111111,0.5750000000000455,0.5833333333332575,0.6555555555555657,0.8771186440678524,33.333333333333336,0
1594,1028.0194444444444,0.5833333333332575,0.6361111111111768,0.6555555555555657,0.8898305084744469,33.333333333333336,0
1595,1028.6555555555556,0.6361111111111768,0.6388888888889142,0.6555555555555657,0.9703389830509327,33.333333333333336,0
1596,1029.2944444444445,0.6388888888889142,0.6749999999999545,0.6555555555555657,0.9745762711864642,33.333333333333336,0
1597,1029.9694444444444,0.6749999999999545,0.7138888888889596,0.6555555555555657,1.0296610169490672,36.111111111111114,0
1598,1030.6833333333334,0.7138888888889596,0.6944444444443434,0.6555555555555657,1.0889830508475487,36.111111111111114,0
1599,1031.3777777777777,0.6944444444443434,0.6694444444444798,0.6555555555555657,1.0593220338981346,36.111111111111114,0
1600,1032.0472222222222,0.6694444444444798,0.6194444444445253,0.6555555555555657,1.0211864406780042,33.333333333333336,0
1601,1032.6666666666667,0.6194444444445253,0.6638888888887777,0.6555555555555657,0.9449152542373969,30.555555555555557,0
1602,1033.3305555555555,0.6638888888887777,0.6749999999999545,0.6555555555555657,1.0127118644065944,33.333333333333336,0
1603,1034.0055555555555,0.6749999999999545,0.6972222222223081,0.6555555555555657,1.0296610169490672,33.333333333333336,0
1604,1034.7027777777778,0.6972222222223081,0.7055555555555202,0.6555555555555657,1.063559322034013,33.333333333333336,0
1605,1035.4083333333333,0.7055555555555202,0.7027777777777828,0.6555555555555657,1.0762711864406074,36.111111111111114,0
1606,1036.111111111111,0.7027777777777828,0.6611111111110404,0.6555555555555657,1.072033898305076,33.333333333333336,0
1607,1036.7722222222221,0.6611111111110404,0.6166666666667879,0.6555555555555657,1.008474576271063,33.333333333333336,0
1608,1037.388888888889,0.6166666666667879,0.6055555555556111,0.6555555555555657,0.9406779661018654,36.111111111111114,0
1609,1037.9944444444445,0.6055555555556111,0.5888888888887323,0.6555555555555657,0.9237288135593926,33.333333333333336,0
1610,1038.5833333333333,0.5888888888887323,0.5750000000000455,0.6555555555555657,0.89830508474551,33.333333333333336,0
1611,1039.1583333333333,0.5750000000000455,0.5777777777777828,0.6555555555555657,0.8771186440678524,33.333333333333336,0
1612,1039.736111111111,0.5777777777777828,0.6111111111110858,0.6555555555555657,0.8813559322033839,30.555555555555557,0
1613,1040.3472222222222,0.6111111111110858,0.6555555555555657,0.6555555555555657,0.9322033898304556,33.333333333333336,0
1614,1041.0027777777777,0.6555555555555657,0.6861111111111313,0.6555555555555657,1.0,33.333333333333336,0
1615,1041.6888888888889,0.6861111111111313,0.6611111111110404,0.6555555555555657,1.0466101694915402,36.111111111111114,0
1616,1042.35,0.6611111111110404,0.6666666666667425,0.6555555555555657,1.008474576271063,36.111111111111114,0
1617,1043.0166666666667,0.6666666666667425,0.691666666666606,0.6555555555555657,1.0169491525424728,33.333333333333336,0
1618,1043.7083333333333,0.691666666666606,0.6361111111111768,0.6555555555555657,1.0550847457626031,33.333333333333336,0
1619,1044.3444444444444,0.6361111111111768,0.6111111111110858,0.6555555555555657,0.9703389830509327,33.333333333333336,0
1620,1044.9555555555555,0.6111111111110858,0.6111111111110858,0.6555555555555657,0.9322033898304556,36.111111111111114,0
1621,1045.5666666666666,0.6111111111110858,0.6055555555556111,0.6555555555555657,0.9322033898304556,33.333333333333336,0
1622,1046.1722222222222,0.6055555555556111,0.6111111111110858,0.6555555555555657,0.9237288135593926,33.333333333333336,0
1623,1046.7833333333333,0.6111111111110858,0.625,0.6555555555555657,0.9322033898304556,33.333333333333336,0
1624,1047.4083333333333,0.625,0.6416666666666515,0.6555555555555657,0.9533898305084599,36.111111111111114,0
1625,1048.05,0.6416666666666515,0.6333333333334394,0.6555555555555657,0.9788135593219957,33.333333333333336,0
1626,1048.6833333333334,0.6333333333334394,0.6416666666666515,0.6555555555555657,0.9661016949154012,33.333333333333336,0
1627,1049.325,0.6416666666666515,0.6444444444443889,0.6555555555555657,0.9788135593219957,36.111111111111114,0
1628,1049.9694444444444,0.6444444444443889,0.6472222222221262,0.6555555555555657,0.9830508474575271,30.555555555555557,0
1629,1050.6166666666666,0.6472222222221262,0.6416666666668789,0.6555555555555657,0.9872881355930587,33.333333333333336,0
1630,1051.2583333333334,0.6416666666668789,0.6277777777777374,0.6555555555555657,0.9788135593223425,33.333333333333336,0
1631,1051.8861111111112,0.6277777777777374,0.6361111111109494,0.6555555555555657,0.9576271186439914,33.333333333333336,0
1632,1052.5222222222221,0.6361111111109494,0.6361111111111768,0.6555555555555657,0.9703389830505859,33.333333333333336,0
1633,1053.1583333333333,0.6361111111111768,0.6666666666667425,0.6555555555555657,0.9703389830509327,33.333333333333336,0
1634,1053.825,0.6666666666667425,0.6944444444443434,0.6555555555555657,1.0169491525424728,33.333333333333336,0
1635,1054.5194444444444,0.6944444444443434,0.6666666666667425,0.6555555555555657,1.0593220338981346,36.111111111111114,0
1636,1055.1861111111111,0.6666666666667425,0.6611111111110404,0.6555555555555657,1.0169491525424728,33.333333333333336,0
1637,1055.8472222222222,0.6611111111110404,0.6388888888889142,0.6555555555555657,1.008474576271063,33.333333333333336,0
1638,1056.486111111111,0.6388888888889142,0.6138888888888232,0.6555555555555657,0.9745762711864642,36.111111111111114,0
1639,1057.1,0.6138888888888232,0.6083333333333485,0.6555555555555657,0.9364406779659871,36.111111111111114,0
1640,1057.7083333333333,0.6083333333333485,0.6055555555556111,0.6555555555555657,0.9279661016949241,33.333333333333336,0
1641,1058.3138888888889,0.6055555555556111,0.6333333333334394,0.6555555555555657,0.9237288135593926,33.333333333333336,0
1642,1058.9472222222223,0.6333333333334394,0.6666666666665151,0.6555555555555657,0.9661016949154012,38.888888888888886,0
1643,1059.6138888888888,0.6666666666665151,0.6416666666666515,0.6555555555555657,1.016949152542126,33.333333333333336,0
1644,1060.2555555555555,0.6416666666666515,0.6333333333334394,0.6555555555555657,0.9788135593219957,36.111111111111114,0
1645,1060.888888888889,0.6333333333334394,0.6333333333332121,0.6555555555555657,0.9661016949154012,36.111111111111114,0
1646,1061.5222222222221,0.6333333333332121,0.6361111111111768,0.6555555555555657,0.9661016949150544,36.111111111111114,0
1647,1062.1583333333333,0.6361111111111768,0.6083333333333485,0.6555555555555657,0.9703389830509327,33.333333333333336,0
1648,1062.7666666666667,0.6083333333333485,0.5861111111112223,0.6555555555555657,0.9279661016949241,33.333333333333336,0
1649,1063.3527777777779,0.5861111111112223,0.5916666666664696,0.6555555555555657,0.8940677966103253,33.333333333333336,0
1650,1063.9444444444443,0.5916666666664696,0.6194444444445253,0.6555555555555657,0.9025423728810414,33.333333333333336,0
1651,1064.5638888888889,0.6194444444445253,0.6416666666666515,0.6555555555555657,0.9449152542373969,36.111111111111114,0
1652,1065.2055555555555,0.6416666666666515,0.6388888888889142,0.6555555555555657,0.9788135593219957,36.111111111111114,0
1653,1065.8444444444444,0.6388888888889142,0.6638888888890051,0.6555555555555657,0.9745762711864642,36.111111111111114,0
1654,1066.5083333333334,0.6638888888890051,0.6749999999999545,0.6555555555555657,1.0127118644069413,36.111111111111114,0
1655,1067.1833333333334,0.6749999999999545,0.6611111111110404,0.6555555555555657,1.0296610169490672,33.333333333333336,0
1656,1067.8444444444444,0.6611111111110404,0.6694444444444798,0.6555555555555657,1.008474576271063,33.333333333333336,0
1657,1068.513888888889,0.6694444444444798,0.6555555555555657,0.6555555555555657,1.0211864406780042,33.333333333333336,0
1658,1069.1694444444445,0.6555555555555657,0.6305555555554747,0.6555555555555657,1.0,33.333333333333336,0
1659,1069.8,0.6305555555554747,0.6055555555556111,0.6555555555555657,0.9618644067795229,33.333333333333336,0
1660,1070.4055555555556,0.6055555555556111,0.5944444444444343,0.6555555555555657,0.9237288135593926,33.333333333333336,0
1661,1071.0,0.5944444444444343,0.6055555555556111,0.6555555555555657,0.9067796610169198,33.333333333333336,0
1662,1071.6055555555556,0.6055555555556111,0.5888888888887323,0.6555555555555657,0.9237288135593926,36.111111111111114,0
1663,1072.1944444444443,0.5888888888887323,0.591666666666697,0.6555555555555657,0.89830508474551,33.333333333333336,0
1664,1072.786111111111,0.591666666666697,0.625,0.6555555555555657,0.9025423728813883,33.333333333333336,0
1665,1073.411111111111,0.625,0.6166666666667879,0.6555555555555657,0.9533898305084599,33.333333333333336,0
1666,1074.0277777777778,0.6166666666667879,0.6166666666665606,0.6555555555555657,0.9406779661018654,33.333333333333336,0
1667,1074.6444444444444,0.6166666666665606,0.6388888888889142,0.6555555555555657,0.9406779661015185,33.333333333333336,0
1668,1075.2833333333333,0.6388888888889142,0.6305555555554747,0.6555555555555657,0.9745762711864642,36.111111111111114,0
1669,1075.9138888888888,0.6305555555554747,0.6416666666668789,0.6555555555555657,0.9618644067795229,36.111111111111114,0
1670,1076.5555555555557,0.6416666666668789,0.6333333333332121,0.6555555555555657,0.9788135593223425,33.333333333333336,0
1671,1077.1888888888889,0.6333333333332121,0.6527777777778283,0.6555555555555657,0.9661016949150544,36.111111111111114,0
1672,1077.8416666666667,0.6527777777778283,0.6805555555554292,0.6555555555555657,0.9957627118644685,36.111111111111114,0
1673,1078.5222222222221,0.6805555555554292,0.6666666666667425,0.6555555555555657,1.0381355932201304,36.111111111111114,0
1674,1079.1888888888889,0.6666666666667425,0.6388888888889142,0.6555555555555657,1.0169491525424728,33.333333333333336,0
1675,1079.8277777777778,0.6388888888889142,0.6138888888888232,0.6555555555555657,0.9745762711864642,33.333333333333336,0
1676,1080.4416666666666,0.6138888888888232,0.6055555555556111,0.6555555555555657,0.9364406779659871,33.333333333333336,0
1677,1081.0472222222222,0.6055555555556111,0.6111111111110858,0.6555555555555657,0.9237288135593926,30.555555555555557,0
1678,1081.6583333333333,0.6111111111110858,0.6111111111110858,0.6555555555555657,0.9322033898304556,33.333333333333336,0
1679,1082.2694444444444,0.6111111111110858,0.6222222222222626,0.6555555555555657,0.9322033898304556,33.333333333333336,0
1680,1082.8916666666667,0.6222222222222626,0.6472222222221262,0.6555555555555657,0.9491525423729283,33.333333333333336,0
1681,1083.5388888888888,0.6472222222221262,0.6527777777778283,0.6555555555555657,0.9872881355930587,33.333333333333336,0
1682,1084.1916666666666,0.6527777777778283,0.6444444444446162,0.6555555555555657,0.9957627118644685,36.111111111111114,0
1683,1084.8361111111112,0.6444444444446162,0.6388888888886868,0.6555555555555657,0.9830508474578741,33.333333333333336,0
1684,1085.475,0.6388888888886868,0.6388888888889142,0.6555555555555657,0.9745762711861173,36.111111111111114,0
1685,1086.1138888888888,0.6388888888889142,0.6194444444445253,0.6555555555555657,0.9745762711864642,33.333333333333336,0
1686,1086.7333333333333,0.6194444444445253,0.6194444444445253,0.6555555555555657,0.9449152542373969,33.333333333333336,0
1687,1087.3527777777779,0.6194444444445253,0.6027777777776464,0.6555555555555657,0.9449152542373969,33.333333333333336,0
1688,1087.9555555555555,0.6027777777776464,0.6194444444445253,0.6555555555555657,0.9194915254235142,33.333333333333336,0
1689,1088.575,0.6194444444445253,0.6499999999998636,0.6555555555555657,0.9449152542373969,33.333333333333336,0
1690,1089.225,0.6499999999998636,0.6333333333334394,0.6555555555555657,0.9915254237285902,33.333333333333336,0
1691,1089.8583333333333,0.6333333333334394,0.6555555555555657,0.6555555555555657,0.9661016949154012,33.333333333333336,0
1692,1090.513888888889,0.6555555555555657,0.6305555555554747,0.6555555555555657,1.0,36.111111111111114,0
1693,1091.1444444444444,0.6305555555554747,0.5944444444444343,0.6555555555555657,0.9618644067795229,33.333333333333336,0
1694,1091.7388888888888,0.5944444444444343,0.5888888888889596,0.6555555555555657,0.9067796610169198,33.333333333333336,0
1695,1092.3277777777778,0.5888888888889596,0.5972222222221717,0.6555555555555657,0.8983050847458568,33.333333333333336,0
1696,1092.925,0.5972222222221717,0.5972222222221717,0.6555555555555657,0.9110169491524512,33.333333333333336,0
1697,1093.5222222222221,0.5972222222221717,0.6166666666667879,0.6555555555555657,0.9110169491524512,33.333333333333336,0
1698,1094.138888888889,0.6166666666667879,0.6305555555554747,0.6555555555555657,0.9406779661018654,33.333333333333336,0
1699,1094.7694444444444,0.6305555555554747,0.6555555555555657,0.6555555555555657,0.9618644067795229,33.333333333333336,0
1700,1095.425,0.6555555555555657,0.6361111111111768,0.6555555555555657,1.0,33.333333333333336,0
1701,1096.0611111111111,0.6361111111111768,0.6694444444444798,0.6555555555555657,0.9703389830509327,33.333333333333336,0
1702,1096.7305555555556,0.6694444444444798,0.6972222222220807,0.6555555555555657,1.0211864406780042,33.333333333333336,0
1703,1097.4277777777777,0.6972222222220807,0.6666666666667425,0.6555555555555657,1.063559322033666,36.111111111111114,0
1704,1098.0944444444444,0.6666666666667425,0.650000000000091,0.6555555555555657,1.0169491525424728,33.333333333333336,0
1705,1098.7444444444445,0.650000000000091,0.6833333333331666,0.6555555555555657,0.991525423728937,33.333333333333336,0
1706,1099.4277777777777,0.6833333333331666,0.7055555555557476,0.6555555555555657,1.0423728813556619,33.333333333333336,0
1707,1100.1333333333334,0.7055555555557476,0.686111111110904,0.6555555555555657,1.0762711864409542,36.111111111111114,0
1708,1100.8194444444443,0.686111111110904,0.6944444444445708,0.6555555555555657,1.0466101694911933,36.111111111111114,0
1709,1101.513888888889,0.6944444444445708,0.7194444444444343,0.6555555555555657,1.0593220338984815,38.888888888888886,0
1710,1102.2333333333333,0.7194444444444343,0.691666666666606,0.6555555555555657,1.0974576271186118,38.888888888888886,0
1711,1102.925,0.691666666666606,0.7305555555556111,0.6555555555555657,1.0550847457626031,36.111111111111114,0
1712,1103.6555555555556,0.7305555555556111,0.6861111111111313,0.6555555555555657,1.1144067796610846,36.111111111111114,0
1713,1104.3416666666667,0.6861111111111313,0.6805555555554292,0.6555555555555657,1.0466101694915402,36.111111111111114,0
1714,1105.0222222222221,0.6805555555554292,0.6472222222223536,0.6555555555555657,1.0381355932201304,36.111111111111114,0
1715,1105.6694444444445,0.6472222222223536,0.6388888888889142,0.6555555555555657,0.9872881355934056,33.333333333333336,0
1716,1106.3083333333334,0.6388888888889142,0.6861111111111313,0.6555555555555657,0.9745762711864642,38.888888888888886,0
1717,1106.9944444444445,0.6861111111111313,0.7444444444442979,0.6555555555555657,1.0466101694915402,38.888888888888886,0
1718,1107.7388888888888,0.7444444444442979,0.7388888888890506,0.6555555555555657,1.135593220338742,36.111111111111114,0
1719,1108.4777777777779,0.7388888888890506,0.6944444444443434,0.6555555555555657,1.1271186440680259,36.111111111111114,0
1720,1109.1722222222222,0.6944444444443434,0.6722222222222172,0.6555555555555657,1.0593220338981346,36.111111111111114,0
1721,1109.8444444444444,0.6722222222222172,0.6777777777776919,0.6555555555555657,1.0254237288135357,38.888888888888886,0
1722,1110.5222222222221,0.6777777777776919,0.6527777777778283,0.6555555555555657,1.033898305084599,36.111111111111114,0
1723,1111.175,0.6527777777778283,0.6611111111112677,0.6555555555555657,0.9957627118644685,36.111111111111114,0
1724,1111.8361111111112,0.6611111111112677,0.6111111111110858,0.6555555555555657,1.0084745762714098,33.333333333333336,0
1725,1112.4472222222223,0.6111111111110858,0.625,0.6555555555555657,0.9322033898304556,36.111111111111114,0
1726,1113.0722222222223,0.625,0.6666666666665151,0.6555555555555657,0.9533898305084599,38.888888888888886,0
1727,1113.7388888888888,0.6666666666665151,0.6944444444445708,0.6555555555555657,1.016949152542126,38.888888888888886,0
1728,1114.4333333333334,0.6944444444445708,0.691666666666606,0.6555555555555657,1.0593220338984815,38.888888888888886,0
1729,1115.125,0.691666666666606,0.7138888888889596,0.6555555555555657,1.0550847457626031,41.666666666666664,0
1730,1115.838888888889,0.7138888888889596,0.691666666666606,0.6555555555555657,1.0889830508475487,36.111111111111114,0
1731,1116.5305555555556,0.691666666666606,0.6555555555555657,0.6555555555555657,1.0550847457626031,38.888888888888886,0
1732,1117.1861111111111,0.6555555555555657,0.6388888888889142,0.6555555555555657,1.0,36.111111111111114,0
1733,1117.825,0.6388888888889142,0.658333333333303,0.6555555555555657,0.9745762711864642,36.111111111111114,0
1734,1118.4833333333333,0.658333333333303,0.6666666666667425,0.6555555555555657,1.0042372881355315,38.888888888888886,0
1735,1119.15,0.6666666666667425,0.6805555555554292,0.6555555555555657,1.0169491525424728,38.888888888888886,0
1736,1119.8305555555555,0.6805555555554292,0.6527777777778283,0.6555555555555657,1.0381355932201304,36.111111111111114,0
1737,1120.4833333333333,0.6527777777778283,0.6694444444444798,0.6555555555555657,0.9957627118644685,38.888888888888886,0
1738,1121.1527777777778,0.6694444444444798,0.6861111111111313,0.6555555555555657,1.0211864406780042,38.888888888888886,0
1739,1121.838888888889,0.6861111111111313,0.6666666666665151,0.6555555555555657,1.0466101694915402,36.111111111111114,0
1740,1122.5055555555555,0.6666666666665151,0.6527777777778283,0.6555555555555657,1.016949152542126,36.111111111111114,0
1741,1123.1583333333333,0.6527777777778283,0.6666666666667425,0.6555555555555657,0.9957627118644685,36.111111111111114,0
1742,1123.825,0.6666666666667425,0.6444444444443889,0.6555555555555657,1.0169491525424728,36.111111111111114,0
1743,1124.4694444444444,0.6444444444443889,0.6416666666666515,0.6555555555555657,0.9830508474575271,36.111111111111114,0
1744,1125.111111111111,0.6416666666666515,0.6638888888890051,0.6555555555555657,0.9788135593219957,36.111111111111114,0
1745,1125.775,0.6638888888890051,0.6861111111111313,0.6555555555555657,1.0127118644069413,36.111111111111114,0
1746,1126.4611111111112,0.6861111111111313,0.6694444444442524,0.6555555555555657,1.0466101694915402,38.888888888888886,0
1747,1127.1305555555555,0.6694444444442524,0.6527777777778283,0.6555555555555657,1.0211864406776574,38.888888888888886,0
1748,1127.7833333333333,0.6527777777778283,0.6361111111111768,0.6555555555555657,0.9957627118644685,36.111111111111114,0
1749,1128.4194444444445,0.6361111111111768,0.6222222222222626,0.6555555555555657,0.9703389830509327,36.111111111111114,0
1750,1129.0416666666667,0.6222222222222626,0.6333333333332121,0.6555555555555657,0.9491525423729283,36.111111111111114,0
1751,1129.675,0.6333333333332121,0.6444444444443889,0.6555555555555657,0.9661016949150544,36.111111111111114,0
1752,1130.3194444444443,0.6444444444443889,0.6805555555556566,0.6555555555555657,0.9830508474575271,41.666666666666664,0
1753,1131.0,0.6805555555556566,0.7111111111112223,0.6555555555555657,1.0381355932204772,36.111111111111114,0
1754,1131.7111111111112,0.7111111111112223,0.6805555555554292,0.6555555555555657,1.0847457627120172,36.111111111111114,0
1755,1132.3916666666667,0.6805555555554292,0.6861111111111313,0.6555555555555657,1.0381355932201304,38.888888888888886,0
1756,1133.0777777777778,0.6861111111111313,0.683333333333394,0.6555555555555657,1.0466101694915402,38.888888888888886,0
1757,1133.7611111111112,0.683333333333394,0.6944444444443434,0.6555555555555657,1.0423728813560087,36.111111111111114,0
1758,1134.4555555555555,0.6944444444443434,0.6638888888890051,0.6555555555555657,1.0593220338981346,38.888888888888886,0
1759,1135.1194444444445,0.6638888888890051,0.6444444444443889,0.6555555555555657,1.0127118644069413,36.111111111111114,0
1760,1135.763888888889,0.6444444444443889,0.6222222222222626,0.6555555555555657,0.9830508474575271,36.111111111111114,0
1761,1136.3861111111112,0.6222222222222626,0.6388888888889142,0.6555555555555657,0.9491525423729283,36.111111111111114,0
1762,1137.025,0.6388888888889142,0.6638888888887777,0.6555555555555657,0.9745762711864642,38.888888888888886,0
1763,1137.6888888888889,0.6638888888887777,0.650000000000091,0.6555555555555657,1.0127118644065944,38.888888888888886,0
1764,1138.338888888889,0.650000000000091,0.6722222222222172,0.6555555555555657,0.991525423728937,38.888888888888886,0
1765,1139.0111111111112,0.6722222222222172,0.658333333333303,0.6555555555555657,1.0254237288135357,38.888888888888886,0
1766,1139.6694444444445,0.658333333333303,0.6361111111111768,0.6555555555555657,1.0042372881355315,38.888888888888886,0
1767,1140.3055555555557,0.6361111111111768,0.6527777777776009,0.6555555555555657,0.9703389830509327,38.888888888888886,0
1768,1140.9583333333333,0.6527777777776009,0.650000000000091,0.6555555555555657,0.9957627118641217,36.111111111111114,0
1769,1141.6083333333333,0.650000000000091,0.6638888888887777,0.6555555555555657,0.991525423728937,36.111111111111114,0
1770,1142.2722222222221,0.6638888888887777,0.7055555555557476,0.6555555555555657,1.0127118644065944,38.888888888888886,0
1771,1142.9777777777779,0.7055555555557476,0.7055555555555202,0.6555555555555657,1.0762711864409542,38.888888888888886,0
1772,1143.6833333333334,0.7055555555555202,0.6777777777776919,0.6555555555555657,1.0762711864406074,36.111111111111114,0
1773,1144.361111111111,0.6777777777776919,0.6805555555556566,0.6555555555555657,1.033898305084599,36.111111111111114,0
1774,1145.0416666666667,0.6805555555556566,0.6638888888887777,0.6555555555555657,1.0381355932204772,36.111111111111114,0
1775,1145.7055555555555,0.6638888888887777,0.6305555555557021,0.6555555555555657,1.0127118644065944,36.111111111111114,0
1776,1146.3361111111112,0.6305555555557021,0.6277777777777374,0.6555555555555657,0.9618644067798697,36.111111111111114,0
1777,1146.963888888889,0.6277777777777374,0.6388888888889142,0.6555555555555657,0.9576271186439914,38.888888888888886,0
1778,1147.6027777777779,0.6388888888889142,0.6333333333332121,0.6555555555555657,0.9745762711864642,36.111111111111114,0
1779,1148.236111111111,0.6333333333332121,0.6472222222223536,0.6555555555555657,0.9661016949150544,36.111111111111114,0
1780,1148.8833333333334,0.6472222222223536,0.6666666666665151,0.6555555555555657,0.9872881355934056,36.111111111111114,0
1781,1149.55,0.6666666666665151,0.7083333333334849,0.6555555555555657,1.016949152542126,38.888888888888886,0
1782,1150.2583333333334,0.7083333333334849,0.724999999999909,0.6555555555555657,1.0805084745764857,36.111111111111114,0
1783,1150.9833333333333,0.724999999999909,0.683333333333394,0.6555555555555657,1.1059322033896748,38.888888888888886,0
1784,1151.6666666666667,0.683333333333394,0.658333333333303,0.6555555555555657,1.0423728813560087,36.111111111111114,0
1785,1152.325,0.658333333333303,0.658333333333303,0.6555555555555657,1.0042372881355315,38.888888888888886,0
1786,1152.9833333333333,0.658333333333303,0.6444444444443889,0.6555555555555657,1.0042372881355315,36.111111111111114,0
1787,1153.6277777777777,0.6444444444443889,0.6361111111111768,0.6555555555555657,0.9830508474575271,36.111111111111114,0
1788,1154.263888888889,0.6361111111111768,0.658333333333303,0.6555555555555657,0.9703389830509327,38.888888888888886,0
1789,1154.9222222222222,0.658333333333303,0.6944444444443434,0.6555555555555657,1.0042372881355315,38.888888888888886,0
1790,1155.6166666666666,0.6944444444443434,0.6805555555556566,0.6555555555555657,1.0593220338981346,38.888888888888886,0
1791,1156.2972222222222,0.6805555555556566,0.6888888888888687,0.6555555555555657,1.0381355932204772,38.888888888888886,0
1792,1156.986111111111,0.6888888888888687,0.6722222222222172,0.6555555555555657,1.0508474576270717,38.888888888888886,0
1793,1157.6583333333333,0.6722222222222172,0.6888888888888687,0.6555555555555657,1.0254237288135357,38.888888888888886,0
1794,1158.3472222222222,0.6888888888888687,0.6555555555555657,0.6555555555555657,1.0508474576270717,38.888888888888886,0
1795,1159.0027777777777,0.6555555555555657,0.6527777777778283,0.6555555555555657,1.0,36.111111111111114,0
1796,1159.6555555555556,0.6527777777778283,0.6527777777778283,0.6555555555555657,0.9957627118644685,38.888888888888886,0
1797,1160.3083333333334,0.6527777777778283,0.6777777777776919,0.6555555555555657,0.9957627118644685,38.888888888888886,0
1798,1160.986111111111,0.6777777777776919,0.7138888888889596,0.6555555555555657,1.033898305084599,36.111111111111114,0
1799,1161.7,0.7138888888889596,0.7055555555555202,0.6555555555555657,1.0889830508475487,38.888888888888886,0
1800,1162.4055555555556,0.7055555555555202,0.6638888888887777,0.6555555555555657,1.0762711864406074,36.111111111111114,0
1801,1163.0694444444443,0.6638888888887777,0.6388888888889142,0.6555555555555657,1.0127118644065944,38.888888888888886,0
1802,1163.7083333333333,0.6388888888889142,0.6166666666667879,0.6555555555555657,0.9745762711864642,36.111111111111114,0
1803,1164.325,0.6166666666667879,0.591666666666697,0.6555555555555657,0.9406779661018654,36.111111111111114,0
1804,1164.9166666666667,0.591666666666697,0.5888888888887323,0.6555555555555657,0.9025423728813883,33.333333333333336,0
1805,1165.5055555555555,0.5888888888887323,0.6166666666667879,0.6555555555555657,0.89830508474551,36.111111111111114,0
1806,1166.1222222222223,0.6166666666667879,0.6194444444442979,0.6555555555555657,0.9406779661018654,36.111111111111114,0
1807,1166.7416666666666,0.6194444444442979,0.6444444444446162,0.6555555555555657,0.94491525423705,33.333333333333336,0
1808,1167.3861111111112,0.6444444444446162,0.6611111111110404,0.6555555555555657,0.9830508474578741,33.333333333333336,0
1809,1168.0472222222222,0.6611111111110404,0.6944444444443434,0.6555555555555657,1.008474576271063,36.111111111111114,0
1810,1168.7416666666666,0.6944444444443434,0.6916666666668334,0.6555555555555657,1.0593220338981346,33.333333333333336,0
1811,1169.4333333333334,0.6916666666668334,0.6499999999998636,0.6555555555555657,1.05508474576295,36.111111111111114,0
1812,1170.0833333333333,0.6499999999998636,0.6555555555555657,0.6555555555555657,0.9915254237285902,33.333333333333336,0
1813,1170.7388888888888,0.6555555555555657,0.6472222222223536,0.6555555555555657,1.0,30.555555555555557,0
1814,1171.3861111111112,0.6472222222223536,0.6138888888888232,0.6555555555555657,0.9872881355934056,33.333333333333336,0
1815,1172.0,0.6138888888888232,0.6083333333333485,0.6555555555555657,0.9364406779659871,33.333333333333336,0
1816,1172.6083333333333,0.6083333333333485,0.6194444444445253,0.6555555555555657,0.9279661016949241,33.333333333333336,0
1817,1173.2277777777779,0.6194444444445253,0.6527777777776009,0.6555555555555657,0.9449152542373969,36.111111111111114,0
1818,1173.8805555555555,0.6527777777776009,0.6638888888890051,0.6555555555555657,0.9957627118641217,36.111111111111114,0
1819,1174.5444444444445,0.6638888888890051,0.6444444444443889,0.6555555555555657,1.0127118644069413,36.111111111111114,0
1820,1175.1888888888889,0.6444444444443889,0.6333333333334394,0.6555555555555657,0.9830508474575271,36.111111111111114,0
1821,1175.8222222222223,0.6333333333334394,0.6166666666665606,0.6555555555555657,0.9661016949154012,33.333333333333336,0
1822,1176.4388888888889,0.6166666666665606,0.625,0.6555555555555657,0.9406779661015185,33.333333333333336,0
1823,1177.0638888888889,0.625,0.6277777777777374,0.6555555555555657,0.9533898305084599,30.555555555555557,0
1824,1177.6916666666666,0.6277777777777374,0.6555555555555657,0.6555555555555657,0.9576271186439914,33.333333333333336,0
1825,1178.3472222222222,0.6555555555555657,0.6722222222222172,0.6555555555555657,1.0,33.333333333333336,0
1826,1179.0194444444444,0.6722222222222172,0.6638888888890051,0.6555555555555657,1.0254237288135357,33.333333333333336,0
1827,1179.6833333333334,0.6638888888890051,0.691666666666606,0.6555555555555657,1.0127118644069413,33.333333333333336,0
1828,1180.375,0.691666666666606,0.6749999999999545,0.6555555555555657,1.0550847457626031,33.333333333333336,0
1829,1181.05,0.6749999999999545,0.683333333333394,0.6555555555555657,1.0296610169490672,33.333333333333336,0
1830,1181.7333333333333,0.683333333333394,0.6527777777778283,0.6555555555555657,1.0423728813560087,33.333333333333336,0
1831,1182.3861111111112,0.6527777777778283,0.6305555555554747,0.6555555555555657,0.9957627118644685,33.333333333333336,0
1832,1183.0166666666667,0.6305555555554747,0.6194444444445253,0.6555555555555657,0.9618644067795229,30.555555555555557,0
1833,1183.6361111111112,0.6194444444445253,0.6138888888888232,0.6555555555555657,0.9449152542373969,33.333333333333336,0
1834,1184.25,0.6138888888888232,0.6361111111111768,0.6555555555555657,0.9364406779659871,30.555555555555557,0
1835,1184.8861111111112,0.6361111111111768,0.6555555555555657,0.6555555555555657,0.9703389830509327,33.333333333333336,0
1836,1185.5416666666667,0.6555555555555657,0.7083333333332575,0.6555555555555657,1.0,33.333333333333336,0
1837,1186.25,0.7083333333332575,0.6888888888888687,0.6555555555555657,1.0805084745761389,36.111111111111114,0
1838,1186.9388888888889,0.6888888888888687,0.683333333333394,0.6555555555555657,1.0508474576270717,36.111111111111114,0
1839,1187.6222222222223,0.683333333333394,0.6749999999999545,0.6555555555555657,1.0423728813560087,33.333333333333336,0
1840,1188.2972222222222,0.6749999999999545,0.6611111111110404,0.6555555555555657,1.0296610169490672,33.333333333333336,0
1841,1188.9583333333333,0.6611111111110404,0.650000000000091,0.6555555555555657,1.008474576271063,33.333333333333336,0
1842,1189.6083333333333,0.650000000000091,0.6611111111110404,0.6555555555555657,0.991525423728937,33.333333333333336,0
1843,1190.2694444444444,0.6611111111110404,0.6555555555555657,0.6555555555555657,1.008474576271063,33.333333333333336,0
1844,1190.925,0.6555555555555657,0.6749999999999545,0.6555555555555657,1.0,33.333333333333336,0
1845,1191.6,0.6749999999999545,0.6694444444444798,0.6555555555555657,1.0296610169490672,36.111111111111114,0
1846,1192.2694444444444,0.6694444444444798,0.6805555555556566,0.6555555555555657,1.0211864406780042,36.111111111111114,0
1847,1192.95,0.6805555555556566,0.691666666666606,0.6555555555555657,1.0381355932204772,36.111111111111114,0
1848,1193.6416666666667,0.691666666666606,0.6722222222222172,0.6555555555555657,1.0550847457626031,36.111111111111114,0
1849,1194.3138888888889,0.6722222222222172,0.6749999999999545,0.6555555555555657,1.0254237288135357,33.333333333333336,0
1850,1194.9888888888888,0.6749999999999545,0.6694444444444798,0.6555555555555657,1.0296610169490672,33.333333333333336,0
1851,1195.6583333333333,0.6694444444444798,0.6694444444444798,0.6555555555555657,1.0211864406780042,33.333333333333336,0
1852,1196.3277777777778,0.6694444444444798,0.658333333333303,0.6555555555555657,1.0211864406780042,33.333333333333336,0
1853,1196.986111111111,0.658333333333303,0.7083333333332575,0.6555555555555657,1.0042372881355315,36.111111111111114,0
1854,1197.6944444444443,0.7083333333332575,0.7194444444444343,0.6555555555555657,1.0805084745761389,36.111111111111114,0
1855,1198.4138888888888,0.7194444444444343,0.6805555555556566,0.6555555555555657,1.0974576271186118,36.111111111111114,0
1856,1199.0944444444444,0.6805555555556566,0.6388888888889142,0.6555555555555657,1.0381355932204772,36.111111111111114,0
1857,1199.7333333333333,0.6388888888889142,0.6111111111110858,0.6555555555555657,0.9745762711864642,33.333333333333336,0
1858,1200.3444444444444,0.6111111111110858,0.591666666666697,0.6555555555555657,0.9322033898304556,33.333333333333336,0
1859,1200.9361111111111,0.591666666666697,0.5972222222221717,0.6555555555555657,0.9025423728813883,36.111111111111114,0
1860,1201.5333333333333,0.5972222222221717,0.6222222222222626,0.6555555555555657,0.9110169491524512,30.555555555555557,0
1861,1202.1555555555556,0.6222222222222626,0.6416666666666515,0.6555555555555657,0.9491525423729283,33.333333333333336,0
1862,1202.7972222222222,0.6416666666666515,0.683333333333394,0.6555555555555657,0.9788135593219957,33.333333333333336,0
1863,1203.4805555555556,0.683333333333394,0.7027777777777828,0.6555555555555657,1.0423728813560087,36.111111111111114,0
1864,1204.1833333333334,0.7027777777777828,0.6666666666665151,0.6555555555555657,1.072033898305076,36.111111111111114,0
1865,1204.85,0.6666666666665151,0.6861111111111313,0.6555555555555657,1.016949152542126,36.111111111111114,0
1866,1205.536111111111,0.6861111111111313,0.6750000000001819,0.6555555555555657,1.0466101694915402,36.111111111111114,0
1867,1206.2111111111112,0.6750000000001819,0.6138888888888232,0.6555555555555657,1.0296610169494143,33.333333333333336,0
1868,1206.825,0.6138888888888232,0.6055555555556111,0.6555555555555657,0.9364406779659871,36.111111111111114,0
1869,1207.4305555555557,0.6055555555556111,0.6083333333331211,0.6555555555555657,0.9237288135593926,33.333333333333336,0
1870,1208.0388888888888,0.6083333333331211,0.6361111111111768,0.6555555555555657,0.9279661016945773,33.333333333333336,0
1871,1208.675,0.6361111111111768,0.6527777777778283,0.6555555555555657,0.9703389830509327,36.111111111111114,0
1872,1209.3277777777778,0.6527777777778283,0.6527777777778283,0.6555555555555657,0.9957627118644685,36.111111111111114,0
1873,1209.9805555555556,0.6527777777778283,0.6833333333331666,0.6555555555555657,0.9957627118644685,36.111111111111114,0
1874,1210.6638888888888,0.6833333333331666,0.7138888888889596,0.6555555555555657,1.0423728813556619,36.111111111111114,0
1875,1211.3777777777777,0.7138888888889596,0.6527777777778283,0.6555555555555657,1.0889830508475487,33.333333333333336,0
1876,1212.0305555555556,0.6527777777778283,0.6416666666666515,0.6555555555555657,0.9957627118644685,33.333333333333336,0
1877,1212.6722222222222,0.6416666666666515,0.658333333333303,0.6555555555555657,0.9788135593219957,33.333333333333336,0
1878,1213.3305555555555,0.658333333333303,0.6777777777779193,0.6555555555555657,1.0042372881355315,36.111111111111114,0
1879,1214.0083333333334,0.6777777777779193,0.6694444444442524,0.6555555555555657,1.0338983050849457,33.333333333333336,0
1880,1214.6777777777777,0.6694444444442524,0.7055555555557476,0.6555555555555657,1.0211864406776574,33.333333333333336,0
1881,1215.3833333333334,0.7055555555557476,0.7083333333332575,0.6555555555555657,1.0762711864409542,36.111111111111114,0
1882,1216.0916666666667,0.7083333333332575,0.7000000000000455,0.6555555555555657,1.0805084745761389,36.111111111111114,0
1883,1216.7916666666667,0.7000000000000455,0.7083333333332575,0.6555555555555657,1.0677966101695444,36.111111111111114,0
1884,1217.5,0.7083333333332575,0.6944444444443434,0.6555555555555657,1.0805084745761389,33.333333333333336,0
1885,1218.1944444444443,0.6944444444443434,0.6666666666667425,0.6555555555555657,1.0593220338981346,36.111111111111114,0
1886,1218.861111111111,0.6666666666667425,0.6527777777778283,0.6555555555555657,1.0169491525424728,33.333333333333336,0
1887,1219.513888888889,0.6527777777778283,0.6472222222221262,0.6555555555555657,0.9957627118644685,33.333333333333336,0
1888,1220.161111111111,0.6472222222221262,0.6555555555555657,0.6555555555555657,0.9872881355930587,36.111111111111114,0
1889,1220.8166666666666,0.6555555555555657,0.6666666666667425,0.6555555555555657,1.0,36.111111111111114,0
1890,1221.4833333333333,0.6666666666667425,0.7111111111109949,0.6555555555555657,1.0169491525424728,36.111111111111114,0
1891,1222.1944444444443,0.7111111111109949,0.7250000000001364,0.6555555555555657,1.0847457627116703,36.111111111111114,0
1892,1222.9194444444445,0.7250000000001364,0.7027777777777828,0.6555555555555657,1.1059322033900216,36.111111111111114,0
1893,1223.6222222222223,0.7027777777777828,0.6472222222221262,0.6555555555555657,1.072033898305076,33.333333333333336,0
1894,1224.2694444444444,0.6472222222221262,0.6666666666667425,0.6555555555555657,0.9872881355930587,33.333333333333336,0
1895,1224.9361111111111,0.6666666666667425,0.6638888888887777,0.6555555555555657,1.0169491525424728,33.333333333333336,0
1896,1225.6,0.6638888888887777,0.6444444444446162,0.6555555555555657,1.0127118644065944,33.333333333333336,0
1897,1226.2444444444445,0.6444444444446162,0.6638888888887777,0.6555555555555657,0.9830508474578741,36.111111111111114,0
1898,1226.9083333333333,0.6638888888887777,0.7138888888889596,0.6555555555555657,1.0127118644065944,36.111111111111114,0
1899,1227.6222222222223,0.7138888888889596,0.6861111111111313,0.6555555555555657,1.0889830508475487,36.111111111111114,0
1900,1228.3083333333334,0.6861111111111313,0.6749999999999545,0.6555555555555657,1.0466101694915402,36.111111111111114,0
1901,1228.9833333333333,0.6749999999999545,0.6944444444443434,0.6555555555555657,1.0296610169490672,36.111111111111114,0
1902,1229.6777777777777,0.6944444444443434,0.6750000000001819,0.6555555555555657,1.0593220338981346,33.333333333333336,0
1903,1230.3527777777779,0.6750000000001819,0.6499999999998636,0.6555555555555657,1.0296610169494143,36.111111111111114,0
1904,1231.0027777777777,0.6499999999998636,0.6416666666666515,0.6555555555555657,0.9915254237285902,33.333333333333336,0
1905,1231.6444444444444,0.6416666666666515,0.650000000000091,0.6555555555555657,0.9788135593219957,33.333333333333336,0
1906,1232.2944444444445,0.650000000000091,0.6861111111111313,0.6555555555555657,0.991525423728937,36.111111111111114,0
1907,1232.9805555555556,0.6861111111111313,0.691666666666606,0.6555555555555657,1.0466101694915402,33.333333333333336,0
1908,1233.6722222222222,0.691666666666606,0.7000000000000455,0.6555555555555657,1.0550847457626031,33.333333333333336,0
1909,1234.3722222222223,0.7000000000000455,0.7194444444444343,0.6555555555555657,1.0677966101695444,36.111111111111114,0
1910,1235.0916666666667,0.7194444444444343,0.7055555555555202,0.6555555555555657,1.0974576271186118,36.111111111111114,0
1911,1235.7972222222222,0.7055555555555202,0.6555555555555657,0.6555555555555657,1.0762711864406074,33.333333333333336,0
1912,1236.4527777777778,0.6555555555555657,0.6388888888889142,0.6555555555555657,1.0,36.111111111111114,0
1913,1237.0916666666667,0.6388888888889142,0.625,0.6555555555555657,0.9745762711864642,33.333333333333336,0
1914,1237.7166666666667,0.625,0.6305555555554747,0.6555555555555657,0.9533898305084599,33.333333333333336,0
1915,1238.3472222222222,0.6305555555554747,0.6111111111110858,0.6555555555555657,0.9618644067795229,33.333333333333336,0
1916,1238.9583333333333,0.6111111111110858,0.6277777777779647,0.6555555555555657,0.9322033898304556,33.333333333333336,0
1917,1239.5861111111112,0.6277777777779647,0.6222222222220353,0.6555555555555657,0.9576271186443382,36.111111111111114,0
1918,1240.2083333333333,0.6222222222220353,0.6472222222223536,0.6555555555555657,0.9491525423725815,36.111111111111114,0
1919,1240.8555555555556,0.6472222222223536,0.6805555555554292,0.6555555555555657,0.9872881355934056,36.111111111111114,0
1920,1241.536111111111,0.6805555555554292,0.6361111111111768,0.6555555555555657,1.0381355932201304,36.111111111111114,0
1921,1242.1722222222222,0.6361111111111768,0.6166666666665606,0.6555555555555657,0.9703389830509327,33.333333333333336,0
1922,1242.7888888888888,0.6166666666665606,0.6416666666668789,0.6555555555555657,0.9406779661015185,33.333333333333336,0
1923,1243.4305555555557,0.6416666666668789,0.6305555555554747,0.6555555555555657,0.9788135593223425,33.333333333333336,0
1924,1244.0611111111111,0.6305555555554747,0.6361111111111768,0.6555555555555657,0.9618644067795229,33.333333333333336,0
1925,1244.6972222222223,0.6361111111111768,0.6472222222221262,0.6555555555555657,0.9703389830509327,33.333333333333336,0
1926,1245.3444444444444,0.6472222222221262,0.6944444444443434,0.6555555555555657,0.9872881355930587,36.111111111111114,0
1927,1246.0388888888888,0.6944444444443434,0.7111111111112223,0.6555555555555657,1.0593220338981346,36.111111111111114,0
1928,1246.75,0.7111111111112223,0.6749999999999545,0.6555555555555657,1.0847457627120172,33.333333333333336,0
1929,1247.425,0.6749999999999545,0.6611111111112677,0.6555555555555657,1.0296610169490672,33.333333333333336,0
1930,1248.0861111111112,0.6611111111112677,0.658333333333303,0.6555555555555657,1.0084745762714098,36.111111111111114,0
1931,1248.7444444444445,0.658333333333303,0.6694444444442524,0.6555555555555657,1.0042372881355315,33.333333333333336,0
1932,1249.4138888888888,0.6694444444442524,0.6305555555557021,0.6555555555555657,1.0211864406776574,33.333333333333336,0
1933,1250.0444444444445,0.6305555555557021,0.6555555555555657,0.6555555555555657,0.9618644067798697,33.333333333333336,0
1934,1250.7,0.6555555555555657,0.6749999999999545,0.6555555555555657,1.0,33.333333333333336,0
1935,1251.375,0.6749999999999545,0.6694444444444798,0.6555555555555657,1.0296610169490672,36.111111111111114,0
1936,1252.0444444444445,0.6694444444444798,0.6694444444444798,0.6555555555555657,1.0211864406780042,36.111111111111114,0
1937,1252.713888888889,0.6694444444444798,0.6694444444444798,0.6555555555555657,1.0211864406780042,36.111111111111114,0
1938,1253.3833333333334,0.6694444444444798,0.6694444444442524,0.6555555555555657,1.0211864406780042,33.333333333333336,0
1939,1254.0527777777777,0.6694444444442524,0.6638888888890051,0.6555555555555657,1.0211864406776574,36.111111111111114,0
1940,1254.7166666666667,0.6638888888890051,0.6444444444443889,0.6555555555555657,1.0127118644069413,33.333333333333336,0
1941,1255.361111111111,0.6444444444443889,0.6638888888890051,0.6555555555555657,0.9830508474575271,33.333333333333336,0
1942,1256.025,0.6638888888890051,0.6499999999998636,0.6555555555555657,1.0127118644069413,33.333333333333336,0
1943,1256.675,0.6499999999998636,0.6611111111112677,0.6555555555555657,0.9915254237285902,36.111111111111114,0
1944,1257.3361111111112,0.6611111111112677,0.6666666666665151,0.6555555555555657,1.0084745762714098,36.111111111111114,0
1945,1258.0027777777777,0.6666666666665151,0.6861111111111313,0.6555555555555657,1.016949152542126,36.111111111111114,0
1946,1258.6888888888889,0.6861111111111313,0.6694444444444798,0.6555555555555657,1.0466101694915402,33.333333333333336,0
1947,1259.3583333333333,0.6694444444444798,0.6333333333332121,0.6555555555555657,1.0211864406780042,36.111111111111114,0
1948,1259.9916666666666,0.6333333333332121,0.6361111111111768,0.6555555555555657,0.9661016949150544,33.333333333333336,0
1949,1260.6277777777777,0.6361111111111768,0.625,0.6555555555555657,0.9703389830509327,36.111111111111114,0
1950,1261.2527777777777,0.625,0.6416666666666515,0.6555555555555657,0.9533898305084599,33.333333333333336,0
1951,1261.8944444444444,0.6416666666666515,0.6638888888890051,0.6555555555555657,0.9788135593219957,36.111111111111114,0
1952,1262.5583333333334,0.6638888888890051,0.6777777777776919,0.6555555555555657,1.0127118644069413,36.111111111111114,0
1953,1263.236111111111,0.6777777777776919,0.6749999999999545,0.6555555555555657,1.033898305084599,36.111111111111114,0
1954,1263.911111111111,0.6749999999999545,0.6777777777779193,0.6555555555555657,1.0296610169490672,36.111111111111114,0
1955,1264.588888888889,0.6777777777779193,0.691666666666606,0.6555555555555657,1.0338983050849457,36.111111111111114,0
1956,1265.2805555555556,0.691666666666606,0.6694444444444798,0.6555555555555657,1.0550847457626031,36.111111111111114,0
1957,1265.95,0.6694444444444798,0.6555555555555657,0.6555555555555657,1.0211864406780042,36.111111111111114,0
1958,1266.6055555555556,0.6555555555555657,0.6416666666666515,0.6555555555555657,1.0,33.333333333333336,0
1959,1267.2472222222223,0.6416666666666515,0.6333333333332121,0.6555555555555657,0.9788135593219957,36.111111111111114,0
1960,1267.8805555555555,0.6333333333332121,0.6527777777778283,0.6555555555555657,0.9661016949150544,33.333333333333336,0
1961,1268.5333333333333,0.6527777777778283,0.6416666666666515,0.6555555555555657,0.9957627118644685,36.111111111111114,0
1962,1269.175,0.6416666666666515,0.6888888888888687,0.6555555555555657,0.9788135593219957,36.111111111111114,0
1963,1269.8638888888888,0.6888888888888687,0.6916666666668334,0.6555555555555657,1.0508474576270717,36.111111111111114,0
1964,1270.5555555555557,0.6916666666668334,0.6722222222222172,0.6555555555555657,1.05508474576295,36.111111111111114,0
1965,1271.2277777777779,0.6722222222222172,0.658333333333303,0.6555555555555657,1.0254237288135357,38.888888888888886,0
1966,1271.8861111111112,0.658333333333303,0.6666666666665151,0.6555555555555657,1.0042372881355315,36.111111111111114,0
1967,1272.5527777777777,0.6666666666665151,0.6472222222223536,0.6555555555555657,1.016949152542126,30.555555555555557,0
1968,1273.2,0.6472222222223536,0.6166666666665606,0.6555555555555657,0.9872881355934056,33.333333333333336,0
1969,1273.8166666666666,0.6166666666665606,0.6555555555555657,0.6555555555555657,0.9406779661015185,33.333333333333336,0
1970,1274.4722222222222,0.6555555555555657,0.6749999999999545,0.6555555555555657,1.0,36.111111111111114,0
1971,1275.1472222222221,0.6749999999999545,0.6583333333335304,0.6555555555555657,1.0296610169490672,36.111111111111114,0
1972,1275.8055555555557,0.6583333333335304,0.6694444444442524,0.6555555555555657,1.0042372881358783,36.111111111111114,0
1973,1276.475,0.6694444444442524,0.6583333333335304,0.6555555555555657,1.0211864406776574,36.111111111111114,0
1974,1277.1333333333334,0.6583333333335304,0.6666666666665151,0.6555555555555657,1.0042372881358783,36.111111111111114,0
1975,1277.8,0.6666666666665151,0.6444444444443889,0.6555555555555657,1.016949152542126,36.111111111111114,0
1976,1278.4444444444443,0.6444444444443889,0.6166666666667879,0.6555555555555657,0.9830508474575271,33.333333333333336,0
1977,1279.0611111111111,0.6166666666667879,0.6305555555554747,0.6555555555555657,0.9406779661018654,33.333333333333336,0
1978,1279.6916666666666,0.6305555555554747,0.6472222222223536,0.6555555555555657,0.9618644067795229,33.333333333333336,0
1979,1280.338888888889,0.6472222222223536,0.6722222222222172,0.6555555555555657,0.9872881355934056,36.111111111111114,0
1980,1281.0111111111112,0.6722222222222172,0.658333333333303,0.6555555555555657,1.0254237288135357,33.333333333333336,0
1981,1281.6694444444445,0.658333333333303,0.6722222222222172,0.6555555555555657,1.0042372881355315,33.333333333333336,0
1982,1282.3416666666667,0.6722222222222172,0.6777777777776919,0.6555555555555657,1.0254237288135357,33.333333333333336,0
1983,1283.0194444444444,0.6777777777776919,0.6416666666666515,0.6555555555555657,1.033898305084599,36.111111111111114,0
1984,1283.661111111111,0.6416666666666515,0.6333333333334394,0.6555555555555657,0.9788135593219957,36.111111111111114,0
1985,1284.2944444444445,0.6333333333334394,0.625,0.6555555555555657,0.9661016949154012,33.333333333333336,0
1986,1284.9194444444445,0.625,0.6333333333332121,0.6555555555555657,0.9533898305084599,33.333333333333336,0
1987,1285.5527777777777,0.6333333333332121,0.6361111111111768,0.6555555555555657,0.9661016949150544,33.333333333333336,0
1988,1286.1888888888889,0.6361111111111768,0.650000000000091,0.6555555555555657,0.9703389830509327,33.333333333333336,0
1989,1286.838888888889,0.650000000000091,0.6833333333331666,0.6555555555555657,0.991525423728937,33.333333333333336,0
1990,1287.5222222222221,0.6833333333331666,0.6722222222222172,0.6555555555555657,1.0423728813556619,33.333333333333336,0
1991,1288.1944444444443,0.6722222222222172,0.683333333333394,0.6555555555555657,1.0254237288135357,36.111111111111114,0
1992,1288.8777777777777,0.683333333333394,0.683333333333394,0.6555555555555657,1.0423728813560087,36.111111111111114,0
1993,1289.5611111111111,0.683333333333394,0.6805555555554292,0.6555555555555657,1.0423728813560087,33.333333333333336,0
1994,1290.2416666666666,0.6805555555554292,0.6416666666668789,0.6555555555555657,1.0381355932201304,33.333333333333336,0
1995,1290.8833333333334,0.6416666666668789,0.6277777777777374,0.6555555555555657,0.9788135593223425,33.333333333333336,0
1996,1291.5111111111112,0.6277777777777374,0.6444444444443889,0.6555555555555657,0.9576271186439914,33.333333333333336,0
1997,1292.1555555555556,0.6444444444443889,0.6527777777778283,0.6555555555555657,0.9830508474575271,36.111111111111114,0
1998,1292.8083333333334,0.6527777777778283,0.6944444444443434,0.6555555555555657,0.9957627118644685,36.111111111111114,0
1999,1293.5027777777777,0.6944444444443434,0.7250000000001364,0.6555555555555657,1.0593220338981346,38.888888888888886,0
2000,1294.2277777777779,0.7250000000001364,0.7027777777777828,0.6555555555555657,1.1059322033900216,33.333333333333336,0
2001,1294.9305555555557,0.7027777777777828,0.6749999999999545,0.6555555555555657,1.072033898305076,38.888888888888886,0
2002,1295.6055555555556,0.6749999999999545,0.6388888888889142,0.6555555555555657,1.0296610169490672,33.333333333333336,0
2003,1296.2444444444445,0.6388888888889142,0.6333333333332121,0.6555555555555657,0.9745762711864642,36.111111111111114,0
2004,1296.8777777777777,0.6333333333332121,0.625,0.6555555555555657,0.9661016949150544,36.111111111111114,0
2005,1297.5027777777777,0.625,0.6305555555557021,0.6555555555555657,0.9533898305084599,36.111111111111114,0
2006,1298.1333333333334,0.6305555555557021,0.6416666666666515,0.6555555555555657,0.9618644067798697,36.111111111111114,0
2007,1298.775,0.6416666666666515,0.658333333333303,0.6555555555555657,0.9788135593219957,36.111111111111114,0
2008,1299.4333333333334,0.658333333333303,0.7083333333332575,0.6555555555555657,1.0042372881355315,33.333333333333336,0
2009,1300.1416666666667,0.7083333333332575,0.6805555555556566,0.6555555555555657,1.0805084745761389,36.111111111111114,0
2010,1300.8222222222223,0.6805555555556566,0.6972222222220807,0.6555555555555657,1.0381355932204772,36.111111111111114,0
2011,1301.5194444444444,0.6972222222220807,0.6944444444445708,0.6555555555555657,1.063559322033666,36.111111111111114,0
2012,1302.213888888889,0.6944444444445708,0.6694444444444798,0.6555555555555657,1.0593220338984815,33.333333333333336,0
2013,1302.8833333333334,0.6694444444444798,0.6444444444443889,0.6555555555555657,1.0211864406780042,33.333333333333336,0
2014,1303.5277777777778,0.6444444444443889,0.6499999999998636,0.6555555555555657,0.9830508474575271,33.333333333333336,0
2015,1304.1777777777777,0.6499999999998636,0.6694444444444798,0.6555555555555657,0.9915254237285902,33.333333333333336,0
2016,1304.8472222222222,0.6694444444444798,0.6666666666667425,0.6555555555555657,1.0211864406780042,36.111111111111114,0
2017,1305.513888888889,0.6666666666667425,0.6805555555554292,0.6555555555555657,1.0169491525424728,36.111111111111114,0
2018,1306.1944444444443,0.6805555555554292,0.7111111111112223,0.6555555555555657,1.0381355932201304,38.888888888888886,0
2019,1306.9055555555556,0.7111111111112223,0.6972222222223081,0.6555555555555657,1.0847457627120172,36.111111111111114,0
2020,1307.6027777777779,0.6972222222223081,0.6694444444442524,0.6555555555555657,1.063559322034013,33.333333333333336,0
2021,1308.2722222222221,0.6694444444442524,0.6444444444446162,0.6555555555555657,1.0211864406776574,33.333333333333336,0
2022,1308.9166666666667,0.6444444444446162,0.6638888888887777,0.6555555555555657,0.9830508474578741,33.333333333333336,0
2023,1309.5805555555555,0.6638888888887777,0.6861111111111313,0.6555555555555657,1.0127118644065944,33.333333333333336,0
2024,1310.2666666666667,0.6861111111111313,0.6777777777776919,0.6555555555555657,1.0466101694915402,33.333333333333336,0
2025,1310.9444444444443,0.6777777777776919,0.6944444444445708,0.6555555555555657,1.033898305084599,36.111111111111114,0
2026,1311.638888888889,0.6944444444445708,0.7222222222221717,0.6555555555555657,1.0593220338984815,33.333333333333336,0
2027,1312.361111111111,0.7222222222221717,0.6944444444445708,0.6555555555555657,1.1016949152541433,33.333333333333336,0
2028,1313.0555555555557,0.6944444444445708,0.6694444444442524,0.6555555555555657,1.0593220338984815,33.333333333333336,0
2029,1313.725,0.6694444444442524,0.6777777777779193,0.6555555555555657,1.0211864406776574,36.111111111111114,0
2030,1314.4027777777778,0.6777777777779193,0.6722222222222172,0.6555555555555657,1.0338983050849457,33.333333333333336,0
2031,1315.075,0.6722222222222172,0.6361111111111768,0.6555555555555657,1.0254237288135357,33.333333333333336,0
2032,1315.7111111111112,0.6361111111111768,0.658333333333303,0.6555555555555657,0.9703389830509327,36.111111111111114,0
2033,1316.3694444444445,0.658333333333303,0.6777777777776919,0.6555555555555657,1.0042372881355315,33.333333333333336,0
2034,1317.0472222222222,0.6777777777776919,0.691666666666606,0.6555555555555657,1.033898305084599,36.111111111111114,0
2035,1317.7388888888888,0.691666666666606,0.6861111111111313,0.6555555555555657,1.0550847457626031,36.111111111111114,0
2036,1318.425,0.6861111111111313,0.7027777777777828,0.6555555555555657,1.0466101694915402,36.111111111111114,0
2037,1319.1277777777777,0.7027777777777828,0.6805555555556566,0.6555555555555657,1.072033898305076,38.888888888888886,0
2038,1319.8083333333334,0.6805555555556566,0.6611111111110404,0.6555555555555657,1.0381355932204772,33.333333333333336,0
2039,1320.4694444444444,0.6611111111110404,0.683333333333394,0.6555555555555657,1.008474576271063,33.333333333333336,0
2040,1321.1527777777778,0.683333333333394,0.6777777777776919,0.6555555555555657,1.0423728813560087,33.333333333333336,0
2041,1321.8305555555555,0.6777777777776919,0.6694444444444798,0.6555555555555657,1.033898305084599,33.333333333333336,0
2042,1322.5,0.6694444444444798,0.683333333333394,0.6555555555555657,1.0211864406780042,36.111111111111114,0
2043,1323.1833333333334,0.683333333333394,0.7111111111109949,0.6555555555555657,1.0423728813560087,36.111111111111114,0
2044,1323.8944444444444,0.7111111111109949,0.7000000000000455,0.6555555555555657,1.0847457627116703,36.111111111111114,0
2045,1324.5944444444444,0.7000000000000455,0.683333333333394,0.6555555555555657,1.0677966101695444,36.111111111111114,0
2046,1325.2777777777778,0.683333333333394,0.6888888888888687,0.6555555555555657,1.0423728813560087,36.111111111111114,0
2047,1325.9666666666667,0.6888888888888687,0.6749999999999545,0.6555555555555657,1.0508474576270717,36.111111111111114,0
2048,1326.6416666666667,0.6749999999999545,0.6416666666666515,0.6555555555555657,1.0296610169490672,33.333333333333336,0
2049,1327.2833333333333,0.6416666666666515,0.625,0.6555555555555657,0.9788135593219957,33.333333333333336,0
2050,1327.9083333333333,0.625,0.6638888888890051,0.6555555555555657,0.9533898305084599,33.333333333333336,0
2051,1328.5722222222223,0.6638888888890051,0.7027777777777828,0.6555555555555657,1.0127118644069413,36.111111111111114,0
2052,1329.275,0.7027777777777828,0.6833333333331666,0.6555555555555657,1.072033898305076,36.111111111111114,0
2053,1329.9583333333333,0.6833333333331666,0.7027777777777828,0.6555555555555657,1.0423728813556619,38.888888888888886,0
2054,1330.661111111111,0.7027777777777828,0.7083333333334849,0.6555555555555657,1.072033898305076,36.111111111111114,0
2055,1331.3694444444445,0.7083333333334849,0.6833333333331666,0.6555555555555657,1.0805084745764857,36.111111111111114,0
2056,1332.0527777777777,0.6833333333331666,0.6361111111111768,0.6555555555555657,1.0423728813556619,33.333333333333336,0
2057,1332.6888888888889,0.6361111111111768,0.6472222222223536,0.6555555555555657,0.9703389830509327,33.333333333333336,0
2058,1333.3361111111112,0.6472222222223536,0.6638888888887777,0.6555555555555657,0.9872881355934056,36.111111111111114,0
2059,1334.0,0.6638888888887777,0.6777777777776919,0.6555555555555657,1.0127118644065944,36.111111111111114,0
2060,1334.6777777777777,0.6777777777776919,0.7000000000000455,0.6555555555555657,1.033898305084599,36.111111111111114,0
2061,1335.3777777777777,0.7000000000000455,0.7083333333334849,0.6555555555555657,1.0677966101695444,36.111111111111114,0
2062,1336.0861111111112,0.7083333333334849,0.7083333333332575,0.6555555555555657,1.0805084745764857,36.111111111111114,0
2063,1336.7944444444445,0.7083333333332575,0.6861111111111313,0.6555555555555657,1.0805084745761389,33.333333333333336,0
2064,1337.4805555555556,0.6861111111111313,0.6666666666665151,0.6555555555555657,1.0466101694915402,36.111111111111114,0
2065,1338.1472222222221,0.6666666666665151,0.6805555555556566,0.6555555555555657,1.016949152542126,36.111111111111114,0
2066,1338.8277777777778,0.6805555555556566,0.6861111111111313,0.6555555555555657,1.0381355932204772,33.333333333333336,0
2067,1339.513888888889,0.6861111111111313,0.6749999999999545,0.6555555555555657,1.0466101694915402,33.333333333333336,0
2068,1340.1888888888889,0.6749999999999545,0.6694444444444798,0.6555555555555657,1.0296610169490672,36.111111111111114,0
2069,1340.8583333333333,0.6694444444444798,0.6944444444443434,0.6555555555555657,1.0211864406780042,33.333333333333336,0
2070,1341.5527777777777,0.6944444444443434,0.7333333333333485,0.6555555555555657,1.0593220338981346,33.333333333333336,0
2071,1342.286111111111,0.7333333333333485,0.7222222222223991,0.6555555555555657,1.118644067796616,36.111111111111114,0
2072,1343.0083333333334,0.7222222222223991,0.6972222222220807,0.6555555555555657,1.1016949152544901,36.111111111111114,0
2073,1343.7055555555555,0.6972222222220807,0.6527777777778283,0.6555555555555657,1.063559322033666,33.333333333333336,0
2074,1344.3583333333333,0.6527777777778283,0.6666666666667425,0.6555555555555657,0.9957627118644685,33.333333333333336,0
2075,1345.025,0.6666666666667425,0.6666666666665151,0.6555555555555657,1.0169491525424728,33.333333333333336,0
2076,1345.6916666666666,0.6666666666665151,0.6611111111112677,0.6555555555555657,1.016949152542126,30.555555555555557,0
2077,1346.3527777777779,0.6611111111112677,0.6944444444443434,0.6555555555555657,1.0084745762714098,33.333333333333336,0
2078,1347.0472222222222,0.6944444444443434,0.7555555555554747,0.6555555555555657,1.0593220338981346,36.111111111111114,0
2079,1347.8027777777777,0.7555555555554747,0.7611111111111768,0.6555555555555657,1.1525423728812147,38.888888888888886,0
2080,1348.5638888888889,0.7611111111111768,0.7111111111112223,0.6555555555555657,1.1610169491526248,36.111111111111114,0
2081,1349.275,0.7111111111112223,0.7361111111110858,0.6555555555555657,1.0847457627120172,38.888888888888886,0
2082,1350.0111111111112,0.7361111111110858,0.7194444444444343,0.6555555555555657,1.1228813559321476,36.111111111111114,0
2083,1350.7305555555556,0.7194444444444343,0.6805555555554292,0.6555555555555657,1.0974576271186118,36.111111111111114,0
2084,1351.411111111111,0.6805555555554292,0.6611111111112677,0.6555555555555657,1.0381355932201304,36.111111111111114,0
2085,1352.0722222222223,0.6611111111112677,0.6972222222220807,0.6555555555555657,1.0084745762714098,36.111111111111114,0
2086,1352.7694444444444,0.6972222222220807,0.7361111111110858,0.6555555555555657,1.063559322033666,36.111111111111114,0
2087,1353.5055555555555,0.7361111111110858,0.7138888888889596,0.6555555555555657,1.1228813559321476,38.888888888888886,0
2088,1354.2194444444444,0.7138888888889596,0.716666666666697,0.6555555555555657,1.0889830508475487,38.888888888888886,0
2089,1354.9361111111111,0.716666666666697,0.7194444444444343,0.6555555555555657,1.0932203389830801,38.888888888888886,0
2090,1355.6555555555556,0.7194444444444343,0.6972222222223081,0.6555555555555657,1.0974576271186118,38.888888888888886,0
2091,1356.3527777777779,0.6972222222223081,0.6638888888887777,0.6555555555555657,1.063559322034013,38.888888888888886,0
2092,1357.0166666666667,0.6638888888887777,0.6861111111111313,0.6555555555555657,1.0127118644065944,36.111111111111114,0
2093,1357.7027777777778,0.6861111111111313,0.716666666666697,0.6555555555555657,1.0466101694915402,36.111111111111114,0
2094,1358.4194444444445,0.716666666666697,0.7138888888889596,0.6555555555555657,1.0932203389830801,36.111111111111114,0
2095,1359.1333333333334,0.7138888888889596,0.6972222222220807,0.6555555555555657,1.0889830508475487,36.111111111111114,0
2096,1359.8305555555555,0.6972222222220807,0.6749999999999545,0.6555555555555657,1.063559322033666,36.111111111111114,0
2097,1360.5055555555555,0.6749999999999545,0.6861111111111313,0.6555555555555657,1.0296610169490672,36.111111111111114,0
2098,1361.1916666666666,0.6861111111111313,0.6861111111111313,0.6555555555555657,1.0466101694915402,38.888888888888886,0
2099,1361.8777777777777,0.6861111111111313,0.6888888888888687,0.6555555555555657,1.0466101694915402,38.888888888888886,0
2100,1362.5666666666666,0.6888888888888687,0.6638888888890051,0.6555555555555657,1.0508474576270717,36.111111111111114,0
2101,1363.2305555555556,0.6638888888890051,0.6805555555554292,0.6555555555555657,1.0127118644069413,36.111111111111114,0
2102,1363.911111111111,0.6805555555554292,0.7250000000001364,0.6555555555555657,1.0381355932201304,38.888888888888886,0
2103,1364.6361111111112,0.7250000000001364,0.7361111111110858,0.6555555555555657,1.1059322033900216,36.111111111111114,0
2104,1365.3722222222223,0.7361111111110858,0.7277777777776464,0.6555555555555657,1.1228813559321476,38.888888888888886,0
2105,1366.1,0.7277777777776464,0.7555555555557021,0.6555555555555657,1.1101694915252063,41.666666666666664,0
2106,1366.8555555555556,0.7555555555557021,0.7111111111109949,0.6555555555555657,1.1525423728815616,38.888888888888886,0
2107,1367.5666666666666,0.7111111111109949,0.6555555555555657,0.6555555555555657,1.0847457627116703,38.888888888888886,0
2108,1368.2222222222222,0.6555555555555657,0.6472222222223536,0.6555555555555657,1.0,38.888888888888886,0
2109,1368.8694444444445,0.6472222222223536,0.6499999999998636,0.6555555555555657,0.9872881355934056,36.111111111111114,0
2110,1369.5194444444444,0.6499999999998636,0.6472222222223536,0.6555555555555657,0.9915254237285902,36.111111111111114,0
2111,1370.1666666666667,0.6472222222223536,0.6611111111110404,0.6555555555555657,0.9872881355934056,36.111111111111114,0
2112,1370.8277777777778,0.6611111111110404,0.6888888888888687,0.6555555555555657,1.008474576271063,36.111111111111114,0
2113,1371.5166666666667,0.6888888888888687,0.7083333333332575,0.6555555555555657,1.0508474576270717,38.888888888888886,0
2114,1372.225,0.7083333333332575,0.7000000000000455,0.6555555555555657,1.0805084745761389,38.888888888888886,0
2115,1372.925,0.7000000000000455,0.691666666666606,0.6555555555555657,1.0677966101695444,38.888888888888886,0
2116,1373.6166666666666,0.691666666666606,0.6750000000001819,0.6555555555555657,1.0550847457626031,38.888888888888886,0
2117,1374.2916666666667,0.6750000000001819,0.6416666666666515,0.6555555555555657,1.0296610169494143,36.111111111111114,0
2118,1374.9333333333334,0.6416666666666515,0.6305555555554747,0.6555555555555657,0.9788135593219957,33.333333333333336,0
2119,1375.5638888888889,0.6305555555554747,0.6194444444445253,0.6555555555555657,0.9618644067795229,33.333333333333336,0
2120,1376.1833333333334,0.6194444444445253,0.6277777777777374,0.6555555555555657,0.9449152542373969,36.111111111111114,0
2121,1376.8111111111111,0.6277777777777374,0.6777777777776919,0.6555555555555657,0.9576271186439914,36.111111111111114,0
2122,1377.4888888888888,0.6777777777776919,0.683333333333394,0.6555555555555657,1.033898305084599,36.111111111111114,0
2123,1378.1722222222222,0.683333333333394,0.6638888888890051,0.6555555555555657,1.0423728813560087,36.111111111111114,0
2124,1378.8361111111112,0.6638888888890051,0.6611111111110404,0.6555555555555657,1.0127118644069413,36.111111111111114,0
2125,1379.4972222222223,0.6611111111110404,0.6444444444443889,0.6555555555555657,1.008474576271063,36.111111111111114,0
2126,1380.1416666666667,0.6444444444443889,0.6194444444445253,0.6555555555555657,0.9830508474575271,33.333333333333336,0
2127,1380.7611111111112,0.6194444444445253,0.6166666666665606,0.6555555555555657,0.9449152542373969,33.333333333333336,0
2128,1381.3777777777777,0.6166666666665606,0.6444444444443889,0.6555555555555657,0.9406779661015185,36.111111111111114,0
2129,1382.0222222222221,0.6444444444443889,0.6666666666667425,0.6555555555555657,0.9830508474575271,36.111111111111114,0
2130,1382.6888888888889,0.6666666666667425,0.6888888888888687,0.6555555555555657,1.0169491525424728,36.111111111111114,0
2131,1383.3777777777777,0.6888888888888687,0.6694444444444798,0.6555555555555657,1.0508474576270717,38.888888888888886,0
2132,1384.0472222222222,0.6694444444444798,0.6861111111111313,0.6555555555555657,1.0211864406780042,38.888888888888886,0
2133,1384.7333333333333,0.6861111111111313,0.7027777777777828,0.6555555555555657,1.0466101694915402,36.111111111111114,0
2134,1385.4361111111111,0.7027777777777828,0.6638888888887777,0.6555555555555657,1.072033898305076,36.111111111111114,0
2135,1386.1,0.6638888888887777,0.6444444444446162,0.6555555555555657,1.0127118644065944,36.111111111111114,0
2136,1386.7444444444445,0.6444444444446162,0.6555555555555657,0.6555555555555657,0.9830508474578741,38.888888888888886,0
2137,1387.4,0.6555555555555657,0.6805555555554292,0.6555555555555657,1.0,36.111111111111114,0
2138,1388.0805555555555,0.6805555555554292,0.6388888888889142,0.6555555555555657,1.0381355932201304,36.111111111111114,0
2139,1388.7194444444444,0.6388888888889142,0.6805555555556566,0.6555555555555657,0.9745762711864642,36.111111111111114,0
2140,1389.4,0.6805555555556566,0.7361111111110858,0.6555555555555657,1.0381355932204772,38.888888888888886,0
2141,1390.1361111111112,0.7361111111110858,0.7111111111109949,0.6555555555555657,1.1228813559321476,38.888888888888886,0
2142,1390.8472222222222,0.7111111111109949,0.691666666666606,0.6555555555555657,1.0847457627116703,36.111111111111114,0
2143,1391.5388888888888,0.691666666666606,0.6861111111111313,0.6555555555555657,1.0550847457626031,36.111111111111114,0
2144,1392.225,0.6861111111111313,0.6750000000001819,0.6555555555555657,1.0466101694915402,36.111111111111114,0
2145,1392.9,0.6750000000001819,0.6444444444443889,0.6555555555555657,1.0296610169494143,36.111111111111114,0
2146,1393.5444444444445,0.6444444444443889,0.6611111111110404,0.6555555555555657,0.9830508474575271,36.111111111111114,0
2147,1394.2055555555555,0.6611111111110404,0.6972222222223081,0.6555555555555657,1.008474576271063,33.333333333333336,0
2148,1394.9027777777778,0.6972222222223081,0.7111111111109949,0.6555555555555657,1.063559322034013,36.111111111111114,0
2149,1395.6138888888888,0.7111111111109949,0.7138888888889596,0.6555555555555657,1.0847457627116703,41.666666666666664,0
2150,1396.3277777777778,0.7138888888889596,0.6805555555556566,0.6555555555555657,1.0889830508475487,38.888888888888886,0
2151,1397.0083333333334,0.6805555555556566,0.724999999999909,0.6555555555555657,1.0381355932204772,38.888888888888886,0
2152,1397.7333333333333,0.724999999999909,0.7361111111110858,0.6555555555555657,1.1059322033896748,38.888888888888886,0
2153,1398.4694444444444,0.7361111111110858,0.7055555555555202,0.6555555555555657,1.1228813559321476,38.888888888888886,0
2154,1399.175,0.7055555555555202,0.6888888888888687,0.6555555555555657,1.0762711864406074,33.333333333333336,0
2155,1399.8638888888888,0.6888888888888687,0.6444444444446162,0.6555555555555657,1.0508474576270717,36.111111111111114,0
2156,1400.5083333333334,0.6444444444446162,0.6416666666666515,0.6555555555555657,0.9830508474578741,36.111111111111114,0
2157,1401.15,0.6416666666666515,0.6611111111110404,0.6555555555555657,0.9788135593219957,38.888888888888886,0
2158,1401.8111111111111,0.6611111111110404,0.6416666666666515,0.6555555555555657,1.008474576271063,38.888888888888886,0
2159,1402.4527777777778,0.6416666666666515,0.6361111111111768,0.6555555555555657,0.9788135593219957,36.111111111111114,0
2160,1403.088888888889,0.6361111111111768,0.6166666666665606,0.6555555555555657,0.9703389830509327,36.111111111111114,0
2161,1403.7055555555555,0.6166666666665606,0.6222222222222626,0.6555555555555657,0.9406779661015185,33.333333333333336,0
2162,1404.3277777777778,0.6222222222222626,0.6194444444445253,0.6555555555555657,0.9491525423729283,33.333333333333336,0
2163,1404.9472222222223,0.6194444444445253,0.6166666666665606,0.6555555555555657,0.9449152542373969,33.333333333333336,0
2164,1405.5638888888889,0.6166666666665606,0.6277777777777374,0.6555555555555657,0.9406779661015185,33.333333333333336,0
2165,1406.1916666666666,0.6277777777777374,0.650000000000091,0.6555555555555657,0.9576271186439914,33.333333333333336,0
2166,1406.8416666666667,0.650000000000091,0.6277777777777374,0.6555555555555657,0.991525423728937,33.333333333333336,0
2167,1407.4694444444444,0.6277777777777374,0.658333333333303,0.6555555555555657,0.9576271186439914,36.111111111111114,0
2168,1408.1277777777777,0.658333333333303,0.6944444444445708,0.6555555555555657,1.0042372881355315,33.333333333333336,0
2169,1408.8222222222223,0.6944444444445708,0.6749999999999545,0.6555555555555657,1.0593220338984815,36.111111111111114,0
2170,1409.4972222222223,0.6749999999999545,0.6888888888888687,0.6555555555555657,1.0296610169490672,36.111111111111114,0
2171,1410.1861111111111,0.6888888888888687,0.6611111111110404,0.6555555555555657,1.0508474576270717,33.333333333333336,0
2172,1410.8472222222222,0.6611111111110404,0.6305555555557021,0.6555555555555657,1.008474576271063,36.111111111111114,0
2173,1411.4777777777779,0.6305555555557021,0.625,0.6555555555555657,0.9618644067798697,33.333333333333336,0
2174,1412.1027777777779,0.625,0.6111111111110858,0.6555555555555657,0.9533898305084599,33.333333333333336,0
2175,1412.713888888889,0.6111111111110858,0.6333333333332121,0.6555555555555657,0.9322033898304556,36.111111111111114,0
2176,1413.3472222222222,0.6333333333332121,0.6361111111111768,0.6555555555555657,0.9661016949150544,36.111111111111114,0
2177,1413.9833333333333,0.6361111111111768,0.6083333333333485,0.6555555555555657,0.9703389830509327,36.111111111111114,0
2178,1414.5916666666667,0.6083333333333485,0.5972222222221717,0.6555555555555657,0.9279661016949241,36.111111111111114,0
2179,1415.1888888888889,0.5972222222221717,0.5805555555555202,0.6555555555555657,0.9110169491524512,33.333333333333336,0
2180,1415.7694444444444,0.5805555555555202,0.5861111111112223,0.6555555555555657,0.8855932203389154,36.111111111111114,0
2181,1416.3555555555556,0.5861111111112223,0.5861111111109949,0.6555555555555657,0.8940677966103253,36.111111111111114,0
2182,1416.9416666666666,0.5861111111109949,0.5944444444444343,0.6555555555555657,0.8940677966099785,33.333333333333336,0
2183,1417.536111111111,0.5944444444444343,0.6611111111112677,0.6555555555555657,0.9067796610169198,33.333333333333336,0
2184,1418.1972222222223,0.6611111111112677,0.6861111111111313,0.6555555555555657,1.0084745762714098,33.333333333333336,0
2185,1418.8833333333334,0.6861111111111313,0.6638888888887777,0.6555555555555657,1.0466101694915402,33.333333333333336,0
2186,1419.5472222222222,0.6638888888887777,0.6777777777776919,0.6555555555555657,1.0127118644065944,36.111111111111114,0
2187,1420.225,0.6777777777776919,0.7138888888889596,0.6555555555555657,1.033898305084599,36.111111111111114,0
2188,1420.9388888888889,0.7138888888889596,0.7138888888889596,0.6555555555555657,1.0889830508475487,36.111111111111114,0
2189,1421.6527777777778,0.7138888888889596,0.6499999999998636,0.6555555555555657,1.0889830508475487,33.333333333333336,0
2190,1422.3027777777777,0.6499999999998636,0.6472222222223536,0.6555555555555657,0.9915254237285902,33.333333333333336,0
2191,1422.95,0.6472222222223536,0.6305555555554747,0.6555555555555657,0.9872881355934056,33.333333333333336,0
2192,1423.5805555555555,0.6305555555554747,0.6388888888889142,0.6555555555555657,0.9618644067795229,30.555555555555557,0
2193,1424.2194444444444,0.6388888888889142,0.6611111111110404,0.6555555555555657,0.9745762711864642,33.333333333333336,0
2194,1424.8805555555555,0.6611111111110404,0.650000000000091,0.6555555555555657,1.008474576271063,33.333333333333336,0
2195,1425.5305555555556,0.650000000000091,0.658333333333303,0.6555555555555657,0.991525423728937,38.888888888888886,0
2196,1426.1888888888889,0.658333333333303,0.6888888888888687,0.6555555555555657,1.0042372881355315,36.111111111111114,0
2197,1426.8777777777777,0.6888888888888687,0.7000000000000455,0.6555555555555657,1.0508474576270717,36.111111111111114,0
2198,1427.5777777777778,0.7000000000000455,0.6749999999999545,0.6555555555555657,1.0677966101695444,36.111111111111114,0
2199,1428.2527777777777,0.6749999999999545,0.6361111111111768,0.6555555555555657,1.0296610169490672,33.333333333333336,0
2200,1428.888888888889,0.6361111111111768,0.6694444444444798,0.6555555555555657,0.9703389830509327,36.111111111111114,0
2201,1429.5583333333334,0.6694444444444798,0.6833333333331666,0.6555555555555657,1.0211864406780042,33.333333333333336,0
2202,1430.2416666666666,0.6833333333331666,0.7138888888889596,0.6555555555555657,1.0423728813556619,33.333333333333336,0
2203,1430.9555555555555,0.7138888888889596,0.683333333333394,0.6555555555555657,1.0889830508475487,36.111111111111114,0
2204,1431.638888888889,0.683333333333394,0.7222222222221717,0.6555555555555657,1.0423728813560087,36.111111111111114,0
2205,1432.361111111111,0.7222222222221717,0.7250000000001364,0.6555555555555657,1.1016949152541433,36.111111111111114,0
2206,1433.0861111111112,0.7250000000001364,0.6972222222220807,0.6555555555555657,1.1059322033900216,36.111111111111114,0
2207,1433.7833333333333,0.6972222222220807,0.658333333333303,0.6555555555555657,1.063559322033666,33.333333333333336,0
2208,1434.4416666666666,0.658333333333303,0.650000000000091,0.6555555555555657,1.0042372881355315,33.333333333333336,0
2209,1435.0916666666667,0.650000000000091,0.6638888888887777,0.6555555555555657,0.991525423728937,33.333333333333336,0
2210,1435.7555555555555,0.6638888888887777,0.6555555555555657,0.6555555555555657,1.0127118644065944,33.333333333333336,0
2211,1436.411111111111,0.6555555555555657,0.6777777777779193,0.6555555555555657,1.0,33.333333333333336,0
2212,1437.088888888889,0.6777777777779193,0.7333333333333485,0.6555555555555657,1.0338983050849457,36.111111111111114,0
2213,1437.8222222222223,0.7333333333333485,0.7388888888888232,0.6555555555555657,1.118644067796616,36.111111111111114,0
2214,1438.5611111111111,0.7388888888888232,0.7416666666665606,0.6555555555555657,1.127118644067679,36.111111111111114,0
2215,1439.3027777777777,0.7416666666665606,0.7000000000000455,0.6555555555555657,1.1313559322032105,36.111111111111114,0
2216,1440.0027777777777,0.7000000000000455,0.691666666666606,0.6555555555555657,1.0677966101695444,33.333333333333336,0
2217,1440.6944444444443,0.691666666666606,0.688888888889096,0.6555555555555657,1.0550847457626031,33.333333333333336,0
2218,1441.3833333333334,0.688888888889096,0.6694444444442524,0.6555555555555657,1.0508474576274185,33.333333333333336,0
2219,1442.0527777777777,0.6694444444442524,0.6750000000001819,0.6555555555555657,1.0211864406776574,33.333333333333336,0
2220,1442.7277777777779,0.6750000000001819,0.6999999999998181,0.6555555555555657,1.0296610169494143,33.333333333333336,0
2221,1443.4277777777777,0.6999999999998181,0.7277777777778738,0.6555555555555657,1.0677966101691976,36.111111111111114,0
2222,1444.1555555555556,0.7277777777778738,0.691666666666606,0.6555555555555657,1.110169491525553,36.111111111111114,0
2223,1444.8472222222222,0.691666666666606,0.6888888888888687,0.6555555555555657,1.0550847457626031,36.111111111111114,0
2224,1445.536111111111,0.6888888888888687,0.7055555555555202,0.6555555555555657,1.0508474576270717,36.111111111111114,0
2225,1446.2416666666666,0.7055555555555202,0.6777777777779193,0.6555555555555657,1.0762711864406074,36.111111111111114,0
2226,1446.9194444444445,0.6777777777779193,0.625,0.6555555555555657,1.0338983050849457,33.333333333333336,0
2227,1447.5444444444445,0.625,0.6499999999998636,0.6555555555555657,0.9533898305084599,33.333333333333336,0
2228,1448.1944444444443,0.6499999999998636,0.6777777777779193,0.6555555555555657,0.9915254237285902,33.333333333333336,0
2229,1448.8722222222223,0.6777777777779193,0.7055555555555202,0.6555555555555657,1.0338983050849457,33.333333333333336,0
2230,1449.5777777777778,0.7055555555555202,0.724999999999909,0.6555555555555657,1.0762711864406074,33.333333333333336,0
2231,1450.3027777777777,0.724999999999909,0.7638888888889142,0.6555555555555657,1.1059322033896748,36.111111111111114,0
2232,1451.0666666666666,0.7638888888889142,0.7277777777778738,0.6555555555555657,1.1652542372881562,38.888888888888886,0
2233,1451.7944444444445,0.7277777777778738,0.6777777777776919,0.6555555555555657,1.110169491525553,38.888888888888886,0
2234,1452.4722222222222,0.6777777777776919,0.6611111111112677,0.6555555555555657,1.033898305084599,33.333333333333336,0
2235,1453.1333333333334,0.6611111111112677,0.6499999999998636,0.6555555555555657,1.0084745762714098,33.333333333333336,0
2236,1453.7833333333333,0.6499999999998636,0.6361111111111768,0.6555555555555657,0.9915254237285902,33.333333333333336,0
2237,1454.4194444444445,0.6361111111111768,0.6444444444443889,0.6555555555555657,0.9703389830509327,33.333333333333336,0
2238,1455.0638888888889,0.6444444444443889,0.6527777777778283,0.6555555555555657,0.9830508474575271,33.333333333333336,0
2239,1455.7166666666667,0.6527777777778283,0.6666666666667425,0.6555555555555657,0.9957627118644685,33.333333333333336,0
2240,1456.3833333333334,0.6666666666667425,0.686111111110904,0.6555555555555657,1.0169491525424728,36.111111111111114,0
2241,1457.0694444444443,0.686111111110904,0.6694444444444798,0.6555555555555657,1.0466101694911933,36.111111111111114,0
2242,1457.7388888888888,0.6694444444444798,0.6805555555556566,0.6555555555555657,1.0211864406780042,36.111111111111114,0
2243,1458.4194444444445,0.6805555555556566,0.6638888888887777,0.6555555555555657,1.0381355932204772,36.111111111111114,0
2244,1459.0833333333333,0.6638888888887777,0.6277777777779647,0.6555555555555657,1.0127118644065944,30.555555555555557,0
2245,1459.7111111111112,0.6277777777779647,0.6638888888887777,0.6555555555555657,0.9576271186443382,33.333333333333336,0
2246,1460.375,0.6638888888887777,0.6805555555556566,0.6555555555555657,1.0127118644065944,30.555555555555557,0
2247,1461.0555555555557,0.6805555555556566,0.6972222222220807,0.6555555555555657,1.0381355932204772,33.333333333333336,0
2248,1461.7527777777777,0.6972222222220807,0.7277777777778738,0.6555555555555657,1.063559322033666,36.111111111111114,0
2249,1462.4805555555556,0.7277777777778738,0.7305555555556111,0.6555555555555657,1.110169491525553,36.111111111111114,0
2250,1463.2111111111112,0.7305555555556111,0.6999999999998181,0.6555555555555657,1.1144067796610846,36.111111111111114,0
2251,1463.911111111111,0.6999999999998181,0.6694444444444798,0.6555555555555657,1.0677966101691976,33.333333333333336,0
2252,1464.5805555555555,0.6694444444444798,0.7055555555555202,0.6555555555555657,1.0211864406780042,33.333333333333336,0
2253,1465.286111111111,0.7055555555555202,0.7527777777777374,0.6555555555555657,1.0762711864406074,33.333333333333336,0
2254,1466.0388888888888,0.7527777777777374,0.7777777777778283,0.6555555555555657,1.1483050847456833,38.888888888888886,0
2255,1466.8166666666666,0.7777777777778283,0.7777777777778283,0.6555555555555657,1.1864406779661605,38.888888888888886,0
2256,1467.5944444444444,0.7777777777778283,0.75,0.6555555555555657,1.1864406779661605,38.888888888888886,0
2257,1468.3444444444444,0.75,0.6861111111111313,0.6555555555555657,1.1440677966101518,38.888888888888886,0
2258,1469.0305555555556,0.6861111111111313,0.7055555555555202,0.6555555555555657,1.0466101694915402,38.888888888888886,0
2259,1469.736111111111,0.7055555555555202,0.691666666666606,0.6555555555555657,1.0762711864406074,36.111111111111114,0
2260,1470.4277777777777,0.691666666666606,0.6527777777778283,0.6555555555555657,1.0550847457626031,33.333333333333336,0
2261,1471.0805555555555,0.6527777777778283,0.6361111111111768,0.6555555555555657,0.9957627118644685,33.333333333333336,0
2262,1471.7166666666667,0.6361111111111768,0.7027777777777828,0.6555555555555657,0.9703389830509327,33.333333333333336,0
2263,1472.4194444444445,0.7027777777777828,0.7916666666667425,0.6555555555555657,1.072033898305076,33.333333333333336,0
2264,1473.2111111111112,0.7916666666667425,0.7694444444443889,0.6555555555555657,1.2076271186441647,36.111111111111114,0
2265,1473.9805555555556,0.7694444444443889,0.75,0.6555555555555657,1.1737288135592192,41.666666666666664,0
2266,1474.7305555555556,0.75,0.7805555555555657,0.6555555555555657,1.1440677966101518,38.888888888888886,0
2267,1475.5111111111112,0.7805555555555657,0.7416666666665606,0.6555555555555657,1.190677966101692,38.888888888888886,0
2268,1476.2527777777777,0.7416666666665606,0.6722222222222172,0.6555555555555657,1.1313559322032105,36.111111111111114,0
2269,1476.925,0.6722222222222172,0.6638888888890051,0.6555555555555657,1.0254237288135357,38.888888888888886,0
2270,1477.588888888889,0.6638888888890051,0.6777777777776919,0.6555555555555657,1.0127118644069413,36.111111111111114,0
2271,1478.2666666666667,0.6777777777776919,0.8138888888888687,0.6555555555555657,1.033898305084599,36.111111111111114,0
2272,1479.0805555555555,0.8138888888888687,0.9388888888888687,0.6555555555555657,1.2415254237287636,38.888888888888886,0
2273,1480.0194444444444,0.9388888888888687,0.9833333333333485,0.6555555555555657,1.4322033898304556,41.666666666666664,0
2274,1481.0027777777777,0.9833333333333485,0.9222222222222172,0.6555555555555657,1.5,41.666666666666664,0
2275,1481.925,0.9222222222222172,0.841666666666697,0.6555555555555657,1.4067796610169199,36.111111111111114,0
2276,1482.7666666666667,0.841666666666697,0.7527777777777374,0.6555555555555657,1.2838983050847723,36.111111111111114,0
2277,1483.5194444444444,0.7527777777777374,0.6861111111111313,0.6555555555555657,1.1483050847456833,36.111111111111114,0
2278,1484.2055555555555,0.6861111111111313,0.6861111111111313,0.6555555555555657,1.0466101694915402,36.111111111111114,0
2279,1484.8916666666667,0.6861111111111313,0.6888888888888687,0.6555555555555657,1.0466101694915402,36.111111111111114,0
2280,1485.5805555555555,0.6888888888888687,0.6861111111111313,0.6555555555555657,1.0508474576270717,38.888888888888886,0
2281,1486.2666666666667,0.6861111111111313,0.6972222222223081,0.6555555555555657,1.0466101694915402,36.111111111111114,0
2282,1486.963888888889,0.6972222222223081,0.7111111111109949,0.6555555555555657,1.063559322034013,38.888888888888886,0
2283,1487.675,0.7111111111109949,0.7000000000000455,0.6555555555555657,1.0847457627116703,36.111111111111114,0
2284,1488.375,0.7000000000000455,0.7333333333333485,0.6555555555555657,1.0677966101695444,36.111111111111114,0
2285,1489.1083333333333,0.7333333333333485,0.7555555555554747,0.6555555555555657,1.118644067796616,36.111111111111114,0
2286,1489.8638888888888,0.7555555555554747,0.7472222222222626,0.6555555555555657,1.1525423728812147,36.111111111111114,0
2287,1490.611111111111,0.7472222222222626,0.7111111111112223,0.6555555555555657,1.1398305084746203,36.111111111111114,0
2288,1491.3222222222223,0.7111111111112223,0.7361111111110858,0.6555555555555657,1.0847457627120172,36.111111111111114,0
2289,1492.0583333333334,0.7361111111110858,0.7388888888888232,0.6555555555555657,1.1228813559321476,38.888888888888886,0
2290,1492.7972222222222,0.7388888888888232,0.7194444444444343,0.6555555555555657,1.127118644067679,38.888888888888886,0
2291,1493.5166666666667,0.7194444444444343,0.6805555555556566,0.6555555555555657,1.0974576271186118,36.111111111111114,0
2292,1494.1972222222223,0.6805555555556566,0.6749999999999545,0.6555555555555657,1.0381355932204772,38.888888888888886,0
2293,1494.8722222222223,0.6749999999999545,0.6527777777778283,0.6555555555555657,1.0296610169490672,36.111111111111114,0
2294,1495.525,0.6527777777778283,0.6472222222221262,0.6555555555555657,0.9957627118644685,36.111111111111114,0
2295,1496.1722222222222,0.6472222222221262,0.6361111111111768,0.6555555555555657,0.9872881355930587,33.333333333333336,0
2296,1496.8083333333334,0.6361111111111768,0.6194444444442979,0.6555555555555657,0.9703389830509327,36.111111111111114,0
2297,1497.4277777777777,0.6194444444442979,0.6527777777778283,0.6555555555555657,0.94491525423705,36.111111111111114,0
2298,1498.0805555555555,0.6527777777778283,0.683333333333394,0.6555555555555657,0.9957627118644685,36.111111111111114,0
2299,1498.763888888889,0.683333333333394,0.6611111111110404,0.6555555555555657,1.0423728813560087,33.333333333333336,0
2300,1499.425,0.6611111111110404,0.6305555555557021,0.6555555555555657,1.008474576271063,33.333333333333336,0
2301,1500.0555555555557,0.6305555555557021,0.6027777777776464,0.6555555555555657,0.9618644067798697,33.333333333333336,0
2302,1500.6583333333333,0.6027777777776464,0.625,0.6555555555555657,0.9194915254235142,33.333333333333336,0
2303,1501.2833333333333,0.625,0.6333333333334394,0.6555555555555657,0.9533898305084599,36.111111111111114,0
2304,1501.9166666666667,0.6333333333334394,0.625,0.6555555555555657,0.9661016949154012,36.111111111111114,0
2305,1502.5416666666667,0.625,0.6694444444444798,0.6555555555555657,0.9533898305084599,36.111111111111114,0
2306,1503.2111111111112,0.6694444444444798,0.7083333333332575,0.6555555555555657,1.0211864406780042,33.333333333333336,0
2307,1503.9194444444445,0.7083333333332575,0.7138888888889596,0.6555555555555657,1.0805084745761389,36.111111111111114,0
2308,1504.6333333333334,0.7138888888889596,0.6722222222222172,0.6555555555555657,1.0889830508475487,36.111111111111114,0
2309,1505.3055555555557,0.6722222222222172,0.658333333333303,0.6555555555555657,1.0254237288135357,36.111111111111114,0
2310,1505.963888888889,0.658333333333303,0.6472222222221262,0.6555555555555657,1.0042372881355315,33.333333333333336,0
2311,1506.611111111111,0.6472222222221262,0.625,0.6555555555555657,0.9872881355930587,36.111111111111114,0
2312,1507.236111111111,0.625,0.6222222222222626,0.6555555555555657,0.9533898305084599,33.333333333333336,0
2313,1507.8583333333333,0.6222222222222626,0.625,0.6555555555555657,0.9491525423729283,33.333333333333336,0
2314,1508.4833333333333,0.625,0.6555555555555657,0.6555555555555657,0.9533898305084599,36.111111111111114,0
2315,1509.138888888889,0.6555555555555657,0.7222222222221717,0.6555555555555657,1.0,36.111111111111114,0
2316,1509.861111111111,0.7222222222221717,0.6972222222223081,0.6555555555555657,1.1016949152541433,36.111111111111114,0
2317,1510.5583333333334,0.6972222222223081,0.6749999999999545,0.6555555555555657,1.063559322034013,33.333333333333336,0
2318,1511.2333333333333,0.6749999999999545,0.6944444444443434,0.6555555555555657,1.0296610169490672,33.333333333333336,0
2319,1511.9277777777777,0.6944444444443434,0.6472222222223536,0.6555555555555657,1.0593220338981346,33.333333333333336,0
2320,1512.575,0.6472222222223536,0.6277777777777374,0.6555555555555657,0.9872881355934056,33.333333333333336,0
2321,1513.2027777777778,0.6277777777777374,0.6333333333334394,0.6555555555555657,0.9576271186439914,36.111111111111114,0
2322,1513.8361111111112,0.6333333333334394,0.6527777777776009,0.6555555555555657,0.9661016949154012,33.333333333333336,0
2323,1514.4888888888888,0.6527777777776009,0.6527777777778283,0.6555555555555657,0.9957627118641217,33.333333333333336,0
2324,1515.1416666666667,0.6527777777778283,0.6694444444444798,0.6555555555555657,0.9957627118644685,36.111111111111114,0
2325,1515.8111111111111,0.6694444444444798,0.6694444444444798,0.6555555555555657,1.0211864406780042,33.333333333333336,0
2326,1516.4805555555556,0.6694444444444798,0.7027777777777828,0.6555555555555657,1.0211864406780042,36.111111111111114,0
2327,1517.1833333333334,0.7027777777777828,0.6861111111111313,0.6555555555555657,1.072033898305076,38.888888888888886,0
2328,1517.8694444444445,0.6861111111111313,0.6527777777776009,0.6555555555555657,1.0466101694915402,33.333333333333336,0
2329,1518.5222222222221,0.6527777777776009,0.6527777777778283,0.6555555555555657,0.9957627118641217,33.333333333333336,0
2330,1519.175,0.6527777777778283,0.6638888888890051,0.6555555555555657,0.9957627118644685,33.333333333333336,0
2331,1519.838888888889,0.6638888888890051,0.6611111111110404,0.6555555555555657,1.0127118644069413,33.333333333333336,0
2332,1520.5,0.6611111111110404,0.6777777777776919,0.6555555555555657,1.008474576271063,33.333333333333336,0
2333,1521.1777777777777,0.6777777777776919,0.7000000000000455,0.6555555555555657,1.033898305084599,36.111111111111114,0
2334,1521.8777777777777,0.7000000000000455,0.7055555555555202,0.6555555555555657,1.0677966101695444,36.111111111111114,0
2335,1522.5833333333333,0.7055555555555202,0.6777777777779193,0.6555555555555657,1.0762711864406074,36.111111111111114,0
2336,1523.2611111111112,0.6777777777779193,0.6722222222222172,0.6555555555555657,1.0338983050849457,36.111111111111114,0
2337,1523.9333333333334,0.6722222222222172,0.6777777777776919,0.6555555555555657,1.0254237288135357,33.333333333333336,0
2338,1524.611111111111,0.6777777777776919,0.6694444444444798,0.6555555555555657,1.033898305084599,36.111111111111114,0
2339,1525.2805555555556,0.6694444444444798,0.6972222222223081,0.6555555555555657,1.0211864406780042,36.111111111111114,0
2340,1525.9777777777779,0.6972222222223081,0.7166666666664696,0.6555555555555657,1.063559322034013,36.111111111111114,0
2341,1526.6944444444443,0.7166666666664696,0.7000000000000455,0.6555555555555657,1.0932203389827333,33.333333333333336,0
2342,1527.3944444444444,0.7000000000000455,0.7222222222221717,0.6555555555555657,1.0677966101695444,36.111111111111114,0
2343,1528.1166666666666,0.7222222222221717,0.7416666666667879,0.6555555555555657,1.1016949152541433,36.111111111111114,0
2344,1528.8583333333333,0.7416666666667879,0.7277777777778738,0.6555555555555657,1.1313559322035573,36.111111111111114,0
2345,1529.5861111111112,0.7277777777778738,0.6805555555554292,0.6555555555555657,1.110169491525553,33.333333333333336,0
2346,1530.2666666666667,0.6805555555554292,0.6666666666667425,0.6555555555555657,1.0381355932201304,33.333333333333336,0
2347,1530.9333333333334,0.6666666666667425,0.6499999999998636,0.6555555555555657,1.0169491525424728,33.333333333333336,0
2348,1531.5833333333333,0.6499999999998636,0.6472222222223536,0.6555555555555657,0.9915254237285902,36.111111111111114,0
2349,1532.2305555555556,0.6472222222223536,0.7000000000000455,0.6555555555555657,0.9872881355934056,33.333333333333336,0
2350,1532.9305555555557,0.7000000000000455,0.7472222222220353,0.6555555555555657,1.0677966101695444,36.111111111111114,0
2351,1533.6777777777777,0.7472222222220353,0.7138888888889596,0.6555555555555657,1.1398305084742735,36.111111111111114,0
2352,1534.3916666666667,0.7138888888889596,0.691666666666606,0.6555555555555657,1.0889830508475487,36.111111111111114,0
2353,1535.0833333333333,0.691666666666606,0.683333333333394,0.6555555555555657,1.0550847457626031,36.111111111111114,0
2354,1535.7666666666667,0.683333333333394,0.6555555555555657,0.6555555555555657,1.0423728813560087,33.333333333333336,0
2355,1536.4222222222222,0.6555555555555657,0.625,0.6555555555555657,1.0,33.333333333333336,0
2356,1537.0472222222222,0.625,0.6333333333334394,0.6555555555555657,0.9533898305084599,33.333333333333336,0
2357,1537.6805555555557,0.6333333333334394,0.6722222222222172,0.6555555555555657,0.9661016949154012,33.333333333333336,0
2358,1538.3527777777779,0.6722222222222172,0.6722222222222172,0.6555555555555657,1.0254237288135357,36.111111111111114,0
2359,1539.025,0.6722222222222172,0.691666666666606,0.6555555555555657,1.0254237288135357,33.333333333333336,0
2360,1539.7166666666667,0.691666666666606,0.7055555555555202,0.6555555555555657,1.0550847457626031,36.111111111111114,0
2361,1540.4222222222222,0.7055555555555202,0.7388888888888232,0.6555555555555657,1.0762711864406074,38.888888888888886,0
2362,1541.161111111111,0.7388888888888232,0.6972222222223081,0.6555555555555657,1.127118644067679,36.111111111111114,0
2363,1541.8583333333333,0.6972222222223081,0.6694444444444798,0.6555555555555657,1.063559322034013,33.333333333333336,0
2364,1542.5277777777778,0.6694444444444798,0.6555555555555657,0.6555555555555657,1.0211864406780042,36.111111111111114,0
2365,1543.1833333333334,0.6555555555555657,0.6805555555554292,0.6555555555555657,1.0,33.333333333333336,0
2366,1543.8638888888888,0.6805555555554292,0.6861111111111313,0.6555555555555657,1.0381355932201304,33.333333333333336,0
2367,1544.55,0.6861111111111313,0.691666666666606,0.6555555555555657,1.0466101694915402,33.333333333333336,0
2368,1545.2416666666666,0.691666666666606,0.7250000000001364,0.6555555555555657,1.0550847457626031,36.111111111111114,0
2369,1545.9666666666667,0.7250000000001364,0.7000000000000455,0.6555555555555657,1.1059322033900216,36.111111111111114,0
2370,1546.6666666666667,0.7000000000000455,0.6805555555554292,0.6555555555555657,1.0677966101695444,33.333333333333336,0
2371,1547.3472222222222,0.6805555555554292,0.6861111111111313,0.6555555555555657,1.0381355932201304,36.111111111111114,0
2372,1548.0333333333333,0.6861111111111313,0.6611111111110404,0.6555555555555657,1.0466101694915402,36.111111111111114,0
2373,1548.6944444444443,0.6611111111110404,0.6583333333335304,0.6555555555555657,1.008474576271063,33.333333333333336,0
2374,1549.3527777777779,0.6583333333335304,0.658333333333303,0.6555555555555657,1.0042372881358783,33.333333333333336,0
2375,1550.0111111111112,0.658333333333303,0.6749999999999545,0.6555555555555657,1.0042372881355315,36.111111111111114,0
2376,1550.6861111111111,0.6749999999999545,0.691666666666606,0.6555555555555657,1.0296610169490672,36.111111111111114,0
2377,1551.3777777777777,0.691666666666606,0.691666666666606,0.6555555555555657,1.0550847457626031,36.111111111111114,0
2378,1552.0694444444443,0.691666666666606,0.7083333333334849,0.6555555555555657,1.0550847457626031,36.111111111111114,0
2379,1552.7777777777778,0.7083333333334849,0.7000000000000455,0.6555555555555657,1.0805084745764857,33.333333333333336,0
2380,1553.4777777777779,0.7000000000000455,0.6749999999999545,0.6555555555555657,1.0677966101695444,33.333333333333336,0
2381,1554.1527777777778,0.6749999999999545,0.6694444444444798,0.6555555555555657,1.0296610169490672,38.888888888888886,0
2382,1554.8222222222223,0.6694444444444798,0.6694444444442524,0.6555555555555657,1.0211864406780042,33.333333333333336,0
2383,1555.4916666666666,0.6694444444442524,0.650000000000091,0.6555555555555657,1.0211864406776574,36.111111111111114,0
2384,1556.1416666666667,0.650000000000091,0.6611111111110404,0.6555555555555657,0.991525423728937,33.333333333333336,0
2385,1556.8027777777777,0.6611111111110404,0.7111111111112223,0.6555555555555657,1.008474576271063,33.333333333333336,0
2386,1557.513888888889,0.7111111111112223,0.7055555555555202,0.6555555555555657,1.0847457627120172,38.888888888888886,0
2387,1558.2194444444444,0.7055555555555202,0.6749999999999545,0.6555555555555657,1.0762711864406074,36.111111111111114,0
2388,1558.8944444444444,0.6749999999999545,0.6611111111112677,0.6555555555555657,1.0296610169490672,36.111111111111114,0
2389,1559.5555555555557,0.6611111111112677,0.6416666666666515,0.6555555555555657,1.0084745762714098,36.111111111111114,0
2390,1560.1972222222223,0.6416666666666515,0.6166666666665606,0.6555555555555657,0.9788135593219957,33.333333333333336,0
2391,1560.8138888888889,0.6166666666665606,0.599999999999909,0.6555555555555657,0.9406779661015185,36.111111111111114,0
2392,1561.4138888888888,0.599999999999909,0.6222222222222626,0.6555555555555657,0.9152542372879827,33.333333333333336,0
2393,1562.036111111111,0.6222222222222626,0.6527777777778283,0.6555555555555657,0.9491525423729283,33.333333333333336,0
2394,1562.6888888888889,0.6527777777778283,0.6638888888890051,0.6555555555555657,0.9957627118644685,36.111111111111114,0
2395,1563.3527777777779,0.6638888888890051,0.6972222222220807,0.6555555555555657,1.0127118644069413,36.111111111111114,0
2396,1564.05,0.6972222222220807,0.6944444444445708,0.6555555555555657,1.063559322033666,36.111111111111114,0
2397,1564.7444444444445,0.6944444444445708,0.7055555555555202,0.6555555555555657,1.0593220338984815,36.111111111111114,0
2398,1565.45,0.7055555555555202,0.691666666666606,0.6555555555555657,1.0762711864406074,36.111111111111114,0
2399,1566.1416666666667,0.691666666666606,0.683333333333394,0.6555555555555657,1.0550847457626031,36.111111111111114,0
2400,1566.825,0.683333333333394,0.6444444444443889,0.6555555555555657,1.0423728813560087,33.333333333333336,0
2401,1567.4694444444444,0.6444444444443889,0.658333333333303,0.6555555555555657,0.9830508474575271,36.111111111111114,0
2402,1568.1277777777777,0.658333333333303,0.6861111111111313,0.6555555555555657,1.0042372881355315,33.333333333333336,0
2403,1568.8138888888889,0.6861111111111313,0.6861111111111313,0.6555555555555657,1.0466101694915402,33.333333333333336,0
2404,1569.5,0.6861111111111313,0.7000000000000455,0.6555555555555657,1.0466101694915402,36.111111111111114,0
2405,1570.2,0.7000000000000455,0.716666666666697,0.6555555555555657,1.0677966101695444,36.111111111111114,0
2406,1570.9166666666667,0.716666666666697,0.6972222222220807,0.6555555555555657,1.0932203389830801,33.333333333333336,0
2407,1571.6138888888888,0.6972222222220807,0.658333333333303,0.6555555555555657,1.063559322033666,36.111111111111114,0
2408,1572.2722222222221,0.658333333333303,0.6527777777778283,0.6555555555555657,1.0042372881355315,33.333333333333336,0
2409,1572.925,0.6527777777778283,0.691666666666606,0.6555555555555657,0.9957627118644685,33.333333333333336,0
2410,1573.6166666666666,0.691666666666606,0.6916666666668334,0.6555555555555657,1.0550847457626031,36.111111111111114,0
2411,1574.3083333333334,0.6916666666668334,0.6833333333331666,0.6555555555555657,1.05508474576295,33.333333333333336,0
2412,1574.9916666666666,0.6833333333331666,0.7000000000000455,0.6555555555555657,1.0423728813556619,33.333333333333336,0
2413,1575.6916666666666,0.7000000000000455,0.7361111111110858,0.6555555555555657,1.0677966101695444,36.111111111111114,0
2414,1576.4277777777777,0.7361111111110858,0.7055555555557476,0.6555555555555657,1.1228813559321476,36.111111111111114,0
2415,1577.1333333333334,0.7055555555557476,0.7138888888887323,0.6555555555555657,1.0762711864409542,36.111111111111114,0
2416,1577.8472222222222,0.7138888888887323,0.7083333333334849,0.6555555555555657,1.0889830508472018,36.111111111111114,0
2417,1578.5555555555557,0.7083333333334849,0.6888888888888687,0.6555555555555657,1.0805084745764857,36.111111111111114,0
2418,1579.2444444444445,0.6888888888888687,0.6555555555555657,0.6555555555555657,1.0508474576270717,33.333333333333336,0
2419,1579.9,0.6555555555555657,0.6666666666665151,0.6555555555555657,1.0,33.333333333333336,0
2420,1580.5666666666666,0.6666666666665151,0.7111111111112223,0.6555555555555657,1.016949152542126,36.111111111111114,0
2421,1581.2777777777778,0.7111111111112223,0.724999999999909,0.6555555555555657,1.0847457627120172,36.111111111111114,0
2422,1582.0027777777777,0.724999999999909,0.7083333333334849,0.6555555555555657,1.1059322033896748,33.333333333333336,0
2423,1582.7111111111112,0.7083333333334849,0.7027777777775555,0.6555555555555657,1.0805084745764857,38.888888888888886,0
2424,1583.4138888888888,0.7027777777775555,0.6750000000001819,0.6555555555555657,1.072033898304729,36.111111111111114,0
2425,1584.088888888889,0.6750000000001819,0.6555555555555657,0.6555555555555657,1.0296610169494143,36.111111111111114,0
2426,1584.7444444444445,0.6555555555555657,0.6472222222221262,0.6555555555555657,1.0,36.111111111111114,0
2427,1585.3916666666667,0.6472222222221262,0.6749999999999545,0.6555555555555657,0.9872881355930587,33.333333333333336,0
2428,1586.0666666666666,0.6749999999999545,0.7250000000001364,0.6555555555555657,1.0296610169490672,33.333333333333336,0
2429,1586.7916666666667,0.7250000000001364,0.7555555555554747,0.6555555555555657,1.1059322033900216,33.333333333333336,0
2430,1587.5472222222222,0.7555555555554747,0.7138888888889596,0.6555555555555657,1.1525423728812147,38.888888888888886,0
2431,1588.2611111111112,0.7138888888889596,0.7194444444444343,0.6555555555555657,1.0889830508475487,36.111111111111114,0
2432,1588.9805555555556,0.7194444444444343,0.7444444444442979,0.6555555555555657,1.0974576271186118,38.888888888888886,0
2433,1589.725,0.7444444444442979,0.683333333333394,0.6555555555555657,1.135593220338742,36.111111111111114,0
2434,1590.4083333333333,0.683333333333394,0.6472222222223536,0.6555555555555657,1.0423728813560087,36.111111111111114,0
2435,1591.0555555555557,0.6472222222223536,0.6527777777776009,0.6555555555555657,0.9872881355934056,33.333333333333336,0
2436,1591.7083333333333,0.6527777777776009,0.6722222222222172,0.6555555555555657,0.9957627118641217,36.111111111111114,0
2437,1592.3805555555555,0.6722222222222172,0.7027777777777828,0.6555555555555657,1.0254237288135357,36.111111111111114,0
2438,1593.0833333333333,0.7027777777777828,0.7222222222223991,0.6555555555555657,1.072033898305076,36.111111111111114,0
2439,1593.8055555555557,0.7222222222223991,0.6972222222220807,0.6555555555555657,1.1016949152544901,36.111111111111114,0
2440,1594.5027777777777,0.6972222222220807,0.691666666666606,0.6555555555555657,1.063559322033666,38.888888888888886,0
2441,1595.1944444444443,0.691666666666606,0.6972222222223081,0.6555555555555657,1.0550847457626031,36.111111111111114,0
2442,1595.8916666666667,0.6972222222223081,0.6444444444443889,0.6555555555555657,1.063559322034013,36.111111111111114,0
2443,1596.536111111111,0.6444444444443889,0.6777777777779193,0.6555555555555657,0.9830508474575271,36.111111111111114,0
2444,1597.213888888889,0.6777777777779193,0.7361111111110858,0.6555555555555657,1.0338983050849457,36.111111111111114,0
2445,1597.95,0.7361111111110858,0.7527777777777374,0.6555555555555657,1.1228813559321476,38.888888888888886,0
2446,1598.7027777777778,0.7527777777777374,0.7555555555554747,0.6555555555555657,1.1483050847456833,38.888888888888886,0
2447,1599.4583333333333,0.7555555555554747,0.7083333333334849,0.6555555555555657,1.1525423728812147,38.888888888888886,0
2448,1600.1666666666667,0.7083333333334849,0.7055555555555202,0.6555555555555657,1.0805084745764857,36.111111111111114,0
2449,1600.8722222222223,0.7055555555555202,0.691666666666606,0.6555555555555657,1.0762711864406074,36.111111111111114,0
2450,1601.5638888888889,0.691666666666606,0.658333333333303,0.6555555555555657,1.0550847457626031,36.111111111111114,0
2451,1602.2222222222222,0.658333333333303,0.6277777777777374,0.6555555555555657,1.0042372881355315,38.888888888888886,0
2452,1602.85,0.6277777777777374,0.6305555555557021,0.6555555555555657,0.9576271186439914,33.333333333333336,0
2453,1603.4805555555556,0.6305555555557021,0.6388888888889142,0.6555555555555657,0.9618644067798697,36.111111111111114,0
2454,1604.1194444444445,0.6388888888889142,0.691666666666606,0.6555555555555657,0.9745762711864642,33.333333333333336,0
2455,1604.8111111111111,0.691666666666606,0.7777777777778283,0.6555555555555657,1.0550847457626031,36.111111111111114,0
2456,1605.588888888889,0.7777777777778283,0.7861111111110404,0.6555555555555657,1.1864406779661605,38.888888888888886,0
2457,1606.375,0.7861111111110404,0.7611111111111768,0.6555555555555657,1.199152542372755,36.111111111111114,0
2458,1607.1361111111112,0.7611111111111768,0.6888888888888687,0.6555555555555657,1.1610169491526248,33.333333333333336,0
2459,1607.825,0.6888888888888687,0.6861111111111313,0.6555555555555657,1.0508474576270717,36.111111111111114,0
2460,1608.5111111111112,0.6861111111111313,0.7111111111109949,0.6555555555555657,1.0466101694915402,38.888888888888886,0
2461,1609.2222222222222,0.7111111111109949,0.783333333333303,0.6555555555555657,1.0847457627116703,36.111111111111114,0
2462,1610.0055555555555,0.783333333333303,0.75,0.6555555555555657,1.1949152542372234,36.111111111111114,0
2463,1610.7555555555555,0.75,0.7250000000001364,0.6555555555555657,1.1440677966101518,36.111111111111114,0
2464,1611.4805555555556,0.7250000000001364,0.6972222222220807,0.6555555555555657,1.1059322033900216,38.888888888888886,0
2465,1612.1777777777777,0.6972222222220807,0.6861111111111313,0.6555555555555657,1.063559322033666,38.888888888888886,0
2466,1612.8638888888888,0.6861111111111313,0.6944444444445708,0.6555555555555657,1.0466101694915402,36.111111111111114,0
2467,1613.5583333333334,0.6944444444445708,0.6472222222221262,0.6555555555555657,1.0593220338984815,36.111111111111114,0
2468,1614.2055555555555,0.6472222222221262,0.6333333333334394,0.6555555555555657,0.9872881355930587,33.333333333333336,0
2469,1614.838888888889,0.6333333333334394,0.6499999999998636,0.6555555555555657,0.9661016949154012,36.111111111111114,0
2470,1615.4888888888888,0.6499999999998636,0.7000000000000455,0.6555555555555657,0.9915254237285902,36.111111111111114,0
2471,1616.1888888888889,0.7000000000000455,0.6972222222223081,0.6555555555555657,1.0677966101695444,38.888888888888886,0
2472,1616.8861111111112,0.6972222222223081,0.7138888888887323,0.6555555555555657,1.063559322034013,36.111111111111114,0
2473,1617.6,0.7138888888887323,0.7722222222223536,0.6555555555555657,1.0889830508472018,38.888888888888886,0
2474,1618.3722222222223,0.7722222222223536,0.7444444444442979,0.6555555555555657,1.1779661016950975,36.111111111111114,0
2475,1619.1166666666666,0.7444444444442979,0.7111111111112223,0.6555555555555657,1.135593220338742,38.888888888888886,0
2476,1619.8277777777778,0.7111111111112223,0.716666666666697,0.6555555555555657,1.0847457627120172,38.888888888888886,0
2477,1620.5444444444445,0.716666666666697,0.7305555555556111,0.6555555555555657,1.0932203389830801,36.111111111111114,0
2478,1621.275,0.7305555555556111,0.6861111111111313,0.6555555555555657,1.1144067796610846,36.111111111111114,0
2479,1621.9611111111112,0.6861111111111313,0.6749999999999545,0.6555555555555657,1.0466101694915402,36.111111111111114,0
2480,1622.6361111111112,0.6749999999999545,0.7083333333332575,0.6555555555555657,1.0296610169490672,36.111111111111114,0
2481,1623.3444444444444,0.7083333333332575,0.7416666666667879,0.6555555555555657,1.0805084745761389,36.111111111111114,0
2482,1624.0861111111112,0.7416666666667879,0.7194444444444343,0.6555555555555657,1.1313559322035573,36.111111111111114,0
2483,1624.8055555555557,0.7194444444444343,0.691666666666606,0.6555555555555657,1.0974576271186118,36.111111111111114,0
2484,1625.4972222222223,0.691666666666606,0.6722222222222172,0.6555555555555657,1.0550847457626031,36.111111111111114,0
2485,1626.1694444444445,0.6722222222222172,0.6555555555555657,0.6555555555555657,1.0254237288135357,36.111111111111114,0
2486,1626.825,0.6555555555555657,0.6555555555555657,0.6555555555555657,1.0,36.111111111111114,0
2487,1627.4805555555556,0.6555555555555657,0.6361111111109494,0.6555555555555657,1.0,36.111111111111114,0
2488,1628.1166666666666,0.6361111111109494,0.6638888888890051,0.6555555555555657,0.9703389830505859,33.333333333333336,0
2489,1628.7805555555556,0.6638888888890051,0.6972222222223081,0.6555555555555657,1.0127118644069413,38.888888888888886,0
2490,1629.4777777777779,0.6972222222223081,0.724999999999909,0.6555555555555657,1.063559322034013,36.111111111111114,0
2491,1630.2027777777778,0.724999999999909,0.6861111111111313,0.6555555555555657,1.1059322033896748,38.888888888888886,0
2492,1630.888888888889,0.6861111111111313,0.7027777777777828,0.6555555555555657,1.0466101694915402,36.111111111111114,0
2493,1631.5916666666667,0.7027777777777828,0.6861111111111313,0.6555555555555657,1.072033898305076,36.111111111111114,0
2494,1632.2777777777778,0.6861111111111313,0.6861111111111313,0.6555555555555657,1.0466101694915402,36.111111111111114,0
2495,1632.963888888889,0.6861111111111313,0.6638888888887777,0.6555555555555657,1.0466101694915402,36.111111111111114,0
2496,1633.6277777777777,0.6638888888887777,0.6749999999999545,0.6555555555555657,1.0127118644065944,36.111111111111114,0
2497,1634.3027777777777,0.6749999999999545,0.6916666666668334,0.6555555555555657,1.0296610169490672,36.111111111111114,0
2498,1634.9944444444445,0.6916666666668334,0.6861111111111313,0.6555555555555657,1.05508474576295,38.888888888888886,0
2499,1635.6805555555557,0.6861111111111313,0.6833333333331666,0.6555555555555657,1.0466101694915402,36.111111111111114,0
2500,1636.3638888888888,0.6833333333331666,0.7000000000000455,0.6555555555555657,1.0423728813556619,36.111111111111114,0
2501,1637.0638888888889,0.7000000000000455,0.6722222222222172,0.6555555555555657,1.0677966101695444,38.888888888888886,0
2502,1637.736111111111,0.6722222222222172,0.6472222222223536,0.6555555555555657,1.0254237288135357,36.111111111111114,0
2503,1638.3833333333334,0.6472222222223536,0.625,0.6555555555555657,0.9872881355934056,36.111111111111114,0
2504,1639.0083333333334,0.625,0.6444444444443889,0.6555555555555657,0.9533898305084599,36.111111111111114,0
2505,1639.6527777777778,0.6444444444443889,0.683333333333394,0.6555555555555657,0.9830508474575271,36.111111111111114,0
2506,1640.3361111111112,0.683333333333394,0.6888888888888687,0.6555555555555657,1.0423728813560087,36.111111111111114,0
2507,1641.025,0.6888888888888687,0.6999999999998181,0.6555555555555657,1.0508474576270717,36.111111111111114,0
2508,1641.725,0.6999999999998181,0.7250000000001364,0.6555555555555657,1.0677966101691976,38.888888888888886,0
2509,1642.45,0.7250000000001364,0.7083333333332575,0.6555555555555657,1.1059322033900216,38.888888888888886,0
2510,1643.1583333333333,0.7083333333332575,0.6416666666666515,0.6555555555555657,1.0805084745761389,36.111111111111114,0
2511,1643.8,0.6416666666666515,0.6361111111111768,0.6555555555555657,0.9788135593219957,36.111111111111114,0
2512,1644.4361111111111,0.6361111111111768,0.658333333333303,0.6555555555555657,0.9703389830509327,36.111111111111114,0
2513,1645.0944444444444,0.658333333333303,0.6333333333334394,0.6555555555555657,1.0042372881355315,36.111111111111114,0
2514,1645.7277777777779,0.6333333333334394,0.6361111111109494,0.6555555555555657,0.9661016949154012,36.111111111111114,0
2515,1646.3638888888888,0.6361111111109494,0.6388888888889142,0.6555555555555657,0.9703389830505859,33.333333333333336,0
2516,1647.0027777777777,0.6388888888889142,0.6861111111111313,0.6555555555555657,0.9745762711864642,36.111111111111114,0
2517,1647.6888888888889,0.6861111111111313,0.7555555555554747,0.6555555555555657,1.0466101694915402,38.888888888888886,0
2518,1648.4444444444443,0.7555555555554747,0.7611111111111768,0.6555555555555657,1.1525423728812147,38.888888888888886,0
2519,1649.2055555555555,0.7611111111111768,0.816666666666606,0.6555555555555657,1.1610169491526248,38.888888888888886,0
2520,1650.0222222222221,0.816666666666606,0.7388888888890506,0.6555555555555657,1.245762711864295,38.888888888888886,0
2521,1650.7611111111112,0.7388888888890506,0.6833333333331666,0.6555555555555657,1.1271186440680259,33.333333333333336,0
2522,1651.4444444444443,0.6833333333331666,0.6916666666668334,0.6555555555555657,1.0423728813556619,36.111111111111114,0
2523,1652.1361111111112,0.6916666666668334,0.7138888888887323,0.6555555555555657,1.05508474576295,36.111111111111114,0
2524,1652.85,0.7138888888887323,0.6916666666668334,0.6555555555555657,1.0889830508472018,38.888888888888886,0
2525,1653.5416666666667,0.6916666666668334,0.6833333333331666,0.6555555555555657,1.05508474576295,38.888888888888886,0
2526,1654.225,0.6833333333331666,0.6694444444444798,0.6555555555555657,1.0423728813556619,38.888888888888886,0
2527,1654.8944444444444,0.6694444444444798,0.6527777777778283,0.6555555555555657,1.0211864406780042,36.111111111111114,0
2528,1655.5472222222222,0.6527777777778283,0.6277777777777374,0.6555555555555657,0.9957627118644685,36.111111111111114,0
2529,1656.175,0.6277777777777374,0.6222222222222626,0.6555555555555657,0.9576271186439914,36.111111111111114,0
2530,1656.7972222222222,0.6222222222222626,0.6388888888889142,0.6555555555555657,0.9491525423729283,36.111111111111114,0
2531,1657.4361111111111,0.6388888888889142,0.6666666666667425,0.6555555555555657,0.9745762711864642,36.111111111111114,0
2532,1658.1027777777779,0.6666666666667425,0.7083333333332575,0.6555555555555657,1.0169491525424728,36.111111111111114,0
2533,1658.8111111111111,0.7083333333332575,0.7444444444445253,0.6555555555555657,1.0805084745761389,36.111111111111114,0
2534,1659.5555555555557,0.7444444444445253,0.7194444444444343,0.6555555555555657,1.1355932203390888,36.111111111111114,0
2535,1660.275,0.7194444444444343,0.7583333333332121,0.6555555555555657,1.0974576271186118,36.111111111111114,0
2536,1661.0333333333333,0.7583333333332121,0.7472222222222626,0.6555555555555657,1.1567796610167462,38.888888888888886,0
2537,1661.7805555555556,0.7472222222222626,0.7277777777778738,0.6555555555555657,1.1398305084746203,36.111111111111114,0
2538,1662.5083333333334,0.7277777777778738,0.6555555555553383,0.6555555555555657,1.110169491525553,38.888888888888886,0
2539,1663.1638888888888,0.6555555555553383,0.6777777777779193,0.6555555555555657,0.9999999999996532,36.111111111111114,0
2540,1663.8416666666667,0.6777777777779193,0.683333333333394,0.6555555555555657,1.0338983050849457,38.888888888888886,0
2541,1664.525,0.683333333333394,0.6999999999998181,0.6555555555555657,1.0423728813560087,36.111111111111114,0
2542,1665.225,0.6999999999998181,0.7027777777777828,0.6555555555555657,1.0677966101691976,36.111111111111114,0
2543,1665.9277777777777,0.7027777777777828,0.716666666666697,0.6555555555555657,1.072033898305076,38.888888888888886,0
2544,1666.6444444444444,0.716666666666697,0.7138888888889596,0.6555555555555657,1.0932203389830801,38.888888888888886,0
2545,1667.3583333333333,0.7138888888889596,0.7083333333332575,0.6555555555555657,1.0889830508475487,38.888888888888886,0
2546,1668.0666666666666,0.7083333333332575,0.658333333333303,0.6555555555555657,1.0805084745761389,36.111111111111114,0
2547,1668.725,0.658333333333303,0.6861111111111313,0.6555555555555657,1.0042372881355315,36.111111111111114,0
2548,1669.411111111111,0.6861111111111313,0.683333333333394,0.6555555555555657,1.0466101694915402,36.111111111111114,0
2549,1670.0944444444444,0.683333333333394,0.6888888888888687,0.6555555555555657,1.0423728813560087,36.111111111111114,0
2550,1670.7833333333333,0.6888888888888687,0.6861111111111313,0.6555555555555657,1.0508474576270717,36.111111111111114,0
2551,1671.4694444444444,0.6861111111111313,0.7194444444444343,0.6555555555555657,1.0466101694915402,36.111111111111114,0
2552,1672.1888888888889,0.7194444444444343,0.7138888888889596,0.6555555555555657,1.0974576271186118,38.888888888888886,0
2553,1672.9027777777778,0.7138888888889596,0.7027777777777828,0.6555555555555657,1.0889830508475487,36.111111111111114,0
2554,1673.6055555555556,0.7027777777777828,0.6694444444444798,0.6555555555555657,1.072033898305076,36.111111111111114,0
2555,1674.275,0.6694444444444798,0.6499999999998636,0.6555555555555657,1.0211864406780042,36.111111111111114,0
2556,1674.925,0.6499999999998636,0.658333333333303,0.6555555555555657,0.9915254237285902,36.111111111111114,0
2557,1675.5833333333333,0.658333333333303,0.6611111111112677,0.6555555555555657,1.0042372881355315,36.111111111111114,0
2558,1676.2444444444445,0.6611111111112677,0.6749999999999545,0.6555555555555657,1.0084745762714098,36.111111111111114,0
2559,1676.9194444444445,0.6749999999999545,0.7083333333332575,0.6555555555555657,1.0296610169490672,38.888888888888886,0
2560,1677.6277777777777,0.7083333333332575,0.7222222222221717,0.6555555555555657,1.0805084745761389,38.888888888888886,0
2561,1678.35,0.7222222222221717,0.6972222222223081,0.6555555555555657,1.1016949152541433,38.888888888888886,0
2562,1679.0472222222222,0.6972222222223081,0.6777777777776919,0.6555555555555657,1.063559322034013,36.111111111111114,0
2563,1679.725,0.6777777777776919,0.6777777777779193,0.6555555555555657,1.033898305084599,36.111111111111114,0
2564,1680.4027777777778,0.6777777777779193,0.6611111111110404,0.6555555555555657,1.0338983050849457,36.111111111111114,0
2565,1681.0638888888889,0.6611111111110404,0.650000000000091,0.6555555555555657,1.008474576271063,36.111111111111114,0
2566,1681.713888888889,0.650000000000091,0.6527777777776009,0.6555555555555657,0.991525423728937,36.111111111111114,0
2567,1682.3666666666666,0.6527777777776009,0.6750000000001819,0.6555555555555657,0.9957627118641217,36.111111111111114,0
2568,1683.0416666666667,0.6750000000001819,0.7027777777777828,0.6555555555555657,1.0296610169494143,38.888888888888886,0
2569,1683.7444444444445,0.7027777777777828,0.6861111111111313,0.6555555555555657,1.072033898305076,38.888888888888886,0
2570,1684.4305555555557,0.6861111111111313,0.7055555555555202,0.6555555555555657,1.0466101694915402,38.888888888888886,0
2571,1685.1361111111112,0.7055555555555202,0.7083333333332575,0.6555555555555657,1.0762711864406074,38.888888888888886,0
2572,1685.8444444444444,0.7083333333332575,0.683333333333394,0.6555555555555657,1.0805084745761389,38.888888888888886,0
2573,1686.5277777777778,0.683333333333394,0.6361111111109494,0.6555555555555657,1.0423728813560087,38.888888888888886,0
2574,1687.1638888888888,0.6361111111109494,0.650000000000091,0.6555555555555657,0.9703389830505859,36.111111111111114,0
2575,1687.8138888888889,0.650000000000091,0.683333333333394,0.6555555555555657,0.991525423728937,38.888888888888886,0
2576,1688.4972222222223,0.683333333333394,0.683333333333394,0.6555555555555657,1.0423728813560087,36.111111111111114,0
2577,1689.1805555555557,0.683333333333394,0.6999999999998181,0.6555555555555657,1.0423728813560087,38.888888888888886,0
2578,1689.8805555555555,0.6999999999998181,0.7111111111112223,0.6555555555555657,1.0677966101691976,36.111111111111114,0
2579,1690.5916666666667,0.7111111111112223,0.6944444444443434,0.6555555555555657,1.0847457627120172,38.888888888888886,0
2580,1691.286111111111,0.6944444444443434,0.6944444444445708,0.6555555555555657,1.0593220338981346,38.888888888888886,0
2581,1691.9805555555556,0.6944444444445708,0.6694444444444798,0.6555555555555657,1.0593220338984815,38.888888888888886,0
2582,1692.65,0.6694444444444798,0.6611111111110404,0.6555555555555657,1.0211864406780042,38.888888888888886,0
2583,1693.3111111111111,0.6611111111110404,0.6777777777776919,0.6555555555555657,1.008474576271063,36.111111111111114,0
2584,1693.9888888888888,0.6777777777776919,0.7055555555555202,0.6555555555555657,1.033898305084599,36.111111111111114,0
2585,1694.6944444444443,0.7055555555555202,0.6777777777779193,0.6555555555555657,1.0762711864406074,36.111111111111114,0
2586,1695.3722222222223,0.6777777777779193,0.7333333333333485,0.6555555555555657,1.0338983050849457,36.111111111111114,0
2587,1696.1055555555556,0.7333333333333485,0.75,0.6555555555555657,1.118644067796616,38.888888888888886,0
2588,1696.8555555555556,0.75,0.7333333333333485,0.6555555555555657,1.1440677966101518,38.888888888888886,0
2589,1697.588888888889,0.7333333333333485,0.6722222222222172,0.6555555555555657,1.118644067796616,38.888888888888886,0
2590,1698.2611111111112,0.6722222222222172,0.6555555555555657,0.6555555555555657,1.0254237288135357,36.111111111111114,0
2591,1698.9166666666667,0.6555555555555657,0.6638888888887777,0.6555555555555657,1.0,33.333333333333336,0
2592,1699.5805555555555,0.6638888888887777,0.6416666666666515,0.6555555555555657,1.0127118644065944,36.111111111111114,0
2593,1700.2222222222222,0.6416666666666515,0.6694444444444798,0.6555555555555657,0.9788135593219957,36.111111111111114,0
2594,1700.8916666666667,0.6694444444444798,0.7305555555556111,0.6555555555555657,1.0211864406780042,36.111111111111114,0
2595,1701.6222222222223,0.7305555555556111,0.7361111111110858,0.6555555555555657,1.1144067796610846,38.888888888888886,0
2596,1702.3583333333333,0.7361111111110858,0.6888888888888687,0.6555555555555657,1.1228813559321476,36.111111111111114,0
2597,1703.0472222222222,0.6888888888888687,0.6888888888888687,0.6555555555555657,1.0508474576270717,36.111111111111114,0
2598,1703.736111111111,0.6888888888888687,0.6972222222223081,0.6555555555555657,1.0508474576270717,36.111111111111114,0
2599,1704.4333333333334,0.6972222222223081,0.6527777777778283,0.6555555555555657,1.063559322034013,36.111111111111114,0
2600,1705.0861111111112,0.6527777777778283,0.6527777777776009,0.6555555555555657,0.9957627118644685,36.111111111111114,0
2601,1705.7388888888888,0.6527777777776009,0.6749999999999545,0.6555555555555657,0.9957627118641217,36.111111111111114,0
2602,1706.4138888888888,0.6749999999999545,0.6722222222224445,0.6555555555555657,1.0296610169490672,36.111111111111114,0
2603,1707.0861111111112,0.6722222222224445,0.6694444444442524,0.6555555555555657,1.0254237288138826,38.888888888888886,0
2604,1707.7555555555555,0.6694444444442524,0.6777777777779193,0.6555555555555657,1.0211864406776574,36.111111111111114,0
2605,1708.4333333333334,0.6777777777779193,0.7305555555553838,0.6555555555555657,1.0338983050849457,36.111111111111114,0
2606,1709.1638888888888,0.7305555555553838,0.6944444444445708,0.6555555555555657,1.1144067796607378,41.666666666666664,0
2607,1709.8583333333333,0.6944444444445708,0.650000000000091,0.6555555555555657,1.0593220338984815,36.111111111111114,0
2608,1710.5083333333334,0.650000000000091,0.6361111111109494,0.6555555555555657,0.991525423728937,36.111111111111114,0
2609,1711.1444444444444,0.6361111111109494,0.6472222222223536,0.6555555555555657,0.9703389830505859,36.111111111111114,0
2610,1711.7916666666667,0.6472222222223536,0.6638888888887777,0.6555555555555657,0.9872881355934056,33.333333333333336,0
2611,1712.4555555555555,0.6638888888887777,0.6638888888890051,0.6555555555555657,1.0127118644065944,33.333333333333336,0
2612,1713.1194444444445,0.6638888888890051,0.6972222222220807,0.6555555555555657,1.0127118644069413,36.111111111111114,0
2613,1713.8166666666666,0.6972222222220807,0.7277777777778738,0.6555555555555657,1.063559322033666,38.888888888888886,0
2614,1714.5444444444445,0.7277777777778738,0.7111111111109949,0.6555555555555657,1.110169491525553,36.111111111111114,0
2615,1715.2555555555555,0.7111111111109949,0.6638888888890051,0.6555555555555657,1.0847457627116703,38.888888888888886,0
2616,1715.9194444444445,0.6638888888890051,0.6416666666666515,0.6555555555555657,1.0127118644069413,36.111111111111114,0
2617,1716.5611111111111,0.6416666666666515,0.6555555555555657,0.6555555555555657,0.9788135593219957,36.111111111111114,0
2618,1717.2166666666667,0.6555555555555657,0.6472222222221262,0.6555555555555657,1.0,33.333333333333336,0
2619,1717.8638888888888,0.6472222222221262,0.6555555555555657,0.6555555555555657,0.9872881355930587,36.111111111111114,0
2620,1718.5194444444444,0.6555555555555657,0.6666666666667425,0.6555555555555657,1.0,36.111111111111114,0
2621,1719.1861111111111,0.6666666666667425,0.6944444444443434,0.6555555555555657,1.0169491525424728,38.888888888888886,0
2622,1719.8805555555555,0.6944444444443434,0.6944444444445708,0.6555555555555657,1.0593220338981346,38.888888888888886,0
2623,1720.575,0.6944444444445708,0.6888888888888687,0.6555555555555657,1.0593220338984815,38.888888888888886,0
2624,1721.263888888889,0.6888888888888687,0.6749999999999545,0.6555555555555657,1.0508474576270717,38.888888888888886,0
2625,1721.9388888888889,0.6749999999999545,0.6611111111110404,0.6555555555555657,1.0296610169490672,38.888888888888886,0
2626,1722.6,0.6611111111110404,0.6750000000001819,0.6555555555555657,1.008474576271063,36.111111111111114,0
2627,1723.275,0.6750000000001819,0.6722222222222172,0.6555555555555657,1.0296610169494143,33.333333333333336,0
2628,1723.9472222222223,0.6722222222222172,0.6999999999998181,0.6555555555555657,1.0254237288135357,33.333333333333336,0
2629,1724.6472222222221,0.6999999999998181,0.6916666666668334,0.6555555555555657,1.0677966101691976,38.888888888888886,0
2630,1725.338888888889,0.6916666666668334,0.6944444444443434,0.6555555555555657,1.05508474576295,38.888888888888886,0
2631,1726.0333333333333,0.6944444444443434,0.6972222222223081,0.6555555555555657,1.0593220338981346,38.888888888888886,0
2632,1726.7305555555556,0.6972222222223081,0.7222222222221717,0.6555555555555657,1.063559322034013,38.888888888888886,0
2633,1727.4527777777778,0.7222222222221717,0.6666666666667425,0.6555555555555657,1.1016949152541433,36.111111111111114,0
2634,1728.1194444444445,0.6666666666667425,0.6361111111109494,0.6555555555555657,1.0169491525424728,36.111111111111114,0
2635,1728.7555555555555,0.6361111111109494,0.6361111111111768,0.6555555555555657,0.9703389830505859,38.888888888888886,0
2636,1729.3916666666667,0.6361111111111768,0.6666666666667425,0.6555555555555657,0.9703389830509327,36.111111111111114,0
2637,1730.0583333333334,0.6666666666667425,0.6305555555554747,0.6555555555555657,1.0169491525424728,36.111111111111114,0
2638,1730.6888888888889,0.6305555555554747,0.6222222222222626,0.6555555555555657,0.9618644067795229,36.111111111111114,0
2639,1731.3111111111111,0.6222222222222626,0.6333333333332121,0.6555555555555657,0.9491525423729283,33.333333333333336,0
2640,1731.9444444444443,0.6333333333332121,0.6583333333335304,0.6555555555555657,0.9661016949150544,36.111111111111114,0
2641,1732.6027777777779,0.6583333333335304,0.6638888888887777,0.6555555555555657,1.0042372881358783,36.111111111111114,0
2642,1733.2666666666667,0.6638888888887777,0.6888888888888687,0.6555555555555657,1.0127118644065944,36.111111111111114,0
2643,1733.9555555555555,0.6888888888888687,0.6888888888888687,0.6555555555555657,1.0508474576270717,36.111111111111114,0
2644,1734.6444444444444,0.6888888888888687,0.6555555555555657,0.6555555555555657,1.0508474576270717,30.555555555555557,0
2645,1735.3,0.6555555555555657,0.6222222222222626,0.6555555555555657,1.0,33.333333333333336,0
2646,1735.9222222222222,0.6222222222222626,0.6138888888888232,0.6555555555555657,0.9491525423729283,33.333333333333336,0
2647,1736.536111111111,0.6138888888888232,0.6555555555555657,0.6555555555555657,0.9364406779659871,36.111111111111114,0
2648,1737.1916666666666,0.6555555555555657,0.6777777777779193,0.6555555555555657,1.0,36.111111111111114,0
2649,1737.8694444444445,0.6777777777779193,0.6416666666666515,0.6555555555555657,1.0338983050849457,33.333333333333336,0
2650,1738.5111111111112,0.6416666666666515,0.6444444444443889,0.6555555555555657,0.9788135593219957,38.888888888888886,0
2651,1739.1555555555556,0.6444444444443889,0.650000000000091,0.6555555555555657,0.9830508474575271,36.111111111111114,0
2652,1739.8055555555557,0.650000000000091,0.6749999999999545,0.6555555555555657,0.991525423728937,36.111111111111114,0
2653,1740.4805555555556,0.6749999999999545,0.6444444444443889,0.6555555555555657,1.0296610169490672,33.333333333333336,0
2654,1741.125,0.6444444444443889,0.625,0.6555555555555657,0.9830508474575271,33.333333333333336,0
2655,1741.75,0.625,0.6388888888889142,0.6555555555555657,0.9533898305084599,33.333333333333336,0
2656,1742.388888888889,0.6388888888889142,0.683333333333394,0.6555555555555657,0.9745762711864642,36.111111111111114,0
2657,1743.0722222222223,0.683333333333394,0.7027777777777828,0.6555555555555657,1.0423728813560087,36.111111111111114,0
2658,1743.775,0.7027777777777828,0.6611111111110404,0.6555555555555657,1.072033898305076,38.888888888888886,0
2659,1744.4361111111111,0.6611111111110404,0.6777777777776919,0.6555555555555657,1.008474576271063,36.111111111111114,0
2660,1745.1138888888888,0.6777777777776919,0.6694444444444798,0.6555555555555657,1.033898305084599,36.111111111111114,0
2661,1745.7833333333333,0.6694444444444798,0.625,0.6555555555555657,1.0211864406780042,33.333333333333336,0
2662,1746.4083333333333,0.625,0.6111111111110858,0.6555555555555657,0.9533898305084599,33.333333333333336,0
2663,1747.0194444444444,0.6111111111110858,0.6111111111110858,0.6555555555555657,0.9322033898304556,36.111111111111114,0
2664,1747.6305555555555,0.6111111111110858,0.6361111111111768,0.6555555555555657,0.9322033898304556,33.333333333333336,0
2665,1748.2666666666667,0.6361111111111768,0.658333333333303,0.6555555555555657,0.9703389830509327,33.333333333333336,0
2666,1748.925,0.658333333333303,0.6638888888890051,0.6555555555555657,1.0042372881355315,36.111111111111114,0
2667,1749.588888888889,0.6638888888890051,0.6888888888888687,0.6555555555555657,1.0127118644069413,36.111111111111114,0
2668,1750.2777777777778,0.6888888888888687,0.716666666666697,0.6555555555555657,1.0508474576270717,36.111111111111114,0
2669,1750.9944444444445,0.716666666666697,0.7083333333332575,0.6555555555555657,1.0932203389830801,36.111111111111114,0
2670,1751.7027777777778,0.7083333333332575,0.6305555555554747,0.6555555555555657,1.0805084745761389,36.111111111111114,0
2671,1752.3333333333333,0.6305555555554747,0.6305555555557021,0.6555555555555657,0.9618644067795229,33.333333333333336,0
2672,1752.963888888889,0.6305555555557021,0.6416666666666515,0.6555555555555657,0.9618644067798697,33.333333333333336,0
2673,1753.6055555555556,0.6416666666666515,0.6166666666665606,0.6555555555555657,0.9788135593219957,36.111111111111114,0
2674,1754.2222222222222,0.6166666666665606,0.6000000000001364,0.6555555555555657,0.9406779661015185,33.333333333333336,0
2675,1754.8222222222223,0.6000000000001364,0.5972222222221717,0.6555555555555657,0.9152542372883296,36.111111111111114,0
2676,1755.4194444444445,0.5972222222221717,0.6277777777777374,0.6555555555555657,0.9110169491524512,33.333333333333336,0
2677,1756.0472222222222,0.6277777777777374,0.6888888888888687,0.6555555555555657,0.9576271186439914,36.111111111111114,0
2678,1756.736111111111,0.6888888888888687,0.6888888888888687,0.6555555555555657,1.0508474576270717,41.666666666666664,0
2679,1757.425,0.6888888888888687,0.6638888888890051,0.6555555555555657,1.0508474576270717,36.111111111111114,0
2680,1758.088888888889,0.6638888888890051,0.6555555555555657,0.6555555555555657,1.0127118644069413,33.333333333333336,0
2681,1758.7444444444445,0.6555555555555657,0.6999999999998181,0.6555555555555657,1.0,36.111111111111114,0
2682,1759.4444444444443,0.6999999999998181,0.6805555555556566,0.6555555555555657,1.0677966101691976,33.333333333333336,0
2683,1760.125,0.6805555555556566,0.6888888888888687,0.6555555555555657,1.0381355932204772,36.111111111111114,0
2684,1760.8138888888889,0.6888888888888687,0.7277777777778738,0.6555555555555657,1.0508474576270717,36.111111111111114,0
2685,1761.5416666666667,0.7277777777778738,0.7305555555553838,0.6555555555555657,1.110169491525553,36.111111111111114,0
2686,1762.2722222222221,0.7305555555553838,0.7138888888889596,0.6555555555555657,1.1144067796607378,36.111111111111114,0
2687,1762.986111111111,0.7138888888889596,0.6749999999999545,0.6555555555555657,1.0889830508475487,36.111111111111114,0
2688,1763.661111111111,0.6749999999999545,0.6777777777779193,0.6555555555555657,1.0296610169490672,36.111111111111114,0
2689,1764.338888888889,0.6777777777779193,0.6833333333331666,0.6555555555555657,1.0338983050849457,36.111111111111114,0
2690,1765.0222222222221,0.6833333333331666,0.6444444444446162,0.6555555555555657,1.0423728813556619,33.333333333333336,0
2691,1765.6666666666667,0.6444444444446162,0.6361111111109494,0.6555555555555657,0.9830508474578741,33.333333333333336,0
2692,1766.3027777777777,0.6361111111109494,0.6750000000001819,0.6555555555555657,0.9703389830505859,27.77777777777778,0
2693,1766.9777777777779,0.6750000000001819,0.724999999999909,0.6555555555555657,1.0296610169494143,36.111111111111114,0
2694,1767.7027777777778,0.724999999999909,0.691666666666606,0.6555555555555657,1.1059322033896748,36.111111111111114,0
2695,1768.3944444444444,0.691666666666606,0.7222222222221717,0.6555555555555657,1.0550847457626031,33.333333333333336,0
2696,1769.1166666666666,0.7222222222221717,0.7027777777777828,0.6555555555555657,1.1016949152541433,36.111111111111114,0
2697,1769.8194444444443,0.7027777777777828,0.6416666666668789,0.6555555555555657,1.072033898305076,33.333333333333336,0
2698,1770.4611111111112,0.6416666666668789,0.625,0.6555555555555657,0.9788135593223425,36.111111111111114,0
2699,1771.0861111111112,0.625,0.6166666666665606,0.6555555555555657,0.9533898305084599,36.111111111111114,0
2700,1771.7027777777778,0.6166666666665606,0.7805555555555657,0.6555555555555657,0.9406779661015185,33.333333333333336,0
2701,1772.4833333333333,0.7805555555555657,0.8305555555555202,0.6555555555555657,1.190677966101692,38.888888888888886,0
2702,1773.3138888888889,0.8305555555555202,0.8250000000000455,0.6555555555555657,1.2669491525422993,36.111111111111114,0
2703,1774.138888888889,0.8250000000000455,0.7972222222222172,0.6555555555555657,1.2584745762712364,38.888888888888886,0
2704,1774.9361111111111,0.7972222222222172,0.7444444444445253,0.6555555555555657,1.2161016949152277,36.111111111111114,0
2705,1775.6805555555557,0.7444444444445253,0.6777777777776919,0.6555555555555657,1.1355932203390888,36.111111111111114,0
2706,1776.3583333333333,0.6777777777776919,0.6444444444443889,0.6555555555555657,1.033898305084599,33.333333333333336,0
2707,1777.0027777777777,0.6444444444443889,0.6694444444444798,0.6555555555555657,0.9830508474575271,36.111111111111114,0
2708,1777.6722222222222,0.6694444444444798,0.6722222222222172,0.6555555555555657,1.0211864406780042,36.111111111111114,0
2709,1778.3444444444444,0.6722222222222172,0.7277777777778738,0.6555555555555657,1.0254237288135357,36.111111111111114,0
2710,1779.0722222222223,0.7277777777778738,0.7416666666665606,0.6555555555555657,1.110169491525553,33.333333333333336,0
2711,1779.8138888888889,0.7416666666665606,0.7777777777778283,0.6555555555555657,1.1313559322032105,36.111111111111114,0
2712,1780.5916666666667,0.7777777777778283,0.7944444444444798,0.6555555555555657,1.1864406779661605,38.888888888888886,0
2713,1781.3861111111112,0.7944444444444798,0.7972222222222172,0.6555555555555657,1.2118644067796962,36.111111111111114,0
2714,1782.1833333333334,0.7972222222222172,0.7111111111109949,0.6555555555555657,1.2161016949152277,36.111111111111114,0
2715,1782.8944444444444,0.7111111111109949,0.7083333333334849,0.6555555555555657,1.0847457627116703,36.111111111111114,0
2716,1783.6027777777779,0.7083333333334849,0.7277777777776464,0.6555555555555657,1.0805084745764857,36.111111111111114,0
2717,1784.3305555555555,0.7277777777776464,0.7111111111112223,0.6555555555555657,1.1101694915252063,36.111111111111114,0
2718,1785.0416666666667,0.7111111111112223,0.7361111111110858,0.6555555555555657,1.0847457627120172,36.111111111111114,0
2719,1785.7777777777778,0.7361111111110858,0.7555555555554747,0.6555555555555657,1.1228813559321476,38.888888888888886,0
2720,1786.5333333333333,0.7555555555554747,0.75,0.6555555555555657,1.1525423728812147,36.111111111111114,0
2721,1787.2833333333333,0.75,0.691666666666606,0.6555555555555657,1.1440677966101518,38.888888888888886,0
2722,1787.975,0.691666666666606,0.716666666666697,0.6555555555555657,1.0550847457626031,36.111111111111114,0
2723,1788.6916666666666,0.716666666666697,0.7083333333334849,0.6555555555555657,1.0932203389830801,36.111111111111114,0
2724,1789.4,0.7083333333334849,0.691666666666606,0.6555555555555657,1.0805084745764857,36.111111111111114,0
2725,1790.0916666666667,0.691666666666606,0.6472222222221262,0.6555555555555657,1.0550847457626031,36.111111111111114,0
2726,1790.7388888888888,0.6472222222221262,0.6972222222223081,0.6555555555555657,0.9872881355930587,38.888888888888886,0
2727,1791.4361111111111,0.6972222222223081,0.7361111111110858,0.6555555555555657,1.063559322034013,38.888888888888886,0
2728,1792.1722222222222,0.7361111111110858,0.7111111111112223,0.6555555555555657,1.1228813559321476,36.111111111111114,0
2729,1792.8833333333334,0.7111111111112223,0.7527777777777374,0.6555555555555657,1.0847457627120172,36.111111111111114,0
2730,1793.6361111111112,0.7527777777777374,0.7444444444442979,0.6555555555555657,1.1483050847456833,38.888888888888886,0
2731,1794.3805555555555,0.7444444444442979,0.6861111111111313,0.6555555555555657,1.135593220338742,36.111111111111114,0
2732,1795.0666666666666,0.6861111111111313,0.6333333333334394,0.6555555555555657,1.0466101694915402,36.111111111111114,0
2733,1795.7,0.6333333333334394,0.6722222222222172,0.6555555555555657,0.9661016949154012,38.888888888888886,0
2734,1796.3722222222223,0.6722222222222172,0.7000000000000455,0.6555555555555657,1.0254237288135357,36.111111111111114,0
2735,1797.0722222222223,0.7000000000000455,0.7055555555555202,0.6555555555555657,1.0677966101695444,36.111111111111114,0
2736,1797.7777777777778,0.7055555555555202,0.6888888888888687,0.6555555555555657,1.0762711864406074,38.888888888888886,0
2737,1798.4666666666667,0.6888888888888687,0.658333333333303,0.6555555555555657,1.0508474576270717,36.111111111111114,0
2738,1799.125,0.658333333333303,0.6305555555554747,0.6555555555555657,1.0042372881355315,36.111111111111114,0
2739,1799.7555555555555,0.6305555555554747,0.6305555555557021,0.6555555555555657,0.9618644067795229,36.111111111111114,0
2740,1800.3861111111112,0.6305555555557021,0.6361111111109494,0.6555555555555657,0.9618644067798697,36.111111111111114,0
2741,1801.0222222222221,0.6361111111109494,0.6527777777778283,0.6555555555555657,0.9703389830505859,36.111111111111114,0
2742,1801.675,0.6527777777778283,0.7222222222221717,0.6555555555555657,0.9957627118644685,36.111111111111114,0
2743,1802.3972222222221,0.7222222222221717,0.7722222222223536,0.6555555555555657,1.1016949152541433,36.111111111111114,0
2744,1803.1694444444445,0.7722222222223536,0.7583333333332121,0.6555555555555657,1.1779661016950975,38.888888888888886,0
2745,1803.9277777777777,0.7583333333332121,0.7194444444444343,0.6555555555555657,1.1567796610167462,38.888888888888886,0
2746,1804.6472222222221,0.7194444444444343,0.7555555555557021,0.6555555555555657,1.0974576271186118,38.888888888888886,0
2747,1805.4027777777778,0.7555555555557021,,0.6555555555555657,1.1525423728815616,36.111111111111114,0
